ROI_001,ROI_002,ROI_003,ROI_004,ROI_005,ROI_006,ROI_007,ROI_008,ROI_009,ROI_010,ROI_011,ROI_012,ROI_013,ROI_014,ROI_015,ROI_016,ROI_017,ROI_018,ROI_019,ROI_020,ROI_021,ROI_022,ROI_023,ROI_024,ROI_025,ROI_026,ROI_027,ROI_028,ROI_029,ROI_030,ROI_031,ROI_032,ROI_033,ROI_034,ROI_035,ROI_036,ROI_037,ROI_038,ROI_039,ROI_040,ROI_041,ROI_042,ROI_043,ROI_044,ROI_045,ROI_046,ROI_047,ROI_048,ROI_049,ROI_050,ROI_051,ROI_052,ROI_053,ROI_054,ROI_055,ROI_056,ROI_057,ROI_058,ROI_059,ROI_060,ROI_061,ROI_062,ROI_063,ROI_064,ROI_065,ROI_066,ROI_067
3285.874,3400.6868,1234.0502,3321.1787,3931.659,2794.8923,3370.3723,2014.4572,3027.9426,3672.3315,3590.7769,3663.0017,3582.3838,3309.361,2935.7578,3888.5222,3659.2903,3622.9932,2767.2588,3524.5913,3610.3123,3007.413,3437.983,3583.5227,3254.9495,3041.1487,3113.4524,4178.2563,4115.9746,3697.1738,3499.4568,3693.2568,4168.094,3788.705,3690.6074,1845.2881,3650.0942,3660.0857,3457.001,3445.5928,3866.5405,2062.8325,2944.933,2939.2034,3217.2903,3483.2642,3536.7244,3922.4014,2569.4197,3780.1091,3448.0645,3484.4033,2544.125,3184.4116,3355.9563,3198.3152,3150.9287,3472.8806,1209.8345,2866.971,2899.7803,2010.2017,2992.8943,3186.0015,2126.3096,2321.3691,2674.7097
3271.6958,3378.2122,1226.0732,3299.147,3909.3342,2773.255,3343.9722,2010.349,3011.413,3636.41,3576.251,3650.525,3568.22,3284.7583,2931.0715,3877.9714,3652.0454,3598.2903,2771.1763,3507.9219,3598.7605,3004.6277,3414.4407,3545.9946,3182.014,3024.4233,3098.1946,4155.8867,4090.6382,3682.1472,3478.6165,3664.7996,4147.4775,3773.3474,3663.0974,1822.9805,3627.2605,3647.5088,3443.5679,3417.8557,3838.0586,2049.477,2936.4023,2929.2554,3210.9734,3471.702,3525.0483,3889.4133,2564.795,3769.0537,3437.7444,3460.3357,2530.3167,3169.6406,3346.1584,3176.8628,3130.4458,3442.67,1213.5541,2851.6055,2886.0637,1994.1228,2973.0042,3162.708,2141.3594,2297.4429,2656.8352
3273.1516,3374.9006,1197.6483,3298.1946,3901.7334,2751.1257,3338.9448,1987.5793,3010.849,3618.6294,3565.7942,3647.679,3567.4353,3265.605,2924.4617,3877.7317,3648.7478,3587.638,2771.7217,3510.931,3598.3313,2996.3086,3411.3425,3540.8088,3156.8281,3017.1091,3091.9414,4141.2803,4082.4968,3671.9854,3464.6545,3648.9368,4128.6797,3763.579,3654.5383,1810.5428,3621.8306,3644.1858,3431.3728,3417.7532,3833.1204,2040.7657,2932.1094,2926.01,3202.6758,3465.7634,3513.7983,3868.6182,2557.8267,3758.2012,3430.927,3446.058,2529.0625,3166.281,3342.2607,3168.7227,3120.3384,3436.2212,1212.4935,2844.5225,2877.6968,1994.1013,2967.305,3154.5784,2115.2937,2293.621,2650.0007
3267.0557,3372.6309,1193.6692,3299.4136,3891.622,2764.7258,3329.2227,1992.5673,3006.4485,3616.0984,3564.8635,3644.0461,3561.234,3250.1865,2915.3103,3869.652,3643.4673,3580.1167,2752.9812,3509.3503,3593.7249,2975.664,3402.7795,3537.6165,3134.879,3011.3616,3084.5886,4136.0464,4080.8135,3669.8506,3453.1638,3676.157,4127.178,3759.883,3648.6958,1778.7972,3620.9668,3642.2842,3430.0356,3413.6877,3832.7637,2031.1696,2933.201,2908.9836,3206.4946,3465.696,3509.6064,3848.3372,2554.0688,3754.3264,3427.8281,3435.475,2512.9485,3163.4607,3338.4917,3152.6436,3116.8477,3437.874,1210.6615,2841.61,2883.378,1986.1885,2969.545,3149.5278,2136.6987,2290.0063,2645.0354
3275.5706,3385.3674,1236.2405,3299.205,3882.0713,2766.5544,3327.5059,1990.7898,3012.8826,3609.729,3567.6404,3640.4011,3559.396,3248.6003,2916.1257,3866.2698,3641.1792,3578.9224,2740.7788,3502.4126,3590.5667,2979.7583,3408.2095,3538.9614,3125.8108,3011.657,3089.5027,4133.202,4076.2297,3665.566,3444.8696,3674.615,4121.352,3756.1533,3651.0098,1805.1552,3616.008,3639.1863,3443.8196,3413.1956,3831.1267,2034.737,2930.3237,2912.5793,3208.4573,3464.999,3509.108,3843.5889,2547.4753,3758.6223,3429.5396,3430.1313,2521.0503,3163.524,3334.2341,3149.4216,3113.5337,3430.1821,1215.3884,2843.7583,2876.046,1990.7454,2970.8503,3139.6072,2111.4163,2281.5254,2636.6104
3268.3218,3367.7341,1231.1885,3294.0452,3872.2507,2763.369,3319.1653,1974.0446,3007.5347,3610.4614,3568.8206,3638.9678,3552.0437,3238.3276,2916.576,3863.312,3634.4482,3564.3425,2767.9917,3496.4172,3587.0198,2957.3892,3402.343,3519.048,3125.1243,3006.8713,3088.898,4131.506,4069.3794,3665.3403,3442.395,3661.8652,4115.4595,3755.2998,3639.6973,1718.0558,3614.521,3633.969,3418.3074,3417.6426,3820.885,2028.07,2931.2947,2904.1921,3208.443,3467.227,3509.9993,3836.5,2562.8682,3764.5232,3430.7844,3420.8357,2521.273,3163.7542,3336.6694,3132.7078,3118.4768,3415.7043,1200.9368,2837.3384,2867.353,2006.8734,2968.9668,3138.875,2128.6953,2277.1067,2623.0178
3262.497,3359.7512,1202.9825,3287.6218,3869.4626,2747.2258,3311.2893,1976.9076,3008.4473,3608.0715,3572.5886,3637.291,3554.2107,3229.8118,2924.2324,3862.2168,3634.6958,3558.8772,2744.9573,3493.4548,3582.2136,2950.0132,3396.1943,3510.017,3116.6912,3009.0852,3085.425,4131.9233,4069.6106,3665.7231,3431.7488,3640.5813,4119.0913,3754.9492,3634.3303,1859.8239,3606.231,3626.1038,3407.4731,3409.4746,3805.89,2025.1641,2930.0361,2913.852,3204.372,3466.7976,3507.8665,3833.3147,2560.3662,3762.1287,3428.7722,3415.08,2536.4795,3162.0337,3331.2446,3126.9724,3110.2668,3409.1995,1213.4944,2833.1008,2866.7954,2001.1996,2965.9407,3135.5195,2118.8906,2265.717,2625.6257
3255.1077,3355.8228,1192.8295,3283.0176,3865.4705,2722.1555,3304.5986,1990.5604,2995.467,3597.3271,3558.4233,3634.2468,3551.514,3224.8643,2917.8376,3863.5972,3634.4119,3554.0627,2745.6296,3492.1875,3579.0374,2946.744,3388.3818,3507.3005,3102.2324,2998.6382,3084.7065,4117.4653,4058.8206,3663.952,3425.2227,3627.5105,4111.7583,3745.3167,3629.5103,1808.8802,3604.1926,3622.7983,3393.4958,3398.2405,3799.803,2026.1488,2924.6858,2910.0784,3196.618,3458.5327,3498.723,3817.6511,2547.2083,3750.0896,3415.9963,3406.1467,2521.0493,3151.4377,3321.8853,3121.3237,3102.3357,3406.9993,1208.8645,2830.3755,2867.1387,1995.5009,2956.1792,3129.5928,2132.0496,2255.6624,2626.4326
3263.7764,3343.7842,1165.2329,3286.6104,3858.4656,2725.104,3298.988,1995.041,2995.3489,3583.8948,3553.63,3630.5647,3550.2156,3221.0112,2911.98,3862.0608,3629.6633,3548.4502,2753.8354,3488.2532,3576.1194,2945.5454,3384.5195,3490.0325,3083.6038,2993.4602,3074.461,4123.729,4055.8174,3661.0015,3418.4197,3666.7136,4103.733,3739.7532,3624.3062,1749.0365,3603.2583,3616.1953,3380.9504,3399.0503,3794.1729,2013.7017,2922.9148,2889.9775,3197.6873,3453.922,3491.5818,3811.091,2554.8533,3747.897,3413.4294,3401.5425,2513.9817,3144.7278,3316.5564,3109.856,3098.4272,3396.0735,1220.4419,2824.848,2864.3098,1995.6704,2954.8184,3122.5742,2133.0632,2249.978,2616.9775
3269.8083,3347.4038,1209.8134,3284.8267,3854.8025,2721.4763,3294.3274,1972.1232,2994.7288,3584.6917,3551.2441,3627.1294,3547.833,3218.2285,2900.8997,3860.651,3626.2163,3540.8396,2751.7432,3483.2244,3573.3464,2940.7046,3380.1562,3495.9783,3087.053,2986.1465,3070.9883,4118.091,4052.1228,3660.2336,3415.578,3661.6008,4097.3774,3741.4634,3616.195,1806.9066,3607.7144,3615.1304,3375.6135,3392.4885,3790.5068,2020.0479,2920.917,2883.91,3200.2405,3450.5176,3490.6328,3801.3848,2547.0066,3745.817,3414.0876,3391.7014,2507.237,3143.822,3315.028,3107.3696,3093.2283,3389.6028,1213.3118,2820.7515,2855.9539,2005.648,2956.3994,3124.2842,2125.3872,2249.9133,2618.3674
3263.787,3347.2688,1227.4703,3282.3276,3855.801,2718.1272,3297.6777,1964.1843,2991.0103,3586.4988,3551.5388,3622.528,3543.1492,3211.003,2904.8242,3855.834,3627.6511,3535.6433,2755.008,3483.7554,3571.8123,2931.0322,3384.1843,3486.4453,3078.3152,2984.6672,3063.4207,4113.9507,4045.3203,3653.5366,3408.9001,3649.7239,4097.8267,3741.6628,3607.182,1804.8452,3601.7498,3614.3047,3358.3477,3393.7676,3783.7212,2009.2327,2919.5535,2875.2512,3193.9226,3449.181,3488.5583,3788.3718,2545.6157,3749.59,3417.7168,3381.4731,2528.155,3148.01,3314.4282,3074.7856,3095.8025,3380.9084,1204.9388,2815.4028,2842.3286,1999.1519,2955.88,3127.199,2114.7393,2248.3608,2611.852
3263.7456,3347.287,1201.8303,3281.7463,3857.8538,2708.0046,3296.5002,1979.9214,2989.1895,3593.628,3555.189,3623.3164,3543.66,3210.9246,2907.9956,3856.067,3626.657,3536.4873,2732.991,3482.1748,3570.0593,2949.342,3373.3909,3503.9631,3088.8958,2982.6096,3061.5493,4117.9526,4045.4026,3649.7793,3404.5366,3642.6265,4103.8223,3738.3345,3610.8635,1815.806,3593.994,3611.2507,3369.8845,3388.083,3779.7317,2006.2983,2916.382,2888.2488,3193.7742,3452.4875,3492.0232,3798.6946,2552.5474,3755.7327,3419.9707,3395.6526,2518.6438,3151.0994,3314.183,3103.8916,3087.454,3384.0557,1198.0948,2815.5464,2844.208,1966.0627,2956.4224,3127.9807,2104.5967,2242.2834,2611.8318
3258.3687,3337.96,1196.0791,3275.749,3860.7375,2725.7234,3293.6108,1977.8118,2987.4026,3584.0835,3552.0754,3622.6104,3548.9475,3215.855,2915.9666,3858.923,3632.2827,3536.8494,2755.4863,3484.4666,3571.7605,2944.7517,3379.726,3487.4592,3075.7148,2979.6572,3060.9104,4115.1924,4046.8206,3652.048,3408.3555,3623.016,4097.472,3740.3406,3604.5923,1817.7775,3590.114,3611.336,3366.7478,3387.5588,3775.6182,2020.6506,2915.267,2885.796,3197.6868,3448.0518,3491.6152,3796.8105,2554.8088,3751.1914,3416.211,3394.7764,2530.3154,3147.312,3310.917,3106.7825,3084.375,3370.873,1210.7354,2813.7947,2832.7754,1983.8317,2949.5017,3125.9236,2115.4229,2245.648,2617.021
3249.3206,3324.3167,1161.809,3271.2825,3865.817,2713.5315,3292.755,1975.4446,2983.6562,3574.6682,3534.188,3621.905,3549.3396,3207.9656,2909.4165,3862.9321,3632.1523,3533.2158,2744.5928,3487.6428,3578.8398,2945.7686,3377.401,3503.0256,3055.464,2975.2034,3057.9211,4105.4175,4044.4026,3651.5408,3403.5564,3632.7224,4094.0835,3738.407,3604.0723,1837.7122,3591.0918,3615.382,3363.3079,3368.2212,3779.2961,2017.184,2917.9397,2890.133,3204.101,3448.2852,3492.039,3796.1772,2558.225,3745.2378,3413.8823,3396.5754,2540.26,3140.2722,3312.9526,3091.0813,3076.911,3377.4666,1215.034,2825.316,2835.9495,1975.9647,2947.8667,3128.7114,2088.8464,2240.8628,2616.3313
3252.218,3326.5586,1225.1161,3282.7036,3870.9136,2737.8953,3311.579,1978.5154,2994.1792,3580.6123,3546.6812,3628.4272,3556.619,3216.0002,2908.056,3862.1929,3631.3315,3540.0828,2739.697,3491.7747,3583.705,2945.4075,3387.754,3498.435,3071.5537,2974.5962,3062.9854,4124.1714,4055.6155,3655.0366,3410.3706,3653.2424,4100.9854,3746.0632,3615.856,1844.2379,3602.8333,3620.5984,3353.5786,3388.391,3776.083,2015.3519,2915.4243,2903.1904,3201.1357,3450.5608,3496.1284,3803.2148,2554.9753,3758.079,3422.8079,3400.8574,2532.599,3152.3926,3315.3062,3080.5356,3086.798,3354.6157,1207.4832,2822.798,2831.769,1982.1715,2958.2039,3134.6077,2083.048,2240.3313,2600.2153
3250.5967,3322.5105,1260.6158,3277.3635,3873.9124,2740.5168,3303.2703,2006.6638,2995.638,3591.5366,3550.0205,3626.923,3545.71,3219.005,2917.0908,3860.344,3632.4004,3540.642,2755.0256,3490.945,3575.3875,2944.3599,3395.2312,3478.07,3088.629,2978.8662,3067.0715,4139.707,4060.3203,3652.3948,3414.9387,3667.1638,4111.2983,3751.1274,3618.2258,1834.2123,3609.2935,3613.7095,3361.1218,3395.8828,3768.5073,2018.7881,2921.1475,2914.4329,3205.1157,3460.9136,3498.2634,3801.0068,2559.6106,3766.9883,3429.95,3403.6729,2540.5876,3161.0718,3316.96,3101.1208,3093.46,3344.223,1209.6031,2821.8794,2836.216,1993.0914,2963.8303,3137.4172,2089.4905,2250.6377,2602.8276
3237.5068,3315.062,1242.6888,3273.8037,3876.459,2717.0662,3296.4163,2002.2507,2999.6018,3596.4453,3559.4028,3629.0212,3547.041,3226.12,2925.071,3868.1914,3635.5928,3543.6592,2743.8535,3492.8215,3575.0454,2934.9731,3386.122,3476.3699,3101.4014,2981.6555,3067.8103,4137.7383,4062.0342,3655.025,3420.3381,3681.9434,4118.9243,3754.2278,3616.3804,1804.4875,3598.261,3613.855,3346.7588,3388.5054,3761.9233,1997.926,2923.8381,2902.672,3203.1138,3462.544,3502.6204,3807.8792,2564.6929,3763.0183,3428.226,3403.1306,2557.5425,3161.8994,3317.5623,3081.112,3094.1287,3362.48,1202.7817,2827.499,2838.029,1995.4319,2961.2578,3145.4336,2084.5867,2258.1436,2620.9067
3239.4302,3324.5,1170.4176,3273.6294,3884.0767,2707.1575,3277.9714,1986.2738,2996.2676,3590.658,3557.325,3630.1255,3552.2236,3235.9355,2927.84,3871.5322,3646.0618,3555.018,2756.6448,3493.2664,3580.694,2971.9067,3387.192,3487.0051,3083.5334,2978.2095,3065.9124,4131.41,4062.0266,3657.8784,3426.1663,3642.456,4111.27,3758.0098,3618.3916,1868.7162,3595.7678,3617.5103,3371.0657,3388.52,3762.5745,1998.272,2918.9824,2911.8372,3199.135,3457.7622,3499.8433,3815.9902,2569.4067,3758.9763,3423.3567,3420.3086,2546.5786,3153.591,3319.5278,3144.4321,3093.0183,3374.632,1205.5316,2828.545,2847.1208,2001.863,2956.0427,3143.5537,2105.278,2264.7124,2630.8127
3254.4563,3344.907,1182.2949,3289.4463,3892.7905,2704.611,3282.3408,1988.0137,3000.9048,3602.3147,3567.6733,3640.3425,3567.7205,3253.8271,2915.9753,3878.6907,3649.3413,3566.6724,2759.1145,3495.895,3580.313,2945.2952,3385.7236,3494.5232,3078.9204,2987.802,3067.776,4134.086,4073.196,3671.9624,3441.8457,3622.8728,4114.447,3760.68,3628.2905,1840.4197,3605.976,3622.6362,3354.3962,3386.597,3765.393,1983.0876,2928.9634,2902.8481,3197.3938,3460.0088,3503.9443,3837.445,2550.4956,3754.1265,3421.3572,3413.96,2527.8098,3150.9092,3320.6008,3121.2158,3097.856,3387.4885,1217.4995,2836.1208,2852.544,1988.1335,2955.5935,3145.986,2118.9895,2272.3496,2634.9126
3245.0356,3332.0474,1168.9363,3284.5713,3888.4465,2724.4268,3283.4084,1963.6371,3001.3455,3601.0159,3554.5984,3632.69,3560.3523,3250.8865,2913.2417,3872.1392,3642.5564,3555.1912,2747.1277,3489.6685,3577.7065,2934.238,3389.4624,3489.0215,3071.778,2983.8425,3064.3582,4127.098,4063.5437,3665.6792,3436.265,3644.7678,4106.831,3753.0464,3629.1003,1846.1213,3605.7483,3618.7078,3361.9783,3388.7568,3769.5715,1995.4747,2925.1787,2890.2332,3193.5884,3456.4797,3500.1106,3829.024,2552.4448,3754.1711,3422.8933,3414.3054,2524.7942,3151.0266,3319.3655,3112.7227,3100.1726,3385.7107,1203.8412,2833.8677,2849.8616,1977.9106,2957.8972,3145.9863,2106.7605,2276.7598,2634.858
3252.321,3334.1995,1206.5002,3286.102,3881.9653,2729.5103,3278.7305,1965.4166,3004.4229,3599.6284,3553.257,3628.875,3551.8022,3247.5134,2909.4805,3863.7922,3636.5837,3549.5093,2751.1323,3485.5586,3574.3735,2935.9216,3381.2075,3500.7227,3077.3147,2982.989,3066.6665,4117.0264,4060.925,3660.7678,3435.8052,3657.1445,4101.4507,3751.739,3624.4045,1793.0576,3604.5808,3617.4248,3359.9932,3390.203,3771.1416,1990.6051,2925.1255,2884.9233,3190.0571,3457.1206,3501.4333,3830.8564,2545.1497,3755.8967,3423.2087,3406.845,2505.4387,3150.6975,3321.2703,3113.189,3101.1807,3388.4375,1201.8789,2834.705,2844.5972,1982.7313,2959.7095,3141.756,2114.479,2276.7957,2626.0083
3246.468,3338.4673,1165.3107,3285.089,3876.3372,2732.9678,3283.3513,1983.675,3003.4685,3600.297,3550.9558,3623.665,3547.289,3237.6582,2908.7969,3856.1472,3629.2864,3544.634,2730.6973,3484.3564,3570.614,2916.6982,3381.985,3491.2307,3070.078,2988.8242,3067.1243,4111.275,4052.1365,3656.3486,3425.184,3649.5198,4105.539,3747.5425,3621.106,1832.0996,3608.64,3619.0828,3347.5544,3390.0186,3775.6252,1974.4152,2922.3894,2882.756,3188.0962,3458.543,3499.0674,3821.179,2547.1863,3753.1707,3425.191,3399.7847,2509.3613,3154.6147,3322.1643,3086.9766,3100.2742,3394.3508,1199.6865,2831.0947,2846.2195,1993.0452,2959.4272,3140.6362,2105.6416,2275.9585,2614.7073
3252.1787,3340.3752,1233.4124,3286.2495,3863.768,2733.668,3283.4573,1988.7958,3003.3486,3597.1675,3556.2112,3625.016,3542.9768,3230.09,2912.038,3851.9436,3626.0745,3545.8086,2746.2043,3482.2874,3570.0693,2936.3967,3382.407,3508.7014,3088.3813,2989.7498,3068.0251,4115.0527,4051.7532,3655.4526,3425.013,3625.3096,4107.9717,3746.1223,3628.9531,1809.1552,3608.302,3621.2227,3373.8708,3399.8164,3779.887,1976.1654,2923.7034,2879.1982,3190.4812,3462.9827,3501.0825,3827.8596,2547.8574,3760.64,3425.574,3411.9868,2511.869,3157.491,3321.957,3114.0488,3099.2822,3393.5535,1193.0929,2830.3442,2851.434,1973.618,2963.1755,3136.4302,2082.6904,2270.349,2616.306
3245.1116,3341.0562,1218.9952,3282.0503,3856.5093,2734.564,3285.2087,1986.7697,3001.0398,3599.7053,3565.843,3625.623,3547.495,3223.0078,2917.355,3853.4744,3629.0723,3544.0098,2752.7446,3486.9248,3571.7292,2912.5542,3392.0337,3490.9175,3094.5735,2994.2043,3076.9114,4120.842,4057.34,3658.7134,3424.131,3609.428,4110.8755,3751.948,3622.0002,1788.743,3613.303,3621.9517,3363.27,3405.9338,3783.8748,1984.5627,2925.5964,2894.0237,3199.6743,3467.863,3505.387,3820.4614,2555.8416,3762.7112,3428.742,3400.682,2543.1365,3164.8252,3325.549,3093.8176,3105.2388,3384.0535,1213.6798,2829.2302,2858.965,1996.1261,2966.4204,3141.2976,2097.1675,2276.118,2614.751
3249.9795,3335.7966,1237.795,3280.6245,3862.1553,2732.5884,3291.825,1987.298,3006.6824,3594.8982,3574.1892,3631.645,3552.032,3216.3062,2930.524,3861.5999,3632.8105,3545.4067,2776.613,3491.3037,3576.2925,2926.9302,3391.39,3494.416,3091.6519,2995.6592,3073.9949,4136.1055,4067.3787,3661.0962,3424.3801,3640.9397,4108.914,3751.8513,3622.2812,1798.5283,3611.8372,3624.6638,3361.222,3405.7812,3785.982,1996.5142,2930.1345,2892.4033,3205.726,3471.6348,3505.125,3815.592,2570.6782,3762.6162,3427.1753,3404.7551,2551.179,3161.6902,3327.154,3090.1062,3102.9504,3384.9556,1214.4904,2828.1145,2866.5837,2005.7578,2966.7317,3138.003,2104.8628,2272.7878,2614.7146
3244.925,3319.697,1214.1838,3287.6404,3864.4001,2715.2295,3294.6665,1987.7495,3002.6726,3597.4841,3578.6406,3639.3733,3556.3325,3218.0771,2928.9504,3869.0603,3640.4878,3551.604,2769.5042,3497.6604,3580.7817,2925.9136,3395.918,3493.4739,3092.4207,2997.5786,3079.411,4137.9272,4066.6926,3663.424,3423.208,3641.5784,4114.3213,3753.5889,3622.2473,1825.3982,3612.5356,3623.8547,3372.498,3402.6016,3788.4343,1998.678,2934.7888,2895.507,3207.5615,3470.817,3504.9946,3815.4387,2571.5647,3762.8228,3424.1604,3408.033,2532.538,3158.5615,3326.4827,3107.5398,3103.5212,3391.7292,1201.0255,2831.0881,2870.9988,2008.9009,2965.9395,3133.7488,2107.1082,2277.4966,2621.4229
3249.046,3324.213,1191.9517,3286.9863,3866.7864,2719.6707,3285.8506,1989.6415,3005.4707,3601.527,3577.0522,3641.0962,3562.8652,3231.5327,2931.8435,3874.8572,3645.2722,3559.6387,2769.1514,3500.0576,3585.965,2927.7878,3400.1292,3506.6946,3099.996,2998.3198,3082.933,4152.94,4069.7527,3666.2861,3421.8489,3691.4082,4124.1094,3754.4172,3625.389,1829.3713,3608.0042,3622.435,3377.4963,3401.2366,3795.3755,2001.3671,2936.9814,2907.784,3214.7305,3465.542,3507.9297,3814.56,2573.9392,3756.871,3424.553,3410.7292,2542.6807,3154.2026,3329.7297,3115.392,3104.815,3409.4043,1230.0844,2836.6248,2880.1362,2021.6401,2966.444,3134.065,2098.1497,2273.0366,2633.5088
3259.158,3344.2073,1176.4294,3290.464,3863.4753,2711.2947,3289.0894,1995.9922,3009.2761,3607.0088,3568.8071,3639.5967,3562.9614,3241.8005,2925.831,3868.8635,3641.5803,3559.104,2759.1365,3493.3757,3581.735,2944.8667,3399.098,3494.0012,3092.1863,3000.3809,3087.0452,4139.099,4069.541,3665.2979,3417.9102,3704.0308,4112.919,3749.0686,3624.0916,1832.3826,3605.2253,3615.8613,3385.0093,3393.3008,3786.1418,2028.0607,2932.136,2913.23,3207.394,3457.7808,3503.849,3818.1267,2560.423,3746.9343,3416.4521,3416.7185,2530.0261,3145.9497,3322.165,3117.9727,3105.2769,3402.891,1210.994,2840.135,2873.4167,1998.0085,2960.5051,3123.733,2120.1958,2270.5352,2632.0593
3268.2004,3329.4287,1156.329,3288.129,3852.102,2700.5298,3282.9226,2004.3834,3006.3743,3607.7278,3564.8457,3635.2175,3557.4502,3240.6665,2917.6238,3861.678,3632.65,3556.2932,2752.081,3481.3716,3571.1836,2931.358,3386.963,3484.291,3101.8164,3000.555,3080.2974,4122.1255,4059.686,3662.4536,3417.0654,3662.714,4100.97,3742.6975,3621.187,1795.1398,3601.4937,3607.2542,3362.6074,3390.2659,3776.612,2026.1013,2932.1687,2904.017,3194.0415,3453.681,3500.391,3825.769,2545.2363,3744.5479,3409.8093,3405.9375,2518.806,3140.767,3315.715,3105.5957,3099.2793,3397.7292,1198.5673,2844.349,2862.9502,1981.1168,2959.1477,3114.8599,2112.2346,2265.473,2631.0696
3259.357,3326.5874,1192.6497,3281.3972,3841.319,2709.333,3278.818,1996.212,3005.017,3602.1572,3546.7788,3626.3584,3546.3337,3219.2522,2902.56,3853.2937,3624.2136,3541.012,2751.4448,3472.3328,3561.373,2925.5945,3381.7173,3460.0967,3091.96,2992.7612,3078.7798,4102.753,4047.2314,3654.243,3409.6404,3624.064,4091.8535,3732.6133,3611.7202,1807.5061,3599.454,3601.0896,3345.9346,3383.2827,3759.7437,2021.4323,2921.9124,2896.079,3185.3015,3449.9858,3496.5637,3802.1199,2533.8606,3743.6138,3408.3396,3395.403,2507.141,3136.411,3313.8203,3086.9536,3100.813,3382.0417,1198.8407,2832.04,2854.5378,1975.5312,2953.4846,3107.5684,2099.013,2252.3154,2621.008
3255.9675,3315.0222,1169.228,3274.515,3827.199,2698.0305,3272.3003,1989.9512,2995.1755,3591.156,3542.1338,3615.6387,3538.6885,3204.05,2890.662,3848.7515,3615.6895,3518.0464,2742.3213,3470.3596,3551.8245,2919.432,3370.564,3454.4868,3072.9192,2987.715,3070.7087,4094.3516,4037.954,3646.8538,3397.7854,3610.6436,4085.779,3727.5083,3594.0544,1845.963,3594.8386,3596.127,3328.4648,3377.7715,3749.5713,2001.7404,2919.833,2884.898,3176.555,3447.7527,3496.6697,3789.2678,2538.2812,3740.1814,3408.1372,3376.3196,2501.909,3134.72,3310.5483,3075.8215,3097.2898,3374.0942,1193.25,2824.8005,2846.866,1975.3611,2948.7864,3103.8628,2107.31,2245.525,2616.5022
3252.4346,3319.2827,1194.8638,3266.5881,3818.4775,2695.303,3272.4775,1968.4495,2990.7034,3581.5037,3539.0005,3606.3213,3533.744,3188.5427,2894.6272,3843.4678,3611.2776,3514.6714,2743.427,3468.0286,3548.5928,2913.7173,3363.9507,3454.4905,3068.9014,2978.1008,3061.8699,4094.717,4029.2695,3646.2925,3381.084,3642.7847,4083.8674,3724.6785,3585.578,1790.6875,3597.5906,3597.409,3320.48,3378.6804,3756.0117,2002.417,2911.6917,2875.5085,3176.5288,3443.3862,3496.4636,3774.4094,2534.717,3738.3801,3406.593,3365.3835,2504.2476,3134.117,3309.158,3083.3481,3096.8704,3374.6333,1186.8564,2816.0745,2848.0374,1995.9895,2946.6985,3103.811,2102.789,2245.3901,2607.1345
3263.681,3327.5278,1216.7665,3274.1802,3822.1963,2696.5286,3275.987,1993.9257,2992.0234,3574.6345,3542.2217,3609.312,3532.1787,3188.5308,2895.4194,3843.241,3612.0466,3516.4236,2745.5286,3471.5972,3551.3823,2928.819,3367.1465,3464.7192,3076.2043,2974.847,3051.7842,4091.998,4028.5537,3644.7502,3374.4836,3619.7668,4086.4058,3723.943,3589.0884,1831.4878,3598.6775,3600.416,3342.376,3383.2483,3760.5522,1986.0863,2909.7422,2864.2964,3178.2278,3443.6445,3496.5874,3764.295,2523.1655,3743.392,3409.1577,3372.9812,2491.7175,3137.5151,3308.9817,3102.0588,3095.164,3374.7302,1206.5708,2817.7812,2849.4834,1980.9753,2948.822,3104.2937,2099.2827,2241.7441,2610.521
3263.7275,3330.0789,1222.2289,3275.7844,3818.4048,2710.4053,3281.5044,1974.5867,2985.0742,3574.1,3544.049,3608.9648,3536.7405,3187.9216,2899.9373,3846.954,3616.0696,3519.7207,2749.2559,3470.9746,3555.4934,2911.5115,3370.4104,3456.672,3068.1716,2967.6433,3051.5608,4100.064,4027.2607,3654.3438,3376.9436,3636.8303,4081.7502,3729.3003,3579.5435,1825.4546,3599.7488,3604.1736,3331.537,3388.7656,3770.4258,1977.4719,2913.1936,2860.1409,3180.9185,3443.2275,3497.1914,3769.4468,2542.3513,3743.4458,3410.4424,3363.0562,2513.8992,3137.9045,3309.9707,3070.0767,3096.3792,3366.9746,1201.5397,2817.5913,2850.0579,1996.4275,2953.472,3106.2954,2121.8508,2248.8699,2608.5093
3269.6523,3344.9294,1240.279,3282.7063,3826.6436,2723.7925,3286.7664,1990.3966,2986.5833,3580.7239,3551.6777,3613.859,3543.6572,3188.7964,2915.2476,3850.7678,3618.4126,3525.3328,2762.6304,3478.4934,3560.5505,2934.0723,3372.5713,3476.6243,3078.9028,2970.78,3053.2922,4110.6147,4036.6838,3660.9663,3383.8438,3603.0776,4087.951,3733.84,3592.242,1840.4629,3600.6238,3609.12,3358.1592,3396.6567,3777.5366,1994.1923,2912.5583,2868.7104,3191.9338,3447.4407,3499.591,3776.2793,2547.8547,3750.2817,3410.5906,3378.0264,2521.249,3142.5483,3313.2322,3090.1248,3096.7546,3368.7896,1197.6826,2823.3494,2858.356,1980.5786,2957.5342,3110.538,2113.208,2245.891,2611.0732
3264.3677,3337.1467,1244.8198,3280.6719,3827.0571,2730.82,3300.164,1994.2717,2990.8662,3588.7317,3566.4731,3619.0051,3545.4304,3193.9797,2929.9092,3855.3857,3620.519,3525.1929,2769.4456,3480.1938,3561.07,2906.943,3381.4036,3471.3618,3080.015,2977.5544,3061.2756,4120.1484,4045.234,3668.1858,3392.4202,3612.7766,4100.4756,3737.9907,3591.5679,1825.3624,3604.7607,3610.132,3343.646,3403.9473,3784.1553,2010.5107,2914.7065,2878.7812,3197.0127,3452.8596,3504.3909,3773.6602,2558.7808,3757.0168,3414.037,3370.8416,2550.2607,3149.8606,3317.301,3074.7031,3102.6257,3373.2588,1203.297,2819.105,2860.3232,1988.2135,2962.4055,3115.4514,2111.126,2247.6084,2605.4485
3264.5107,3333.7852,1258.1676,3281.7239,3831.2424,2717.9194,3287.4326,2006.4908,2997.951,3592.9873,3573.932,3628.4236,3549.7056,3196.6934,2928.6396,3862.218,3625.7349,3533.4514,2780.717,3484.3862,3565.2783,2925.8608,3378.2358,3465.5967,3100.2095,2980.6575,3063.6223,4132.973,4056.9504,3677.3892,3401.266,3631.4353,4107.468,3742.947,3595.9182,1875.6144,3608.8643,3612.8923,3348.7227,3402.6074,3782.3677,2000.2855,2922.1538,2883.2244,3204.7668,3455.6956,3507.165,3783.7778,2566.6125,3757.1863,3411.0244,3379.2576,2552.2896,3147.4048,3315.4902,3079.0266,3104.9526,3373.491,1203.3275,2825.2888,2869.1833,2010.6554,2960.724,3116.953,2114.8518,2249.638,2616.055
3259.0278,3324.5544,1235.8438,3286.5508,3840.7568,2714.8027,3295.1675,1999.9226,2992.6172,3593.647,3567.2236,3628.2878,3556.9504,3204.7188,2934.4446,3874.5874,3634.6936,3531.8982,2790.0825,3495.296,3570.7852,2935.8467,3383.5315,3481.419,3087.179,2980.9966,3070.7588,4128.348,4062.1624,3677.9912,3405.4236,3641.4507,4109.764,3749.5417,3602.0642,1819.1929,3606.2139,3615.3616,3372.0059,3405.7532,3789.1355,2028.6194,2923.0571,2902.2808,3210.0693,3450.401,3504.4568,3791.6804,2576.2275,3752.8076,3409.2126,3386.973,2552.8975,3144.4548,3314.0015,3107.1135,3101.6396,3382.3655,1213.5111,2827.7102,2874.0583,2007.9717,2959.0461,3114.8235,2133.6213,2253.3987,2618.227
3261.2256,3321.5884,1213.9446,3289.8657,3846.8633,2713.7566,3292.4312,1974.8217,2999.497,3592.844,3562.8242,3631.611,3560.79,3216.2075,2922.8486,3874.161,3635.1792,3540.489,2783.5325,3493.7244,3568.205,2921.9497,3383.0137,3484.0017,3081.637,2986.7244,3073.7734,4128.9395,4066.3408,3679.8484,3409.8606,3665.7021,4109.3613,3747.6387,3604.9585,1825.6829,3607.1338,3613.8745,3360.8008,3405.6572,3796.853,2027.573,2922.0205,2894.8276,3201.1882,3446.6282,3498.6367,3791.7717,2547.8286,3742.9456,3403.1611,3386.408,2531.0854,3134.5208,3311.21,3095.0276,3097.476,3393.26,1213.0339,2819.0652,2864.7397,2001.705,2951.4177,3113.927,2128.88,2253.9941,2625.2246
3273.2458,3334.1245,1237.918,3292.064,3856.2986,2732.141,3298.2607,1988.3385,3003.6409,3598.1711,3560.8115,3627.7874,3556.8306,3212.463,2916.8894,3866.9104,3631.3618,3542.7322,2761.5022,3491.5789,3569.508,2916.9426,3387.504,3485.5996,3091.3042,2994.044,3071.3188,4115.241,4066.4043,3678.0547,3404.9138,3655.9526,4110.139,3747.5142,3614.3083,1814.271,3612.3738,3614.1748,3369.4158,3404.3955,3794.5576,2030.9304,2923.8982,2888.639,3197.3242,3447.9492,3500.3416,3790.0337,2545.3015,3745.563,3409.2214,3389.206,2512.7532,3142.4622,3314.5398,3090.8105,3100.828,3395.24,1206.0208,2826.6987,2862.3472,1979.0533,2959.3513,3117.2712,2124.2134,2259.2126,2624.2979
3272.6572,3330.603,1246.9371,3293.7822,3853.1729,2733.2197,3291.6853,1997.328,3004.9355,3596.2415,3552.1501,3622.2908,3549.1636,3203.7756,2909.886,3864.2598,3622.9524,3534.3616,2764.336,3485.8018,3567.075,2922.168,3381.0884,3485.5837,3093.188,2993.8403,3071.9102,4106.482,4053.8938,3669.871,3400.955,3618.6191,4106.408,3741.7158,3606.1606,1784.8918,3605.3362,3615.2253,3366.4314,3400.989,3788.266,2023.1335,2923.7144,2880.3494,3190.6428,3446.5254,3501.0884,3781.7925,2538.5967,3745.6665,3408.019,3383.132,2498.579,3143.2397,3315.138,3101.4775,3103.0483,3390.458,1197.6886,2825.43,2861.02,1972.3556,2951.2427,3112.9539,2115.189,2252.2073,2617.6577
3263.089,3334.2678,1250.9813,3284.1829,3840.5547,2738.8425,3292.2085,1988.5427,3003.5793,3593.561,3549.3787,3616.8503,3542.5261,3195.4688,2909.1064,3853.3481,3620.249,3528.9377,2761.0007,3482.6094,3562.179,2916.889,3385.8953,3477.765,3087.0735,2993.2666,3068.555,4094.6956,4049.5742,3665.1191,3397.675,3598.031,4106.633,3738.4768,3598.003,1792.5345,3611.652,3614.3726,3360.9966,3402.7456,3787.7043,2013.6416,2920.2043,2876.1333,3187.0063,3446.137,3500.9294,3778.1162,2539.6067,3747.268,3409.9795,3375.9397,2512.9941,3147.9067,3317.7734,3098.995,3105.6978,3390.3428,1198.2478,2821.0388,2852.9949,1978.1692,2952.963,3109.354,2092.201,2255.4585,2610.8591
3260.9836,3329.649,1239.517,3284.4436,3836.9792,2735.2915,3295.5981,1997.0514,3002.809,3583.8171,3560.405,3616.7383,3541.8513,3189.4907,2900.0447,3855.2454,3617.5393,3526.497,2757.6619,3481.205,3561.1345,2919.949,3382.9392,3468.6206,3090.718,2992.6438,3067.7373,4104.4985,4051.5208,3664.3735,3399.0674,3614.7822,4111.0728,3741.8743,3600.6328,1815.2966,3611.1575,3614.048,3357.4543,3402.656,3784.6357,1994.2227,2917.4768,2869.4795,3189.2178,3454.501,3508.7212,3777.847,2549.664,3756.293,3415.2935,3376.995,2526.3271,3151.2886,3324.147,3083.5933,3112.1177,3392.2927,1201.0084,2819.901,2859.0627,1981.7715,2954.2888,3113.5671,2100.5598,2249.9233,2615.5364
3254.2827,3324.8772,1221.8972,3285.455,3840.473,2717.941,3287.2805,2009.241,3003.8955,3588.2727,3562.371,3622.4766,3548.8452,3199.5283,2917.4255,3859.9548,3624.9373,3537.6729,2761.6143,3484.0566,3566.1863,2922.2207,3386.0642,3465.006,3096.9734,2994.4702,3073.2847,4121.3755,4052.1343,3671.4556,3404.3684,3613.6228,4119.139,3751.339,3611.5981,1843.6774,3606.4407,3616.1196,3368.4646,3404.6616,3779.3708,2017.129,2922.4102,2890.7468,3198.711,3455.6758,3515.9639,3794.1482,2547.7717,3756.4268,3417.8794,3386.6152,2530.3884,3153.8486,3321.9812,3113.559,3108.5312,3395.4705,1215.6549,2826.5874,2870.3655,1978.1002,2956.551,3113.1787,2114.9785,2253.0437,2611.4128
3262.352,3324.7224,1184.1123,3282.7808,3847.7942,2713.0935,3284.623,1985.7852,3001.6494,3582.894,3562.1196,3623.312,3551.238,3195.0308,2922.902,3865.2234,3627.041,3533.552,2771.1904,3487.1177,3572.823,2934.7446,3388.0637,3472.6538,3078.8103,2996.0154,3069.5464,4123.5293,4060.1562,3672.3962,3401.641,3661.1172,4111.0547,3747.2268,3602.4507,1832.9546,3602.9905,3620.4053,3364.5369,3401.4429,3781.9824,2000.4781,2922.4658,2890.5186,3202.244,3449.0984,3510.1138,3782.453,2560.8232,3746.2285,3411.3538,3381.1553,2533.8743,3144.3882,3323.6338,3111.3552,3108.9575,3400.3381,1215.7214,2826.901,2866.1719,1988.6198,2948.4312,3116.1816,2119.8098,2254.258,2631.1719
3275.0483,3348.9705,1214.9684,3295.7056,3862.1577,2728.3975,3294.012,2015.5465,3009.973,3592.056,3563.3425,3626.9314,3552.0764,3208.273,2925.554,3865.8955,3628.2625,3538.572,2756.4214,3491.5378,3575.96,2929.4321,3394.1057,3489.1428,3098.9312,3001.3342,3070.7812,4121.534,4062.165,3666.466,3401.8462,3650.6414,4115.167,3743.7788,3610.7908,1864.1342,3609.9976,3618.9294,3378.809,3401.7734,3787.1418,2004.4849,2921.9949,2885.2961,3201.3135,3454.314,3504.4019,3781.023,2551.4521,3746.7278,3409.0276,3384.8574,2521.0564,3152.9004,3321.1409,3114.5808,3106.678,3410.2532,1205.1549,2836.635,2871.455,1985.2406,2962.0083,3117.0188,2122.7979,2262.1543,2625.5732
3273.7043,3354.3137,1237.1643,3296.5156,3862.665,2735.3105,3295.3418,1985.3137,3008.699,3606.2605,3563.3623,3630.0078,3552.4045,3218.199,2927.053,3866.5508,3631.1968,3545.5054,2773.1018,3489.2988,3578.6929,2939.0476,3395.3662,3489.2202,3085.3142,3001.8545,3080.1323,4126.072,4065.0386,3672.986,3415.3918,3654.25,4107.6504,3744.575,3609.9426,1765.684,3608.3596,3622.692,3380.2463,3409.4224,3792.5981,2002.0737,2928.4492,2884.664,3201.3691,3455.8994,3507.4214,3795.8154,2563.4475,3753.1765,3414.7803,3391.6982,2516.0107,3151.083,3324.182,3118.4758,3109.9084,3407.6106,1212.7833,2835.439,2870.745,2004.8417,2957.5999,3124.056,2116.5684,2269.908,2633.669
3273.3252,3373.3296,1216.5137,3300.362,3865.9932,2741.9707,3307.4397,2006.9912,3012.4814,3614.4875,3563.4285,3631.0632,3553.5417,3220.8628,2926.507,3868.7607,3630.25,3545.129,2761.737,3493.976,3577.08,2925.3652,3398.898,3500.6064,3093.046,3008.5913,3083.9192,4119.8975,4064.6687,3672.5623,3417.9412,3603.3054,4118.2896,3747.4841,3619.7617,1829.605,3608.833,3622.0527,3389.8425,3410.4685,3797.2478,2020.6117,2923.603,2897.3396,3201.3242,3460.4336,3504.8962,3807.2603,2558.0396,3757.1926,3414.906,3396.8298,2522.621,3153.2302,3321.9875,3109.374,3109.8997,3409.289,1208.2856,2836.057,2871.5713,1985.8212,2963.0938,3125.9016,2121.334,2277.0825,2628.5198
3279.9695,3379.896,1238.4985,3302.624,3861.561,2763.3774,3318.2393,2006.3325,3017.6477,3612.103,3575.6997,3633.9912,3553.1604,3213.4136,2931.6926,3866.576,3626.3774,3545.4934,2776.5312,3493.4717,3574.9626,2923.447,3398.456,3500.7056,3094.6365,3010.9658,3085.3572,4124.4604,4068.5093,3675.495,3423.7678,3635.9324,4109.9673,3747.1191,3619.9092,1831.053,3611.3555,3626.7815,3385.3704,3410.6055,3805.6494,2016.1959,2928.2275,2898.9614,3210.0317,3467.565,3502.9116,3815.0486,2557.7576,3763.3357,3417.2146,3398.132,2540.4888,3158.4143,3325.9922,3092.461,3111.1313,3395.9612,1208.3702,2827.9597,2864.2878,1996.2649,2963.2336,3128.066,2122.9658,2273.9646,2626.1108
3275.9001,3378.6873,1254.623,3301.0427,3861.7556,2760.5825,3317.433,2006.2277,3018.4314,3613.1387,3577.0107,3636.7175,3556.3267,3218.6848,2937.6318,3870.9912,3630.6116,3545.0364,2786.1992,3498.6643,3572.4795,2934.9058,3393.6055,3503.1262,3110.8137,3017.6545,3093.4507,4136.321,4074.207,3677.824,3428.6772,3625.0686,4122.7505,3753.64,3624.2178,1847.9229,3606.317,3625.67,3400.1162,3414.8037,3803.1084,2019.6548,2939.1953,2914.0564,3212.0156,3469.023,3500.7185,3816.5283,2562.7476,3760.0366,3419.5012,3401.308,2553.2253,3159.0073,3321.0547,3099.762,3109.3076,3386.2256,1203.945,2826.8167,2869.127,1995.5607,2967.1174,3128.615,2122.1443,2279.0916,2623.5508
3268.8518,3371.1687,1241.4138,3301.1487,3864.3848,2752.9773,3321.317,1987.7526,3016.428,3610.831,3570.4475,3640.127,3560.24,3221.3894,2930.4712,3875.5554,3638.8318,3550.8896,2776.436,3504.8098,3582.9897,2944.7107,3393.6277,3520.9204,3097.368,3013.0286,3095.2805,4126.4326,4073.7612,3675.5156,3426.826,3629.4966,4114.2197,3754.2837,3629.1184,1826.3746,3601.635,3626.462,3425.6504,3408.1912,3813.0315,2025.4124,2933.0764,2922.7976,3211.2302,3464.1716,3493.9126,3813.795,2560.2056,3751.6213,3413.1672,3406.7588,2542.92,3149.793,3318.7195,3121.111,3100.4182,3399.1958,1228.2305,2827.7783,2873.8079,1990.1548,2957.7886,3127.0332,2133.5574,2273.7437,2636.8145
3279.7927,3374.8857,1224.1906,3304.9395,3871.0789,2760.0198,3302.6938,2009.2806,3030.4673,3625.9163,3571.5535,3645.4917,3563.2214,3228.8982,2937.513,3877.8542,3638.3142,3553.8582,2772.6296,3509.9844,3584.9084,2928.204,3400.0554,3527.736,3105.1582,3023.759,3100.724,4137.0137,4084.1892,3680.8015,3429.3193,3660.7175,4122.439,3752.3047,3633.0525,1823.1486,3614.9824,3632.3948,3424.7915,3415.1458,3825.448,2058.1409,2946.4277,2911.644,3214.6428,3466.913,3493.7969,3814.5117,2553.7778,3754.116,3411.7354,3403.0251,2528.4927,3151.4807,3320.6375,3129.2302,3100.628,3409.6724,1218.7202,2834.5356,2876.8174,2007.9121,2972.1125,3127.5322,2141.0264,2297.159,2633.1797
3292.6267,3399.013,1225.4491,3306.107,3876.244,2769.805,3316.8174,1996.9989,3037.6255,3635.7866,3565.642,3641.5884,3558.444,3230.646,2924.0444,3870.264,3634.8735,3561.2651,2749.2275,3504.1025,3588.4019,2949.9146,3397.0671,3550.0825,3091.787,3024.886,3101.3745,4127.1685,4079.6377,3678.4966,3430.1426,3674.466,4122.571,3751.1826,3632.1096,1844.0944,3610.8428,3634.8093,3442.1,3411.08,3828.3076,2046.166,2942.3943,2919.3972,3207.184,3462.665,3495.3997,3815.1152,2532.5908,3751.24,3414.5942,3408.3276,2499.6877,3151.3787,3322.7908,3128.2195,3096.9229,3414.314,1230.1713,2828.176,2873.739,1984.503,2962.6528,3132.2344,2151.1172,2280.414,2647.5022
3279.4558,3386.337,1180.1997,3299.3496,3869.8088,2752.725,3304.8357,2012.4108,3033.362,3642.1746,3556.9204,3635.372,3546.0227,3224.7532,2911.4443,3865.271,3631.532,3557.2837,2736.4067,3493.6194,3578.509,2931.4238,3393.6772,3535.687,3105.7048,3030.339,3100.1455,4120.7026,4074.1882,3674.308,3431.4888,3635.0273,4116.5967,3749.5588,3637.309,1812.987,3610.6929,3625.3494,3439.3154,3413.8396,3826.2134,2056.0232,2941.9106,2916.5906,3204.0461,3466.7234,3494.632,3819.0608,2536.488,3753.1836,3416.8027,3409.5688,2497.534,3152.3467,3317.8699,3128.455,3092.9258,3408.6633,1214.43,2835.5054,2872.195,1982.5261,2966.4636,3127.2412,2142.0154,2292.0093,2633.3264
3284.037,3386.4016,1248.3728,3300.8838,3871.5505,2763.9675,3315.1191,1995.7512,3028.247,3625.3704,3572.979,3638.9924,3548.9893,3233.0483,2902.9912,3861.3215,3626.9805,3560.5276,2744.0564,3484.4333,3573.2832,2955.9622,3389.1882,3538.1357,3106.7285,3023.213,3100.621,4134.1616,4078.0806,3673.4001,3438.4897,3648.7153,4119.7515,3746.444,3632.3572,1819.7881,3602.7947,3621.739,3419.7795,3408.593,3810.5088,2044.5961,2935.2788,2901.3447,3213.9512,3472.6428,3497.5393,3826.7964,2542.6995,3761.4429,3423.974,3411.9712,2514.0437,3157.6013,3325.662,3123.8013,3095.6248,3401.823,1217.2244,2827.0967,2853.8801,1967.3256,2958.8008,3138.6094,2126.957,2260.7278,2640.619
3269.956,3370.1216,1235.424,3288.4849,3870.1733,2722.4045,3280.2358,2027.7345,3040.4856,3631.5671,3575.736,3642.5374,3545.9746,3238.055,2918.4893,3862.059,3634.1125,3566.111,2746.5813,3483.285,3569.125,2929.9941,3376.816,3521.9424,3129.6858,3031.8528,3104.5344,4153.867,4078.443,3670.6357,3437.1316,3644.3538,4127.2837,3760.073,3642.235,1748.3253,3599.8303,3622.3071,3406.1938,3393.3545,3801.6965,2053.7075,2945.2612,2919.8445,3219.8418,3481.0195,3506.12,3836.9448,2544.6914,3768.321,3428.1055,3421.4053,2522.2131,3163.1516,3321.1458,3102.253,3094.2026,3398.9565,1194.4601,2834.1958,2863.528,2008.5059,2974.1235,3133.991,2110.7556,2283.6357,2620.7397
3312.6824,3371.6023,1244.2024,3308.0037,3892.6033,2737.8455,3330.2249,1976.9984,3023.8357,3625.4336,3621.0256,3648.5496,3555.3804,3243.2341,2929.1782,3859.2185,3632.0388,3574.0322,2752.2148,3504.6028,3586.9,3023.439,3387.3157,3587.2278,3062.2678,3011.7268,3090.0142,4168.49,4071.614,3673.9802,3444.2305,3682.2183,4095.2158,3748.952,3636.088,1825.7195,3593.5957,3620.7146,3423.5542,3389.3428,3818.1572,1982.7451,2926.986,2876.148,3225.498,3465.825,3500.7485,3828.417,2507.4019,3737.1182,3420.5366,3422.4749,2418.0452,3150.7124,3328.7651,3153.8853,3084.602,3438.1714,1221.1646,2829.8066,2830.2705,1916.3325,2920.8738,3161.9177,2076.763,2212.069,2718.5112
3306.8667,3365.915,1244.5581,3318.3772,3897.7678,2757.2126,3312.3228,1939.85,3007.0088,3589.8882,3626.152,3643.6145,3553.1208,3247.728,2930.0337,3858.3506,3634.871,3568.6804,2756.2385,3497.7935,3583.8467,2999.9407,3381.394,3583.0132,3061.82,3003.968,3074.196,4171.928,4072.9985,3677.457,3443.6567,3695.4832,4101.588,3757.6,3640.2515,1738.9363,3582.0317,3615.374,3411.2954,3377.7742,3803.122,1990.3237,2925.3928,2849.5894,3235.9722,3469.9714,3506.8193,3842.797,2525.8948,3748.0027,3433.6145,3421.5754,2453.9238,3155.4658,3342.3198,3158.2588,3091.055,3436.5718,1219.6484,2823.0627,2823.5747,1935.0443,2924.9607,3185.2913,2040.2147,2195.4492,2727.5222
3286.6619,3371.3342,1247.8206,3328.5227,3905.4011,2799.6365,3312.3442,1988.2646,3027.8838,3620.1907,3585.1846,3646.4985,3560.0996,3247.1187,2968.7585,3885.1912,3654.0674,3573.1003,2808.2405,3509.1924,3583.4106,2902.7,3408.7852,3515.957,3099.1946,3014.6382,3089.085,4157.1245,4079.3657,3677.3542,3446.7378,3687.5361,4131.1646,3777.9329,3650.2568,1865.9164,3615.2983,3625.294,3371.0347,3418.757,3791.423,2041.9475,2937.164,2895.0159,3229.8616,3475.6265,3509.05,3847.3386,2591.8516,3765.2773,3429.2573,3411.6895,2565.8455,3167.601,3324.4412,3101.747,3105.4253,3396.7888,1216.1003,2825.0217,2846.7854,1974.7153,2966.4614,3144.249,2111.5974,2293.0532,2598.8113
3290.5947,3392.3044,1216.4902,3325.8472,3924.855,2779.3682,3320.3264,1976.9861,3022.389,3616.3408,3580.5852,3652.146,3567.749,3252.977,2939.4392,3886.2659,3652.6548,3576.3652,2779.006,3510.9626,3590.4673,2948.7937,3404.2727,3543.1934,3077.809,3009.7603,3091.7234,4147.6035,4089.3708,3679.021,3456.3425,3689.2944,4126.214,3765.5356,3656.3928,1809.9087,3606.6052,3628.6753,3385.142,3399.4246,3796.6028,2011.3,2931.739,2890.5972,3226.0586,3475.5247,3511.2144,3862.3289,2564.7246,3761.2305,3430.261,3431.8904,2536.559,3166.1267,3331.1626,3130.0125,3109.134,3417.2478,1228.3424,2838.963,2856.238,1964.6489,2963.6028,3169.0264,2114.066,2287.9304,2641.2476
3278.7966,3393.4414,1215.5975,3322.2603,3928.5588,2760.9604,3296.074,1986.1926,3031.7725,3623.5852,3570.3145,3648.145,3560.838,3265.1516,2935.1074,3879.69,3649.2036,3577.9438,2762.4868,3504.0337,3582.803,2908.9194,3399.8494,3513.3257,3091.7847,3022.1143,3098.3855,4142.5024,4090.0996,3675.1028,3460.803,3711.4849,4135.049,3763.7146,3657.1787,1860.8085,3616.2134,3622.2498,3386.8757,3396.9285,3794.0493,2030.6506,2938.0464,2916.9956,3220.2866,3471.0735,3509.1897,3860.732,2570.4888,3761.5457,3426.18,3429.1711,2524.7827,3166.5188,3321.5454,3101.3325,3108.6155,3413.3052,1234.5917,2846.9014,2859.3792,1987.0234,2976.0156,3156.9724,2118.5708,2308.4583,2627.1184
3267.2388,3374.797,1162.4309,3311.594,3913.9568,2754.8345,3301.2456,1985.6538,3022.1846,3618.5056,3559.425,3639.9465,3546.6746,3251.6216,2917.7803,3868.4175,3638.0571,3569.9927,2751.209,3492.1838,3567.563,2923.4211,3384.9348,3507.8552,3097.791,3019.7476,3093.82,4129.406,4074.3945,3656.7104,3451.1482,3662.6072,4122.285,3754.4348,3653.7913,1823.3181,3613.2793,3618.7551,3375.4658,3395.3472,3777.969,2020.1653,2931.4714,2911.3662,3198.6687,3464.4365,3495.5034,3857.6855,2534.8687,3752.0999,3420.2952,3423.2344,2499.6133,3161.4485,3314.0847,3120.4722,3102.4783,3398.6584,1219.0967,2834.3872,2837.9631,1965.1124,2959.378,3153.1582,2097.244,2282.3293,2631.85
3258.9167,3365.3506,1190.6433,3294.7207,3895.604,2736.2012,3292.1047,1987.2311,3023.6897,3606.2349,3571.6414,3635.2505,3545.4297,3252.2063,2925.636,3866.0713,3633.102,3556.73,2751.9705,3482.7341,3560.093,2905.8557,3376.7393,3479.0225,3096.5496,3021.9214,3090.7798,4137.5913,4070.4067,3655.318,3446.8071,3667.1936,4115.4385,3752.3157,3638.2944,1775.04,3607.2808,3607.8115,3355.5125,3382.358,3762.7446,2014.9353,2935.4094,2902.0845,3201.3452,3468.9517,3497.317,3853.4973,2550.871,3757.1008,3426.84,3418.731,2514.923,3164.1785,3312.1904,3084.5647,3097.4265,3381.9888,1209.4526,2824.706,2834.3022,1978.4271,2962.7222,3148.466,2105.7537,2281.3413,2623.7776
3250.9233,3344.716,1126.9768,3288.2876,3888.4204,2722.3013,3287.292,1992.5535,3010.6487,3602.2688,3553.9763,3629.7412,3540.3079,3241.529,2927.438,3861.88,3632.785,3556.7966,2763.3154,3479.576,3560.6086,2937.3406,3371.323,3480.7515,3081.621,3011.2434,3088.3206,4129.861,4060.7532,3655.0488,3438.29,3641.9932,4109.5645,3753.018,3639.5747,1828.7622,3597.1345,3610.424,3361.8694,3381.9045,3757.9966,2008.6941,2925.5298,2902.1003,3203.2373,3461.611,3495.0535,3839.6643,2564.4243,3754.3906,3419.9587,3420.7427,2522.6382,3157.3096,3313.6746,3123.9937,3093.467,3385.469,1231.7585,2819.085,2839.6555,1977.0776,2953.5728,3147.1604,2110.0203,2267.3533,2626.3157
3250.0725,3328.9087,1122.6617,3282.8926,3873.6294,2698.1304,3264.6257,1979.993,3006.9448,3589.0825,3543.5457,3623.8306,3536.2275,3231.637,2909.7874,3859.5308,3627.882,3540.7517,2747.0322,3475.0525,3559.2698,2908.6255,3366.308,3469.5315,3071.8164,3000.6042,3075.5984,4117.6567,4051.2815,3646.7424,3419.783,3656.9844,4102.132,3739.209,3618.739,1829.0039,3601.5183,3605.1245,3339.157,3374.5583,3753.32,1990.9723,2922.612,2885.5479,3190.475,3452.8047,3486.7324,3817.763,2541.5403,3741.9795,3409.8435,3398.8074,2505.742,3148.1543,3308.0964,3091.5427,3092.6147,3392.7925,1218.7219,2821.5789,2835.822,1979.6077,2955.4336,3132.5051,2117.1204,2271.3716,2629.5894
3267.8618,3330.508,1156.3788,3288.9917,3859.973,2715.7427,3276.1194,1973.4015,3003.7437,3585.3545,3553.6238,3623.9634,3536.8787,3229.9932,2906.9468,3854.846,3619.3398,3529.268,2748.5366,3472.3389,3556.264,2914.0146,3370.5776,3468.35,3069.2727,2995.7957,3065.7102,4125.5127,4053.3984,3647.7559,3412.3306,3673.0723,4092.6506,3733.5393,3607.0698,1839.1411,3599.351,3600.2166,3327.5403,3377.1033,3750.684,1996.1599,2921.1267,2876.5703,3193.3838,3451.023,3489.3315,3812.285,2540.937,3743.4963,3411.9177,3390.9504,2498.598,3150.6914,3310.8713,3086.6582,3097.4832,3386.6213,1204.3314,2814.1138,2829.758,1973.8405,2951.8743,3123.8608,2111.7004,2259.0066,2615.6216
3266.0386,3337.5195,1172.1521,3284.616,3845.076,2718.5806,3265.6152,1967.2454,3001.7715,3589.375,3552.179,3617.5386,3533.8816,3214.2476,2915.2874,3849.027,3615.2246,3526.877,2748.6985,3470.0803,3556.2825,2899.6033,3371.7178,3451.3691,3079.5154,2990.7502,3063.26,4117.363,4048.678,3651.5916,3403.3389,3654.6965,4095.3806,3733.522,3599.0205,1781.8815,3600.137,3601.2803,3315.5298,3381.9385,3754.303,1981.7343,2917.756,2868.8447,3194.5676,3449.5718,3494.231,3801.7502,2548.5188,3742.4219,3410.4458,3380.7856,2502.2173,3149.9253,3312.1133,3062.6973,3098.85,3388.0898,1214.0298,2813.5186,2831.0657,1982.3279,2955.1128,3116.579,2098.9658,2258.101,2607.5288
3270.1267,3335.6362,1161.8276,3282.639,3833.1294,2707.8335,3283.039,1997.6178,2999.4226,3587.4116,3560.0183,3617.73,3535.903,3198.7266,2908.5479,3847.8354,3614.3328,3528.0955,2747.6357,3470.5535,3554.8445,2904.6047,3372.5295,3451.1172,3086.6948,2989.3447,3056.8076,4129.935,4051.7751,3651.9934,3395.355,3650.6628,4097.6865,3734.1572,3596.0852,1828.1848,3599.171,3596.4373,3323.5305,3379.4072,3746.7285,1993.624,2915.97,2884.1006,3198.8064,3451.312,3502.9004,3797.448,2551.984,3749.3267,3411.209,3383.5435,2516.4116,3152.8813,3312.5483,3072.4004,3098.062,3379.3699,1191.5049,2818.63,2838.193,1964.8483,2951.0215,3110.5837,2088.2446,2238.9658,2609.5674
3269.1196,3329.1965,1148.9856,3272.5264,3824.1003,2720.22,3279.3987,2003.1451,2997.556,3589.734,3559.589,3619.3435,3539.6392,3198.3958,2920.5378,3852.21,3619.8208,3524.7112,2760.948,3474.857,3553.7913,2920.9336,3371.8416,3431.9758,3091.7356,2988.1738,3067.2273,4125.2056,4051.886,3657.6477,3398.059,3639.4727,4094.9614,3735.33,3591.3315,1876.6904,3592.1711,3598.934,3323.9807,3375.1099,3742.7214,2007.7004,2916.5544,2894.061,3198.2043,3448.1404,3505.6064,3798.1265,2556.4824,3743.6633,3406.6177,3386.894,2513.561,3146.5642,3307.479,3094.6265,3094.2744,3374.4548,1215.3362,2812.4512,2843.4456,1979.6873,2943.6792,3101.2466,2106.356,2245.9873,2607.527
3268.8687,3316.486,1147.0756,3276.6138,3825.068,2712.698,3284.3274,1983.768,2984.583,3576.9258,3548.6594,3614.4155,3538.3787,3192.6538,2913.3425,3856.102,3617.6086,3525.1443,2767.3472,3478.2651,3559.35,2919.9248,3367.9229,3427.6392,3070.898,2976.3904,3060.4668,4107.5015,4046.7205,3651.1323,3384.6904,3628.2026,4083.1292,3731.9,3590.0996,1805.6426,3595.5137,3603.8652,3315.6863,3374.664,3752.0432,1989.4142,2909.1382,2882.7854,3187.7136,3439.1355,3492.1206,3781.7563,2547.5833,3732.399,3399.2615,3371.1306,2505.3464,3140.7307,3307.3608,3079.2969,3092.9438,3374.6553,1222.9016,2812.2676,2841.9497,1978.7872,2935.9265,3101.1062,2122.9531,2244.222,2615.3435
3277.9248,3322.801,1162.2993,3283.7112,3831.4421,2731.3406,3279.573,1992.7805,2989.5369,3582.2695,3550.725,3617.5435,3540.944,3191.3955,2911.7563,3858.5425,3617.854,3526.225,2756.2854,3484.2917,3556.905,2896.2427,3372.4517,3429.396,3080.678,2981.1023,3057.55,4116.6143,4048.4902,3651.9834,3381.656,3633.83,4093.3525,3731.2966,3593.3037,1842.2985,3604.0215,3599.715,3323.144,3384.6675,3760.324,1993.7716,2913.0583,2873.9258,3189.5366,3441.1904,3491.6328,3770.9065,2548.1475,3740.2224,3398.1614,3365.866,2502.657,3148.8596,3305.8577,3071.8665,3094.1692,3372.9531,1197.0071,2818.4763,2848.748,1989.8846,2947.1194,3098.6162,2119.8813,2256.4585,2612.4822
3281.9795,3336.963,1178.3348,3281.665,3831.0256,2743.1404,3288.6145,1986.6632,2990.1848,3586.093,3551.212,3613.976,3539.5872,3188.1753,2911.4956,3856.5693,3616.3167,3523.1885,2757.358,3483.6577,3557.56,2916.6934,3372.0815,3450.536,3079.012,2979.3027,3058.4858,4117.195,4049.684,3650.6052,3379.5552,3649.876,4087.1438,3729.2498,3588.789,1827.4341,3601.5747,3604.129,3346.3757,3383.5947,3771.3008,1986.6566,2910.8438,2875.4873,3191.533,3441.0015,3491.8914,3775.1636,2536.4016,3737.74,3402.1343,3373.1692,2488.2065,3143.7183,3307.628,3090.4841,3094.5605,3372.8428,1192.3546,2819.1917,2849.607,1978.0892,2944.9666,3102.0566,2123.1626,2252.0547,2621.2156
3281.953,3344.9636,1215.3344,3277.9304,3833.6406,2753.8923,3288.131,1983.6562,2996.488,3593.0996,3563.3335,3615.7122,3539.5322,3186.387,2920.4482,3856.031,3614.6802,3522.6333,2765.8784,3487.4302,3556.9744,2895.0178,3374.5042,3442.669,3096.078,2984.2156,3059.941,4121.5107,4050.5454,3652.9175,3381.9236,3650.605,4100.4683,3730.487,3591.74,1808.0758,3609.2656,3607.3909,3335.9712,3395.343,3780.8647,2001.8651,2916.3801,2878.4338,3198.0981,3448.9568,3493.4463,3773.6492,2554.7415,3749.991,3406.4832,3367.7686,2529.4473,3156.121,3310.8418,3057.9897,3099.751,3366.43,1204.1294,2822.5732,2853.9094,1995.1545,2955.4197,3107.343,2125.7222,2260.9072,2615.6277
3278.9185,3355.3894,1210.2115,3278.0588,3830.4539,2739.5269,3296.3083,1996.8517,2993.5115,3595.73,3559.5457,3616.238,3539.0364,3191.2378,2928.36,3856.5852,3619.3647,3528.923,2767.4192,3484.0518,3559.9058,2932.9739,3374.9138,3462.004,3094.4976,2986.0576,3066.337,4121.348,4051.757,3656.9385,3385.0588,3629.5286,4103.892,3734.892,3599.7073,1821.1539,3601.8894,3607.4863,3374.891,3397.595,3787.142,2012.0144,2913.517,2888.1404,3197.023,3446.0654,3493.4172,3782.1653,2551.1362,3747.3352,3406.1555,3383.8926,2528.3132,3151.988,3308.146,3107.5454,3091.172,3364.0874,1211.8037,2819.361,2858.639,1978.485,2949.376,3103.6545,2133.2493,2256.4946,2626.11
3271.0022,3344.4155,1178.759,3278.8289,3831.352,2719.1372,3288.7024,1988.5913,2995.868,3600.7385,3547.2268,3617.6907,3541.1355,3195.5186,2920.5261,3861.1577,3621.1523,3532.0073,2771.507,3486.1067,3559.9412,2920.2568,3371.2878,3465.7017,3083.1772,2989.9856,3068.4556,4110.889,4052.4473,3656.8398,3392.0864,3601.1836,4099.127,3734.7327,3601.8442,1816.0292,3605.7124,3606.2295,3373.2686,3394.179,3791.2754,2008.1307,2918.6855,2884.5356,3193.7583,3443.2427,3486.5222,3778.5422,2545.6514,3745.0715,3399.4429,3378.024,2523.6863,3146.506,3304.523,3098.0574,3087.51,3370.1082,1210.2637,2824.1628,2857.7131,1995.9167,2953.2842,3103.0623,2135.2266,2263.245,2632.882
3275.0698,3334.2437,1204.6179,3283.9153,3839.1833,2728.0242,3293.5903,1985.4515,3003.7847,3602.315,3553.7175,3619.8337,3538.1643,3192.7769,2915.0974,3863.0732,3617.4958,3525.823,2776.3577,3490.8818,3561.7507,2908.7815,3377.814,3462.2705,3080.7036,2995.1123,3070.0332,4116.5938,4053.614,3658.7185,3395.7297,3621.193,4099.302,3733.257,3599.737,1782.9463,3612.0286,3606.4778,3367.446,3396.3062,3791.74,2019.8107,2919.8696,2876.7441,3195.9739,3448.4192,3485.378,3771.8835,2547.7625,3742.0981,3402.1965,3375.2454,2516.9988,3148.2637,3306.2861,3078.6584,3087.752,3371.751,1204.661,2819.3223,2845.1506,1984.0118,2949.0227,3107.7249,2113.253,2260.8835,2629.2517
3271.8076,3343.7676,1207.7296,3291.7449,3849.5889,2737.1492,3301.7659,1996.411,3013.6172,3607.4517,3551.2827,3619.44,3535.3247,3196.813,2913.58,3864.1577,3617.9622,3528.1526,2764.9592,3490.4072,3561.422,2907.016,3373.1477,3475.9243,3091.5344,3001.1487,3074.1501,4126.681,4057.056,3657.597,3394.6785,3636.1287,4108.552,3737.041,3609.7598,1814.6761,3615.2402,3608.4,3372.4634,3394.3735,3787.94,2029.443,2925.2642,2886.293,3198.9907,3452.543,3489.0183,3776.3435,2542.593,3745.5781,3404.6045,3381.899,2504.613,3147.935,3306.6824,3090.2427,3084.8616,3381.8782,1212.4763,2826.0828,2844.9148,1988.6768,2957.8396,3115.8718,2130.3506,2263.1147,2629.9758
3275.6724,3355.0894,1199.4338,3298.5278,3859.6553,2754.3992,3305.9026,1991.9441,3020.9739,3615.8972,3557.3726,3623.335,3535.969,3206.913,2918.2583,3860.6873,3618.9084,3536.4902,2767.3406,3486.4297,3558.6602,2917.211,3382.0283,3469.682,3098.2244,3005.4023,3080.4158,4134.001,4061.9062,3655.846,3403.6724,3669.3403,4110.158,3740.7468,3612.6106,1845.326,3613.3618,3606.5222,3374.6821,3392.769,3780.489,2019.2642,2923.9927,2893.9966,3205.7148,3457.2493,3493.169,3792.9807,2554.4521,3754.6663,3412.7822,3390.7544,2515.2651,3153.2852,3310.6956,3092.0784,3092.3357,3373.288,1214.0393,2819.5178,2826.677,1961.3433,2956.887,3114.3313,2115.783,2254.0303,2618.0398
3260.7537,3347.2375,1244.4711,3289.1855,3862.3196,2744.1924,3287.8901,1971.3691,3023.1519,3618.8477,3561.7231,3625.9316,3538.6992,3211.0483,2923.9941,3860.9587,3624.4478,3539.3047,2767.5251,3483.5833,3558.0083,2916.3328,3375.082,3460.2068,3104.228,3011.0889,3085.779,4132.679,4065.0503,3656.1777,3415.04,3661.0525,4118.252,3749.8845,3611.2007,1790.0687,3604.9426,3605.3496,3354.3281,3390.3315,3768.163,2015.3181,2928.638,2908.5454,3206.8047,3464.0205,3499.1272,3798.4946,2570.3152,3757.8735,3419.5613,3392.6914,2540.495,3157.2617,3314.027,3086.2424,3096.9067,3377.1875,1208.9244,2818.144,2828.241,1990.9736,2954.1987,3125.1245,2095.2502,2260.6892,2619.5347
3268.8584,3352.2402,1190.7231,3289.9443,3869.3376,2724.8904,3276.1616,1994.2014,3022.6213,3621.479,3564.218,3626.525,3542.9937,3214.1758,2926.1067,3863.0583,3628.2822,3537.052,2754.5874,3483.2644,3563.333,2918.621,3377.1653,3464.3718,3092.1174,3013.8792,3086.073,4127.1504,4060.58,3655.4832,3408.984,3642.0745,4108.555,3744.0667,3608.0557,1881.9875,3602.2927,3605.3281,3355.0876,3379.2441,3764.8096,2005.894,2924.9595,2909.4624,3199.8406,3455.2197,3491.614,3806.1814,2556.0461,3747.4072,3410.5,3394.5657,2519.2283,3147.6733,3307.6365,3102.6938,3090.537,3382.6475,1200.6201,2815.7473,2827.7285,1978.8224,2946.7356,3123.996,2124.719,2258.4963,2628.3706
3268.9119,3358.2693,1182.3198,3294.7878,3873.8906,2717.374,3282.7546,1997.9839,3021.6023,3621.5867,3556.6973,3629.5415,3544.574,3222.9612,2916.5862,3864.6663,3628.5095,3539.3855,2763.3562,3487.7217,3562.3208,2907.0574,3380.1396,3462.2263,3095.3076,3011.9717,3087.3127,4121.5835,4063.0762,3656.7341,3418.9753,3612.5496,4103.0854,3741.1936,3611.6575,1882.5869,3610.1663,3605.2336,3343.0127,3392.2175,3767.237,2012.626,2929.6704,2910.8525,3196.8818,3457.0579,3490.5647,3812.076,2550.7725,3749.568,3409.5105,3396.3245,2513.3604,3148.8606,3305.8884,3101.3132,3097.9546,3385.3103,1215.875,2816.9236,2835.4153,1982.3217,2952.3606,3124.0457,2133.1006,2269.2607,2626.3357
3283.43,3364.2156,1186.1569,3294.256,3872.0945,2743.8486,3287.485,1975.5278,3021.7246,3615.6636,3553.9897,3630.0635,3544.7397,3227.8533,2912.4453,3864.4143,3625.7095,3541.9084,2774.5994,3485.3176,3563.052,2920.6702,3382.92,3468.8103,3080.302,3010.524,3085.3306,4133.0957,4064.9712,3661.4421,3420.4426,3651.1826,4104.312,3739.539,3611.78,1795.2721,3609.8157,3607.7002,3345.2568,3395.0266,3777.141,2007.2891,2930.0388,2902.317,3199.2368,3458.5625,3489.0918,3816.8276,2555.006,3748.0315,3411.7678,3392.842,2510.4075,3149.463,3306.4543,3083.0652,3098.2244,3381.1511,1208.5654,2817.0874,2839.1785,1973.6361,2951.3438,3124.0957,2133.3835,2265.096,2620.496
3285.8713,3367.347,1206.1823,3291.2375,3865.4856,2741.3257,3286.0151,2002.156,3022.7295,3617.849,3554.354,3627.193,3543.212,3222.4216,2917.368,3860.839,3621.5166,3535.1638,2761.5376,3483.4607,3562.8757,2907.612,3381.7056,3485.0588,3087.999,3008.6003,3090.598,4125.79,4064.179,3656.2913,3413.384,3670.4397,4101.3496,3734.3071,3610.8826,1816.6929,3610.9163,3602.2263,3354.1167,3391.4617,3782.4358,2020.4025,2931.0427,2903.6252,3196.4487,3458.3425,3488.9116,3805.4995,2545.4243,3743.828,3410.0657,3388.8357,2502.7913,3144.3872,3302.068,3085.6326,3095.4768,3386.3262,1198.3285,2815.2698,2838.4475,1989.5168,2951.8398,3120.936,2127.1465,2263.8772,2619.0566
3284.087,3379.0464,1232.6952,3288.3003,3864.1653,2747.2495,3290.365,1979.9,3020.9668,3623.187,3556.2048,3624.2134,3544.3982,3220.0022,2914.5227,3853.9277,3619.2153,3535.193,2755.5986,3481.508,3561.8215,2909.6904,3384.1785,3477.246,3098.0103,3011.402,3090.3528,4120.376,4062.9282,3656.0325,3408.2007,3661.216,4097.637,3733.685,3606.1707,1808.8824,3604.5454,3604.669,3354.9639,3391.3076,3788.6814,2021.7789,2931.1912,2905.3887,3196.5093,3456.485,3485.0024,3802.2698,2546.7942,3741.5952,3408.2927,3384.9885,2509.9912,3145.9712,3305.361,3056.272,3093.488,3381.975,1208.0798,2809.846,2843.8035,1978.8098,2950.707,3121.4531,2122.5737,2257.9866,2621.4856
3283.069,3370.2737,1243.3176,3284.5017,3852.2695,2736.1838,3282.3853,1995.4323,3015.6353,3618.605,3562.2349,3628.104,3542.8665,3208.3489,2926.6165,3853.9468,3618.3936,3536.5315,2767.2444,3482.8374,3560.1123,2926.262,3385.3818,3474.3662,3108.4475,3015.7876,3090.5974,4133.8955,4064.0923,3654.5142,3408.8948,3638.733,4104.1943,3735.592,3614.3613,1839.9839,3604.346,3605.606,3371.9692,3402.3125,3785.57,2031.712,2933.4775,2906.6694,3203.9775,3463.0085,3490.0322,3804.7268,2554.0151,3751.8345,3415.3086,3395.3845,2520.4133,3154.0151,3306.919,3094.4724,3097.3367,3378.2668,1204.4852,2806.573,2844.6885,1979.7141,2956.6536,3119.0872,2111.2744,2262.659,2619.2097
3280.7034,3363.279,1219.9974,3283.8354,3857.3384,2739.4165,3288.4429,1994.8749,3015.3203,3618.8494,3560.9421,3628.4067,3546.1765,3207.604,2924.83,3859.3572,3623.4473,3539.5046,2770.108,3489.888,3568.429,2921.5938,3392.1306,3469.4578,3098.9634,3016.4207,3094.5796,4126.477,4057.3545,3650.999,3411.171,3633.706,4103.3403,3735.7263,3610.378,1840.0944,3603.9158,3605.9634,3376.4297,3394.9055,3781.71,2029.4343,2929.7808,2911.835,3206.332,3457.6538,3486.842,3798.276,2556.393,3746.5005,3410.024,3391.6953,2531.2183,3148.1326,3304.9976,3088.8997,3092.7231,3374.0244,1212.9722,2805.116,2841.5298,1994.8931,2948.488,3115.3633,2120.034,2258.8643,2628.4165
3284.227,3365.8792,1218.3649,3290.508,3864.665,2740.385,3300.2256,1998.4852,3016.038,3622.3015,3552.2383,3629.6807,3547.974,3215.573,2917.807,3866.9326,3625.5125,3545.6257,2762.791,3494.0942,3576.0342,2921.8174,3395.376,3481.4448,3091.994,3011.1514,3089.044,4122.0244,4064.0908,3644.5327,3408.5532,3623.8428,4097.514,3733.7368,3614.7996,1867.1954,3607.5,3610.4155,3380.9111,3391.1423,3784.9856,2028.3617,2926.6958,2907.5166,3202.3335,3455.4624,3479.4202,3788.0842,2558.003,3741.3843,3404.2698,3390.0989,2525.0667,3144.9224,3305.2808,3089.55,3088.5183,3378.1233,1211.8135,2805.7585,2829.9622,1979.2512,2945.732,3112.4475,2119.452,2259.668,2628.282
3290.071,3366.1396,1220.4238,3300.155,3873.186,2764.0168,3304.614,1997.5703,3020.3445,3615.0906,3554.5725,3631.4272,3550.8835,3220.6104,2920.1785,3863.5815,3627.2642,3551.7437,2771.8113,3497.959,3576.9365,2932.452,3401.3513,3485.8662,3096.0369,3012.56,3090.1382,4137.0815,4065.4849,3644.207,3417.053,3660.3877,4107.074,3736.2322,3619.5864,1783.6611,3610.3542,3610.7456,3382.2747,3392.0154,3778.8196,2030.8732,2939.9963,2891.9333,3210.9714,3459.988,3484.057,3789.9126,2556.6372,3746.7322,3407.9854,3394.1484,2514.2722,3148.8877,3304.4512,3090.4622,3092.059,3368.7454,1201.8745,2812.5525,2826.1028,1968.3749,2947.1196,3113.8572,2121.365,2258.7087,2626.009
3282.3406,3359.4673,1200.1052,3294.892,3871.1697,2761.5615,3298.9412,1985.6815,3025.0327,3618.0,3552.146,3625.6963,3545.268,3222.7395,2922.8022,3857.3167,3623.8066,3549.6675,2757.7964,3491.8901,3574.6826,2928.7092,3396.8945,3488.5771,3098.915,3013.9438,3092.6921,4133.036,4065.987,3640.5947,3415.673,3681.4517,4103.751,3734.0093,3617.09,1816.5237,3609.3018,3608.4077,3383.9648,3382.765,3778.5588,2036.8566,2936.291,2902.5405,3208.7917,3461.589,3483.6643,3787.5266,2550.419,3743.1323,3408.7654,3392.2244,2501.4087,3146.4155,3304.793,3098.1577,3089.3188,3380.425,1214.4417,2812.4595,2820.97,1976.4374,2946.2422,3113.5164,2113.3284,2262.4558,2628.8752
3274.5137,3365.3145,1231.0265,3293.3333,3874.0469,2773.3176,3302.7598,1987.2645,3025.6118,3621.013,3558.1084,3628.5046,3545.199,3224.0715,2925.2808,3858.1267,3621.3738,3551.5496,2775.0327,3491.4282,3568.8496,2919.7244,3397.831,3467.175,3107.7598,3010.3193,3095.167,4136.58,4064.1482,3643.2556,3420.121,3677.4756,4109.0933,3735.2139,3617.6487,1834.7506,3612.9924,3605.8848,3369.8462,3389.0593,3772.0742,2023.2153,2933.0293,2900.4097,3209.9016,3464.0623,3486.0083,3792.8833,2563.4604,3749.3118,3412.0537,3388.891,2517.2922,3152.697,3307.387,3070.1204,3094.3503,3366.6985,1214.631,2803.2607,2805.5613,1979.0049,2945.9282,3118.6892,2100.812,2255.4497,2610.1018
3266.7402,3351.6404,1168.3162,3288.618,3867.7725,2742.8906,3291.836,2003.9113,3018.3218,3624.0212,3550.4258,3628.7766,3542.965,3224.9873,2921.9268,3860.6575,3627.5742,3549.3865,2750.4773,3485.448,3564.4927,2930.869,3386.9165,3470.9114,3104.2827,3011.1953,3092.9587,4136.012,4063.0698,3644.2205,3418.5706,3647.2505,4103.2334,3740.211,3620.6873,1793.989,3603.0112,3600.7615,3364.3508,3378.9539,3755.9648,2022.4973,2928.1667,2918.8906,3202.4941,3463.3757,3486.2532,3799.814,2560.8333,3747.0974,3412.1553,3396.77,2527.0024,3149.1904,3303.1326,3099.66,3085.1313,3367.1387,1211.8505,2805.496,2808.313,1971.6237,2943.4229,3119.091,2115.7576,2249.927,2623.0437
3264.1292,3339.824,1136.3698,3288.9329,3867.2417,2729.5574,3281.1687,1981.158,3021.8364,3623.8748,3541.349,3628.1,3541.3699,3234.473,2919.9897,3863.8193,3629.2622,3546.7507,2764.2092,3482.625,3563.4172,2928.7947,3380.7454,3458.6802,3087.0444,3005.7617,3088.8074,4122.9663,4058.2673,3647.2031,3422.5994,3633.563,4100.54,3735.062,3615.2441,1800.6416,3601.7664,3598.456,3349.2837,3372.8528,3746.5686,2006.3063,2925.2761,2912.7393,3191.6655,3457.3806,3480.4607,3797.5435,2552.7134,3739.711,3406.7249,3397.5095,2512.574,3141.1968,3296.4644,3088.9521,3081.0518,3363.0964,1204.358,2800.9907,2804.7212,1969.2096,2938.7068,3117.533,2100.0793,2244.538,2625.618
3265.4846,3348.6282,1135.2616,3289.1711,3867.6768,2718.9912,3269.8445,1988.882,3021.671,3617.1423,3547.761,3626.0132,3544.4734,3236.6277,2916.076,3864.894,3628.6948,3544.2983,2768.6382,3485.2087,3563.2131,2917.5154,3377.054,3466.0007,3082.1772,3002.8955,3079.6943,4126.6187,4055.6177,3654.5198,3415.6782,3630.6606,4096.476,3736.888,3611.24,1840.1497,3607.1885,3601.699,3331.8572,3372.7542,3752.189,2005.7555,2929.645,2892.0503,3198.5415,3456.305,3482.1433,3796.7893,2553.4478,3743.4863,3405.8,3389.5413,2515.5703,3143.0242,3299.9749,3083.7812,3082.413,3367.9434,1200.5713,2806.5295,2814.8975,1977.8292,2942.976,3119.26,2120.9495,2253.5488,2619.9324
3276.7615,3360.6177,1184.3173,3291.4395,3875.118,2736.5044,3284.0466,1996.855,3020.5376,3612.4578,3543.533,3626.59,3544.787,3231.8625,2915.7458,3863.2048,3624.456,3544.9307,2763.225,3488.405,3565.0837,2924.4075,3380.1248,3480.8735,3079.5999,3001.6094,3079.4668,4132.657,4064.751,3660.909,3413.7063,3662.2473,4103.7925,3738.3823,3609.4688,1769.6747,3610.689,3606.619,3335.6597,3383.7476,3768.7646,1992.0724,2927.8962,2894.8936,3195.8206,3458.3516,3486.8748,3798.4377,2545.423,3744.0828,3410.1775,3392.6567,2503.2222,3146.8542,3305.7856,3090.3547,3086.3054,3381.4106,1210.8904,2806.2583,2826.8938,1970.6874,2944.79,3122.0166,2120.975,2260.3936,2618.9253
3278.2,3382.001,1181.7744,3296.006,3877.8438,2736.328,3288.1494,1996.7863,3025.036,3618.5056,3553.374,3625.176,3544.9414,3238.4307,2921.313,3859.4185,3625.8662,3548.7107,2756.06,3490.9746,3566.518,2919.0408,3386.1616,3492.474,3089.2642,3005.0479,3078.6323,4128.44,4062.8887,3664.4578,3417.4583,3661.7651,4104.569,3737.6616,3617.7634,1839.2875,3615.9062,3612.0176,3364.6094,3391.9507,3779.8286,2010.0885,2927.858,2903.7224,3198.7031,3458.8655,3491.75,3801.272,2547.536,3744.0962,3409.3042,3397.7278,2506.3333,3153.0022,3308.423,3097.0752,3090.917,3392.2268,1209.8463,2807.686,2841.385,1965.1609,2953.2668,3124.5835,2111.7344,2264.44,2620.3188
3284.0007,3392.1245,1198.9696,3291.705,3869.7986,2750.9226,3281.304,2003.8226,3027.5105,3623.815,3565.6978,3632.6836,3548.0845,3236.9907,2921.938,3861.9495,3625.8052,3550.4673,2780.4346,3490.9724,3564.1265,2926.0027,3387.6946,3490.3086,3099.675,3009.794,3087.825,4142.3687,4067.9468,3669.832,3424.4502,3651.2947,4108.8765,3745.5977,3613.6128,1800.9467,3617.0232,3613.2754,3370.6848,3403.835,3780.4788,2010.1324,2933.9343,2896.2312,3206.1802,3465.541,3499.722,3812.834,2562.5415,3755.9475,3415.0713,3400.393,2533.3115,3162.7654,3313.8672,3114.4814,3100.8125,3388.3455,1191.4617,2817.1843,2850.5183,1985.7385,2957.9727,3127.2925,2118.615,2273.1284,2614.7778
3279.4963,3387.428,1198.8475,3285.5955,3868.9885,2736.8403,3276.9438,1999.4398,3025.6467,3630.04,3566.4214,3632.6443,3553.5876,3240.3867,2931.3542,3864.7449,3630.9514,3556.0867,2765.612,3491.1033,3568.8567,2927.85,3392.5564,3499.0203,3094.1592,3011.9087,3094.3528,4134.8823,4067.8882,3669.7793,3425.9294,3624.7288,4115.789,3749.2646,3620.9226,1896.9028,3612.722,3616.8403,3391.2734,3402.5996,3786.9644,2001.9541,2927.0996,2909.2144,3206.8723,3462.0642,3503.589,3812.5723,2560.245,3749.2551,3413.846,3402.0698,2537.5,3158.888,3316.43,3131.1475,3100.4392,3400.9182,1207.5039,2820.0774,2862.5776,1979.8318,2954.1475,3125.1213,2143.7454,2270.3655,2629.6829
3278.8506,3382.7703,1182.9542,3294.0388,3868.8447,2735.948,3285.294,2013.7238,3027.6628,3626.6328,3562.14,3634.3274,3551.5508,3240.0466,2922.947,3866.273,3631.6113,3558.2095,2772.721,3492.8762,3572.778,2923.6292,3393.9143,3498.8179,3096.7007,3013.091,3098.3193,4125.4834,4066.491,3667.8147,3432.1028,3623.616,4104.933,3743.166,3624.8816,1870.9805,3614.8083,3621.1978,3387.7197,3400.872,3791.0679,2029.3341,2928.6528,2911.233,3206.7534,3460.52,3496.9517,3813.123,2557.676,3744.2524,3406.4126,3400.2817,2532.866,3153.3047,3316.1829,3118.726,3103.3186,3408.342,1211.9767,2823.9395,2868.6003,1972.8408,2950.9817,3124.7295,2141.2961,2277.3457,2633.0388
3289.5928,3387.0625,1198.4902,3303.4556,3874.2874,2752.6907,3292.9775,1997.3105,3037.6829,3636.3264,3569.0034,3638.8203,3554.254,3253.8682,2923.884,3869.2825,3630.3818,3561.4082,2769.414,3492.6992,3567.3335,2923.876,3392.5981,3495.6252,3095.674,3017.908,3104.1648,4138.483,4073.3333,3670.515,3434.217,3657.5364,4109.489,3741.717,3630.6533,1817.9327,3621.9492,3617.1045,3395.0132,3404.9976,3794.5266,2018.4497,2930.849,2901.2231,3211.1677,3467.139,3497.9802,3820.2388,2549.9192,3749.1582,3410.1663,3402.106,2508.183,3156.9517,3318.1475,3122.317,3109.0164,3412.9438,1203.3444,2822.768,2863.6687,1982.6349,2958.5063,3124.28,2128.706,2279.898,2630.2288
3287.0288,3371.569,1216.6078,3299.3643,3871.0232,2746.6904,3287.8875,1992.5856,3035.8115,3629.2344,3562.521,3637.22,3547.575,3248.7861,2922.5483,3866.7786,3626.175,3553.926,2769.747,3486.2998,3562.8313,2920.7632,3393.8936,3492.4353,3090.6804,3018.679,3099.1118,4136.7407,4070.582,3662.6963,3431.225,3689.1997,4110.7007,3744.543,3630.048,1809.2155,3619.5217,3614.6743,3392.6465,3399.3145,3790.6968,2016.5493,2931.339,2900.8376,3208.0417,3466.9446,3496.7063,3820.3562,2556.2312,3747.5383,3411.1765,3399.385,2518.1257,3156.0327,3317.2373,3121.4246,3110.0867,3414.3179,1215.4375,2820.8726,2856.0562,1978.1366,2952.4277,3122.0168,2125.4983,2280.0571,2626.3757
3276.3271,3371.3735,1213.052,3299.799,3869.3364,2733.0867,3281.3286,1991.4766,3039.2048,3632.4143,3560.8918,3633.2556,3543.0266,3238.1726,2915.866,3860.8484,3623.6511,3545.664,2771.0894,3483.377,3559.1384,2913.6426,3384.9905,3481.2375,3090.9778,3021.9102,3105.2463,4125.998,4066.5293,3662.1614,3431.7402,3649.812,4106.2646,3744.2239,3626.678,1808.8298,3617.7668,3609.2434,3383.812,3393.5981,3780.6108,2012.2751,2934.8232,2896.8008,3201.8733,3465.796,3495.7583,3821.847,2551.9768,3746.9827,3412.7402,3400.1384,2502.7358,3155.775,3314.0466,3099.8672,3107.1104,3407.2063,1224.1737,2819.0774,2849.7354,1976.9602,2956.9631,3125.0232,2117.1611,2272.401,2622.1123
3276.5112,3354.3481,1168.0636,3290.313,3859.88,2717.9553,3275.4836,1991.0084,3032.7793,3635.2412,3555.4243,3627.2793,3539.84,3228.3381,2923.1208,3856.0417,3619.5962,3543.1292,2768.556,3482.174,3559.8247,2901.9146,3384.4663,3472.7893,3090.6316,3022.4756,3099.5742,4123.247,4063.2668,3658.178,3419.9165,3642.8494,4106.346,3736.994,3620.4944,1797.7659,3614.3286,3606.9082,3361.799,3387.0977,3776.0244,2017.9807,2931.666,2902.828,3199.6926,3465.1597,3496.504,3820.9082,2553.0178,3746.88,3410.5225,3397.8086,2508.77,3151.3286,3314.0374,3100.6323,3101.4265,3407.9783,1208.4393,2815.5742,2849.74,1978.7228,2948.977,3122.4817,2128.2803,2267.6125,2624.4202
3274.7422,3358.0156,1160.2028,3291.5295,3860.9668,2724.6355,3287.173,1989.1465,3031.4395,3629.2856,3554.6924,3629.6567,3540.5442,3219.6738,2911.0908,3856.4758,3618.9465,3539.2405,2765.0498,3482.9136,3558.791,2916.3042,3385.9897,3470.6245,3088.1895,3016.556,3096.0762,4119.02,4060.093,3656.147,3408.6064,3625.4607,4109.4907,3735.6877,3621.4448,1836.9519,3615.4626,3605.6545,3360.5916,3384.6907,3774.2869,1993.1245,2927.9854,2898.9375,3197.4805,3463.555,3495.1443,3808.0085,2551.09,3744.7407,3407.9243,3396.1663,2503.3928,3151.0342,3312.763,3103.5159,3101.3674,3405.8137,1209.6418,2812.8208,2849.8308,1963.6969,2948.6968,3119.7275,2125.5881,2263.5798,2625.1787
3266.4158,3335.8914,1157.074,3287.6577,3862.0693,2713.9512,3279.1587,1990.513,3025.13,3618.979,3557.001,3627.1404,3542.2388,3216.6924,2907.5417,3857.4617,3618.2747,3534.2964,2765.148,3483.1033,3557.7876,2907.7454,3380.894,3462.513,3081.3416,3009.7056,3087.4758,4126.625,4058.0764,3651.9077,3411.2524,3647.6885,4109.6475,3737.7585,3614.5923,1780.7372,3616.168,3604.6328,3354.7727,3386.8977,3773.0398,1996.7305,2928.92,2889.1348,3194.1487,3458.7532,3492.7917,3802.485,2544.4724,3743.745,3405.8835,3392.3809,2499.7554,3151.813,3312.0586,3094.1482,3101.8699,3404.554,1211.3804,2818.704,2852.5623,1973.8245,2950.4475,3119.8604,2118.5203,2271.2017,2634.9583
3270.8794,3342.2878,1171.0519,3281.0037,3859.2656,2722.7822,3274.2844,1984.1382,3020.9893,3611.6672,3564.1104,3627.6504,3542.8384,3211.185,2914.324,3857.0134,3618.512,3530.3677,2764.086,3482.0452,3560.0146,2911.3257,3382.5627,3463.09,3082.365,3009.412,3083.085,4135.33,4061.7048,3658.0984,3408.979,3677.8655,4103.8037,3737.425,3608.7996,1790.2892,3616.1829,3607.711,3353.2966,3390.4844,3779.996,1993.4645,2931.1946,2887.6768,3201.6135,3457.6848,3496.7927,3803.3574,2553.7324,3744.4214,3411.079,3390.5103,2526.7422,3153.484,3317.0679,3090.3948,3106.3481,3404.0713,1215.371,2818.0225,2856.537,1987.4985,2952.8892,3124.197,2130.7815,2274.3833,2632.1113
3278.6216,3357.6426,1189.6288,3287.3538,3868.7646,2731.37,3283.706,2014.3156,3023.66,3619.9795,3571.6736,3631.8594,3543.934,3207.0127,2932.64,3858.604,3617.8743,3537.143,2773.448,3491.9895,3561.0586,2897.1377,3388.0925,3463.127,3112.0032,3012.4958,3084.2183,4137.283,4062.457,3657.447,3405.4229,3666.6985,4112.4756,3740.4182,3616.381,1844.1365,3624.2095,3614.4707,3360.1565,3403.463,3786.7844,1999.2815,2930.2004,2892.9307,3205.8335,3466.1128,3498.8308,3795.83,2558.8345,3753.9429,3414.5593,3392.8389,2527.8008,3166.9973,3320.0754,3090.145,3115.4548,3407.0732,1223.411,2822.5874,2864.692,1985.4088,2963.167,3127.2456,2135.3396,2276.7107,2638.0037
3274.8064,3364.3347,1217.7615,3280.981,3870.3337,2725.4795,3278.6726,1987.3567,3025.7808,3623.799,3579.0417,3634.1113,3550.0327,3218.1677,2932.843,3864.9517,3625.1072,3538.7617,2782.0798,3492.1877,3564.7625,2912.7185,3391.5457,3457.1853,3104.1855,3012.4385,3089.0972,4144.6157,4068.5857,3665.121,3414.952,3677.9497,4117.2837,3750.0125,3612.9133,1845.4835,3614.065,3615.1125,3368.076,3399.9355,3787.9038,1998.7424,2931.7397,2894.746,3210.692,3462.7632,3505.0225,3812.2666,2570.312,3753.2805,3414.061,3394.813,2554.95,3162.5735,3318.694,3085.164,3115.6768,3405.3494,1212.3643,2824.1926,2870.6414,1998.7916,2957.7217,3130.1982,2114.764,2283.224,2640.2263
3277.2522,3367.4175,1176.5726,3292.6228,3874.385,2719.8337,3287.0686,1993.8451,3024.6638,3631.8806,3568.3752,3632.2532,3553.3374,3220.0515,2937.6338,3867.169,3628.7034,3544.39,2776.3442,3496.1836,3570.2625,2924.3193,3394.5237,3471.5085,3103.9558,3013.614,3093.607,4137.44,4070.7593,3663.2341,3412.65,3634.6135,4114.5415,3744.011,3619.0737,1862.6523,3613.1921,3616.1472,3383.1929,3402.5642,3794.1577,2023.2932,2927.204,2912.3264,3204.2148,3454.411,3502.4011,3811.4187,2555.249,3746.6272,3406.529,3404.978,2539.097,3157.0054,3317.7285,3121.588,3105.9907,3411.7336,1216.8793,2822.832,2873.8647,1999.165,2953.959,3127.1716,2148.026,2283.8901,2652.606
3283.6504,3366.162,1171.8816,3295.6165,3881.3472,2722.8843,3286.4045,2007.1667,3030.6282,3628.412,3568.1086,3635.435,3553.4062,3230.9502,2925.7195,3870.6694,3629.2668,3547.0305,2779.0364,3497.2185,3571.7532,2915.6243,3395.5903,3472.5847,3098.0132,3018.483,3092.7383,4130.0483,4075.7468,3662.967,3424.1772,3628.6067,4107.857,3742.5994,3622.2563,1835.6658,3619.947,3615.4412,3383.343,3400.701,3800.749,2012.3646,2930.7595,2896.973,3203.699,3459.6924,3498.226,3821.1375,2554.1807,3743.3408,3405.4438,3403.847,2526.7166,3155.4048,3314.8943,3106.7375,3112.6938,3415.418,1217.0032,2831.6316,2872.9807,1983.349,2956.8108,3126.6165,2129.9229,2288.62,2647.398
3289.828,3376.7869,1211.0991,3298.0173,3877.9858,2746.1501,3305.048,2000.3408,3038.9512,3629.8247,3568.0696,3637.849,3554.531,3229.8516,2923.6946,3868.7334,3624.9905,3551.2925,2790.7947,3497.948,3571.4333,2924.1738,3397.9648,3485.3384,3104.9353,3025.1316,3098.4011,4133.8164,4077.653,3665.6875,3427.2307,3631.6335,4110.765,3741.6196,3626.6123,1817.5432,3619.4712,3619.4956,3394.6887,3404.3672,3806.246,2017.3662,2935.5608,2901.9038,3206.853,3464.9182,3500.961,3824.272,2556.1077,3749.0002,3407.6658,3405.4153,2518.534,3156.7668,3318.0464,3106.0454,3111.17,3409.1619,1209.5544,2827.558,2869.9844,1987.3281,2953.2053,3125.1555,2145.4883,2282.18,2638.8103
3283.3867,3380.13,1215.2695,3296.835,3870.6882,2749.0132,3284.776,1999.6523,3039.0767,3632.7058,3564.5024,3633.1792,3548.2153,3219.2004,2913.4922,3861.6262,3618.6135,3543.9597,2765.602,3493.3008,3567.3528,2905.5242,3390.5986,3492.295,3111.2065,3027.018,3098.7854,4129.5854,4075.3252,3661.5647,3418.2063,3661.4036,4118.242,3737.83,3625.1199,1821.4789,3616.9229,3617.0952,3393.5356,3405.2822,3809.1846,2031.6605,2935.8625,2913.568,3206.2085,3467.7742,3499.5981,3821.099,2541.5498,3745.947,3409.1716,3400.3928,2512.9102,3153.3782,3313.3628,3101.5806,3108.1729,3417.4631,1221.2103,2823.2947,2869.0864,1986.3713,2955.237,3120.8665,2128.7988,2283.416,2639.742
3293.649,3393.5054,1227.4021,3305.1938,3870.435,2774.3955,3306.8884,2009.759,3038.2175,3636.9326,3564.515,3634.4563,3544.2197,3218.833,2919.7778,3858.8772,3619.318,3548.8767,2759.818,3491.4832,3567.217,2926.7305,3396.3447,3499.0298,3118.354,3032.963,3102.0618,4128.1514,4071.8435,3661.261,3418.6035,3662.1172,4111.6846,3740.7312,3637.602,1822.4314,3619.2107,3617.9885,3424.845,3409.2808,3812.7053,2043.6973,2933.4915,2911.2102,3208.9126,3469.3127,3498.1118,3813.0464,2553.386,3750.1204,3412.4563,3406.66,2503.5076,3161.466,3314.6494,3097.4111,3105.316,3396.5298,1208.6509,2818.0598,2856.2847,1978.953,2956.209,3117.598,2112.2476,2266.4832,2622.5334
3286.9333,3386.422,1260.535,3300.305,3864.8945,2780.531,3300.478,2005.766,3034.7122,3636.6487,3569.962,3631.5115,3544.4177,3211.5361,2927.2993,3861.7747,3617.5852,3546.135,2784.6748,3495.5884,3565.8247,2903.7837,3404.16,3478.1714,3122.2317,3032.4006,3102.147,4132.74,4071.7295,3661.3188,3420.9553,3658.603,4120.8965,3746.6257,3628.3982,1802.3793,3622.2944,3621.269,3401.0396,3417.397,3807.3403,2019.4999,2934.973,2905.158,3215.7212,3473.852,3499.577,3811.3508,2563.5947,3755.5815,3416.0063,3393.1992,2541.0981,3163.7322,3316.6116,3082.5947,3112.3298,3384.0088,1212.2404,2813.1943,2853.8855,1982.5891,2954.4578,3122.5686,2128.0627,2271.1042,2620.0984
3301.753,3389.729,1269.057,3310.946,3876.561,2790.652,3314.8994,2027.091,3039.447,3634.0403,3577.7654,3638.6426,3548.923,3210.5793,2941.0332,3868.6572,3626.4783,3548.9905,2786.8054,3500.5964,3567.4546,2917.9539,3401.104,3493.422,3132.026,3032.2737,3102.6997,4147.199,4075.698,3663.5095,3419.8284,3653.389,4124.6934,3753.0154,3632.6882,1828.0295,3616.8142,3619.9087,3405.7773,3410.9507,3804.5093,2039.3704,2937.7893,2905.9717,3218.6255,3476.3542,3501.2478,3815.2825,2577.7793,3759.115,3416.8494,3401.2866,2551.189,3162.5542,3312.4849,3088.501,3100.5972,3385.245,1205.4492,2814.7314,2859.3335,1975.6205,2954.8103,3121.882,2106.0544,2261.7542,2621.2861
3281.2231,3375.8374,1245.5175,3298.7134,3879.6013,2754.8594,3296.561,2009.9971,3033.118,3637.8254,3579.456,3643.9736,3560.2551,3228.288,2947.651,3878.7976,3640.7314,3567.321,2790.6658,3508.4463,3582.594,2927.72,3408.0083,3494.5908,3119.4954,3031.968,3105.729,4149.3843,4081.5085,3677.0981,3436.9749,3641.0115,4128.7964,3767.4167,3646.129,1869.4681,3611.5222,3628.5806,3426.034,3415.9907,3810.3765,2043.8673,2938.5442,2926.844,3225.1716,3474.1697,3508.603,3829.2507,2578.8235,3756.0867,3414.4954,3420.9038,2551.0667,3162.5771,3319.1072,3135.094,3109.638,3406.3467,1219.1957,2830.3599,2878.6824,1988.7358,2962.154,3134.2532,2134.5706,2284.5664,2654.5508
3289.7993,3385.305,1223.9927,3307.3062,3896.0574,2739.8645,3307.8455,1996.074,3043.312,3646.7463,3570.6326,3645.5298,3565.9897,3236.689,2935.9636,3883.083,3641.695,3570.7166,2786.1702,3508.3367,3588.884,2948.0833,3406.968,3508.7576,3106.8708,3033.326,3106.6096,4138.944,4086.5742,3679.467,3442.2327,3649.2402,4124.176,3756.3647,3640.7969,1896.984,3617.0945,3632.569,3417.0454,3404.8591,3811.4802,2044.7244,2940.3933,2930.055,3214.8125,3469.8435,3504.558,3836.955,2545.741,3747.144,3410.3672,3421.7253,2526.8267,3152.3428,3320.4817,3137.9905,3106.5525,3418.7686,1223.6576,2826.5552,2876.463,1979.1475,2954.2688,3140.0615,2151.7166,2291.9194,2654.8523
3299.7332,3392.7305,1229.0583,3319.6453,3908.2124,2772.4883,3308.2007,2021.5682,3057.4473,3651.965,3577.7444,3650.6562,3565.7673,3255.1995,2931.7405,3880.3562,3639.313,3581.3103,2775.1968,3508.3342,3585.5933,2927.1396,3410.8586,3509.423,3132.0095,3042.4028,3109.8186,4156.806,4095.349,3681.0574,3453.5527,3688.843,4130.295,3753.9678,3651.8855,1830.0535,3622.2358,3626.767,3419.9585,3411.8254,3807.6726,2048.3057,2944.4321,2921.0408,3216.6816,3477.5068,3503.4524,3846.8188,2563.2827,3752.038,3414.697,3424.4531,2511.2002,3157.0715,3317.7974,3129.2578,3111.0266,3414.2188,1212.7153,2833.886,2860.9043,1984.2456,2959.2363,3139.2148,2115.9795,2288.5422,2646.9963
3287.0732,3397.6628,1197.2795,3308.6648,3909.527,2760.0386,3291.5322,2011.4207,3058.6152,3650.0564,3572.6958,3646.8347,3554.0583,3255.5923,2921.5063,3866.3523,3634.9014,3576.6365,2758.866,3496.2175,3578.4976,2930.4307,3399.9521,3508.744,3125.973,3046.4275,3113.4768,4148.299,4095.553,3675.8257,3453.312,3685.607,4122.017,3750.6309,3649.8704,1839.2378,3619.8418,3619.7065,3422.6926,3399.5198,3796.4739,2042.6549,2944.8706,2923.1782,3216.5415,3477.2,3505.4194,3850.448,2541.0176,3746.15,3416.6726,3425.7915,2498.2063,3155.944,3319.846,3128.5928,3109.4385,3423.3196,1210.972,2836.2224,2850.3328,1979.2571,2955.5034,3141.4922,2124.5125,2291.2812,2648.5093
3274.7502,3372.7163,1227.9858,3302.9602,3908.2458,2751.377,3290.278,2004.5675,3058.5938,3649.0154,3569.666,3641.016,3549.9631,3258.3333,2921.638,3866.1343,3632.7715,3567.3032,2758.4126,3492.8337,3572.1204,2925.6406,3388.2358,3494.849,3129.4917,3045.2483,3116.4692,4142.972,4082.859,3669.284,3452.3433,3649.114,4125.2065,3750.4077,3643.0056,1804.973,3618.2153,3617.6177,3403.269,3401.3137,3780.3528,2039.7285,2947.781,2922.7515,3210.4675,3480.7646,3507.5854,3858.3184,2551.9954,3752.6821,3418.9758,3425.507,2505.4536,3160.026,3321.133,3130.593,3113.2354,3417.049,1214.905,2832.391,2839.7556,1989.1394,2957.3167,3140.5627,2118.427,2293.723,2644.6394
3269.3718,3371.067,1179.7504,3295.1516,3900.9365,2742.344,3273.6614,1996.4297,3056.0671,3642.842,3565.2725,3638.5898,3550.729,3251.2874,2913.5632,3861.7966,3632.3752,3560.0786,2766.9702,3490.4592,3569.8315,2925.677,3385.1,3484.8523,3111.1436,3046.6306,3112.0137,4131.191,4074.1423,3666.9238,3444.73,3632.514,4117.3833,3744.537,3634.9138,1810.7953,3614.6792,3614.1873,3387.994,3388.9226,3775.3828,2016.6053,2943.8804,2925.926,3204.3474,3474.6267,3508.4666,3859.972,2550.6177,3747.9968,3417.613,3418.6228,2503.9172,3153.3875,3320.9014,3118.7288,3108.64,3413.9485,1213.7462,2828.291,2837.3323,1977.4471,2948.39,3139.874,2125.147,2289.2373,2647.663
3276.503,3369.0725,1150.3281,3295.3818,3900.6956,2733.5642,3281.1218,1990.8925,3052.6294,3639.1199,3567.1492,3640.157,3550.2466,3247.8606,2917.1165,3863.0742,3630.9624,3552.6528,2762.9102,3491.8267,3572.5376,2913.3137,3384.1462,3490.8572,3110.8928,3041.0916,3106.6245,4131.5605,4076.7612,3666.0945,3432.558,3633.3533,4118.5796,3744.124,3634.6562,1844.0045,3619.0986,3614.717,3376.4438,3393.43,3781.749,2009.4546,2943.1484,2916.493,3202.204,3473.4885,3508.4573,3846.963,2547.7656,3748.2234,3415.3325,3414.1335,2507.0652,3156.4636,3319.9822,3114.6606,3110.3953,3419.51,1202.2592,2829.1208,2838.4697,1978.3317,2949.7947,3135.125,2122.4973,2287.587,2646.8281
3276.282,3373.9387,1166.4147,3298.1482,3891.2598,2736.6868,3279.065,1995.4396,3046.2192,3634.964,3564.0696,3637.5195,3551.3435,3244.835,2919.5486,3862.0647,3628.0881,3551.6836,2773.0227,3493.7024,3571.09,2920.27,3386.348,3489.5142,3111.248,3036.2588,3104.9233,4139.0273,4075.6287,3665.8518,3433.9912,3651.4336,4120.5366,3745.151,3629.4287,1855.7346,3620.1875,3613.538,3381.1194,3401.8035,3786.073,2013.195,2940.3235,2916.9802,3200.4038,3473.3535,3507.5303,3851.2605,2547.0093,3746.577,3415.3584,3413.3306,2501.1982,3156.3997,3316.338,3117.2698,3110.2158,3416.7056,1200.4106,2827.0186,2844.1116,1981.1539,2951.8218,3132.4055,2128.3276,2285.416,2645.5747
3277.6394,3380.032,1191.9563,3297.1218,3878.3064,2738.221,3286.911,1994.2643,3046.0486,3637.9397,3574.972,3638.048,3552.0474,3247.0815,2929.1567,3861.613,3623.8652,3551.3164,2776.758,3491.675,3569.3193,2903.2134,3388.176,3485.3848,3115.2793,3035.1594,3106.3223,4151.325,4080.8984,3675.8645,3432.9397,3701.7986,4123.2188,3748.8386,3628.134,1816.4435,3623.3093,3614.1897,3375.5781,3413.3813,3794.4375,2022.6543,2944.6094,2922.4263,3209.7537,3475.9148,3510.3533,3845.4888,2565.3318,3753.9268,3418.845,3408.306,2519.092,3157.3171,3319.9172,3107.553,3111.5984,3415.602,1220.8212,2826.2651,2841.0842,1991.8384,2955.425,3130.199,2127.2139,2287.3582,2640.3745
3276.9832,3385.918,1222.7649,3292.2302,3865.4297,2738.484,3284.051,2009.0054,3043.9219,3635.0198,3579.673,3643.0125,3553.0618,3239.6655,2934.3096,3861.1304,3625.3542,3556.2192,2784.986,3494.7705,3564.1584,2917.6973,3388.297,3480.3872,3125.4976,3035.8196,3107.7021,4150.909,4085.3723,3676.7246,3431.6719,3690.55,4127.961,3751.5605,3632.658,1878.3097,3626.5686,3611.7256,3393.3093,3414.2278,3794.4385,2014.5621,2938.8267,2921.4912,3210.2632,3480.6965,3508.3433,3841.5166,2563.1157,3754.3245,3418.8481,3415.5952,2531.5618,3161.3096,3317.011,3108.5237,3110.295,3403.8762,1215.4451,2819.7808,2843.7305,1988.9456,2960.085,3121.589,2127.5981,2282.5283,2641.6208
3271.5862,3371.4185,1221.0703,3285.2344,3853.55,2723.4272,3275.3162,2006.2177,3039.3167,3637.5308,3582.0854,3641.8145,3558.2073,3238.9475,2941.2249,3863.777,3629.27,3549.4968,2775.387,3495.637,3569.2732,2903.0874,3387.9558,3481.6719,3121.0781,3036.8364,3107.2888,4150.9966,4084.2026,3682.0352,3430.4082,3690.9937,4132.9097,3753.7593,3623.8325,1852.0945,3620.2454,3612.496,3374.5488,3412.9907,3796.2046,2019.6339,2940.8357,2928.8115,3213.3804,3473.5342,3505.672,3834.645,2572.1343,3748.9883,3411.7031,3400.8616,2549.7122,3154.2686,3313.7224,3088.9993,3102.657,3402.3958,1200.0016,2816.3843,2848.6245,1990.4618,2949.9866,3117.2031,2129.3025,2278.0286,2642.9297
3273.6062,3365.4836,1176.027,3287.451,3845.5059,2714.144,3271.1704,2001.0835,3035.0894,3636.5225,3571.848,3637.9207,3553.7122,3242.6897,2933.8953,3867.4937,3635.3113,3550.0278,2770.8623,3492.5032,3570.4395,2933.2065,3386.6758,3487.945,3111.3696,3031.8242,3106.889,4141.5044,4085.7368,3681.6516,3424.9583,3659.0183,4117.9263,3745.7341,3626.0562,1845.6997,3614.8284,3612.6118,3399.2427,3413.4143,3803.7104,2021.774,2935.9673,2926.8281,3208.3564,3462.8582,3496.5356,3832.0,2561.5251,3741.2815,3404.3945,3407.918,2513.809,3142.3213,3305.622,3128.5212,3095.0596,3395.465,1211.5736,2813.1467,2847.5864,1992.3921,2945.8723,3108.176,2137.3909,2275.6685,2651.5337
3277.2766,3359.3098,1184.9379,3287.6418,3841.232,2717.1697,3276.3208,1999.3077,3038.402,3636.549,3568.359,3638.276,3551.079,3232.4375,2925.2615,3863.6072,3627.75,3549.3608,2782.1082,3492.074,3564.93,2901.1812,3385.1477,3486.3806,3103.9094,3033.7163,3100.9373,4131.3193,4086.58,3683.7979,3420.27,3624.2668,4114.048,3743.6885,3623.051,1851.9852,3620.8032,3611.5327,3383.4226,3413.5857,3809.0254,2033.4137,2934.1648,2911.691,3202.672,3463.665,3490.2659,3815.6296,2551.9495,3740.6528,3400.9263,3396.416,2514.3179,3142.1892,3304.8237,3108.5793,3095.183,3394.177,1210.8362,2816.1333,2846.4014,1985.4946,2949.3271,3107.0813,2135.4485,2280.7964,2646.7915
3276.5894,3350.9275,1209.1201,3281.5972,3833.1929,2719.2424,3282.8557,1986.3506,3032.8455,3633.9,3557.201,3630.7825,3546.6301,3217.3264,2911.1653,3858.519,3620.2183,3538.7144,2768.0317,3483.9956,3562.4272,2919.3875,3383.2747,3485.5662,3103.531,3028.546,3097.3901,4123.0215,4081.6553,3679.999,3413.5137,3635.0205,4111.9824,3738.2573,3613.9211,1833.5432,3617.5515,3610.017,3392.266,3412.8545,3805.9265,2027.6969,2934.2742,2909.4348,3202.2783,3461.6646,3492.8428,3806.1938,2539.5305,3736.998,3402.882,3395.1614,2502.843,3139.5479,3308.9,3101.0193,3096.0845,3391.66,1209.3792,2812.0361,2852.6116,1984.5745,2947.4424,3107.341,2136.8728,2271.7334,2645.6208
3276.4875,3361.3586,1200.5491,3283.1294,3831.3523,2728.4807,3280.7249,2021.3337,3035.7363,3632.742,3565.9067,3629.3762,3541.0466,3204.2002,2907.8025,3853.6536,3611.1436,3533.639,2771.2654,3486.4612,3556.2722,2905.6384,3382.9214,3480.8901,3121.7976,3024.5679,3093.476,4128.103,4075.589,3675.5103,3407.1162,3628.8164,4116.695,3734.8965,3610.4749,1801.6312,3618.3875,3608.3987,3387.6875,3419.1814,3803.9187,2021.9695,2931.2637,2893.5547,3199.703,3463.4534,3495.2283,3791.7278,2544.4922,3745.0134,3405.0151,3388.0059,2506.8103,3147.9556,3309.726,3093.5503,3101.2844,3391.0938,1210.9089,2810.9873,2849.3667,1982.63,2949.99,3103.4456,2130.684,2265.695,2634.0598
3272.5723,3351.1008,1218.8464,3281.2908,3827.8887,2733.6277,3282.0051,2004.8994,3028.5117,3627.0432,3564.0225,3624.936,3546.207,3203.3237,2916.019,3855.1687,3616.2651,3535.3997,2763.117,3484.2588,3562.3628,2916.2065,3384.7034,3477.6772,3108.2085,3022.1345,3093.8848,4130.3496,4070.075,3681.621,3405.5303,3677.1665,4119.784,3741.1936,3607.4116,1871.6359,3612.2832,3611.8306,3389.0908,3415.176,3797.618,2007.5011,2925.411,2900.772,3201.4263,3461.6301,3503.763,3799.6787,2557.0955,3743.8596,3407.1733,3388.4463,2515.0305,3143.4106,3310.846,3108.9907,3098.1697,3393.4116,1203.6608,2804.1895,2852.7761,1989.2902,2943.2014,3103.7798,2128.3936,2261.7927,2639.1091
3281.986,3350.4653,1187.1576,3277.3247,3829.1343,2719.7695,3273.533,1992.9214,3030.1365,3618.9448,3558.4563,3629.3225,3544.5767,3199.3882,2915.6826,3853.906,3615.7761,3530.2258,2763.648,3483.6125,3565.2698,2919.5247,3385.2202,3480.1,3099.6086,3019.455,3088.6484,4128.8594,4070.3867,3676.2942,3401.3906,3661.197,4101.2524,3736.3984,3608.2393,1779.2543,3612.56,3606.8787,3394.3071,3406.6572,3792.6758,2022.0885,2923.5,2892.291,3195.7964,3455.7815,3495.4,3783.392,2540.6453,3733.89,3399.277,3385.6543,2508.948,3134.976,3307.4941,3114.3599,3095.125,3390.2622,1190.5336,2808.4854,2846.2131,1990.9348,2940.3713,3095.5874,2128.7803,2261.4954,2641.2844
3289.2,3358.6108,1222.6483,3285.7678,3841.4734,2734.1638,3284.497,2007.9419,3030.6042,3612.205,3564.086,3627.1177,3547.391,3195.055,2922.056,3852.0115,3615.2954,3535.3035,2762.0745,3490.4307,3566.4353,2926.9653,3387.8542,3488.7542,3099.089,3020.4978,3080.9204,4124.198,4068.5608,3673.5544,3398.271,3650.7903,4105.3276,3733.015,3607.9172,1806.128,3614.135,3608.248,3399.3179,3403.7908,3790.7454,2010.9316,2928.7244,2880.284,3199.0386,3455.2832,3494.654,3776.9006,2544.6372,3734.947,3399.3882,3382.4956,2503.7534,3142.4492,3308.5432,3109.7678,3098.103,3399.6123,1205.5757,2814.1882,2849.6438,1969.7598,2943.94,3100.1997,2140.3555,2264.0317,2638.575
3286.647,3354.7415,1200.7161,3283.5464,3840.7742,2738.806,3283.8303,1993.584,3025.2595,3614.822,3562.4197,3625.2822,3546.7793,3201.7102,2919.9475,3852.271,3614.856,3537.1245,2762.146,3487.381,3570.0303,2919.8499,3393.3079,3482.4314,3098.6362,3016.775,3085.1157,4128.1504,4067.4453,3672.5134,3407.1667,3648.9167,4107.5,3740.4397,3607.5137,1806.9907,3613.2715,3613.4016,3385.1245,3410.296,3791.0125,2019.6578,2931.2266,2879.1062,3203.2502,3457.3845,3498.1504,3781.271,2549.2039,3742.014,3406.395,3381.8691,2513.7915,3143.7893,3312.1638,3094.2,3105.0,3401.0212,1206.6646,2818.1736,2850.272,1981.4274,2946.231,3103.421,2134.0205,2266.371,2636.658
3290.0923,3366.9375,1261.6633,3286.3843,3845.883,2751.8103,3293.3367,1995.9685,3027.4978,3615.3914,3573.3564,3631.416,3550.709,3196.0144,2927.4685,3853.7136,3617.9312,3540.4966,2781.074,3489.3296,3570.3862,2936.6182,3397.3147,3481.2244,3109.8472,3023.942,3088.0378,4138.5117,4072.6804,3678.993,3414.6377,3650.6323,4122.8667,3741.409,3613.3608,1783.6843,3612.465,3616.3127,3398.717,3411.4463,3794.0642,2023.4996,2935.656,2884.8804,3210.9114,3461.7783,3505.3757,3794.8599,2568.0625,3748.8574,3409.613,3390.7217,2518.327,3151.9878,3317.0457,3115.3774,3108.7532,3400.0217,1209.7756,2819.1223,2859.495,1990.4714,2950.1338,3106.2466,2131.9678,2268.131,2640.4734
3287.4087,3364.5894,1190.0549,3287.814,3851.86,2730.3433,3290.1174,2010.9797,3025.402,3620.7134,3569.6946,3633.5586,3555.095,3202.1653,2928.9749,3859.7646,3624.7454,3547.9702,2773.9148,3492.226,3575.2668,2933.7,3396.7285,3493.624,3112.2314,3023.8684,3085.6758,4133.3496,4076.7175,3675.4358,3410.5886,3617.3354,4109.3667,3738.9734,3612.4036,1851.8223,3608.8706,3612.5667,3412.4253,3406.1138,3797.7334,2016.619,2933.721,2887.5674,3206.1123,3457.816,3499.2817,3798.6843,2557.7117,3739.2332,3401.1392,3394.919,2520.2004,3143.3577,3311.4329,3127.9836,3103.6707,3405.6748,1196.9847,2823.6907,2859.8428,1984.4143,2947.0178,3098.939,2125.8662,2269.1917,2643.7766
3292.8245,3354.0396,1174.3516,3289.015,3853.3882,2738.0864,3286.7454,2010.4084,3029.0225,3620.4937,3567.5566,3632.1296,3556.1348,3212.4143,2922.6157,3860.295,3622.9373,3543.795,2761.0996,3494.015,3574.3198,2910.8457,3394.3022,3492.5854,3110.9763,3026.9016,3083.6213,4129.278,4073.6238,3669.1743,3412.5193,3613.051,4103.633,3734.5974,3615.2346,1835.6771,3611.0103,3614.7612,3398.219,3405.8188,3799.585,2013.6202,2935.8145,2881.1704,3204.9812,3460.653,3494.2534,3786.0552,2552.0627,3736.6482,3396.563,3385.4111,2518.2542,3145.199,3310.6165,3108.0107,3104.6401,3405.1375,1201.5554,2827.9622,2860.4556,1983.0405,2945.939,3100.2466,2140.5696,2270.1501,2645.5576
3295.1553,3360.95,1188.6807,3289.3835,3857.3284,2743.0444,3295.2312,2008.236,3031.1428,3629.337,3571.5254,3634.0342,3557.643,3204.429,2918.3167,3857.5215,3622.0166,3547.8938,2765.139,3494.4175,3577.2693,2917.959,3401.26,3488.6528,3104.4116,3028.9165,3092.1047,4132.9287,4073.1294,3670.462,3412.5566,3607.255,4108.9062,3739.6877,3616.698,1817.9857,3615.5466,3614.2085,3403.204,3409.7544,3807.1382,2020.0206,2935.4429,2880.6936,3208.1343,3463.086,3497.4236,3795.5596,2553.6282,3742.9116,3402.133,3385.7463,2503.2651,3147.063,3313.811,3104.1873,3106.87,3408.8557,1223.4357,2830.6372,2858.9297,1983.0337,2947.8174,3104.7705,2142.4043,2271.9924,2647.252
3300.0696,3361.63,1219.9635,3290.4565,3852.4658,2761.0947,3298.7976,2003.6636,3036.5857,3624.753,3575.6248,3635.0793,3551.9658,3201.5696,2926.6406,3859.971,3621.032,3545.4753,2779.5078,3494.444,3577.931,2913.412,3406.4062,3478.1072,3118.7737,3031.9653,3092.556,4134.3315,4077.2554,3671.8342,3416.9814,3619.478,4109.945,3738.7275,3612.9097,1752.4287,3618.155,3618.9922,3396.6926,3414.997,3806.595,2033.7284,2937.2385,2887.1104,3212.6838,3466.1487,3500.501,3793.1006,2561.0232,3747.2861,3402.5732,3386.4675,2513.1685,3149.4478,3318.4214,3095.0664,3113.3628,3394.3398,1203.3671,2832.7896,2855.3223,2000.8757,2950.822,3107.1873,2120.6218,2277.5186,2646.623
3301.411,3374.4565,1230.1086,3291.9277,3852.4375,2759.5073,3311.4058,2003.307,3038.1765,3638.4946,3582.0173,3639.3098,3557.0615,3207.5088,2930.088,3862.1106,3624.401,3550.4824,2783.553,3497.2852,3578.5134,2924.2185,3411.682,3484.054,3120.4146,3035.566,3094.7527,4140.5654,4081.0566,3673.334,3423.5469,3631.6873,4122.5146,3747.2158,3620.9736,1849.817,3617.0417,3621.7878,3405.0505,3417.207,3806.284,2022.9143,2940.265,2899.3198,3219.0723,3473.858,3509.0872,3804.793,2563.9912,3749.2944,3411.0256,3395.8408,2528.601,3153.8674,3320.148,3100.715,3115.3796,3394.0935,1208.1172,2834.0295,2860.5872,1994.8138,2951.0898,3108.6267,2119.7085,2271.7788,2647.016
3293.8472,3362.1206,1199.0089,3287.661,3852.2063,2746.566,3300.71,2009.4176,3042.4766,3640.0537,3575.165,3641.1543,3560.705,3215.3364,2920.6533,3866.2236,3630.4392,3553.1816,2784.5525,3500.4675,3583.6414,2942.113,3404.7913,3498.5942,3112.2957,3037.323,3096.0444,4133.7603,4082.8896,3670.9912,3422.703,3639.3198,4117.913,3745.871,3620.6013,1829.079,3605.083,3621.0112,3422.6104,3408.012,3808.5952,2028.0308,2936.797,2898.6763,3214.4392,3465.7605,3500.9578,3801.9202,2557.6133,3738.407,3401.713,3396.9268,2519.429,3139.7017,3314.9043,3116.1157,3106.7737,3403.8577,1217.6707,2834.4526,2855.649,1983.063,2942.2522,3102.631,2151.9238,2266.3372,2650.7517
3300.3145,3362.5115,1186.8921,3292.5037,3854.1533,2750.0813,3301.0916,2024.4526,3047.684,3641.9346,3577.1946,3645.8062,3560.4465,3219.1543,2909.5542,3862.4197,3625.0767,3554.9563,2761.4077,3498.2822,3583.101,2930.8303,3404.8071,3512.822,3123.8218,3041.3525,3097.2314,4134.3,4084.6785,3671.3633,3420.5566,3611.199,4117.4526,3742.666,3625.9888,1853.3955,3610.5623,3618.4573,3427.9739,3408.3157,3813.4136,2029.2792,2944.3093,2898.3042,3215.7358,3469.3433,3502.01,3795.67,2544.625,3739.623,3403.0657,3395.9824,2490.0232,3141.738,3313.4414,3117.9827,3102.5972,3408.9255,1206.2278,2840.6177,2853.3547,1979.0577,2944.7744,3101.5269,2109.3557,2263.6946,2645.3442
3295.119,3358.8423,1219.6199,3293.5776,3850.1963,2757.903,3302.932,2012.6364,3054.2751,3647.6985,3572.4133,3642.7815,3552.6604,3213.2659,2913.8645,3858.5186,3624.1118,3558.1855,2765.4312,3495.5103,3578.342,2923.9238,3404.2324,3506.2964,3126.8667,3043.2507,3102.3018,4140.9966,4081.1577,3671.3145,3417.1848,3650.9119,4119.4443,3738.5833,3621.8787,1827.3688,3611.9558,3613.623,3418.886,3410.7637,3811.9895,2053.1907,2946.097,2901.202,3210.8096,3473.5188,3499.9153,3796.7312,2542.0117,3742.9126,3405.1338,3391.1736,2484.4753,3142.2534,3311.9446,3112.9878,3100.3547,3402.3694,1210.8741,2834.0012,2845.6492,1975.4752,2943.231,3102.6406,2127.9568,2266.305,2645.7422
3291.74,3356.8286,1220.2634,3290.2954,3849.922,2757.924,3300.8235,2007.7322,3051.911,3641.741,3576.2588,3639.1277,3545.5122,3224.3386,2918.7456,3856.1128,3617.2988,3554.9075,2762.4705,3489.443,3571.2888,2914.5625,3398.7703,3503.86,3135.3284,3041.7437,3099.7996,4148.5557,4083.6548,3668.541,3422.0554,3696.8145,4121.2544,3745.4783,3623.5303,1802.3661,3612.2026,3617.2544,3413.286,3411.3125,3812.0767,2045.2047,2940.937,2900.7124,3221.1401,3476.0051,3498.7583,3799.3445,2554.1753,3746.2725,3409.082,3390.4915,2499.5115,3145.7244,3315.639,3097.1213,3103.7554,3402.3438,1198.8258,2824.3645,2834.9968,1987.9276,2946.358,3107.7188,2123.162,2272.8577,2642.6848
3278.7915,3351.3486,1219.1681,3287.0344,3849.2153,2749.0083,3286.3494,2019.8641,3047.859,3640.509,3576.3354,3638.3652,3537.7002,3215.9785,2921.538,3854.4048,3618.465,3549.0413,2771.5237,3490.38,3558.1023,2908.0781,3390.5522,3479.8975,3136.5098,3038.5486,3103.5337,4151.0293,4080.5952,3662.4902,3424.4556,3694.0623,4117.7017,3746.656,3628.2168,1844.1299,3616.9956,3608.8313,3413.6448,3411.362,3796.0142,2040.3821,2934.2983,2903.002,3214.264,3477.7244,3494.2715,3798.1902,2554.6943,3752.1987,3411.835,3393.9824,2504.4504,3149.796,3308.7927,3099.1892,3105.8696,3385.6135,1204.4518,2813.6863,2831.2893,1981.5378,2948.1155,3111.623,2123.8955,2268.0447,2637.8318
3260.713,3332.9285,1187.6892,3277.7874,3844.4336,2728.688,3274.0132,1998.7095,3041.596,3635.7417,3576.0037,3634.9062,3541.7373,3216.76,2922.4138,3857.8545,3625.3567,3545.4578,2753.086,3484.9695,3554.8875,2894.5195,3376.8225,3476.619,3130.6765,3030.6018,3093.9583,4153.2104,4072.076,3659.409,3422.9133,3699.3977,4118.688,3747.49,3620.296,1875.9009,3602.3743,3606.8389,3374.099,3390.801,3783.066,2019.7852,2933.0398,2899.3406,3209.655,3470.0217,3494.7642,3797.6353,2563.7227,3745.9927,3408.4146,3385.6206,2524.452,3148.6812,3305.8818,3070.3137,3095.6519,3396.1362,1205.9165,2808.0945,2824.3071,1991.1212,2941.4187,3116.722,2120.9048,2268.5007,2636.997
3243.463,3318.644,1136.3083,3269.1892,3846.3508,2687.0603,3253.406,1983.5477,3034.46,3628.741,3560.2595,3630.3677,3535.641,3218.2507,2914.703,3857.9895,3631.3733,3543.4617,2735.041,3478.5007,3554.292,2917.208,3365.0762,3452.801,3100.5078,3021.4856,3093.7231,4138.8354,4064.277,3651.2485,3423.1196,3665.7017,4097.0444,3748.8447,3621.2712,1825.4182,3592.035,3601.1567,3387.428,3384.8865,3765.8506,2013.28,2933.1497,2895.915,3206.1245,3460.6404,3488.694,3808.4883,2550.4204,3733.8643,3398.8306,3396.8186,2490.2778,3134.3625,3305.7444,3123.5308,3092.9226,3391.849,1227.745,2807.2764,2820.2717,2002.2755,2940.789,3118.7517,2147.7122,2274.9634,2653.5164
3244.474,3307.6711,1106.4265,3278.2864,3859.8713,2699.4714,3250.5337,1995.0448,3029.964,3632.3403,3545.5178,3627.0146,3527.672,3220.353,2908.6135,3858.507,3625.196,3538.791,2740.9214,3478.5496,3546.906,2880.6248,3362.7642,3420.7815,3106.2898,3017.0237,3089.4812,4126.757,4062.0388,3640.8118,3415.8284,3607.0127,4098.157,3738.1965,3612.9182,1837.2632,3606.6472,3598.779,3337.2546,3384.6191,3744.8303,2002.2797,2927.6025,2898.8645,3185.561,3459.1602,3477.596,3801.0435,2531.4402,3737.825,3399.2366,3385.6252,2488.0881,3139.9834,3301.1836,3096.7908,3101.9827,3380.225,1211.808,2800.7417,2809.0347,1973.816,2942.3308,3119.0137,2131.2183,2277.0544,2643.883
3256.5134,3321.3398,1117.1624,3279.0894,3859.222,2696.6973,3259.0557,1993.509,3030.5608,3623.153,3553.7666,3625.8538,3531.235,3217.4443,2893.2383,3856.4739,3618.8044,3530.8286,2743.5867,3473.3542,3542.8833,2891.5447,3351.6558,3423.3904,3081.8198,3008.9084,3079.549,4127.3916,4061.2812,3642.7656,3410.567,3625.104,4095.4358,3732.853,3601.6763,1873.7576,3595.297,3596.0793,3321.829,3368.7212,3737.4124,1975.3232,2920.2434,2892.1633,3183.6182,3457.02,3482.6963,3801.9565,2535.173,3734.7712,3400.1873,3385.9268,2480.2644,3138.7046,3302.7683,3079.1294,3092.978,3388.8845,1216.9534,2795.1797,2805.1992,1962.7236,2935.8496,3119.4255,2131.4922,2276.5103,2648.5662
3252.2346,3321.0493,1102.7448,3278.7854,3858.534,2705.3035,3252.1475,1997.4653,3027.4622,3617.4565,3549.2344,3621.3591,3524.9136,3216.8953,2894.4165,3855.4268,3616.8762,3526.2021,2740.2634,3469.5127,3539.5537,2892.709,3348.6958,3425.116,3091.435,2999.4016,3074.3198,4126.1006,4054.8665,3639.503,3401.334,3622.378,4096.36,3728.0735,3600.0015,1835.4249,3601.3787,3593.581,3318.2644,3373.8074,3734.119,1975.0553,2917.9832,2881.7493,3180.4116,3455.8845,3480.7717,3800.4602,2537.1262,3737.6187,3401.6843,3384.8806,2470.81,3140.056,3302.5652,3084.309,3092.3936,3382.2476,1214.1599,2795.951,2808.4783,1964.3022,2940.208,3119.2075,2119.0295,2272.1887,2635.9287
3242.855,3313.9185,1120.2914,3275.9387,3854.6445,2686.1328,3259.3298,1999.2589,3022.495,3611.9202,3547.3196,3616.8381,3523.147,3210.2678,2897.9556,3849.4685,3613.2925,3523.4485,2736.0623,3467.2603,3537.4358,2880.6934,3341.5203,3430.261,3086.4421,2992.8965,3066.3594,4125.0107,4050.731,3638.479,3391.5422,3636.3696,4097.3403,3733.3452,3598.7483,1823.8481,3593.085,3592.357,3315.7134,3365.6252,3735.117,1966.0616,2917.5872,2880.5571,3180.8833,3454.0908,3480.824,3801.9048,2538.0127,3738.3784,3401.4785,3384.7378,2480.0994,3137.4722,3300.6875,3085.9207,3089.9478,3395.4285,1204.2583,2794.6287,2815.6726,1986.3105,2938.027,3124.1702,2130.4648,2273.9106,2643.0784
3241.8833,3301.06,1109.0852,3271.1204,3857.4246,2688.581,3243.9434,1978.5237,3015.354,3601.172,3543.7373,3615.5522,3524.4553,3212.6626,2896.5408,3851.827,3615.0583,3516.2214,2751.7446,3473.7874,3538.743,2883.6272,3348.6006,3424.1714,3068.9553,2988.2144,3064.476,4121.792,4048.616,3637.0137,3394.6838,3652.7688,4086.3083,3728.7148,3588.7722,1828.7777,3592.0508,3590.525,3295.489,3369.8755,3732.5767,1950.8398,2914.095,2871.4236,3179.7744,3448.5593,3477.1416,3793.4053,2538.9731,3730.4175,3397.7336,3375.3308,2487.207,3134.8984,3301.0825,3080.682,3091.878,3386.2854,1191.471,2797.5085,2810.1802,1986.1543,2935.422,3120.3354,2144.8267,2275.757,2645.369
3253.318,3314.7026,1100.9526,3280.272,3862.4448,2698.661,3252.958,1977.1415,3014.6782,3608.6436,3549.2207,3617.2063,3521.2498,3210.3608,2895.4583,3848.666,3614.445,3516.6594,2741.785,3470.7935,3541.1301,2883.56,3352.0117,3434.939,3066.4739,2991.6677,3065.1677,4128.248,4051.1204,3641.0159,3393.42,3650.7847,4089.7004,3728.5278,3590.306,1831.8384,3594.454,3591.274,3313.6008,3370.4463,3740.7305,1970.8235,2914.0757,2866.506,3184.5566,3449.3098,3480.5293,3791.3384,2535.865,3734.339,3400.1292,3379.732,2482.1587,3138.5222,3302.9219,3084.0635,3092.647,3388.9434,1189.1096,2797.8667,2813.835,1979.4841,2939.2014,3117.932,2113.2505,2269.7305,2644.3044
3256.0898,3330.916,1148.6387,3282.0352,3863.5442,2709.4412,3253.4856,2006.0067,3022.6785,3617.8389,3555.7659,3617.2766,3523.1152,3203.4504,2908.622,3851.6177,3614.9028,3518.0527,2755.466,3478.2637,3544.4392,2886.0115,3355.2114,3436.0635,3087.7236,2996.537,3070.7285,4128.0527,4057.9744,3644.18,3391.149,3628.5674,4091.871,3731.5767,3597.8994,1792.4116,3601.8105,3596.9934,3326.116,3379.0393,3748.2522,1963.2297,2918.7385,2880.2424,3189.403,3453.2388,3485.887,3791.4766,2542.9734,3736.4631,3402.1897,3384.3953,2482.6096,3147.3726,3308.683,3094.4248,3101.3677,3398.7703,1195.9459,2804.483,2827.535,1977.8903,2950.3079,3125.582,2121.6204,2282.8025,2646.4788
3259.241,3339.6995,1134.663,3284.662,3869.506,2716.8735,3264.1265,1992.7483,3027.3677,3618.032,3558.6123,3622.2456,3532.4128,3211.9988,2919.2332,3855.8184,3618.852,3523.1548,2746.0217,3480.3943,3547.5007,2883.627,3363.8982,3437.8296,3087.637,2998.1934,3076.903,4140.2354,4062.4998,3649.7493,3397.2432,3655.8542,4109.6675,3741.8228,3596.4175,1880.9183,3600.1108,3601.9604,3322.944,3386.966,3756.9531,1974.4513,2917.8103,2896.484,3196.4812,3456.0073,3493.583,3801.5447,2555.0781,3744.0989,3405.7756,3384.8496,2509.0288,3150.121,3313.214,3092.606,3107.6292,3406.2808,1191.9353,2809.5554,2834.8494,1991.7936,2949.9006,3125.961,2130.3315,2285.7737,2649.8518
3262.1106,3344.9177,1136.5872,3283.651,3865.625,2706.0315,3255.6504,1989.5687,3025.5884,3624.1013,3557.8933,3625.5933,3533.4285,3212.2913,2914.6519,3856.858,3622.863,3527.75,2758.3389,3481.3274,3552.9944,2905.7385,3366.3943,3449.8086,3088.801,3003.5012,3082.089,4133.206,4067.4768,3652.9492,3403.0657,3643.4734,4104.631,3740.8486,3602.713,1790.5065,3596.4644,3602.68,3346.213,3388.1372,3761.2788,1971.5034,2922.1223,2896.666,3194.2124,3454.5586,3492.5815,3802.898,2550.687,3736.685,3401.8972,3390.346,2495.1465,3143.3,3310.4058,3111.0835,3105.0703,3408.1123,1199.8539,2812.632,2843.4702,1988.7018,2945.0852,3121.7466,2125.456,2283.8843,2651.602
3268.8047,3351.6748,1152.4736,3285.0134,3860.0808,2710.433,3267.8672,1993.6792,3032.357,3629.9746,3567.9797,3626.8171,3537.5552,3211.1348,2916.835,3859.7336,3620.1626,3527.2659,2753.1584,3486.876,3555.4253,2888.1284,3373.682,3451.0186,3089.492,3011.3635,3084.1978,4133.1235,4073.4587,3660.0059,3398.0532,3620.7222,4109.8994,3735.6223,3600.4382,1811.0325,3605.8147,3602.532,3348.3496,3390.6523,3771.9124,1979.961,2925.0286,2895.6394,3196.5615,3457.3948,3493.9722,3803.001,2548.9702,3736.3523,3400.5066,3382.7515,2500.596,3146.4822,3311.6262,3105.4373,3107.3445,3415.053,1201.0447,2818.7273,2845.368,1983.7858,2944.2874,3119.3828,2135.7268,2289.634,2654.2222
3274.7683,3359.881,1152.6257,3283.2207,3862.1887,2717.6187,3272.722,2008.4711,3025.9697,3625.3486,3561.5623,3624.4429,3537.6,3206.7932,2904.1658,3856.4624,3616.8516,3529.643,2752.1018,3483.081,3556.7722,2906.953,3377.989,3465.3945,3098.0364,3009.3706,3084.8694,4129.896,4069.4565,3661.0352,3402.6946,3638.9714,4107.928,3735.509,3607.3357,1872.9457,3605.6716,3606.0579,3365.7087,3394.1936,3778.5527,1985.1273,2924.5903,2897.7534,3193.3833,3459.1848,3493.9321,3797.627,2546.223,3737.8855,3398.6646,3389.7075,2491.882,3144.7793,3312.3694,3109.5898,3107.5627,3419.2678,1204.4868,2820.804,2850.233,1983.477,2946.2334,3114.7068,2129.03,2283.939,2648.2905
3285.8135,3363.663,1181.8112,3284.597,3849.8237,2736.01,3275.8152,2005.8928,3031.1157,3620.2212,3569.9048,3626.8901,3538.6877,3205.3013,2921.4104,3854.2825,3614.7542,3530.355,2767.256,3485.4446,3557.2815,2897.76,3380.9849,3455.4294,3106.7122,3010.6543,3087.5708,4138.2417,4063.5706,3663.707,3408.3672,3649.2935,4110.459,3739.93,3608.03,1855.979,3611.0317,3609.058,3367.677,3405.0742,3779.0762,2002.5425,2923.7966,2891.248,3197.407,3462.721,3493.9797,3800.967,2551.701,3746.7969,3401.0195,3385.3171,2509.5632,3150.309,3313.18,3083.3733,3115.6494,3400.7493,1208.7858,2814.6685,2840.8804,1985.1426,2949.4214,3111.8584,2131.1345,2277.471,2636.682
3273.0269,3352.9094,1159.062,3277.5164,3836.4414,2715.2273,3275.553,2006.2163,3024.6162,3618.847,3566.1946,3624.5845,3543.0142,3198.5723,2916.157,3854.8894,3618.9814,3535.376,2754.7456,3485.9531,3557.4436,2898.663,3376.3987,3459.886,3095.722,3007.408,3084.7134,4138.4224,4058.3257,3664.05,3400.5266,3678.775,4113.1704,3741.8003,3606.5527,1824.1619,3603.652,3606.3362,3361.0405,3400.3008,3773.8142,1994.2561,2921.4915,2892.5886,3198.992,3459.2039,3493.5,3786.0562,2558.8074,3737.4119,3400.8044,3378.502,2517.205,3142.5063,3309.7217,3104.5657,3108.7278,3408.268,1213.0125,2808.763,2844.434,1994.0903,2942.814,3108.6614,2146.4282,2275.289,2643.7432
3279.7017,3342.3,1142.4142,3274.1406,3839.895,2713.082,3268.796,1987.7223,3023.8735,3616.9683,3559.0942,3623.9941,3541.9192,3206.443,2916.4253,3855.6968,3621.7844,3530.3123,2753.18,3481.6787,3558.9998,2911.0105,3378.3904,3462.359,3083.0222,3009.0222,3081.7664,4129.579,4058.0227,3662.3374,3401.1125,3672.3796,4095.7202,3736.691,3603.1355,1818.9893,3598.9373,3602.2493,3369.5671,3384.4727,3768.1318,1996.1302,2919.0613,2878.2825,3191.2986,3451.3794,3488.3635,3776.362,2543.375,3727.2122,3393.552,3379.674,2490.1572,3130.4697,3306.5808,3107.667,3101.6885,3403.758,1203.1638,2807.416,2833.5613,1972.867,2934.7104,3100.3657,2129.3494,2261.0625,2648.2227
3280.0806,3338.4563,1141.2073,3284.6602,3842.774,2714.743,3272.8782,2003.626,3029.117,3617.7253,3558.9158,3623.9353,3538.8386,3196.7437,2908.5234,3852.667,3613.247,3522.9011,2745.339,3483.947,3552.1533,2888.5103,3379.8662,3454.3372,3090.1519,3010.0376,3077.623,4124.209,4054.8628,3658.9807,3394.7188,3646.1978,4099.177,3730.6692,3594.6128,1809.6896,3600.109,3595.9922,3345.6929,3383.405,3763.52,1992.4156,2920.3447,2869.2666,3190.46,3452.7473,3488.0078,3766.0425,2545.4465,3728.9705,3392.8257,3365.5444,2491.6335,3138.3152,3304.8025,3084.004,3099.5835,3405.3948,1208.7153,2806.464,2824.2605,1969.7164,2938.9324,3104.9338,2138.6223,2260.934,2639.5352
3273.7546,3332.3623,1180.8695,3286.0369,3847.5952,2709.5054,3265.815,1997.2643,3026.7354,3616.306,3560.3706,3621.8723,3536.8418,3197.1064,2905.7087,3852.5762,3615.465,3529.118,2750.3792,3479.0461,3553.3557,2911.4912,3378.9465,3456.301,3085.2646,3006.2385,3076.0383,4126.5977,4056.2437,3659.102,3396.4045,3633.4954,4096.9004,3732.3044,3601.4502,1789.7141,3598.1978,3600.5566,3348.9724,3382.3242,3759.3335,1983.377,2924.1157,2864.045,3194.618,3455.087,3492.594,3775.4985,2536.9082,3733.7837,3397.4817,3380.0195,2483.3386,3138.0222,3307.8572,3105.9392,3103.7551,3406.3062,1196.9835,2808.6501,2827.6191,1983.4532,2943.8704,3108.396,2127.812,2269.0981,2647.5317
3264.6577,3334.421,1128.0464,3285.9185,3851.4177,2715.154,3268.1387,2005.0911,3031.7815,3618.2163,3559.9468,3621.957,3534.167,3198.5986,2906.363,3848.9207,3611.5505,3525.1838,2752.826,3480.1208,3551.0505,2890.3428,3379.8157,3456.9153,3098.5464,3005.5115,3081.183,4120.959,4059.6047,3654.4097,3395.8445,3598.8604,4101.783,3733.91,3601.5195,1849.868,3607.1707,3599.8333,3345.7693,3389.4478,3760.7961,1983.8016,2918.5957,2872.628,3189.7773,3458.4792,3493.3525,3777.0254,2543.5693,3739.484,3402.01,3376.2607,2498.2422,3146.2148,3311.5278,3098.6667,3109.2112,3411.4844,1202.6688,2807.423,2828.4229,1961.1061,2946.1558,3114.984,2126.7075,2274.7776,2642.481
3261.8235,3342.5696,1156.2028,3280.6797,3854.263,2718.104,3269.9807,2000.3639,3029.9116,3626.7637,3571.4216,3625.7495,3541.1536,3204.2769,2921.9893,3857.2341,3617.3662,3533.509,2758.898,3480.4624,3553.3806,2896.227,3383.509,3446.6294,3092.541,3008.4795,3085.3313,4138.341,4066.0828,3661.8271,3406.015,3641.17,4105.2065,3744.284,3604.8162,1881.954,3600.4004,3604.8313,3334.5627,3386.5667,3758.223,1984.4534,2922.1526,2882.5808,3203.9463,3464.714,3499.2842,3789.0693,2560.6772,3747.941,3406.431,3383.7222,2525.6162,3150.196,3315.1519,3090.1255,3110.0886,3400.6685,1209.9181,2808.95,2833.4758,1980.7299,2945.1658,3121.3406,2127.8184,2277.4182,2648.0835
3263.6052,3345.245,1149.7782,3288.5793,3862.5876,2703.9438,3275.0115,1996.4744,3028.2747,3627.4963,3565.3762,3630.749,3544.6326,3210.434,2912.9316,3861.9028,3625.8928,3537.155,2763.3809,3487.9028,3560.138,2915.2913,3384.767,3467.6829,3087.566,3008.1426,3088.508,4123.946,4065.317,3661.5566,3406.6775,3616.0964,4106.395,3740.1208,3612.8657,1832.8727,3603.549,3605.935,3360.904,3385.361,3766.3225,1980.7294,2922.3406,2882.3142,3195.5178,3458.51,3493.962,3792.8784,2553.4058,3736.1946,3398.0237,3393.519,2504.9106,3141.7046,3308.4753,3107.55,3104.1338,3411.3298,1201.0308,2811.0542,2840.026,1970.954,2944.9468,3119.778,2124.3433,2278.7007,2657.0867
3278.631,3348.761,1150.1544,3299.431,3870.0994,2721.2385,3268.249,2003.8347,3042.32,3626.6387,3571.0527,3634.8909,3546.8757,3216.833,2908.4731,3866.3684,3624.772,3534.5415,2762.0156,3489.5583,3561.4978,2889.2295,3386.5083,3475.983,3087.2727,3013.9907,3086.6953,4146.8315,4076.0051,3668.541,3409.785,3647.6523,4111.602,3742.374,3613.439,1806.8395,3610.2153,3607.5737,3359.9382,3392.9897,3777.6936,1986.4153,2929.8054,2874.8765,3202.9724,3463.7485,3496.5352,3798.7483,2548.079,3740.3486,3401.178,3387.8757,2508.5369,3147.008,3311.7327,3098.3857,3108.0496,3416.628,1208.2113,2822.3076,2845.6274,1978.0894,2950.726,3121.3538,2157.2324,2287.037,2652.4758
3286.3235,3368.2205,1207.1667,3299.3508,3869.9026,2739.7275,3272.2021,1994.6896,3040.5305,3635.76,3571.855,3635.8386,3549.6162,3220.8547,2916.8506,3864.5005,3622.7979,3542.1562,2775.6719,3491.0732,3566.813,2905.366,3390.33,3485.7026,3091.5369,3019.6184,3089.946,4143.232,4087.349,3674.7795,3420.409,3665.195,4120.152,3748.2603,3619.3345,1833.4968,3616.127,3611.1858,3374.2788,3402.2656,3788.9734,2000.5248,2932.122,2884.262,3205.9836,3466.6816,3502.1885,3807.2134,2550.5854,3744.0588,3406.0771,3395.949,2499.1272,3150.0942,3315.0833,3107.9438,3108.7068,3417.9585,1202.0419,2821.1064,2848.8633,1984.5112,2952.6152,3121.432,2146.977,2291.0894,2655.1577
3287.9622,3369.623,1196.6226,3298.8625,3870.1252,2742.0222,3280.8254,2000.582,3047.8608,3641.6206,3580.9863,3637.1975,3550.0989,3217.1963,2923.6953,3861.5776,3620.4944,3548.3584,2763.262,3492.7034,3565.5732,2890.4412,3395.5647,3478.2808,3117.4023,3028.9636,3095.8645,4144.3506,4086.229,3675.8337,3420.0942,3677.27,4119.9453,3745.756,3629.605,1843.445,3617.752,3614.99,3385.9487,3407.6306,3798.8796,2001.7426,2933.5374,2892.2744,3206.4023,3475.3933,3504.8774,3810.3638,2553.0605,3748.8723,3407.6487,3400.7727,2517.5288,3156.6921,3319.6445,3095.2095,3115.1396,3423.401,1206.3661,2825.0623,2856.6516,1984.8783,2958.4807,3124.9617,2143.8079,2295.6992,2658.729
3293.4768,3384.5662,1242.0222,3300.2332,3862.3596,2744.6677,3287.9067,2013.409,3050.8105,3637.9524,3585.0466,3642.5845,3555.774,3218.4348,2928.565,3864.7744,3628.8887,3556.453,2778.2476,3493.926,3569.4534,2918.6802,3396.283,3486.3218,3120.0127,3036.309,3102.3865,4147.1157,4090.2847,3681.9634,3431.5273,3675.2573,4128.524,3752.2224,3628.6719,1836.0592,3608.2476,3613.768,3392.6655,3406.6062,3792.0037,1996.7748,2939.182,2891.5627,3210.2197,3474.5945,3509.9656,3817.3228,2565.2964,3747.604,3411.27,3403.9128,2517.8418,3150.0408,3313.8962,3106.6375,3106.6997,3405.4304,1204.207,2824.2473,2855.0747,1975.9884,2953.7944,3115.5347,2137.7324,2282.4187,2651.4412
3288.9697,3374.005,1165.6063,3293.7617,3863.5886,2734.3955,3287.271,2002.414,3043.6284,3638.562,3570.6174,3640.065,3557.9695,3218.5002,2929.2263,3865.125,3630.364,3556.0527,2771.9575,3495.873,3574.4797,2899.285,3401.0034,3485.5886,3107.7231,3039.5283,3104.123,4133.658,4082.863,3678.7654,3428.1775,3642.7954,4119.5933,3746.2383,3628.5706,1871.4993,3604.4365,3609.1943,3388.782,3397.8794,3794.9866,2003.4454,2939.874,2896.421,3206.7622,3468.477,3504.198,3815.6384,2551.205,3737.694,3401.9214,3402.0173,2515.5803,3140.9763,3309.6943,3109.2559,3095.9534,3406.6365,1218.3345,2825.8088,2852.8613,1972.3466,2944.5852,3108.537,2143.2708,2276.762,2651.9514
3287.9375,3361.032,1179.1606,3292.7383,3860.0374,2730.1619,3287.8367,2011.4404,3043.9995,3639.089,3565.8118,3639.837,3554.966,3214.807,2919.6304,3862.996,3624.693,3556.9,2763.5657,3497.09,3568.98,2904.2747,3393.892,3478.2854,3106.99,3040.0078,3100.7063,4130.609,4082.626,3673.2563,3425.1282,3633.0042,4114.8667,3740.5493,3632.713,1864.0015,3613.8682,3610.3486,3383.8289,3396.308,3793.2556,2010.3087,2938.2874,2896.7727,3204.159,3467.2515,3501.3645,3807.5344,2549.2776,3737.7188,3401.1885,3401.4968,2497.7903,3143.6125,3308.63,3105.2256,3099.4377,3406.6902,1213.6664,2824.9917,2851.5317,1989.8342,2947.9153,3105.998,2137.449,2281.6643,2658.287
3290.5825,3357.0205,1192.0404,3296.8984,3862.0532,2749.6875,3296.03,2001.2527,3043.025,3633.149,3564.807,3637.6165,3554.532,3225.3228,2909.563,3861.1953,3624.9924,3561.4248,2757.9316,3493.6704,3566.6963,2898.8557,3397.248,3472.0198,3108.5315,3036.7922,3099.559,4138.546,4079.563,3672.217,3429.1245,3666.9165,4119.3564,3740.4463,3635.4182,1830.6912,3613.04,3609.7568,3385.2234,3400.577,3789.9783,2010.2216,2937.5989,2890.6953,3204.7158,3470.491,3501.4456,3813.2622,2543.9436,3739.1096,3404.395,3401.052,2492.3247,3146.5413,3307.2695,3091.0469,3103.047,3402.5437,1193.6326,2817.7603,2840.8057,1980.4983,2949.409,3106.7622,2129.6511,2281.566,2658.533
3287.6826,3362.6672,1219.3164,3296.6897,3863.2473,2766.188,3291.9539,2012.3921,3043.8423,3635.4863,3570.4355,3636.5972,3548.1248,3227.09,2923.461,3856.4175,3620.1895,3553.5083,2770.1812,3492.765,3558.449,2889.4558,3389.4036,3455.8203,3124.3145,3033.938,3102.4907,4145.1406,4079.3762,3666.7542,3430.6875,3685.682,4115.562,3745.2239,3630.362,1846.4436,3612.1675,3603.6272,3377.2437,3401.2424,3780.5247,2025.7631,2933.733,2890.1409,3209.4216,3473.8752,3499.951,3813.2058,2555.5103,3746.471,3410.364,3399.891,2506.3245,3148.6462,3307.2817,3094.986,3104.5063,3381.1697,1196.7876,2810.7603,2826.4395,1991.2838,2947.8076,3110.4907,2130.336,2281.112,2651.164
3270.232,3348.1445,1196.0824,3284.9536,3866.5505,2738.3813,3279.5676,2012.9304,3040.633,3628.6104,3566.4717,3631.5264,3548.461,3223.8342,2926.8706,3859.991,3623.734,3551.7927,2763.4312,3492.9963,3558.1768,2895.166,3383.6477,3451.3313,3109.0647,3030.5913,3100.279,4145.824,4070.5881,3665.3452,3425.9639,3680.664,4116.9634,3743.4758,3628.481,1863.8597,3603.479,3601.4324,3366.2532,3387.3894,3772.4817,1999.4686,2933.0562,2898.5933,3209.737,3468.9363,3496.4734,3809.6135,2554.1243,3738.654,3406.2163,3399.9287,2520.5005,3147.6675,3303.31,3093.5315,3096.837,3395.7927,1207.1407,2809.104,2821.9087,1978.9657,2944.1401,3118.8354,2142.8525,2274.734,2657.7627
3270.252,3339.6597,1197.3987,3290.3608,3872.597,2727.4614,3281.1511,2003.4036,3038.0574,3635.8074,3556.4414,3633.6392,3542.5034,3223.525,2922.223,3864.127,3628.3438,3550.2112,2767.5972,3491.102,3559.061,2909.6895,3375.911,3461.536,3108.1658,3025.9143,3099.285,4138.0713,4068.5845,3657.3132,3424.3215,3652.0403,4112.554,3738.2007,3626.7014,1796.4718,3602.2773,3599.0554,3368.0312,3385.9824,3765.5996,2008.3403,2933.745,2888.343,3198.6658,3462.055,3484.5051,3809.0244,2549.463,3734.2039,3402.5867,3400.743,2499.5293,3137.886,3295.9302,3115.3428,3087.0154,3382.6987,1189.1006,2803.739,2805.864,1978.4176,2938.3264,3112.1106,2124.0508,2263.0251,2645.909
3267.8809,3336.2874,1182.7098,3291.9175,3875.707,2740.4265,3283.475,1997.8916,3041.0867,3639.3687,3550.885,3630.4456,3540.327,3228.0752,2922.0264,3863.8452,3623.2139,3546.9365,2783.4172,3488.0408,3556.5627,2893.0125,3374.9949,3452.3203,3092.5718,3022.5762,3093.0864,4129.399,4067.606,3657.6716,3421.8428,3621.384,4103.8115,3738.1758,3619.4888,1841.6403,3609.4534,3599.7454,3340.4443,3384.6108,3762.1274,2004.0181,2928.5967,2887.037,3194.7002,3462.2004,3483.6711,3803.7122,2544.343,3733.4348,3401.7566,3390.5103,2513.9272,3140.3552,3294.705,3077.8584,3082.4438,3373.1008,1208.287,2800.1467,2801.1643,1965.0643,2932.3408,3115.3235,2120.6672,2262.292,2634.1758
3270.5789,3351.8894,1159.8207,3292.269,3875.89,2713.6223,3279.202,1987.9875,3044.6047,3645.618,3551.6067,3629.789,3538.5352,3226.444,2914.1763,3861.1895,3620.9346,3542.262,2765.7239,3487.617,3553.6816,2897.7502,3369.9146,3458.5415,3090.3015,3016.6877,3091.7346,4127.881,4069.472,3658.2412,3418.5679,3621.479,4107.217,3736.2646,3622.1553,1830.2938,3611.7412,3599.91,3348.9534,3386.0833,3765.6946,1992.4591,2925.0693,2891.0505,3192.8,3467.4536,3487.5173,3810.164,2541.578,3739.3845,3403.0715,3396.9988,2497.876,3143.5378,3299.332,3090.0908,3085.7986,3389.6975,1183.3636,2800.7256,2811.5789,1973.708,2943.973,3119.3406,2121.966,2274.1338,2642.8726
3277.628,3354.9697,1178.8018,3295.567,3872.246,2736.3354,3272.123,2006.7643,3049.8557,3641.013,3560.2356,3629.8643,3536.315,3229.2556,2912.991,3859.827,3619.2896,3544.1282,2773.7737,3491.2026,3549.4368,2888.1113,3369.7634,3457.9697,3106.0369,3017.5193,3094.098,4141.958,4075.642,3658.7065,3425.9854,3649.6218,4118.1597,3738.2146,3621.131,1885.5763,3615.5908,3601.674,3345.707,3395.3044,3766.216,1999.027,2926.5222,2892.8086,3202.343,3470.8335,3490.3586,3811.4695,2549.1267,3746.7202,3409.2598,3397.7717,2508.318,3148.639,3302.1746,3076.6074,3096.8052,3385.9705,1210.398,2801.1301,2816.2163,1977.0787,2946.4756,3120.5537,2129.8098,2278.907,2640.4465
3276.5298,3362.523,1193.0288,3291.539,3868.7224,2741.8206,3272.0933,1999.0013,3043.3606,3645.8892,3569.3564,3631.7185,3539.3508,3231.9836,2926.12,3862.3484,3621.3616,3539.8455,2783.4062,3491.4888,3549.8584,2886.9143,3365.3872,3461.9995,3101.076,3016.708,3101.7212,4149.042,4078.233,3660.8694,3422.2822,3696.572,4117.7007,3741.8906,3619.556,1875.378,3613.8984,3602.0532,3350.2559,3387.5947,3772.6252,1989.0634,2925.601,2898.4675,3204.961,3472.206,3494.9526,3815.2883,2557.4294,3744.5295,3409.272,3399.6377,2530.5916,3149.1462,3304.8545,3089.4207,3095.1597,3392.5366,1205.6223,2799.1165,2827.0803,2000.7992,2943.482,3121.103,2114.8606,2281.018,2650.2344
3272.378,3362.817,1194.9503,3291.3862,3867.791,2731.4167,3272.6924,2007.3882,3042.2544,3644.4934,3565.27,3634.8381,3540.6736,3228.4521,2927.8638,3865.5344,3626.203,3545.4536,2767.807,3497.0193,3554.0522,2885.4846,3374.2688,3465.474,3096.331,3016.4949,3099.6406,4136.462,4074.7615,3654.9893,3419.3599,3673.406,4113.6187,3739.6448,3623.376,1868.0942,3608.3884,3599.9844,3370.2617,3385.5251,3779.061,2001.7678,2926.2905,2897.1194,3202.5244,3465.937,3485.9626,3812.4712,2551.441,3735.7166,3402.6067,3399.0208,2522.375,3144.1582,3301.4695,3092.9678,3092.7646,3400.5483,1201.4802,2802.5305,2829.752,1977.4767,2944.8625,3116.1833,2128.2092,2278.9016,2652.95
3275.2258,3357.355,1192.2983,3290.5212,3863.9058,2724.1775,3268.2642,2000.8094,3044.1177,3653.4495,3559.6035,3633.723,3540.173,3231.6855,2923.508,3862.1775,3624.3608,3541.958,2771.43,3493.8774,3555.106,2889.0498,3373.3684,3467.962,3092.8643,3019.7305,3101.2693,4133.539,4076.8633,3654.7673,3428.1243,3654.782,4109.244,3736.642,3619.906,1814.0245,3613.4348,3602.2605,3361.8882,3392.3718,3781.783,1999.8176,2932.9548,2898.1912,3198.8557,3467.883,3485.6973,3813.1846,2553.447,3736.0913,3404.3945,3400.595,2510.7583,3142.1057,3302.3884,3102.3213,3096.6982,3401.7073,1210.467,2807.4478,2834.1938,1980.93,2944.7642,3116.429,2131.3408,2285.072,2655.027
3275.197,3354.6943,1218.4913,3293.0198,3866.582,2726.0605,3280.554,1983.7125,3049.0728,3656.3882,3562.5637,3634.036,3540.297,3226.5781,2923.547,3861.8374,3620.6997,3542.9958,2773.0923,3492.4207,3554.144,2893.052,3382.0776,3464.309,3080.8728,3022.4568,3107.245,4131.765,4073.3257,3653.8657,3420.8777,3635.393,4110.3945,3735.0535,3620.325,1817.4711,3614.6755,3601.2075,3359.864,3389.397,3785.1472,1995.334,2927.3203,2896.6672,3196.494,3468.6995,3488.6401,3809.7312,2546.5312,3737.0957,3403.853,3398.5256,2512.6865,3144.661,3305.3984,3093.157,3099.4958,3406.1462,1197.6248,2803.349,2829.953,1972.8331,2942.9507,3116.2717,2137.6467,2283.0754,2647.8752
3267.5422,3345.2427,1187.2219,3290.2388,3859.9856,2718.273,3274.854,1994.3959,3052.4712,3657.2957,3559.4292,3633.4683,3537.7573,3224.4624,2915.4583,3860.5178,3620.609,3549.794,2763.0684,3484.0215,3551.0398,2885.0513,3383.474,3465.2825,3085.1128,3022.3918,3108.393,4126.38,4076.314,3654.8738,3420.683,3635.8962,4110.8564,3732.4514,3623.9082,1833.0453,3619.0427,3599.0867,3359.9326,3391.092,3783.4512,1996.6187,2931.342,2908.498,3195.4644,3471.8005,3487.021,3809.5144,2554.2385,3737.5098,3405.638,3403.2417,2505.2083,3142.9302,3304.227,3096.3145,3100.1223,3407.277,1199.5034,2804.6787,2828.086,1973.4059,2946.8184,3118.3914,2129.3752,2281.508,2650.2166
3262.6619,3328.5864,1201.5552,3291.641,3858.7563,2722.0457,3278.6375,2009.9221,3056.0542,3657.8054,3561.8413,3634.4946,3534.6606,3227.1902,2916.7546,3856.3757,3617.7546,3549.6106,2763.8413,3483.4224,3543.9731,2883.5608,3375.8599,3447.2166,3100.97,3027.0989,3111.764,4143.241,4076.374,3653.1736,3423.3103,3664.9846,4113.8105,3738.0847,3628.9697,1885.123,3621.0986,3598.487,3346.5374,3391.7732,3768.9194,1991.9113,2932.9558,2915.222,3196.6982,3476.4563,3490.2583,3815.6917,2559.0916,3743.7043,3408.5898,3403.3057,2508.8616,3148.8645,3302.319,3079.074,3103.54,3394.7822,1217.2958,2800.382,2814.6245,1980.143,2946.6255,3118.9033,2139.4104,2270.608,2639.9338
3254.8323,3318.5383,1188.5721,3282.198,3851.4082,2712.2056,3255.7166,1986.8365,3057.126,3654.5977,3553.6501,3632.7559,3534.8665,3225.8147,2923.263,3858.041,3621.1265,3541.8645,2773.2717,3480.9927,3540.7273,2886.9163,3365.9934,3434.542,3088.3208,3027.176,3118.5103,4139.779,4079.487,3654.3984,3421.5464,3696.5984,4110.4956,3732.4102,3616.3857,1820.8961,3619.041,3591.8909,3333.507,3378.9863,3755.2385,1978.8081,2933.8494,2920.685,3192.566,3472.926,3488.4656,3812.6963,2560.4387,3738.3843,3405.147,3399.2327,2535.6675,3142.547,3298.8557,3081.8862,3094.129,3388.691,1196.229,2794.7788,2802.4868,1990.1947,2940.1565,3115.2537,2150.9688,2272.7715,2637.8918
3255.7715,3308.7195,1158.7642,3287.6714,3852.1064,2686.0078,3249.6443,1999.5793,3057.0623,3664.1672,3547.7146,3633.5269,3535.2766,3226.1724,2919.7825,3859.983,3625.0427,3540.3503,2752.3186,3479.1968,3541.5999,2879.984,3359.853,3429.938,3078.2905,3031.9011,3112.558,4132.6255,4077.856,3657.4744,3409.074,3667.375,4102.8496,3730.2012,3619.0474,1867.376,3616.9387,3589.5051,3328.2815,3373.5168,3745.8494,1973.3793,2937.442,2925.8784,3187.3584,3468.4116,3481.9265,3800.891,2546.7832,3730.0535,3399.2668,3393.996,2508.2825,3133.8242,3289.3916,3065.7864,3081.986,3384.8398,1206.3073,2797.3755,2792.834,1971.293,2936.4595,3106.0977,2129.288,2259.2625,2641.143
3256.7314,3306.1711,1167.3162,3284.6917,3847.9731,2681.6353,3235.2961,2007.1292,3059.1672,3664.243,3546.8062,3628.6794,3532.7583,3223.3616,2919.0273,3858.5908,3622.5107,3539.8943,2775.013,3477.5093,3540.5457,2890.364,3356.3967,3428.114,3084.085,3028.765,3115.5095,4128.3403,4081.855,3662.0327,3413.3733,3637.8923,4100.4062,3733.4421,3615.9507,1816.0165,3619.445,3587.846,3321.2854,3383.8164,3746.8208,1970.6255,2945.22,2930.7166,3184.0,3468.7104,3486.8015,3796.387,2550.3672,3734.4243,3401.887,3393.06,2506.2593,3137.3032,3291.338,3087.5437,3084.836,3377.9236,1208.6259,2800.9429,2797.056,1974.5924,2943.3625,3109.5713,2149.1663,2265.5251,2639.8716
3261.1865,3316.3582,1142.8866,3287.6672,3843.5994,2682.9531,3250.7205,1994.5992,3055.3381,3653.6228,3547.7969,3630.5042,3536.7522,3219.4116,2911.2708,3856.2844,3621.9663,3538.0393,2773.1133,3474.066,3542.2048,2896.3044,3355.4683,3433.112,3068.425,3028.076,3107.4873,4127.136,4082.3628,3671.51,3414.0955,3622.686,4100.285,3733.4463,3613.2896,1849.2152,3618.538,3591.8682,3317.3772,3380.4744,3750.3438,1965.6866,2938.358,2922.144,3182.2747,3463.744,3491.2942,3799.317,2543.374,3738.3616,3399.728,3395.261,2502.0347,3138.1445,3294.1858,3079.896,3085.263,3380.322,1196.0779,2802.5283,2805.0159,1975.4645,2941.077,3104.787,2127.3481,2269.4297,2641.028
3261.5542,3316.5103,1168.8737,3285.7297,3835.2224,2689.389,3249.9443,2006.065,3053.042,3647.8892,3553.5134,3628.1602,3534.792,3216.188,2915.447,3856.7888,3617.245,3544.3154,2784.3323,3477.4314,3539.7578,2883.3193,3358.314,3409.8782,3089.5293,3025.7192,3104.8154,4134.181,4084.8398,3676.9495,3415.3584,3631.473,4109.667,3736.6387,3613.4626,1827.1417,3627.8245,3590.5032,3308.2815,3391.7039,3751.7686,1986.028,2941.1394,2928.776,3189.475,3466.1946,3496.0562,3803.001,2556.3645,3744.9333,3401.2158,3396.723,2521.0642,3143.9688,3298.8567,3070.0613,3092.8743,3378.8247,1199.5447,2806.9126,2810.6033,1981.8646,2943.1257,3106.2778,2139.568,2276.5764,2639.0054
3263.0583,3322.6829,1174.1641,3279.8765,3829.0696,2692.56,3250.6355,2000.9106,3045.8643,3646.2415,3561.6855,3628.2478,3540.3203,3217.1255,2923.329,3857.829,3620.4429,3544.3567,2785.4211,3479.8088,3540.4265,2884.436,3356.8875,3408.4636,3087.5156,3019.3647,3107.1448,4144.6494,4083.0505,3682.887,3415.514,3673.7527,4115.1797,3740.2507,3612.0408,1893.1783,3625.0488,3589.5867,3306.4058,3392.2078,3754.1533,1964.5785,2930.6614,2924.1753,3189.8643,3466.0999,3500.293,3799.021,2559.571,3744.1772,3403.3699,3393.4253,2542.2473,3142.3582,3298.3918,3070.951,3091.5977,3377.0247,1209.2261,2803.747,2817.7686,1973.6417,2938.898,3102.398,2126.1401,2270.7188,2645.9666
3263.996,3309.6929,1141.9017,3270.6248,3826.1594,2679.2654,3243.8235,2009.6138,3039.6128,3637.6448,3555.3862,3628.327,3542.732,3218.617,2917.1304,3860.224,3622.965,3543.4824,2792.8196,3480.4019,3542.3916,2893.73,3354.4976,3410.6958,3085.2502,3016.5427,3101.776,4137.779,4082.2188,3683.8145,3414.9502,3665.828,4110.5205,3740.373,3613.16,1889.1664,3618.8093,3588.1184,3328.3135,3386.2703,3759.198,1978.1039,2931.0918,2924.3955,3186.475,3459.505,3493.4482,3795.873,2556.6328,3732.9678,3396.2864,3395.8057,2517.2598,3134.5972,3294.769,3098.8777,3085.4812,3373.49,1213.0316,2815.0276,2824.4568,1985.7982,2937.5056,3096.1416,2132.7324,2272.7659,2655.8335
3274.55,3316.8674,1133.9613,3274.8333,3827.8655,2694.5903,3258.6174,1998.4193,3041.7139,3633.562,3555.3323,3627.155,3540.0046,3212.5464,2920.0642,3856.0051,3618.637,3538.0593,2776.7466,3486.6624,3545.3796,2876.656,3357.724,3422.3132,3081.08,3019.8813,3090.8147,4133.7485,4075.9844,3683.4878,3410.6328,3650.2603,4109.3677,3735.958,3605.9805,1824.5963,3623.473,3592.4004,3327.6543,3390.9707,3770.6995,1971.4553,2930.398,2904.8538,3188.0332,3457.7488,3491.2686,3786.9805,2549.3071,3731.323,3395.7441,3380.9116,2521.1167,3140.5222,3295.3005,3076.0154,3087.8608,3382.0498,1202.5074,2816.5994,2827.4465,1975.4773,2938.001,3101.3347,2150.241,2278.2576,2653.436
3281.7283,3332.4539,1158.8092,3279.1748,3834.8792,2703.3008,3255.4326,2008.1346,3043.4827,3632.7253,3559.1938,3626.7024,3538.8796,3205.1138,2913.2278,3856.04,3618.1013,3544.8218,2775.1292,3487.4822,3546.8203,2898.154,3363.2566,3437.5735,3094.882,3018.38,3083.5952,4132.49,4077.3035,3681.1492,3410.6838,3619.3564,4107.986,3735.2927,3612.8733,1824.8153,3621.1843,3601.3926,3356.0955,3402.0383,3780.2158,1979.3693,2932.2573,2898.5818,3190.5532,3460.7273,3494.9465,3784.8757,2551.5068,3737.669,3397.498,3393.0051,2512.6965,3143.1863,3298.699,3102.012,3095.6724,3387.2124,1197.8588,2822.1765,2839.8538,1990.3805,2946.1074,3101.7905,2142.3489,2288.0332,2657.1218
3282.1792,3345.5657,1170.4781,3282.6477,3830.6912,2736.6313,3268.4365,2022.2838,3042.2432,3643.004,3565.0647,3625.1125,3535.4758,3203.9817,2935.5437,3857.5303,3617.7522,3543.4065,2793.8967,3490.5876,3549.2295,2880.914,3376.3452,3437.9106,3100.4695,3024.0315,3088.799,4130.847,4079.4324,3682.412,3410.1711,3619.9888,4116.5713,3740.6462,3613.5322,1822.0988,3633.4775,3609.646,3355.4421,3415.022,3793.736,1978.2692,2927.0317,2888.6797,3192.1077,3464.49,3498.1433,3794.5005,2551.2043,3743.046,3401.5032,3387.7942,2532.4783,3153.0437,3306.0771,3080.4312,3100.747,3387.2231,1202.2584,2815.8677,2842.856,1987.1267,2948.7744,3105.5486,2136.8467,2289.7788,2647.2224
3277.3215,3353.5415,1192.0928,3284.3179,3835.977,2727.8438,3275.9932,2024.816,3044.8071,3643.7095,3569.215,3630.984,3540.9858,3201.9038,2929.4924,3858.5999,3618.716,3541.816,2797.509,3489.5767,3546.22,2887.285,3371.9001,3430.9136,3107.4792,3023.4067,3094.062,4137.263,4080.4888,3681.2983,3410.4717,3626.1392,4121.4224,3738.7146,3608.28,1821.1108,3622.2275,3603.6558,3362.4792,3410.4832,3790.5952,2006.2899,2924.8938,2895.3823,3201.302,3468.3926,3500.3926,3798.7617,2567.6885,3746.631,3403.7993,3393.1045,2540.61,3149.4663,3305.1816,3081.518,3103.4346,3386.1548,1193.9827,2819.2725,2856.33,1994.8206,2948.428,3104.149,2136.5881,2292.5361,2658.5696
3275.251,3339.5403,1176.3262,3285.6614,3842.2603,2715.6714,3267.222,2016.4751,3044.9934,3638.998,3560.8206,3632.3625,3545.7383,3212.2666,2924.0728,3863.835,3623.937,3543.8125,2793.1516,3494.1418,3550.9844,2885.81,3371.964,3444.9536,3102.0342,3019.1638,3099.2515,4129.9795,4077.22,3677.1343,3408.492,3629.9348,4120.6084,3736.2673,3616.2124,1882.4172,3625.1926,3605.564,3379.0662,3407.9753,3795.3474,2022.4355,2924.5278,2891.3523,3196.8164,3464.0278,3492.9487,3801.5525,2560.6055,3734.6392,3397.1885,3392.7356,2522.8462,3141.5728,3302.1572,3094.276,3102.2578,3391.0796,1200.318,2821.9504,2856.2126,1994.168,2947.3254,3100.6772,2146.1602,2290.3772,2657.9907
3281.8347,3340.1023,1179.7545,3292.9814,3845.1643,2736.6616,3263.0684,2007.1299,3048.7285,3645.8389,3566.614,3635.7964,3545.937,3213.4512,2928.031,3862.6985,3621.785,3547.1995,2796.212,3495.2527,3552.8254,2881.7573,3374.787,3448.5671,3101.222,3024.1814,3095.755,4142.695,4083.8015,3677.2673,3414.1543,3679.6772,4119.501,3737.863,3613.67,1804.2336,3632.7446,3604.4438,3372.433,3410.2744,3800.1685,2016.116,2928.3313,2890.387,3198.632,3467.026,3496.9734,3805.6575,2552.1318,3738.477,3398.9336,3390.9756,2526.1855,3143.061,3303.2837,3078.49,3102.654,3393.024,1215.226,2818.6875,2846.419,1987.8202,2947.9224,3104.4302,2132.6948,2288.1445,2649.8645
3289.264,3351.5312,1183.859,3296.1702,3851.6753,2736.3735,3269.4824,2038.7893,3050.0508,3646.4385,3570.311,3634.1543,3543.2302,3221.0176,2926.9924,3858.9521,3621.1453,3558.7214,2780.3254,3493.2808,3553.3572,2885.4575,3378.059,3451.3035,3116.1592,3029.2573,3099.215,4136.346,4084.2356,3675.041,3410.0967,3666.2285,4119.491,3737.7456,3625.6072,1833.3628,3633.9287,3605.9417,3378.1172,3407.2178,3799.0007,2014.1962,2927.8267,2887.8042,3202.229,3471.7622,3495.4045,3813.4543,2553.8042,3740.0369,3403.1057,3397.3403,2523.8225,3149.8237,3301.3547,3077.5374,3102.8616,3393.0981,1217.7128,2817.77,2843.047,1983.9124,2952.403,3103.682,2133.7966,2285.4294,2649.965
3281.6191,3347.2554,1196.3282,3288.8289,3849.4746,2738.978,3265.7725,2020.7716,3049.0898,3643.2583,3572.512,3634.5356,3543.311,3220.841,2928.6755,3858.7146,3621.3794,3547.6838,2797.2002,3490.9678,3549.7268,2885.965,3377.5476,3437.6228,3113.1882,3032.8445,3098.161,4145.9043,4079.2527,3673.1667,3416.6016,3665.8413,4122.2075,3741.8352,3615.6235,1807.3536,3633.4626,3606.0144,3371.18,3415.0317,3796.6494,2008.7095,2935.9238,2888.1062,3205.54,3474.1943,3498.179,3823.6562,2561.7517,3748.2036,3406.8987,3396.6565,2528.0042,3153.6199,3303.7437,3082.4111,3108.9155,3386.1606,1191.1134,2819.3281,2844.5662,2000.4224,2954.3726,3105.9773,2138.136,2290.0962,2651.6858
3274.4426,3339.7278,1147.9445,3279.2163,3845.283,2707.311,3257.898,2019.8976,3048.5085,3649.6758,3569.8257,3635.8208,3544.1865,3224.753,2929.1047,3862.3733,3623.0981,3547.4075,2785.0862,3493.3525,3554.0337,2878.2683,3376.373,3438.7747,3113.1902,3036.7478,3097.7578,4132.5957,4079.2175,3672.062,3409.9492,3631.044,4120.9106,3743.1733,3614.772,1851.4485,3628.2126,3605.927,3370.0544,3404.5857,3794.392,2013.3936,2931.9727,2887.3406,3199.8477,3467.731,3493.9697,3812.6213,2553.601,3737.4246,3398.99,3391.5935,2535.792,3146.4214,3299.8164,3080.7986,3100.0662,3390.8184,1191.8063,2814.419,2842.5425,1985.6962,2945.6978,3102.2664,2147.4294,2286.6655,2657.1934
3274.9744,3337.2437,1181.2449,3282.9517,3844.9683,2706.7134,3263.0977,2012.8091,3045.5505,3637.0461,3561.0144,3632.8584,3544.0198,3221.5706,2916.3296,3862.1108,3619.3035,3547.3154,2789.4758,3496.2534,3553.5256,2884.8335,3378.7205,3437.6147,3103.2856,3034.121,3090.124,4129.3496,4077.7256,3666.3062,3409.249,3621.8164,4119.1094,3735.676,3613.5479,1823.2557,3633.311,3603.784,3367.752,3407.568,3794.852,2001.3704,2927.6094,2881.2537,3194.5398,3465.8,3488.4011,3803.4673,2550.9888,3736.9282,3396.8464,3387.9126,2520.9048,3145.4307,3298.7583,3078.4543,3101.6267,3393.7798,1205.0039,2816.0557,2846.4329,1976.9866,2943.1355,3099.894,2144.0999,2282.5745,2654.457
3284.4,3330.8867,1164.7677,3284.2273,3839.9604,2721.2505,3264.1545,2021.9453,3045.305,3636.221,3562.3918,3634.124,3544.9475,3219.7578,2915.474,3865.026,3619.7312,3547.6501,2788.188,3497.7566,3555.241,2886.5896,3380.049,3443.1917,3107.9453,3034.977,3088.255,4138.696,4081.1416,3667.4265,3414.6685,3638.4766,4124.3994,3737.9944,3616.3906,1850.7502,3635.7183,3606.8672,3373.7163,3410.8245,3799.8298,2004.612,2931.774,2875.2822,3198.2703,3467.4158,3488.7578,3802.039,2547.7095,3740.9727,3398.002,3388.0574,2523.1206,3147.8567,3301.122,3073.7937,3102.6875,3393.0947,1205.7594,2817.404,2843.1292,2000.3916,2946.129,3096.5947,2150.0613,2289.5884,2656.5935
3283.0366,3343.8088,1176.1208,3280.9072,3836.6833,2744.089,3264.8538,2014.4457,3046.5134,3631.1921,3569.5002,3632.3975,3540.6619,3209.3542,2925.0925,3862.8506,3614.856,3544.1074,2804.628,3495.9814,3553.4517,2873.0664,3383.8174,3434.3762,3116.3323,3033.5215,3087.2312,4144.172,4084.345,3663.45,3411.7222,3671.2512,4120.175,3739.2773,3612.3674,1817.4692,3636.761,3607.5562,3364.7627,3418.2764,3802.9192,2010.3965,2927.2346,2870.342,3206.489,3467.2898,3490.8801,3797.0386,2558.44,3741.0225,3399.115,3381.4385,2538.065,3151.2717,3304.8245,3067.8352,3106.734,3390.6704,1201.52,2815.2102,2841.6162,2003.9917,2948.5159,3098.3984,2130.3008,2293.0984,2649.592
3285.6606,3360.3738,1206.9723,3285.9211,3841.957,2738.2708,3263.978,2036.2806,3049.2488,3636.4556,3574.2063,3633.915,3543.7812,3208.012,2934.1382,3860.563,3620.3252,3552.7146,2779.0483,3499.3826,3557.0464,2887.1792,3384.9258,3442.5527,3126.7258,3036.657,3091.0645,4144.047,4086.2898,3661.6394,3408.5051,3665.9116,4130.453,3742.5815,3624.0146,1820.7194,3631.9998,3609.6401,3389.5396,3410.3074,3801.5823,2019.7565,2933.933,2882.2246,3206.5884,3467.6592,3495.5916,3788.4856,2556.9934,3744.1975,3402.437,3388.7886,2536.5403,3156.6968,3305.9902,3077.3794,3104.8254,3393.0918,1209.1202,2821.0283,2854.1973,1986.5436,2947.9292,3100.0085,2144.7478,2290.4016,2649.0522
3288.0024,3349.6714,1200.1602,3280.6414,3839.4875,2728.1829,3267.0754,2012.0702,3041.7686,3633.896,3568.671,3636.1047,3548.4746,3210.4583,2923.9802,3866.6536,3624.0696,3552.3914,2791.639,3499.316,3564.5923,2897.4211,3389.1128,3451.5288,3109.5369,3034.4395,3094.0273,4134.9165,4080.8657,3663.4937,3412.8381,3664.4233,4117.6196,3740.8535,3618.8723,1846.3872,3623.833,3612.7212,3397.0388,3410.974,3805.1904,2008.817,2931.0425,2873.698,3203.7932,3459.9124,3490.0789,3788.3125,2552.957,3738.8438,3396.8281,3387.2458,2527.2302,3147.1018,3303.9897,3099.9558,3103.488,3398.981,1205.408,2821.2263,2855.2563,1983.3163,2941.9421,3097.0835,2142.006,2290.2,2661.0889
3289.977,3346.91,1202.7853,3283.9165,3838.3247,2736.1655,3274.9104,2018.4584,3048.544,3638.677,3569.7646,3636.3857,3544.8774,3208.612,2934.4153,3862.302,3619.6292,3544.07,2795.0703,3501.068,3563.7852,2879.6252,3393.3445,3448.4868,3104.6548,3037.1882,3091.154,4131.591,4082.4905,3656.0664,3411.4866,3623.9736,4116.0527,3736.7986,3616.0737,1848.2549,3628.2317,3611.9126,3393.0427,3406.119,3806.345,2004.9437,2933.214,2864.8882,3208.3728,3463.6172,3488.031,3787.8596,2558.7507,3736.6448,3394.216,3380.77,2528.0754,3147.7544,3304.62,3091.0679,3101.8567,3399.2236,1220.6508,2823.4368,2849.9844,1981.4221,2942.5088,3099.4177,2128.5696,2285.393,2655.5195
3288.8162,3348.654,1236.8977,3291.108,3847.8516,2727.3845,3278.382,2012.2147,3050.3604,3643.4775,3570.1323,3636.3628,3542.1895,3207.6348,2916.5886,3863.1672,3619.1245,3552.191,2767.676,3495.8145,3562.4172,2889.9004,3388.5718,3458.0864,3107.579,3037.1414,3091.7917,4134.9517,4082.7317,3656.4863,3417.8835,3632.663,4123.7817,3734.5017,3621.0518,1828.2948,3627.6514,3609.322,3395.4553,3402.7402,3801.2888,2017.3258,2931.7493,2864.8499,3206.0342,3466.8958,3489.8333,3789.7368,2549.808,3738.3347,3397.0776,3387.8196,2513.2798,3147.8237,3304.526,3090.9963,3102.2407,3406.4138,1202.0249,2823.261,2846.612,1973.4575,2944.5515,3103.5237,2111.113,2286.946,2652.8137
3288.1096,3349.3875,1190.1238,3294.3015,3855.0215,2749.673,3282.333,2030.1664,3055.5146,3637.909,3573.2915,3636.9346,3539.856,3212.2065,2921.9045,3861.512,3616.4692,3553.6245,2786.6104,3494.5537,3557.9624,2881.283,3390.6755,3451.7131,3128.463,3035.8972,3090.6265,4148.6113,4081.6792,3652.4395,3419.2744,3656.4612,4120.525,3739.0906,3621.7012,1799.8322,3632.7827,3612.6536,3385.627,3406.2192,3794.0793,2008.8702,2930.3308,2867.681,3208.1702,3472.3828,3489.3904,3796.102,2559.7173,3743.9893,3401.0852,3385.6914,2517.2844,3155.4055,3306.3352,3086.8938,3111.803,3402.1267,1209.1742,2819.7751,2834.1055,1975.6732,2950.7666,3107.8193,2126.962,2287.653,2645.5364
3280.9995,3354.578,1191.9911,3287.5308,3853.7412,2728.7712,3262.2114,2025.9071,3056.41,3644.0505,3575.1814,3637.0332,3542.628,3212.448,2932.5024,3860.567,3619.048,3544.8406,2783.1384,3493.6663,3552.7969,2883.599,3380.2244,3446.433,3116.6328,3035.8782,3095.2842,4151.59,4081.4678,3654.5293,3416.7104,3695.5063,4126.8716,3745.8875,3613.2063,1865.294,3625.0066,3605.675,3369.2102,3400.5632,3782.4023,2020.785,2932.5974,2877.9883,3211.4812,3476.3408,3493.3757,3796.046,2569.8738,3745.2625,3403.1685,3386.3596,2532.3936,3152.149,3307.0674,3090.311,3110.769,3403.8047,1220.3928,2816.942,2833.9734,2003.6152,2947.8135,3109.7402,2140.2947,2291.1414,2650.6885
3274.8833,3359.1716,1174.3047,3289.383,3860.508,2716.6094,3266.0945,2028.0135,3051.3281,3644.3096,3564.6624,3640.3687,3543.6128,3213.958,2927.098,3861.6316,3622.3816,3543.9785,2777.3337,3493.5242,3556.185,2888.693,3384.433,3459.0178,3099.4377,3028.6846,3096.209,4135.5366,4075.6567,3650.0535,3407.2773,3662.2607,4115.499,3737.876,3612.9194,1838.1115,3622.677,3605.4978,3384.581,3391.7148,3777.3674,2012.3086,2927.5115,2877.3306,3199.0063,3468.409,3486.42,3791.1685,2544.25,3732.2244,3396.8357,3384.4387,2507.892,3145.738,3302.5657,3097.095,3105.0781,3410.4824,1212.2375,2810.15,2827.9954,1980.8492,2943.7793,3108.3218,2139.3232,2279.4268,2654.585
3275.2334,3354.909,1160.2997,3288.97,3857.9995,2729.0554,3259.5862,2003.3441,3055.9382,3644.4373,3567.8438,3636.3381,3542.4883,3215.9287,2923.6614,3862.102,3617.4497,3532.0564,2779.1094,3496.5486,3556.37,2879.3313,3387.496,3461.511,3095.9827,3028.103,3093.8828,4136.754,4072.211,3650.4434,3409.8618,3659.7537,4109.852,3737.558,3600.8052,1774.917,3624.0593,3606.4402,3366.1738,3395.456,3778.8198,1992.3287,2933.262,2877.219,3198.7761,3471.3433,3487.5918,3796.5366,2556.1853,3733.5374,3396.6924,3378.5256,2502.8467,3147.361,3302.6763,3092.4663,3107.372,3408.1536,1197.4968,2807.74,2826.502,1983.8151,2942.9648,3109.5815,2130.8184,2282.6904,2645.1267
3282.3167,3361.3284,1186.9879,3292.4006,3863.1824,2735.8098,3264.805,2005.7013,3054.1243,3642.647,3566.9968,3635.0256,3541.8718,3208.804,2925.4404,3861.8284,3620.5803,3537.2112,2779.3652,3495.5813,3556.1006,2878.992,3391.7634,3471.9155,3088.1277,3027.6794,3092.8835,4133.239,4075.0383,3654.511,3404.2026,3629.545,4111.149,3735.6946,3607.4048,1799.7252,3624.7153,3608.114,3369.6672,3397.9758,3784.1226,1999.3755,2930.2004,2870.1584,3199.5295,3470.7268,3491.0837,3799.8535,2547.828,3734.0227,3398.6975,3377.558,2507.056,3145.6165,3306.937,3088.1506,3109.8984,3414.0916,1216.2396,2808.2122,2825.9988,1975.458,2941.727,3112.756,2151.6638,2285.0178,2644.8403
3278.618,3365.0286,1190.6389,3290.9207,3864.0579,2741.0518,3269.286,2007.2179,3057.7812,3643.2427,3571.4998,3633.07,3540.06,3197.8845,2924.4841,3861.3003,3616.8193,3538.9624,2778.7466,3495.8672,3557.6768,2869.9321,3393.3577,3467.8323,3106.098,3026.8237,3089.379,4140.4683,4073.4297,3651.846,3405.4907,3638.782,4122.7476,3739.7742,3611.8591,1849.7617,3630.7686,3612.9294,3370.243,3402.2893,3789.611,1978.01,2929.4385,2871.866,3203.0,3474.2002,3494.5498,3804.807,2566.472,3740.4158,3402.668,3379.2192,2516.312,3156.141,3308.944,3083.1433,3119.3083,3418.4578,1195.539,2809.0793,2831.2588,1982.4379,2947.2563,3113.5828,2138.2842,2289.0562,2644.856
3274.0513,3358.3816,1161.538,3282.878,3861.916,2735.1235,3260.9746,2005.907,3056.0103,3639.2693,3570.461,3635.839,3544.5613,3204.96,2925.0469,3863.3345,3619.2292,3536.6943,2776.2034,3499.9438,3554.436,2878.9788,3388.9712,3456.3887,3099.6123,3027.1824,3089.3867,4140.1904,4070.5186,3649.7053,3404.9304,3671.8594,4119.4683,3738.1082,3608.2363,1809.6597,3625.7717,3605.5505,3372.6084,3396.005,3779.257,1982.233,2928.879,2871.643,3197.6194,3469.6465,3492.4622,3800.8909,2561.1462,3739.3872,3399.1948,3378.2576,2504.3137,3148.674,3307.0293,3086.786,3117.964,3418.4932,1202.2153,2812.3384,2835.6792,1978.1509,2944.3137,3109.528,2128.2683,2290.4458,2649.1116
3274.2861,3342.9827,1131.1073,3279.1116,3858.7104,2723.9163,3250.4355,2002.9948,3051.0752,3636.8418,3565.8582,3631.7102,3540.0283,3207.4932,2917.4,3858.8545,3615.5977,3530.3262,2778.1406,3493.5803,3553.4683,2868.6128,3386.9846,3455.7756,3088.058,3023.6082,3090.5154,4137.4453,4068.5447,3645.671,3404.5234,3670.7393,4106.3247,3729.9827,3600.1829,1832.2167,3624.9524,3601.4282,3359.4658,3391.5234,3777.6768,1989.9119,2925.7686,2871.3823,3198.3713,3465.1038,3488.7734,3798.5034,2552.7092,3730.5583,3392.02,3373.674,2501.2327,3143.845,3305.5178,3092.35,3114.8418,3420.0413,1212.973,2805.9116,2828.5032,1988.9625,2936.2437,3107.0496,2143.121,2287.083,2649.2244
3272.3677,3345.2625,1156.3547,3280.6821,3862.5142,2730.5293,3256.223,2001.7135,3052.677,3641.6433,3565.6619,3632.5154,3537.837,3205.5994,2918.4827,3857.0752,3618.4495,3533.4033,2763.6543,3496.6833,3551.7397,2863.7087,3390.119,3449.8718,3081.509,3023.523,3094.2283,4128.7446,4065.5845,3645.07,3403.4517,3662.1719,4109.0107,3730.2659,3601.5195,1829.9924,3625.6948,3600.1333,3351.954,3391.5562,3774.029,1983.7102,2923.8174,2865.359,3195.127,3463.8516,3490.1025,3796.7336,2546.8025,3726.4983,3395.8245,3367.346,2502.3743,3146.1682,3304.369,3066.0667,3114.807,3419.1726,1210.4574,2804.0894,2822.3062,1980.35,2939.777,3107.544,2135.1404,2282.2578,2643.1946
3272.7976,3340.834,1145.6204,3282.161,3856.3103,2717.3423,3247.5278,2029.2112,3049.7666,3647.3616,3564.1816,3631.3577,3534.8757,3209.0603,2919.1934,3857.3264,3620.1086,3541.6714,2760.7358,3490.115,3547.4734,2872.2603,3385.9329,3452.6597,3086.552,3023.526,3092.876,4131.1714,4068.451,3647.5066,3407.517,3642.7678,4103.205,3737.2786,3610.2534,1837.4064,3627.365,3600.4055,3349.2095,3394.2046,3772.5222,1972.9312,2929.2188,2873.3467,3194.8518,3466.7415,3490.3684,3806.4058,2555.944,3734.768,3397.6387,3380.9856,2507.2656,3146.5083,3304.367,3089.3774,3113.7937,3417.7183,1186.021,2808.471,2817.8958,1978.22,2942.8376,3109.257,2119.701,2282.8337,2645.7957
3271.9285,3338.619,1148.0927,3284.7542,3860.015,2729.6782,3252.8853,2014.1891,3055.4585,3650.8328,3567.6064,3632.425,3535.014,3210.7854,2924.8174,3857.6216,3621.2798,3537.531,2786.2678,3492.418,3547.5547,2861.919,3386.4048,3430.8508,3080.4976,3023.1006,3099.796,4134.7983,4071.3052,3647.6494,3407.8582,3628.8643,4109.9478,3736.5981,3609.2844,1823.8484,3630.8115,3597.8052,3335.1633,3396.5886,3765.5906,1971.2343,2927.4019,2880.0347,3194.268,3472.5264,3493.4187,3805.412,2553.27,3740.613,3404.6255,3377.7908,2519.9243,3151.9236,3304.6938,3073.9065,3120.4795,3402.0618,1192.3477,2806.4358,2809.5317,1989.0187,2946.0989,3111.78,2123.5852,2286.954,2643.466
3261.7646,3336.2295,1130.1475,3281.9126,3870.6355,2700.0183,3246.4902,2011.9835,3056.011,3654.0833,3561.5562,3632.3826,3541.3481,3213.4683,2916.785,3860.78,3623.9966,3535.885,2765.9392,3493.7349,3548.8447,2865.7312,3381.2498,3436.8765,3083.8079,3020.9062,3102.067,4131.877,4067.5266,3651.3118,3405.347,3623.515,4114.649,3734.3064,3606.4705,1923.6893,3624.0276,3596.7388,3336.502,3384.72,3757.5435,1966.916,2931.423,2895.0505,3192.9429,3469.7822,3492.4458,3803.6938,2560.7354,3736.5564,3402.0686,3381.1013,2520.7888,3145.758,3303.8901,3080.6343,3109.8738,3404.2175,1203.715,2807.068,2808.0454,1983.1052,2939.133,3113.8628,2138.1826,2286.6865,2656.1277
3265.4648,3330.839,1103.9854,3285.311,3874.1099,2716.052,3251.0828,2012.831,3058.569,3642.7214,3559.3547,3634.8604,3541.253,3219.883,2920.0073,3863.4307,3628.3242,3539.8674,2769.912,3496.17,3553.5432,2873.4502,3379.929,3445.2502,3083.535,3022.9785,3098.98,4139.7515,4071.7307,3648.869,3410.8445,3635.691,4110.396,3734.5266,3611.3628,1856.574,3627.9995,3597.3032,3342.5122,3385.3584,3759.168,1959.8395,2936.2178,2888.1323,3190.5488,3470.7163,3490.1426,3809.7727,2546.615,3733.6423,3401.2842,3382.8987,2499.266,3143.9775,3301.0571,3083.4553,3104.6377,3405.5269,1190.8145,2811.2441,2802.338,1980.8801,2941.9512,3111.501,2148.5115,2287.7039,2656.126
3279.3235,3347.0063,1145.9773,3294.2766,3878.8318,2735.4358,3254.4705,1984.2605,3064.4155,3646.1897,3564.9294,3634.693,3542.3037,3220.45,2920.4468,3867.228,3624.8997,3534.4563,2772.1584,3496.0764,3555.292,2866.6558,3382.8975,3454.2034,3070.7166,3027.3076,3101.8147,4143.746,4075.9963,3652.892,3416.3608,3672.0862,4113.0815,3733.9883,3607.2578,1865.9131,3630.4534,3600.3147,3331.7495,3387.9983,3770.0896,1954.4645,2937.3464,2883.6406,3196.4397,3471.4426,3492.8694,3816.4746,2557.7717,3736.483,3402.0776,3380.1838,2512.8745,3146.731,3302.3735,3075.1592,3103.9846,3409.241,1207.87,2811.7012,2804.714,1976.057,2945.139,3117.8608,2151.8645,2294.9854,2652.2458
3280.1484,3367.2083,1144.2432,3301.3088,3886.057,2736.7312,3255.3186,1985.6343,3059.8591,3644.264,3560.6519,3635.3596,3539.958,3222.426,2922.04,3869.0137,3624.5835,3544.0886,2779.0056,3498.629,3557.1963,2868.8022,3388.4602,3451.8625,3076.079,3029.5076,3099.4553,4134.3555,4075.3125,3655.3264,3415.989,3663.2786,4123.2266,3741.5388,3620.092,1841.6044,3633.304,3609.674,3343.0686,3397.0132,3776.7747,1949.6959,2933.6448,2879.8154,3195.797,3472.3894,3490.6528,3820.1316,2554.8843,3738.5046,3404.2642,3385.4304,2508.182,3154.2026,3304.8682,3049.2441,3108.4895,3405.1824,1197.843,2812.7512,2808.0947,1983.9496,2953.6992,3118.7258,2151.32,2299.3647,2658.649
3282.039,3370.0496,1168.6233,3300.5557,3881.5771,2736.78,3267.165,2016.8491,3061.8208,3653.5803,3566.2637,3633.8652,3540.9832,3221.7397,2926.7437,3861.6885,3623.8306,3550.745,2777.2559,3499.5466,3554.3184,2851.7273,3386.678,3443.231,3101.7153,3033.0305,3101.625,4135.474,4075.6365,3655.4397,3418.9597,3641.445,4119.713,3745.3672,3629.3564,1840.5779,3636.8752,3608.9897,3344.4868,3403.113,3778.383,1972.2964,2933.4028,2879.8923,3191.586,3475.6814,3490.0234,3822.6086,2555.7136,3741.9382,3406.8057,3387.2842,2520.3452,3158.013,3303.694,3057.2783,3111.5593,3401.1797,1195.1826,2810.249,2810.2356,1997.4102,2953.956,3117.3042,2151.7512,2302.8752,2650.8218
3278.3943,3363.9004,1127.0763,3292.412,3873.4456,2727.755,3257.617,2023.65,3060.6746,3648.2227,3558.5388,3633.1987,3541.4214,3215.4497,2923.3323,3863.4375,3626.0176,3543.1338,2779.125,3499.2856,3549.3728,2861.1843,3384.9844,3429.5603,3097.3171,3031.4573,3105.9404,4130.225,4073.69,3653.8784,3417.649,3620.9153,4117.389,3739.995,3616.022,1833.834,3630.437,3601.2332,3338.7332,3401.2942,3768.3894,1971.0608,2938.2544,2892.1995,3190.6875,3475.753,3489.8008,3812.4226,2563.3423,3740.2144,3405.1155,3390.806,2524.8638,3153.6191,3299.3486,3061.6836,3107.517,3386.3892,1197.1648,2811.2878,2812.8704,1988.8229,2951.2253,3113.8257,2146.6487,2301.7334,2649.0806
3277.5906,3365.8071,1137.8044,3291.8792,3878.0244,2728.2798,3256.8281,1999.6436,3057.5908,3647.0256,3553.8044,3633.6675,3547.2427,3215.842,2922.0596,3865.3362,3630.4768,3548.129,2781.9666,3500.0825,3553.9873,2869.725,3387.2815,3444.8794,3086.4905,3030.5176,3104.023,4125.151,4073.355,3658.3933,3418.468,3624.2563,4112.843,3740.6086,3618.1404,1833.9575,3627.787,3601.4077,3339.6135,3392.6018,3771.3423,1964.8058,2935.5107,2887.3032,3191.3394,3470.186,3490.945,3817.2473,2562.4277,3736.756,3404.6873,3393.704,2532.3074,3148.251,3301.0095,3070.5286,3102.7554,3401.6636,1205.2596,2804.4717,2814.2112,1988.223,2942.0112,3112.0483,2150.4639,2295.2126,2654.0955
3286.2388,3370.327,1150.9368,3304.586,3883.862,2732.6401,3267.9094,2009.2878,3061.342,3652.5469,3559.369,3638.0078,3551.6318,3223.9207,2927.9475,3865.1868,3630.6624,3560.185,2784.1082,3500.5366,3557.628,2866.3958,3388.5977,3444.0874,3084.9707,3031.5654,3101.739,4135.8037,4080.66,3661.1978,3422.577,3649.451,4117.455,3739.8542,3625.5222,1847.459,3631.0632,3598.6365,3339.7827,3394.8833,3773.731,1955.4745,2938.6272,2882.0066,3193.979,3472.957,3492.9265,3819.6348,2556.4863,3734.562,3405.405,3397.8901,2512.0935,3146.5164,3298.922,3073.713,3101.9033,3405.4639,1197.2157,2803.9175,2812.243,1976.7126,2943.5427,3115.9846,2132.274,2293.2825,2653.2566
3291.022,3375.7524,1155.9624,3303.4001,3889.0564,2740.8962,3263.4038,1997.527,3067.3484,3652.553,3561.513,3638.0598,3552.1946,3243.322,2936.6206,3863.4707,3632.8293,3564.6697,2783.4153,3496.381,3560.2524,2871.3135,3393.0747,3441.9915,3091.0474,3040.7253,3108.1697,4143.7856,4092.1108,3672.461,3443.624,3660.7551,4112.939,3749.3774,3638.558,1866.1472,3636.5505,3605.1343,3342.0127,3399.8127,3774.9155,1967.9902,2945.7166,2889.0889,3201.3018,3479.8406,3498.491,3849.067,2565.808,3741.73,3413.1606,3410.8904,2520.6843,3150.815,3304.262,3062.815,3112.1868,3402.5225,1191.4525,2814.757,2816.3076,1999.412,2955.9377,3119.4238,2148.3533,2308.2747,2662.1292
3290.3171,3374.2612,1160.1243,3311.0046,3893.967,2756.8328,3272.7947,2023.8379,3068.9468,3659.226,3567.142,3640.0688,3553.3877,3233.6929,2946.125,3864.396,3631.392,3565.114,2798.0786,3504.38,3558.642,2856.8684,3399.7954,3428.7793,3096.05,3045.4067,3105.0735,4139.153,4086.7131,3668.4502,3438.0579,3665.6785,4125.4355,3753.1587,3636.6113,1831.7379,3640.737,3605.9163,3331.9067,3407.3894,3771.5017,1957.9744,2944.8335,2885.7275,3196.6423,3482.6538,3499.3484,3833.3733,2569.5369,3745.9312,3412.8635,3397.3223,2531.1458,3160.167,3304.6099,3033.4836,3114.5554,3398.282,1195.0052,2810.389,2806.9692,2000.052,2957.1704,3120.304,2148.0327,2311.004,2650.7876
3280.2478,3365.225,1105.0117,3306.9695,3895.9111,2732.9534,3262.0415,2017.5986,3073.2385,3663.4946,3562.6729,3643.525,3551.9438,3238.044,2932.382,3868.851,3633.8555,3561.4136,2787.2913,3501.636,3553.341,2872.7983,3390.1106,3428.6824,3101.431,3048.57,3116.4067,4146.459,4090.1226,3667.027,3445.4885,3635.5059,4125.383,3744.0332,3632.3198,1827.57,3634.4353,3599.8882,3343.7034,3400.3787,3762.9463,1954.2336,2945.7458,2897.9724,3196.2715,3481.837,3498.9143,3840.996,2564.1172,3742.5598,3411.0325,3407.6042,2532.544,3150.6494,3296.879,3075.4177,3107.4204,3394.3542,1207.3026,2814.2373,2809.0737,1995.2513,2951.0818,3120.169,2135.5073,2308.7312,2662.5076
3289.6628,3363.5598,1088.374,3314.8962,3898.3052,2750.4326,3267.4563,2016.211,3082.0398,3669.3965,3567.3452,3647.7693,3553.607,3245.6997,2938.4844,3874.7126,3641.0872,3570.7935,2797.022,3505.7778,3558.4238,2860.2256,3393.8064,3415.539,3123.5615,3056.305,3117.7593,4140.6113,4091.4473,3665.258,3444.3784,3628.8716,4124.9067,3751.622,3640.8508,1822.8921,3646.3276,3610.7153,3328.956,3406.9697,3763.5842,1953.5713,2950.9702,2900.0105,3192.6362,3483.6494,3496.4902,3836.9812,2561.9375,3742.888,3408.0637,3400.9326,2533.9822,3153.8223,3297.5222,3052.6963,3110.8167,3380.8513,1190.2513,2815.3071,2799.8105,2004.7694,2953.9248,3117.2974,2135.5657,2314.7234,2650.9814
3267.879,3358.2744,1006.5342,3309.0593,3892.6223,2733.6438,3247.101,1990.9989,3072.625,3678.596,3538.2659,3645.8582,3551.773,3237.0916,2932.0625,3871.922,3640.2686,3572.548,2793.1643,3503.864,3553.3276,2865.1467,3392.164,3381.2478,3105.4216,3054.4917,3130.0615,4148.7764,4098.0015,3667.6802,3453.9282,3614.44,4128.89,3750.7742,3637.3677,1867.5076,3658.009,3611.2905,3320.055,3416.5508,3763.9126,1973.1652,2942.2397,2929.5618,3191.399,3488.3906,3505.5579,3858.596,2556.9885,3744.4607,3409.351,3406.8987,2516.2793,3155.3958,3304.4739,3057.515,3116.8665,3385.4497,1211.4344,2811.4287,2812.9683,2019.1216,2955.8264,3127.9246,2153.3157,2337.8484,2671.4055
3281.8445,3357.352,1002.1387,3320.1436,3901.701,2757.4434,3255.4937,2035.6304,3081.9116,3682.9456,3545.052,3652.1802,3555.186,3243.8464,2917.645,3872.57,3641.0142,3570.6284,2794.7905,3503.4675,3545.4185,2853.1223,3384.504,3367.979,3125.6704,3056.6116,3130.8186,4153.742,4106.2817,3675.1304,3458.4958,3630.019,4123.174,3753.218,3643.034,1862.0159,3662.1274,3608.8728,3318.747,3418.883,3756.7173,1966.345,2940.989,2925.1084,3187.33,3494.5115,3507.3218,3873.1682,2548.8684,3740.2393,3411.6729,3409.252,2504.092,3155.0894,3299.9258,3040.279,3108.6526,3370.8726,1213.3914,2808.1538,2809.407,2022.281,2959.9812,3125.661,2134.9639,2332.576,2658.5933
3285.9458,3369.7036,998.0205,3320.2136,3903.6523,2773.2612,3247.0818,2005.6082,3080.3057,3667.9685,3552.253,3650.62,3555.435,3252.9443,2931.8384,3869.991,3641.2393,3568.6812,2803.614,3502.915,3541.987,2854.2766,3375.3892,3351.1584,3110.7268,3059.5896,3125.0808,4149.393,4106.587,3673.6838,3465.4548,3647.5364,4133.4575,3763.6055,3642.497,1847.8427,3656.0266,3604.4165,3320.2822,3412.4573,3748.0671,1954.8452,2948.6719,2921.5903,3192.1816,3499.9978,3506.6594,3874.336,2568.1016,3754.5542,3420.8337,3417.079,2531.6184,3162.312,3301.165,3043.1296,3110.7043,3363.9358,1211.6526,2815.659,2810.6511,2026.6135,2962.3691,3128.5757,2145.4248,2336.3855,2664.2024
3279.3894,3375.266,1032.3665,3325.441,3907.97,2768.2515,3255.4082,2038.9968,3086.3374,3676.9702,3549.1646,3647.7896,3548.7224,3227.9736,2936.2583,3866.0088,3631.6558,3557.4783,2796.6924,3504.8662,3535.5068,2842.5686,3368.1252,3358.1719,3136.2983,3059.9812,3120.431,4143.4595,4100.0225,3661.6265,3445.8962,3630.0137,4124.11,3750.2158,3633.1514,1833.8593,3651.2488,3600.1895,3315.0508,3403.0417,3746.0764,1972.6708,2950.4658,2915.0627,3188.4856,3497.073,3502.6787,3850.554,2560.1826,3750.8962,3415.3413,3402.9211,2541.594,3166.0361,3298.4902,3030.6516,3100.1345,3357.6199,1212.2157,2810.9885,2812.7922,2014.9962,2962.7566,3129.1228,2122.624,2329.174,2662.9065
3292.3916,3385.3655,1083.9637,3326.8257,3914.7156,2773.4753,3262.466,2022.6735,3085.901,3667.7249,3557.7346,3650.7485,3562.7432,3250.9302,2946.6204,3877.5408,3648.0728,3579.4016,2796.1929,3511.504,3552.4758,2851.0508,3380.7334,3370.2927,3116.7075,3062.0303,3122.1138,4148.677,4100.852,3673.8613,3460.876,3651.5737,4131.975,3767.56,3648.873,1855.69,3642.2048,3609.2593,3318.9172,3404.9214,3753.5132,1952.2014,2957.38,2922.8113,3197.7468,3494.4617,3510.007,3869.5383,2585.8547,3754.917,3420.0486,3417.6404,2571.677,3164.0603,3306.9954,3032.5698,3109.3123,3371.144,1222.6919,2818.261,2820.728,2025.2902,2960.5232,3129.6047,2135.5166,2329.1838,2663.8613
3296.7488,3393.225,1091.5167,3332.7085,3929.0537,2768.2842,3276.555,2025.6301,3096.9756,3681.179,3556.5972,3656.166,3563.708,3259.2463,2952.16,3886.2664,3655.8242,3581.978,2804.3403,3519.0413,3563.828,2876.4219,3383.6191,3407.368,3109.3281,3064.2986,3124.505,4146.0557,4104.758,3678.6006,3461.1921,3614.339,4121.107,3764.3652,3653.2273,1817.7096,3640.0405,3610.4004,3357.6401,3401.0974,3769.6995,1965.4309,2958.4792,2934.503,3191.8423,3487.9263,3507.9082,3872.2878,2565.1458,3747.3801,3414.4817,3430.4214,2548.8718,3155.6443,3306.2043,3094.0583,3108.5078,3394.6094,1220.7068,2821.2908,2827.1091,2001.7101,2955.186,3129.6152,2140.2512,2327.8135,2673.357
3301.0796,3403.163,1075.8848,3342.0166,3935.3203,2764.081,3270.2854,2013.6692,3102.5332,3699.2944,3556.7456,3661.8882,3565.9297,3269.8284,2937.4294,3886.5332,3648.5625,3589.579,2810.6738,3520.3806,3561.7053,2860.1497,3391.4475,3406.8213,3106.1562,3069.5454,3128.0327,4142.732,4115.2344,3686.8857,3480.1387,3608.488,4131.7837,3761.514,3653.376,1848.553,3653.3262,3609.9114,3349.563,3416.055,3776.0464,1975.0062,2960.9858,2936.9417,3188.811,3496.5774,3509.8918,3881.3997,2559.6252,3748.2185,3412.961,3433.3066,2537.674,3163.3171,3308.999,3093.8916,3120.068,3405.7327,1220.4952,2829.808,2834.4087,1996.2134,2965.2488,3135.4526,2153.0413,2349.3997,2677.6958
3306.1433,3414.4849,1086.4293,3343.6775,3928.9417,2770.443,3272.5515,2037.4697,3104.6147,3688.8262,3565.7812,3664.9917,3561.9453,3268.2097,2933.3757,3881.6543,3642.6643,3596.6558,2789.4707,3514.199,3559.7026,2851.737,3389.5005,3421.7646,3127.5925,3074.939,3119.2275,4162.076,4126.263,3691.2913,3486.8135,3637.3223,4138.8447,3763.438,3662.051,1872.7457,3656.9653,3615.353,3360.8123,3417.479,3785.038,1979.0089,2967.1826,2928.055,3197.2612,3505.4375,3516.3708,3897.3237,2555.0405,3754.0474,3417.189,3434.9473,2526.2402,3166.1965,3311.6282,3071.4429,3119.4514,3402.659,1205.5487,2839.3494,2838.0745,2008.7966,2972.9568,3136.173,2129.6567,2345.8562,2668.293
3306.2979,3426.0483,1100.857,3332.8591,3926.0903,2785.6382,3260.2234,2035.9462,3102.2517,3679.4922,3562.3428,3660.7734,3556.1782,3262.2493,2936.6016,3875.312,3639.6724,3584.769,2794.2822,3514.944,3555.429,2855.5908,3389.8784,3410.2644,3126.7039,3076.9893,3123.4883,4150.675,4118.563,3691.4502,3477.5774,3654.131,4145.4976,3762.2507,3655.8757,1860.0143,3654.742,3613.6028,3369.1987,3421.1892,3785.7593,1978.282,2961.4712,2927.9294,3196.1309,3507.449,3514.448,3885.8665,2563.9102,3755.391,3420.6167,3427.9316,2536.8438,3168.505,3310.7205,3080.2073,3124.3035,3396.9492,1207.8767,2838.998,2835.4172,2013.7054,2971.043,3133.7336,2152.077,2348.4023,2668.9058
3300.591,3416.9622,1123.0881,3329.0679,3911.956,2784.4658,3265.8022,2034.6843,3093.9119,3679.1067,3560.2202,3658.055,3553.6619,3252.5417,2930.3965,3872.5356,3636.0415,3578.0264,2786.2969,3513.053,3559.3696,2862.9272,3389.585,3435.2449,3124.4163,3076.2356,3121.5823,4143.4146,4109.3364,3684.2534,3469.0742,3633.8293,4145.266,3761.0874,3643.0981,1868.3445,3646.238,3614.4949,3374.2166,3422.0916,3789.6765,1980.2678,2956.2297,2921.6729,3193.6719,3501.7668,3506.0464,3883.262,2556.8967,3749.8801,3413.998,3417.0017,2528.825,3163.7007,3307.278,3075.286,3117.7615,3406.4543,1207.5082,2832.1013,2832.751,1994.4603,2958.2493,3122.7234,2152.7026,2339.6753,2657.5981
3293.7517,3406.4333,1118.2988,3323.4348,3899.0298,2776.8237,3251.256,2054.7705,3086.8137,3666.101,3568.3984,3657.1357,3546.9932,3240.0098,2938.5889,3873.5059,3626.8423,3564.9575,2794.7605,3513.9138,3553.9006,2845.3132,3391.7024,3411.372,3146.7092,3073.1047,3113.4055,4149.4854,4111.753,3683.5715,3463.2703,3632.9775,4148.38,3755.5378,3637.7732,1833.9965,3655.5134,3611.9983,3356.4338,3429.4453,3789.1792,1980.7278,2952.5623,2902.2224,3199.2969,3505.9292,3503.7998,3868.1658,2570.333,3757.8975,3415.2366,3406.2139,2542.2673,3170.9578,3307.2727,3060.305,3126.9958,3393.708,1215.0894,2830.6572,2834.291,2010.5391,2966.6345,3121.917,2133.6902,2338.6245,2646.5452
3291.1055,3402.7585,1093.2886,3314.7952,3891.4414,2768.9795,3261.0398,2056.5864,3079.5537,3652.5405,3568.2222,3658.243,3553.3208,3233.914,2940.1797,3876.0938,3629.9128,3564.4773,2790.4946,3511.5173,3554.8667,2864.6436,3388.8796,3425.52,3143.155,3062.8867,3111.7886,4156.443,4108.939,3684.8354,3451.6785,3665.7998,4146.86,3761.606,3627.9084,1826.6752,3644.195,3612.1758,3364.773,3424.816,3781.3965,1986.19,2940.887,2895.9705,3196.9468,3500.377,3503.375,3853.4714,2571.125,3758.043,3413.59,3399.005,2548.7944,3168.6868,3304.467,3052.98,3122.3303,3384.51,1226.2864,2819.5623,2836.3247,2005.5016,2960.8943,3114.9844,2116.1157,2324.7327,2649.647
3282.8657,3396.8237,1048.065,3303.9114,3891.7236,2740.28,3239.5957,2040.4746,3071.701,3638.5918,3564.5532,3657.029,3562.1243,3237.588,2930.096,3878.7708,3639.9834,3563.4626,2787.7834,3510.337,3562.6367,2854.0667,3395.2107,3425.173,3123.4497,3052.7952,3104.9387,4158.909,4105.03,3683.0981,3444.6257,3681.814,4143.52,3761.7407,3623.409,1810.4232,3642.3347,3614.5842,3368.9514,3422.0815,3785.6914,2003.6588,2933.1765,2889.4824,3199.1785,3485.7368,3495.7922,3846.475,2571.635,3747.624,3406.2578,3391.493,2539.776,3158.0132,3300.662,3060.8533,3123.092,3395.9038,1219.545,2819.131,2840.587,2026.7411,2957.8,3109.8904,2147.9116,2328.3743,2661.3147
3283.4363,3391.8972,1070.1545,3297.8047,3882.8347,2734.127,3245.7927,2046.2892,3062.5999,3642.9014,3553.7175,3651.4915,3552.5083,3221.5693,2917.2993,3868.4575,3629.1099,3545.9766,2781.5134,3506.6868,3557.523,2860.7236,3390.9023,3439.6382,3115.7898,3043.3494,3099.3025,4138.0503,4092.6985,3669.2922,3429.0583,3642.876,4128.8755,3748.4746,3611.1099,1818.0479,3639.9973,3608.7393,3369.9849,3423.1543,3790.4692,1995.4307,2927.6504,2870.2942,3183.0142,3474.1836,3481.9683,3816.186,2547.9072,3737.4868,3393.2341,3377.205,2517.726,3150.6404,3291.495,3077.806,3114.1528,3397.8184,1215.5496,2807.2751,2834.513,2011.1777,2950.549,3102.3762,2146.6812,2314.738,2649.498
3274.504,3375.198,1082.273,3288.8606,3869.5222,2724.2615,3221.1104,2038.7238,3060.4658,3634.1162,3548.4202,3642.7078,3543.1023,3217.3413,2902.9866,3862.8752,3622.0618,3538.8232,2771.7075,3496.3926,3549.791,2850.893,3382.5823,3422.6604,3113.3442,3034.2014,3085.067,4131.5015,4085.7957,3662.1892,3422.0864,3611.0146,4125.8154,3739.3008,3605.6584,1851.6956,3636.7732,3603.6729,3360.9302,3419.5498,3784.9792,1990.2898,2922.9749,2855.1096,3182.2139,3469.8787,3479.412,3809.6082,2539.2178,3734.1157,3389.1108,3368.7725,2509.934,3149.4563,3292.3538,3062.45,3116.2285,3392.4563,1204.8668,2807.866,2830.2334,2007.9097,2947.9053,3102.2563,2124.7917,2319.559,2651.0256
3278.277,3364.388,1109.8066,3292.1526,3866.8162,2745.34,3254.406,2044.2764,3044.747,3620.42,3544.6035,3635.7588,3536.8516,3199.1516,2905.3838,3859.4895,3615.3547,3528.0222,2778.8716,3494.289,3548.0715,2857.425,3387.9287,3446.024,3105.4995,3024.358,3076.855,4135.8765,4080.3008,3657.7363,3411.7422,3623.045,4124.668,3737.3586,3596.8835,1808.2968,3628.0913,3605.719,3352.9036,3408.917,3777.3862,1974.2178,2916.4177,2834.1497,3184.3792,3470.5012,3480.0676,3797.859,2553.5237,3736.926,3392.3396,3357.6045,2525.9111,3149.743,3291.805,3037.8613,3105.4216,3380.7986,1198.0488,2800.117,2817.1318,1973.595,2938.9058,3100.0854,2128.4238,2285.5764,2627.1794
3278.1414,3363.1362,1107.6565,3293.0725,3861.9673,2752.764,3244.6562,2042.194,3048.848,3616.5425,3550.597,3633.462,3535.4695,3195.7224,2911.055,3854.356,3611.5059,3516.5344,2780.6855,3490.2869,3540.6973,2840.7358,3382.5393,3417.326,3120.977,3017.0916,3065.1611,4144.357,4074.3032,3653.0679,3399.8218,3662.8806,4122.807,3740.377,3585.1255,1802.1691,3631.469,3597.5037,3324.2888,3412.5374,3767.6936,1975.7322,2912.3918,2822.7334,3188.7585,3472.3533,3480.441,3791.407,2559.2622,3740.8625,3393.9119,3349.6,2538.3926,3152.7236,3290.7444,3031.5156,3100.935,3357.8018,1192.4363,2789.3516,2808.0696,1988.0514,2938.009,3097.6936,2099.3694,2280.725,2614.9216
3263.3147,3353.0244,1085.7976,3279.9795,3859.885,2706.4937,3230.9253,2043.1189,3038.9543,3611.165,3552.9673,3633.2944,3536.0676,3190.0525,2914.7158,3858.244,3615.3176,3518.9626,2762.7751,3493.1042,3540.0059,2850.0928,3369.5781,3416.0237,3108.3406,3009.1938,3064.3801,4137.241,4069.002,3650.4707,3391.1062,3645.8687,4123.416,3740.7134,3592.2275,1783.4423,3631.3525,3594.4082,3343.1785,3402.2275,3759.0623,1970.4783,2904.1082,2825.7803,3185.0674,3462.1682,3478.8733,3776.6047,2556.7292,3736.1555,3390.3157,3355.1948,2520.4824,3149.2776,3286.711,3057.046,3105.0054,3376.0408,1194.8055,2798.47,2815.2993,1999.9843,2942.0771,3096.6643,2119.7427,2297.168,2639.0176
3260.97,3337.3743,1088.8037,3273.024,3854.5542,2701.8127,3226.2454,2029.7427,3035.0146,3602.8916,3550.8967,3630.0813,3537.317,3198.795,2912.9866,3863.5032,3623.5657,3519.2593,2762.2646,3490.0552,3546.6106,2859.6467,3377.6384,3426.9004,3090.4722,3004.4692,3056.3613,4133.054,4062.6406,3647.5435,3389.807,3633.7244,4110.4507,3741.4836,3582.3315,1790.6189,3622.742,3601.224,3339.0806,3398.067,3760.0166,1965.866,2909.5037,2824.0374,3187.2424,3452.3599,3476.1868,3780.036,2544.0315,3728.3552,3386.9907,3353.1687,2508.3335,3140.0151,3288.2754,3057.6284,3102.6226,3373.2993,1193.5433,2797.5603,2811.3755,1999.4305,2935.9888,3099.0234,2131.9128,2287.7676,2637.26
3261.6057,3331.4285,1052.9048,3269.9934,3851.5532,2691.5532,3224.5667,2018.7354,3029.0627,3603.4106,3536.1465,3623.329,3530.9502,3186.9568,2890.0017,3855.4253,3612.3384,3511.5964,2752.6846,3484.5576,3543.9463,2845.2227,3369.6426,3424.268,3084.203,3000.1345,3050.9744,4121.232,4059.6057,3638.4163,3380.565,3585.0354,4108.396,3728.7776,3576.23,1805.0272,3623.2458,3596.0332,3325.3523,3394.157,3757.8494,1976.4976,2901.629,2825.592,3178.3247,3446.2834,3469.2002,3768.589,2531.6963,3724.9976,3382.1052,3349.1318,2495.296,3138.6345,3287.873,3067.081,3101.27,3380.594,1191.4971,2797.0645,2812.5027,1997.5175,2935.7236,3097.8792,2138.4546,2296.4036,2646.353
3263.883,3336.7847,1070.4515,3273.1143,3849.2498,2696.9404,3234.7812,2026.3313,3030.368,3613.1028,3540.733,3625.0186,3532.8638,3189.651,2886.5723,3856.3035,3612.9758,3519.8816,2747.0857,3482.0293,3545.334,2852.7043,3370.993,3430.0493,3081.3208,2997.76,3049.8398,4124.2964,4068.894,3644.5876,3385.5894,3583.2622,4109.44,3732.9993,3581.69,1824.7119,3623.277,3597.966,3321.8965,3394.5627,3758.8884,1961.695,2897.9976,2818.241,3181.1372,3450.3237,3476.1433,3778.1394,2535.735,3729.503,3385.5376,3354.3088,2491.854,3141.6855,3291.379,3052.5833,3104.7068,3384.155,1186.8735,2799.0427,2813.1228,1981.1667,2936.8396,3096.795,2114.766,2297.6138,2643.532
3262.3499,3332.6375,1056.4421,3271.1982,3844.4773,2706.3452,3230.1404,2022.9673,3030.6167,3595.4343,3544.7458,3619.5713,3528.4756,3177.349,2893.092,3847.6772,3603.553,3507.319,2749.5056,3481.5977,3539.5527,2848.1187,3367.1526,3427.97,3090.518,2996.7522,3044.7756,4126.2876,4061.807,3642.0168,3375.2417,3590.534,4114.7837,3725.5017,3577.416,1828.7283,3624.6143,3596.8093,3324.4846,3397.132,3756.703,1963.671,2903.2512,2814.2246,3181.2544,3452.2021,3479.7583,3771.1555,2534.7913,3732.8594,3388.4158,3347.7974,2491.6968,3144.631,3293.6372,3052.3918,3104.8494,3391.088,1193.4183,2799.5059,2819.0808,1987.0109,2940.379,3095.182,2129.6575,2294.7708,2639.7222
3273.974,3337.9595,1118.2462,3269.9966,3839.2507,2718.124,3226.2795,2035.5581,3029.7524,3597.7192,3555.5684,3622.0527,3532.9917,3179.0906,2905.8347,3850.9695,3607.0852,3513.8599,2768.1917,3482.9038,3541.825,2837.378,3376.5476,3418.3516,3093.1562,3003.5862,3046.8936,4139.832,4066.538,3645.7747,3375.4097,3663.3315,4121.061,3735.7083,3573.9294,1782.5485,3622.6765,3596.0178,3312.8743,3401.5366,3755.0706,1959.3293,2906.4944,2809.9397,3191.019,3455.8616,3487.2732,3777.4976,2559.1753,3739.2969,3393.2507,3343.0999,2521.0105,3147.9954,3296.4888,3030.6636,3107.4995,3377.9365,1191.6349,2799.718,2822.8499,1993.5519,2938.396,3092.0142,2126.7449,2291.5366,2629.1702
3272.407,3346.627,1108.2089,3266.1697,3837.484,2698.4033,3236.0283,2028.0831,3027.6304,3594.1257,3550.5498,3625.753,3542.1907,3188.3992,2894.847,3853.3015,3612.7954,3516.7883,2744.278,3481.3079,3547.435,2868.5027,3372.4194,3435.8582,3085.518,3001.0671,3053.023,4131.556,4066.1677,3654.1794,3373.9165,3628.8733,4109.7188,3732.783,3586.7927,1776.3491,3609.4146,3596.966,3353.727,3391.9443,3756.8015,1961.2251,2900.7017,2828.5662,3187.5894,3450.092,3490.54,3779.3218,2544.3018,3728.9644,3388.6587,3357.797,2492.1023,3137.97,3294.003,3067.5159,3103.6912,3387.4175,1184.6326,2804.548,2829.98,1997.377,2934.598,3087.5552,2131.0723,2281.4548,2644.017
3281.3303,3347.8938,1096.3099,3267.9424,3839.1768,2706.8396,3238.2378,2023.8746,3028.5513,3589.2324,3545.4421,3623.593,3538.6165,3180.9634,2910.5986,3850.331,3609.5847,3510.8271,2760.5813,3485.266,3548.302,2844.6545,3378.8237,3431.0571,3088.9446,3004.0881,3047.8708,4123.119,4064.9568,3648.967,3371.587,3632.3755,4104.3423,3729.2366,3578.7366,1828.2074,3613.6406,3597.1494,3332.0256,3395.12,3759.1753,1973.5208,2901.2983,2817.0774,3184.8022,3445.6357,3481.0383,3765.5493,2543.4011,3724.344,3381.4924,3339.9143,2503.8088,3139.1396,3293.6167,3042.9014,3102.819,3388.26,1198.202,2804.871,2824.0498,1997.133,2935.417,3086.373,2156.3184,2287.9424,2638.3184
3289.1724,3353.1455,1116.3,3273.249,3831.6086,2717.955,3238.59,2009.4698,3025.7068,3593.0996,3547.32,3624.7642,3540.5022,3180.5286,2896.5315,3850.6675,3610.192,3511.2466,2768.2722,3484.169,3545.7869,2851.2104,3382.393,3424.7961,3083.838,3005.6238,3050.2678,4125.0156,4070.408,3651.2695,3377.163,3616.2065,4105.641,3730.3464,3572.4429,1788.1157,3617.0823,3598.0068,3339.4956,3404.528,3760.8176,1964.1844,2906.9465,2805.5015,3185.8042,3445.8352,3483.2358,3766.5586,2537.2576,3725.3352,3382.8774,3337.5962,2495.0334,3138.122,3294.7761,3046.573,3108.8674,3385.4421,1194.9028,2801.2063,2827.2163,2007.9783,2935.03,3080.3599,2148.9548,2288.3462,2635.9246
3278.9075,3353.4473,1142.3857,3274.774,3826.3723,2724.4165,3243.5693,2038.7837,3023.8137,3592.4165,3547.3767,3619.8281,3534.13,3166.0227,2904.6917,3846.0623,3606.8582,3509.2244,2764.2793,3486.3076,3544.1865,2855.7126,3383.317,3427.0422,3091.039,3006.0164,3048.711,4116.9917,4064.82,3648.1577,3370.704,3590.5898,4111.1577,3724.6448,3575.3723,1832.5955,3620.921,3597.9626,3339.0134,3404.9153,3764.7002,1968.7257,2903.2058,2813.9097,3188.568,3450.8105,3483.6406,3763.1948,2538.7314,3728.5928,3383.4604,3340.728,2509.657,3143.128,3295.7017,3047.9075,3111.719,3383.6519,1188.3827,2806.0464,2828.1934,1987.977,2937.0796,3082.2158,2137.2595,2285.4539,2631.2517
3278.78,3344.112,1144.8799,3267.9656,3823.8823,2728.7234,3249.6501,2058.4072,3024.354,3590.7422,3560.0334,3622.1206,3536.7622,3160.668,2917.5767,3847.021,3605.003,3507.6738,2766.8113,3486.5742,3542.294,2835.2766,3384.8066,3414.0645,3101.6418,3008.011,3054.049,4128.484,4063.836,3649.998,3369.111,3613.2188,4119.391,3731.3613,3574.4092,1778.389,3626.6091,3596.756,3328.3904,3409.4468,3765.8757,1978.1443,2904.5745,2818.2517,3197.4736,3457.0273,3485.752,3763.9036,2563.0962,3737.5603,3384.2607,3334.5742,2529.9216,3147.8364,3296.5188,3032.7036,3111.705,3376.388,1199.3342,2804.3687,2833.4016,1995.674,2934.1587,3080.4436,2125.3047,2277.6045,2625.7986
3271.9385,3342.2732,1134.927,3260.681,3817.0212,2710.1853,3242.4624,2039.7314,3027.6726,3588.1892,3560.9321,3622.9985,3542.4448,3170.514,2918.9302,3853.9333,3609.2075,3507.8376,2779.0232,3482.6511,3543.093,2858.659,3374.9329,3409.6099,3100.7793,3009.145,3054.3962,4122.0,4067.0327,3653.6794,3370.7979,3621.5593,4114.019,3733.3635,3573.717,1846.3005,3611.854,3592.3499,3338.0227,3400.027,3758.477,2001.1729,2904.224,2826.9028,3200.517,3447.738,3486.5576,3766.211,2575.4226,3728.5935,3381.2969,3341.245,2542.8093,3133.6633,3291.3337,3051.196,3108.4175,3377.7534,1190.7723,2796.8262,2836.1912,2007.1141,2923.5474,3074.525,2144.4766,2269.637,2632.5151
3272.3435,3328.6445,1134.3605,3254.7249,3817.5225,2691.958,3237.6006,2039.7167,3026.4443,3596.6326,3551.4172,3622.5955,3540.9075,3167.4111,2908.8547,3854.2856,3609.3281,3505.5027,2772.439,3483.5151,3542.3984,2858.9507,3370.5312,3420.2324,3093.47,3005.7085,3052.113,4117.0005,4058.2695,3647.6538,3365.1475,3608.4868,4105.5347,3722.734,3568.2742,1856.4117,3609.6936,3588.4587,3338.803,3395.7646,3758.9958,1992.7509,2901.2285,2822.1006,3191.5405,3441.6177,3476.5818,3752.9724,2556.3232,3718.7815,3376.8054,3336.6868,2516.7673,3130.3242,3287.393,3052.5537,3104.568,3387.2954,1203.2296,2794.2205,2831.1863,2007.4976,2923.6218,3074.7666,2141.5,2267.274,2634.2522
3270.1726,3318.0803,1096.88,3255.2197,3818.978,2705.3618,3233.221,2030.2666,3021.1753,3589.7031,3544.9333,3621.0894,3537.909,3165.1445,2900.5803,3849.0964,3607.4858,3503.6975,2770.3442,3478.8228,3542.957,2843.713,3375.0615,3417.1238,3084.4985,3004.1604,3047.1316,4124.673,4062.547,3647.6677,3372.2034,3651.7034,4104.905,3724.0002,3568.6226,1781.4172,3614.6382,3589.4094,3318.8367,3398.7493,3759.7544,1991.0239,2904.9377,2814.131,3191.9346,3443.2947,3478.1428,3753.223,2549.225,3721.6423,3377.9766,3331.7952,2507.8967,3128.5493,3290.252,3043.6506,3108.0237,3384.763,1193.1259,2794.677,2823.7803,1988.89,2922.8713,3077.4336,2132.5488,2269.0732,2623.4734
3268.1006,3327.9927,1116.3291,3262.2659,3821.4204,2727.8923,3240.9924,2040.7999,3019.904,3592.7092,3538.4038,3614.0745,3526.8374,3162.9368,2894.5037,3840.9207,3598.4644,3503.7793,2750.1135,3476.6309,3537.6611,2847.8052,3375.1292,3415.9658,3098.0925,3001.3557,3047.7485,4115.5176,4052.473,3638.0212,3363.703,3629.2954,4099.5254,3716.9756,3569.7961,1839.8088,3618.0857,3583.0337,3326.6272,3399.6633,3750.5076,1983.7062,2901.7983,2820.036,3186.4011,3442.768,3476.7708,3752.8918,2542.2424,3724.7605,3380.6934,3333.245,2494.4656,3137.8574,3286.7952,3032.44,3104.6567,3375.041,1197.201,2791.5059,2819.7078,1977.1118,2927.3071,3077.1821,2108.9443,2259.7349,2612.3435
3267.9436,3324.9338,1153.4504,3257.759,3818.218,2722.6353,3238.2756,2043.2639,3026.0042,3591.5737,3545.6492,3616.0532,3531.9229,3166.3225,2903.832,3843.0999,3604.3162,3504.1555,2760.5923,3470.8047,3536.1821,2840.0762,3372.662,3406.8508,3095.622,3000.8687,3047.9482,4122.7554,4051.817,3642.4836,3367.708,3644.1802,4104.6875,3727.6357,3563.7678,1830.3928,3609.3694,3582.1702,3301.5806,3393.7776,3740.4873,1982.1514,2909.164,2814.0793,3192.9536,3447.6528,3483.9343,3757.6096,2559.6997,3730.7058,3387.092,3330.105,2520.8882,3134.562,3286.552,3025.4236,3100.0757,3358.8699,1174.706,2786.5383,2813.528,1989.2472,2921.3303,3079.4385,2128.6057,2249.0557,2602.3948
3262.417,3316.1338,1128.0015,3252.9333,3820.048,2695.8472,3224.5547,2035.9257,3021.3057,3592.6938,3541.4375,3615.6692,3536.429,3174.4373,2906.7642,3846.5989,3607.296,3509.5535,2756.7798,3468.6099,3539.7505,2868.8542,3364.8887,3423.169,3094.5037,2999.303,3043.1287,4118.404,4048.6597,3642.6602,3365.0593,3597.4043,4098.6216,3723.7195,3569.8926,1852.236,3597.0234,3579.567,3320.9167,3386.3118,3733.457,1996.5022,2901.9768,2819.9316,3189.848,3442.5618,3483.2344,3766.4773,2554.72,3725.5464,3382.228,3341.4788,2517.1748,3127.4778,3282.9944,3055.445,3090.4253,3368.0876,1186.0046,2787.3416,2807.663,1975.3683,2916.5874,3074.309,2124.5715,2245.5151,2616.2434
3269.7368,3310.3308,1126.01,3254.4983,3814.042,2691.914,3228.472,2033.9332,3018.8389,3593.6504,3531.964,3613.923,3530.666,3163.8323,2902.027,3847.7864,3603.7893,3496.8184,2755.476,3469.483,3538.6648,2846.8813,3368.5432,3404.2969,3081.5662,2999.014,3043.888,4109.488,4047.1787,3639.0269,3361.0684,3578.0574,4089.9639,3718.5928,3562.4038,1855.5968,3606.9167,3577.5,3295.655,3382.2285,3734.0425,1986.257,2905.1567,2820.9714,3183.0552,3440.6152,3477.1375,3748.6523,2547.7961,3721.12,3380.5898,3327.7996,2514.3296,3125.7026,3280.8274,3037.163,3090.9192,3361.0454,1196.9569,2785.061,2799.4485,1979.3408,2917.0884,3074.76,2118.377,2248.5874,2610.7297
3281.7026,3334.443,1094.0063,3263.6628,3819.0586,2706.1528,3247.7434,2047.0629,3027.5068,3595.3357,3534.1948,3616.023,3536.0266,3169.4355,2897.4133,3845.4944,3604.2607,3500.9805,2756.6492,3473.043,3542.3289,2861.6165,3369.332,3419.3782,3077.7615,2996.7644,3043.5393,4115.723,4051.8066,3642.825,3365.3064,3582.379,4092.3293,3717.0027,3563.5488,1823.9962,3600.2812,3582.675,3303.824,3386.483,3736.0674,1987.8352,2905.5244,2818.1565,3186.1501,3442.663,3479.7651,3755.1912,2545.9673,3723.222,3382.481,3331.5527,2507.9436,3126.1614,3284.9563,3028.1062,3090.513,3361.7458,1199.908,2787.0762,2804.6785,1967.3752,2919.5132,3075.7217,2124.2249,2252.912,2613.6016
3280.6465,3335.7686,1114.2489,3272.1018,3823.218,2716.2292,3248.811,2039.7302,3029.3364,3599.834,3536.064,3617.3613,3535.8003,3172.0652,2901.4585,3846.3855,3607.4548,3504.4607,2766.154,3480.4033,3541.9585,2858.2856,3373.3953,3425.74,3086.127,3001.3284,3050.269,4115.823,4061.944,3649.8865,3368.9785,3577.9866,4098.6934,3723.6606,3573.2563,1799.4576,3608.8486,3587.9338,3314.7258,3396.4478,3744.4019,1980.3492,2909.0137,2822.6924,3185.6733,3450.992,3485.129,3760.267,2547.5095,3727.3203,3387.9973,3340.725,2498.7932,3133.5977,3288.1272,3046.644,3098.5264,3364.2246,1192.1508,2792.7434,2808.8623,1975.6112,2927.6055,3079.9915,2123.0955,2261.6633,2616.5322
3282.1316,3338.632,1133.9285,3270.7842,3823.967,2734.5005,3253.128,2063.9368,3036.027,3607.9453,3551.6233,3621.4246,3537.4717,3171.7195,2909.7952,3847.3362,3605.8008,3514.9873,2751.0872,3481.802,3544.768,2848.2256,3372.8052,3430.097,3101.8223,3008.307,3054.1555,4134.4253,4069.2292,3653.1025,3373.4324,3639.6416,4116.003,3730.2388,3580.4758,1795.7896,3608.7383,3591.9575,3315.5752,3396.531,3754.8982,1986.089,2912.505,2829.7634,3192.6555,3458.5496,3490.7876,3764.8743,2554.275,3737.3035,3391.672,3344.118,2525.523,3144.2727,3290.874,3029.7993,3099.0479,3365.4275,1199.5089,2795.7717,2817.9563,1980.1136,2931.7197,3083.8997,2116.3164,2264.8394,2618.0322
3284.101,3340.4934,1152.6138,3271.145,3825.9302,2726.1096,3245.717,2056.3186,3040.1035,3606.6787,3552.9224,3626.4683,3546.5515,3181.0972,2918.8423,3854.1875,3618.074,3522.9182,2781.2424,3490.3318,3549.4292,2855.394,3377.8513,3425.513,3093.018,3014.316,3061.8523,4135.712,4071.3313,3656.2031,3383.1155,3670.9827,4114.886,3735.3845,3586.7112,1785.8132,3604.8044,3590.9475,3330.8757,3393.7188,3756.789,1992.0825,2915.7925,2845.1316,3200.4617,3453.1023,3490.1367,3784.608,2578.2493,3728.0405,3388.9683,3354.026,2526.5789,3135.383,3289.4893,3042.2056,3097.53,3366.1604,1190.3981,2792.1218,2818.1597,1999.4208,2926.8723,3075.5676,2137.3538,2269.0557,2626.1267
3285.6387,3347.3027,1114.0105,3271.2363,3834.1301,2718.1685,3254.4558,2045.6837,3039.039,3612.154,3541.4812,3627.9512,3541.8494,3177.363,2911.251,3852.095,3616.0583,3525.986,2758.49,3490.7532,3547.7075,2857.3784,3378.0608,3431.4893,3093.8953,3016.8235,3061.9067,4124.709,4067.8484,3649.765,3378.8987,3639.4646,4104.026,3724.775,3590.7588,1826.8479,3607.215,3587.7578,3341.348,3388.3499,3755.6929,2005.2483,2915.4446,2842.5352,3189.9001,3448.511,3481.4668,3763.2188,2551.8345,3721.6309,3383.1714,3351.4055,2505.057,3130.9172,3282.9905,3052.698,3094.846,3372.6206,1203.3806,2796.1777,2816.268,1982.3584,2923.8337,3070.7844,2125.618,2265.8022,2632.2207
3287.7673,3336.705,1145.8573,3275.7493,3830.1301,2743.135,3254.4744,2036.1002,3042.2444,3612.645,3541.4993,3625.302,3542.535,3189.5405,2919.6934,3852.8625,3616.5127,3522.7449,2769.8704,3489.7183,3549.0415,2844.5164,3378.8223,3423.9873,3080.3894,3020.3044,3070.109,4120.5933,4065.735,3652.9077,3388.726,3642.4136,4103.705,3729.2073,3582.3252,1763.7174,3603.1292,3590.655,3318.7163,3392.9495,3754.0046,1994.0244,2922.022,2830.9294,3191.4832,3448.7253,3483.43,3768.2664,2549.9941,3720.4744,3386.8655,3339.343,2501.1138,3131.6602,3286.0688,3032.7778,3098.3345,3362.531,1209.9542,2789.503,2805.294,1985.4442,2922.0813,3075.71,2136.1233,2263.2915,2619.9023
3286.2576,3341.194,1133.7144,3278.3838,3829.743,2730.3225,3256.4805,2036.1152,3040.932,3621.982,3537.9563,3621.8875,3537.9163,3182.3052,2908.1025,3846.2527,3613.0315,3527.7458,2741.6125,3483.7888,3544.969,2850.7424,3377.6484,3428.2556,3088.4946,3019.969,3060.0137,4115.9106,4066.0752,3649.8296,3382.4646,3599.2634,4108.068,3724.694,3587.4912,1850.6783,3603.3245,3587.6592,3322.4824,3391.3015,3758.399,1981.897,2917.3606,2837.1143,3185.989,3451.696,3481.41,3762.7466,2545.7424,3723.3623,3384.6562,3343.9236,2493.9705,3130.9412,3285.3643,3030.0461,3093.2134,3371.766,1199.3839,2789.3843,2811.682,1979.1747,2925.229,3074.4937,2138.7378,2262.0842,2622.8958
3287.6711,3334.4224,1157.699,3275.5068,3823.817,2739.5115,3259.5464,2061.292,3044.474,3619.759,3547.5225,3621.63,3535.5566,3185.6335,2909.0715,3847.463,3608.3071,3523.0234,2765.7637,3482.7932,3543.462,2842.0269,3382.9983,3406.7988,3097.4858,3020.8816,3062.0264,4121.5835,4064.9297,3646.862,3378.97,3604.8008,4104.707,3728.141,3582.2583,1831.549,3604.277,3588.3804,3311.8901,3397.7197,3756.4553,1985.0178,2918.274,2831.0845,3191.416,3455.0764,3484.4226,3765.7966,2555.1536,3730.246,3390.8088,3343.8403,2508.175,3138.3862,3289.3901,3020.1094,3101.2034,3360.8071,1201.776,2789.203,2810.3362,1988.7625,2925.1765,3075.2197,2127.9329,2258.2402,2611.9214
3281.8884,3338.8484,1168.9683,3268.937,3823.5469,2731.4214,3252.1016,2034.9062,3041.2175,3607.98,3542.5068,3624.0989,3543.7854,3187.4155,2909.2437,3850.0671,3611.4343,3520.5225,2763.639,3482.208,3542.669,2858.2783,3374.7903,3405.5679,3100.9473,3021.285,3067.4417,4122.8877,4064.981,3651.739,3380.046,3600.161,4109.1724,3729.512,3583.1162,1785.8197,3602.5532,3582.785,3320.2183,3385.174,3747.9287,2001.911,2920.5679,2843.9275,3195.3918,3454.233,3491.912,3765.6897,2563.5005,3731.6785,3387.705,3347.7346,2525.2532,3134.0452,3287.4128,3036.3452,3093.3647,3352.6577,1209.2136,2791.095,2822.9666,1984.1401,2921.9978,3073.7952,2131.589,2253.063,2615.524
3287.7583,3334.9114,1118.4634,3270.057,3827.3167,2728.959,3251.3804,2044.093,3037.9724,3606.9907,3536.6167,3625.8518,3541.816,3179.5352,2902.86,3850.7266,3611.0303,3520.7742,2756.4856,3485.1797,3545.55,2855.901,3373.4248,3414.5505,3091.525,3016.9524,3059.1855,4117.222,4063.1223,3648.627,3375.9026,3582.4224,4096.88,3726.193,3580.5125,1799.857,3603.7363,3587.9785,3314.7146,3388.7756,3750.9873,1999.8773,2913.5828,2833.1934,3185.608,3448.5422,3481.2402,3760.2253,2536.9617,3720.0305,3382.59,3341.269,2498.5574,3128.5322,3283.2378,3037.4478,3090.8987,3364.5886,1202.6813,2791.3606,2818.6545,1985.227,2919.3164,3074.7727,2139.345,2258.5269,2617.604
3290.4067,3336.1826,1130.9639,3275.2205,3831.9788,2744.982,3249.4717,2042.7758,3039.6052,3606.1594,3542.8123,3626.1345,3544.9045,3181.6455,2908.1687,3855.3074,3611.3162,3519.794,2770.4194,3491.9565,3548.549,2841.4304,3382.2341,3406.472,3089.8926,3017.9077,3058.6697,4129.683,4069.3645,3654.5903,3381.4429,3626.5967,4107.688,3731.1265,3581.4294,1840.7896,3611.6414,3590.8772,3309.274,3401.597,3756.914,1994.7828,2916.4487,2821.0105,3191.7097,3453.1304,3485.4429,3761.7927,2555.5015,3729.245,3386.2327,3335.5103,2508.6826,3135.6414,3289.2678,3016.1514,3100.7344,3365.5352,1193.4581,2797.64,2821.6711,1986.5068,2928.1475,3079.8894,2128.2993,2271.387,2620.562
3291.7363,3359.8064,1141.1698,3279.2131,3834.0635,2747.8652,3259.1206,2043.6998,3043.044,3611.724,3544.1116,3626.6353,3542.9897,3184.99,2902.699,3852.9395,3613.516,3522.7754,2762.835,3490.7046,3546.8992,2862.9253,3382.2393,3427.0818,3092.4536,3016.9617,3063.0098,4126.2427,4075.1465,3655.9714,3392.6064,3622.3948,4107.3096,3730.7383,3588.2979,1813.6721,3612.9512,3592.3538,3340.0688,3403.506,3764.4014,1991.289,2913.1084,2835.7424,3192.729,3455.0032,3487.0142,3771.9336,2545.8252,3730.7385,3390.1384,3350.0908,2491.2192,3140.5635,3289.3623,3048.7046,3105.195,3365.0894,1184.7355,2799.8252,2823.371,1987.465,2933.2266,3079.8972,2131.5103,2272.2256,2625.395
3289.2363,3364.3367,1170.0919,3281.6904,3836.2524,2760.8005,3255.636,2038.078,3050.1692,3620.4072,3553.1174,3630.1135,3538.0002,3180.8228,2920.6445,3852.9133,3609.2856,3516.0645,2776.5637,3490.8806,3541.7239,2836.692,3382.0098,3411.7817,3111.817,3027.4548,3070.2478,4131.706,4079.6711,3654.0198,3388.9268,3649.3506,4121.689,3734.1848,3584.847,1821.4669,3618.4316,3598.5178,3319.591,3414.7002,3770.7732,1983.9585,2922.9963,2836.1494,3196.016,3463.924,3486.022,3772.483,2560.636,3737.0398,3392.0437,3339.764,2516.9692,3148.8333,3291.208,3010.034,3105.5867,3362.7056,1192.9387,2797.1414,2822.2646,2005.0349,2938.7288,3085.5547,2136.496,2281.188,2620.0503
3291.6763,3370.5999,1203.8622,3285.3928,3838.0574,2756.4617,3265.1338,2044.1705,3054.1135,3623.1406,3561.356,3636.7468,3543.1963,3191.3076,2926.9263,3860.2483,3620.0847,3535.1104,2778.5776,3496.8677,3545.9045,2861.1045,3373.6013,3432.2495,3124.2314,3029.5493,3075.0857,4137.528,4081.339,3656.5906,3397.8477,3634.6296,4128.5254,3741.4812,3601.403,1791.9171,3613.3652,3600.7285,3363.5283,3413.9817,3773.7046,1993.5658,2923.971,2843.5862,3199.0032,3463.752,3482.384,3775.3677,2567.2869,3741.4458,3394.153,3357.8484,2527.5789,3143.0579,3288.198,3053.858,3101.0938,3356.0466,1201.338,2792.9492,2821.225,1995.0739,2932.5615,3081.0894,2122.8784,2274.9602,2621.215
3277.2888,3355.1296,1201.2266,3280.8223,3834.8264,2733.4646,3260.1016,2035.1385,3049.3281,3634.969,3548.5432,3633.7083,3539.1772,3187.6282,2920.7292,3864.639,3622.7998,3526.3083,2775.298,3495.081,3547.3613,2844.8923,3364.4927,3439.8179,3096.4392,3031.847,3079.331,4122.723,4074.8872,3651.745,3395.7446,3613.0076,4117.753,3740.0618,3601.1514,1800.4512,3611.1218,3601.7983,3357.1401,3404.9792,3782.686,2004.3136,2924.0483,2848.4363,3194.0464,3455.3223,3473.0908,3777.249,2549.898,3732.0522,3387.4583,3353.8357,2524.983,3133.2368,3284.53,3045.9163,3089.1238,3363.015,1202.6785,2796.7295,2813.4597,1993.6478,2930.399,3082.9597,2134.5837,2272.012,2636.47
3279.6035,3346.5417,1146.569,3282.1367,3839.1265,2726.3684,3254.5886,2041.9291,3048.3904,3633.2913,3541.7825,3632.3318,3530.4402,3187.5327,2909.4556,3860.06,3614.6694,3523.921,2771.2024,3491.4978,3540.42,2828.4583,3365.8408,3421.2556,3089.379,3027.8005,3072.5452,4120.9033,4073.4792,3646.173,3396.3677,3601.8877,4117.3066,3730.965,3596.0576,1818.7992,3613.1187,3591.8394,3341.913,3406.7449,3774.8862,2003.1603,2918.4563,2834.166,3186.1875,3458.2646,3467.3088,3764.787,2555.22,3729.8474,3387.4656,3351.003,2511.788,3134.029,3281.915,3031.4111,3090.8667,3353.9097,1201.0085,2791.4739,2801.0273,1979.5798,2926.9014,3081.2366,2141.167,2271.4744,2626.941
3282.7776,3348.7,1159.6072,3280.7878,3836.24,2725.7068,3260.4956,2034.0697,3050.713,3627.8093,3535.717,3630.7139,3529.8533,3186.4343,2906.229,3859.3306,3615.309,3521.3757,2766.0015,3488.7302,3541.0015,2842.367,3361.6128,3436.124,3089.597,3022.3005,3070.7695,4125.217,4070.671,3649.982,3391.0942,3607.4507,4116.965,3734.134,3594.4648,1870.2623,3612.948,3592.7815,3339.0273,3406.279,3775.8416,2000.8364,2922.8777,2828.9534,3183.5369,3458.5918,3470.6868,3768.006,2545.942,3733.5413,3388.9058,3353.555,2492.739,3133.4036,3283.1055,3038.7559,3090.042,3364.3904,1190.4602,2791.5562,2804.9045,1979.935,2932.4941,3082.6655,2133.905,2271.934,2626.9475
3283.4272,3344.0417,1152.4446,3282.7163,3833.799,2735.1917,3246.174,2043.7957,3051.3733,3629.45,3543.3796,3628.5176,3527.5078,3183.1094,2913.8633,3855.3801,3610.565,3515.1982,2781.0623,3484.87,3537.5854,2832.1138,3365.021,3418.0938,3092.631,3020.1008,3070.726,4135.805,4075.667,3650.548,3388.602,3655.3923,4118.1523,3737.5422,3585.991,1839.755,3620.7039,3592.8474,3314.6382,3412.0908,3774.7014,2001.801,2922.012,2829.9158,3189.9695,3463.3481,3475.019,3768.0938,2556.514,3737.0044,3392.1633,3349.8767,2512.4207,3137.878,3287.1572,3018.404,3096.3784,3354.0225,1201.2083,2792.0286,2803.5815,1992.3844,2933.7197,3082.9392,2111.4866,2274.4443,2617.7473
3280.0198,3353.6113,1189.4467,3277.2048,3836.5852,2726.9094,3249.1643,2049.4287,3047.7593,3631.3628,3542.7559,3630.2312,3530.0918,3189.3032,2917.7317,3856.5894,3614.912,3525.4111,2771.6003,3484.0527,3536.3323,2850.405,3367.9575,3421.2678,3096.8103,3022.0222,3075.403,4124.5977,4078.0647,3654.173,3389.4814,3630.9666,4125.796,3737.5825,3595.5325,1837.8641,3617.1973,3590.707,3342.364,3411.688,3770.3613,1976.934,2918.7007,2840.5757,3187.995,3464.6653,3479.831,3758.6765,2548.4622,3738.8044,3396.1167,3359.2488,2513.5159,3137.7925,3285.0437,3042.8245,3095.5645,3352.9504,1194.9799,2788.463,2814.0754,1987.9492,2937.4202,3082.143,2124.9434,2267.1245,2623.0818
3282.194,3339.534,1157.8851,3279.7407,3830.1772,2719.7634,3244.9648,2014.1399,3049.0027,3626.5493,3534.9668,3628.2,3534.4382,3191.2295,2911.004,3860.146,3614.1052,3515.8118,2778.2637,3481.7615,3541.2566,2838.901,3371.2764,3418.4827,3088.9414,3020.1357,3072.3381,4122.7163,4070.1116,3653.5842,3383.9844,3641.8816,4116.171,3737.0967,3581.3582,1834.8292,3612.0166,3590.8894,3321.6624,3402.2502,3771.3008,1989.7023,2918.3872,2831.1626,3188.3894,3456.4534,3476.5085,3762.8838,2546.434,3726.887,3389.0256,3340.4297,2506.2034,3127.9634,3283.2349,3017.001,3089.4097,3356.809,1192.2982,2783.2239,2809.7593,1990.4419,2924.2317,3075.1536,2133.9983,2259.5764,2614.101
3279.918,3342.6245,1158.055,3277.584,3826.3716,2711.1475,3239.7231,2051.627,3048.019,3631.449,3533.3516,3628.3809,3532.3577,3177.7412,2907.627,3854.904,3610.9795,3517.584,2758.647,3483.1248,3537.338,2836.3276,3368.083,3422.3162,3092.1067,3024.8074,3067.3257,4116.2866,4073.7295,3653.5542,3379.5225,3593.5593,4115.1914,3730.7268,3586.3965,1837.5559,3617.6797,3584.7053,3327.9873,3408.6243,3773.536,1990.4266,2919.1997,2830.3345,3186.0776,3456.6208,3476.763,3757.6138,2539.2236,3729.48,3388.052,3343.7336,2507.664,3130.736,3280.899,3037.3738,3089.162,3359.274,1184.0854,2789.6924,2820.8633,1976.9948,2930.7363,3076.635,2128.3513,2258.4983,2622.3403
3282.0015,3340.506,1171.8502,3279.531,3826.2253,2723.938,3256.6008,2046.171,3046.2144,3634.641,3539.0334,3627.7192,3530.481,3177.8704,2909.3062,3854.4534,3612.3152,3518.7163,2768.211,3482.4402,3538.6885,2844.538,3372.9583,3418.2427,3088.9858,3023.6235,3069.9102,4117.302,4074.2788,3656.376,3389.8044,3603.6338,4113.9033,3733.1172,3585.799,1820.7501,3616.621,3590.0134,3328.8103,3408.6138,3778.8892,1987.5768,2918.881,2832.6826,3182.527,3459.2188,3480.111,3767.5178,2545.816,3730.4177,3390.0317,3347.3262,2506.8596,3130.068,3284.0037,3020.017,3093.0615,3355.4514,1178.8843,2781.3792,2818.713,1968.0763,2929.6064,3073.402,2123.0562,2261.6248,2613.3652
3276.6936,3344.6477,1165.717,3280.2217,3824.0862,2743.063,3253.7852,2039.8667,3048.138,3624.9343,3545.2478,3628.7996,3529.4434,3175.6997,2912.1401,3852.2847,3610.0344,3521.6985,2790.6218,3482.2097,3534.979,2841.0676,3375.582,3409.2854,3099.104,3020.319,3069.4856,4125.4316,4076.1528,3655.046,3388.8552,3599.6248,4120.2773,3734.3264,3588.388,1816.2336,3621.4163,3590.142,3333.5918,3416.942,3778.205,1979.2266,2914.1885,2832.004,3190.6638,3463.3572,3482.713,3766.5168,2561.64,3736.5662,3392.9905,3350.017,2510.8215,3135.7424,3285.6853,3029.178,3097.502,3350.629,1185.0532,2781.5754,2823.6177,1994.6022,2931.3662,3076.3284,2126.2864,2261.7349,2611.7117
3278.7878,3335.3008,1151.0094,3277.7234,3823.3562,2721.7136,3243.6797,2046.864,3050.218,3635.9238,3544.6868,3628.5706,3538.3535,3185.6465,2909.0134,3856.4712,3614.5383,3526.179,2779.214,3485.092,3536.2087,2846.2666,3372.619,3416.8984,3104.9626,3023.7463,3074.6223,4128.183,4074.016,3659.5242,3389.2156,3616.861,4124.3267,3735.735,3593.8696,1867.892,3612.6213,3589.1873,3340.5615,3415.8599,3773.716,1979.0726,2916.3208,2844.4773,3191.0457,3463.999,3486.3203,3767.3662,2557.6353,3733.2344,3393.1914,3352.6323,2515.639,3130.53,3283.8193,3039.0222,3092.2312,3359.2876,1182.3762,2778.2915,2832.0635,1980.5994,2927.7642,3074.67,2124.6428,2254.816,2619.6765
3279.6038,3339.4685,1129.6816,3272.91,3827.818,2715.571,3241.1946,2035.019,3052.5664,3635.1318,3539.464,3630.1519,3541.2817,3184.0754,2921.9246,3857.401,3615.9868,3524.8398,2778.4553,3484.5452,3542.696,2845.508,3370.0728,3421.1685,3087.4402,3023.8374,3074.2507,4123.519,4076.4045,3659.6392,3395.053,3637.4028,4111.688,3734.27,3592.1504,1831.4337,3609.4368,3592.635,3338.9631,3406.9082,3781.5564,1999.3104,2920.7542,2835.4526,3193.1255,3458.6672,3477.9092,3771.3796,2545.9026,3723.9224,3386.7969,3350.4448,2511.7341,3121.8926,3282.985,3034.9875,3089.495,3361.6467,1203.8778,2782.1616,2826.9329,1983.667,2922.3203,3074.2466,2137.32,2258.5068,2617.6614
3287.1575,3346.4988,1151.636,3284.0874,3836.0317,2733.0103,3256.6912,2054.27,3054.1008,3639.2263,3542.001,3632.788,3538.3162,3188.2695,2918.1306,3858.836,3616.3406,3529.0256,2768.6875,3490.347,3541.4238,2847.8523,3375.2283,3429.9868,3099.1194,3026.6882,3073.0037,4125.422,4073.5073,3650.721,3389.9753,3626.0754,4108.8647,3735.1526,3599.2256,1825.0028,3615.582,3591.4902,3350.4067,3408.6934,3784.8345,2008.7021,2919.2986,2836.428,3190.4255,3460.2893,3477.7876,3768.9001,2544.6494,3725.0151,3389.6055,3352.807,2489.7878,3129.741,3281.3838,3037.0015,3091.154,3366.2588,1192.523,2783.6763,2826.2615,1974.8639,2928.5786,3074.7222,2148.81,2262.681,2623.8052
3282.9111,3347.1746,1165.6615,3277.7373,3834.0552,2734.1924,3254.0579,2025.8162,3057.567,3654.0615,3541.183,3630.6653,3537.1653,3197.5671,2910.321,3856.9397,3616.3738,3531.4414,2779.869,3490.2937,3543.7297,2848.2793,3375.77,3427.698,3095.2822,3028.088,3080.5557,4120.8643,4077.0684,3651.1973,3402.6482,3627.8015,4112.444,3737.499,3597.6677,1810.59,3613.3242,3596.2053,3352.4993,3414.4866,3787.904,1995.2313,2928.577,2840.981,3194.666,3461.124,3480.852,3783.3196,2552.6545,3730.3472,3394.185,3360.7197,2493.9343,3130.2236,3286.4807,3047.156,3098.477,3362.152,1196.3464,2785.8948,2824.51,1992.0482,2930.029,3081.022,2137.3738,2269.8696,2621.5317
3286.4727,3354.5525,1160.035,3291.4019,3838.0593,2761.401,3262.0806,2052.2214,3063.164,3655.2961,3547.7144,3631.2456,3533.8862,3189.7043,2915.5615,3854.3926,3613.4636,3538.2876,2773.0583,3492.7253,3543.5503,2836.1177,3382.6035,3428.973,3110.094,3032.5493,3080.4817,4120.9175,4078.0154,3646.1953,3398.0881,3594.9275,4123.9146,3739.0632,3607.0837,1846.6545,3617.826,3597.0688,3341.9663,3413.7239,3788.2063,1987.0082,2922.859,2839.795,3192.9749,3469.5159,3479.2417,3787.938,2553.678,3736.386,3395.8872,3360.6394,2521.901,3141.096,3287.705,3024.283,3100.9136,3367.0066,1191.7444,2782.3074,2818.7761,1988.277,2933.7153,3083.9424,2121.7566,2274.1619,2622.7205
3285.6157,3357.242,1180.3064,3288.407,3844.223,2756.3896,3265.7583,2055.5876,3067.907,3658.484,3554.6104,3636.4067,3541.872,3198.184,2927.4902,3861.9243,3621.5815,3547.1765,2787.5188,3495.2793,3545.477,2854.8386,3381.4102,3416.619,3101.2354,3037.1992,3092.1392,4129.479,4083.4958,3644.112,3411.1196,3627.9656,4123.4863,3747.2498,3613.6094,1824.8584,3613.45,3599.473,3346.5361,3412.7627,3783.2708,1994.237,2924.3528,2855.4546,3201.9795,3470.7468,3484.6223,3793.3694,2568.0732,3741.252,3399.6794,3368.6863,2525.41,3141.579,3288.5017,3038.499,3097.9075,3357.1147,1207.65,2783.2148,2817.4038,1996.026,2929.5684,3083.9543,2133.6458,2272.5732,2618.88
3280.583,3342.2983,1160.432,3289.112,3845.105,2727.6106,3258.0674,2042.5677,3066.6562,3660.621,3545.0264,3639.0042,3540.9612,3207.8032,2924.096,3866.0747,3630.1516,3546.8809,2785.932,3495.9253,3550.7642,2858.124,3376.196,3422.5188,3090.1401,3035.6584,3090.1697,4127.365,4075.9387,3641.722,3409.9214,3605.6,4122.596,3743.396,3615.8123,1839.5997,3609.8274,3599.03,3358.434,3399.3748,3779.5095,2002.6327,2927.1523,2853.6333,3197.668,3463.9785,3479.4834,3794.063,2556.6353,3731.742,3393.1106,3370.7422,2519.4683,3130.598,3286.8022,3038.335,3088.9448,3363.4873,1196.5842,2782.8274,2806.497,1987.7534,2923.564,3084.7754,2129.3804,2266.2646,2630.726
3275.8298,3319.1946,1140.5046,3295.127,3847.366,2725.4792,3251.4856,2041.4948,3071.365,3658.059,3537.054,3636.8225,3534.604,3208.6753,2914.9438,3866.7068,3622.1333,3537.8245,2769.9197,3492.8857,3542.9365,2834.3198,3369.001,3412.375,3101.407,3035.5366,3087.179,4130.794,4082.2236,3644.155,3407.2117,3623.4722,4120.083,3738.9773,3607.2754,1837.5437,3617.6313,3588.255,3329.464,3397.2754,3763.4856,2005.5533,2930.5737,2858.0266,3186.7354,3467.3906,3476.7007,3796.0588,2551.2563,3734.2102,3392.4182,3365.119,2500.0862,3131.1748,3278.143,3029.6594,3085.615,3357.3489,1203.6572,2787.1248,2788.0886,1986.9777,2929.5803,3085.0867,2132.1733,2266.3438,2624.7961
3271.2776,3321.1008,1117.3777,3288.3054,3846.9219,2733.1057,3243.8215,2030.4829,3067.5542,3655.0452,3534.4707,3637.1504,3533.3477,3214.755,2912.3145,3860.8013,3624.2769,3540.47,2781.7156,3482.3962,3543.3696,2848.6597,3367.1946,3417.8752,3080.316,3034.0957,3088.2546,4131.4287,4088.1233,3655.3557,3412.297,3650.0542,4118.047,3741.181,3608.3743,1807.7096,3618.9304,3591.4111,3325.9045,3399.2053,3759.2285,1983.7227,2931.1514,2866.0151,3186.0798,3468.8208,3480.5554,3798.598,2541.5476,3732.0056,3397.7444,3373.0667,2494.039,3129.7207,3284.0789,3041.5005,3088.3794,3355.6987,1190.3804,2783.3413,2775.5718,1976.895,2928.3,3087.6626,2122.6978,2262.5298,2614.986
3273.162,3328.7866,1135.6179,3290.916,3850.536,2728.5076,3238.4216,2054.2798,3072.9663,3662.9683,3539.274,3635.8938,3532.3455,3207.237,2920.3904,3858.4443,3617.37,3542.277,2760.159,3485.262,3536.7605,2844.5398,3367.2432,3408.1416,3105.1216,3036.2751,3093.3289,4131.938,4090.4058,3659.5195,3406.785,3636.5315,4125.6196,3743.1306,3612.269,1826.1774,3625.9648,3590.0483,3320.8704,3405.8333,3750.2207,1978.4702,2928.912,2870.932,3185.5515,3474.049,3484.7544,3795.0232,2550.7307,3739.6296,3401.862,3370.0613,2502.8213,3139.1077,3285.5112,3032.1528,3089.1907,3353.8364,1202.9496,2782.0593,2777.6477,1979.2993,2933.3123,3090.1099,2127.3235,2254.529,2611.4697
3272.3271,3326.439,1150.4565,3286.4006,3846.5618,2717.299,3242.6313,2022.0923,3069.3467,3656.6296,3538.0283,3635.5166,3542.2979,3214.116,2920.0947,3863.515,3625.7334,3539.9277,2774.695,3484.9182,3544.0435,2849.1472,3365.8452,3411.0146,3088.8938,3034.287,3094.0276,4129.787,4091.203,3670.9197,3413.572,3652.934,4130.618,3749.6091,3608.2974,1792.2532,3617.7722,3593.8328,3316.342,3403.1428,3750.6868,1959.6779,2932.8298,2873.5647,3193.058,3469.5117,3489.4585,3802.1367,2558.6528,3739.4075,3403.862,3373.4207,2521.0706,3134.4912,3286.3318,3038.7676,3091.7117,3356.5476,1197.0781,2779.5464,2785.0688,1971.5474,2924.4438,3089.5332,2126.0383,2256.3984,2620.1587
3278.6465,3340.1282,1143.9194,3290.482,3847.8135,2702.43,3240.8157,2039.7556,3064.689,3665.001,3530.3284,3635.4065,3541.8276,3206.5437,2921.6572,3860.552,3624.0493,3533.2437,2762.62,3490.851,3545.4116,2842.9292,3365.638,3430.6025,3078.6091,3036.1628,3091.2395,4121.8896,4090.5154,3669.1199,3405.5127,3598.5881,4128.8394,3741.695,3607.4692,1835.8899,3621.8018,3593.924,3327.8694,3405.434,3761.1804,1971.4762,2924.6074,2864.422,3183.5266,3463.202,3479.709,3794.028,2546.2744,3730.2627,3394.1555,3372.4094,2506.4785,3128.8057,3283.879,3044.9712,3092.211,3369.5796,1192.1766,2781.1152,2787.274,1971.2184,2924.7874,3084.9622,2135.9263,2263.967,2626.374
3285.0999,3349.6248,1119.1038,3287.9285,3843.5923,2712.934,3257.2869,2042.0295,3065.5745,3661.6245,3533.9465,3635.124,3544.2239,3205.4133,2909.308,3860.622,3622.7703,3537.9233,2773.012,3491.5132,3545.5505,2841.8943,3369.6157,3426.345,3080.7913,3034.4055,3083.5073,4119.019,4090.5793,3666.481,3410.261,3614.7246,4121.689,3738.5159,3602.967,1839.0707,3618.4175,3595.9756,3325.5823,3407.6196,3768.6858,1976.0013,2925.8923,2855.1116,3184.3665,3459.934,3480.5986,3789.443,2545.4355,3727.8499,3391.3945,3369.4373,2500.924,3133.2559,3284.0442,3033.8237,3094.8538,3374.1675,1205.4032,2781.368,2793.2046,1976.8989,2925.031,3080.132,2132.0818,2270.8467,2624.7966
3283.814,3342.5469,1108.5065,3290.8213,3840.2114,2726.8728,3260.689,2032.656,3066.2173,3651.1821,3536.344,3635.2883,3538.0952,3201.6335,2918.5032,3859.5427,3619.0588,3540.431,2784.5227,3493.3494,3542.4644,2838.7534,3368.6208,3420.74,3092.4912,3035.7017,3080.59,4120.692,4092.2036,3668.786,3408.3909,3593.263,4123.8477,3741.846,3611.2422,1787.5865,3628.034,3603.4531,3334.7104,3415.843,3776.3406,1982.6129,2927.2312,2849.1533,3184.882,3466.5017,3482.546,3798.7356,2546.7397,3734.962,3398.8806,3371.3054,2498.3137,3137.2295,3288.343,3038.9873,3098.1965,3367.507,1193.024,2785.601,2800.3274,1988.3279,2931.4707,3083.4878,2137.799,2273.546,2623.65
3288.8032,3343.7078,1158.3794,3293.1501,3840.496,2727.4883,3261.3164,2048.7349,3066.9697,3653.2446,3548.8235,3635.0217,3542.74,3201.5974,2923.8782,3859.659,3618.4827,3545.959,2778.8284,3492.3894,3543.043,2844.0076,3371.1755,3413.8796,3097.5327,3035.8855,3081.2434,4135.404,4091.439,3670.3274,3401.1685,3650.3845,4132.6294,3745.9668,3608.5415,1841.9644,3620.6987,3596.6208,3328.092,3413.1372,3772.9524,1971.4601,2920.809,2839.7227,3188.1736,3467.2056,3486.4143,3787.76,2566.1223,3741.2434,3398.3574,3366.9524,2520.3455,3139.8274,3287.968,3041.3914,3096.9587,3365.6675,1189.666,2778.0234,2802.374,1984.4689,2924.9058,3080.4265,2129.8481,2267.6733,2625.567
3272.0137,3317.3289,1170.5306,3283.416,3833.9216,2707.2253,3241.275,2030.5446,3057.8857,3631.6252,3543.5361,3629.9453,3542.673,3206.9983,2920.1511,3863.7102,3622.1199,3542.989,2793.5923,3488.004,3544.101,2845.0415,3369.2798,3412.2554,3079.698,3031.0298,3077.485,4126.7896,4085.1404,3665.2764,3402.4148,3648.9958,4119.972,3743.2761,3610.331,1844.8438,3613.3215,3593.5417,3337.998,3403.8743,3770.9976,1973.8455,2924.2385,2836.7297,3186.881,3457.1814,3480.9148,3784.5598,2560.6726,3730.837,3391.825,3369.9011,2521.096,3128.6482,3287.8438,3055.0256,3096.776,3373.311,1179.8293,2787.5205,2807.5972,1984.4829,2922.3608,3078.9446,2135.928,2273.8835,2633.1409
3278.0583,3320.9712,1147.9749,3284.0698,3839.1892,2706.5833,3252.2766,2059.1504,3058.398,3634.0837,3540.3174,3631.459,3536.258,3197.7832,2920.7542,3857.3855,3616.0608,3535.5984,2782.301,3489.0173,3541.3975,2837.165,3370.0586,3401.4683,3086.963,3034.8713,3076.46,4119.879,4083.2537,3659.84,3402.9214,3641.7407,4112.781,3734.467,3607.4072,1851.1597,3617.1592,3591.3608,3326.649,3402.7715,3772.228,1966.3798,2921.971,2831.198,3180.5977,3456.6562,3478.9072,3775.1143,2544.4563,3726.8013,3388.1257,3363.56,2507.817,3133.2722,3285.2666,3034.96,3095.7344,3377.8901,1178.3126,2786.4773,2812.1282,1978.2777,2924.507,3079.347,2141.186,2266.391,2624.816
3270.1333,3304.4622,1148.6455,3277.306,3835.5251,2706.977,3238.0483,2022.4138,3054.818,3635.4626,3536.536,3628.488,3534.5056,3198.881,2913.014,3858.4849,3618.6628,3539.92,2785.3213,3483.072,3541.2356,2856.9995,3366.9998,3396.4668,3081.98,3031.3232,3078.541,4119.8906,4079.3853,3660.4624,3407.6182,3618.941,4114.0654,3740.1846,3608.3772,1808.0924,3617.8862,3591.4167,3323.8726,3405.476,3769.183,1961.7208,2923.5488,2827.297,3181.0596,3456.9143,3484.836,3789.3374,2550.9788,3731.1846,3392.3584,3371.0518,2499.9917,3131.8328,3289.827,3056.0947,3102.4521,3374.6096,1191.1576,2789.833,2815.1897,1988.3318,2926.7593,3084.2078,2139.2817,2275.9246,2635.2573
3266.5505,3309.3845,1139.1814,3290.5334,3839.3638,2719.1045,3244.2158,2051.3206,3054.0076,3633.9731,3542.2988,3626.4443,3527.4648,3189.7556,2917.8774,3854.945,3611.7449,3543.2976,2775.2437,3487.2222,3539.8313,2840.5232,3373.616,3390.082,3097.1792,3031.305,3073.843,4119.9893,4076.3123,3653.3074,3405.3938,3597.5881,4123.406,3743.2717,3608.004,1836.8672,3625.6953,3598.3127,3320.7134,3412.59,3761.833,1968.3777,2917.3225,2825.5623,3181.7332,3460.4973,3483.6116,3787.6545,2549.7986,3737.2234,3396.3452,3370.6997,2518.8215,3145.51,3293.197,3045.7803,3109.6763,3376.1973,1176.6436,2784.1008,2811.9558,1986.7769,2933.5327,3089.886,2133.7385,2277.0107,2628.758
3260.6155,3311.052,1154.981,3279.078,3834.0928,2705.1125,3234.703,2027.8386,3050.6702,3635.5967,3541.98,3628.4456,3532.6926,3192.9485,2920.5044,3857.709,3618.6184,3532.8179,2779.4287,3482.804,3537.421,2846.2292,3371.9854,3384.2773,3087.9336,3029.402,3077.7546,4116.7153,4072.5059,3654.8562,3406.2896,3588.074,4120.0146,3741.0144,3603.446,1841.3804,3617.648,3591.7754,3319.386,3409.2695,3759.4082,1972.2487,2921.3484,2838.1418,3187.3066,3459.9963,3489.6375,3791.4358,2558.0588,3737.8567,3397.5083,3371.6099,2527.0132,3139.1826,3292.665,3061.5579,3109.0273,3374.331,1202.131,2787.9429,2820.601,1993.4325,2929.5515,3091.218,2126.0325,2276.6191,2637.0637
3266.7063,3322.7954,1137.8195,3283.472,3843.5024,2699.763,3242.792,2036.9796,3057.5554,3637.879,3542.7812,3633.1538,3542.0884,3198.1533,2921.0076,3862.636,3623.2075,3534.377,2797.5085,3487.878,3545.2456,2856.6975,3375.192,3393.4204,3088.0752,3029.9714,3083.192,4118.722,4078.9014,3658.9026,3412.3696,3598.6472,4111.4854,3742.6055,3606.0503,1847.1338,3616.9238,3596.022,3328.4004,3406.525,3762.24,1971.5975,2925.1716,2840.0417,3188.4893,3460.4658,3487.7087,3795.8047,2559.5771,3731.038,3393.2185,3371.293,2530.4072,3138.4092,3295.614,3066.9636,3111.3582,3387.5894,1199.5322,2788.015,2825.823,1990.8613,2931.3525,3092.1118,2139.0078,2274.4329,2639.8525
3276.4617,3331.9775,1130.0292,3286.9556,3849.835,2704.929,3243.453,2039.2537,3061.5737,3639.071,3544.318,3637.2778,3546.1855,3202.0974,2911.5435,3863.8728,3623.1423,3540.7004,2784.2944,3493.172,3548.6968,2850.8755,3376.1711,3404.4668,3096.82,3035.4253,3083.431,4127.2373,4084.2454,3664.642,3414.4492,3592.8352,4120.1562,3741.0325,3610.9675,1819.8276,3625.409,3598.9558,3339.105,3409.4988,3768.5693,1985.2435,2928.2244,2852.3364,3184.0068,3465.3975,3491.2349,3797.6028,2554.7417,3731.173,3392.8247,3374.4675,2509.0747,3137.2588,3294.49,3060.3071,3113.208,3397.1013,1190.0245,2794.7275,2830.1904,1990.689,2933.7112,3093.6167,2135.3242,2283.968,2645.967
3287.7344,3346.795,1111.9338,3291.5557,3848.7744,2728.9368,3249.9136,2045.4233,3065.0662,3641.7573,3550.7734,3638.8525,3547.0352,3206.7722,2917.1711,3860.0083,3625.2522,3555.3162,2802.8699,3493.9373,3553.9011,2859.4268,3388.422,3407.131,3103.0183,3037.166,3087.961,4137.6816,4093.654,3672.1963,3422.9944,3636.4514,4121.8057,3751.4448,3621.0796,1817.2999,3630.502,3608.4321,3344.871,3419.7725,3781.3147,1967.9619,2926.4812,2850.7847,3195.141,3470.9324,3496.9685,3812.7808,2556.8074,3735.3818,3402.0105,3379.7913,2504.8025,3141.346,3301.8013,3065.5837,3121.0938,3392.4368,1196.3401,2794.326,2828.8003,2005.4955,2941.9365,3094.4426,2134.6956,2290.3997,2636.6455
3289.0723,3354.8928,1144.6218,3293.8442,3851.9387,2741.868,3248.5461,2061.7695,3063.7988,3637.095,3550.3909,3637.8174,3547.3503,3205.1401,2923.0027,3857.353,3622.0894,3556.3743,2785.0132,3498.4194,3549.5962,2857.6191,3395.2908,3401.2268,3111.773,3040.8386,3094.9465,4130.905,4088.8945,3666.3186,3425.0554,3645.9292,4129.2896,3745.2788,3623.4438,1838.9746,3636.4436,3606.89,3358.459,3423.8804,3781.7761,1982.0928,2926.912,2850.8132,3189.2012,3473.2,3499.2065,3814.751,2551.197,3739.8057,3403.0486,3380.0095,2512.278,3146.5244,3296.8374,3050.2058,3124.1648,3391.33,1190.9672,2794.811,2830.7124,1999.4844,2942.2327,3092.3723,2138.3672,2293.9663,2639.3752
3288.577,3353.3845,1127.3108,3285.7756,3847.1548,2739.6238,3240.1511,2040.2877,3066.8293,3637.7188,3548.4263,3636.933,3548.8887,3206.1926,2918.651,3858.0364,3619.9185,3542.8042,2798.396,3494.5222,3547.176,2845.812,3388.7559,3392.8577,3113.3787,3045.3982,3101.1353,4122.4873,4082.0771,3661.322,3419.9607,3636.635,4116.414,3746.245,3609.0723,1808.3599,3627.2363,3598.0886,3338.7979,3413.1472,3772.6199,1969.486,2929.3923,2854.7327,3188.1294,3468.1785,3493.5269,3807.7996,2548.4575,3730.2673,3398.5852,3365.4272,2517.2634,3138.4753,3292.337,3035.4626,3116.1594,3377.7903,1201.973,2790.4722,2824.2312,1997.0842,2930.4312,3087.9685,2144.5222,2287.369,2628.5007
3282.7905,3344.8118,1118.7281,3286.3164,3846.7805,2729.504,3238.3438,2050.294,3062.7188,3640.1904,3543.9165,3634.5186,3544.9539,3199.3145,2920.003,3856.454,3620.9531,3543.9824,2792.2463,3495.6394,3542.5527,2842.5823,3383.9836,3398.2747,3118.0256,3045.465,3099.1936,4119.261,4076.3555,3652.1719,3418.6072,3614.3696,4122.3203,3735.5928,3615.263,1848.7637,3630.4941,3597.3394,3342.2678,3411.797,3776.7268,1982.3499,2929.3906,2854.5847,3185.5913,3467.5808,3493.519,3800.8313,2552.0393,3731.5518,3395.482,3368.4377,2523.5774,3139.5088,3291.5022,3051.3362,3115.3337,3382.239,1188.0197,2796.1736,2830.9631,1998.5807,2933.8054,3090.0193,2142.2915,2293.098,2640.7952
3281.577,3330.1453,1073.062,3294.6501,3850.0354,2730.743,3239.781,2049.3208,3059.7632,3639.5806,3543.0159,3637.129,3547.619,3212.4143,2914.1199,3860.71,3630.1262,3555.6255,2796.8628,3494.0935,3546.0051,2851.8564,3385.8298,3384.5144,3113.5676,3044.4204,3097.185,4121.627,4078.5261,3654.9443,3429.862,3604.6543,4109.82,3748.2144,3624.867,1798.0945,3633.5713,3605.1797,3340.9983,3413.2373,3774.8206,1976.8376,2925.4558,2843.455,3180.2385,3469.9094,3491.933,3809.931,2548.5217,3729.1194,3398.6116,3376.3337,2507.492,3140.8113,3290.919,3044.2834,3118.8726,3375.7686,1191.5171,2793.2734,2824.9421,2003.0121,2938.1162,3092.689,2141.9414,2298.2874,2638.2346
3285.0227,3333.817,1050.5896,3297.0383,3856.919,2735.6296,3227.4404,2061.812,3065.5066,3642.7773,3547.1921,3638.9666,3549.2383,3218.5105,2918.585,3859.3704,3631.3599,3564.9355,2793.867,3486.6863,3536.8987,2846.11,3378.032,3359.5425,3132.4731,3041.4304,3095.8308,4128.9043,4087.8086,3662.667,3439.2715,3600.692,4118.8135,3760.8643,3634.7532,1797.8595,3637.5178,3599.9766,3325.5142,3414.5593,3761.1904,1989.7158,2929.329,2846.1553,3183.4653,3480.5522,3499.8362,3821.3577,2559.6619,3748.1704,3409.474,3382.0752,2511.863,3143.2341,3290.549,3026.1987,3111.5063,3355.0183,1195.6545,2798.2903,2826.5676,2027.0636,2951.4412,3096.4368,2137.556,2302.989,2639.659
3270.6042,3326.2332,1005.5531,3289.4214,3857.6145,2717.5684,3223.8792,2034.7125,3065.6147,3643.4937,3535.9011,3634.108,3543.8413,3197.6394,2915.9783,3854.986,3624.8535,3553.963,2766.4753,3482.7837,3531.8625,2842.04,3367.9026,3371.2715,3117.196,3043.8481,3096.0876,4115.301,4080.2544,3652.255,3422.5342,3602.499,4115.257,3747.8691,3615.7805,1830.1792,3626.131,3591.8857,3320.7312,3401.4438,3754.141,1972.7198,2924.9333,2851.8271,3176.0923,3480.8433,3496.1104,3807.0374,2554.149,3741.1133,3403.19,3372.1455,2518.4558,3140.3147,3289.421,3036.5183,3101.3252,3366.4097,1192.4838,2791.218,2822.8547,2004.0824,2943.4802,3097.9685,2120.1016,2301.4333,2651.2244
3269.6968,3329.7659,1031.3451,3302.833,3875.7627,2734.2546,3227.7834,2033.4946,3060.0781,3644.5974,3535.9465,3637.4639,3552.8752,3212.478,2924.9602,3868.5847,3640.4106,3559.2874,2805.9006,3494.3784,3542.5762,2837.7524,3382.6187,3341.6917,3101.491,3040.887,3097.63,4126.132,4089.174,3656.5215,3432.4539,3632.4846,4110.93,3750.113,3623.219,1864.9598,3628.2156,3594.3386,3311.0579,3411.1963,3742.3438,1960.1781,2923.2253,2854.4553,3180.5854,3471.7332,3492.0955,3814.675,2573.0889,3732.9414,3400.8918,3379.5452,2533.919,3135.2986,3287.485,3027.3604,3114.252,3356.0015,1176.3823,2785.7888,2811.9705,2014.745,2937.8782,3095.2656,2140.8057,2306.1206,2649.3748
3283.656,3335.4214,1048.4725,3314.8796,3887.7476,2735.0474,3229.6763,2033.2749,3076.9673,3653.5752,3537.055,3640.369,3555.1272,3227.5264,2917.2886,3867.8594,3637.4082,3564.0457,2801.6147,3496.3765,3540.8281,2845.686,3386.0205,3357.7046,3109.2747,3045.6128,3103.0955,4117.766,4095.1748,3661.5652,3438.7861,3603.7622,4108.6294,3745.4602,3627.0535,1827.1282,3634.132,3590.12,3318.9517,3407.4136,3745.7632,1961.1633,2930.3916,2865.4766,3174.6865,3477.5708,3494.4583,3812.5244,2542.2053,3732.7942,3397.4902,3386.171,2510.5305,3135.4038,3288.0798,3054.7827,3115.0527,3364.6309,1202.8854,2791.345,2811.9338,2012.5814,2944.133,3099.1074,2137.7998,2311.309,2652.7344
3292.002,3356.7441,1017.8399,3320.2031,3897.271,2737.3472,3225.5742,2028.5144,3085.4832,3665.1467,3542.3794,3649.6218,3564.8071,3251.0017,2920.9702,3872.5537,3648.203,3584.7913,2803.7458,3491.4814,3545.633,2849.7158,3383.6802,3361.8435,3103.8442,3057.4685,3112.09,4122.4795,4114.1157,3680.3066,3467.6902,3607.4678,4114.562,3763.869,3645.5857,1788.2412,3633.0254,3602.3772,3314.9387,3409.9307,3752.5298,1956.0345,2941.198,2869.097,3174.8728,3484.215,3502.0398,3850.239,2547.1396,3739.2217,3407.603,3398.956,2509.4148,3138.1248,3293.6912,3030.6162,3114.0583,3369.0552,1183.3387,2799.2075,2808.869,2014.179,2953.9858,3111.0366,2148.3918,2327.561,2656.35
3292.1543,3363.9866,1015.9166,3324.7112,3894.2417,2732.0369,3229.7393,2051.2888,3097.6575,3673.2683,3547.002,3649.7346,3554.607,3236.1704,2917.1414,3862.3625,3635.5532,3579.0244,2781.612,3489.7012,3539.7725,2851.291,3372.2058,3389.1372,3128.3923,3072.3252,3114.3835,4121.9736,4111.805,3676.1328,3458.5947,3583.9082,4118.7104,3754.202,3644.4556,1859.2616,3628.084,3595.016,3326.1821,3400.5916,3755.1702,1955.0327,2953.5654,2872.5933,3182.9556,3494.9033,3505.2964,3850.637,2545.9307,3744.4397,3408.188,3401.7227,2515.3027,3142.7673,3290.3582,3057.7935,3104.989,3377.3018,1192.2831,2809.1536,2816.8733,2004.7379,2956.256,3109.7197,2135.208,2316.245,2652.839
3288.4495,3368.9133,1071.2083,3321.3887,3892.8862,2743.8054,3237.5464,2067.3438,3104.727,3684.4639,3553.3877,3655.0603,3559.1736,3246.4949,2933.3313,3868.7834,3642.9092,3584.437,2803.288,3495.9133,3539.14,2838.807,3389.3098,3363.4856,3133.911,3081.718,3130.144,4132.5166,4116.3633,3676.3337,3468.2825,3611.2273,4128.928,3756.4768,3641.195,1841.7021,3633.4229,3594.125,3306.6577,3414.1333,3749.0176,1966.4995,2953.3042,2888.1968,3187.9785,3496.9841,3508.6724,3857.163,2563.5664,3748.0076,3413.908,3401.9858,2536.3123,3142.9656,3290.5645,3032.4253,3115.1636,3362.0015,1191.3903,2805.6528,2815.424,2013.3185,2952.451,3106.8066,2125.366,2314.1155,2644.747
3284.4985,3356.9006,1063.4409,3322.9973,3892.9165,2727.2434,3239.2676,2048.356,3106.863,3690.4746,3556.4443,3658.8933,3567.0547,3261.3076,2936.2307,3880.4292,3653.5608,3591.2727,2801.2058,3503.1953,3557.6384,2849.362,3393.8145,3382.7817,3110.831,3085.0618,3140.7886,4138.669,4116.1147,3684.8416,3473.533,3617.3926,4132.53,3765.409,3652.7344,1874.8796,3629.7573,3605.0425,3332.7312,3412.909,3760.6528,1960.4077,2954.996,2906.3462,3192.1687,3495.0132,3508.4587,3864.624,2575.9302,3746.293,3414.3032,3417.1912,2548.2112,3141.8372,3298.1418,3058.6228,3121.4653,3388.7004,1212.8811,2806.6072,2818.163,2006.1624,2947.2493,3107.867,2130.3406,2308.3057,2655.6519
3276.2644,3352.384,1096.9135,3315.1462,3890.026,2711.932,3239.969,2051.8547,3108.2861,3693.253,3546.6833,3659.2268,3556.7563,3254.4243,2927.2625,3878.0906,3643.0376,3580.2776,2786.3958,3500.1758,3550.4067,2854.5789,3383.068,3406.3435,3108.4822,3088.8113,3141.239,4139.145,4115.6685,3680.038,3469.2178,3649.5767,4128.065,3754.3635,3640.0615,1856.0735,3627.3643,3597.3928,3342.0376,3398.6433,3756.7393,1956.2756,2962.1433,2915.5198,3186.4792,3491.7625,3499.8374,3861.358,2560.2039,3735.5784,3405.4229,3416.1826,2524.2395,3134.7705,3290.6345,3070.8232,3107.2573,3398.9143,1203.3535,2810.8083,2813.6746,1974.9768,2944.9673,3110.4668,2126.6335,2303.6257,2653.2527
3275.2898,3338.8628,1064.5548,3309.9585,3883.6794,2722.7114,3231.0208,2065.3955,3112.9023,3688.1487,3539.0454,3655.7058,3543.7368,3253.609,2928.8572,3870.5334,3633.303,3564.708,2793.936,3497.065,3541.9436,2827.701,3384.5483,3385.193,3109.481,3089.297,3139.7354,4137.2905,4113.317,3673.742,3459.0107,3671.8738,4128.945,3749.4978,3630.1208,1867.6974,3634.179,3591.703,3322.1682,3401.4832,3752.398,1952.5094,2964.1843,2918.1013,3181.0637,3494.7097,3492.0237,3859.5442,2561.802,3735.2268,3404.1848,3402.9897,2517.1558,3141.0728,3287.0576,3044.181,3107.1995,3380.043,1186.8888,2804.4282,2793.7556,1993.435,2944.292,3107.3447,2146.2434,2306.8035,2636.4648
3268.396,3331.0505,1067.7626,3303.7153,3871.8813,2713.0479,3222.0476,2051.855,3102.04,3692.4397,3534.673,3647.7527,3532.2952,3244.9346,2921.6116,3860.7725,3626.7053,3566.1936,2764.6138,3486.7312,3532.8696,2843.7512,3370.3787,3382.2712,3104.805,3079.131,3132.5303,4126.6416,4104.7046,3672.675,3461.353,3619.9104,4125.806,3755.379,3630.59,1863.8726,3633.3884,3594.5576,3308.269,3399.6082,3740.468,1937.8804,2960.7212,2904.0718,3182.489,3498.3013,3495.3606,3862.8528,2557.7666,3743.1848,3410.3218,3404.406,2517.6917,3146.4885,3284.3662,3041.2349,3103.6516,3358.2983,1196.1102,2804.0337,2782.7827,1987.4221,2947.537,3107.4626,2123.2097,2304.2483,2634.5547
3275.4287,3345.887,1093.0062,3307.9084,3871.719,2748.7864,3234.144,2075.6492,3104.8003,3678.143,3538.2258,3645.9048,3527.9023,3226.925,2923.1975,3861.2166,3616.261,3545.6748,2794.0806,3492.8,3524.9421,2808.6633,3366.5564,3355.5562,3112.503,3066.2507,3116.7266,4134.0493,4098.5444,3662.3813,3437.376,3634.5625,4138.023,3748.4468,3608.878,1788.1742,3634.6785,3586.2107,3288.3413,3404.6504,3732.1387,1908.318,2945.9941,2883.8105,3176.0369,3497.692,3488.21,3838.4097,2570.6362,3751.1138,3408.8748,3382.9158,2536.2751,3151.4875,3277.83,2992.117,3099.2488,3329.231,1194.4236,2788.9353,2762.6208,1989.64,2939.4539,3099.0776,2108.7068,2293.0898,2619.1328
3281.395,3357.6394,1146.364,3299.8438,3871.4126,2741.3396,3247.605,2095.964,3102.5676,3684.7896,3546.5264,3654.615,3546.7717,3229.0205,2943.6892,3873.0515,3632.6614,3553.3818,2777.8008,3493.0771,3530.5867,2839.3955,3373.0417,3378.7495,3093.9773,3056.332,3116.8184,4153.7637,4095.391,3675.6333,3442.2698,3638.0447,4128.322,3756.1328,3612.6357,1831.3973,3619.7795,3589.9019,3296.068,3385.8591,3720.5015,1968.198,2951.9128,2881.0344,3199.341,3490.1248,3494.0857,3838.3572,2589.415,3743.2678,3406.1445,3388.1362,2540.931,3134.8386,3269.1287,3038.4424,3075.8152,3306.4849,1216.2009,2790.689,2777.8337,1966.6666,2926.4382,3089.9797,2093.145,2263.3098,2577.0796
3259.176,3324.3547,1122.1127,3278.6345,3858.2998,2695.896,3224.5476,2079.9067,3071.3027,3651.149,3534.6284,3648.2449,3541.517,3215.032,2919.7502,3866.272,3625.8413,3525.9014,2769.3245,3479.465,3523.9924,2841.705,3335.4119,3380.763,3095.0166,3028.518,3108.3376,4139.406,4081.9988,3667.9143,3423.1973,3671.7356,4114.8843,3750.005,3589.5603,1866.2794,3613.5405,3591.0178,3286.6787,3376.237,3722.8413,1970.9896,2927.5442,2897.4358,3185.838,3479.288,3485.494,3825.4832,2559.581,3730.146,3394.6558,3378.6235,2540.5974,3128.8035,3271.42,3041.331,3071.633,3339.0527,1211.6744,2789.2043,2792.7344,1980.5658,2931.3943,3102.3203,2118.1401,2288.872,2627.749
3277.3193,3340.3882,1100.2795,3281.7695,3855.3992,2698.9114,3210.1394,2050.723,3072.5146,3639.906,3541.3005,3646.4692,3538.0352,3216.2153,2915.3992,3864.7634,3622.5537,3523.2832,2786.9082,3494.9983,3530.3835,2796.7502,3356.0586,3362.2817,3084.5332,3017.4033,3082.2102,4132.412,4079.9976,3658.5117,3404.0005,3662.981,4115.9663,3744.0059,3578.6033,1800.1283,3629.1907,3589.265,3289.6902,3398.6594,3743.5615,1933.4241,2925.342,2850.9724,3182.5266,3474.235,3482.2664,3798.9658,2557.8364,3735.474,3393.1995,3361.3967,2524.5168,3146.9697,3277.6997,3003.775,3103.1223,3351.4124,1192.0636,2793.0566,2783.6155,2007.7833,2939.7754,3098.1904,2120.5398,2303.7925,2635.1707
3270.3079,3328.0508,1101.7804,3277.8037,3850.7495,2700.6401,3222.9492,2059.047,3058.3813,3638.2468,3540.6902,3634.6936,3525.5715,3199.131,2917.043,3856.46,3614.1238,3519.0535,2761.126,3486.3672,3518.9016,2813.662,3348.9912,3358.6777,3096.4875,3006.7234,3065.5796,4128.333,4072.4917,3649.3591,3397.7698,3629.811,4120.4043,3745.5217,3577.19,1872.3973,3624.593,3587.3179,3275.0256,3388.6467,3732.7344,1944.402,2907.948,2832.662,3175.649,3471.342,3480.293,3800.7827,2553.9763,3737.016,3396.2712,3355.5981,2527.5134,3145.9915,3275.813,3010.749,3091.6494,3337.3298,1186.7952,2787.3135,2783.7444,1995.3975,2935.5322,3098.8083,2120.308,2301.8884,2635.7139
3262.224,3314.799,1088.2028,3278.0913,3853.3232,2710.7222,3219.7336,2072.777,3054.616,3618.428,3539.4912,3631.7942,3521.9856,3187.3333,2919.1782,3858.5808,3612.8538,3509.964,2780.965,3491.76,3515.9563,2802.609,3343.352,3350.1082,3098.1343,2991.1536,3052.3027,4125.756,4063.3665,3635.4536,3383.4075,3628.3562,4118.927,3732.3372,3564.9136,1809.7733,3621.354,3583.1685,3274.0105,3391.543,3720.8655,1922.3529,2898.5227,2813.424,3170.3596,3464.448,3470.849,3785.1511,2564.9702,3736.7603,3389.5095,3341.9692,2541.7288,3148.157,3273.6292,3000.7153,3093.8472,3329.5903,1183.2837,2776.2612,2773.4617,2005.6316,2933.9197,3095.7585,2107.6528,2297.8225,2638.62
3245.015,3297.922,1058.8787,3263.683,3855.1184,2677.9746,3211.0535,2067.1294,3041.9841,3617.361,3532.5415,3630.1116,3527.7415,3184.6648,2911.1948,3861.6365,3622.7747,3510.66,2773.3657,3488.2246,3521.7244,2822.6375,3342.9626,3356.3323,3083.9224,2985.474,3051.7346,4134.972,4055.7354,3634.3533,3375.1348,3623.9563,4108.692,3737.4934,3569.9548,1820.8785,3613.1682,3584.9775,3279.0244,3377.4084,3713.2698,1929.4613,2898.7903,2814.3398,3169.3945,3453.4194,3469.9595,3777.415,2559.9753,3727.0298,3386.2278,3347.1694,2519.8254,3135.3447,3270.5596,3019.813,3088.9207,3336.071,1187.4204,2779.8975,2778.5938,2011.8336,2925.432,3097.856,2137.098,2294.9753,2640.6362
3246.3398,3289.317,1051.5354,3263.681,3852.6821,2676.4805,3208.4365,2044.8533,3041.4172,3605.7307,3527.7573,3623.6526,3527.099,3188.1594,2904.072,3855.6992,3621.0596,3501.671,2761.0374,3485.922,3526.925,2814.8416,3341.12,3368.6204,3074.1362,2978.9814,3038.342,4121.137,4051.6702,3627.1816,3367.8772,3635.3909,4099.0615,3727.3384,3559.9368,1799.3698,3618.2244,3582.3938,3266.9475,3368.5073,3713.6836,1920.7598,2891.9456,2802.793,3166.2993,3445.2178,3466.9473,3769.3958,2539.0435,3714.4922,3378.4622,3335.664,2488.7207,3128.7273,3271.9937,3027.4426,3086.6719,3351.1877,1197.4102,2775.7905,2774.5352,1995.0664,2920.2585,3092.0505,2106.6116,2289.0398,2644.6929
3242.8647,3280.8713,1023.6255,3258.307,3851.7249,2676.555,3193.4507,2036.4882,3037.4495,3605.8655,3520.8901,3619.9766,3524.1335,3185.1877,2894.536,3848.6445,3611.5115,3495.786,2757.505,3481.7668,3517.3433,2804.4824,3341.466,3353.6926,3061.7793,2977.3584,3031.9077,4116.62,4047.5786,3625.899,3358.4917,3619.3438,4092.4414,3721.3154,3551.0867,1809.3292,3613.6414,3574.025,3253.1167,3369.7185,3704.4946,1912.7976,2892.57,2788.9807,3158.0193,3443.5898,3467.3037,3760.3691,2531.2646,3718.6382,3377.0828,3327.4495,2487.5088,3132.5247,3273.3066,3005.0024,3092.631,3351.6226,1188.803,2779.6155,2766.436,1991.2045,2922.794,3093.7515,2120.4119,2296.25,2635.8508
3245.2822,3284.838,1055.6722,3263.2495,3844.0576,2680.8765,3198.2415,2054.1016,3028.2168,3599.9148,3524.6912,3614.0967,3516.1143,3173.2842,2891.89,3843.7498,3603.0627,3496.0034,2748.711,3477.2974,3514.4048,2816.6714,3342.095,3364.8032,3068.1086,2971.843,3025.1428,4102.514,4039.9,3618.9304,3354.5789,3592.7798,4095.6245,3721.4968,3550.839,1825.3485,3617.0913,3575.9973,3253.7092,3371.4116,3704.445,1911.6763,2887.2014,2784.771,3158.4075,3442.0657,3467.3628,3750.991,2531.847,3722.6675,3379.163,3325.853,2482.778,3134.0457,3273.4507,3020.1282,3093.3516,3350.03,1182.7578,2778.4766,2766.723,1969.7172,2924.1685,3088.49,2106.6726,2288.9597,2636.7021
3244.4753,3288.5178,1043.4598,3252.0312,3828.21,2673.7634,3194.6582,2036.4403,3024.9814,3594.297,3524.762,3609.3958,3514.0232,3159.017,2892.9165,3840.3906,3598.6323,3483.1216,2758.022,3471.8193,3510.9258,2813.1248,3340.1396,3356.756,3066.673,2970.6301,3023.8833,4104.59,4042.9404,3622.1636,3346.34,3583.608,4094.9688,3721.5627,3542.5173,1824.5776,3614.8909,3579.8228,3244.964,3374.1575,3700.9775,1892.8104,2886.2344,2777.3774,3158.7854,3443.709,3472.2295,3747.015,2536.3684,3726.5884,3382.1042,3323.3757,2508.7993,3138.0076,3278.705,3007.8533,3097.9143,3348.9346,1175.4004,2780.6646,2772.9485,1993.985,2926.8953,3083.5566,2109.1243,2295.038,2634.6023
3242.7434,3290.9622,1012.90717,3252.9597,3823.5994,2666.213,3197.8625,2042.7075,3025.0618,3592.9648,3519.5613,3607.468,3516.7546,3159.4954,2881.9656,3844.1238,3606.0078,3486.3394,2741.7214,3473.9866,3516.4082,2807.4578,3343.1035,3361.5024,3058.0862,2970.6128,3022.9883,4098.671,4036.9104,3623.48,3340.697,3563.893,4096.1714,3721.9248,3545.582,1777.4615,3612.6682,3582.6982,3259.0286,3371.0415,3710.3828,1904.5618,2880.3772,2782.3503,3156.4436,3437.6323,3473.601,3748.3806,2536.9197,3718.3853,3377.39,3322.4497,2488.852,3131.247,3280.1887,3010.8706,3098.7402,3360.4497,1176.112,2775.0457,2779.3442,1986.249,2921.763,3079.5945,2120.7751,2287.7397,2637.407
3253.344,3288.7915,1061.4846,3253.0022,3813.733,2673.2847,3199.494,2053.57,3026.9568,3591.6436,3522.9363,3606.4644,3517.8296,3150.6218,2891.4597,3842.6587,3597.643,3481.7212,2748.6455,3475.4385,3515.4966,2801.9448,3337.9192,3372.2192,3061.0913,2973.031,3023.5142,4108.6714,4038.9539,3619.7788,3336.5981,3584.8694,4093.322,3719.6917,3539.817,1815.6475,3614.7214,3580.1719,3261.0464,3375.0322,3713.8064,1909.5353,2885.0432,2779.2097,3157.4617,3435.6055,3469.1775,3731.6682,2535.6606,3717.0156,3375.9236,3315.5232,2481.431,3132.2388,3277.7397,3016.2493,3099.2927,3364.5947,1172.9735,2777.583,2782.9585,1979.7499,2925.7346,3068.4229,2104.8162,2289.1543,2635.7
3255.553,3295.1353,1028.7217,3250.089,3807.016,2681.0833,3202.6545,2032.1991,3026.3198,3581.0571,3529.6204,3606.1772,3519.5708,3149.3623,2892.8987,3843.004,3598.7217,3481.711,2765.8499,3473.4973,3518.8127,2805.869,3344.9243,3377.2554,3045.6577,2972.2864,3021.1343,4111.0015,4040.7798,3623.7454,3337.2473,3631.0703,4086.8328,3720.8298,3539.9634,1787.2704,3612.598,3581.4116,3267.7437,3374.4749,3724.2456,1908.4049,2888.3413,2771.9292,3165.7559,3436.604,3471.5952,3737.2422,2543.0127,3719.694,3377.6663,3312.9426,2496.3325,3129.3696,3280.9702,3007.5723,3102.3083,3361.6604,1162.322,2780.849,2785.4036,1999.628,2925.9958,3069.6536,2137.5325,2289.733,2633.506
3254.5422,3292.098,1092.075,3255.272,3814.493,2686.7495,3209.1182,2078.9038,3029.2637,3587.0864,3537.7754,3612.2598,3517.8684,3143.2944,2907.4653,3840.5164,3597.4993,3481.0334,2752.6802,3477.137,3516.8777,2800.07,3349.3406,3372.1963,3070.8672,2974.85,3022.4395,4111.5347,4044.6985,3621.6997,3328.7874,3627.813,4097.9243,3722.89,3547.8657,1833.9946,3616.892,3579.3484,3272.7993,3378.2092,3724.6658,1916.5088,2893.528,2772.3499,3174.6628,3441.918,3473.7424,3726.5127,2553.9246,3727.1528,3380.5974,3313.6997,2508.4292,3139.1047,3283.4495,3007.8958,3101.1174,3361.9214,1172.8881,2782.0046,2789.3713,1988.4724,2933.7249,3073.5105,2120.2334,2289.4265,2637.1104
3258.8823,3301.7578,1058.6766,3254.246,3815.457,2683.5986,3206.7617,2034.943,3037.818,3594.2295,3545.7566,3615.5146,3529.186,3155.9314,2916.1833,3845.9363,3609.301,3494.79,2775.4094,3479.276,3525.7502,2806.8772,3355.922,3365.347,3069.946,2979.4011,3031.9517,4120.437,4046.552,3627.102,3342.56,3656.2722,4099.2896,3731.1533,3552.001,1826.4498,3611.8206,3581.976,3276.2522,3376.7915,3720.3794,1909.6619,2899.3435,2782.6035,3181.988,3440.8748,3479.7441,3742.0615,2559.8,3726.845,3384.2761,3322.5444,2516.389,3129.7874,3283.811,3015.1064,3103.887,3353.2024,1194.9432,2783.3792,2786.825,2014.8186,2926.5046,3073.9626,2127.9834,2289.0142,2637.7776
3250.1143,3287.1038,1031.5144,3247.3694,3815.9395,2659.294,3203.039,2044.3779,3031.9258,3595.5066,3531.0952,3613.5378,3529.179,3148.9448,2902.5935,3843.6702,3611.6416,3489.6213,2745.8152,3480.342,3528.3616,2806.489,3354.141,3375.7532,3066.1301,2977.9749,3027.4568,4111.8843,4041.465,3621.03,3336.09,3587.3928,4090.7488,3722.0503,3549.1787,1835.6694,3604.176,3574.8137,3271.9841,3366.5862,3714.8115,1914.85,2892.9065,2791.3145,3169.7188,3432.033,3471.663,3737.6257,2538.7952,3710.9045,3372.5166,3320.2756,2487.1655,3121.1953,3277.265,3032.141,3094.0625,3365.943,1190.391,2787.719,2785.081,1990.9327,2921.908,3067.8838,2135.0598,2282.7656,2645.3215
3247.619,3279.0444,1002.71545,3247.9653,3815.7485,2662.7288,3192.8142,2059.6604,3031.0598,3595.3984,3527.0474,3611.9507,3525.3882,3157.453,2889.2424,3845.2832,3604.345,3489.4023,2747.3403,3478.0002,3527.332,2807.2366,3356.6497,3358.4915,3068.6086,2978.7134,3027.874,4108.429,4041.4995,3621.0051,3340.9094,3584.907,4080.1409,3716.87,3547.408,1824.2428,3607.481,3573.0708,3254.1304,3370.4946,3705.469,1919.9998,2893.0166,2786.3315,3165.5762,3433.475,3468.113,3744.4944,2538.8499,3711.9282,3372.2402,3318.3901,2488.2502,3121.284,3274.6484,3010.5146,3098.4934,3351.2761,1183.144,2786.038,2779.7603,1987.0839,2921.674,3064.3525,2132.5823,2277.845,2641.4155
3248.0405,3271.1838,1035.0142,3240.125,3810.9387,2659.799,3191.3403,2048.1357,3026.701,3591.8748,3523.2058,3611.2666,3527.3887,3154.021,2879.5737,3841.1694,3603.2288,3483.8813,2750.8262,3473.353,3525.0552,2815.2712,3354.1328,3377.3774,3052.4365,2980.8513,3024.9983,4099.8247,4041.2585,3623.9514,3336.789,3561.7085,4084.0366,3712.7888,3540.9753,1769.05,3607.8357,3571.044,3256.2043,3361.8906,3708.1067,1909.5259,2897.38,2780.533,3162.988,3434.7307,3470.0427,3733.1252,2532.1638,3709.7578,3372.8196,3318.695,2470.7695,3119.329,3273.8152,3021.4631,3092.297,3358.6106,1167.7216,2787.9104,2780.9688,1986.0778,2918.3027,3066.9783,2111.088,2267.591,2639.0166
3246.8525,3290.0085,1011.4037,3237.939,3802.5479,2654.4797,3189.555,2044.7914,3027.0254,3585.7317,3526.3806,3606.7847,3523.123,3147.4814,2886.853,3836.997,3594.6714,3478.4644,2754.6885,3472.9478,3523.1765,2799.7146,3353.058,3365.917,3062.2622,2977.9595,3024.8027,4107.318,4043.4246,3625.8525,3329.647,3623.5208,4086.235,3715.1733,3535.985,1860.3234,3609.2163,3572.6619,3241.8037,3373.9255,3716.575,1920.9857,2898.9138,2779.3809,3167.8057,3437.449,3469.7012,3731.35,2540.3552,3713.113,3374.6523,3310.3186,2484.1555,3123.4802,3275.712,3007.435,3091.6868,3361.3953,1177.5786,2784.3462,2784.0598,1988.3059,2916.3672,3064.4358,2132.5127,2271.2122,2635.8423
3250.322,3297.8313,1075.5417,3238.9666,3799.1565,2665.441,3191.6606,2055.9946,3022.9102,3586.2651,3528.4275,3606.4565,3520.19,3142.9094,2890.6396,3836.73,3595.5125,3482.3235,2760.8281,3470.7046,3519.087,2818.7112,3354.0242,3373.4883,3070.3525,2976.89,3022.4575,4103.1045,4043.2168,3628.4058,3329.8213,3611.277,4091.6306,3716.3784,3544.7402,1796.422,3611.7507,3571.4612,3261.6755,3378.2944,3719.947,1912.35,2895.9573,2778.3447,3170.8704,3439.2632,3471.039,3731.5964,2542.4114,3720.4104,3375.7231,3318.2634,2494.514,3130.3948,3274.1072,3010.5127,3095.9685,3352.7158,1173.7352,2780.2825,2792.2134,1983.4456,2919.612,3059.662,2109.9087,2265.8535,2637.051
3247.241,3286.2375,1093.116,3237.8804,3788.6392,2665.0708,3191.5925,2060.6714,3025.334,3588.8582,3534.287,3607.3445,3520.0562,3146.0227,2904.4138,3836.5598,3592.8535,3475.8218,2767.8142,3474.451,3517.7146,2792.7253,3352.531,3356.3855,3076.8225,2980.6357,3023.6868,4111.009,4041.43,3627.6113,3328.5283,3643.4683,4093.1003,3719.6636,3532.0388,1829.1996,3605.3916,3569.5317,3241.4702,3382.9312,3723.201,1918.4702,2892.7664,2774.387,3171.5664,3436.7273,3468.05,3722.4592,2553.7996,3719.002,3374.4211,3299.9646,2527.0344,3129.8743,3270.5007,2972.2498,3089.641,3344.5947,1166.3743,2772.891,2787.3271,1996.0132,2916.957,3058.8906,2146.0188,2268.1611,2636.2146
3248.6086,3290.147,1077.2158,3240.352,3795.236,2664.5562,3198.2703,2058.657,3020.4314,3590.0513,3529.8809,3608.6343,3522.7415,3142.2424,2894.1167,3845.3113,3604.842,3488.1343,2764.336,3477.421,3524.1895,2814.8503,3358.6216,3377.8455,3072.774,2974.947,3027.2393,4105.7285,4040.8943,3627.3406,3331.817,3589.2905,4091.4172,3725.3562,3549.413,1783.8373,3607.2578,3575.4258,3284.7024,3390.9297,3733.3274,1921.9706,2893.9023,2771.8618,3166.2358,3434.2332,3465.3965,3712.9197,2547.4622,3718.629,3375.1362,3316.0469,2513.9258,3126.278,3268.5615,3026.538,3089.4102,3338.4868,1193.7389,2771.2253,2791.9167,1999.7975,2919.4739,3055.3696,2130.0388,2263.096,2634.3906
3249.254,3284.7231,1081.9375,3241.223,3797.7651,2659.6592,3204.08,2050.671,3024.7815,3596.209,3522.61,3608.4944,3523.2122,3148.3918,2890.4268,3844.756,3606.9167,3482.412,2766.4668,3476.465,3526.2427,2812.6924,3359.8286,3387.241,3049.8062,2976.5261,3030.93,4095.8264,4041.879,3628.3733,3334.305,3582.9966,4086.1357,3721.1768,3542.4683,1735.7896,3607.923,3578.824,3284.1128,3386.8147,3743.6917,1922.5647,2888.95,2776.7441,3160.9358,3430.4324,3457.8115,3708.7844,2529.248,3711.503,3372.023,3309.5374,2502.2278,3120.5774,3268.0354,3013.5073,3088.11,3343.4517,1172.8096,2769.0464,2787.9873,1999.7699,2916.274,3058.1084,2142.8704,2267.0742,2639.1743
3256.7222,3285.9795,1075.3179,3246.2158,3805.5432,2661.608,3208.1511,2041.5162,3029.8923,3596.1392,3519.873,3610.3909,3522.3745,3154.1392,2884.2236,3847.9592,3606.4329,3492.2014,2756.5823,3476.4646,3524.7307,2801.9185,3355.8938,3392.2412,3053.8618,2980.2874,3027.2751,4096.284,4049.7844,3632.7485,3337.8115,3572.0647,4091.9377,3719.395,3550.857,1784.5837,3614.8396,3578.2126,3286.5603,3392.4866,3747.948,1918.1727,2898.4893,2771.6006,3169.3042,3435.5593,3460.154,3708.8083,2535.916,3715.7852,3375.0364,3310.957,2494.376,3122.7507,3270.049,3006.0125,3085.8918,3344.597,1177.2747,2773.0837,2782.5664,1989.7688,2920.3726,3065.7405,2128.1345,2267.8167,2642.4326
3250.5457,3288.4233,1104.4984,3251.5466,3812.8542,2668.8115,3213.3247,2045.878,3033.7368,3600.8367,3522.6243,3610.8599,3518.179,3155.9465,2889.3008,3841.6663,3604.461,3494.2212,2746.236,3472.679,3523.317,2808.0913,3345.4045,3405.682,3059.1362,2979.7383,3032.724,4102.607,4052.039,3636.5034,3342.4478,3598.892,4091.08,3721.7898,3557.7107,1815.644,3609.7168,3580.3171,3288.463,3392.3892,3754.715,1929.3453,2896.849,2771.7139,3166.2214,3439.1353,3462.4004,3714.711,2541.9412,3720.8513,3379.6746,3319.5754,2487.8794,3124.2966,3274.2964,3024.0447,3087.6501,3358.6868,1170.947,2777.3296,2779.1812,1993.6499,2924.932,3072.9116,2122.4277,2273.7507,2645.0466
3250.2686,3284.8125,1091.5774,3253.7795,3814.3525,2684.543,3205.8997,2047.42,3038.4417,3598.2244,3531.1938,3610.4436,3515.0508,3162.0076,2896.6204,3845.9583,3603.3682,3492.406,2774.2766,3469.1106,3519.5073,2806.5437,3346.6038,3384.3616,3073.1287,2983.8333,3037.201,4118.3193,4058.7534,3638.9917,3352.3154,3634.5293,4103.0776,3727.5188,3559.7734,1818.025,3615.217,3578.9028,3282.2236,3400.386,3746.5894,1932.1058,2903.9575,2782.0198,3178.1511,3449.02,3468.4238,3728.2664,2557.1172,3728.1055,3387.0034,3323.0862,2519.1084,3132.4075,3275.1606,3012.3953,3093.49,3338.645,1161.9863,2778.6748,2771.726,1991.0387,2926.1697,3077.0134,2099.3115,2277.8179,2636.803
3254.5034,3299.9595,1104.0288,3252.6992,3824.5225,2653.275,3196.4265,2065.8704,3047.9695,3620.407,3533.92,3618.8193,3524.2175,3167.3462,2901.7808,3851.2944,3613.7102,3504.8652,2758.4426,3474.4778,3525.1685,2811.269,3343.1216,3389.119,3079.0208,2991.3442,3047.5295,4118.451,4056.6138,3644.9539,3348.7207,3623.7627,4111.6533,3730.3054,3572.6052,1844.269,3613.7002,3581.0972,3296.2148,3392.0457,3745.7595,1925.6915,2902.431,2800.7832,3176.411,3448.9883,3472.6814,3741.3105,2549.3516,3725.7925,3386.9692,3335.721,2504.4302,3129.0566,3273.858,3034.3538,3085.9634,3357.1897,1168.1824,2776.4866,2778.673,1986.2542,2924.667,3077.3235,2127.2522,2274.5715,2642.0076
3245.8872,3290.6655,1061.7125,3248.1372,3824.4902,2653.5356,3187.997,2045.2792,3042.6777,3619.159,3525.6953,3617.314,3527.7,3173.9854,2890.1213,3848.0396,3614.2961,3502.0017,2755.3774,3471.5933,3531.2007,2823.0325,3343.759,3386.0186,3066.0208,2992.1138,3052.047,4109.217,4057.662,3644.8738,3355.157,3616.4087,4099.0015,3730.7742,3562.896,1757.2255,3612.7424,3580.0488,3285.4692,3392.421,3738.1365,1923.6606,2906.7366,2797.5037,3166.9402,3441.8145,3464.0972,3731.5361,2540.9282,3720.1204,3379.8967,3328.339,2492.2678,3120.9768,3269.2212,3024.7092,3085.22,3346.3025,1192.0089,2777.0518,2774.3638,1992.6499,2921.0864,3074.3276,2111.4937,2269.221,2637.4058
3251.615,3281.3582,1039.6781,3249.1492,3819.5908,2650.8716,3194.5264,2039.0468,3041.8994,3621.7002,3523.4727,3613.8904,3522.0525,3161.996,2893.6213,3844.1519,3609.9521,3498.5872,2756.4187,3475.6863,3530.1165,2814.0696,3348.2817,3386.555,3062.0623,2998.6614,3046.9827,4100.367,4061.8748,3641.076,3354.2502,3583.503,4099.667,3724.7837,3562.238,1824.6069,3616.3591,3582.8232,3277.753,3390.8174,3746.5615,1926.394,2908.3826,2798.745,3164.9976,3442.5146,3464.5056,3725.2034,2542.4246,3718.8257,3379.6194,3321.8596,2501.6777,3124.1113,3272.8958,3014.3176,3085.695,3351.0742,1165.9303,2781.3115,2777.8127,1991.8274,2919.1074,3071.3862,2130.4268,2274.8132,2640.767
3259.8499,3295.751,1052.584,3255.4753,3820.566,2664.6804,3215.5068,2052.6128,3045.592,3622.8828,3524.103,3614.31,3522.3635,3165.2227,2889.2668,3847.292,3609.024,3509.2336,2754.879,3473.8887,3530.395,2822.1904,3348.9558,3391.0022,3061.7256,2998.0186,3042.4014,4104.548,4064.971,3641.2446,3355.4792,3583.7544,4102.606,3723.5278,3572.054,1784.6886,3613.3293,3578.897,3286.1863,3393.3477,3744.9019,1911.766,2903.8027,2791.2966,3163.0984,3442.8875,3464.616,3723.3418,2540.668,3720.697,3378.9333,3330.1663,2496.71,3125.131,3271.813,3019.6077,3084.6367,3351.8867,1169.2743,2775.9304,2779.3276,1976.4183,2922.7136,3065.1006,2113.4128,2268.5798,2639.2375
3256.956,3286.8513,1033.6991,3251.4326,3813.9705,2668.1216,3205.8596,2048.0442,3042.792,3620.5576,3526.1045,3612.6443,3518.982,3161.2568,2894.9062,3845.9258,3606.9226,3509.3042,2768.9907,3476.558,3527.7412,2816.9236,3347.8267,3376.5076,3070.0305,2998.6812,3045.7966,4112.873,4063.9177,3639.2861,3360.9233,3611.111,4108.3306,3724.6904,3571.6272,1808.0786,3618.8984,3581.5654,3282.4993,3399.242,3748.8167,1917.8379,2900.5535,2794.1448,3167.2378,3443.1956,3465.6326,3730.1636,2548.1978,3722.4683,3379.8313,3329.0098,2497.5884,3132.1619,3274.4238,3004.716,3092.401,3357.99,1175.6295,2778.6177,2790.1782,1994.2354,2923.2512,3065.0789,2141.207,2279.9116,2645.4036
3257.451,3295.11,1050.8445,3248.861,3808.0474,2676.2935,3204.7378,2067.9382,3044.307,3618.5527,3536.949,3615.7712,3522.2876,3161.907,2904.549,3845.009,3605.0474,3502.7922,2784.7869,3476.1538,3524.032,2808.8384,3343.335,3358.8196,3072.6191,3000.9739,3053.8977,4124.0015,4067.1326,3635.7104,3357.3674,3647.3145,4110.4565,3726.7866,3563.982,1827.115,3616.5977,3574.1992,3270.403,3391.71,3744.8223,1915.9052,2908.9966,2798.0437,3172.664,3446.8577,3469.7542,3726.9202,2564.9626,3726.4321,3382.853,3328.7942,2529.9822,3129.488,3271.9155,2994.9866,3087.3662,3340.9858,1172.4401,2780.3125,2792.4336,2004.1998,2923.3645,3062.505,2125.0518,2277.229,2639.1162
3258.2224,3297.5737,1055.7218,3244.9622,3806.7686,2650.3872,3201.904,2067.271,3043.573,3615.4119,3533.673,3619.4536,3527.846,3163.8909,2903.3062,3850.6204,3616.1372,3512.22,2759.4688,3480.4846,3530.3071,2815.2688,3346.5356,3378.3372,3075.3796,2999.6658,3056.1921,4116.529,4056.485,3633.381,3351.348,3616.3628,4101.117,3725.1616,3574.8618,1834.6807,3612.5876,3578.9028,3311.558,3386.2664,3749.9941,1934.974,2906.682,2805.0237,3168.0793,3441.2441,3466.1924,3722.5022,2537.8594,3716.272,3377.1155,3338.337,2501.8447,3123.1567,3268.494,3025.1614,3080.5693,3348.694,1178.8667,2784.023,2795.6453,1997.7097,2923.9536,3057.8135,2138.9614,2269.5823,2646.8381
3249.6042,3275.6182,1072.1714,3245.0798,3804.4822,2660.4216,3201.5042,2042.403,3042.6653,3617.6802,3525.6614,3616.657,3524.9219,3175.312,2896.111,3848.3,3613.0496,3507.6145,2772.4424,3479.5142,3527.508,2817.376,3344.633,3381.0352,3056.9934,2998.8403,3052.069,4108.252,4058.0156,3631.9177,3359.0342,3610.8704,4093.334,3723.8628,3568.7747,1787.6171,3612.5303,3578.337,3292.6377,3389.86,3750.0767,1924.7523,2910.8037,2792.745,3170.0762,3441.8396,3461.4436,3725.0376,2540.501,3716.6738,3378.4622,3330.1943,2503.305,3119.9768,3269.5977,3014.423,3081.9602,3343.0022,1179.1862,2781.1975,2783.0,1994.1573,2920.45,3062.8596,2130.483,2272.349,2644.742
3257.3367,3277.2727,1082.5221,3255.3958,3812.416,2668.0771,3209.2507,2056.7124,3045.1519,3625.8633,3527.1514,3616.791,3523.892,3172.9211,2896.9941,3851.5454,3613.078,3516.3745,2756.9832,3480.5835,3526.8308,2800.921,3349.1914,3378.3289,3062.4553,3001.5554,3053.3645,4105.583,4063.673,3635.181,3358.1956,3587.1052,4102.361,3725.6003,3573.1377,1791.06,3615.8906,3578.8948,3285.3057,3389.6997,3748.5635,1922.9098,2909.6936,2799.7136,3170.2114,3448.2642,3463.174,3726.3208,2539.0193,3722.2449,3381.432,3332.8176,2499.569,3127.4644,3270.4019,3009.3516,3084.0176,3345.8716,1172.2648,2780.456,2775.8135,1986.3474,2924.3523,3066.6995,2140.2463,2275.5825,2644.6213
3255.3323,3290.0864,1082.2412,3259.5964,3817.0942,2666.5225,3214.6152,2054.3762,3053.754,3635.9812,3522.136,3618.4543,3520.8472,3178.9678,2891.9993,3848.9119,3610.1172,3518.498,2750.55,3476.5886,3519.3535,2811.1038,3347.1858,3381.2988,3064.531,2998.798,3056.1255,4104.1763,4063.924,3634.0435,3363.0952,3578.39,4102.7173,3723.0608,3573.5925,1809.6044,3616.4565,3575.6304,3289.281,3386.7222,3742.1804,1926.5957,2910.903,2800.5527,3162.1282,3447.2715,3465.614,3733.3105,2537.0383,3725.6536,3382.863,3337.2346,2498.0105,3126.6833,3271.4084,3013.7837,3088.2715,3348.4192,1161.3723,2771.2903,2765.8389,1977.5089,2926.8828,3071.424,2127.2275,2274.8076,2642.8022
3250.8354,3280.894,1069.7654,3257.3606,3819.819,2664.1624,3193.2573,2049.2651,3049.8547,3627.2512,3520.8433,3616.9998,3522.245,3183.8142,2893.4155,3850.437,3612.101,3514.7578,2761.9187,3475.248,3516.0579,2806.8718,3343.5808,3372.516,3067.4146,3000.9863,3056.33,4111.009,4065.553,3638.1433,3375.1887,3600.2837,4107.973,3727.9634,3578.7068,1832.8021,3619.5374,3578.812,3273.177,3382.909,3732.5676,1922.1238,2911.7837,2797.3616,3164.1829,3452.824,3469.0366,3744.7515,2541.031,3727.2876,3384.3467,3342.193,2492.497,3129.7505,3272.1428,3008.571,3094.4895,3353.6587,1175.4509,2772.867,2763.4988,1993.3297,2931.6663,3074.2625,2131.2324,2282.1973,2643.0906
3261.0205,3281.0166,1075.0093,3261.276,3817.5325,2665.82,3199.1992,2044.3433,3052.8914,3629.5454,3527.9377,3616.6084,3522.7844,3180.3882,2895.5781,3848.7314,3609.5437,3511.396,2775.3047,3473.6182,3513.5627,2807.9927,3342.9456,3355.5059,3077.746,3003.2034,3058.874,4118.1753,4068.9895,3639.2908,3371.7395,3635.8203,4104.684,3731.932,3574.6055,1820.553,3618.9968,3574.0571,3255.4968,3383.8147,3721.3,1917.2573,2914.429,2798.4458,3165.7,3457.393,3474.6104,3750.1794,2558.678,3731.7317,3390.0737,3335.0217,2520.7563,3133.048,3274.9897,3004.0974,3099.3323,3340.2336,1202.7352,2767.8662,2760.5818,2009.109,2931.7324,3073.1792,2117.613,2282.2527,2640.8787
3254.733,3304.2854,1057.515,3262.4233,3823.168,2647.5032,3196.291,2063.8708,3056.9177,3638.171,3529.8496,3623.5376,3530.5757,3180.579,2906.055,3850.1396,3616.0708,3516.273,2758.4436,3476.5984,3517.567,2810.7224,3345.3706,3354.617,3071.2349,3005.9436,3067.4138,4115.3384,4063.3977,3643.206,3365.917,3619.1938,4101.716,3731.207,3580.3496,1834.9863,3619.6223,3571.76,3273.2593,3374.7688,3713.4846,1914.1837,2915.5994,2815.0518,3166.9763,3455.2524,3479.048,3738.1738,2544.1294,3726.998,3388.2998,3340.4856,2493.7385,3129.5818,3273.5862,3008.1575,3097.156,3353.0037,1188.1487,2769.0115,2768.9546,2005.6447,2930.8865,3072.0972,2136.2207,2279.5366,2651.6812
3256.5457,3283.9836,1033.1301,3259.2007,3817.9675,2652.584,3194.3276,2051.282,3057.8027,3634.5898,3528.1445,3622.2627,3532.5068,3187.615,2899.258,3851.0786,3619.9297,3517.7795,2765.0286,3473.9504,3521.6125,2811.6062,3348.857,3361.967,3061.4333,3005.2087,3064.6523,4110.61,4060.982,3641.97,3378.582,3617.4722,4096.4556,3731.9158,3575.8557,1799.6786,3618.2341,3572.4917,3259.977,3370.7532,3709.1692,1906.4642,2917.3633,2802.3496,3160.6243,3449.2776,3476.9382,3738.8374,2545.197,3717.2014,3383.9727,3340.8088,2491.0698,3122.8352,3273.7979,3029.227,3099.243,3352.963,1176.2255,2773.024,2770.125,1999.0717,2926.7576,3071.575,2127.9453,2275.4902,2642.809
3252.205,3279.559,1029.1927,3259.5962,3822.1772,2645.6897,3194.2393,2040.9855,3058.6484,3643.6328,3531.8816,3623.1252,3533.5542,3186.4983,2897.9146,3849.1438,3617.823,3522.4155,2759.4822,3476.4697,3523.9512,2806.4282,3353.659,3360.1848,3054.5745,3012.376,3068.5583,4107.243,4069.1873,3646.393,3377.6875,3580.801,4100.785,3730.747,3577.0308,1839.2671,3618.4722,3573.4424,3247.8298,3370.629,3711.333,1896.1569,2915.4695,2804.907,3161.8616,3454.449,3479.4568,3745.26,2542.8247,3721.626,3384.4956,3339.727,2505.922,3127.9822,3277.3591,3017.0586,3104.2239,3367.7732,1169.2954,2780.6094,2774.9553,2006.4418,2931.4417,3076.8838,2132.8833,2282.637,2656.165
3249.9746,3290.5051,1045.3281,3263.122,3830.7239,2658.309,3206.507,2050.5896,3065.2932,3642.5896,3526.3728,3621.9956,3532.4065,3188.3528,2897.5515,3851.4888,3614.599,3530.099,2760.0461,3477.6343,3523.431,2819.7708,3360.447,3363.786,3063.7202,3015.9133,3073.7712,4109.37,4070.848,3647.9795,3382.802,3581.475,4103.162,3728.1704,3582.6362,1814.2806,3621.653,3578.7769,3257.7256,3378.7476,3717.407,1900.3289,2919.9568,2820.0374,3163.2122,3455.6147,3482.8113,3751.458,2544.7122,3723.2407,3386.4495,3348.1628,2501.3127,3131.1394,3279.9016,3026.3533,3108.873,3370.3665,1174.7894,2784.1501,2779.6143,1993.172,2932.0486,3081.185,2126.0525,2286.9358,2658.2437
3251.5193,3291.6113,1035.4988,3267.7632,3834.0723,2652.8,3198.4602,2049.2961,3067.659,3640.439,3528.4993,3624.5999,3537.5906,3194.4883,2893.9788,3851.4822,3615.7227,3531.1494,2763.7178,3478.7234,3523.205,2810.4297,3358.7454,3356.5872,3061.8843,3018.1604,3075.6592,4113.494,4072.1558,3649.5938,3396.8228,3594.0562,4100.905,3732.468,3591.6074,1776.6556,3624.6729,3582.2366,3260.8433,3383.5356,3719.6106,1910.7827,2923.5767,2819.4927,3164.666,3459.4182,3484.595,3768.7043,2542.8564,3727.5674,3388.5835,3355.2808,2491.9348,3133.3489,3280.5376,3020.736,3112.3118,3369.625,1179.1082,2784.4587,2782.362,2008.1084,2936.2798,3080.1748,2125.7236,2296.1604,2654.3008
3248.8472,3287.1653,1022.79517,3266.5898,3829.4382,2668.1304,3188.5464,2048.6514,3067.3174,3641.7646,3529.6213,3625.5576,3531.7258,3191.2686,2904.054,3847.6687,3616.561,3526.313,2764.5488,3477.4932,3522.963,2807.1108,3362.2354,3337.5784,3068.2913,3021.065,3078.9153,4119.184,4073.5515,3649.8215,3396.5303,3625.3684,4104.8857,3740.7637,3590.7085,1821.5598,3631.1855,3586.2366,3248.245,3392.8687,3720.0295,1901.597,2922.0798,2827.0618,3165.6458,3465.8423,3485.9968,3775.1956,2549.4888,3732.966,3392.7454,3348.8257,2507.2026,3139.0632,3282.0515,3002.4724,3115.4019,3351.0486,1173.8054,2787.705,2778.8113,2024.4489,2939.0657,3080.6226,2128.7034,2304.7488,2650.2424
3247.8462,3294.1152,982.01373,3265.8948,3834.8545,2669.8066,3192.8318,2052.972,3067.842,3648.6594,3522.817,3626.0225,3528.846,3189.872,2896.3816,3847.296,3618.854,3523.596,2759.3367,3484.6353,3520.1567,2818.5742,3371.55,3324.8638,3077.059,3026.138,3090.2312,4109.6895,4072.422,3645.359,3391.584,3597.8706,4098.822,3731.35,3590.2056,1776.0018,3633.3652,3578.4924,3263.3691,3397.0732,3716.5566,1895.0176,2920.789,2836.7522,3162.6294,3463.6846,3488.0,3766.3567,2539.5293,3724.5361,3390.7063,3348.038,2495.1318,3137.8274,3274.6187,3010.7278,3112.4504,3347.8093,1178.6683,2779.4578,2773.5066,2023.805,2938.0315,3079.794,2126.2651,2304.876,2657.0195
3250.6726,3290.6965,944.78503,3269.5142,3838.602,2676.5942,3190.421,2030.8468,3064.2415,3646.5608,3517.8872,3623.7903,3533.3933,3195.0593,2893.75,3849.8667,3624.8616,3529.3467,2770.8171,3484.4373,3522.388,2820.064,3364.6611,3318.2375,3073.018,3029.7883,3091.7705,4103.376,4072.2156,3641.6392,3403.352,3576.869,4091.875,3734.8743,3588.3738,1812.1705,3636.8025,3583.0422,3256.6982,3392.943,3716.3801,1892.5543,2923.1401,2848.2268,3156.6367,3463.2808,3483.4446,3776.1306,2523.9607,3718.8794,3386.5815,3346.606,2477.9443,3131.9856,3273.3901,3013.2637,3105.8386,3338.2693,1182.3015,2772.9946,2768.2063,2042.2052,2932.7295,3083.5085,2145.5728,2312.8596,2658.5193
3258.8926,3305.755,896.5798,3268.334,3842.3154,2667.143,3191.5715,2032.2793,3077.6904,3650.8503,3513.6533,3624.8696,3533.0706,3195.186,2883.4175,3845.8462,3623.9705,3533.9148,2754.463,3477.453,3521.842,2821.562,3347.7537,3336.3052,3078.4702,3038.719,3097.1096,4100.3613,4078.7153,3644.96,3403.159,3544.0796,4090.7834,3734.5056,3597.541,1795.931,3623.0713,3582.9023,3274.5095,3378.765,3726.0935,1914.2854,2933.3804,2858.0876,3150.2004,3464.5034,3483.098,3773.2173,2522.163,3721.3362,3393.6758,3357.305,2469.6543,3132.0671,3278.7192,3022.8499,3092.938,3352.025,1175.1211,2781.0764,2774.3694,2011.4907,2935.2197,3090.486,2130.9573,2314.03,2669.1384
3258.5015,3316.8367,922.0421,3278.7043,3856.0752,2671.4705,3210.6194,2042.8931,3081.1685,3661.3064,3511.6611,3628.6382,3536.044,3206.643,2875.0076,3845.6367,3623.494,3545.2773,2741.4348,3476.6006,3524.9731,2838.0942,3343.0898,3356.4937,3092.2449,3041.8909,3097.943,4097.532,4083.2798,3647.7751,3409.7664,3533.525,4089.917,3734.7383,3605.2944,1849.8026,3621.921,3584.4263,3286.2434,3375.75,3733.7783,1907.3496,2936.6873,2860.2551,3149.2869,3472.1755,3484.155,3779.8367,2513.148,3726.9438,3395.073,3368.5962,2457.5044,3130.866,3279.8713,3036.4563,3086.4458,3364.4348,1189.4814,2780.7327,2777.0293,2007.3497,2937.6008,3094.5725,2136.1736,2319.7786,2676.2317
3269.5806,3326.2617,906.4568,3283.9465,3866.3806,2679.213,3204.305,2042.0239,3083.976,3661.4285,3507.357,3632.948,3542.8364,3226.892,2876.082,3846.5776,3632.9644,3558.6685,2744.1448,3476.3193,3525.4514,2840.915,3342.9314,3350.328,3092.5464,3046.8645,3100.729,4100.3706,4091.1587,3654.4055,3426.7456,3558.8757,4088.1072,3745.5662,3620.4744,1808.8319,3627.04,3588.0107,3294.663,3377.3867,3731.332,1907.9076,2936.9692,2863.3567,3138.8105,3473.092,3484.667,3803.7986,2509.2363,3722.849,3399.7085,3380.967,2450.3147,3131.2803,3279.2466,3028.7598,3085.824,3362.4392,1170.1453,2781.5935,2775.6912,2009.6078,2942.301,3096.1125,2154.8953,2326.4583,2674.2678
3268.396,3328.8625,905.828,3285.1587,3873.1367,2687.467,3200.5366,2025.8822,3088.6619,3665.8538,3512.2903,3634.4626,3544.4807,3236.6272,2887.859,3845.8196,3633.7017,3557.5166,2745.843,3474.6223,3522.8938,2845.9087,3343.7283,3353.2466,3088.659,3056.9111,3104.4707,4101.661,4103.4707,3664.829,3439.3503,3580.1426,4090.128,3752.6868,3623.3496,1843.8644,3621.3086,3583.3015,3291.2922,3370.4082,3734.5884,1904.2618,2944.9734,2862.981,3151.7053,3481.4187,3489.395,3829.861,2523.597,3726.1558,3405.6863,3385.333,2470.7844,3130.6763,3281.115,3037.558,3079.6487,3350.369,1175.7754,2783.0857,2781.8762,2017.8226,2943.4556,3100.8616,2143.479,2330.0798,2672.107
3267.8093,3338.0906,882.53296,3287.7026,3875.677,2673.937,3200.5264,2059.45,3093.837,3663.533,3509.193,3634.3213,3543.5354,3222.57,2888.0774,3844.0574,3628.1555,3550.4946,2732.3706,3473.7568,3517.649,2846.1924,3333.9058,3354.2708,3093.145,3065.554,3108.8577,4097.792,4091.4216,3662.2888,3432.1714,3575.2712,4097.4746,3741.9746,3621.352,1824.2042,3619.4224,3577.506,3293.6028,3369.5312,3728.5588,1897.3362,2952.269,2876.6704,3146.0828,3481.8877,3491.0417,3813.5532,2530.387,3725.586,3403.3845,3386.1313,2472.3882,3132.6262,3277.346,3035.372,3076.4587,3358.9717,1176.9984,2787.6626,2788.9258,2010.8337,2945.64,3106.9639,2136.5442,2330.266,2678.5369
3268.5315,3343.2637,868.802,3290.9202,3883.9832,2667.416,3189.5164,2043.4552,3097.835,3669.7468,3508.9841,3637.9873,3552.3044,3239.7063,2878.7712,3850.6458,3638.1855,3560.6655,2731.5234,3472.7908,3525.468,2865.1782,3338.1526,3362.343,3093.6792,3071.1204,3118.3481,4098.034,4092.2144,3670.543,3445.675,3555.1348,4085.7144,3746.5068,3628.0105,1804.7997,3614.7998,3579.0,3306.995,3366.066,3733.9507,1902.6494,2956.8416,2886.2964,3145.5928,3484.7576,3497.8474,3829.9514,2516.6875,3720.5718,3401.8525,3395.098,2455.5457,3124.5442,3275.1829,3061.245,3073.4746,3361.856,1196.2004,2790.7327,2795.701,2004.0326,2944.9985,3102.4397,2149.3716,2336.101,2680.9426
3267.5398,3349.7642,830.06146,3297.3765,3887.1343,2672.273,3194.562,2030.6174,3103.0203,3676.6846,3489.982,3640.8857,3549.8635,3236.8699,2886.3108,3851.321,3639.233,3564.7517,2750.6018,3478.8035,3528.113,2861.032,3357.624,3353.0874,3098.811,3075.073,3127.3335,4089.839,4098.2324,3670.0193,3451.1714,3503.5356,4087.9033,3749.9211,3626.374,1771.9597,3628.8142,3585.2517,3295.687,3381.6401,3737.372,1915.3522,2953.2427,2893.6453,3133.5835,3485.5874,3496.679,3839.2542,2505.7756,3721.5781,3402.044,3394.2527,2459.744,3131.0654,3279.3657,3045.4424,3077.0872,3346.8174,1169.7872,2781.1191,2796.7217,2022.8467,2948.3865,3107.7393,2156.659,2342.2876,2681.622
3277.546,3356.4673,840.1304,3298.9404,3890.7163,2663.9927,3193.8743,2035.145,3109.002,3685.439,3503.282,3648.6208,3555.6199,3250.9966,2886.6184,3851.3247,3636.7095,3564.656,2748.2488,3477.2273,3527.295,2861.9534,3345.381,3363.0056,3099.2307,3081.528,3127.9404,4098.047,4109.513,3680.3225,3461.0393,3530.2434,4098.7656,3751.734,3623.5552,1861.7247,3623.7886,3585.4434,3303.548,3378.983,3743.492,1924.0007,2959.2263,2900.714,3145.3442,3494.944,3500.6733,3853.3557,2513.761,3725.4807,3405.4338,3399.8242,2483.5808,3130.6858,3283.6682,3052.4758,3078.8608,3373.9922,1188.2148,2792.3086,2806.9202,2008.9534,2946.2395,3113.406,2150.9702,2347.1636,2690.119
3288.7585,3367.8147,890.47485,3310.511,3899.5652,2682.543,3210.266,2037.4988,3122.2898,3693.322,3513.73,3653.6956,3557.8557,3254.0686,2893.1646,3856.011,3637.0015,3565.3403,2750.725,3481.4475,3533.1145,2864.4692,3339.5952,3379.421,3116.5542,3088.1782,3125.692,4115.503,4117.436,3687.4553,3471.408,3577.7605,4107.245,3756.0002,3638.1301,1846.8965,3623.3508,3591.317,3322.865,3379.4976,3750.6394,1913.7108,2966.2913,2899.0186,3165.4363,3503.9626,3512.8286,3873.4917,2532.2632,3736.0466,3411.8193,3409.1677,2493.0945,3136.9224,3288.435,3042.6143,3076.9683,3376.182,1195.743,2800.8665,2810.2642,1996.9208,2952.3037,3114.9062,2112.2207,2335.1707,2684.3022
3287.7058,3376.1897,927.1808,3307.7334,3900.5989,2707.214,3200.8284,2050.6824,3121.147,3685.1296,3515.036,3651.6062,3557.5251,3250.709,2901.5095,3857.2449,3636.8352,3562.8237,2766.5942,3486.2622,3529.992,2858.835,3350.2583,3363.542,3119.4116,3088.174,3130.418,4116.1323,4118.362,3685.5159,3474.345,3609.1646,4110.334,3755.6077,3634.102,1843.7905,3628.769,3583.783,3320.2473,3384.8613,3749.3394,1928.8694,2968.7434,2894.5642,3166.4846,3506.3767,3513.712,3877.1008,2540.3894,3737.386,3412.4802,3411.8584,2500.971,3141.9045,3283.1091,3052.8208,3081.2742,3354.8052,1197.7366,2806.0093,2815.7434,2022.5153,2952.2236,3112.5496,2137.1355,2341.1987,2682.0154
3288.2373,3372.3809,924.2073,3306.5684,3898.5684,2695.843,3207.798,2075.8276,3125.6238,3689.9033,3523.2205,3658.0796,3561.1252,3248.008,2914.694,3864.9866,3640.3074,3568.7854,2767.1433,3488.8333,3531.919,2852.5579,3343.4922,3369.6648,3123.3132,3098.6997,3130.3806,4119.6445,4118.606,3686.3071,3469.4512,3601.8245,4113.489,3753.865,3633.962,1830.4186,3623.919,3583.527,3332.3398,3382.4556,3747.1294,1922.85,2971.0154,2893.993,3159.1042,3504.549,3514.9387,3865.6375,2542.9338,3736.0796,3408.512,3399.564,2518.5771,3143.71,3281.1172,3042.9473,3075.3457,3362.749,1198.6351,2809.6465,2814.4443,2014.9277,2950.2004,3111.977,2136.8516,2332.317,2680.7139
3292.2097,3373.3835,956.9224,3313.071,3897.5593,2705.0234,3203.7734,2060.5002,3122.2998,3684.043,3526.6028,3661.7388,3574.417,3267.2324,2920.4856,3875.0842,3653.9329,3586.6277,2778.5244,3496.5037,3542.2087,2852.6355,3358.9604,3364.1272,3118.7676,3096.4617,3138.719,4134.6777,4116.286,3696.1438,3481.6663,3615.5117,4117.4004,3765.9246,3649.5347,1805.7953,3631.6086,3595.338,3326.8494,3395.5708,3749.3926,1908.4629,2969.203,2902.5762,3167.2173,3501.1733,3517.2124,3881.5579,2547.4177,3740.3352,3410.8044,3415.2424,2513.6584,3137.8433,3282.6558,3055.139,3088.4246,3357.8247,1203.8464,2810.9917,2814.1077,2027.4443,2952.2908,3107.0034,2171.1155,2331.1985,2669.7412
3291.091,3364.2786,939.62335,3315.454,3898.1616,2692.9932,3198.895,2073.1655,3125.2246,3709.2122,3517.6594,3662.3936,3569.1438,3263.181,2914.3203,3878.6868,3644.9424,3571.562,2790.7764,3499.0366,3535.089,2827.1353,3363.0278,3351.2195,3121.6243,3095.1934,3142.159,4127.0723,4112.9277,3692.45,3471.7046,3568.766,4121.3496,3751.9358,3631.469,1853.1046,3640.7234,3591.6958,3314.5784,3404.3696,3747.8962,1947.3068,2961.279,2917.1035,3157.9033,3492.8818,3505.4531,3861.6565,2540.6262,3730.238,3397.154,3396.9841,2513.8784,3139.2222,3275.5493,3039.1753,3096.8909,3363.572,1212.0732,2815.9587,2810.4954,2017.2372,2952.6965,3104.588,2163.9814,2337.837,2670.007
3291.3816,3354.2747,930.1737,3305.8,3888.4585,2693.4392,3199.568,2081.0774,3122.3145,3703.1057,3510.1528,3655.2554,3558.6228,3265.676,2899.962,3869.093,3634.6067,3565.8862,2776.3635,3492.8906,3526.896,2822.3906,3360.8035,3346.5918,3105.5945,3085.1165,3136.6467,4123.397,4112.266,3686.176,3467.0737,3581.98,4108.806,3743.6357,3620.793,1799.0078,3643.0127,3586.9304,3306.1138,3404.2617,3740.0005,1935.7739,2963.712,2912.0532,3151.381,3492.9944,3496.9155,3865.1643,2535.0342,3727.7725,3393.011,3388.6694,2501.0396,3137.7593,3271.9214,3018.3037,3098.025,3353.9167,1193.3553,2810.1606,2797.2285,2018.085,2947.94,3097.1013,2140.4941,2329.2847,2659.2004
3288.2026,3352.2415,953.8971,3292.439,3871.8523,2690.1182,3189.1208,2069.3762,3122.4456,3689.42,3513.4236,3650.5674,3544.6538,3246.74,2890.9873,3857.5083,3619.6482,3543.8467,2758.7656,3482.4197,3516.0256,2806.0972,3347.9583,3354.1614,3107.953,3078.958,3122.2551,4118.437,4104.8916,3678.9717,3451.9722,3597.8433,4108.5205,3739.5466,3608.4736,1837.7513,3638.4128,3582.6567,3294.0872,3394.5906,3739.463,1918.0376,2962.7693,2885.713,3154.4827,3495.8486,3494.8188,3845.621,2524.3984,3731.2275,3393.8193,3372.5203,2491.675,3139.627,3271.927,3025.4526,3096.3462,3361.8477,1196.552,2808.8481,2791.506,2016.7598,2947.0916,3093.5596,2125.146,2327.8977,2653.8435
3280.3818,3343.69,954.9109,3283.0762,3854.3813,2693.9148,3186.315,2066.1836,3111.8926,3680.239,3509.488,3641.8542,3535.42,3224.8533,2898.227,3848.957,3613.175,3529.4055,2771.789,3479.1274,3512.7825,2824.802,3346.796,3340.4634,3098.4575,3062.7043,3114.2239,4104.6836,4088.2686,3669.0283,3433.1682,3586.5955,4114.155,3738.0583,3593.983,1798.5485,3637.2207,3585.1821,3298.2578,3402.9634,3733.5054,1917.8402,2949.8545,2874.8425,3149.8188,3486.9138,3492.9612,3822.4246,2530.368,3735.1829,3393.759,3357.2083,2504.317,3143.7302,3275.31,3016.2385,3099.766,3348.159,1180.9819,2799.9666,2786.5613,2025.9575,2945.4446,3091.598,2141.2922,2326.6821,2648.0232
3279.629,3352.121,939.08997,3284.8738,3848.0793,2691.7397,3185.0483,2063.8215,3096.2478,3671.1938,3507.1619,3637.7522,3535.9797,3202.3918,2890.3257,3852.4695,3612.1384,3516.6772,2755.4912,3485.1133,3516.1191,2802.7246,3354.8235,3339.3398,3092.917,3046.9338,3094.9587,4103.905,4079.6052,3660.08,3410.049,3557.6743,4117.1875,3737.442,3581.958,1838.8755,3639.391,3586.376,3278.2126,3402.6794,3729.7478,1916.697,2933.8306,2862.3887,3149.5757,3478.958,3485.896,3804.454,2525.643,3730.2175,3387.0645,3342.5325,2503.7024,3140.4624,3272.8328,3000.9524,3101.206,3356.8906,1194.9375,2788.8972,2785.4841,2000.3856,2936.921,3080.2786,2154.6013,2320.9246,2646.302
3274.2273,3345.279,984.04065,3278.7947,3839.1025,2691.8677,3184.3225,2086.9382,3086.2998,3650.9033,3516.7817,3634.1123,3530.2349,3183.146,2903.146,3850.138,3604.7688,3512.5356,2766.1252,3482.6821,3513.9363,2814.5532,3349.5354,3337.2769,3098.6187,3037.173,3075.9868,4108.006,4081.0212,3658.2659,3396.1248,3575.6523,4118.329,3733.1511,3577.1333,1788.5996,3639.9456,3587.3027,3277.2983,3396.373,3726.8352,1921.1915,2929.7822,2836.9077,3161.5708,3479.285,3485.7095,3786.0688,2550.271,3729.0598,3385.4348,3336.6965,2511.683,3146.5742,3274.9639,3007.085,3104.323,3351.1482,1213.1183,2793.268,2793.1646,2005.139,2943.2874,3080.1309,2140.036,2317.1118,2649.7844
3276.4153,3336.7168,960.54346,3275.781,3835.8682,2681.417,3181.9111,2085.82,3082.7136,3632.4995,3532.3186,3637.452,3533.6157,3173.2385,2910.5713,3847.7996,3605.845,3504.2192,2783.451,3481.563,3514.43,2828.6235,3335.9312,3360.9905,3099.5645,3029.6013,3065.1724,4123.5444,4083.2249,3656.9104,3384.1428,3597.0664,4125.7324,3741.0312,3567.687,1818.1072,3628.2812,3585.874,3290.038,3381.921,3731.181,1905.9171,2924.3965,2813.1594,3168.262,3480.4792,3491.0999,3772.0818,2545.2156,3735.1104,3385.5603,3330.585,2510.613,3145.7795,3279.9387,3018.2427,3094.7495,3373.4778,1188.2358,2790.558,2803.173,1991.5621,2938.4885,3078.9724,2143.6162,2314.157,2655.547
3276.49,3340.3333,968.75665,3282.68,3840.0227,2692.5188,3189.024,2072.3176,3058.7297,3625.6716,3531.333,3637.6228,3541.7913,3176.7917,2921.4067,3859.7861,3615.6125,3516.4006,2787.8896,3496.2332,3521.9644,2809.8662,3360.3503,3326.822,3088.5474,3010.0493,3059.403,4136.35,4079.1956,3657.6436,3389.478,3638.1226,4131.318,3741.8616,3568.1116,1826.5828,3645.46,3591.415,3276.8499,3407.7998,3731.531,1912.1813,2894.3381,2810.179,3163.568,3465.4236,3487.389,3767.3687,2557.8274,3727.5398,3383.2087,3325.7114,2518.1106,3142.3086,3276.371,3005.717,3108.3296,3349.9353,1194.5565,2775.853,2798.8074,2043.1708,2934.5986,3072.3567,2155.9868,2321.9868,2649.4246
3273.7607,3338.9265,948.6484,3276.4128,3839.942,2684.0237,3187.3123,2070.0916,3055.8843,3614.526,3526.8762,3637.1704,3540.4392,3171.2505,2911.9163,3858.9526,3615.3718,3507.7852,2787.2964,3494.8865,3525.2556,2800.292,3365.6946,3342.4568,3090.3904,3009.5293,3046.6367,4128.2827,4074.787,3654.207,3378.044,3629.5613,4121.089,3737.0962,3562.6921,1825.2511,3644.8938,3588.0872,3289.6543,3397.3665,3733.4097,1922.4945,2893.846,2793.404,3165.7158,3456.6582,3479.5867,3753.1318,2541.169,3720.03,3372.4226,3320.7678,2497.0244,3134.0854,3273.0369,3004.523,3106.9229,3369.128,1197.0073,2790.134,2804.4285,2025.3245,2932.736,3066.342,2174.932,2313.0496,2649.066
3280.9902,3329.6611,954.4708,3271.0876,3826.8901,2681.5684,3173.593,2080.025,3044.6372,3611.833,3527.7568,3631.7197,3537.321,3173.582,2906.8657,3853.5728,3607.6973,3500.8875,2779.4797,3489.3809,3519.7583,2807.431,3362.1638,3340.8667,3090.8667,3002.0725,3041.954,4115.1353,4072.8223,3648.037,3372.2273,3600.89,4113.699,3728.9487,3553.8828,1814.7681,3642.0527,3581.9102,3269.4114,3404.9963,3734.6165,1908.436,2891.8503,2776.2876,3162.84,3451.3767,3474.2063,3752.4395,2536.7747,3717.341,3370.0496,3315.572,2492.1812,3135.1077,3271.7532,3015.8704,3108.307,3357.9082,1185.3414,2786.692,2804.2896,2024.0475,2930.459,3063.0615,2164.1057,2315.108,2646.5598
3271.9805,3319.994,974.6166,3260.5955,3812.5369,2674.5466,3171.8723,2073.0364,3037.2966,3597.2542,3524.1423,3624.4229,3532.8174,3160.2942,2899.7751,3845.7178,3603.6345,3492.6006,2780.4612,3485.1023,3517.6416,2806.1924,3361.1326,3341.805,3089.8271,3001.7805,3036.693,4105.1465,4067.6746,3645.8005,3365.304,3570.6782,4109.817,3726.472,3551.2761,1800.5305,3636.9375,3582.6863,3271.947,3399.4824,3740.8125,1912.0654,2891.6086,2775.5134,3162.0027,3449.717,3476.947,3750.8206,2540.839,3718.2559,3370.701,3316.5044,2500.2134,3132.8228,3273.4558,2993.548,3111.986,3364.3086,1184.5563,2793.8716,2811.5244,2013.61,2929.3176,3063.0505,2146.0225,2310.2498,2649.8003
3266.1895,3302.586,1002.5886,3252.938,3802.2063,2673.4155,3172.0676,2060.8157,3036.2073,3588.9014,3531.382,3616.1294,3520.8894,3147.337,2897.215,3841.3699,3591.6902,3485.4104,2777.7776,3474.3447,3509.9954,2804.276,3349.9067,3344.8428,3093.5876,2998.402,3026.051,4102.4937,4063.0437,3636.016,3352.896,3582.1963,4110.517,3727.931,3544.1257,1804.1484,3628.6145,3576.7227,3275.6016,3388.5933,3739.9897,1923.4679,2889.662,2756.185,3166.8376,3450.1338,3474.2476,3741.4717,2555.8298,3721.9688,3372.4072,3310.58,2506.0764,3134.0498,3274.9622,2991.385,3103.691,3362.1748,1181.8715,2792.0312,2811.1755,2001.7876,2932.407,3057.8901,2138.61,2298.5261,2648.7283
3264.1938,3307.0752,966.0643,3252.5894,3802.5762,2665.753,3173.7012,2091.1572,3034.252,3591.8,3528.8223,3617.211,3521.7412,3145.951,2903.3843,3841.9648,3597.6611,3485.2905,2768.5515,3481.5664,3510.2686,2795.7795,3354.496,3328.6406,3098.7527,2995.257,3024.0537,4107.886,4055.825,3629.8088,3342.7163,3594.0293,4113.6772,3725.2866,3544.5059,1856.2845,3628.1355,3577.6907,3267.385,3397.0603,3726.4836,1928.8533,2878.3735,2765.7014,3160.482,3446.0083,3473.3965,3724.888,2546.3254,3721.391,3373.7961,3305.201,2513.393,3137.266,3272.9727,2995.6458,3106.5845,3351.861,1180.1555,2781.9453,2809.5803,2018.3057,2927.6228,3056.5544,2150.2334,2293.6619,2642.0095
3260.3062,3302.3171,971.4674,3249.9375,3801.9143,2663.6023,3178.889,2065.621,3028.0503,3583.2183,3525.4385,3616.512,3526.8162,3141.6953,2896.582,3847.4585,3604.8328,3477.1802,2773.161,3481.3616,3516.207,2800.4766,3358.0503,3331.3027,3074.1685,2986.5886,3021.51,4104.0566,4049.2043,3629.3142,3338.8916,3618.4849,4095.5938,3720.5762,3535.6855,1797.523,3624.0435,3578.5552,3265.7073,3393.4143,3726.343,1927.7465,2879.188,2754.0813,3163.6116,3433.872,3468.5112,3724.4434,2542.3494,3712.5264,3367.1765,3299.8018,2498.5688,3122.2976,3271.4062,3000.049,3107.7903,3352.413,1188.5238,2774.9463,2801.3875,2023.6385,2917.0972,3052.9421,2143.4832,2290.1184,2638.4482
3257.8865,3288.5964,975.68726,3251.2444,3808.944,2667.4531,3170.6484,2091.359,3027.1616,3583.6023,3516.2668,3614.2886,3517.6152,3135.5422,2889.1545,3842.3965,3595.8594,3472.4497,2758.3618,3481.2942,3509.8271,2791.214,3354.5593,3339.2246,3087.9375,2984.2144,3017.0002,4092.6357,4045.0789,3619.9827,3326.2734,3578.1182,4093.3638,3714.34,3537.351,1783.3159,3629.3625,3573.1074,3274.6443,3392.541,3725.9568,1928.7699,2876.1814,2751.8762,3154.6553,3433.874,3463.5525,3703.7156,2522.292,3705.7075,3365.6384,3296.612,2487.1548,3128.241,3269.4507,3004.39,3107.1333,3362.4636,1177.5636,2777.9744,2796.6301,1994.0712,2920.009,3059.8794,2139.6873,2286.452,2641.6267
3263.9607,3293.4272,1005.4363,3254.4768,3811.5251,2670.3062,3169.7058,2070.752,3031.3538,3584.2302,3515.1401,3610.7424,3518.9443,3145.066,2889.356,3843.0713,3599.9656,3480.1023,2763.6252,3476.7512,3512.8806,2808.138,3356.5293,3337.0732,3073.6494,2979.648,3013.7583,4092.1013,4047.5806,3625.0452,3341.757,3575.9514,4093.1152,3722.4736,3536.4978,1799.0135,3627.5405,3577.9543,3273.1812,3400.0564,3728.5117,1916.3248,2885.0852,2743.586,3157.6711,3436.3289,3468.7898,3726.7598,2536.3738,3715.6748,3372.204,3298.3584,2488.6458,3130.5889,3275.797,3015.2207,3111.588,3359.02,1171.1945,2778.7366,2794.8484,2012.3551,2922.96,3062.0444,2134.956,2296.8306,2644.99
3263.277,3317.637,961.81305,3257.6458,3815.3574,2683.4775,3176.799,2092.3699,3031.5554,3590.5735,3519.6545,3609.9265,3516.1345,3142.5356,2894.9365,3841.1619,3595.4304,3479.6912,2760.3623,3478.701,3511.956,2785.8286,3359.2388,3337.909,3094.3218,2983.78,3016.8938,4093.8464,4050.5388,3624.7837,3343.411,3560.692,4110.147,3723.7478,3544.9968,1768.0078,3634.2415,3580.9941,3267.43,3404.8445,3730.3945,1944.7302,2881.2163,2754.6567,3163.518,3442.3806,3470.548,3725.7864,2544.197,3725.8914,3377.69,3300.8286,2512.7463,3143.5122,3279.0007,2995.8137,3112.5664,3360.5352,1184.7322,2779.6223,2792.4927,2016.0825,2930.4878,3068.688,2136.7078,2298.3887,2642.1313
3266.8916,3321.4863,1003.2677,3256.5796,3814.9421,2687.5747,3177.4683,2093.1604,3042.3035,3592.8806,3532.403,3613.8606,3525.368,3151.2988,2911.1567,3847.7295,3604.0671,3494.6047,2781.6687,3480.286,3512.6997,2805.9155,3358.3132,3335.27,3094.5183,2987.0564,3023.5542,4111.9634,4059.4236,3633.1624,3353.6772,3591.8826,4111.7207,3730.9617,3549.7979,1855.8458,3627.315,3582.7307,3273.0864,3401.3738,3729.8267,1931.7408,2889.7725,2764.0508,3173.3076,3446.8906,3476.5618,3748.2024,2557.949,3726.6335,3383.247,3313.909,2524.133,3138.3655,3276.0354,2999.5054,3110.307,3350.6812,1179.0544,2775.824,2796.0845,2020.7513,2925.8147,3067.9365,2142.6658,2297.137,2640.9592
3263.434,3310.5017,964.82947,3256.7375,3813.772,2668.4558,3182.33,2091.816,3036.9783,3590.523,3516.476,3617.5298,3528.7095,3152.5867,2908.589,3851.701,3609.961,3492.3228,2774.9795,3485.7666,3520.766,2806.4412,3358.7136,3358.208,3082.5735,2988.15,3027.3003,4102.6367,4056.9026,3627.0142,3349.9976,3563.7852,4105.954,3727.323,3553.6985,1819.8088,3627.3367,3585.7642,3299.498,3399.005,3734.1082,1936.6599,2882.8958,2768.601,3163.5627,3436.903,3465.801,3743.6733,2536.2712,3716.4788,3372.0383,3318.5305,2498.773,3127.5872,3270.2334,3014.4138,3099.137,3354.287,1184.5312,2772.5916,2786.2292,2012.4038,2919.5781,3060.3418,2140.0854,2290.3855,2639.5732
3269.0654,3306.5466,972.54016,3255.567,3812.185,2678.3584,3182.5825,2072.5198,3037.7231,3589.5913,3518.821,3617.9429,3525.5144,3147.8777,2900.3687,3848.9714,3604.8406,3484.5771,2769.5842,3488.5815,3519.921,2791.3794,3358.534,3344.2305,3082.7026,2992.7302,3023.2837,4111.737,4057.743,3626.5332,3345.8245,3615.463,4103.896,3722.1433,3546.9966,1791.097,3629.2747,3583.251,3276.3027,3400.8901,3738.2354,1938.6475,2889.957,2767.581,3167.6719,3441.6692,3457.586,3726.8018,2549.71,3715.644,3370.3354,3301.5925,2494.2449,3129.3625,3268.624,2992.1106,3097.6233,3350.696,1183.6493,2770.3691,2777.1567,2013.6941,2919.1958,3060.187,2148.1602,2297.065,2642.6184
3275.0667,3326.1687,967.948,3255.0583,3812.8435,2689.6833,3196.869,2086.3906,3039.252,3588.2385,3510.7722,3618.126,3526.303,3144.6895,2893.7288,3846.004,3602.345,3493.526,2770.8015,3487.8977,3519.4834,2802.4858,3354.2136,3356.2188,3080.363,2992.2542,3024.523,4098.989,4058.9565,3629.339,3341.873,3586.9812,4098.883,3720.581,3558.655,1834.5629,3630.6108,3583.1772,3305.0498,3399.6904,3748.111,1944.386,2890.0295,2764.135,3162.2124,3436.8523,3458.637,3724.8389,2536.8557,3713.0298,3371.5823,3313.6533,2478.6433,3131.4492,3266.4844,3003.6333,3094.4692,3354.37,1174.4036,2768.3384,2774.4622,1997.9492,2917.9082,3054.1094,2159.3262,2293.6382,2645.2747
3269.9482,3312.8313,1015.8817,3254.9604,3805.3071,2700.837,3192.3125,2061.5142,3036.0425,3587.8528,3513.0989,3612.9575,3520.1375,3143.972,2901.9563,3842.514,3599.612,3481.2468,2778.711,3484.163,3516.3118,2786.0652,3357.2146,3336.7256,3088.6648,2997.5198,3024.2625,4096.05,4058.2168,3623.9697,3342.897,3605.542,4111.63,3726.4978,3546.1099,1801.787,3627.6182,3583.7615,3273.7844,3408.0325,3748.0684,1931.6041,2893.5085,2756.4368,3163.8145,3440.0698,3457.751,3722.4863,2547.4993,3722.9778,3375.6504,3299.0132,2517.0713,3137.0447,3271.0068,2974.9353,3095.5596,3329.1733,1166.9324,2767.2024,2770.1157,2036.1665,2922.1125,3057.3438,2131.813,2300.1328,2637.741
3265.491,3322.7026,1031.2915,3252.6519,3805.3257,2688.3416,3189.2776,2081.8794,3038.9397,3598.8474,3518.577,3616.229,3526.4744,3139.9792,2907.0127,3844.0176,3605.9304,3498.4346,2771.505,3489.5076,3517.08,2807.8918,3347.7842,3349.116,3088.2075,2998.7097,3025.4265,4101.5767,4058.7837,3629.276,3339.2483,3573.758,4118.6978,3731.9075,3561.6462,1834.1783,3625.7878,3587.4478,3301.3928,3408.5588,3748.4856,1942.9263,2890.4238,2769.2368,3164.6018,3440.3523,3463.3906,3721.0386,2551.0117,3724.109,3377.2847,3318.875,2507.1638,3137.0933,3268.1545,3013.472,3090.161,3338.4492,1187.4713,2765.4773,2782.8396,2031.5897,2924.5398,3056.3987,2161.5571,2299.109,2649.0203
3266.213,3309.671,981.9596,3246.7532,3797.057,2680.764,3184.5776,2069.9182,3033.322,3591.7307,3512.0713,3613.8184,3526.5566,3146.6282,2900.2415,3848.8894,3609.069,3493.2854,2771.1748,3486.6055,3517.7896,2791.2732,3347.5298,3339.4404,3075.4683,2995.3816,3024.6333,4093.2847,4053.866,3628.859,3342.769,3568.3506,4104.5977,3725.425,3552.349,1781.2489,3622.7148,3585.7283,3289.5718,3398.4119,3750.2788,1951.6565,2896.2637,2767.8198,3158.9644,3431.467,3453.9043,3723.8394,2539.2795,3711.3782,3366.2737,3310.2766,2498.1265,3124.394,3261.178,2998.6829,3087.1475,3336.996,1187.5387,2765.5242,2780.4355,2019.8578,2916.2805,3051.0996,2142.0122,2294.008,2652.244
3271.402,3308.878,1014.0403,3249.2366,3792.1072,2673.905,3193.9458,2069.5417,3035.7095,3596.5168,3508.1638,3611.6099,3519.8901,3143.6023,2890.7834,3845.6067,3600.7214,3489.218,2772.8008,3482.6826,3511.9702,2792.176,3342.3772,3343.5781,3074.2493,2997.8145,3022.775,4091.0024,4056.1255,3625.453,3334.0964,3545.77,4100.1216,3719.2344,3550.7537,1788.4059,3627.3186,3580.8257,3295.1882,3405.5474,3751.6814,1930.6317,2894.5952,2755.9207,3158.4038,3434.9795,3447.603,3709.0696,2535.9626,3714.3872,3367.803,3304.059,2487.7393,3126.3438,3261.634,2995.7285,3085.8296,3332.5757,1177.9855,2767.6077,2779.8572,2009.4421,2919.3784,3050.4917,2152.0957,2294.2976,2650.2224
3272.9402,3312.3933,1006.06665,3258.557,3798.2725,2682.6948,3199.386,2080.6956,3035.0603,3592.6074,3504.7068,3611.432,3516.5212,3146.9863,2886.2107,3841.4856,3599.7197,3490.89,2757.281,3484.1677,3513.2795,2798.2327,3337.689,3358.8892,3072.8716,2994.928,3023.6982,4094.7134,4050.9773,3624.5525,3338.1008,3576.55,4098.0166,3720.46,3550.0874,1824.0222,3626.3892,3578.2827,3296.8777,3402.5237,3755.299,1942.9758,2889.708,2750.5603,3155.6426,3434.5098,3448.5347,3709.4458,2537.6328,3713.706,3370.8281,3303.2354,2489.5269,3128.1687,3260.6956,2988.0383,3084.9148,3339.1204,1167.5033,2760.8186,2774.2512,2005.1638,2920.318,3052.3372,2152.1926,2287.0051,2648.3306
3267.2778,3310.6062,1008.37866,3258.2585,3802.9392,2697.4229,3192.4006,2067.6677,3037.6345,3594.327,3504.487,3608.8386,3513.9795,3148.1904,2893.4858,3841.5352,3597.291,3485.9607,2769.684,3476.2761,3509.9473,2793.9436,3342.686,3341.6924,3086.8638,2994.509,3026.5352,4100.6562,4052.7827,3622.3108,3345.1396,3600.2605,4107.6426,3723.075,3551.2522,1792.0924,3630.835,3581.3845,3285.4487,3410.5435,3750.8806,1941.4117,2896.77,2758.0378,3159.735,3437.3296,3451.3508,3712.444,2545.4216,3723.5432,3374.9663,3307.7932,2513.731,3131.778,3263.9202,2982.6777,3088.5586,3322.5276,1163.9813,2764.0254,2770.473,2014.8184,2928.7905,3057.8699,2132.035,2290.9795,2643.1714
3265.0103,3316.6777,1005.9184,3255.829,3810.3835,2681.1772,3194.581,2090.211,3041.0132,3607.8667,3510.1318,3613.5647,3520.3342,3148.234,2902.913,3842.9128,3602.5583,3489.8616,2760.0405,3479.8323,3509.3574,2799.5142,3336.7683,3335.5288,3090.759,2996.8752,3032.275,4103.6245,4059.8174,3628.3298,3346.593,3599.312,4110.8086,3729.221,3560.3538,1823.0236,3627.7134,3577.2776,3288.1682,3399.6775,3736.744,1944.9813,2894.7104,2772.2576,3162.3655,3443.62,3461.4797,3719.0383,2546.1362,3725.6157,3381.2302,3313.1746,2508.9482,3134.3271,3266.665,2985.108,3082.6086,3323.8752,1191.5836,2763.8818,2771.6309,2014.2908,2927.0588,3066.654,2135.5676,2286.8945,2651.5535
3262.4417,3311.6802,1029.0011,3254.5928,3818.0698,2669.9727,3188.6995,2083.1458,3051.6062,3612.66,3511.686,3616.8953,3524.8843,3160.052,2895.0693,3844.6765,3610.2583,3495.6448,2766.2603,3477.5522,3516.5476,2799.5503,3332.3884,3330.8728,3078.158,3002.4106,3036.023,4106.168,4058.0547,3633.7656,3351.8062,3590.5254,4107.192,3730.9885,3557.2603,1809.7751,3620.617,3575.2434,3274.5857,3391.6545,3727.795,1950.0713,2896.3796,2776.5132,3161.0247,3438.7688,3461.8706,3721.1804,2535.842,3716.2007,3376.0906,3312.7893,2497.7954,3125.733,3264.449,2986.4329,3082.1152,3330.1624,1181.5399,2767.5063,2772.0725,2005.7701,2921.5474,3062.7803,2131.9646,2282.5183,2641.281
3272.4958,3308.492,957.2412,3259.048,3820.512,2662.3726,3180.024,2055.41,3046.3174,3613.842,3506.274,3618.6128,3525.8643,3163.684,2894.5913,3849.5784,3610.2153,3493.6511,2760.6274,3476.7324,3518.7358,2812.5945,3339.2698,3331.9492,3081.3308,3000.5444,3034.9683,4097.1016,4062.0232,3638.3848,3359.6963,3576.4158,4103.545,3731.693,3557.9004,1729.9602,3628.625,3579.5847,3269.7212,3400.6558,3727.513,1922.2839,2901.7512,2769.4236,3158.4653,3440.1309,3460.571,3730.8027,2537.5408,3716.7488,3373.8862,3312.92,2492.9207,3125.621,3267.4456,3011.6982,3087.8125,3326.3406,1182.265,2768.0662,2771.92,2013.4122,2920.0322,3065.1484,2140.457,2289.6316,2643.2107
3270.817,3319.7476,944.552,3261.0752,3823.6567,2668.853,3179.7935,2084.846,3053.1826,3620.8445,3504.1519,3619.962,3528.8916,3158.4658,2888.9263,3850.8667,3612.997,3506.2727,2757.3804,3480.8933,3521.4912,2813.9216,3344.3865,3338.9714,3093.4326,3006.152,3034.088,4098.6074,4071.5117,3650.2737,3362.3057,3529.47,4114.3286,3734.5144,3566.1523,1819.6067,3630.3716,3580.8035,3271.7097,3402.2373,3730.6191,1948.9677,2905.3184,2782.7695,3157.954,3446.631,3471.7312,3732.612,2531.2744,3722.646,3379.1843,3322.155,2493.4448,3130.902,3275.0115,3014.567,3097.1826,3340.1897,1176.5536,2781.8274,2785.2441,2013.126,2927.6,3068.7883,2142.5994,2299.4722,2648.7898
3279.0286,3320.6033,957.36475,3259.046,3817.8062,2673.031,3194.5017,2076.3835,3055.5234,3616.242,3517.0908,3621.754,3528.1714,3156.8347,2897.5232,3846.8127,3607.5266,3502.3992,2763.8928,3476.6748,3521.4463,2820.274,3344.2925,3343.0095,3088.681,3016.6697,3040.3682,4098.2085,4078.1125,3650.503,3369.9673,3566.1729,4120.068,3738.3677,3564.0593,1802.3606,3627.9895,3582.7368,3275.0002,3398.6538,3739.7034,1925.8967,2910.135,2782.9956,3163.911,3452.9983,3478.5286,3744.7004,2539.762,3727.3918,3383.477,3323.608,2506.1292,3133.9277,3279.5493,3011.1416,3098.144,3347.7441,1173.58,2787.1216,2795.2346,2002.3336,2927.5266,3072.8528,2141.818,2301.547,2653.1394
3281.8425,3334.2585,981.72107,3258.5518,3820.304,2687.6982,3197.8904,2088.8735,3065.063,3630.2388,3529.2131,3626.279,3535.1416,3160.0513,2903.9177,3847.9343,3612.7175,3511.3135,2779.4724,3478.8064,3520.5664,2824.5342,3346.5146,3328.9697,3110.9907,3023.0127,3049.4521,4115.4277,4085.507,3657.6965,3380.1084,3570.8733,4129.975,3742.469,3572.4944,1781.2739,3629.6807,3581.8704,3290.4775,3405.3538,3735.313,1955.9286,2908.29,2792.6807,3169.7368,3455.3093,3489.438,3747.8489,2552.9827,3733.477,3387.623,3331.776,2514.4558,3136.2124,3280.1255,3015.137,3097.7034,3342.6162,1188.2699,2785.1567,2798.6707,2016.1465,2924.517,3069.2832,2129.6255,2299.8743,2652.0698
3265.575,3314.3074,939.10095,3250.6165,3809.8518,2658.1355,3183.8489,2082.309,3054.6062,3613.4812,3514.4263,3622.4841,3536.5532,3164.3538,2891.6614,3850.6748,3616.3508,3512.9075,2764.415,3483.7078,3524.6387,2812.7825,3344.77,3331.7424,3097.0105,3020.406,3053.9019,4106.625,4080.7937,3655.5295,3379.8713,3561.1067,4121.733,3736.6614,3573.1472,1779.4487,3632.2385,3581.8218,3295.0657,3405.3013,3738.9138,1948.3212,2904.694,2799.3594,3155.823,3447.2637,3477.4514,3750.308,2527.9187,3719.299,3378.0422,3332.9238,2484.6187,3127.5085,3273.0195,3018.5513,3099.5889,3353.0405,1187.0818,2787.122,2801.6646,2022.2985,2919.4802,3067.2832,2142.6904,2300.5615,2658.3171
3278.4663,3310.239,953.26135,3253.4297,3805.2808,2670.3308,3179.0964,2073.913,3058.503,3607.7874,3518.5664,3623.2969,3536.7566,3160.0903,2894.152,3847.6084,3608.7478,3504.678,2772.234,3480.7427,3519.044,2799.302,3346.7205,3319.4658,3095.9321,3024.4905,3049.2288,4111.0073,4081.8394,3653.8945,3378.375,3606.9387,4112.2383,3731.2017,3565.9941,1821.0984,3628.5005,3576.0967,3268.8018,3404.8687,3735.2415,1946.725,2908.582,2783.4358,3161.7805,3446.224,3472.9802,3744.2273,2549.243,3714.8682,3374.2627,3319.6663,2499.7815,3129.2188,3269.4358,2996.1533,3100.3345,3339.8408,1190.0797,2788.9211,2784.2124,2026.4357,2918.1687,3059.8235,2133.3435,2299.651,2652.916
3268.661,3299.1533,980.91907,3249.4724,3800.993,2665.3933,3185.0007,2079.7087,3049.5679,3608.4236,3507.3357,3619.3657,3528.148,3155.3337,2888.983,3839.5432,3605.0103,3507.3118,2763.6736,3478.3083,3517.8867,2811.64,3348.9414,3328.7676,3097.343,3019.995,3050.1423,4095.419,4072.82,3644.9976,3365.4248,3582.0422,4107.4795,3726.8608,3574.8735,1778.9382,3629.941,3577.2214,3287.42,3402.7063,3739.3228,1943.6285,2909.4792,2786.3691,3157.8206,3445.4749,3471.985,3737.378,2526.7644,3716.4875,3377.7695,3327.5989,2480.962,3128.9177,3269.7239,3005.2542,3096.251,3347.999,1190.9983,2789.923,2788.5552,2004.157,2923.5344,3061.871,2134.477,2295.3655,2654.7703
3261.6145,3286.2344,991.67737,3243.3474,3795.035,2675.9897,3174.4146,2078.8108,3058.0317,3609.7036,3522.1965,3615.584,3523.8755,3152.7188,2893.5227,3838.338,3596.0603,3494.4153,2779.0652,3475.158,3510.3281,2786.6465,3346.4397,3305.9844,3105.8745,3022.1675,3049.0154,4102.0986,4068.4683,3641.2478,3361.037,3603.7227,4114.8643,3728.4177,3558.7656,1784.5691,3625.333,3573.2556,3255.9468,3406.2583,3727.4219,1942.7892,2911.6118,2777.8804,3164.2717,3450.1074,3473.5532,3730.8533,2552.8074,3729.3818,3379.689,3309.2717,2523.4075,3136.7498,3271.2793,2970.0378,3096.493,3322.7407,1175.2595,2786.555,2781.3823,2031.6444,2923.7046,3060.8855,2116.1619,2295.2112,2640.39
3267.2014,3305.3054,998.15393,3246.342,3801.6638,2666.9138,3185.4458,2064.601,3058.9275,3619.5835,3522.2239,3619.9058,3535.6223,3162.4695,2903.9902,3847.221,3612.384,3513.3909,2775.1304,3478.7534,3518.9683,2817.0981,3347.6438,3316.2495,3092.9036,3015.5295,3044.5369,4109.597,4069.657,3644.751,3369.0774,3572.269,4117.253,3735.3845,3572.0762,1793.7124,3619.1006,3578.1926,3282.9905,3404.7263,3730.35,1916.0691,2899.4,2790.232,3162.0645,3448.62,3476.4446,3735.019,2544.6726,3724.9058,3381.9902,3329.857,2506.2913,3128.407,3269.962,3010.609,3092.7593,3329.7056,1191.3402,2775.3398,2786.4392,2020.5236,2916.532,3058.5576,2143.1724,2286.4338,2654.627
3257.233,3290.3208,962.2882,3249.1057,3805.8132,2657.643,3178.2688,2080.4902,3055.3538,3619.8765,3513.652,3617.941,3534.1099,3159.4128,2894.2722,3847.9224,3612.4558,3502.359,2765.0122,3480.6187,3522.2883,2805.8179,3342.777,3335.947,3092.5173,3018.2893,3048.7393,4102.951,4064.5598,3641.9507,3363.1226,3536.023,4098.6714,3727.1384,3566.283,1798.8798,3617.3425,3580.7874,3283.4092,3398.3645,3737.6448,1938.8988,2899.0508,2787.3372,3157.5625,3440.6482,3466.7659,3737.1917,2523.4429,3714.8892,3373.37,3322.5815,2500.4612,3120.9333,3265.6338,3010.5,3087.2288,3338.2986,1172.5828,2776.2192,2781.673,2014.3977,2917.509,3055.0085,2144.635,2287.897,2645.8762
3269.831,3291.4556,973.9295,3256.8389,3809.8127,2666.8826,3186.6726,2074.4436,3059.355,3625.8193,3509.0134,3618.9058,3530.765,3159.0264,2887.8245,3845.974,3607.0547,3496.149,2771.238,3479.208,3518.1086,2787.4275,3345.7776,3327.1182,3083.911,3017.4536,3047.1853,4091.4734,4066.4412,3638.2446,3358.6006,3538.877,4099.625,3723.276,3558.8584,1799.2424,3620.1167,3575.8591,3269.142,3403.0635,3736.3347,1938.7167,2902.7952,2780.4482,3156.6882,3441.0676,3464.1287,3727.1738,2532.1743,3714.7505,3373.9783,3307.5122,2496.4956,3124.9443,3264.3025,2975.2278,3085.203,3330.6316,1178.8109,2768.745,2776.652,2006.3341,2918.4915,3056.494,2136.3403,2286.4202,2648.215
3263.3564,3293.7913,964.9214,3257.615,3813.2007,2672.7397,3192.903,2066.7773,3060.4773,3623.0198,3505.633,3615.9814,3524.979,3161.1538,2887.674,3842.5205,3604.9282,3499.4663,2775.3179,3474.6887,3516.5305,2804.127,3347.0796,3326.6558,3085.3289,3015.703,3044.2986,4093.326,4063.826,3640.4163,3364.8884,3537.4065,4100.7383,3725.5315,3559.5479,1797.0457,3619.2703,3581.9465,3277.174,3406.3596,3737.8923,1942.4377,2900.297,2777.8765,3158.9236,3445.8186,3465.2175,3725.1575,2540.4512,3718.6626,3378.85,3317.1162,2503.0652,3126.6472,3268.4373,2983.4153,3090.9116,3329.4695,1181.5648,2765.034,2779.279,2022.8408,2922.8186,3062.8533,2133.3777,2285.3508,2651.334
3260.5515,3301.6062,973.7706,3254.9497,3812.7542,2666.1104,3184.2349,2092.9526,3064.4075,3622.218,3514.598,3618.9043,3523.7556,3161.115,2889.8123,3839.9517,3603.7117,3497.526,2765.3604,3470.2532,3512.6086,2817.2415,3332.684,3345.3489,3103.6055,3019.983,3048.329,4101.4937,4071.2725,3644.3135,3362.704,3549.495,4115.7227,3723.5957,3560.604,1782.9683,3612.2554,3579.6252,3289.366,3394.9543,3737.2244,1926.3573,2911.1372,2783.7861,3160.9243,3452.6958,3469.121,3739.8323,2540.8088,3727.5547,3383.379,3321.5984,2503.3464,3129.1262,3271.3376,2991.4675,3086.5852,3341.074,1159.2797,2766.3953,2791.028,2000.6615,2926.5525,3066.7842,2126.1404,2286.9219,2648.3044
3262.8105,3316.0498,964.20276,3256.4236,3814.8604,2679.628,3183.2524,2085.5479,3059.9297,3625.9426,3514.065,3622.312,3535.9006,3172.533,2899.9875,3847.531,3613.5579,3508.8794,2754.4373,3480.7317,3521.3203,2817.6963,3350.3533,3338.2246,3098.0537,3016.8328,3055.836,4111.2104,4073.8184,3654.8828,3369.2263,3553.941,4113.5474,3736.926,3570.3906,1838.3947,3622.1743,3582.734,3294.438,3410.6682,3737.8054,1936.0142,2901.343,2800.1418,3164.8247,3451.7913,3477.1357,3751.4114,2533.369,3721.436,3383.437,3329.869,2494.1135,3128.0303,3270.2021,3009.789,3090.7637,3335.6125,1167.5847,2759.4326,2789.2678,2007.72,2919.8105,3065.2283,2134.5586,2287.5095,2649.0303
3262.5076,3307.4675,958.2665,3255.9749,3807.507,2656.3135,3180.1643,2088.7703,3056.571,3626.2102,3504.2542,3622.5452,3532.3794,3171.0947,2886.773,3846.4287,3611.6848,3505.4387,2757.3894,3475.5505,3521.2393,2815.8284,3343.2517,3344.157,3086.3662,3017.458,3053.7031,4100.644,4073.3176,3650.895,3372.0767,3573.878,4102.1187,3729.7666,3563.333,1825.3413,3620.6448,3578.4277,3286.991,3407.4558,3735.8489,1937.1873,2903.296,2795.9714,3157.9998,3447.133,3466.531,3738.1917,2528.0457,3713.8853,3375.417,3319.6694,2484.5042,3116.8633,3268.6208,3008.1548,3088.1743,3335.7026,1176.5085,2761.869,2788.341,2006.515,2916.9985,3059.5786,2138.8523,2286.686,2647.1453
3273.4946,3311.9673,979.71875,3254.4604,3806.0295,2670.545,3177.3582,2065.3286,3059.098,3616.5764,3505.6519,3621.9539,3536.0234,3166.8872,2887.7043,3843.5176,3609.5635,3505.6948,2769.7744,3473.4226,3521.309,2809.8735,3349.312,3341.9143,3076.671,3016.829,3050.1206,4107.496,4076.8782,3657.4224,3373.0896,3598.6494,4102.656,3725.4136,3559.7468,1813.615,3623.492,3580.3125,3285.814,3411.5183,3737.6604,1941.0585,2911.1333,2778.8062,3162.4116,3449.396,3468.6147,3738.1045,2542.7854,3717.7834,3375.307,3316.5647,2498.8442,3121.929,3269.2324,3002.8796,3094.9922,3332.5679,1172.4508,2766.377,2787.0703,2015.4259,2920.3403,3061.2373,2139.2834,2292.2705,2648.9858
3276.0127,3319.9788,1001.74695,3255.4868,3806.778,2670.9534,3186.5713,2082.7986,3057.4004,3611.2705,3507.936,3621.5312,3528.4326,3157.614,2886.466,3838.6353,3603.8406,3510.366,2759.627,3473.979,3516.8506,2820.7537,3345.341,3349.644,3094.3762,3017.0535,3048.842,4097.5117,4072.6475,3653.5938,3363.6946,3573.2957,4110.7065,3722.533,3571.0793,1799.8629,3628.814,3578.1575,3305.4521,3412.1333,3738.8303,1945.7856,2906.9375,2784.7244,3160.509,3450.6548,3467.417,3737.159,2533.2373,3717.607,3377.2573,3323.7056,2480.7097,3126.3147,3267.856,3021.8157,3091.584,3342.3486,1180.2133,2764.7974,2788.8728,1998.7384,2921.8657,3057.5051,2134.076,2286.4045,2642.9663
3274.5337,3314.9646,980.4531,3252.9834,3801.8132,2687.45,3185.0518,2086.9756,3056.9905,3622.1072,3514.4758,3619.588,3532.823,3164.9949,2908.26,3841.8528,3605.8796,3506.857,2762.1887,3475.639,3516.5813,2799.6257,3348.2847,3336.2617,3091.857,3020.5632,3055.444,4105.2886,4074.9583,3659.0803,3366.4844,3613.3083,4121.231,3733.33,3563.0862,1781.374,3622.0137,3578.6265,3281.6045,3411.499,3735.8372,1948.2736,2907.086,2791.0774,3169.2678,3454.2068,3475.349,3742.245,2552.9236,3725.103,3382.8127,3320.4556,2517.1033,3134.4607,3272.5215,2987.6233,3093.7114,3338.2568,1183.8523,2764.0835,2792.0242,2022.9769,2924.7317,3061.8413,2153.7764,2288.223,2640.2542
3280.1743,3315.8018,976.3456,3251.2744,3804.746,2666.4885,3187.7124,2070.1995,3055.222,3614.1155,3512.2798,3621.2488,3537.6963,3175.3638,2886.724,3844.4028,3614.781,3509.1768,2760.5325,3470.6992,3519.4216,2807.605,3339.7117,3334.379,3085.012,3018.9983,3057.2095,4103.67,4066.9604,3658.8535,3368.3708,3587.3975,4108.364,3733.02,3565.6636,1787.2115,3615.0784,3579.132,3291.6333,3406.784,3731.6504,1953.5046,2902.7573,2791.9238,3165.5,3446.5654,3469.8115,3744.6877,2535.0898,3713.6372,3377.3477,3322.5605,2508.075,3118.1233,3267.4995,2995.8213,3087.805,3331.8875,1193.0741,2757.6528,2791.2688,2012.4457,2912.758,3056.375,2139.4175,2279.019,2644.1353
3273.6108,3309.7327,993.02924,3252.2454,3802.4553,2669.7825,3192.3904,2072.9023,3055.6882,3605.8992,3506.3955,3619.0654,3530.5151,3167.435,2889.69,3843.889,3609.3687,3499.0396,2781.274,3470.9097,3514.7979,2801.2,3343.0166,3326.507,3087.3762,3015.7166,3047.8337,4089.0693,4065.863,3653.6736,3362.4695,3567.908,4098.4087,3725.2847,3557.4873,1783.1605,3623.4058,3575.0984,3276.4768,3412.212,3735.2937,1947.5664,2906.3005,2777.331,3163.8577,3444.486,3463.6597,3734.218,2540.8362,3713.6765,3374.0786,3313.1694,2502.0872,3121.7048,3264.2783,2998.5342,3092.8052,3322.1401,1181.8726,2757.4526,2781.9941,2024.3616,2916.166,3055.7168,2149.3855,2279.9915,2637.7236
3278.4055,3309.5342,996.5264,3254.2556,3804.4868,2660.029,3187.7693,2074.361,3054.972,3620.6997,3500.4897,3618.2456,3527.5618,3162.7222,2886.1172,3842.6748,3608.2507,3503.0266,2751.785,3470.3347,3513.5422,2816.3855,3338.2336,3333.7278,3092.6804,3014.867,3052.0554,4089.3328,4068.502,3652.0178,3365.805,3522.7883,4101.4663,3724.403,3562.7888,1792.8182,3617.6685,3578.5813,3288.5127,3408.6702,3737.9126,1947.7538,2904.0964,2782.0781,3158.7595,3443.7854,3467.0823,3734.6052,2526.4956,3713.586,3376.2852,3320.8499,2481.1646,3123.2495,3266.7363,3027.643,3092.3599,3339.826,1186.9165,2758.4219,2789.2686,2016.0659,2920.5913,3058.8938,2139.427,2283.8083,2645.1
3274.8376,3311.4236,983.2097,3252.0513,3804.1934,2663.927,3188.875,2093.6548,3062.802,3623.162,3510.7869,3615.822,3521.453,3157.272,2893.335,3838.5312,3603.15,3495.3464,2764.517,3466.4668,3511.871,2799.857,3332.3696,3344.065,3106.4297,3022.8499,3047.772,4095.5903,4067.674,3651.144,3362.3347,3545.3757,4110.802,3727.488,3558.5537,1786.7942,3615.5957,3580.2751,3283.0374,3401.9324,3745.044,1957.7625,2912.1458,2777.1555,3162.5852,3452.491,3469.4543,3729.0,2532.6257,3724.119,3376.9336,3313.173,2500.2454,3127.2617,3270.3923,3000.3599,3088.99,3349.1406,1172.475,2765.7454,2788.9998,2003.7952,2924.692,3061.2012,2132.7441,2285.6626,2647.6047
3269.5925,3309.836,980.9979,3257.5876,3806.3132,2668.9502,3194.9312,2082.4412,3061.3665,3626.351,3521.212,3622.0505,3532.469,3160.8765,2895.1753,3845.4553,3610.7168,3502.2734,2745.3728,3472.32,3513.449,2794.7,3341.0076,3334.766,3103.2139,3024.341,3052.8293,4112.5137,4075.5342,3653.2136,3373.6064,3570.572,4121.97,3734.8916,3565.4448,1844.488,3619.1829,3580.4683,3275.8782,3412.9885,3741.2915,1946.019,2904.963,2788.9692,3171.1062,3454.693,3475.8574,3741.5947,2548.1106,3727.4048,3386.1973,3320.5908,2513.4653,3134.3599,3272.0042,2995.1235,3096.1465,3339.703,1177.3069,2759.676,2790.2705,1998.2344,2924.6973,3065.0725,2129.928,2287.903,2642.5193
3267.4292,3303.066,948.55975,3251.4453,3805.9153,2667.3706,3189.9834,2080.6,3062.996,3632.2617,3514.94,3622.6353,3531.5195,3167.0764,2886.94,3846.7734,3616.8538,3504.3735,2764.244,3473.6726,3519.1753,2807.422,3348.0105,3337.5051,3090.1873,3023.978,3062.0254,4101.7495,4072.5076,3648.6602,3372.585,3555.9102,4105.4976,3728.3953,3564.488,1783.8218,3621.5852,3581.4285,3291.6047,3410.079,3744.7422,1952.1212,2907.0845,2786.948,3161.4253,3448.4446,3466.327,3745.8064,2534.2148,3714.693,3377.499,3324.228,2488.0227,3118.1494,3264.0747,3001.4937,3091.7139,3331.26,1194.1505,2758.5913,2775.8967,2009.726,2916.2024,3058.2002,2130.5144,2279.6868,2641.493
3263.8906,3285.1382,952.3937,3249.935,3805.1912,2657.6472,3195.784,2079.458,3062.662,3630.008,3501.5464,3619.5896,3524.3186,3161.6084,2885.073,3844.113,3609.6707,3497.335,2760.5598,3467.5942,3514.8892,2806.8647,3339.8906,3341.54,3096.9812,3020.6875,3058.5747,4090.7224,4067.8425,3640.184,3369.5486,3543.4692,4098.683,3726.7166,3561.8105,1784.3248,3617.6172,3577.489,3290.5676,3406.2417,3739.7253,1954.8611,2908.052,2795.317,3157.4446,3448.6914,3460.3567,3738.561,2533.6418,3716.4893,3377.1765,3324.0288,2488.682,3116.912,3264.3672,2998.2324,3088.5962,3330.7378,1188.4896,2757.37,2770.231,2007.282,2915.9458,3060.0168,2128.4958,2280.3337,2649.109
3265.2222,3280.659,964.39233,3256.5408,3806.028,2665.3513,3181.8362,2074.8982,3063.0254,3636.08,3503.4275,3621.4856,3522.1023,3158.3296,2880.234,3844.6055,3605.7502,3501.807,2762.5503,3471.2805,3513.576,2808.2522,3345.3118,3347.5593,3090.356,3018.2102,3059.0955,4088.231,4070.3638,3642.5476,3365.625,3531.3186,4100.0283,3726.9792,3564.3975,1802.3383,3618.0857,3578.1794,3286.8035,3407.5857,3739.8257,1951.4323,2907.8809,2793.686,3154.5923,3448.5598,3463.566,3734.823,2531.813,3718.2314,3377.0154,3319.974,2482.9263,3120.2546,3262.8298,2994.8125,3087.968,3331.3523,1179.7433,2754.336,2763.3057,1990.1296,2920.7522,3059.4475,2134.444,2281.472,2644.1865
3261.5789,3295.4148,971.4127,3250.334,3802.3037,2664.8184,3183.3557,2077.9414,3066.9722,3635.0107,3506.9548,3621.2874,3524.178,3148.9607,2881.0276,3837.6096,3603.5378,3495.967,2751.242,3465.3372,3512.9026,2804.5515,3335.5469,3336.579,3107.0928,3020.9636,3054.5347,4107.945,4075.3074,3641.3938,3362.5757,3607.0967,4106.5723,3732.978,3559.7327,1815.6671,3615.2847,3576.1638,3278.7507,3397.5493,3732.3445,1932.3583,2911.4624,2792.305,3164.0432,3456.986,3472.2805,3734.5847,2541.408,3723.05,3382.3098,3319.6614,2500.6387,3122.4336,3270.1846,2986.6223,3083.9143,3333.7312,1180.503,2759.651,2766.3296,2002.7642,2922.4863,3066.2544,2124.3496,2283.105,2647.889
3267.1897,3303.0051,947.50757,3255.6865,3812.1082,2660.7856,3185.1846,2071.2185,3062.6143,3626.8213,3507.1443,3624.5203,3534.5464,3159.961,2887.7947,3846.154,3612.7217,3508.6423,2764.7673,3471.744,3517.6633,2810.9644,3344.601,3326.4148,3089.048,3015.5774,3061.006,4110.099,4073.93,3648.3516,3368.675,3610.951,4108.6855,3732.5806,3565.6025,1828.8374,3622.2656,3572.197,3277.9155,3401.2344,3721.284,1937.8942,2904.762,2804.9167,3161.026,3449.7068,3475.1821,3735.6934,2542.2837,3720.7314,3378.8457,3326.7092,2495.3108,3118.2305,3263.9941,3003.3438,3088.4683,3319.715,1180.3136,2757.7593,2762.879,2022.9976,2916.6956,3058.8215,2115.1792,2279.9695,2647.8042
3259.278,3289.205,942.1887,3252.678,3817.4797,2653.507,3183.0015,2082.8413,3057.0981,3625.2756,3494.477,3618.7974,3527.0776,3149.643,2882.9468,3841.8215,3607.0107,3495.8953,2748.5369,3470.454,3515.7935,2796.8738,3341.5537,3327.0422,3082.5818,3015.3538,3053.4521,4100.3896,4067.2517,3642.168,3362.131,3580.153,4092.6743,3724.3691,3558.9155,1824.763,3616.527,3568.2795,3267.979,3389.026,3716.3582,1933.2994,2905.1812,2791.2769,3154.513,3444.1538,3463.162,3717.0718,2531.6545,3710.8354,3372.5454,3313.1697,2474.5269,3114.6047,3257.6423,2987.409,3079.6968,3326.3801,1161.0299,2761.4988,2755.195,1998.2504,2914.4263,3056.0793,2112.634,2276.7605,2641.837
3265.241,3279.6667,938.7822,3253.546,3814.4287,2664.098,3180.8198,2072.5122,3052.1533,3623.0864,3495.2622,3616.543,3523.8816,3155.191,2875.975,3839.4094,3606.9097,3496.7026,2751.7266,3463.1553,3514.6316,2817.549,3340.2002,3325.2483,3072.2466,3008.0498,3047.45,4093.7905,4062.078,3640.7278,3365.4834,3574.5388,4090.526,3724.474,3552.1475,1774.1984,3610.2888,3565.5723,3262.5842,3391.6028,3711.2666,1906.8076,2900.3972,2784.2651,3150.8083,3440.454,3465.0522,3722.8794,2531.6848,3714.4065,3372.8374,3315.4307,2474.2363,3114.6829,3257.452,2995.0332,3083.5034,3315.312,1185.4783,2757.7556,2753.7004,2008.6154,2914.9192,3052.1091,2122.1375,2275.0615,2641.6655
3256.506,3278.3584,934.45306,3250.4568,3815.2505,2649.323,3187.7512,2067.3867,3053.12,3617.1663,3494.4795,3612.1052,3520.6528,3143.6467,2878.1917,3836.359,3602.7183,3490.6863,2742.497,3461.1245,3513.6257,2813.8108,3333.6152,3328.1445,3080.8274,3009.8262,3041.1104,4082.17,4061.6018,3640.6868,3354.417,3535.0312,4101.118,3724.1929,3553.2288,1817.2659,3604.2517,3567.3464,3246.587,3382.348,3713.2222,1905.8948,2899.1897,2775.5703,3148.0112,3443.8843,3466.2808,3709.8833,2521.4832,3718.8855,3376.1035,3311.398,2489.981,3116.4575,3263.355,2985.8342,3075.9138,3327.692,1175.0437,2764.1096,2762.5605,1992.5824,2919.4382,3060.028,2114.0896,2278.1814,2651.5837
3264.4885,3280.8572,916.0506,3249.8994,3817.7788,2656.376,3180.5806,2076.0037,3056.0735,3621.1516,3502.1096,3617.57,3526.342,3148.2913,2887.7312,3841.2014,3606.6313,3495.1616,2764.546,3466.6707,3510.1365,2814.9543,3339.746,3290.7683,3089.7844,3011.0295,3047.7598,4100.653,4066.9333,3645.461,3362.8123,3572.0166,4100.384,3729.3628,3552.2944,1816.7185,3606.8245,3565.3804,3238.114,3391.7888,3703.4407,1906.4968,2900.829,2788.8718,3157.8997,3450.8547,3476.5273,3720.4453,2545.294,3723.4375,3379.8997,3314.713,2504.773,3123.8313,3263.904,2976.5132,3082.0,3305.1907,1201.312,2767.1096,2767.2654,2022.0161,2924.4614,3060.2183,2130.7415,2284.2793,2651.725
3258.54,3286.3264,910.39453,3253.8643,3821.2703,2640.0938,3183.5256,2075.9153,3050.8901,3626.9783,3496.6367,3619.2686,3533.0295,3152.1145,2883.982,3849.2178,3613.4448,3504.1921,2755.4895,3470.1504,3516.7947,2818.7048,3330.0469,3307.8455,3079.3833,3004.6409,3048.7405,4092.4446,4064.0925,3645.1528,3361.2708,3526.1882,4100.7236,3724.6707,3559.4365,1810.6492,3607.7036,3566.8538,3255.3516,3384.2178,3704.3455,1919.435,2896.5676,2797.3135,3149.9443,3439.3352,3471.0842,3717.503,2529.6604,3710.5032,3373.3154,3323.7876,2491.1338,3113.8633,3260.018,2993.7954,3075.5615,3316.3567,1172.5242,2767.7097,2776.376,2011.4886,2913.9749,3056.7068,2129.6606,2280.0874,2661.1323
3267.5398,3285.937,907.5797,3249.5525,3811.6736,2654.106,3183.0315,2072.9316,3054.5857,3624.3108,3493.7063,3618.8357,3528.9878,3156.042,2880.4631,3848.7085,3606.206,3497.79,2748.265,3471.8108,3512.8545,2789.2827,3331.636,3309.488,3088.8706,3004.3184,3046.546,4099.3228,4068.1216,3643.1926,3362.4592,3558.2715,4095.9329,3721.1611,3558.4172,1816.7865,3614.2476,3567.5354,3252.245,3392.6973,3714.661,1902.1908,2898.5317,2786.7954,3152.0745,3442.4246,3466.3699,3719.4688,2532.5698,3715.42,3371.8965,3316.039,2489.1934,3119.4487,3261.083,2985.8806,3079.0322,3317.5056,1182.2297,2772.74,2777.5227,2011.8412,2916.147,3057.5742,2128.4482,2286.4158,2657.729
3265.7358,3290.2957,947.8324,3250.407,3813.349,2666.2378,3182.8252,2070.5867,3054.1436,3616.8667,3496.111,3617.9517,3527.0576,3163.7002,2880.0615,3844.1533,3608.8518,3500.725,2758.3623,3473.5073,3512.7065,2808.0452,3328.2788,3317.583,3080.6191,3005.2795,3047.3518,4095.9321,4068.8335,3645.1912,3371.0159,3581.4624,4096.5635,3727.8008,3561.7441,1812.9238,3614.7446,3573.7,3270.8513,3390.008,3721.6445,1923.3025,2902.7812,2786.046,3152.844,3442.281,3471.3047,3730.4128,2534.986,3716.6812,3375.718,3324.9846,2488.9473,3120.4832,3264.3418,2997.109,3083.8508,3323.314,1173.6669,2774.0254,2783.8752,2016.8262,2921.5234,3060.5464,2133.5417,2296.5884,2660.0315
3266.0981,3299.9885,971.1262,3247.7659,3818.8677,2657.3596,3184.1362,2076.7402,3059.7004,3621.3667,3507.0679,3616.8552,3524.5518,3163.4878,2885.8828,3838.5898,3602.3171,3499.7827,2746.0344,3471.745,3510.951,2803.6814,3324.7092,3327.1743,3094.7988,3014.944,3048.3933,4094.02,4066.89,3641.124,3367.9993,3593.2253,4105.779,3731.0637,3568.3972,1787.2452,3604.0513,3576.3533,3281.098,3383.9138,3733.0623,1922.3119,2905.3184,2784.6863,3158.2217,3449.3809,3471.5476,3726.303,2546.088,3720.2344,3379.8645,3322.2156,2507.385,3130.9878,3270.9082,2989.6646,3078.7903,3339.0708,1157.5332,2778.5215,2792.326,2007.4238,2927.376,3069.0994,2128.359,2302.7063,2661.3755
3264.4146,3316.3108,950.13,3252.6023,3823.9868,2669.2446,3182.39,2070.1667,3062.1624,3627.0427,3510.3838,3621.2852,3531.2366,3169.0757,2897.259,3847.1272,3612.2979,3507.8035,2755.209,3473.6946,3510.198,2815.4392,3326.542,3314.7117,3089.7922,3018.023,3057.231,4103.4023,4069.9888,3641.4897,3373.3745,3588.5874,4108.7324,3733.01,3573.6702,1777.5144,3608.2307,3573.486,3286.155,3391.2437,3723.3674,1916.1475,2905.9077,2790.8474,3162.3452,3450.2283,3475.7947,3737.9746,2538.4146,3721.9001,3382.274,3332.0986,2502.457,3129.912,3269.5186,3016.6584,3085.053,3326.4575,1164.5231,2772.992,2795.779,2013.6663,2926.2852,3070.1685,2131.4944,2302.3442,2658.1516
3261.748,3308.12,936.95636,3255.1985,3831.5723,2656.823,3177.6025,2072.6296,3055.6235,3629.6123,3499.565,3621.2578,3530.0735,3169.0703,2894.3237,3848.9568,3613.8774,3501.437,2758.4482,3477.9722,3514.9539,2794.8909,3339.5054,3310.6453,3084.6304,3016.6965,3053.8613,4091.7542,4061.8853,3637.1,3372.7244,3539.0383,4098.0493,3727.979,3563.0493,1809.6935,3615.3538,3573.0842,3269.3948,3393.723,3726.1458,1924.668,2900.4697,2791.9492,3152.8145,3444.1814,3467.6445,3739.832,2528.2676,3712.266,3374.255,3322.299,2493.5718,3122.3965,3264.3062,2993.286,3089.6921,3327.5056,1171.929,2771.6345,2789.458,2026.9414,2922.2502,3071.4297,2131.6528,2300.6755,2661.13
3260.3901,3300.8542,949.68396,3255.7104,3827.4656,2644.1348,3182.4578,2063.8362,3053.2437,3622.5527,3496.4558,3617.9377,3527.5178,3168.5828,2881.0107,3846.3706,3609.366,3498.7258,2754.1904,3472.5627,3513.991,2810.8315,3341.2075,3310.6064,3086.5544,3015.4324,3052.8167,4090.881,4062.1765,3633.0352,3379.7722,3533.498,4096.1333,3724.504,3563.1072,1840.154,3617.1223,3571.6985,3269.1042,3394.9788,3723.8167,1924.1318,2899.229,2787.4326,3149.6587,3446.5984,3463.8044,3742.376,2537.9001,3714.2527,3374.158,3327.1453,2490.5588,3124.0322,3265.5125,3001.7917,3088.3547,3332.9531,1181.6604,2768.154,2785.4563,2005.4803,2926.585,3073.8982,2127.0098,2298.1567,2663.1353
3264.8064,3295.2712,928.57214,3255.9153,3834.237,2645.9402,3182.1252,2076.2234,3066.144,3624.9175,3500.3462,3621.4407,3529.0059,3173.1226,2877.5347,3845.3342,3609.6746,3506.532,2746.6177,3465.6775,3513.7734,2812.6426,3332.3591,3328.185,3089.773,3020.166,3054.6484,4093.3855,4065.684,3635.8418,3374.945,3560.0876,4098.0146,3727.3425,3568.499,1819.9259,3610.6216,3571.1926,3275.823,3377.9814,3724.3127,1912.892,2912.2898,2788.044,3149.377,3455.6643,3468.2422,3743.6707,2521.7288,3716.4172,3379.0996,3327.712,2473.7036,3121.1824,3266.1006,3002.253,3085.0344,3340.2786,1172.4944,2775.1729,2785.2673,2005.8676,2929.1252,3072.0442,2125.7798,2294.7876,2664.0757
3260.189,3293.6262,916.5133,3252.6274,3824.4292,2648.9917,3177.14,2061.9778,3068.0898,3630.6367,3504.4587,3618.4863,3527.6882,3174.973,2878.2043,3839.3037,3605.4434,3496.426,2749.9114,3458.9468,3511.4668,2819.735,3324.8735,3322.8958,3086.5686,3015.9539,3059.7222,4098.532,4067.571,3635.2617,3379.6208,3600.2139,4094.111,3730.4978,3560.8894,1818.3368,3602.3667,3568.2285,3264.7966,3372.729,3722.651,1923.3864,2912.0564,2785.8406,3153.9197,3457.0308,3470.3303,3754.802,2524.407,3720.9875,3382.0076,3328.5217,2492.502,3122.3157,3269.0098,3001.7336,3076.9849,3335.4397,1168.0114,2777.1125,2781.4817,2003.4536,2928.34,3075.0154,2111.8499,2293.2202,2663.0571
3254.019,3298.1511,908.50903,3252.0605,3827.561,2638.8264,3173.1526,2071.5107,3064.6958,3634.9702,3507.4102,3622.8481,3532.5425,3172.3176,2885.333,3839.4382,3608.6206,3502.0942,2743.8848,3463.4832,3509.2603,2815.262,3329.881,3319.739,3094.0193,3017.4304,3062.2593,4097.596,4064.3193,3635.3818,3374.7212,3587.7856,4101.608,3727.6016,3572.4626,1803.8605,3609.359,3569.5088,3269.6807,3376.8684,3720.0195,1921.3217,2907.5796,2796.1082,3155.0386,3456.6978,3474.9595,3747.9197,2526.2224,3717.2117,3382.1643,3332.0405,2489.587,3123.615,3264.6116,3005.5242,3078.331,3336.686,1167.8136,2774.233,2781.6443,2018.6145,2928.2183,3071.3164,2125.5967,2291.629,2659.3032
3256.9565,3281.5745,918.6115,3253.346,3822.5828,2639.599,3164.5808,2068.523,3055.7908,3635.1821,3497.2856,3622.1528,3530.6548,3180.225,2885.7725,3848.4102,3616.3928,3504.704,2760.005,3469.2192,3514.9983,2818.0051,3340.5786,3305.67,3084.5356,3013.0938,3061.7122,4094.904,4062.882,3635.0576,3383.372,3572.2983,4091.2803,3730.951,3567.8853,1797.2341,3615.5679,3569.8901,3257.676,3386.1611,3712.6316,1917.3125,2905.509,2792.8386,3150.1833,3450.1099,3466.381,3753.053,2528.69,3713.6,3379.6423,3332.229,2483.6294,3117.347,3261.5786,3004.729,3083.0615,3323.4128,1182.1742,2769.201,2771.6328,2019.0012,2922.2349,3066.7654,2145.1692,2292.283,2666.5276
3255.7349,3279.591,917.6771,3260.7034,3823.4133,2647.4373,3175.2424,2072.2432,3064.3062,3645.5835,3498.3286,3621.901,3530.4707,3179.4111,2888.9524,3847.0347,3611.1414,3504.8247,2769.6902,3470.7625,3508.7732,2791.7688,3344.426,3300.1665,3091.3213,3017.4995,3062.775,4090.3845,4065.6636,3636.116,3378.7688,3533.3418,4096.9565,3729.5334,3565.1272,1802.7153,3626.7488,3566.0562,3242.3562,3389.8262,3711.4294,1939.7605,2906.7063,2797.7158,3150.7266,3452.64,3468.7085,3744.7288,2533.8606,3715.8489,3380.691,3323.04,2496.105,3123.6787,3260.5645,2980.5933,3079.7139,3316.092,1180.1158,2768.8787,2757.4312,2013.5972,2924.3423,3070.4326,2136.7021,2288.1206,2653.4082
3249.5298,3274.8794,935.7272,3262.1628,3831.0432,2643.3333,3171.075,2064.239,3064.3083,3645.9258,3489.9954,3623.117,3527.513,3192.946,2883.3577,3848.431,3613.4893,3510.0103,2753.045,3468.1428,3507.159,2805.1064,3334.7827,3298.6775,3084.7375,3015.788,3068.1917,4091.9238,4069.9578,3638.4634,3388.2083,3540.1948,4097.3286,3728.293,3569.4248,1823.3372,3622.0908,3567.4155,3245.103,3388.0264,3705.1748,1925.7611,2909.88,2808.2488,3146.5913,3458.9624,3471.472,3756.0664,2527.4285,3718.1663,3384.666,3335.1638,2487.5718,3122.6692,3263.455,2995.4233,3085.334,3325.9124,1180.601,2775.5747,2756.8513,2025.7592,2925.6646,3078.6807,2140.939,2294.2754,2663.3918
3247.9038,3275.745,910.94977,3260.7212,3825.7173,2630.4556,3166.2693,2079.5652,3082.5198,3656.6973,3499.0513,3627.3994,3526.5962,3199.2258,2880.0264,3846.5486,3612.444,3515.2644,2755.626,3460.924,3503.3044,2818.68,3319.273,3324.279,3090.6973,3026.7834,3067.5994,4097.131,4072.2688,3641.9612,3391.2046,3544.0781,4101.011,3734.427,3580.091,1806.5042,3615.2544,3569.3528,3266.3906,3370.6267,3707.7388,1931.7622,2924.451,2813.817,3143.5715,3464.3376,3475.3655,3765.9084,2529.7954,3723.5515,3386.3933,3344.2615,2484.6562,3125.0994,3263.637,3013.0845,3074.2437,3335.9788,1171.4541,2774.111,2753.9268,1998.3859,2928.7935,3079.5295,2128.663,2289.2085,2653.9438
3242.561,3275.0437,902.2441,3261.7976,3824.0625,2631.2622,3169.0962,2046.9463,3089.17,3659.834,3501.002,3626.68,3529.26,3196.1821,2884.919,3845.1514,3611.6772,3509.5608,2746.7373,3458.7734,3501.9954,2821.09,3310.7678,3318.7307,3073.0076,3026.3496,3080.489,4104.4775,4082.0742,3650.5593,3395.1072,3606.2507,4102.4985,3737.5469,3576.7036,1845.1522,3610.6895,3568.3123,3251.0664,3365.6028,3699.2607,1894.2644,2926.8042,2826.985,3144.6902,3469.256,3479.887,3776.9521,2535.4434,3726.2258,3389.2493,3345.0967,2486.5093,3121.2683,3266.114,3012.7788,3072.3713,3340.158,1178.8494,2765.9397,2750.6665,2005.5555,2925.028,3082.8838,2124.5679,2289.0254,2659.5554
3240.1333,3273.7883,883.3756,3267.2559,3828.857,2618.3896,3158.8823,2066.4119,3100.5063,3670.3923,3501.9724,3631.2126,3534.732,3204.557,2879.3748,3849.6443,3621.0789,3512.7397,2746.6392,3457.443,3502.1072,2811.0798,3308.2927,3316.2366,3082.6812,3033.6787,3092.909,4107.9023,4087.647,3654.213,3392.7178,3596.34,4098.9775,3731.497,3582.474,1792.1003,3620.326,3565.3167,3257.2998,3363.39,3691.3372,1896.8551,2930.4036,2845.6191,3141.912,3468.0142,3477.3894,3773.2405,2525.2104,3720.3533,3385.5464,3342.2834,2471.612,3113.2366,3257.6396,3000.093,3069.328,3337.424,1186.5945,2765.1387,2743.7056,2018.7407,2925.468,3076.3225,2129.1213,2286.0195,2655.6704
3237.8037,3260.8232,867.1282,3257.9836,3830.2222,2616.4045,3154.7578,2028.6301,3091.231,3673.6592,3487.9104,3624.682,3527.4666,3208.152,2870.0723,3844.7688,3619.9248,3512.0776,2739.9,3459.2751,3504.5688,2830.6816,3308.9883,3312.47,3061.1582,3033.9956,3103.7798,4084.866,4084.6997,3654.6094,3402.8555,3577.4426,4095.5977,3738.8462,3580.9678,1765.5801,3620.1143,3570.6758,3252.1912,3366.6355,3693.959,1864.4738,2926.025,2852.83,3130.4253,3465.5896,3475.0068,3777.0938,2506.7961,3711.6138,3386.9836,3338.7449,2460.048,3116.9548,3262.9045,3009.4338,3070.079,3337.2703,1178.5647,2749.4976,2739.545,2011.0667,2920.6814,3080.8599,2145.3293,2300.875,2656.5864
3235.9697,3274.7542,836.9339,3254.6382,3828.956,2607.258,3154.8223,2028.8124,3089.7996,3675.3271,3480.9482,3621.991,3525.491,3206.8926,2869.0378,3839.9302,3617.1118,3509.9766,2731.6406,3458.3394,3501.3289,2809.7744,3310.2217,3306.2546,3067.6675,3034.0256,3101.1492,4083.861,4082.9456,3649.3174,3404.1794,3547.7031,4095.3384,3736.1797,3580.8135,1821.7421,3613.7283,3567.3833,3245.0498,3360.9045,3691.496,1868.5427,2923.748,2858.02,3125.599,3464.3972,3474.3184,3779.7268,2512.0542,3710.5498,3386.162,3347.4863,2458.8665,3114.967,3262.5552,3009.7478,3069.6753,3344.6318,1184.1178,2750.826,2744.5232,1997.4772,2921.252,3081.8496,2140.2827,2304.8408,2665.7764
3239.6008,3273.3926,821.9405,3257.5068,3836.094,2610.231,3157.235,2039.1296,3085.3247,3676.7842,3482.1597,3623.3386,3529.5208,3213.2642,2865.1821,3837.9673,3617.9138,3527.615,2723.3262,3450.647,3499.8904,2832.2288,3307.0679,3318.6677,3073.9285,3028.4236,3097.5916,4074.3145,4084.0547,3650.513,3409.8809,3535.249,4097.1733,3739.1807,3595.3584,1810.4933,3609.654,3569.9465,3247.257,3349.1812,3690.5283,1860.9183,2920.3547,2844.901,3121.3901,3466.9521,3477.2363,3799.0193,2506.6565,3715.9668,3390.9485,3363.2542,2442.6167,3114.9253,3266.5095,3013.223,3062.9167,3343.9082,1172.6152,2749.2769,2747.778,2000.0938,2924.3389,3087.2375,2131.427,2303.4934,2677.1033
3243.7156,3279.6335,845.3771,3262.3882,3837.2207,2622.6594,3160.273,2026.59,3089.2407,3664.1873,3479.0232,3622.7458,3526.5679,3208.389,2864.472,3838.2822,3620.252,3525.5608,2727.029,3452.2383,3494.0273,2826.5037,3305.0881,3308.2495,3065.7446,3027.253,3096.4897,4084.2317,4078.8071,3643.5134,3410.821,3552.8513,4089.7656,3739.194,3594.3052,1811.941,3606.1663,3562.52,3241.835,3352.3152,3683.1016,1835.643,2920.556,2834.991,3119.7778,3466.2107,3477.614,3795.723,2513.7498,3715.1233,3394.2585,3360.931,2453.4119,3117.949,3262.402,3007.471,3062.507,3333.2795,1175.8528,2748.9084,2747.01,1999.8639,2922.6992,3084.6877,2130.3152,2305.8162,2667.6274
3240.0535,3283.9727,848.8067,3256.6323,3838.2979,2626.126,3165.154,2018.324,3082.2175,3660.1938,3476.3647,3618.6118,3527.728,3210.36,2863.429,3835.9243,3623.8237,3511.0312,2716.7515,3453.7698,3493.6875,2822.9187,3296.3677,3305.1504,3053.068,3028.6067,3096.4414,4081.6533,4072.765,3640.1804,3409.9556,3575.1445,4077.5286,3733.7812,3581.724,1809.7787,3606.115,3560.2886,3232.6316,3341.117,3682.6228,1850.2489,2920.723,2837.6365,3120.121,3458.8628,3476.523,3791.01,2503.572,3708.9512,3388.4634,3360.3633,2446.8652,3109.7024,3261.2378,3014.573,3059.9546,3329.6313,1170.0929,2751.5403,2749.969,1997.3992,2918.1287,3087.2844,2138.201,2307.5032,2674.9111
3239.7632,3280.8594,843.7481,3263.774,3849.9978,2630.698,3161.6763,2028.694,3087.0151,3666.6587,3475.9968,3618.0376,3529.1584,3211.5164,2864.6692,3836.213,3618.257,3517.7117,2733.7068,3458.5261,3493.6467,2811.4585,3299.11,3300.979,3064.2473,3030.0466,3098.1707,4086.9373,4073.4282,3645.2705,3407.8357,3549.5327,4078.6658,3729.7852,3587.2183,1769.9141,3609.23,3559.4182,3232.7354,3349.7915,3687.1836,1855.086,2922.5706,2846.201,3123.143,3460.408,3483.5476,3794.263,2504.4998,3710.8955,3391.3347,3360.1711,2449.8523,3117.3132,3261.7695,3002.846,3061.5496,3331.883,1173.5658,2756.7136,2754.1987,2017.0892,2927.795,3094.4055,2143.0583,2321.8916,2680.1267
3253.325,3310.995,834.8018,3270.4746,3860.447,2634.226,3177.5332,2036.4862,3085.2175,3663.8394,3473.4165,3617.1443,3526.864,3215.89,2863.2915,3834.6787,3621.2583,3524.9243,2721.3494,3461.2285,3495.962,2836.1272,3300.2515,3315.7942,3067.3838,3030.083,3092.1353,4073.3574,4074.3506,3646.6453,3413.0886,3524.1162,4076.7778,3729.6416,3591.1501,1820.8401,3605.6821,3558.653,3239.5576,3345.6116,3690.8733,1859.3055,2914.6416,2848.8918,3113.2842,3460.2996,3485.1526,3804.9731,2496.7458,3708.815,3392.9016,3370.4414,2439.146,3118.991,3264.3113,3028.4011,3062.734,3344.8796,1183.7277,2755.9456,2761.442,1990.6758,2925.8616,3095.0095,2139.0303,2326.907,2684.9712
3261.4019,3318.5203,849.6919,3279.126,3865.3708,2637.8252,3167.3713,2054.2212,3089.1458,3669.6826,3478.293,3624.214,3535.5867,3231.289,2871.1318,3838.4387,3628.2886,3540.8704,2735.2937,3464.2358,3501.9604,2829.6006,3311.6885,3316.1199,3077.8909,3033.8047,3099.7866,4080.5298,4083.4004,3660.4304,3431.9397,3516.742,4077.8691,3745.7493,3608.2566,1800.5134,3615.0276,3569.978,3247.8154,3357.3237,3698.9514,1864.2452,2922.8467,2851.6018,3119.0825,3468.1687,3490.024,3825.9734,2502.8442,3716.8923,3397.188,3385.0354,2452.1619,3125.0706,3270.8398,3019.386,3069.9734,3340.524,1162.323,2761.4019,2767.24,2007.8835,2935.8333,3102.0286,2149.1392,2335.205,2683.1184
3257.1726,3317.1018,822.47156,3280.712,3868.0508,2630.6177,3178.7856,2026.8864,3087.6936,3670.955,3485.2822,3624.025,3536.606,3226.6987,2863.9795,3838.71,3627.2917,3539.1455,2734.7834,3461.2585,3500.2524,2839.9126,3312.1963,3320.011,3062.8704,3038.8564,3099.2979,4081.6436,4091.2727,3661.7332,3433.6863,3507.8342,4076.7837,3743.079,3604.4548,1816.6932,3605.5032,3566.8433,3250.0422,3352.399,3700.924,1850.7759,2921.841,2845.9956,3122.457,3473.026,3490.6604,3824.793,2504.3455,3716.6353,3401.338,3385.2598,2458.0667,3125.3333,3269.8086,3022.9153,3066.032,3337.2239,1170.6935,2762.7944,2765.827,2007.736,2933.2227,3105.8564,2133.5173,2333.4714,2686.14
3263.114,3321.6843,829.73804,3284.6284,3873.3967,2639.351,3173.915,2048.9915,3097.308,3670.1462,3483.9246,3625.819,3535.4644,3223.6602,2874.8699,3843.46,3626.5981,3540.3853,2735.259,3469.399,3500.6611,2822.819,3314.7358,3320.1138,3075.0469,3049.5632,3100.7068,4086.7227,4087.8467,3657.6187,3436.421,3536.1284,4083.9229,3740.3633,3612.453,1799.5106,3615.9338,3564.9346,3255.5518,3362.4717,3705.8452,1861.7421,2924.7732,2857.6506,3117.3413,3473.9666,3492.4617,3822.2058,2503.5435,3719.6785,3400.5176,3387.4028,2457.7068,3126.484,3268.3684,3015.7664,3065.6855,3344.6995,1184.3492,2767.653,2772.2805,2016.2238,2936.4346,3102.1277,2149.6702,2339.5632,2684.5671
3274.1597,3345.464,838.0333,3287.912,3880.2722,2652.799,3176.7812,2027.5531,3102.0046,3669.8901,3491.2698,3633.3923,3546.219,3237.845,2877.4844,3847.5288,3634.877,3548.8164,2736.0522,3470.4087,3511.589,2844.971,3314.495,3327.5732,3074.0225,3052.9607,3103.7273,4097.185,4096.3066,3664.5098,3446.5547,3568.6743,4080.5437,3745.2566,3614.1724,1799.7407,3612.3657,3573.3474,3264.7717,3354.752,3715.121,1869.3489,2931.7095,2857.0857,3128.1738,3474.606,3495.1355,3840.6584,2502.2432,3714.7256,3398.5405,3393.4946,2456.0334,3121.4026,3271.5156,3028.6182,3071.1208,3353.8127,1200.6163,2776.324,2776.4883,2021.7487,2936.6768,3108.9143,2175.6294,2344.603,2694.6704
3282.8215,3355.075,839.6945,3288.5078,3889.9553,2649.2185,3167.389,2057.3096,3116.9822,3685.618,3485.5808,3642.338,3555.3726,3248.1165,2884.5957,3850.6362,3637.7964,3563.1152,2741.7603,3471.1504,3518.4707,2834.176,3329.8943,3334.5466,3089.1572,3063.4294,3114.2346,4090.3398,4107.0107,3669.033,3451.8206,3542.6055,4084.5728,3748.2542,3619.4233,1819.6499,3618.5193,3577.7585,3274.6128,3367.1401,3722.0137,1880.6494,2933.1038,2863.781,3122.7605,3477.4531,3498.9707,3844.1567,2502.0483,3714.2769,3401.1382,3390.2053,2457.6348,3126.7107,3275.165,3016.7634,3074.9575,3361.927,1194.2097,2780.4177,2785.363,2018.2826,2943.5125,3113.1501,2170.0918,2357.7805,2684.7085
3274.3445,3358.6895,810.4614,3284.366,3884.1626,2636.7878,3167.0757,2034.0789,3110.764,3688.6338,3478.811,3637.484,3544.552,3237.2883,2871.9495,3843.448,3631.1704,3551.1875,2720.9736,3474.8872,3517.7935,2853.5928,3324.3796,3339.6333,3083.397,3071.284,3113.6191,4085.394,4107.1245,3669.2344,3457.1885,3537.187,4090.6848,3744.5383,3619.6204,1848.288,3616.096,3581.5315,3284.5542,3360.7253,3725.9094,1883.9526,2939.5654,2880.8503,3125.319,3488.7559,3503.3975,3861.3237,2502.271,3717.2666,3402.8804,3400.6438,2455.6794,3130.3857,3280.9563,3043.1277,3076.7856,3372.4463,1187.8175,2792.8804,2798.5283,1995.2448,2942.1768,3114.506,2154.5642,2358.3298,2704.0972
3287.3472,3365.1697,847.0428,3293.8855,3883.3445,2667.0525,3182.1277,2075.7888,3125.037,3692.7725,3493.7832,3639.0688,3546.1519,3241.9138,2882.378,3847.8687,3627.4878,3552.6375,2740.1084,3475.9768,3514.7866,2848.606,3327.2793,3355.8003,3114.4812,3080.065,3118.1973,4097.1216,4112.0576,3672.76,3461.079,3528.3386,4097.9946,3742.8655,3621.0674,1837.9542,3617.6423,3578.4685,3303.6575,3369.13,3731.3442,1890.4657,2951.1147,2888.1843,3149.0974,3499.5256,3511.0918,3872.1814,2522.8667,3727.069,3404.3682,3401.359,2478.4536,3136.3232,3281.1663,3047.1304,3076.4026,3368.3337,1196.8982,2803.9358,2803.8123,2003.1321,2947.6294,3110.9421,2146.9163,2348.1343,2691.65
3279.192,3356.2908,851.98065,3286.6292,3879.6113,2652.3303,3176.2563,2055.5251,3124.7856,3697.529,3493.8154,3645.413,3543.248,3234.347,2888.4253,3844.8586,3626.1792,3546.8738,2750.977,3477.122,3513.2744,2859.57,3323.684,3342.4275,3104.0266,3080.7722,3121.6335,4091.462,4109.777,3669.614,3461.959,3548.123,4103.7886,3747.9727,3615.638,1834.6178,3607.7954,3581.934,3309.4185,3356.474,3727.741,1893.1572,2949.5703,2892.3237,3137.0562,3501.8748,3510.3772,3873.5066,2530.5027,3731.1,3406.2322,3403.3516,2497.0579,3142.857,3286.535,3055.3877,3078.6902,3365.772,1203.9067,2800.5535,2808.1382,2003.1473,2945.4077,3114.9092,2159.0435,2348.3857,2705.9077
3287.7146,3361.8638,834.81885,3298.823,3890.7527,2679.5657,3170.9465,2085.5989,3133.313,3702.7722,3506.4458,3654.0374,3558.4976,3253.3635,2912.059,3866.7537,3644.5857,3565.0354,2764.6626,3488.518,3520.0608,2821.8103,3334.8228,3343.1711,3121.849,3090.2937,3129.0303,4122.1724,4110.4287,3677.1587,3460.675,3602.2778,4105.9033,3758.7095,3632.3088,1877.8595,3623.2988,3584.704,3305.726,3374.8838,3729.228,1906.9589,2955.9485,2900.9631,3148.0364,3501.3237,3512.6602,3867.1965,2541.155,3734.191,3404.991,3398.1196,2518.2314,3140.5044,3280.3838,3043.6262,3081.6104,3361.909,1201.6111,2804.89,2802.5557,2022.5892,2945.6157,3110.3877,2146.6582,2347.5977,2687.2104
3284.9766,3363.638,868.84644,3295.033,3896.1868,2669.2075,3174.4656,2054.3962,3129.167,3694.3123,3507.7534,3651.1965,3558.1763,3251.9668,2905.5874,3870.388,3647.0308,3566.6096,2773.581,3494.9937,3525.7854,2852.6362,3332.811,3342.3904,3092.3748,3077.6875,3128.325,4122.299,4107.026,3675.4675,3462.8215,3611.878,4102.1655,3756.4458,3627.6704,1852.4242,3628.0437,3592.4944,3320.5767,3372.0642,3732.2292,1899.3353,2952.6104,2906.995,3147.772,3492.4517,3504.8586,3872.961,2524.2266,3721.097,3397.2598,3407.187,2487.2754,3130.7048,3277.5762,3069.5425,3093.0837,3373.9417,1201.4396,2811.418,2802.1848,2008.0474,2941.1826,3110.9617,2163.931,2343.7925,2697.1924
3288.249,3358.3313,896.65,3299.5571,3890.5774,2684.5815,3158.852,2090.1516,3138.0134,3699.749,3506.221,3654.7903,3552.4587,3258.6602,2905.9856,3869.9397,3636.138,3552.279,2770.3774,3497.3826,3514.9514,2786.343,3345.7,3337.418,3123.2,3085.1929,3131.0566,4118.938,4108.7686,3676.1875,3455.5269,3588.0554,4117.2124,3750.404,3617.2922,1811.6581,3638.8142,3579.3872,3295.0889,3392.717,3734.3257,1919.7382,2959.6365,2912.3003,3149.8552,3495.1694,3498.7554,3864.452,2529.6204,3723.7214,3392.814,3384.7402,2498.6233,3141.1008,3268.991,3031.5208,3098.135,3367.7722,1203.603,2816.7168,2791.901,2021.6218,2946.3743,3102.583,2158.885,2350.6794,2672.637
3267.827,3350.3364,892.0692,3280.561,3878.2622,2655.098,3173.4204,2034.5399,3120.3215,3699.6626,3509.1836,3642.5154,3539.398,3236.9172,2878.0066,3854.001,3620.4534,3541.6836,2757.0776,3481.5852,3511.4224,2857.8628,3316.4927,3343.2822,3079.9124,3071.0198,3118.6929,4101.7305,4102.9717,3675.053,3450.0151,3583.9636,4114.7695,3747.4436,3610.7407,1830.8381,3618.7188,3589.645,3313.0283,3363.2173,3733.3843,1897.6536,2949.769,2885.5933,3149.0117,3497.1936,3504.9302,3879.0083,2510.2024,3721.361,3397.1287,3398.4844,2479.0403,3134.338,3283.6133,3070.902,3096.0503,3394.7947,1204.13,2806.4082,2802.4802,1985.3522,2938.1865,3112.907,2148.1091,2354.1904,2705.9946
3275.3857,3357.25,1000.8212,3296.0056,3875.2603,2721.4905,3182.7798,2106.5183,3134.0254,3689.4402,3536.245,3650.9631,3541.051,3223.6365,2921.1245,3863.9087,3619.967,3534.1738,2772.1667,3496.1982,3510.769,2757.9998,3354.139,3357.7085,3140.933,3075.5425,3110.6306,4138.577,4106.463,3668.347,3425.966,3594.5984,4145.6772,3756.2168,3608.897,1779.7222,3634.9626,3581.6504,3294.7737,3396.1172,3738.3298,1914.7152,2957.2166,2892.7751,3180.8926,3516.7017,3510.9243,3853.864,2577.732,3751.5117,3403.8584,3370.3914,2566.3018,3158.1633,3280.5054,2974.8748,3098.6277,3363.4885,1187.4745,2806.6272,2796.1724,2022.6688,2945.5967,3105.0999,2136.2847,2332.6438,2657.203
3286.7776,3386.7373,1131.003,3302.6653,3903.517,2729.1147,3282.4497,2019.4357,3096.5193,3652.4626,3617.1401,3654.1243,3550.004,3240.1155,2946.059,3870.611,3634.6235,3568.8284,2792.7783,3519.443,3561.0745,2953.203,3340.9355,3463.7039,3003.759,3033.4895,3088.3867,4200.17,4098.578,3673.1719,3444.4634,3707.7693,4135.4536,3752.6248,3629.858,1868.5619,3597.727,3586.909,3437.857,3343.5708,3726.7495,1854.3811,2940.7522,2827.0193,3225.263,3491.9175,3501.624,3856.6174,2537.705,3706.9792,3395.623,3418.9424,2443.8037,3126.9995,3283.2078,3176.5115,3066.451,3401.2239,1192.5203,2803.5593,2793.3413,1822.987,2895.4932,3124.4658,2090.7058,2261.0996,2655.5942
3278.6787,3362.0488,1187.2373,3288.8792,3890.8137,2735.304,3291.503,1967.0981,3071.6365,3628.9697,3606.93,3638.8503,3532.2297,3232.0327,2912.0044,3845.7554,3614.8599,3545.061,2715.692,3496.6082,3560.2236,2960.9753,3350.1096,3539.2837,3018.1953,3022.872,3068.6904,4170.4595,4082.271,3666.646,3423.4893,3701.7258,4114.7593,3748.4023,3608.5007,1823.7657,3575.7507,3586.612,3418.1902,3328.8394,3798.6782,1856.8123,2940.4854,2805.879,3222.999,3486.475,3499.7065,3860.1045,2528.3503,3699.5403,3391.7366,3408.3728,2464.914,3134.7268,3308.2598,3135.915,3088.0974,3462.0845,1193.145,2791.2942,2794.159,1803.1212,2889.3684,3134.5994,1996.8916,2251.315,2668.2957
3286.2205,3373.0845,1181.0977,3307.8193,3888.0625,2814.743,3230.7327,2094.6604,3099.7358,3656.6917,3547.681,3647.7708,3541.8948,3221.3042,2979.3171,3873.6672,3623.302,3540.9724,2819.589,3523.2285,3543.1033,2797.7844,3424.087,3441.7563,3106.9404,3034.6772,3081.1833,4161.898,4092.2358,3667.3218,3429.4153,3667.6724,4149.504,3770.926,3611.8118,1846.7772,3656.3757,3600.4038,3319.1072,3438.222,3767.001,1971.0504,2929.8286,2846.613,3222.3298,3499.3306,3504.7559,3835.3552,2625.7903,3755.9973,3411.8499,3372.039,2609.1943,3180.707,3291.4456,3049.699,3126.3428,3386.7485,1190.1357,2792.2515,2788.9224,1986.009,2932.5032,3112.8782,2106.6917,2290.3965,2600.0361
3279.7117,3399.2024,1117.4583,3298.6194,3901.846,2760.537,3241.3213,2042.822,3078.9163,3642.7092,3537.809,3646.745,3547.1724,3220.2068,2939.594,3870.4065,3624.072,3537.4917,2796.044,3513.2827,3555.1252,2860.678,3384.2886,3465.4702,3053.9507,3022.0632,3073.4048,4143.8677,4095.227,3669.8774,3433.9724,3682.7866,4144.438,3756.3147,3613.046,1857.2573,3627.0562,3605.6113,3348.5579,3385.4382,3772.7197,1932.8141,2916.5015,2840.9426,3209.4043,3486.4487,3501.2722,3858.6377,2577.807,3733.3953,3401.3264,3392.3955,2562.996,3160.4197,3295.7,3078.2876,3107.4883,3421.6123,1196.2324,2798.251,2814.0254,1914.3776,2922.853,3125.592,2093.2898,2297.86,2645.7063
3277.0962,3373.9155,1070.4092,3289.1208,3892.5417,2745.2493,3199.476,2128.0625,3086.2463,3650.0112,3532.1492,3648.051,3541.2512,3232.7903,2966.6477,3867.848,3627.6157,3557.84,2793.3867,3509.7007,3534.1792,2803.9077,3397.4568,3402.4998,3113.918,3037.5376,3079.4165,4158.8745,4109.582,3676.6912,3452.8262,3709.2976,4153.368,3767.449,3634.2427,1867.9318,3651.5022,3592.0989,3340.6123,3425.6526,3762.2876,1986.6403,2922.9805,2834.5393,3213.644,3489.9253,3509.027,3855.1453,2598.2026,3741.56,3405.447,3386.7197,2544.194,3164.3096,3282.5513,3065.84,3111.928,3375.1301,1215.5626,2814.5222,2811.6028,1983.5934,2948.3545,3118.5518,2117.6965,2312.878,2628.1816
3250.535,3363.7922,940.2578,3270.7065,3874.9734,2708.2083,3195.205,2070.9128,3083.438,3636.239,3499.7485,3640.5913,3539.2917,3230.919,2901.7654,3845.3486,3619.1584,3531.9343,2729.1814,3466.0312,3526.575,2882.3208,3343.9812,3440.3816,3103.546,3045.3118,3084.8562,4118.8257,4101.742,3671.9832,3429.6052,3679.925,4142.073,3764.5476,3602.0034,1779.1829,3608.6504,3587.8555,3342.8774,3353.5146,3751.24,1919.3118,2931.1807,2852.0925,3170.939,3493.0134,3504.4568,3845.4976,2531.6746,3737.84,3404.2493,3364.6023,2517.534,3137.9326,3276.3367,3073.9058,3043.7568,3367.4915,1209.3898,2788.2727,2808.2688,1951.8622,2926.6785,3115.4104,2028.1241,2283.5417,2635.6975
3240.5952,3351.3691,992.07666,3283.9465,3869.4763,2758.9878,3226.2068,2162.339,3062.987,3634.6729,3470.8247,3635.5603,3543.9473,3213.4949,2917.327,3859.7078,3625.742,3534.1938,2755.4873,3487.2104,3526.602,2828.3203,3398.792,3390.6514,3107.5898,3031.5728,3079.245,4127.585,4087.8447,3659.7664,3425.0525,3625.0835,4136.538,3757.0637,3603.7637,1744.3049,3626.1458,3572.847,3292.3723,3390.375,3723.6016,1972.1503,2918.1018,2861.2488,3178.2393,3481.6863,3490.9592,3835.4058,2575.934,3731.407,3391.03,3353.305,2571.8926,3138.8745,3252.3264,3012.552,3041.0557,3276.8054,1207.3125,2781.7593,2796.705,1956.3094,2915.8594,3093.6748,2047.5626,2241.5823,2551.7068
3225.5583,3302.949,1056.6467,3258.613,3847.9111,2695.6633,3213.6267,2110.3691,3042.1797,3581.7776,3495.5947,3628.0337,3538.3909,3206.624,2900.8936,3850.7966,3617.0642,3515.6003,2729.72,3477.002,3532.303,2854.4343,3348.5813,3447.292,3062.849,3016.412,3057.4785,4112.8623,4073.0764,3649.6465,3402.847,3617.8538,4113.105,3736.8057,3575.9446,1827.6448,3614.4888,3582.3042,3311.7888,3367.0232,3725.9111,1919.059,2918.4172,2815.9941,3185.8098,3469.2275,3480.6357,3796.3757,2537.392,3712.85,3378.6257,3344.9236,2514.5356,3115.4717,3256.193,3063.342,3046.803,3345.2058,1188.8809,2796.7397,2813.777,1875.5231,2907.643,3091.3943,2060.2708,2238.8323,2595.0117
3219.2183,3275.6035,952.7677,3236.5056,3821.357,2655.703,3166.0186,2079.5718,3046.5671,3572.8464,3487.2847,3621.9873,3526.3818,3207.6135,2870.0208,3841.8137,3614.5852,3498.0588,2716.2468,3456.854,3511.951,2801.623,3329.187,3386.854,3075.1978,3009.3916,3043.3027,4118.4272,4067.6501,3644.7625,3383.9797,3633.5166,4106.713,3741.6243,3570.456,1752.3452,3613.9072,3568.795,3277.1707,3348.763,3703.0222,1891.608,2915.3328,2812.4033,3160.2131,3464.1604,3483.2366,3793.2415,2527.24,3718.3066,3383.5085,3334.6106,2522.6465,3120.217,3254.5618,3006.014,3045.1995,3321.7568,1183.2383,2796.2158,2802.2017,1945.7373,2915.3213,3088.72,2031.1421,2251.979,2626.1494
3197.1497,3247.1804,932.3041,3214.5635,3799.2344,2647.003,3149.7214,2082.8872,3029.758,3571.097,3464.864,3608.116,3509.7136,3188.8962,2865.33,3824.9873,3598.4197,3478.1516,2714.0176,3446.4768,3490.3965,2833.9526,3325.2825,3369.469,3078.5225,2993.0173,3036.674,4085.1758,4058.2805,3627.3171,3369.4526,3608.4546,4091.4724,3728.2634,3536.4915,1752.8812,3604.0361,3550.2239,3256.336,3351.055,3701.9897,1893.8295,2906.3203,2787.4387,3139.6567,3458.3662,3474.672,3775.4036,2504.4612,3709.0083,3380.1272,3318.275,2484.7676,3122.084,3251.3235,3052.2444,3032.5193,3309.988,1191.0583,2776.3542,2785.4436,1928.7954,2899.8071,3082.315,2022.297,2243.887,2625.037
3195.5188,3243.924,984.5674,3203.9502,3792.4185,2635.0308,3146.8486,2070.0933,3028.2607,3565.659,3486.0557,3604.213,3509.8635,3168.947,2871.6519,3821.28,3595.7424,3474.0776,2716.4707,3442.7861,3490.3252,2809.733,3308.353,3355.3025,3065.568,2989.073,3025.6704,4087.5798,4043.5278,3620.5576,3352.0623,3626.6638,4098.887,3724.7795,3528.3162,1750.3215,3592.7576,3552.0134,3250.5457,3339.2708,3683.2258,1886.1412,2905.6072,2778.6313,3145.4326,3449.681,3476.2117,3757.3992,2521.074,3707.729,3379.3738,3306.3547,2507.424,3118.7117,3250.7505,3013.3645,3031.0737,3303.4011,1173.8354,2771.3137,2773.9604,1944.1794,2896.3171,3078.548,2022.6223,2239.7246,2613.759
3188.2146,3219.7888,949.05994,3199.154,3787.6226,2621.2935,3149.2427,2093.1338,3014.0989,3563.614,3472.5183,3600.7202,3506.5237,3170.9724,2871.3843,3825.594,3601.0872,3468.5981,2706.8342,3445.4788,3494.1438,2813.1536,3300.359,3338.2651,3077.5315,2979.5305,3014.622,4084.1487,4032.2456,3609.8416,3343.469,3585.4956,4078.917,3720.8323,3526.158,1780.5315,3589.3376,3543.3386,3233.4226,3335.7395,3672.8838,1895.3634,2890.3708,2780.5386,3137.627,3435.3733,3462.7256,3757.2021,2521.2744,3696.694,3368.3433,3305.554,2502.8762,3108.605,3240.3057,3024.8376,3022.103,3288.3167,1188.1625,2761.4688,2771.365,1949.7689,2886.4624,3065.624,2018.8231,2228.8652,2611.7485
3183.1853,3201.241,915.94196,3188.788,3777.4377,2598.882,3121.091,2074.327,3004.9714,3547.716,3460.0923,3589.232,3496.3228,3157.962,2864.7893,3819.0266,3589.887,3449.3767,2726.5613,3434.5688,3480.575,2803.4304,3292.416,3316.736,3067.871,2968.0046,3006.7202,4066.2827,4019.2002,3595.9314,3325.7505,3557.36,4067.5095,3705.6875,3506.112,1804.085,3590.8079,3540.1768,3215.7644,3336.1692,3662.3945,1885.5414,2891.6172,2766.7146,3129.061,3428.2646,3453.1401,3727.0842,2519.75,3697.2615,3362.4878,3288.5642,2490.109,3107.681,3234.9326,3013.8975,3018.519,3274.0193,1174.1967,2765.1064,2761.7444,1951.4255,2893.0552,3061.6235,2043.1636,2229.3743,2609.909
3179.5688,3208.951,894.5241,3192.8142,3773.6729,2595.2878,3134.9412,2069.8042,3001.125,3542.919,3445.258,3586.2263,3495.963,3148.207,2852.6145,3819.1323,3587.5017,3440.192,2711.2551,3433.4744,3479.4973,2823.9883,3289.5364,3322.009,3052.3137,2958.5808,3002.2585,4057.3389,4019.6545,3598.449,3314.3257,3544.0825,4062.5706,3705.2285,3494.6362,1769.5736,3586.2085,3541.9905,3202.3528,3324.71,3660.6938,1882.4652,2888.3687,2773.9568,3119.3562,3425.1943,3452.2449,3725.1226,2496.0767,3693.916,3363.9246,3286.261,2476.0374,3101.4116,3235.5564,3009.0735,3009.758,3271.8733,1174.2516,2747.0833,2758.898,1925.0438,2881.6313,3058.6929,2011.2073,2215.6462,2605.0215
3183.934,3205.8596,913.1272,3193.8137,3765.6313,2590.0505,3127.4067,2081.2668,3005.519,3542.9478,3456.4402,3581.438,3493.2126,3133.07,2857.1973,3815.4966,3577.96,3430.1208,2712.0825,3430.545,3475.6313,2799.3562,3283.5554,3327.261,3067.287,2957.1497,2998.9639,4064.2144,4018.9788,3596.15,3296.5105,3568.066,4065.7266,3702.146,3485.801,1777.6204,3587.0803,3538.3745,3196.168,3326.4324,3663.167,1872.7664,2894.9456,2767.9797,3124.842,3428.2576,3453.743,3708.0493,2509.3306,3698.104,3362.3445,3280.3193,2484.0615,3105.1667,3237.5068,3009.5786,3007.9016,3275.8662,1149.2904,2751.797,2764.6694,1945.2682,2892.1106,3058.0774,2024.3247,2217.347,2602.835
3195.0476,3227.2385,950.71594,3194.3018,3764.1702,2598.0322,3143.7163,2075.2056,3003.7532,3549.6775,3467.9285,3584.297,3496.038,3133.8616,2861.9048,3812.826,3581.659,3438.5503,2701.4783,3434.8806,3478.6685,2812.0134,3287.111,3334.0232,3067.8743,2954.259,2999.9817,4069.2603,4020.3508,3603.5564,3297.9736,3592.0476,4077.2568,3711.7002,3495.6187,1769.031,3586.9607,3542.108,3213.3057,3329.2817,3668.3733,1872.4152,2891.4312,2771.0393,3133.2852,3428.6206,3459.4683,3708.3286,2510.9148,3702.274,3367.2148,3292.1094,2491.2888,3108.626,3236.8933,3013.3271,3011.8801,3277.8198,1178.3804,2748.1882,2774.9758,1948.1425,2890.7893,3055.0024,2024.2782,2212.5532,2615.3052
3192.7627,3218.7034,963.41675,3197.8718,3761.2876,2613.049,3154.184,2076.0566,2999.2605,3554.156,3467.1226,3585.8442,3502.1262,3134.0793,2863.023,3824.568,3593.1384,3442.4,2729.9077,3440.1487,3486.856,2795.7595,3293.908,3329.9783,3055.3691,2948.4917,3003.383,4066.6428,4016.6245,3607.5544,3300.2935,3584.0618,4071.8464,3715.584,3491.5208,1728.9286,3586.4514,3548.708,3212.7854,3336.5156,3671.158,1881.1332,2886.7488,2766.4011,3136.9158,3420.5142,3455.252,3704.76,2521.2522,3695.114,3361.634,3279.5894,2507.944,3102.2004,3233.5298,2985.635,3013.8596,3270.0242,1170.7245,2736.7961,2770.1428,1968.5852,2886.733,3046.1965,2045.8046,2210.5933,2603.6604
3195.2827,3210.2625,931.00037,3195.6355,3757.3718,2600.1726,3142.9255,2067.9585,2997.9514,3551.5874,3458.1248,3582.7432,3499.4563,3130.8254,2864.4622,3820.2183,3584.9917,3440.0803,2719.8674,3442.9497,3485.3198,2797.9556,3295.6223,3336.522,3057.4062,2952.3074,3001.8235,4055.8433,4017.1726,3603.5044,3296.559,3537.5632,4065.4526,3707.1135,3490.8162,1784.3142,3586.7913,3546.1667,3214.4448,3337.1829,3680.8313,1889.4968,2886.4065,2761.6255,3131.2048,3422.1348,3449.5771,3691.1008,2513.2656,3695.6,3357.7217,3276.287,2489.9773,3105.0115,3234.2888,3003.814,3013.3438,3276.3445,1165.0846,2744.5005,2779.8662,1950.1448,2889.3528,3048.7825,2055.4575,2218.4568,2611.649
3198.6375,3215.409,940.9006,3201.723,3759.852,2617.479,3157.9265,2087.2996,3002.669,3561.3396,3460.0579,3585.3328,3500.0266,3123.2307,2860.2063,3823.4763,3587.7932,3442.2854,2713.8242,3444.9055,3488.37,2809.4756,3301.3792,3350.5903,3065.3699,2950.1277,3008.852,4052.9246,4023.3093,3601.3425,3296.4373,3530.2952,4071.988,3712.9956,3493.637,1796.8134,3591.9438,3552.377,3233.6648,3347.708,3689.0007,1903.8057,2888.9622,2767.6716,3133.2463,3420.6387,3452.7507,3691.4038,2507.988,3700.8057,3362.5422,3281.0708,2494.4285,3109.2156,3237.7786,3006.9556,3018.2686,3277.1436,1162.1348,2742.7798,2785.128,1948.0232,2894.7512,3049.0818,2040.7227,2221.153,2610.568
3204.068,3215.1287,952.16675,3204.1287,3760.4019,2627.8687,3170.2874,2072.4856,3009.934,3557.294,3465.515,3586.3484,3499.6099,3129.6353,2857.354,3825.0605,3584.9119,3441.5786,2730.0183,3446.4536,3485.532,2806.8818,3300.3655,3354.3562,3061.042,2954.174,3005.9507,4056.6646,4023.3406,3602.7915,3300.8674,3528.5947,4076.19,3712.2786,3491.6724,1742.393,3587.5247,3550.9077,3234.7537,3339.248,3695.3997,1891.2742,2893.4355,2762.4998,3135.4407,3426.2722,3454.862,3699.6448,2508.8672,3700.792,3362.3308,3281.2124,2490.344,3107.2498,3239.599,3001.77,3016.4067,3278.8118,1173.9491,2743.8823,2784.9248,1941.8441,2893.687,3050.3582,2041.1218,2221.5762,2620.1155
3197.796,3222.0396,948.3447,3205.0818,3756.098,2632.4814,3167.5818,2093.2766,3011.5588,3569.2168,3478.0803,3588.899,3503.5615,3119.8452,2879.1714,3824.0605,3587.7542,3448.643,2718.4058,3450.208,3489.3928,2797.3062,3299.8694,3355.999,3072.0244,2961.1147,3013.8054,4075.547,4033.3374,3607.6677,3301.7727,3611.0347,4088.007,3717.8442,3504.7805,1824.8807,3592.4873,3554.149,3246.3638,3345.2703,3703.5635,1890.2448,2893.1848,2774.1538,3145.252,3431.474,3459.6858,3692.5496,2522.8408,3708.0422,3367.7102,3284.1038,2507.7869,3110.4893,3243.8684,3018.3123,3020.8562,3282.292,1172.9536,2747.9941,2787.0945,1956.9365,2896.0178,3054.2805,2027.0913,2224.8452,2617.965
3207.2969,3235.8433,1025.0804,3209.442,3778.634,2627.1243,3172.1667,2077.4412,3019.6418,3562.0417,3477.274,3595.611,3508.626,3145.1348,2881.7175,3833.6292,3602.1868,3457.7864,2718.979,3457.4675,3498.5747,2795.8086,3304.3718,3345.4495,3064.903,2966.8809,3019.2893,4073.8445,4029.143,3605.3257,3299.9597,3584.8137,4078.6497,3717.0737,3515.384,1805.2827,3598.6328,3556.8438,3249.3599,3344.4763,3697.1726,1917.0675,2893.7166,2774.226,3141.3098,3425.6008,3453.7969,3710.8123,2509.727,3698.182,3362.0208,3294.8943,2484.1553,3106.1785,3241.1365,3000.0786,3026.1323,3297.2231,1166.0598,2751.385,2780.4285,1954.95,2896.4358,3048.9695,2050.3296,2238.1016,2633.4653
