,ROI_001,ROI_002,ROI_003,ROI_004,ROI_005,ROI_006,ROI_007,ROI_008,ROI_009,ROI_010,ROI_011,ROI_012,ROI_013,ROI_014,ROI_015,ROI_016,ROI_017,ROI_018,ROI_019,ROI_020,ROI_021,ROI_022,ROI_023,ROI_024,ROI_025,ROI_026,ROI_027,ROI_028,ROI_029,ROI_030,ROI_031,ROI_032,ROI_033,ROI_034,ROI_035,ROI_036,ROI_037,ROI_038,ROI_039,ROI_040,ROI_041,ROI_042,ROI_043,ROI_044,ROI_045,ROI_046,ROI_047,ROI_048,ROI_049,ROI_050,ROI_051,ROI_052,ROI_053,ROI_054,ROI_055,ROI_056,ROI_057,ROI_058,ROI_059,ROI_060,ROI_061,ROI_062,ROI_063,ROI_064,ROI_065,ROI_066,ROI_067,ROI_068,ROI_069,ROI_070,ROI_071,ROI_072,ROI_073,ROI_074,ROI_075,ROI_076,ROI_077,ROI_078,ROI_079,ROI_080,ROI_081,ROI_082,ROI_083,ROI_084,ROI_085,ROI_086,ROI_087,ROI_088,ROI_089,ROI_090,ROI_091,ROI_092,ROI_093,ROI_094,ROI_095,ROI_096,ROI_097,ROI_098,ROI_099,ROI_100
ROI_001,7.254328619247669,0.7197943866291097,0.7840931207999756,0.8647402581815453,0.8815424245175798,0.9502729194571781,1.0134908432275174,0.8230549419326406,0.9322965762106674,0.7902957911265734,0.8578449556545011,0.6132199674279752,0.815761340807676,0.9806638596423984,0.929027691215147,0.8921921071495952,0.6220929239140154,0.6860807509364102,0.7893139434457971,0.9827202256484445,0.8334133369486307,0.5108916531574176,0.7351389087006083,0.23677439384051246,0.5597603729210957,0.1364967640062396,0.6449852837797188,0.7178724059336863,0.7394714830102151,0.6886706767750017,0.3825953756924021,0.8872991221114387,0.7930137920814576,0.4821377260027373,0.4849859991904895,0.5949333008522031,0.6746448489161693,0.9321292422281258,0.7664981495544322,0.6451051614249225,0.6281474414978967,0.39536055135869247,0.2738048971394931,1.0332022492608177,0.7553859988453955,0.6710548633586021,0.44615009200290684,0.8326128794337834,0.9798118163310646,0.7742731329323719,0.42033758327572596,0.7045228230505415,0.7015518073229106,0.832981163119554,0.8817791623734926,0.9487554438538631,0.6743998070866511,0.8870744984395427,0.5952996941685894,0.838543123178691,0.5226420598026585,0.7817028463339982,0.8744884365309384,0.9137272401447067,0.866260735435554,0.9097100234677554,0.8489350147527837,0.8818066160120768,0.5311009118627869,0.4695958422959191,0.80583385369203,0.30681738038137757,0.7072666147972343,0.5009066543888175,0.28734648206522756,0.4392032111488022,0.8193628559692427,0.28315376094034944,0.2311955865848513,0.448346603281142,0.3693029943693243,0.22058661111936373,0.36853020310631074,0.26351781819346626,0.3719619990026905,0.4248892054500537,0.5199699118674455,0.45519833447771174,0.5242882557213587,0.3068819860145114,0.10213720893970957,0.6218950295735148,0.5127726570999155,0.11750185053991244,-0.04089134798057277,0.8343433366982347,0.5813192742468357,0.8471617591146856,0.9500953584359991,0.7260070592877857
ROI_002,0.7197943866291098,7.254328619247669,1.8439778721649678,1.880196424805988,1.3276481243779739,1.2548183853698598,0.9386768998289958,1.7406596221841222,1.40009466892872,1.8550829990892677,1.350907619491443,1.2611468003011117,1.3074919417621054,1.182359505435544,1.0618574084294161,2.017863318423311,1.097222998031164,1.5883107009925312,1.311829108335485,1.5300343689699236,1.480505041477511,0.8512073712526939,1.0492621512512845,0.7244461677652548,1.0418338913644236,0.20630249892031313,0.9134450526212509,0.9532137504519268,1.22841762425068,1.1333278065816905,0.7628698577533751,1.0238113676336758,0.8457922099352669,0.9104475681306187,0.4407888269367015,0.3872188250935677,0.9791663329608671,0.9894443521078977,0.7863232557519616,0.7572551867268862,0.5544962615089994,0.25633560759647406,0.14214218077566299,0.8343514987476138,0.6241169634780107,0.4484226499594132,0.2716400278652752,0.5800169711966511,0.7315420844272749,0.5416737729675684,0.6738367275578895,1.869259451361899,1.906692557256648,1.7774987558994297,1.2733853139104412,1.4071447181452992,1.890184564617042,1.611279509810154,1.2574243995351457,1.6242270915690968,1.0772126443560328,1.117566252447601,1.5569043672817984,1.3543631726225227,1.4922077308854127,1.0814274622917,1.0670108926022766,1.5651141915976696,1.1522055458595397,1.52183473603145,1.5545856977971806,0.7030192946670589,1.0917296855441523,1.3103655807274193,0.8305659161669212,0.7199351862824749,1.5198826296180932,0.6961509297757825,0.4020761499666094,0.7539412963679594,0.5038757266932195,0.27533369612016184,0.19932222739502578,0.03167196317341091,0.5049091499587306,0.23019327212049062,0.8593451708049873,0.4517579837769259,0.8809997980340224,0.13173357918563805,0.1818495261904683,0.8917100971112129,0.9253657937868954,0.16800468073259003,-0.12985778982788615,0.6901741464569917,0.30178011884872147,0.6759306863830654,0.7483198583572345,0.5866104085563736
ROI_003,0.7840931207999756,1.8439778721649667,7.254328619247669,1.7231848688868385,1.3864761164970092,1.4140409559343896,1.116027176342519,1.8828728298323194,1.5349920977059355,1.808676144229474,1.4165096371249448,1.1863997827704615,1.4058455248200208,1.4070526347597183,1.2636914330955362,1.8952393332089565,1.1874200473731749,1.699352482628406,1.5164703886600794,1.622225343953819,1.6185442062940039,0.9769430738225693,1.2694030586551253,0.6701059840619189,0.9670188707202891,0.15969046991756294,0.9255272454470207,0.8909819656367787,1.287880656754102,1.2317549976171394,0.6933475434545443,1.0759891399384094,0.9525946757802698,0.9438375864655673,0.5181588051019931,0.4084240214696557,0.9180942328923238,1.0812326269186745,0.9342654872758492,0.8427591713655678,0.6792245369145057,0.2627234213508304,0.21315182038473493,0.9320202219626074,0.7023838302755849,0.554678585996398,0.3911079078251155,0.7144932212058331,0.8139668600269728,0.6369172677716746,0.625936898981555,1.6207909013428814,1.3997277021234638,1.5906757266232279,1.368409375026053,1.5852183140127563,1.6239441406836765,1.5897534610069026,1.11113449465455,1.538342683631497,0.9374168794957316,1.22839660416324,1.5268937984290498,1.4251542001915354,1.4860875144181878,1.2765999888359025,1.0798789915804117,1.6557340643975256,1.0560405463979137,1.2977053863612438,1.4961632863360725,0.6420542867501269,1.1127161509991903,1.0122981006780738,0.661890420508023,0.6276723088697257,1.5130941770254567,0.6064224205295904,0.3284736989642296,0.6980521716033353,0.47810073647107454,0.2843877111368054,0.2297363311835317,0.04910437077652343,0.4391208607094676,0.31164568791396774,0.8326389992239355,0.4036211752375935,0.7472000992258682,0.1752692129850065,0.14650582728137101,0.815754556268981,0.8803260882663534,0.08224962156689743,-0.17024564985667628,0.7379990135600465,0.3935800065246601,0.7603147920242468,0.8113424060472075,0.6694996329725516
ROI_004,0.8647402581815451,1.880196424805988,1.7231848688868376,7.254328619247669,1.983148876891131,1.6240113032679695,1.2575007565033298,2.0221042726966365,1.7933004068195963,1.6251853552324331,1.3674916827639578,0.9813975101110535,1.1942329860843282,1.4463451529326437,1.3198519597549838,1.838090858657105,0.9757534861288939,1.3790864397580762,1.2766443963046485,1.803998320662603,1.3324657422574038,0.8143626766917299,1.032617026945595,0.4873057277676173,0.8154103842670605,0.11365270805851715,0.9240590791916905,0.9256694316489149,1.1846358677613285,1.0576038136807664,0.6418026714741709,1.0627333277171123,1.0468976494505304,0.7900711264643352,0.5711167899253642,0.4398078195683818,0.9462240890327834,1.2047575171353762,0.982451562872269,0.8400464180468294,0.727513174961852,0.3434678036853998,0.3006770240440555,1.0530684973231141,0.7951990354972334,0.6485413005995,0.45425122151128317,0.8152823549474572,0.9586553896660647,0.7176158302847218,0.5585121460017204,1.540767879989119,1.5416452430370968,2.439753279106586,1.756257000496696,1.683241186625705,1.8353907113218833,2.0603471417004395,1.0429595343165239,1.5331025533670386,0.8399258940502772,1.1011569710747837,1.4625597503525425,1.8024427211915375,1.537381974992526,1.378968293529791,1.2912073479220132,1.672806629547627,0.9500857598875886,1.1555508513662043,1.497734395380481,0.6085937819323889,1.0737320598577031,1.117356702925948,0.5579577396281582,0.5655871141139736,1.4423809622577608,0.47890236672271697,0.3019353423498561,0.6345646198472563,0.4569972014831762,0.2954509233605185,0.3235678836734709,0.16610784642416804,0.4739835989964403,0.4072854585550527,0.7274449171696884,0.39914904021107006,0.7422180547907692,0.24519935534069723,0.14806747256445696,0.8220591869178255,0.9852306277104788,0.11505462624165196,-0.13295812271703578,0.8262083150460563,0.5086731766508986,0.8677291223861424,0.9873616747685368,0.7280416427284714
ROI_005,0.8815424245175796,1.3276481243779739,1.3864761164970087,1.983148876891131,7.254328619247669,1.959416005017557,1.5952904564723258,1.7057946188561763,1.9572220429094787,1.2430139233327349,1.1792367358730744,0.7020783105260493,1.0053289586935474,1.6133753627714171,1.5382838946804935,1.3691029974340228,0.8054510168588356,1.1284838603049296,1.1918310428803331,1.6784669696065064,1.1384924805328072,0.7169505854636378,0.9592548741435873,0.2731250103229786,0.5759151338071825,-0.04423016631736954,0.8058502410509978,0.7585388014604343,0.9741418570828116,0.8696651635498082,0.5461706684975302,0.9577282269910257,1.1419884504685758,0.677959420876158,0.627844793026426,0.47177449590288434,0.890528299767182,1.2372849648391693,1.0968421386338616,0.9230447562211983,0.9670333206370365,0.34621866801123574,0.42025595440540875,1.1650667887965627,0.9431417894320459,0.872268211131525,0.6759590049766839,1.0957253627682504,1.1801080583723704,0.9490811206227353,0.4329464131812494,1.1929264234420982,1.142614897578589,2.0504187746187053,2.2785350623935443,1.7831246157480418,1.431602072846231,2.0046486859322643,0.822952965125965,1.2977191893938012,0.5994808868682974,1.0167270838502025,1.2063959750245383,2.0600636998000743,1.3154339672538038,1.6663484624489646,1.4541609877502033,1.4868384999726474,0.7551196532545434,0.9023859059228995,1.2540428926235967,0.4819476198617943,0.9372932826104247,0.8925460292764317,0.30583986607942554,0.36354670615508844,1.2171495246833122,0.2483599515491368,0.1959683129067242,0.5242348739869956,0.43542250476699246,0.3668599734757171,0.4166808914263479,0.2594502827385429,0.4080974355298941,0.599666927760034,0.6648050355914699,0.3813777508394825,0.6030812322688719,0.41529044765528356,0.16264778606924385,0.6946383332328017,0.972283636123645,0.07546995901207548,-0.12879404496154498,0.903330725388748,0.73363276134358,1.0172459033182701,1.226238139870232,0.9079306879070193
ROI_006,0.9502729194571781,1.2548183853698598,1.4140409559343892,1.6240113032679695,1.959416005017557,7.254328619247669,1.6461158195385635,1.5774000639219097,2.154922894813276,1.2445800928188153,1.2202384127583654,0.7529478657856071,1.0867543190047337,1.6060743982266208,1.5733868457428082,1.3385530729871102,0.8870814005883274,1.1895980251658176,1.294760454217735,1.6396045134204407,1.1801584662414075,0.7731128151415494,1.0216391112225427,0.288702376888701,0.6320625402150063,-0.021884170162475132,0.835300433328144,0.8150207787664467,1.0068400003631146,0.9272488961396125,0.5703767634187434,0.9618093518957231,1.0808640954597177,0.7592247455133527,0.5811530617247603,0.6066119052840261,0.9266542338763175,1.1938955103915154,1.1215149615487772,0.9801520062623896,0.9704464646508468,0.3874827911843692,0.34439648801413214,1.224230855577078,0.9144003057779442,0.8373840666762173,0.6335383362108296,1.080586938548209,1.3411313060943302,1.0321165790610678,0.4721621612858293,1.1723395379019692,1.0375544118693962,1.6284982014048597,2.1166227219966114,2.076326286447762,1.308931129189716,1.8701794921022532,0.8205829077708353,1.3439199319347488,0.6204476575532485,1.1050976849337923,1.219025125522001,1.788367486590761,1.2394070278665679,1.6380669703193536,1.4128968976471217,1.4704784383991216,0.7464931871013895,0.8725270420179986,1.21426478379781,0.5143533830973439,0.9362039254462918,0.8279381538395536,0.32320763684680076,0.3953120340443488,1.2669679129188467,0.27544357649678824,0.186044166518153,0.5096725755608613,0.4420690310810512,0.3883113497053446,0.36854256612952446,0.2297536808215175,0.41616980961985234,0.5524690479995324,0.7273178483226287,0.4419643166960726,0.656476913961252,0.38631900944241887,0.16935047294128258,0.778669626503976,0.8922823142324129,0.04556084408049583,-0.12124048896983382,0.9069595349614045,0.703921128702441,1.0293929084145834,1.3210657870789817,0.9709275581348292
ROI_007,1.0134908432275174,0.938676899828996,1.1160271763425194,1.2575007565033298,1.595290456472325,1.6461158195385641,7.254328619247669,1.326602122615279,1.5412226412130172,0.9667908992701789,1.20010617020316,0.5813630520292149,0.9485194938698117,1.6889534888860624,1.6884535996305507,1.1038252295148279,0.72464285477352,0.9752190535215394,1.1364812474624457,1.4130771953257921,1.109316767467424,0.7403711310297393,0.9853786562914351,0.2333606421032611,0.5269097812691955,-0.041808487474912254,0.696660534201661,0.7068642891551381,0.8606702404223767,0.7922958131933128,0.424491847294747,0.957270644385815,1.164070722033919,0.579089354989621,0.7116764881376141,0.5647978814130703,0.8106408802117032,1.2971121733474016,1.3593870699760595,1.158798739546496,1.2495246365486266,0.4848589729946554,0.6042640514645655,1.3761909691362075,1.0086912784258275,1.1890571265194212,0.9500549650700783,1.5049662497580347,1.3384843198707643,1.2331397527558317,0.3451426941785461,0.8876408517644474,0.7856632724304842,1.2403072499017906,1.4623034550014333,1.55570156612926,0.9739811389286205,1.346689711932537,0.5966875788635893,1.0174882666793859,0.42676922869169587,0.9686485257692729,0.9982349025594381,1.4734131615638475,1.1223117800343063,1.7164801139149668,1.268306635927851,1.2137083267826203,0.5689253670852673,0.6198146886317204,1.0564686453988044,0.3179364990938374,0.7984612922173243,0.541517531251574,0.14985204181219014,0.27568149196163577,1.0777973685635174,0.14504412529909058,0.10188986461750389,0.4439394664061076,0.4470814599913791,0.3559908970208937,0.4557630941440551,0.3454305435912114,0.32125417616007024,0.740444572503497,0.6018977048707537,0.4581738050926345,0.4687424354108174,0.5507888051930427,0.14729169431664696,0.5842496120545323,0.7710045403241416,0.04046005809629952,-0.08400675826431452,0.9337583640292365,0.9932980751277096,1.0929807117513954,1.2936995001481086,1.0780904430685867
ROI_008,0.8230549419326406,1.7406596221841233,1.8828728298323207,2.0221042726966347,1.7057946188561763,1.5774000639219097,1.3266021226152787,7.254328619247669,1.6590592914589473,1.6822777350912816,1.4790991975045154,1.0701788485844692,1.3035650850319374,1.5506450817050597,1.3976202540938656,1.7664541828391125,1.040678243717414,1.6637094492530018,1.4224236810714577,1.690987423354177,1.5353814019761458,0.9132916705172199,1.168744024278168,0.5868062759696828,0.8479486405401313,0.16073338176983787,1.004301809139395,0.9102616987703938,1.2652403484657004,1.1325158547691987,0.5840125579242302,1.0261811878210603,1.0294418025624834,0.8006069060989434,0.5529469976223513,0.38447448030402254,0.8220304039286206,1.2158117152982053,1.115720786103724,0.9701870580872699,0.7250047903719453,0.36273696360975777,0.33847547148874,1.009826578020478,0.7240428492434607,0.6704125464269739,0.4791738708240434,0.7915480906332394,0.8978113041182086,0.6972453144681318,0.47517145341871103,1.50340026462962,1.3050575302016563,1.752982952602252,1.4844656373106626,1.7068332311577081,1.8211865816372006,1.6717544230780477,0.9368629951127445,1.4844897924164078,0.8346031462998698,1.1382216776977374,1.4432917893371167,1.5762073856992815,1.457202682555413,1.4320319531929706,1.1061323000300696,1.6523631919263502,0.8809295656957347,1.1393794957803316,1.4987820872216848,0.553893048302194,0.9950409442538211,0.918616898147822,0.5574091713364345,0.5427617646714337,1.4484301194809137,0.49256896316577053,0.198458647874727,0.5762953217662162,0.39001989968218564,0.2001114933084767,0.2153488215895085,0.08963347265550972,0.3923734418371285,0.3682389090353458,0.6403670827748228,0.3691373107628802,0.6501940566458734,0.1974323418094841,0.08375624948163503,0.7081813455501182,0.9014982135822495,0.023908283880885013,-0.22825457706668262,0.7132263871938592,0.48387984732748424,0.7845491984776769,0.8932150420818601,0.7179855300519037
ROI_009,0.9322965762106672,1.40009466892872,1.5349920977059361,1.7933004068195975,1.9572220429094787,2.154922894813278,1.5412226412130172,1.6590592914589464,7.254328619247669,1.396108521763894,1.3703898946463264,0.8406331044156659,1.2167545846594248,1.6614546623036521,1.581665646500608,1.527864878618196,0.9772719652249876,1.3016709894266267,1.3454955302749803,1.870144003664415,1.338311791094695,0.8246558601446733,1.0488219896073445,0.36760751915964424,0.7023049275790093,0.012936764635718048,0.9180876958140862,0.9041345219097979,1.0904477944981428,0.9922524677342746,0.6660022085801075,0.9669088523731897,1.1307147513332574,0.8480630039968429,0.6249476445535613,0.6467116175113943,1.0203767553806786,1.1469875636656568,1.0323545538590766,0.9240848079476351,0.9362405818288183,0.36709984459877115,0.29365157504198847,1.2346435739774269,0.9497369465255247,0.7693021195747974,0.5865927855673635,1.0580411855351042,1.2623406410907654,0.9410902718238998,0.5259637558255417,1.2970884918587542,1.221080923974551,1.8419308138956783,2.0173474208034423,2.217195508200356,1.4239278283007293,2.244183586863734,0.9402711471586678,1.4480353819543994,0.7227408495946911,1.2116999642352067,1.3826787450434972,1.9327160062247613,1.439437292157616,1.6475188403772483,1.4411758189322266,1.5495124054814282,0.8928837982846403,0.9987565305460759,1.4062688857858059,0.5326370482958153,1.0212117440013182,0.9033091709551744,0.4064136965807386,0.47415384050545933,1.3960261041604265,0.3685478848018271,0.22815799333709857,0.5345784401697177,0.541037743038594,0.4389300094194228,0.3914590933574623,0.24856991860221503,0.483066582394803,0.5265359470293791,0.8186319324582065,0.5214779958953174,0.7772698869325638,0.3461447075566847,0.18262795417404892,0.7584418217080545,0.9071086505628125,0.10075415471950847,-0.09955798161382858,0.971710994595162,0.6326496734235357,1.0585539954255134,1.2361812158621834,0.9079747786767435
ROI_010,0.7902957911265734,1.855082999089269,1.808676144229474,1.6251853552324331,1.2430139233327349,1.244580092818815,0.9667908992701789,1.6822777350912808,1.3961085217638936,7.254328619247669,1.507258877081566,1.4984625186491987,1.5774216027495445,1.3516118418457954,1.2016553806773744,1.929198436307516,1.3723026045268492,1.8513283444720687,1.5321010471362029,1.560212829713275,1.625330503071347,1.063749923748637,1.3540427821278609,0.7529074183153176,1.1074539777471344,0.2599940084401282,1.0266593481268178,1.0356421130128468,1.2903401040768336,1.3674134907177642,0.8002905343750072,1.051594890930508,0.9791678349022042,1.0656945203874528,0.5504938918476058,0.36277988257725646,0.8986088571978241,0.9182360481050134,0.8335215148065596,0.7335022050934317,0.5827035353091827,0.2667518462838531,0.15026605173415952,0.8670650998583316,0.6978576114939318,0.4344181021641074,0.2873066014640859,0.6274952065138697,0.7193453327967917,0.4933203436918846,0.6844061611147966,1.6056196936883633,1.5346801329897566,1.4776678832780972,1.2379710851846855,1.45085893506561,1.516224413850003,1.4755048637481127,1.20151777551448,1.5358128325936795,1.149185722009124,1.270567360758747,1.6233960753784786,1.3427758084271444,1.558928353501664,1.196284102358815,1.0387396950813,1.6423934397587774,1.238938188589536,1.4736174375526927,1.6022035530962786,0.7329444430557923,1.1365396667941736,1.0777851260521298,0.7998912091239558,0.7357423283646891,1.6159533642014,0.786550527061169,0.3293565073053258,0.6302464173908551,0.5524369461300842,0.3210544284530041,0.2505768651156925,0.11211804321974712,0.5715799119723184,0.3046342109412309,0.8008912448762887,0.5251960345551011,0.8748734615480471,0.09828695822684745,0.1333013037018934,0.7589372277677962,0.8728751112252686,0.07549581820892992,-0.12404982676581552,0.7359279239174747,0.2928281181860913,0.7903059119560664,0.7180381538052468,0.50732293110322
ROI_011,0.8578449556545011,1.350907619491443,1.4165096371249453,1.3674916827639578,1.1792367358730744,1.2202384127583656,1.2001061702031603,1.4790991975045154,1.3703898946463264,1.507258877081566,7.254328619247669,1.203657060428149,1.6289837062315682,1.4365447845667216,1.2655978964305012,1.5522634914632465,1.1878286993939922,1.4515307342937431,1.4884363536510272,1.4966759172657635,1.5596313720039,1.0813323684735114,1.2654732034840326,0.7022864293410936,1.1211756610558032,0.3151172518880431,0.9373231992530029,0.9642371546936356,1.1436145793188415,1.1371144469938637,0.707204906969356,1.0864643845389563,0.95558674937283,0.8603003707877189,0.6948686761148097,0.48423003931201886,0.8940388280827601,0.9732120075445283,0.929428126155598,0.8750115121453882,0.7299577158952353,0.43992686466247516,0.31086360700292176,1.0098203178012126,0.773161933922327,0.5829397137639867,0.4484390704111242,0.81846180760045,0.868302385387422,0.6591268518215156,0.5164158320630483,1.221561691077505,1.14310563485492,1.2578652759193478,1.106228858859071,1.3690660398081993,1.1657592451444867,1.2970663044389874,0.8846593885902225,1.27410844290416,0.8686396376221039,1.2178433541776934,1.3685645761186307,1.255575644213647,1.377283530778943,1.2432954301224406,0.9806504943723021,1.3725874358071262,0.910961110059381,1.0000694316669427,1.3005296033723595,0.4559842880385491,0.938042568794592,0.7300857423741838,0.6171105557141279,0.6052053381256334,1.4524846137586127,0.6241885207725828,0.2757433492054634,0.5827859213011038,0.5402627504429579,0.2959368160106677,0.26104055091554396,0.18446954591853962,0.43063630582349727,0.33701198099233926,0.7867140891442377,0.6172212926276893,0.7327934317318756,0.17560655347096032,0.09049118691786216,0.6669518502680992,0.6538284872656576,0.10048517670510426,-0.14296250827107207,0.7711003692772674,0.43437588553852746,0.7997728490835299,0.7957651922254564,0.6606555716708393
ROI_012,0.6132199674279752,1.2611468003011117,1.1863997827704613,0.9813975101110535,0.7020783105260493,0.752947865785607,0.5813630520292149,1.0701788485844692,0.8406331044156656,1.498462518649199,1.203657060428149,7.254328619247669,1.4215437281067516,0.82547346690395,0.7192943931142838,1.245389871492494,1.3243093617730695,1.3886177393034778,1.1281901121922098,0.9694880009920446,1.1861261484940846,0.9980225655359329,1.0525682497562174,0.968334094219875,1.4728310195042849,0.5520443987004454,0.8614485603275618,0.9432734845031379,1.065717510642568,1.1809595814744176,0.7310253292367418,0.8023173827990826,0.573488843285225,0.9727001320311348,0.3735404203691802,0.2641171448159367,0.6368736870160288,0.6098903399762932,0.520838602933309,0.47072438349751405,0.24270713110252157,0.2903242615900666,-0.04931326706660384,0.5706362864553297,0.37076639814631873,0.1201259995695739,-0.022837362908245024,0.2945754689153549,0.4446138205893339,0.2026334076341886,0.6267152540571757,1.1916324295612477,1.1547052258141994,0.8744767105528127,0.7021698133210516,0.8835664471825659,1.0110529258738412,0.8571730268984195,1.0023799510475926,1.0984977892221413,1.3629235853405595,1.0251499442157959,1.1727110954144724,0.7798246599785194,1.0061267894456745,0.7001214485568561,0.5934892431902609,1.0599348972476068,1.0542536397460014,1.1395956381144312,1.0461377515776527,0.6728300561705404,0.9112209389845529,0.8429420137052901,1.1527349585498605,0.9160069171608174,1.1716789845819031,1.137602393354328,0.32481051098196034,0.5719823324446783,0.4165792109367855,0.12760590638706434,0.01453450007858323,-0.05142068068931278,0.4626962402240663,0.005554393547902236,0.6751841331729279,0.5026178342221056,0.7938171134506982,-0.17148296495309273,0.030521869534018822,0.6781950434034822,0.5474328814926361,0.04448740616312981,-0.1814593806803301,0.43933573863202546,-0.005711835455500459,0.4584641487695861,0.4185987530001195,0.2335974560766787
ROI_013,0.8157613408076763,1.3074919417621054,1.4058455248200203,1.1942329860843282,1.0053289586935474,1.0867543190047337,0.9485194938698117,1.3035650850319374,1.2167545846594248,1.5774216027495436,1.6289837062315682,1.4215437281067511,7.254328619247669,1.3176936046712873,1.186136170999625,1.5470410566343897,1.4410456272392675,1.4313514455048684,1.6360185758069719,1.2818694736860794,1.5044141615175644,1.098785603509646,1.35314481684259,0.717454533767923,1.1157417005310817,0.25649903092230136,0.8923071554516915,0.9393692205288585,1.1829247634514044,1.2796962700863859,0.9326172800178123,1.0126479309843364,0.9331928106886801,0.9547737825006667,0.5660685618918028,0.3507627561744168,0.8238425758717163,0.83825169580675,0.7921224031060609,0.6502213955312481,0.6241742748840945,0.2989789604406591,0.1358314284179147,0.9601900965283741,0.7035271013951239,0.47111992325447305,0.30633867918706764,0.6309537246885328,0.6963406305460719,0.49266462586874527,0.7127570644915975,1.3656262762164058,1.2261066331728692,1.160827723589705,1.0326741045747203,1.2545913460233855,1.1126127091362663,1.216274631005806,1.03366508508142,1.4074348470063804,1.1188953866717597,1.639971392323337,1.6305947337407598,1.189250805335564,1.3357518060334836,1.1570372842969023,0.8558641311645557,1.5030199613308661,1.12188048869001,1.1399310184021574,1.1959382151515496,0.6347908591115762,1.1228920986355708,0.7281231154574888,0.7533785178006575,0.7201209680137185,1.4602846388804454,0.7671090282873225,0.4050251192263301,0.6077186930156522,0.6436534828670296,0.37226075943414916,0.2817525559966907,0.12641617034626154,0.502400114097598,0.30624347512082184,0.8219989130765386,0.6366853960260486,0.6822615793166472,0.17665913739026537,0.20903698041027657,0.7721665919850947,0.7149844703289775,0.15539150051042966,-0.05323567035975254,0.7695531853890737,0.34330312270328717,0.8000977034708967,0.6439773427412012,0.4876417984005738
ROI_014,0.9806638596423984,1.1823595054355436,1.4070526347597188,1.4463451529326432,1.613375362771418,1.6060743982266201,1.6889534888860624,1.5506450817050597,1.6614546623036512,1.3516118418457954,1.4365447845667212,0.82547346690395,1.3176936046712873,7.254328619247669,2.2322053085966003,1.4008162234929677,1.0119158207480294,1.2675478094755024,1.568944833532706,1.6345891516257918,1.4746655553789865,0.968248106131044,1.4417443625681021,0.39018679089326286,0.6679933325868005,-0.0015635921234617154,0.8455416266729201,0.7843785582163911,1.0580256772634742,1.0899960519857534,0.64080626721174,1.0729322130449732,1.3303245945497035,0.7836661661278587,0.6902132324647834,0.41272044291771454,0.8761675022455044,1.1511215608584002,1.2094414766120354,0.9846372146005654,1.0841070082538329,0.34912907017784495,0.4319768906708329,1.2509001689774686,0.9865616764724594,0.9255085830087362,0.7535867805134818,1.2125879411716955,1.0549276377550592,0.8896426339510268,0.5507421550347763,1.1593730579927604,1.015698164561749,1.470945705893776,1.5653883971398495,1.692759683270583,1.159904078733671,1.544217864270144,0.8408939576545903,1.2688680776172503,0.6355468109361055,1.3073205387777116,1.3296870657243747,1.8185201700073033,1.4913440120524557,2.314422207407252,1.2561525688092252,1.5989035118892643,0.829713215819488,0.924841943854484,1.3494712067614079,0.5010300523261516,1.044772766733825,0.6998003586759606,0.32750140608657363,0.4096540097225593,1.386579113408359,0.3728728254981205,0.2290168467763931,0.5466847208705641,0.5580717568425927,0.4228473577034303,0.4472331776671459,0.25604664868494936,0.4215650140838871,0.6596192509577249,0.7038807305824311,0.5035988000425635,0.5335713693449102,0.44811953655955983,0.2142611651668287,0.6705565281593286,0.8850691853180671,0.09430478477817518,-0.06652532860189983,0.937909724499466,0.7378525356546392,1.15244295864387,1.0467691485903758,0.8256104617667569
ROI_015,0.9290276912151471,1.0618574084294163,1.2636914330955362,1.3198519597549843,1.5382838946804942,1.5733868457428082,1.6884535996305507,1.3976202540938656,1.581665646500608,1.2016553806773744,1.2655978964305012,0.7192943931142839,1.186136170999625,2.2322053085965976,7.254328619247669,1.2464803726261695,0.9233179009443497,1.1317366571025678,1.4088344361055933,1.6277313176273371,1.3880490720481402,0.8343842112845543,1.255464221899221,0.3229151473724861,0.5697627231963944,-0.0995279233520205,0.8132239358350074,0.8343024922699004,1.0978702879265938,1.1124420641577237,0.6222789695777713,0.9279195514150225,1.251625170798804,0.6939958807533387,0.6166278723026553,0.40017933570404957,0.8739602479442076,1.1557838850077264,1.2059278760072107,0.9438086279717133,1.1064090184390016,0.29885619180900613,0.3859366214100878,1.4102543127260971,0.9256218687507926,1.0568315086489055,0.7703884667686008,1.1908697544832152,1.0637630219526608,0.9404407760405378,0.5536065048684256,1.1269943926487849,0.9650030072833601,1.361658795857418,1.5794569600384039,1.6282165303242848,1.1193240979536696,1.4886698591570715,0.8605973399547558,1.2952977631491729,0.6353331085277909,1.3906312811098263,1.3228692496663632,1.853294406075947,1.4816926688885177,2.599781421892083,1.3229115186530995,1.5890980162844326,0.8237186915105361,0.85205717905936,1.350688593059014,0.5542480045997739,1.098543610215308,0.6589951446310529,0.308611465865684,0.4273167921850702,1.4057269691860632,0.3470187765554688,0.25004766137747625,0.5029877385304599,0.6177055806723445,0.469872772521799,0.5189618379655957,0.31293187162552916,0.5096981741554812,0.7681421380974828,0.6582400525551608,0.5638908348846765,0.5149905123494508,0.5553169245026238,0.2951610871282007,0.7124453594362955,1.026440687306129,0.12284891512664535,0.02596398686570987,1.0275697048082524,0.8677463882874448,1.3351912808080195,1.0830172973573968,0.8417698340594917
ROI_016,0.8921921071495952,2.017863318423311,1.8952393332089565,1.838090858657105,1.3691029974340228,1.3385530729871107,1.1038252295148279,1.7664541828391114,1.527864878618196,1.929198436307516,1.5522634914632465,1.245389871492494,1.5470410566343897,1.4008162234929677,1.2464803726261697,7.254328619247669,1.2824165408372454,1.6930722325116816,1.5153796908072867,1.679301008141838,1.6443472700080481,0.988275968022473,1.2081735790997654,0.7131915128287951,1.0401195193731223,0.2176825394269733,0.9923037805648698,1.0211051533933284,1.2895987866201308,1.2204946033939343,0.7942765829372717,1.1720963019567372,1.0355208473286641,0.9984135583964094,0.5951715709155246,0.4164663488887512,0.9628226273534057,1.07394306119917,0.902057168105774,0.7846920269866444,0.6657554287039557,0.2900857176536139,0.21959339928892088,0.9938374826143308,0.7842720275278562,0.5441482462046278,0.3604958024708988,0.7072947900689994,0.7983128227970558,0.5953503230389051,0.699840986783837,1.6654093799921923,1.7038593655142322,1.6968771581865203,1.3181375489895455,1.5394484672067692,1.6242589968117889,1.6598960581182252,1.180369695879109,1.5944970725010796,1.05186387237745,1.296746910226596,1.7107302843551737,1.4452330955695096,1.621250576039313,1.2316466202095353,1.097470476072982,1.7634756943518086,1.1891690275956501,1.3535121640761443,1.6071712172786679,0.6878477530456318,1.1787156142938966,1.0500165530360501,0.7504415842722346,0.7035960408221188,1.5428153058558063,0.6619171197389238,0.3878846900007521,0.6813643657924975,0.5896570246152119,0.3317100239313795,0.3043068730415969,0.11334851390325854,0.5447351681229913,0.33218399172317553,0.8225549772665988,0.5088248163428126,0.8145450504629281,0.18971501437825355,0.19411598081129655,0.8546100901602935,0.8908398684973778,0.1627141737915548,-0.07719162246490331,0.8117032133640053,0.39426240895993103,0.8106215140757674,0.7877679625987467,0.6010974570926075
ROI_017,0.6220929239140154,1.097222998031164,1.1874200473731749,0.9757534861288939,0.8054510168588356,0.8870814005883274,0.7246428547735201,1.040678243717414,0.9772719652249876,1.3723026045268492,1.1878286993939922,1.3243093617730695,1.4410456272392675,1.0119158207480294,0.9233179009443495,1.2824165408372454,7.254328619247669,1.5201350385772348,1.569765516399963,0.9772302319299807,1.1744567029075248,1.4702404570490248,1.3453669558761308,0.8487799404645935,0.9863733028040154,0.28312661701152364,0.7997893289402669,0.7140957767087375,1.0092709384545426,1.060742678793323,0.9117049443118548,0.7482668618561813,0.8108297262149272,1.4645936779286306,0.6325176670405992,0.21662635208344527,0.6507320018239166,0.5322527335940331,0.6209755001604126,0.5086786728188101,0.5361438542708945,0.15847365065606667,0.07637037998298196,0.6091471893665409,0.6039966791612879,0.23978457355982258,0.20925698973520693,0.47022890845737064,0.4822153293319012,0.2749897102629766,0.676685662884251,1.0986909791702595,1.040009332750807,0.9233538152237635,0.8435808622266697,0.9534391794951511,0.9533497526394064,0.9827926718670922,0.8982777772593515,1.019882762746866,0.9467074162267255,1.2163756311467695,1.0622354633649052,0.8979450525036856,0.9643920166152921,0.8931017246379753,0.6800565390264282,1.1315216321483288,1.204750003067422,1.2067659142494649,0.9799956766759782,0.7822347437465612,1.0371800284975874,0.70747708911415,0.7340814778065983,0.542116865340325,1.0712196824055056,0.713617285165478,0.29154404392023664,0.4097238488384585,0.640332021822264,0.4468685167550963,0.2177863133918902,0.09311745966970844,0.47153779363165416,0.2516986715547927,0.6997327807049667,0.5254566193122853,0.6393721634924069,0.06304085620735862,0.19757633917011047,0.5865352714711463,0.6247519511908659,0.006018358547102133,-0.040090436483779426,0.5232733950189534,0.15207679114039951,0.6354039543624821,0.4360639387827229,0.2521332173268281
ROI_018,0.6860807509364101,1.5883107009925312,1.699352482628406,1.3790864397580767,1.12848386030493,1.1895980251658176,0.9752190535215391,1.6637094492530018,1.301670989426627,1.8513283444720687,1.4515307342937425,1.3886177393034784,1.4313514455048684,1.267547809475502,1.1317366571025678,1.6930722325116807,1.5201350385772348,7.254328619247669,1.6235252538173475,1.3209014686478562,1.57670080702469,1.2231364838604244,1.3824903951057428,0.836152468655112,1.0092754454722899,0.28409640264174946,1.0150450187034914,0.8913743463908167,1.196164086028417,1.2298328799606215,0.7365032321545518,0.9178215787796881,0.8824184251743143,1.2556524760066805,0.5847704648115756,0.332521001805054,0.756164602159231,0.8380192524615024,0.9029683040176003,0.83060540213735,0.6077693806507181,0.28872136464143044,0.20740085678436082,0.7513998745253222,0.6325403461004775,0.40915733745172156,0.32126824111332286,0.5901864432762852,0.6607137525663423,0.4662295839711653,0.5765391377469955,1.3718841261458643,1.2402730204157497,1.2441441822249968,1.095551663458044,1.3000910286701397,1.3760109791599129,1.2619526399953527,0.9515881314710175,1.2582987189286299,0.9503781695465794,1.1480361529186283,1.2901895612252825,1.1400378017044048,1.234042539328651,1.1208536230927688,0.8707499750245958,1.3897499902091828,1.099450117048277,1.3841737377401517,1.3489463450300432,0.668035463108215,1.0030584640823743,0.9038173915714782,0.7065504057172033,0.5741702262736168,1.3310294053512934,0.6663292815710637,0.20889402717262975,0.5086002296736511,0.46751044527816665,0.2772839058296434,0.15569613192012768,0.020861138188043565,0.44967732527749865,0.2590054447364987,0.6897056060551547,0.4461444231968724,0.750518946404626,0.06384875591288945,0.0906024561894478,0.6399149021271029,0.7638172674246267,-0.02132679865611861,-0.19419768185041777,0.5705001246371803,0.261139083479475,0.6583961448208177,0.638798888775506,0.49180678092019936
ROI_019,0.7893139434457969,1.311829108335485,1.51647038866008,1.276644396304648,1.1918310428803331,1.294760454217735,1.1364812474624457,1.4224236810714577,1.3454955302749803,1.5321010471362029,1.4884363536510279,1.1281901121922098,1.6360185758069719,1.568944833532706,1.4088344361055933,1.5153796908072867,1.5697655163999624,1.6235252538173481,7.254328619247669,1.3271727181442938,1.4690504325333178,1.3329753505143371,1.699159384958012,0.6482248313979069,0.8827453177560991,0.12058737944486034,0.8701057321207327,0.7687891957957751,1.0941303036871468,1.1877743301550294,0.8724655175873377,0.9287327355268781,1.050834526017029,1.1426010495045293,0.6600008975159215,0.2936487961875039,0.8600648395627932,0.8391656815173792,0.9529826377660362,0.8265886924137718,0.8592517102877557,0.27390156936440396,0.2763427486638924,0.9026665317621276,0.8059718034291191,0.5766900079401018,0.4981352433977224,0.7818956290124239,0.7601625591723102,0.6035118299684753,0.6797786659350521,1.3192541718166624,1.1153533378965432,1.2721750947934094,1.2340400275977197,1.3709223671427475,1.1774127309165854,1.3409349210424955,0.956116030018826,1.3038314020550976,0.8080298374239667,1.4470344361455993,1.3177453090898117,1.315283623214404,1.241158851887034,1.384331672711231,0.9500814350202939,1.5822317591369306,1.0450549497945099,1.209794732603275,1.1967677043529794,0.6892676777189569,1.1365716752464508,0.7845679920701942,0.5435580328056232,0.47283013978950406,1.3621244220072874,0.5354480495223206,0.2960374865418127,0.5388997827840633,0.6033878052631286,0.45281195451413014,0.318770832681687,0.1350565705335981,0.4210809628812798,0.4398839063079682,0.8102780185042033,0.5404420720365731,0.5950955597674232,0.2967576669076279,0.2556619323643099,0.7171072049909726,0.8352951554620307,0.08019363482992052,-0.03948050411911278,0.726454142123456,0.4573638331133977,0.8633027292765387,0.7084073598994733,0.5745807153987232
ROI_020,0.9827202256484449,1.5300343689699236,1.6222253439538197,1.803998320662603,1.6784669696065064,1.6396045134204407,1.4130771953257921,1.690987423354177,1.8701440036644161,1.560212829713275,1.496675917265764,0.9694880009920444,1.2818694736860794,1.6345891516257927,1.6277313176273387,1.6793010081418371,0.9772302319299807,1.3209014686478566,1.3271727181442934,7.254328619247669,1.5498085028214448,0.7769575580293605,1.1257632856742614,0.4495298020310335,0.8556626846382203,0.09385186921097652,0.9411134970735415,1.114580883656522,1.3228541439112282,1.211478339702706,0.6289597483418286,1.0526798590017072,1.0111590285555447,0.7741060375726372,0.5445932919095918,0.5733280226117716,1.0716457249562885,1.2839458325734896,0.9929412587040694,0.9026492912925067,0.7931667751145132,0.35526497492265513,0.24765309009211253,1.3043507266884353,0.8012825690055705,0.7695027590431828,0.4969713957385637,0.9541928529341167,1.1153732800055787,0.8877987650640022,0.5759018280612455,1.4228141821408888,1.3931498206074322,1.7835084589179264,1.6248869633957448,1.9267813676906176,1.4528616934851013,1.831880409144279,1.112430557280499,1.6846368109711158,0.9025120138384131,1.3206594364029596,1.6472357149195833,1.8651585636129846,1.887802460867714,1.6069994048108578,1.4905475937007369,1.8106843304622589,1.0129878065626845,1.0686091089090015,1.8647647321821315,0.5739231184925556,1.1441394010072627,0.9982416820093496,0.5599454516465158,0.6712152037889544,1.8517783107410155,0.5449736658602081,0.2963362019314154,0.646088041975777,0.5747943713421673,0.3649642250127341,0.3703420804645562,0.2330887438084979,0.590435393911498,0.489595995830847,0.8308587078045886,0.6211467014568359,0.867833157359059,0.3315602126927953,0.16724705768561035,0.8585743607251215,0.9712102335306911,0.14661994582694068,-0.08033232812163019,0.9995151384667271,0.6084530733714806,1.0737433256562563,1.1781486446316591,0.8794527483579927
ROI_021,0.8334133369486305,1.4805050414775103,1.6185442062940039,1.3324657422574042,1.1384924805328076,1.1801584662414075,1.1093167674674238,1.5353814019761458,1.338311791094695,1.6253305030713476,1.5596313720039,1.1861261484940846,1.504414161517565,1.4746655553789865,1.3880490720481398,1.6443472700080481,1.1744567029075244,1.57670080702469,1.4690504325333178,1.5498085028214448,7.254328619247669,0.9784275416561914,1.2875727043397944,0.7619839669778795,0.9851759866369496,0.19816545607415487,0.9602092588326909,0.9678737071905509,1.4189410550578916,1.3391963344297906,0.7584285180056366,1.011152495846736,0.9966326892333524,0.8547356019541141,0.5259049021100166,0.3992273812002463,0.8740680023842267,0.9780409026881088,0.9282418092927449,0.8714242159030543,0.6788430722866111,0.2557359135823618,0.20613174352595015,0.9779437165700834,0.6894771303606722,0.5997208482850185,0.40936208695328435,0.7172342814180073,0.771017662949124,0.5992581828995216,0.6356811211492581,1.374275715729327,1.261828754471969,1.276453558650004,1.1242418052876586,1.4147718799813493,1.3331425636241963,1.344617439476196,1.096220473619904,1.3857585982169027,0.9836026941839052,1.3114620842998073,1.5238908515109906,1.274775748043913,1.6651482436195506,1.3007607302745727,0.9890512563284981,1.4747148094244134,1.0369398006280492,1.1535729509940011,1.7996289007993538,0.6019798456961463,1.0832108503390803,0.8252843571477173,0.693415994127282,0.6840242348270835,1.6349855847634842,0.6993691510948215,0.33246369820790894,0.6094063218680228,0.5957356181013984,0.3047598480844565,0.25557470492630574,0.0809912280302798,0.5036716041612405,0.3501652843579886,0.7898106817328575,0.5992440671673155,0.7238770170008766,0.21490607370798911,0.2266558716891066,0.743187918374938,0.840517960333452,0.09804222799650895,-0.06519591798979597,0.7963535058461368,0.4223674535640687,0.7976679026270431,0.7313020166383811,0.6135944548021468
ROI_022,0.5108916531574176,0.8512073712526939,0.9769430738225693,0.8143626766917299,0.7169505854636378,0.7731128151415494,0.7403711310297393,0.9132916705172199,0.8246558601446733,1.0637499237486367,1.0813323684735117,0.9980225655359329,1.098785603509646,0.968248106131044,0.8343842112845543,0.988275968022473,1.4702404570490248,1.2231364838604248,1.3329753505143371,0.7769575580293605,0.9784275416561916,7.254328619247669,1.3798296465922129,0.7954619911401126,0.7853071221318326,0.28472321547372464,0.686175699669235,0.5003999405890214,0.7498848298347744,0.8955848215522108,0.7871364945933865,0.7226817333507354,0.8981718238730912,1.1926943902025873,0.8461721776403572,0.1685264251887055,0.5050837950233524,0.5043733186817181,0.7430822129369683,0.6536306000582823,0.6578983641844032,0.3080149291668034,0.3622684555444666,0.5312664411294098,0.7337132458728914,0.3067224721778728,0.3908949821877331,0.5387914537100696,0.4409351425375638,0.29730707945341706,0.5366615298969136,0.8121132374988761,0.7264060372830372,0.754641097395684,0.7134144357046127,0.8018672137951769,0.7477284245735164,0.7894165542391908,0.6139458568474371,0.730673858388029,0.6004826025302011,0.8718679410424504,0.76569152907553,0.7406183504678427,0.7745578410350455,0.8220859265915992,0.5484346285772128,0.8913571038262268,0.8085668131099772,0.895126996499005,0.763991297331843,0.5429012304612217,0.7812462712948817,0.5112399158345761,0.44357693211979626,0.2946475704970991,0.8230357378285187,0.5138839470881392,0.18964900832191262,0.3252567694643451,0.4628487263506506,0.3781975417514519,0.2443889262865645,0.10164763936983873,0.24804456289535723,0.3005231684894819,0.5805782406257517,0.3930860161476895,0.4170686650164123,0.08806906821673909,0.1667626625838102,0.40076402757429647,0.4972490111750565,-0.013369849992616072,-0.034829721401591206,0.4662691605107234,0.22333230989657218,0.526952950675843,0.35852240902253735,0.2898609693320798
ROI_023,0.7351389087006085,1.049262151251284,1.2694030586551253,1.032617026945595,0.9592548741435873,1.0216391112225427,0.9853786562914353,1.168744024278168,1.048821989607345,1.3540427821278609,1.2654732034840326,1.0525682497562174,1.35314481684259,1.4417443625681021,1.2554642218992214,1.208173579099765,1.3453669558761308,1.3824903951057428,1.6991593849580129,1.125763285674261,1.2875727043397944,1.3798296465922122,7.254328619247669,0.6545841847999172,0.8034824375192522,0.14274836096735996,0.7866189847734509,0.7074660244410658,0.9454899206741703,1.2374046093313775,0.7280809036654999,0.9694375971056487,1.0388784178995323,1.0859190701556982,0.6658889966584406,0.22806958723982496,0.7496344926817606,0.7742881686713259,0.9129606064114877,0.8195490027752124,0.8228583124395007,0.27293811462117046,0.3281341334031861,0.8197226348934507,0.7621234893194757,0.5608035686536453,0.5270868486632171,0.7640025091309187,0.6060380082007024,0.5337496227696613,0.6720702596737347,1.0826312356041514,0.9017258597077451,1.0012965626743489,0.9726235313835678,1.1137578767136054,0.9163591486846981,1.018159800905104,0.83316066490114,1.0294092032417226,0.7134006003243761,1.2192112623958895,1.1171553076252143,1.0957059304682026,1.1468416663547294,1.258312911924426,0.8254736454515434,1.2976110184910843,0.9639706973364702,1.0755938918532602,1.0503026333950305,0.6243336929588512,1.0762179543826418,0.6569447170894422,0.46246099044838956,0.4539477537701813,1.1849751971670797,0.5949220102540483,0.26743185677658593,0.565617971289842,0.5550317826308688,0.418476450236819,0.3473537679179524,0.15609139817756806,0.4125283072920916,0.4729261154801595,0.6943301392912825,0.47612534036130116,0.5152764422884507,0.279578526001419,0.19482414857131364,0.5823680007041573,0.7254149003170738,0.07937545222902669,-0.04195425742018712,0.6571433782877889,0.4246238256674546,0.8424233509734186,0.6063804056527341,0.5142529408765875
ROI_024,0.23677439384051246,0.7244461677652548,0.6701059840619189,0.4873057277676174,0.2731250103229786,0.288702376888701,0.23336064210326116,0.5868062759696827,0.36760751915964424,0.7529074183153176,0.7022864293410936,0.9683340942198753,0.717454533767923,0.39018679089326286,0.3229151473724861,0.7131915128287951,0.8487799404645935,0.836152468655112,0.6482248313979069,0.44952980203103365,0.7619839669778795,0.7954619911401126,0.6545841847999172,7.254328619247669,0.9325865151235905,0.5502445998038625,0.5811048070150778,0.5324531590948585,0.643970553905247,0.7055326819844385,0.5614378566054145,0.48791490282334815,0.3588522740272887,0.7210599783704166,0.2709862006729103,0.03594879164106127,0.3449646353050764,0.271686075693894,0.34646338956396294,0.4186022456555899,0.11445290243240784,0.08754924269856153,0.045970954150010186,0.1827220507528476,0.160903704798863,-0.0340257144603263,-0.06511459729283853,-0.013635383635907786,0.01278124409636506,-0.06883867319243203,0.4302140622025514,0.6545278045613615,0.6569992141542702,0.4152268915636109,0.2421456518122724,0.37324305720183765,0.588568019981635,0.4115628095993463,0.5955482445485069,0.5309843952406889,0.7638376155573471,0.5028800107256814,0.5798459533454093,0.3079882839007699,0.5569392143184132,0.29066581085748977,0.19245670002876983,0.5046571343314324,0.7348977936039285,0.835446367083498,0.6035327072584062,0.48659356812862387,0.49169929363789144,0.509105673250725,0.9292360531332918,0.5809019437379066,0.5855467428641328,0.9050577643236951,0.32379180393330986,0.3765831813576449,0.36955732037958094,0.035915144542338254,-0.11259416062182945,-0.18930547340695825,0.2754305289924528,-0.1636257287857805,0.4386562448263034,0.3069384461847335,0.5093081735984252,-0.23790740282250125,0.062330734755929686,0.3039469159746914,0.3143059055303723,0.02886059752062293,-0.05147962408009489,0.14940819467412203,-0.1978643871647748,0.06744689423860203,-0.04467551283195355,0.021812834828170577
ROI_025,0.5597603729210957,1.0418338913644236,0.9670188707202891,0.8154103842670606,0.5759151338071825,0.6320625402150063,0.5269097812691955,0.8479486405401312,0.7023049275790094,1.1074539777471344,1.1211756610558035,1.4728310195042844,1.1157417005310817,0.6679933325868005,0.5697627231963944,1.0401195193731223,0.9863733028040154,1.0092754454722899,0.8827453177560991,0.8556626846382203,0.9851759866369496,0.7853071221318326,0.8034824375192524,0.9325865151235905,7.254328619247669,0.6646288605821086,0.6921219269057485,0.8438430292469286,0.8564605344394242,0.8459792959721825,0.6076894641930161,0.8357484770583382,0.45669172775629224,0.7537182834332192,0.3473947046738707,0.41148419352094745,0.6558022164605484,0.6017672964887673,0.4536837150382665,0.483853254175591,0.20749404164416277,0.32229265915066985,-0.009206087096700764,0.48364806104847985,0.31033997160648297,0.09907120417217094,-0.025599112247277248,0.281366112708801,0.48220588786766744,0.25270846151717535,0.5142301746918745,0.8823623886120137,0.9012968822685696,0.7339630927658144,0.5627042539455058,0.7469291090390187,0.785307818980597,0.7110566338163279,0.7424153171414825,0.8986821932125112,1.019758471781144,0.7903764708678797,0.9274680921440235,0.6206583474486912,0.8360275883666115,0.5535119329795827,0.5297789746604328,0.824271555344916,0.7888661506112267,0.840722727316464,0.8803621752275925,0.4375340152643278,0.6462473635221528,0.7066075718889698,1.047533826924968,0.8470130110502873,0.9839403073744293,0.9577189674660395,0.2959815196133236,0.5683498255444486,0.368589062812669,0.07890450124380095,-0.07530178907807862,-0.06411517478044619,0.33080882630738495,-0.09306200989471038,0.7441748342461678,0.518461113216476,0.8254772807284494,-0.1860337675845724,-0.10656848298897018,0.6079087240477034,0.35336673141555913,0.007985241033798308,-0.22620036007534683,0.38383939110432586,-0.02487473377199305,0.3274715382130599,0.4076666044637985,0.3083230054592221
ROI_026,0.1364967640062396,0.20630249892031308,0.15969046991756294,0.1136527080585172,-0.04423016631736955,-0.02188417016247513,-0.041808487474912254,0.1607333817698379,0.012936764635718048,0.2599940084401282,0.3151172518880431,0.5520443987004454,0.25649903092230136,-0.0015635921234617154,-0.0995279233520205,0.21768253942697327,0.28312661701152353,0.2840964026417495,0.12058737944486034,0.09385186921097652,0.19816545607415492,0.28472321547372464,0.14274836096735996,0.5502445998038626,0.6646288605821086,7.254328619247669,0.39968955751912977,0.33442006607124064,0.23450797205376672,0.1925360519469647,0.02843104457503278,0.22326915705902994,-0.040133134915042,0.2223066219636931,0.29029250782759747,0.13170123917591758,-0.04449293422298861,0.020904738459958085,-0.0031667306056369707,0.042053803075397383,-0.3543224487736366,0.45730802960531675,0.002141458516944216,-0.0514355111780727,-0.05818512343490363,-0.3513010938784021,-0.37498077744902647,-0.16732536015784255,-0.010979312432177781,-0.2417461791694772,-0.07680245349671114,0.09214143330875141,0.16135073539025777,0.00985112571219897,-0.07792422430382184,0.02408344014035607,0.1477110471189743,-0.013117620704109604,0.06915775369171248,0.07862107874299758,0.3857716315956407,0.027171999449347034,0.11048009529510157,-0.0943639212227121,0.06944159260275871,-0.10890164064663208,-0.14876920497267043,0.06001781822281649,0.09462361102289311,0.1274164365541299,0.11505503248248579,-0.025075359568296582,0.005914093083551597,0.08997049568218157,0.5592247027254136,0.4199909769557524,0.11503562041758991,0.5105173519081058,-0.08732209145937217,-0.010806503873142814,-0.1936913273502407,-0.4728960829878174,-0.3338733322797702,-0.10316316954558424,0.014898703732835387,-0.5040005465980186,-0.009516264693618364,0.11649310749580229,0.24958790056470714,-0.767341156818451,-0.5206443313375535,-0.015924149754938995,-0.28232621311351686,-0.22417885914648195,-0.3210761776131358,-0.1155077413940005,-0.4042756613675031,-0.2509368648144447,-0.11535308978899106,-0.17208664376853058
ROI_027,0.6449852837797189,0.9134450526212509,0.9255272454470209,0.9240590791916905,0.8058502410509978,0.835300433328144,0.696660534201661,1.004301809139395,0.918087695814086,1.0266593481268176,0.9373231992530029,0.861448560327562,0.8923071554516917,0.8455416266729201,0.8132239358350074,0.9923037805648695,0.7997893289402667,1.015045018703491,0.8701057321207327,0.9411134970735419,0.9602092588326909,0.686175699669235,0.7866189847734509,0.5811048070150778,0.6921219269057485,0.39968955751912977,7.254328619247669,1.1125067348894218,1.0675926154239432,0.9867519561812428,0.49065056933599455,0.599097636041358,0.7174717612768828,0.6801823349799628,0.5445224458235967,0.38524358580881785,0.5712571856398295,0.7063794057022128,0.7535099905755587,0.6391245069123052,0.34732221339065295,0.45864645776332674,0.18474963712943263,0.7186453288486994,0.5576238304809952,0.4023560669015821,0.22299642869811198,0.47573847568052197,0.6173067431132888,0.39176202475644417,0.35248143139321253,0.8870838920741381,0.8387993119200177,0.8457873459911799,0.8267883990627771,0.8757819065691459,1.0584488932310858,0.8824649213423363,0.7602369740460532,0.8825755190918328,0.8086805636552227,0.7945828821359086,0.9277037974275439,0.7983562620504107,0.9402207268772736,0.792153209375984,0.6029939333471689,0.9349441935081089,0.6902948751991153,0.8306287415206287,0.994076935344401,0.454002264987647,0.7230128798951316,0.6916268316670295,0.6124016240685191,0.571148388922931,0.8809049606510542,0.587861703392943,0.16548652169860678,0.23830703367774422,0.20870515196914988,-0.0014990261440750489,0.1782430391938617,0.08981077427812256,0.5539761140872346,0.13255623845575557,0.3345219724477704,0.4443455318556334,0.6102680403044666,-0.10319793493557952,-0.015717382766966714,0.4856100411117103,0.5852847580374533,0.028744135761202973,-0.18300896420053528,0.5880654612129683,0.26198162033881206,0.5664853522138287,0.5613253469206585,0.4588061179260179
ROI_028,0.7178724059336863,0.9532137504519268,0.8909819656367787,0.9256694316489149,0.7585388014604343,0.8150207787664465,0.7068642891551382,0.9102616987703938,0.9041345219097979,1.0356421130128466,0.9642371546936352,0.9432734845031377,0.9393692205288587,0.7843785582163911,0.8343024922699004,1.0211051533933284,0.7140957767087375,0.8913743463908167,0.7687891957957751,1.114580883656522,0.9678737071905509,0.5003999405890214,0.7074660244410658,0.5324531590948585,0.8438430292469286,0.33442006607124064,1.1125067348894222,7.254328619247669,1.1184971863815356,1.2038743441678348,0.5066397614906643,0.6917337035622769,0.6015618668926154,0.5904788482698405,0.3354013760507524,0.5313912016265974,0.7594430158663188,0.8252907948133151,0.6554743265399487,0.5921433854996828,0.33836969867579164,0.4243884927525005,0.03207130720844068,1.013586262098226,0.4504078242747887,0.4817862490477258,0.1486282084365791,0.46568686797668035,0.6702501965814379,0.4966114779391227,0.523123260838465,1.000747143627074,1.0115642535373823,0.8524519720069754,0.7972862971364606,0.9253640579810413,0.9616114658154488,0.9004599417281973,1.0196815953049698,1.1424897019779006,1.1694654295327775,0.984848639510381,1.199004133055112,0.8717525751304256,1.1312605454546234,0.7887518820537486,0.7967016793282132,1.048564407512582,0.8913153865982237,0.8117554803217397,1.1270557066578282,0.6247684783323821,0.9385965178843871,0.80543456598895,0.8429564535205794,1.1160668993438783,1.207471014038098,0.8898298185729295,0.36206736400163153,0.4533946445647812,0.5144589695839431,0.1783813828495872,0.3247767767715275,0.29209050787957447,0.9428152621344863,0.2738985761722099,0.5490617520063326,0.8018565992106803,0.9424855445472841,0.09203893425514363,0.1042367873977346,0.8082332075179974,0.7775591282609561,0.2486381399250331,0.07808965211710991,0.8649254643759862,0.36997467979815113,0.7795615600145391,0.6877533323290475,0.5129139877617187
ROI_029,0.7394714830102151,1.22841762425068,1.287880656754102,1.1846358677613285,0.9741418570828116,1.0068400003631146,0.8606702404223769,1.2652403484657004,1.0904477944981428,1.2903401040768332,1.1436145793188413,1.065717510642568,1.1829247634514044,1.0580256772634742,1.0978702879265938,1.2895987866201308,1.0092709384545426,1.1961640860284166,1.0941303036871468,1.3228541439112282,1.418941055057891,0.7498848298347744,0.9454899206741703,0.6439705539052472,0.8564605344394239,0.23450797205376672,1.0675926154239432,1.1184971863815356,7.254328619247669,1.3638266085594126,0.6031279043667693,0.7696147289004865,0.7270713993230377,0.665027821365819,0.3880713595599127,0.3172056817280849,0.8247389267876575,0.9005956627824722,0.7684957907661364,0.6387874902741428,0.43893617735253376,0.2845748882319684,0.06950792617554563,0.9180478609335669,0.49129785467452897,0.4942208768559237,0.21281787355503368,0.5078744643129264,0.6687668175405872,0.4865841755874143,0.5853974739718323,1.3134618395472455,1.1938215481358194,1.1029279113369108,1.0066764326305828,1.155396128291718,1.3318240002670407,1.1274155972946958,1.1482579102427326,1.3193066201646475,1.1188515159752226,1.1786077059505595,1.3690934618377557,1.0759770377692477,1.3806537475660172,1.017829425621396,0.8299447346664603,1.3220449242615353,0.9576115201258306,1.0199966943783987,1.473135163104961,0.6906210500972702,1.0792574406503395,0.8286327536190741,0.8265507057637798,0.8440403036634572,1.4834311009858996,0.7741535054239383,0.34913433609245165,0.5116861382141364,0.45216474828008657,0.1683995100265545,0.21414004897000263,0.09054349095859802,0.5872237112861646,0.2283820649205969,0.5510569335568255,0.5501512793122533,0.7029739412369929,0.10947572891200784,0.17231292161448056,0.8349301115672799,0.8584384062048128,0.11259881249564622,-0.045397571128615324,0.7240905492197566,0.34725407752688514,0.720106769975378,0.6593982799277969,0.48488764547703245
ROI_030,0.6886706767750017,1.1333278065816905,1.2317549976171394,1.0576038136807664,0.8696651635498084,0.9272488961396127,0.7922958131933125,1.1325158547691987,0.9922524677342746,1.3674134907177642,1.1371144469938637,1.1809595814744178,1.2796962700863854,1.0899960519857534,1.1124420641577237,1.2204946033939346,1.060742678793323,1.2298328799606215,1.1877743301550294,1.211478339702706,1.3391963344297912,0.8955848215522105,1.2374046093313775,0.7055326819844385,0.8459792959721825,0.1925360519469647,0.986751956181243,1.2038743441678348,1.3638266085594126,7.254328619247669,0.7117604782037752,0.8236370431047552,0.7744726624542886,0.8335655660748691,0.3660178629269935,0.2794207900336369,0.7791164946307136,0.8316190103108474,0.8477424309909378,0.7144637055605267,0.5193370752271887,0.30903264229048094,0.10845838752532645,0.9780976739605048,0.5390612261499332,0.5276873585620463,0.26968535272427263,0.4970718637432088,0.5871126502976435,0.4706949380389655,0.6854405458817088,1.2556489557204413,1.093180764597851,0.9798705863035141,0.921759619264302,1.0473285073333758,1.0616404511183581,1.004926514628682,1.2125719222008327,1.2626846346887486,1.137610187250201,1.3144374618855044,1.4228429535402627,1.0555781720676993,1.3612219688854028,1.030704272632947,0.7792146659173922,1.3624035363555296,1.0829724136417294,1.1355129133300257,1.300915000972318,0.8245160559599903,1.2215914379397674,0.8661510703068908,0.7655048767756747,0.8674043578972002,1.4541872827920566,0.9550546842504187,0.42032047755449636,0.5855635466685271,0.5497396430673651,0.28828111086686403,0.3180137960884654,0.08513230221868902,0.6824065241358581,0.3393108658126632,0.6215109908976053,0.6298935294509715,0.7079558005497673,0.17192941332278777,0.2488430903132109,0.8536557586214953,0.9697960980350383,0.19021999881107768,0.09804146093804952,0.8076317470961054,0.3816446315700983,0.7945082123449089,0.599118237584428,0.46965230164197336
ROI_031,0.382595375692402,0.7628698577533751,0.6933475434545445,0.6418026714741709,0.5461706684975302,0.5703767634187433,0.42449184729474704,0.5840125579242302,0.6660022085801075,0.8002905343750072,0.7072049069693558,0.7310253292367418,0.9326172800178123,0.64080626721174,0.6222789695777713,0.7942765829372717,0.911704944311855,0.7365032321545517,0.8724655175873377,0.6289597483418286,0.7584285180056366,0.7871364945933866,0.7280809036654999,0.5614378566054145,0.6076894641930163,0.028431044575032784,0.49065056933599455,0.5066397614906641,0.6031279043667693,0.7117604782037753,7.254328619247669,0.4959516792796616,0.7321958066025243,0.771436568090143,0.4580269799114163,0.14425362258044463,0.5484254876424112,0.3259795267897078,0.3674938832247297,0.2860176208833116,0.4502122586133916,0.05793362027866183,-0.009660946858625162,0.5003463103059653,0.6328420225429905,0.19988722563569827,0.12880814238539462,0.30854310418400077,0.31215841780260223,0.16483731753808437,0.8147230514935686,0.8004143962589854,0.8362429931094955,0.6989908658480859,0.6296066020308725,0.600012305057251,0.632199439592384,0.7340050419042483,0.8133262188180939,0.7529006125196533,0.7573305350259991,0.8552779435486029,0.8029687529116337,0.6689682309101044,0.7554381603142208,0.6000914351763146,0.5206479980434907,0.7401388796777231,0.9623134513543696,0.8737280017039184,0.6631217770852281,0.6102427460768952,0.7579987290400774,0.6286610288566018,0.5878556570029537,0.3937466414370727,0.7353425488482119,0.5989807777742342,0.6074832286536087,0.3598311752645825,0.7329232511429788,0.6617379244278452,0.4056606759074951,0.13523030628922236,0.5082321070373031,0.2538768682311147,0.7534101820189836,0.5994582097460331,0.5271593725086975,0.23195114398535183,0.5677475870969558,0.5738120846156541,0.6321592858214483,0.3047857138915696,0.3092453476995243,0.6688358910170592,0.20157219209636565,0.517574206531866,0.2399360786237313,0.1896935309425736
ROI_032,0.8872991221114385,1.0238113676336758,1.0759891399384094,1.062733327717112,0.9577282269910254,0.9618093518957231,0.957270644385815,1.0261811878210605,0.9669088523731899,1.0515948909305082,1.086464384538956,0.8023173827990826,1.0126479309843364,1.0729322130449734,0.9279195514150222,1.1720963019567372,0.7482668618561813,0.9178215787796881,0.9287327355268783,1.0526798590017075,1.011152495846736,0.7226817333507354,0.9694375971056485,0.4879149028233482,0.8357484770583382,0.2232691570590299,0.599097636041358,0.6917337035622769,0.7696147289004865,0.8236370431047552,0.49595167927966155,7.254328619247669,0.9265512489394127,0.6324067078693815,0.604519246304872,0.45769617976903976,0.9136668115016134,1.099531887781003,0.8763078294870285,0.8103113867487368,0.684544088953555,0.4010898352681954,0.42923609512527333,0.890396331704375,0.8622774948842633,0.6462477510312976,0.4969508137909579,0.8088785578178127,0.7470615955928381,0.6883991328893,0.6107527948873145,0.932701988229582,0.9151598947590935,1.039182968172296,0.9201806960922155,1.04708260876708,0.8480188248325417,0.972703480257524,0.6920764168423507,0.9815409946220294,0.6307140797192077,0.8213653815419717,1.0466496067652487,1.0016257852798898,1.0686841393832016,0.9350102174077878,0.9073534631200765,1.07855133683781,0.7043764427515895,0.7568820471294782,0.9089079338477609,0.4439153397556164,0.8035600243945676,0.6958235759274823,0.4323400073623482,0.527684447308662,0.9569072503517199,0.4739231554854308,0.3764584233140011,0.9503883756300746,0.46806960000329695,0.24384277146418573,0.3796523677296866,0.19644451500322752,0.38074929450690426,0.3940678597204564,0.7560424025325044,0.38116450238617544,0.5792563676911529,0.29208649717749363,0.08549662437900026,0.7058518071891597,0.6047823234211337,0.24849043334719093,-0.05780410528467392,0.7438212967807017,0.49358349922215355,0.7068761833387597,0.749278947184513,0.6612124745805547
ROI_033,0.7930137920814578,0.8457922099352672,0.9525946757802698,1.0468976494505304,1.1419884504685753,1.0808640954597177,1.1640707220339195,1.0294418025624832,1.1307147513332578,0.9791678349022039,0.9555867493728302,0.573488843285225,0.9331928106886803,1.330324594549703,1.2516251707988038,1.0355208473286641,0.8108297262149272,0.8824184251743143,1.050834526017029,1.0111590285555447,0.9966326892333524,0.8981718238730912,1.0388784178995327,0.3588522740272887,0.4566917277562922,-0.040133134915042,0.7174717612768831,0.6015618668926154,0.7270713993230379,0.7744726624542884,0.7321958066025243,0.9265512489394127,7.254328619247669,0.6398357006148931,0.9206415868679015,0.33244389531130003,0.6332619359922599,0.8861656790947703,1.029515547807213,0.7859881100753258,1.0303241465226642,0.331454601908447,0.5854587244280192,0.9786384303360145,1.2713389256770995,0.838565817373635,0.7680837576703283,1.0178293094133375,0.7677916289718045,0.6519246389129707,0.49919736112749746,0.839527816465745,0.7995361534617482,1.0567197669025374,1.1553984520344758,1.0599997292963579,0.8696439432503386,1.132762771115068,0.6317318745676523,0.8573419326350963,0.4629696548920472,0.8657797468710565,0.9075789750115769,1.182286763365363,1.0778316926474338,1.2583094326789694,0.9218844961502399,1.0391425230479263,0.6713659021869838,0.7145090232730292,0.9186667808582322,0.43848577019133783,0.8033651199847652,0.5554531873506433,0.19073226099623947,0.23332323857739032,0.8759342659769871,0.2375127648835218,0.29156079116310946,0.39454804934558935,0.5523952784933817,0.46498183279521726,0.6065174756754417,0.40333204776053605,0.4058773193558337,0.7331343363996393,0.5726155498997957,0.41345476885004845,0.3803915905754855,0.48052736811353813,0.3148752972638148,0.46094846372901127,0.7812200389482644,0.14661593751369667,0.0859825907315845,0.954901525779577,0.7309842251915314,0.9593169231728244,0.7117475234638236,0.6245176814721967
ROI_034,0.4821377260027373,0.9104475681306187,0.9438375864655673,0.7900711264643353,0.677959420876158,0.7592247455133527,0.579089354989621,0.8006069060989434,0.8480630039968429,1.0656945203874528,0.8603003707877191,0.972700132031135,0.9547737825006667,0.7836661661278589,0.6939958807533387,0.9984135583964094,1.4645936779286302,1.2556524760066807,1.1426010495045293,0.774106037572637,0.8547356019541145,1.1926943902025873,1.0859190701556987,0.7210599783704166,0.7537182834332192,0.2223066219636931,0.680182334979963,0.5904788482698405,0.6650278213658192,0.8335655660748691,0.7714365680901429,0.6324067078693815,0.6398357006148931,7.254328619247669,0.5855710587332035,0.3243177647137005,0.6457154699386641,0.39371420032710064,0.5484067373881308,0.5346873616467509,0.5456112073547749,0.1401405560319272,0.07952904094844288,0.4538449147389308,0.5794669789961712,0.15200282959942135,0.2172270743226894,0.4143269097220488,0.4396439194077348,0.2763913939097869,0.5941904329266526,0.8223686215608685,0.8303426707415776,0.7601430048906745,0.7196366045732552,0.7981988610578784,0.737064158194084,0.8181677117255028,0.7330847431008042,0.7567543092012158,0.6942876694832663,0.8521437160474927,0.7722938891354516,0.705266096953853,0.7088688228596812,0.6906800342515342,0.622696240222025,0.8517579686383985,1.0872239602107154,1.1157002915866285,0.7575736684822607,0.7257596965146762,0.8203804659808366,0.7514337667398554,0.5399143406153514,0.3862846503653349,0.7956798180195561,0.5499043359755125,0.1864719471651329,0.34194190493007626,0.5934411531625835,0.5635330824574822,0.23221628691444676,0.08711945833927172,0.4669063148848609,0.24700714800095164,0.7200103029413814,0.4811171185923427,0.7642613355649442,0.044783765051162605,0.12922315193090367,0.46749667254639526,0.5360158412145437,-0.02465267170233245,-0.013204126885637539,0.4391409820809014,0.08362011293172887,0.5330295916812616,0.4158689778023887,0.2671656170616312
ROI_035,0.4849859991904895,0.4407888269367015,0.518158805101993,0.5711167899253642,0.6278447930264262,0.5811530617247603,0.7116764881376141,0.5529469976223513,0.6249476445535613,0.5504938918476058,0.6948686761148097,0.3735404203691802,0.5660685618918027,0.6902132324647834,0.6166278723026553,0.5951715709155246,0.6325176670405992,0.5847704648115756,0.6600008975159215,0.5445932919095919,0.5259049021100167,0.8461721776403572,0.6658889966584406,0.2709862006729103,0.34739470467387074,0.2902925078275974,0.5445224458235967,0.3354013760507524,0.38807135955991273,0.3660178629269935,0.4580269799114163,0.604519246304872,0.9206415868679015,0.5855710587332035,7.254328619247669,0.23279415931389102,0.33264757274431156,0.40197638939866775,0.6019844086274455,0.4865480636318068,0.7173546152628999,0.42441890825739964,0.7290886785900151,0.5073697966397676,1.1422706396332347,0.45179460643009345,0.6389161123959138,0.7850491749717491,0.48376712144737183,0.3827224225068713,0.1842092287779555,0.3710680180172375,0.41232513076136995,0.5419342029221057,0.6090104264730306,0.5655175387566928,0.4532196092368758,0.5813005212891227,0.23822054050825242,0.3675498426447386,0.21915835169706777,0.454741132441796,0.40546325933840166,0.5531373736406763,0.4826997528414024,0.6308319676485075,0.504477651685248,0.537662609630653,0.3852150806974193,0.36813294285272685,0.4228571695276022,0.15482867607417078,0.42819316595097917,0.21404113354185964,0.04438944513474216,0.0008166067837629681,0.40167361365987203,0.04976063107039136,0.04391039207257378,0.0809253398610237,0.34577705020123245,0.35409067180897746,0.5855515160992484,0.5698593038630907,0.25036872751170086,0.5401307848091266,0.3229792769383775,0.35681343936523335,0.20996727992249958,0.243215378255001,0.06153487438544214,0.11047058696733111,0.2590613151458803,0.018975771376069227,0.026161457761170116,0.576580631888333,0.49171670421295527,0.5615507196172831,0.38931294009652184,0.33777748951043135
ROI_036,0.5949333008522031,0.3872188250935677,0.4084240214696557,0.4398078195683818,0.47177449590288434,0.6066119052840261,0.5647978814130703,0.38447448030402265,0.6467116175113943,0.36277988257725646,0.48423003931201886,0.2641171448159367,0.3507627561744168,0.41272044291771454,0.40017933570404957,0.4164663488887512,0.21662635208344527,0.332521001805054,0.29364879618750395,0.5733280226117716,0.3992273812002463,0.16852642518870548,0.22806958723982496,0.03594879164106127,0.41148419352094745,0.1317012391759176,0.38524358580881785,0.5313912016265973,0.3172056817280849,0.2794207900336369,0.14425362258044463,0.45769617976903976,0.33244389531130003,0.3243177647137006,0.23279415931389102,7.254328619247669,0.6260348810192057,0.5602887848988173,0.3938818926965091,0.5452477967804619,0.38441949213490456,0.4848492304766811,0.09227403882287515,0.5921681142053037,0.44364954572091947,0.3597778457908195,0.2507748252679947,0.5460497423570972,1.0159753490278367,0.8178081669194046,0.1107380358890423,0.2988903999377719,0.32858732011068553,0.43240997548426074,0.5072732071480968,0.5941633666247048,0.3272853918588198,0.5204434236367881,0.27732036573847496,0.43487102366446373,0.225609931268714,0.3146445156213908,0.394866660852391,0.44712531389948534,0.42768189821744,0.4023964064116367,0.5802917784362072,0.3452706249343215,0.22770408260214314,0.1950915580070781,0.4348410275766403,-0.006078946471465814,0.22594295500061265,0.3780302681980605,0.1020120580231333,0.29480810461873974,0.44439085928737604,0.08903728751943786,0.04084230188209218,0.2587720582410003,0.19026205091782272,0.18259194601615314,0.11212642124318169,0.17368770693585217,0.21596209415667306,0.1259952504893264,0.5863417622571749,0.4476113678515234,0.7986876757359505,0.08428944810207913,-0.16633853876588384,0.35847833565924575,0.1533944259717375,0.021609304143714977,-0.1357357849288617,0.5158884116551328,0.30866615243082957,0.40464812063758754,0.9036605460205088,0.8713393451595818
ROI_037,0.6746448489161693,0.9791663329608673,0.9180942328923242,0.9462240890327834,0.890528299767182,0.9266542338763175,0.8106408802117032,0.8220304039286206,1.0203767553806786,0.8986088571978241,0.8940388280827601,0.6368736870160289,0.8238425758717163,0.8761675022455047,0.8739602479442073,0.9628226273534057,0.6507320018239163,0.756164602159231,0.8600648395627932,1.071645724956289,0.8740680023842264,0.5050837950233524,0.7496344926817606,0.3449646353050764,0.6558022164605483,-0.04449293422298861,0.5712571856398295,0.7594430158663188,0.8247389267876575,0.7791164946307134,0.5484254876424111,0.9136668115016132,0.63326193599226,0.6457154699386641,0.33264757274431167,0.6260348810192057,7.254328619247669,0.8631105971243119,0.6232124176160936,0.6922696723150743,0.6862691833482737,0.2670505000626389,0.12950364604230397,0.87118660235972,0.6504971512152424,0.5870334230307145,0.40042981697847274,0.7247484287024144,0.787906544291327,0.8222975355229545,0.7324817082845345,1.0125082956268525,0.9903393152784896,1.0246045967081536,0.9690670136511577,1.06161388294383,0.8561846449391535,1.049834982796318,0.9662513742218696,1.0345229271484102,0.6364526280875776,0.874886726402067,1.0386647381427951,1.0106340624166406,1.050456442997366,0.8712295675657713,1.0802647390792492,1.0013430667840526,0.8469586680395238,0.8736883329220426,0.9564126601909085,0.571699344377881,0.9012792656351022,0.955391496577848,0.47169662726439454,0.5767692709496812,1.0694182519787692,0.47172223162411037,0.5083358572124836,0.9118186146955585,0.6528023581627642,0.5047236431686195,0.4239628742588267,0.23350051887949325,0.5682843538740058,0.3907695292988361,1.0823688989493463,0.6439839706149479,0.9253816342195976,0.43726492294390285,0.29854429440820623,0.9083371131949302,0.798074111424634,0.45659791418297235,0.1030469405570901,0.8067565144899643,0.4779540412174112,0.8228741569244723,0.879816850180747,0.767268386658724
ROI_038,0.9321292422281258,0.9894443521078979,1.0812326269186743,1.2047575171353762,1.2372849648391693,1.1938955103915154,1.297112173347402,1.2158117152982053,1.1469875636656566,0.9182360481050134,0.9732120075445285,0.6098903399762932,0.83825169580675,1.1511215608584002,1.1557838850077264,1.07394306119917,0.532252733594033,0.8380192524615024,0.8391656815173795,1.2839458325734892,0.9780409026881088,0.5043733186817182,0.7742881686713259,0.271686075693894,0.6017672964887673,0.020904738459958085,0.7063794057022128,0.8252907948133149,0.9005956627824722,0.8316190103108474,0.3259795267897078,1.099531887781003,0.8861656790947703,0.3937142003271005,0.40197638939866775,0.5602887848988174,0.8631105971243119,7.254328619247669,1.1416871255171377,1.0055915178426427,0.7102236434915428,0.4736339209054376,0.4391759198485114,1.2433669398464642,0.6717756291131555,0.9965860188428437,0.5587573173258997,0.8886951468932529,1.0673868666333235,1.0362662029630114,0.44742997496727055,1.0031934164470775,0.8800484594583813,1.1516026201199852,1.1325303194131506,1.2136013902760174,1.007139564595267,1.0979944862994198,0.6659349803304778,1.129265689516566,0.5403740114402126,0.8069209988254348,1.0968572330794042,1.204241479631246,1.1808254746622269,1.1446748573328571,1.0543108796430358,1.1461623974326804,0.5467865472832245,0.6477599552636083,1.0520328218318704,0.34349232386617684,0.7904556140000983,0.6838150620898974,0.32606612823562175,0.513768075427788,1.0630154102208147,0.2829684376351044,0.3084962005008165,0.726629686047959,0.28424690737501845,0.08372025283228714,0.30868052286870223,0.1496017045755841,0.32246555059696747,0.42915554122590893,0.5433994064127515,0.3043350920873608,0.5162375703060884,0.3767402771790591,0.09378243268100879,0.8134452563577123,0.8070428719506284,0.22550253715011068,-0.1426649770615388,0.7925120656962005,0.7314274626048934,0.8057359997928513,1.1689365080345269,1.0415246193751366
ROI_039,0.7664981495544324,0.7863232557519616,0.9342654872758492,0.9824515628722688,1.0968421386338616,1.1215149615487774,1.3593870699760595,1.1157207861037235,1.0323545538590766,0.8335215148065598,0.929428126155598,0.520838602933309,0.7921224031060609,1.2094414766120354,1.2059278760072107,0.902057168105774,0.6209755001604126,0.9029683040176003,0.9529826377660361,0.9929412587040691,0.9282418092927451,0.7430822129369683,0.9129606064114877,0.34646338956396294,0.4536837150382665,-0.003166730605636971,0.7535099905755589,0.6554743265399487,0.7684957907661365,0.8477424309909376,0.3674938832247297,0.8763078294870285,1.029515547807213,0.5484067373881308,0.6019844086274455,0.3938818926965091,0.6232124176160936,1.1416871255171377,7.254328619247669,1.481598671612793,1.0406248941159206,0.5597676726266887,0.8092179208648981,1.0417880947090838,0.7910485398131082,1.1109725189340534,0.9091995073811524,0.9202075633048573,0.9147320074522967,0.9406386095629234,0.2622468912173777,0.7373466415861518,0.6099559100602865,0.9144147753758843,1.037260334237796,1.0348885152023666,0.8121297115850883,0.9484072541335768,0.46326154896393884,0.7975585231438943,0.3498318728290957,0.7460062750722243,0.7916548452036788,1.0033734017563214,0.87883815534736,1.1714302769727654,0.8082546475888737,0.9651086980694615,0.4687877447346907,0.5830466220299698,0.8573004123653802,0.34108253737381494,0.6629091855136161,0.5082365484606118,0.1155076730912591,0.20960492314509102,0.8599441949134402,0.17108012649334925,0.06907960960220512,0.37802655810083363,0.29115924294657103,0.2116826693300987,0.3651571441347713,0.19774695109461873,0.278872853322552,0.6207307198299677,0.42664282612587373,0.3338136037604578,0.35337281964366496,0.4525349658605132,0.1080924176826723,0.4890816526727288,0.809668953659404,-0.003250921815675453,-0.029465287766084782,0.7434841094659383,0.8611268714320423,0.7370821819066544,0.847510949794401,0.934654125114704
ROI_040,0.6451051614249225,0.7572551867268862,0.8427591713655678,0.8400464180468291,0.9230447562211983,0.9801520062623894,1.158798739546496,0.9701870580872699,0.9240848079476351,0.7335022050934317,0.8750115121453882,0.47072438349751405,0.650221395531248,0.9846372146005654,0.9438086279717133,0.7846920269866444,0.50867867281881,0.8306054021373499,0.826588692413772,0.9026492912925067,0.8714242159030543,0.6536306000582823,0.8195490027752124,0.41860224565558996,0.483853254175591,0.042053803075397383,0.6391245069123052,0.5921433854996828,0.6387874902741428,0.7144637055605269,0.2860176208833116,0.8103113867487368,0.7859881100753258,0.5346873616467509,0.4865480636318068,0.5452477967804619,0.6922696723150744,1.0055915178426427,1.4815986716127922,7.254328619247669,1.0041955263076918,0.58476468123486,0.782935319033833,0.8440211320858426,0.6637874725372673,0.9696723650123983,0.8935304997910865,0.868703985341412,0.8648038669688728,1.0465221972531618,0.21317039581832684,0.643869474287545,0.5455938191559249,0.8021955406610891,0.846457994753063,0.9244169459798082,0.7169504308915707,0.8237290487598319,0.4134086344448351,0.6962301582498232,0.26924691747302537,0.5844218590599499,0.6655300482542188,0.8193602653925468,0.7709063538491445,0.9361708216196107,0.7384863132486869,0.7806192997670438,0.40616036356066804,0.5630093970492022,0.7863108910414203,0.21396991770168616,0.5117857373227035,0.5041930915673402,0.09482744247736245,0.1815903038005015,0.7723676373531981,0.1676230052088141,0.00941143649369763,0.41749454983677886,0.251064853753401,0.1849189397659682,0.2168348829781789,0.1048496924667663,0.1745442531191534,0.47563327456924864,0.5093810837084803,0.33874230122755483,0.44503271540791595,0.4119034799219738,0.035227418665940854,0.40742762065215965,0.6305303963099524,-0.0027036169756507163,-0.09336572854836893,0.6009384669366853,0.717261257412661,0.5601001535563892,0.8026158043402777,1.103433433770606
ROI_041,0.6281474414978967,0.5544962615089994,0.6792245369145059,0.727513174961852,0.9670333206370363,0.9704464646508468,1.249524636548627,0.7250047903719453,0.936240581828818,0.5827035353091827,0.7299577158952353,0.2427071311025215,0.6241742748840945,1.0841070082538329,1.1064090184390016,0.6657554287039559,0.5361438542708945,0.6077693806507181,0.8592517102877557,0.7931667751145132,0.678843072286611,0.6578983641844032,0.8228583124395007,0.11445290243240784,0.20749404164416277,-0.3543224487736366,0.34732221339065295,0.3383696986757916,0.43893617735253376,0.5193370752271886,0.4502122586133914,0.684544088953555,1.030324146522664,0.5456112073547749,0.7173546152628997,0.38441949213490456,0.6862691833482736,0.7102236434915428,1.0406248941159206,1.0041955263076918,7.254328619247669,0.28247170194752824,0.7720111395247281,0.9196156557055213,1.1274173224737574,1.2090893720767908,1.5396935272080599,1.3637095920974167,0.8336369654606198,1.0979723228822673,0.3350570482817053,0.5375894809470491,0.4695659146935378,0.7933819163653747,0.9620674501521665,0.8913594978682788,0.5368360711878015,0.8787302681130365,0.37938217763947407,0.5981344036828741,0.12786230778624677,0.7063711742224723,0.5998021198161533,0.9634393254823627,0.6928534250330916,1.1428565078934794,0.9070466722735344,0.7760609236795121,0.4610570377354073,0.46650670989089027,0.6049732784641582,0.2645097236528264,0.5931835311987524,0.34859690541732397,-0.15244372147079224,-0.03832147571416459,0.6563368524118502,-0.07107702749965532,0.11925926072095384,0.34630115351188057,0.6287843475194458,0.7540808907096535,0.7043692441100718,0.46004387670394664,0.26246985474505535,1.124623523958756,0.61246447400272,0.4508299932660243,0.2791251439303684,0.9885598474606104,0.34176177560009086,0.36030491163924255,0.6780349985755209,0.1290498760851173,0.18637691204376003,0.8582585107071699,1.1518209499929406,0.9672054592756693,0.7919424679509791,0.9184237596197202
ROI_042,0.39536055135869247,0.25633560759647406,0.26272342135083043,0.3434678036853998,0.34621866801123574,0.3874827911843692,0.4848589729946553,0.3627369636097579,0.36709984459877115,0.26675184628385307,0.43992686466247516,0.2903242615900666,0.2989789604406591,0.34912907017784495,0.29885619180900613,0.29008571765361385,0.15847365065606667,0.2887213646414305,0.27390156936440396,0.35526497492265513,0.25573591358236175,0.3080149291668034,0.27293811462117046,0.08754924269856153,0.32229265915066974,0.45730802960531686,0.4586464577633268,0.4243884927525005,0.28457488823196847,0.30903264229048094,0.05793362027866182,0.4010898352681953,0.331454601908447,0.1401405560319272,0.42441890825739975,0.4848492304766811,0.2670505000626389,0.47363392090543766,0.5597676726266887,0.58476468123486,0.2824717019475283,7.254328619247669,0.5750829459354281,0.46209344540971536,0.38011921660189735,0.3812957820345005,0.32588378378392885,0.4568238257868561,0.525756244811342,0.4242793940600824,-0.08710272779801942,0.19966166798327115,0.16982270000622057,0.28648533335796056,0.32269227023631636,0.34653796930597847,0.24229768936478163,0.26930558620387923,0.04007577716364924,0.22643422980910027,0.07910999862677051,0.17071534976654093,0.23385211783521578,0.28776112730693554,0.2761893994727429,0.2987986703428736,0.19857688126077305,0.25510865839409674,0.029997419550993262,0.07244834057636192,0.24071763001502458,-0.10494667083358125,0.09173199513718085,0.16899377669965573,0.017771738463218084,0.11741518642956748,0.2829408100442744,0.10245146474061549,-0.12422675997299207,0.09328544177976625,-0.1361718227431761,-0.2202509979126934,0.05184232865326438,0.17359424239226445,0.01000274267699179,0.09290855209406938,0.09270032874208955,0.2395308520821137,0.1983439724446193,-0.019279811998254796,-0.329492335983344,0.16181460782739365,0.06944289336991191,-0.01061559129923888,-0.14914012086221135,0.29797870962020045,0.3533960546252776,0.16832838781166362,0.43613908396117285,0.48643922981444926
ROI_043,0.2738048971394931,0.14214218077566299,0.2131518203847349,0.3006770240440555,0.42025595440540875,0.34439648801413214,0.6042640514645655,0.33847547148874,0.29365157504198847,0.1502660517341595,0.31086360700292176,-0.04931326706660384,0.13583142841791465,0.4319768906708329,0.3859366214100878,0.21959339928892088,0.07637037998298196,0.20740085678436082,0.27634274866389236,0.24765309009211253,0.20613174352595015,0.3622684555444666,0.3281341334031861,0.045970954150010186,-0.009206087096700765,0.0021414585169442155,0.18474963712943263,0.03207130720844068,0.06950792617554563,0.10845838752532645,-0.009660946858625162,0.42923609512527333,0.5854587244280192,0.07952904094844288,0.7290886785900151,0.09227403882287515,0.12950364604230397,0.4391759198485114,0.8092179208648979,0.7829353190338327,0.7720111395247281,0.5750829459354281,7.254328619247669,0.37010543886056246,0.6383964830438325,0.763667196579092,1.1137706357547021,0.6814455744363834,0.34998954113917574,0.5240346179758945,-0.13396455201904303,0.0554371517501091,0.03463116085983616,0.279337700457551,0.33935369110372904,0.2724351001516813,0.17405810021514762,0.25812830954548716,-0.1403761974009312,0.06768560402784204,-0.2560344512924564,0.06305610379797408,0.0711608294038038,0.30183271909377074,0.19316508618851277,0.413137254417878,0.25306374386135816,0.2190120608788507,-0.066766225725102,0.017058485612888502,0.14372317344384433,-0.14262422813646422,0.06713758016984095,-0.007796217626232917,-0.41472778658948756,-0.3329922527650743,0.11773240318016648,-0.3088458581769772,-0.17664048905896207,0.046250511037756986,0.013010771267086454,0.05813315790498608,0.365060400406867,0.3390086495423854,-0.12140719394134968,0.5816693971770744,0.026471219898907626,0.0008400744415582654,-0.14990222239632287,0.46339278936440925,-0.050394476342956435,-0.08833503770333602,0.20493607060285407,-0.06645504240611938,0.01098979313522973,0.29489664516786773,0.7367488614990388,0.25134969967784504,0.2804009931351429,0.5129946322308033
ROI_044,1.0332022492608177,0.8343514987476138,0.9320202219626074,1.0530684973231141,1.1650667887965627,1.224230855577078,1.376190969136208,1.009826578020478,1.2346435739774273,0.8670650998583316,1.0098203178012126,0.5706362864553297,0.9601900965283741,1.250900168977469,1.4102543127260971,0.993837482614331,0.609147189366541,0.7513998745253222,0.9026665317621276,1.3043507266884353,0.9779437165700834,0.5312664411294098,0.8197226348934507,0.1827220507528476,0.48364806104847985,-0.051435511178072706,0.7186453288486994,1.013586262098226,0.9180478609335672,0.9780976739605046,0.5003463103059653,0.8903963317043748,0.9786384303360145,0.45384491473893085,0.5073697966397676,0.5921681142053036,0.87118660235972,1.2433669398464637,1.0417880947090838,0.8440211320858426,0.9196156557055213,0.4620934454097154,0.37010543886056246,7.254328619247669,0.8893255502866957,1.2116434099359714,0.6765726419678311,1.089577748096981,1.1536469093690214,1.09691369895097,0.5081827842780804,0.9282533539091035,0.8480863914638422,1.0663717377300075,1.2217641380242883,1.253998458754668,0.8815696919899061,1.179901192719043,0.8118795272076337,1.1416744220677981,0.6386649795285814,1.1672798356218448,1.1929698398952473,1.3582071941620628,1.2040205083288755,1.3474089510810603,1.1959919725805799,1.2317069487987689,0.6726959979625466,0.5945351927616717,1.0073972763220016,0.4672160325499776,1.0192689609690662,0.5737289574208818,0.2952099726759448,0.5654084137370831,1.1632194557821394,0.3480409864542721,0.3628845309314271,0.5400685379631607,0.6159767431727496,0.41470585811543115,0.680924635922528,0.4721402746601188,0.6409386215409733,0.7738766750808925,0.6309860195591003,0.6894956193146394,0.5551807452052089,0.6139931147588429,0.3247246522197095,0.8668367625286226,0.9449084432582099,0.31338351765527445,0.19613063533314132,1.3930974531217666,1.067828162275713,1.3492978994725713,1.1806666194532143,0.9524135372975249
ROI_045,0.7553859988453953,0.6241169634780107,0.7023838302755849,0.7951990354972334,0.9431417894320459,0.9144003057779442,1.0086912784258275,0.7240428492434607,0.9497369465255243,0.6978576114939318,0.773161933922327,0.37076639814631873,0.7035271013951239,0.9865616764724594,0.9256218687507926,0.7842720275278562,0.6039966791612879,0.6325403461004775,0.8059718034291189,0.8012825690055707,0.6894771303606719,0.7337132458728912,0.7621234893194757,0.160903704798863,0.31033997160648297,-0.058185123434903625,0.5576238304809952,0.4504078242747887,0.49129785467452897,0.5390612261499331,0.6328420225429905,0.8622774948842633,1.2713389256771,0.5794669789961712,1.1422706396332347,0.44364954572091947,0.6504971512152423,0.6717756291131555,0.7910485398131082,0.6637874725372672,1.127417322473757,0.3801192166018973,0.6383964830438325,0.8893255502866957,7.254328619247669,0.8179217117853218,0.8783921147409639,1.1567136444100483,0.7997954752001257,0.7687986756516375,0.44416448490829735,0.5875520798565755,0.6044894449903143,0.8516710430288836,0.9730240028215581,0.8873346819103749,0.6228874707424502,0.9240193840053016,0.47207929229812834,0.6417049699283804,0.3071280716303085,0.6812741635685515,0.6744638756762487,0.9329851214541707,0.7632234432053918,0.959617737160424,0.8729926760652229,0.8046959687412225,0.5296289345111946,0.5212745279917259,0.623125016134354,0.26753574706407146,0.6181602363559829,0.43796180606178525,0.030671406732972282,0.08308100056742844,0.6153782943492365,0.0663066114165041,0.2792196788254257,0.35985377515737743,0.5347844913978598,0.5756025220731843,0.8372265171897659,0.5293274677459016,0.3886068346242757,0.7893784370545956,0.6224402089360211,0.46763233197434917,0.3843479007536484,0.5570431408337467,0.2762346001555083,0.3875765456712376,0.5563662501543051,0.24651304323681128,0.15195101597671645,1.0469990638247768,0.8433330730178744,0.9298781447980582,0.7101450002055011,0.6657426134146311
ROI_046,0.6710548633586023,0.4484226499594133,0.554678585996398,0.6485413005995,0.872268211131525,0.8373840666762171,1.1890571265194216,0.6704125464269739,0.7693021195747974,0.4344181021641074,0.5829397137639867,0.1201259995695739,0.4711199232544731,0.9255085830087362,1.0568315086489055,0.544148246204628,0.23978457355982252,0.40915733745172156,0.576690007940102,0.7695027590431828,0.5997208482850185,0.3067224721778728,0.5608035686536453,-0.0340257144603263,0.09907120417217094,-0.35130109387840214,0.4023560669015821,0.48178624904772593,0.4942208768559237,0.5276873585620463,0.19988722563569827,0.6462477510312978,0.838565817373635,0.15200282959942135,0.45179460643009345,0.3597778457908195,0.5870334230307147,0.9965860188428437,1.1109725189340534,0.9696723650123983,1.2090893720767908,0.3812957820345005,0.763667196579092,1.2116434099359714,0.8179217117853216,7.254328619247669,1.3041010792006444,1.2254167015606134,0.8612179006826772,1.2729902449027077,0.23251024412607874,0.4968237493888859,0.4045967492202862,0.6978719277446801,0.8435282517756235,0.7871844224401899,0.5302391692792583,0.7315649232382456,0.353679661491728,0.6111262463985117,0.13777770052740645,0.6160410059364466,0.6093802436638263,0.8962129625633871,0.7201912638274519,1.046715088587956,0.8445091345778478,0.728808552727129,0.27538922991338644,0.28597499010624894,0.6067360696932227,0.1818917315127727,0.5535908248001279,0.26928404579801246,-0.13778684800410523,0.10765934816663865,0.6257762035276031,-0.06464363965115322,0.1590737159847672,0.381800817711045,0.40438475492585446,0.33946187680504,0.6855239944227759,0.4549680574179332,0.31228058815414406,1.0405046797436028,0.3562911329994225,0.37654863308752246,0.15824134608810592,1.0271273285779552,0.3123378891528355,0.44902143389061655,0.7498028900950061,0.26594937818990777,0.19593370192365414,0.9356830161594593,1.8912491295437905,0.9681591414407088,0.89877242846193,1.078123595049671
ROI_047,0.44615009200290684,0.2716400278652752,0.3911079078251155,0.45425122151128317,0.6759590049766839,0.6335383362108296,0.9500549650700783,0.4791738708240434,0.5865927855673635,0.2873066014640859,0.4484390704111242,-0.022837362908245024,0.30633867918706764,0.7535867805134817,0.7703884667686008,0.3604958024708988,0.20925698973520693,0.32126824111332286,0.4981352433977224,0.49697139573856375,0.40936208695328424,0.3908949821877331,0.5270868486632171,-0.06511459729283851,-0.02559911224727725,-0.37498077744902647,0.22299642869811198,0.1486282084365791,0.21281787355503368,0.26968535272427263,0.12880814238539462,0.4969508137909579,0.7680837576703283,0.21722707432268942,0.6389161123959141,0.2507748252679947,0.40042981697847274,0.5587573173258997,0.9091995073811524,0.8935304997910862,1.539693527208059,0.32588378378392885,1.1137706357547021,0.6765726419678311,0.8783921147409641,1.3041010792006444,7.254328619247669,1.2285456285903575,0.6284584943130397,0.9573994675185424,0.08892531210705928,0.24659391894103513,0.18380340043417248,0.5026464612347099,0.6350223536360056,0.5629096058283009,0.31558771978979844,0.5354779257298886,0.1067156484831958,0.30274414002302763,-0.14513532942292479,0.38226253287992257,0.3057278018482682,0.6341972565383416,0.4248698039003002,0.8142192266602536,0.602804595755463,0.46400246166243875,0.1401365211126046,0.1740661354608016,0.363746280195664,0.02938008861558824,0.3147355089335384,0.10479188127388211,-0.4218404934337989,-0.2431403308609088,0.35520700650353626,-0.2911362381453094,-0.06643251607992998,0.1952271122440357,0.3414943625356753,0.44890428005643124,0.6081954393246852,0.4552170446966289,0.07586976200166516,1.079462739642218,0.3035211929957898,0.24385575364817563,0.0019008168895788549,0.9525738117421898,0.20810230228438173,0.10949274365587773,0.4490635381980646,0.0616956616592734,0.12340822100156823,0.5991301987825732,1.2636096988394294,0.6938783511855707,0.5970212497539822,0.833716463438808
ROI_048,0.8326128794337834,0.5800169711966511,0.7144932212058333,0.8152823549474572,1.0957253627682504,1.080586938548209,1.5049662497580352,0.7915480906332392,1.0580411855351042,0.6274952065138697,0.8184618076004503,0.2945754689153549,0.6309537246885328,1.212587941171695,1.190869754483215,0.7072947900689994,0.47022890845737064,0.5901864432762852,0.7818956290124237,0.9541928529341167,0.7172342814180073,0.5387914537100696,0.7640025091309185,-0.013635383635907786,0.281366112708801,-0.16732536015784258,0.47573847568052197,0.46568686797668024,0.5078744643129264,0.4970718637432088,0.3085431041840007,0.8088785578178127,1.0178293094133375,0.4143269097220488,0.7850491749717491,0.5460497423570972,0.7247484287024144,0.8886951468932527,0.9202075633048573,0.868703985341412,1.3637095920974163,0.4568238257868561,0.6814455744363833,1.089577748096981,1.156713644410048,1.2254167015606134,1.2285456285903575,7.254328619247669,1.1186776721913234,1.2115987259942862,0.2666984308858734,0.5539406554240884,0.5117893921650755,0.8789117252052445,1.0629088773029969,1.0356664245142093,0.6085364295824439,0.9345263274401168,0.3992607889507485,0.6596491897913578,0.17579628555148863,0.7007809649401181,0.6694738476478013,1.082898459399195,0.8084263242057348,1.2670111213181354,1.088816383555903,0.818428367147952,0.39701588074891225,0.38751991213003945,0.7106905188230188,0.15948926916355866,0.5936791885962709,0.3484122457927989,-0.10066123499040218,0.07540897692667796,0.7124834411936426,-0.03273212144752011,0.04708772984397769,0.3662912654511354,0.4598771703252753,0.47021565745487337,0.6487554538424016,0.5522948851830773,0.2866866181139278,0.9647474293711004,0.5424851208565237,0.449971191738872,0.310252432942116,0.7221329541991001,0.1579526216929702,0.38013469163703967,0.5534066260210416,0.1253415647969689,-0.004143290763805258,0.9114879891378161,1.1615512045415906,1.122296220008976,1.1271015436109961,1.0115381449191647
ROI_049,0.9798118163310648,0.7315420844272749,0.8139668600269728,0.9586553896660649,1.1801080583723704,1.3411313060943297,1.3384843198707643,0.8978113041182086,1.2623406410907654,0.7193453327967917,0.868302385387422,0.444613820589334,0.6963406305460719,1.0549276377550592,1.0637630219526606,0.7983128227970558,0.4822153293319012,0.6607137525663423,0.7601625591723102,1.1153732800055784,0.771017662949124,0.4409351425375638,0.6060380082007025,0.012781244096365064,0.48220588786766744,-0.010979312432177781,0.6173067431132888,0.6702501965814379,0.6687668175405873,0.5871126502976436,0.31215841780260223,0.7470615955928381,0.7677916289718045,0.4396439194077348,0.48376712144737183,1.0159753490278367,0.7879065442913272,1.0673868666333233,0.9147320074522967,0.8648038669688728,0.83363696546062,0.5257562448113421,0.34998954113917574,1.1536469093690214,0.7997954752001257,0.861217900682677,0.6284584943130397,1.1186776721913234,7.254328619247669,1.4000320395287533,0.23185069971905056,0.6488078572438178,0.6051831568026002,0.9625267239344488,1.2176122238961362,1.2185605365876762,0.7341463636890032,1.0731238754039023,0.48384554566027693,0.8562363028630905,0.3559747211313321,0.7264788554205104,0.7737512711275493,1.0860961263460671,0.8185671185043357,1.064882359917595,1.0917681721224843,0.8654340285099217,0.3770423398851866,0.4098552076992705,0.7992449338199206,0.1898053618934515,0.5577920039642832,0.5334265689420709,0.10345444188811026,0.28848973984024573,0.8460226491017493,0.0626749892187287,0.060725351021209545,0.3646246885346129,0.2852312540156333,0.2762063519968357,0.3236915462994671,0.2760285518250395,0.26763476850636336,0.49899919296508166,0.6059660731424962,0.4656591283911026,0.598753083302106,0.37912374159060236,-0.0022900468888856786,0.5915142264416784,0.545345847206675,-0.0037068660833570483,-0.12477989809697394,0.881450385142266,0.7873748037963284,0.8766079312680081,1.865556167277813,1.2023423614585282
ROI_050,0.7742731329323719,0.5416737729675684,0.6369172677716746,0.717615830284722,0.9490811206227353,1.0321165790610678,1.233139752755832,0.6972453144681318,0.9410902718238998,0.49332034369188466,0.6591268518215156,0.2026334076341886,0.49266462586874527,0.8896426339510266,0.9404407760405378,0.5953503230389051,0.2749897102629766,0.4662295839711653,0.6035118299684753,0.8877987650640022,0.5992581828995216,0.2973070794534171,0.5337496227696613,-0.06883867319243203,0.25270846151717535,-0.2417461791694772,0.39176202475644417,0.4966114779391227,0.4865841755874143,0.4706949380389655,0.16483731753808437,0.6883991328893,0.6519246389129707,0.27639139390978695,0.3827224225068713,0.8178081669194046,0.8222975355229545,1.0362662029630114,0.9406386095629234,1.0465221972531618,1.0979723228822675,0.42427939406008236,0.5240346179758945,1.09691369895097,0.7687986756516374,1.2729902449027077,0.9573994675185427,1.2115987259942862,1.4000320395287533,7.254328619247669,0.21546718026682762,0.5100587592554724,0.44359804857625407,0.7653512672817236,0.9459070998767959,0.9552099963092469,0.5445416890653529,0.8318497013068381,0.3771020612704264,0.6704049290763139,0.16053494371737273,0.5767851157519273,0.6086849008570374,0.8995192004389891,0.679680122882897,0.956257840424706,0.9833517204450143,0.7217761235292686,0.2702451939839661,0.3129003502536152,0.6245851690813402,0.10420645926665639,0.4746987150494903,0.3961158551648799,-0.09123633276947783,0.15138552264870056,0.6699808888147214,-0.07233003352692985,0.08265015228425929,0.46750035852245,0.3172263886601426,0.34667215898212866,0.4355553724098997,0.30046942695743534,0.22186520485217814,0.6806729091055517,0.5882939081285726,0.40209856844942204,0.43614898451001183,0.7168136025328902,0.12151196962729431,0.5175246608051705,0.5620725598576731,0.15651822338143673,0.0021790479581435757,0.8349471921852976,1.1260712435805589,0.8554424495162835,1.4039883417598342,1.603085982104656
ROI_051,0.42033758327572596,0.6738367275578894,0.625936898981555,0.5585121460017204,0.43294641318124943,0.4721621612858294,0.3451426941785461,0.47517145341871114,0.5259637558255418,0.6844061611147966,0.5164158320630483,0.6267152540571757,0.7127570644915973,0.5507421550347764,0.5536065048684256,0.699840986783837,0.6766856628842511,0.5765391377469955,0.6797786659350521,0.5759018280612455,0.6356811211492581,0.5366615298969136,0.6720702596737347,0.4302140622025514,0.5142301746918746,-0.07680245349671114,0.35248143139321253,0.523123260838465,0.5853974739718323,0.6854405458817089,0.8147230514935686,0.6107527948873145,0.49919736112749746,0.5941904329266526,0.18420922877795554,0.11073803588904228,0.7324817082845345,0.44742997496727055,0.2622468912173777,0.21317039581832684,0.33505704828170524,-0.08710272779801942,-0.13396455201904303,0.5081827842780804,0.44416448490829724,0.23251024412607874,0.08892531210705928,0.2666984308858734,0.23185069971905056,0.21546718026682762,7.254328619247669,0.8254808658338454,0.8200952219565358,0.6152375262975827,0.5157448345803988,0.552948300466448,0.5736490158318164,0.6140380595076679,0.972116682562338,0.8066731696164247,0.7532408780405898,0.8354460860101216,0.8408722368389187,0.6111555135916733,0.7410604189179958,0.5514677267476036,0.6292459432305242,0.7704665160840175,0.9762699739038899,0.8596052500392342,0.6346384251643097,0.9047717343410266,0.9836154307725102,0.6894177983693027,0.6622055355759651,0.6637145208093732,0.7586486511783875,0.6725001000012593,1.0264151504270211,0.8759845658568584,0.7924067545842604,0.5606129724564821,0.48430082577250744,0.1572143175165019,0.6469984516493551,0.2914183840296343,0.738078985049586,0.47522178025029954,0.5247123910430973,0.3188160392532188,0.651611389639048,0.9566174670507699,0.736335590960434,0.6195540540031927,0.39656376791296066,0.5610422488419187,0.2009219199742513,0.6270538124968422,0.27512232818372523,0.15935397442974084
ROI_052,0.7045228230505417,1.8692594513619003,1.6207909013428814,1.540767879989119,1.1929264234420982,1.1723395379019692,0.8876408517644474,1.5034002646296194,1.2970884918587542,1.6056196936883633,1.221561691077505,1.1916324295612477,1.3656262762164058,1.1593730579927601,1.1269943926487844,1.6654093799921923,1.0986909791702595,1.371884126145865,1.319254171816662,1.4228141821408884,1.374275715729327,0.8121132374988761,1.0826312356041514,0.6545278045613614,0.882362388612014,0.09214143330875141,0.8870838920741381,1.0007471436270738,1.3134618395472455,1.2556489557204413,0.8004143962589853,0.932701988229582,0.8395278164657448,0.8223686215608688,0.37106801801723743,0.2988903999377719,1.0125082956268527,1.0031934164470777,0.7373466415861518,0.643869474287545,0.5375894809470491,0.19966166798327115,0.0554371517501091,0.9282533539091035,0.5875520798565755,0.4968237493888859,0.24659391894103513,0.5539406554240884,0.6488078572438178,0.5100587592554724,0.8254808658338455,7.254328619247669,1.8776217697887965,1.5458720320925066,1.2136164268219118,1.3386408066420463,1.7362724343619844,1.4875059849844225,1.480981002827085,1.9165650984368958,1.1825669063545556,1.3520490110410883,1.8889033264580724,1.3872608978982455,1.583835116992478,1.1229480404812027,1.052069181762927,1.738540459707005,1.285605695477515,1.566741060550248,1.4370822459450123,0.8720634805037122,1.4118929740802197,1.1892252460226507,0.8792494685011883,0.8245093725518368,1.592677933633813,0.7523187211737185,0.552309119896548,0.8433361843762208,0.5789713500061219,0.3137224098163533,0.2929846448493983,0.09253690528364786,0.6032884090810208,0.2896014835894782,0.8163708776903387,0.4699607621763337,0.7575312127754683,0.2175061797124847,0.3282515853154935,1.0849188051677379,1.0898688481567476,0.33036511672379815,-0.028395308034198697,0.7452389418772078,0.3459474951018513,0.8054197369656426,0.7162847227606383,0.5292911938147927
ROI_053,0.7015518073229106,1.9066925572566469,1.3997277021234638,1.5416452430370968,1.142614897578589,1.0375544118693962,0.7856632724304844,1.3050575302016567,1.221080923974551,1.5346801329897573,1.14310563485492,1.1547052258141994,1.2261066331728694,1.0156981645617493,0.9650030072833601,1.7038593655142313,1.040009332750807,1.2402730204157497,1.1153533378965432,1.3931498206074318,1.261828754471969,0.7264060372830374,0.9017258597077451,0.6569992141542702,0.9012968822685696,0.16135073539025777,0.8387993119200177,1.0115642535373823,1.1938215481358192,1.093180764597851,0.8362429931094955,0.9151598947590935,0.7995361534617482,0.8303426707415775,0.41232513076136995,0.3285873201106854,0.9903393152784898,0.8800484594583815,0.6099559100602865,0.5455938191559249,0.4695659146935378,0.16982270000622057,0.034631160859836155,0.8480863914638422,0.6044894449903143,0.4045967492202862,0.18380340043417248,0.5117893921650756,0.6051831568026002,0.443598048576254,0.8200952219565361,1.8776217697887965,7.254328619247669,1.5796183915428335,1.1368412020407634,1.1968489829761026,1.6158442246660718,1.4622022492290023,1.574829346070877,1.632506014440329,1.2743234196436473,1.1716015682199181,1.6488283812393714,1.2771428792621906,1.535953350363424,0.9761384280055464,1.054658880111709,1.4848524104984429,1.4153007734477836,1.5517382373887443,1.4764967175478487,0.8346470353094783,1.2975864751786022,1.3454399626518667,0.946155784996106,0.8775714472767973,1.4464473313441095,0.795985714662688,0.569263087718377,0.7956487080724128,0.6611739618868873,0.36299866895850574,0.32535504053848885,0.14122267500033342,0.6910287637704874,0.26692053031549445,0.8606930369532197,0.5360087598562228,0.9109076994660049,0.18034769152187205,0.3291581790833612,0.9916311478211521,1.0126905966184356,0.3484503883098431,0.02099928750727036,0.7756019334516991,0.28857437751377973,0.7507486125609735,0.6665244333533058,0.462420524434564
ROI_054,0.832981163119554,1.7774987558994297,1.5906757266232279,2.439753279106586,2.0504187746187053,1.6284982014048597,1.2403072499017906,1.752982952602251,1.8419308138956771,1.4776678832780972,1.2578652759193476,0.8744767105528125,1.160827723589705,1.470945705893776,1.361658795857418,1.6968771581865212,0.9233538152237637,1.2441441822249968,1.2721750947934094,1.7835084589179253,1.276453558650004,0.754641097395684,1.0012965626743489,0.4152268915636109,0.7339630927658146,0.009851125712198972,0.84578734599118,0.8524519720069754,1.1029279113369108,0.9798705863035141,0.6989908658480859,1.0391829681722962,1.0567197669025372,0.7601430048906745,0.5419342029221057,0.43240997548426063,1.0246045967081534,1.1516026201199852,0.9144147753758843,0.8021955406610891,0.7933819163653747,0.28648533335796056,0.279337700457551,1.0663717377300073,0.8516710430288836,0.6978719277446801,0.50264646123471,0.8789117252052445,0.9625267239344486,0.7653512672817236,0.6152375262975827,1.5458720320925072,1.5796183915428335,7.254328619247669,1.8809587715660574,1.705911714294151,1.7559842684757496,2.300324580845391,1.0870729586896486,1.582557213777251,0.8039040579178567,1.1481748132446885,1.4778453888032779,2.038787023489371,1.571891655502777,1.455350927939879,1.3999258277291953,1.698083509925603,0.9797784854894943,1.177987105426477,1.4783668414418445,0.6144232743697314,1.1019330529573295,1.1398117879117913,0.5118891073631736,0.525756433953756,1.4213220764173653,0.43971291189028733,0.3433871515322033,0.6786901757462817,0.5257358166046334,0.38393669645419937,0.3765704425829811,0.18690546891685023,0.4894264543239791,0.46171043661282657,0.8133372105462808,0.4309360318033456,0.7294113541637286,0.3408553151696326,0.22674077344015425,0.8447637455984015,1.0409666394360328,0.1915013637300542,-0.08842047457709405,0.8816106997638028,0.5634378919545311,0.9377939171511156,1.0098593245578464,0.7714181723932951
ROI_055,0.8817791623734926,1.2733853139104416,1.368409375026053,1.756257000496695,2.278535062393547,2.116622721996609,1.4623034550014322,1.4844656373106633,2.0173474208034423,1.2379710851846855,1.1062288588590707,0.7021698133210516,1.0326741045747203,1.5653883971398501,1.5794569600384032,1.318137548989546,0.8435808622266697,1.095551663458044,1.2340400275977197,1.6248869633957448,1.1242418052876582,0.7134144357046125,0.972623531383568,0.2421456518122724,0.5627042539455058,-0.07792422430382186,0.8267883990627771,0.7972862971364606,1.0066764326305824,0.9217596192643023,0.6296066020308723,0.9201806960922153,1.1553984520344762,0.7196366045732552,0.6090104264730305,0.5072732071480969,0.9690670136511577,1.1325303194131504,1.037260334237796,0.846457994753063,0.9620674501521668,0.32269227023631636,0.339353691103729,1.2217641380242883,0.9730240028215581,0.8435282517756235,0.6350223536360056,1.0629088773029969,1.2176122238961364,0.9459070998767959,0.5157448345803988,1.2136164268219118,1.1368412020407634,1.8809587715660587,7.254328619247669,1.8345343242137175,1.3829090630244414,2.0985825492018413,0.9083685197565858,1.3508251439324153,0.6391063292526376,1.1108013944025155,1.237882964366978,2.105282864187712,1.3192984896259257,1.6780801155050482,1.4863592524836406,1.5264780450281854,0.804376868963045,0.9157939665758249,1.2324378352956535,0.5818489909336528,1.030407312340429,0.9363821570341546,0.32558408464799254,0.39753783544273386,1.251140747769606,0.278698369969234,0.25897885213619043,0.5184899910738123,0.49233254776166885,0.45120439339490936,0.48140368098094666,0.2939048574729881,0.495043690477589,0.6273967042601565,0.7427270796704206,0.4493066898037382,0.6445699491118096,0.44512037122070264,0.2424137838423249,0.7935648219144825,1.0500374626687683,0.10718360224679033,-0.03858048961897648,0.9984369948084334,0.7472572247694643,1.1276308788043528,1.2454324194114101,0.8933202314309755
ROI_056,0.9487554438538631,1.4071447181452992,1.5852183140127563,1.683241186625706,1.7831246157480418,2.076326286447762,1.55570156612926,1.7068332311577092,2.217195508200358,1.45085893506561,1.3690660398081989,0.8835664471825659,1.2545913460233855,1.692759683270583,1.6282165303242848,1.5394484672067692,0.9534391794951511,1.3000910286701397,1.3709223671427475,1.9267813676906176,1.4147718799813493,0.8018672137951769,1.1137578767136054,0.37324305720183765,0.7469291090390187,0.02408344014035607,0.8757819065691459,0.9253640579810413,1.1553961282917176,1.0473285073333753,0.600012305057251,1.0470826087670795,1.059999729296358,0.7981988610578784,0.5655175387566928,0.5941633666247048,1.06161388294383,1.2136013902760174,1.0348885152023664,0.9244169459798082,0.8913594978682788,0.34653796930597847,0.2724351001516813,1.2539984587546684,0.8873346819103749,0.78718442244019,0.5629096058283009,1.0356664245142093,1.218560536587676,0.9552099963092472,0.552948300466448,1.3386408066420463,1.1968489829761026,1.705911714294151,1.8345343242137175,7.254328619247669,1.4147469083553335,1.9716058907162095,0.9739035873170382,1.5228182933093621,0.7697168077497559,1.2626312156779056,1.4640771328343472,1.844737821386164,1.4631313359319322,1.6533440101658479,1.496134118584723,1.6549742239731227,0.8840232770596385,0.9890740116725443,1.4537279823644578,0.5569612029205984,1.0418268745860562,0.8787880061782675,0.4483504274638388,0.5454928700581475,1.4959024495225652,0.408923966795809,0.2272053042987468,0.6014826315656867,0.5298035074753386,0.3956840965368385,0.3728639709889257,0.24175462116110688,0.491809008166429,0.5250732087200712,0.8137732168968524,0.5210051497926539,0.7614664904629302,0.3504945887021201,0.1676659527366905,0.8158195646705456,0.906839839286737,0.09545085437090851,-0.1043129126809245,0.9614288860198248,0.6369330523709817,1.077276264751968,1.2516194411555188,0.8945383599117919
ROI_057,0.6743998070866511,1.890184564617042,1.6239441406836765,1.8353907113218821,1.4316020728462315,1.3089311291897165,0.9739811389286205,1.8211865816371995,1.4239278283007293,1.516224413850003,1.1657592451444867,1.0110529258738412,1.1126127091362663,1.1599040787336712,1.1193240979536696,1.6242589968117889,0.9533497526394064,1.3760109791599129,1.1774127309165856,1.452861693485102,1.3331425636241958,0.7477284245735164,0.9163591486846981,0.5885680199816349,0.785307818980597,0.14771104711897423,1.0584488932310858,0.961611465815449,1.3318240002670403,1.0616404511183581,0.632199439592384,0.8480188248325417,0.8696439432503383,0.737064158194084,0.4532196092368758,0.3272853918588198,0.8561846449391535,1.007139564595267,0.8121297115850883,0.7169504308915707,0.5368360711878015,0.24229768936478163,0.17405810021514762,0.8815696919899061,0.6228874707424502,0.5302391692792584,0.3155877197897985,0.6085364295824437,0.7341463636890031,0.5445416890653529,0.5736490158318163,1.7362724343619835,1.6158442246660725,1.7559842684757487,1.3829090630244414,1.4147469083553335,7.254328619247669,1.65681077153671,1.203455450056901,1.577613079180585,0.9853717995889809,1.0779971782493836,1.443855447872324,1.408561023737956,1.4231299000967697,1.149484146584062,1.0616949205759016,1.542696423743948,0.9923245029806428,1.3081100590672012,1.5043792136330802,0.721370391907292,1.1019597473668994,1.1421847425331813,0.7315382012370248,0.6688571647655408,1.3599784408843354,0.5735293783182729,0.3447418555298362,0.5980524457145635,0.4193519487038767,0.2034730501090403,0.23807758130919668,0.08939755066064281,0.5142905078277266,0.2790001632915629,0.6410722277363103,0.3692470980096019,0.6960377330124911,0.1437721875719093,0.19145901471593293,0.8301258165812829,1.0050127758816294,0.1435830105923469,-0.13867635530229885,0.6950920236708075,0.381421882500219,0.721477392915107,0.7555980429536766,0.5800816405757285
ROI_058,0.8870744984395427,1.6112795098101533,1.5897534610069026,2.0603471417004395,2.004648685932266,1.8701794921022532,1.3466897119325374,1.6717544230780477,2.2441835868637314,1.4755048637481134,1.2970663044389878,0.8571730268984192,1.2162746310058064,1.544217864270144,1.4886698591570702,1.6598960581182243,0.9827926718670922,1.2619526399953527,1.3409349210424955,1.831880409144279,1.344617439476196,0.7894165542391908,1.0181598009051036,0.41156280959934644,0.7110566338163279,-0.013117620704109604,0.8824649213423366,0.9004599417281973,1.127415597294696,1.004926514628682,0.7340050419042483,0.9727034802575236,1.1327627711150685,0.8181677117255028,0.5813005212891229,0.5204434236367881,1.049834982796318,1.0979944862994198,0.9484072541335767,0.8237290487598319,0.8787302681130365,0.26930558620387923,0.25812830954548716,1.1799011927190433,0.9240193840053018,0.7315649232382456,0.5354779257298887,0.9345263274401168,1.0731238754039023,0.8318497013068381,0.6140380595076679,1.4875059849844225,1.4622022492290017,2.300324580845391,2.0985825492018395,1.9716058907162095,1.65681077153671,7.254328619247669,1.1159451143131585,1.608967017140668,0.8154522264424309,1.2575798004148557,1.5081951806701346,2.0905231207706425,1.546796103853749,1.5635547147302136,1.5260572443115437,1.71854254183929,1.012944895209515,1.1329601968258307,1.4727987326954508,0.6447932759275607,1.1343007755405408,1.051291659784047,0.49005701802787455,0.5294779420538152,1.4723645830026588,0.4160112674168305,0.3458038011216128,0.608550009811736,0.612641503222966,0.4753085031169374,0.4389222326064106,0.2570401641383819,0.5541003430778088,0.5281099841054661,0.8644422787890192,0.5234411000462745,0.7776218799854788,0.3775431131616931,0.2740114155115785,0.8516122522761557,1.0440576856671948,0.16795621575758188,-0.026880876264131385,1.0051778263014792,0.607860614327508,1.0571347559781228,1.0812650806716788,0.8034461937238093
ROI_059,0.5952996941685894,1.2574243995351457,1.11113449465455,1.0429595343165237,0.822952965125965,0.8205829077708353,0.5966875788635893,0.9368629951127448,0.9402711471586678,1.2015177755144797,0.8846593885902225,1.0023799510475926,1.03366508508142,0.8408939576545903,0.8605973399547558,1.1803696958791086,0.8982777772593515,0.9515881314710173,0.956116030018826,1.1124305572804989,1.0962204736199042,0.6139458568474371,0.83316066490114,0.5955482445485069,0.7424153171414823,0.06915775369171248,0.7602369740460532,1.0196815953049698,1.1482579102427326,1.212571922200833,0.8133262188180939,0.6920764168423507,0.6317318745676522,0.7330847431008042,0.23822054050825242,0.27732036573847496,0.9662513742218696,0.6659349803304778,0.46326154896393884,0.4134086344448351,0.37938217763947407,0.04007577716364924,-0.1403761974009312,0.8118795272076339,0.47207929229812834,0.353679661491728,0.1067156484831958,0.3992607889507485,0.48384554566027693,0.3771020612704264,0.972116682562338,1.480981002827085,1.574829346070877,1.0870729586896486,0.9083685197565858,0.973903587317038,1.2034554500569012,1.1159451143131585,7.254328619247669,1.3827353559733226,1.3572235553001588,1.2265902763105228,1.4503215040061317,1.0292176372004875,1.3161129477072868,0.8423101362548262,0.934684683851817,1.2521937132084988,1.4464628441281517,1.3536455851708977,1.279274115117503,1.0708890332070558,1.4569146720105217,1.2154394236443846,1.0011165135484175,1.0531145621250433,1.3459297398271133,0.9629307963177189,0.70218346580786,0.7790294861082543,0.7548349924225557,0.443996355006364,0.39308019959915785,0.15545617598902342,0.8735281425453247,0.2847312549113466,0.8576447029648131,0.6501400267278382,0.8714619841378308,0.20640607805807756,0.5073769135418434,1.1400859866764523,1.0753462453304707,0.43118266307763375,0.21921275267158444,0.8032750864435241,0.2638473567715585,0.7955648944828654,0.5492469583586282,0.3730999445667054
ROI_060,0.838543123178691,1.6242270915690977,1.538342683631497,1.5331025533670386,1.2977191893938012,1.3439199319347488,1.0174882666793859,1.4844897924164084,1.4480353819543994,1.5358128325936788,1.27410844290416,1.0984977892221413,1.4074348470063798,1.2688680776172503,1.2952977631491729,1.5944970725010796,1.019882762746866,1.2582987189286294,1.3038314020550976,1.684636810971115,1.3857585982169027,0.7306738583880291,1.0294092032417226,0.5309843952406889,0.8986821932125112,0.07862107874299758,0.8825755190918328,1.1424897019779006,1.319306620164648,1.262684634688749,0.7529006125196533,0.9815409946220294,0.8573419326350965,0.7567543092012158,0.3675498426447386,0.43487102366446384,1.0345229271484102,1.1292656895165658,0.7975585231438945,0.6962301582498232,0.5981344036828742,0.22643422980910027,0.06768560402784207,1.1416744220677981,0.6417049699283804,0.6111262463985117,0.30274414002302763,0.6596491897913578,0.8562363028630905,0.6704049290763139,0.8066731696164247,1.9165650984368945,1.632506014440329,1.582557213777251,1.3508251439324157,1.5228182933093621,1.577613079180585,1.6089670171406687,1.382735355973323,7.254328619247669,1.1767022483725695,1.5172543599740071,2.143730608763201,1.5634479091186355,1.6948947439522697,1.2811710910768144,1.2518001073838014,1.9666497571067694,1.1690552612274354,1.2652044398542912,1.4962594484144254,0.8058851432654113,1.3663628722098655,1.0813521427067065,0.795959944252223,0.8769348222589266,1.841629043568377,0.6953596223233325,0.5255713303949593,0.7940854969906874,0.6275138738862155,0.35653747872596514,0.33601337873633663,0.16336266307980377,0.6454219901383074,0.37103211705060385,0.856099395755644,0.5837954127943087,0.8275083292022287,0.2836259239327887,0.2843912269602967,1.1081282189506425,1.0796539415035873,0.27917070085316065,-0.0029757734190684094,0.910293887424965,0.47098174007704297,0.9482622319913464,0.9042025731325325,0.6500765718647482
ROI_061,0.5226420598026587,1.0772126443560328,0.9374168794957316,0.8399258940502772,0.5994808868682974,0.6204476575532485,0.42676922869169587,0.8346031462998698,0.722740849594691,1.149185722009124,0.8686396376221039,1.362923585340559,1.1188953866717597,0.6355468109361055,0.6353331085277909,1.05186387237745,0.9467074162267257,0.950378169546579,0.8080298374239667,0.9025120138384131,0.983602694183905,0.6004826025302011,0.7134006003243761,0.7638376155573473,1.0197584717811439,0.3857716315956407,0.8086805636552227,1.169465429532778,1.1188515159752226,1.137610187250201,0.7573305350259993,0.6307140797192077,0.4629696548920472,0.694287669483266,0.21915835169706777,0.22560993126871395,0.6364526280875776,0.5403740114402126,0.3498318728290957,0.26924691747302537,0.12786230778624677,0.07910999862677051,-0.2560344512924563,0.6386649795285814,0.3071280716303085,0.13777770052740645,-0.14513532942292479,0.17579628555148868,0.3559747211313321,0.16053494371737273,0.7532408780405898,1.1825669063545554,1.2743234196436477,0.8039040579178567,0.6391063292526376,0.7697168077497559,0.9853717995889809,0.8154522264424309,1.3572235553001588,1.1767022483725695,7.254328619247669,1.082471355287915,1.2667767570281756,0.7343684866964745,1.020179207495628,0.5988305210202349,0.638813757483573,1.0236444013486359,1.236701065173474,1.0832701057514402,1.0245723876956925,0.854582232648469,1.0469888925514659,0.8915698755781158,1.5311599155135205,1.3979991328085568,1.1370625063081068,1.3443645864813183,0.5516668850645895,0.5815469814905849,0.5978964133914951,0.22602743623662738,0.18592728724602872,0.07689504930001813,0.8473782988578822,0.0611058415152147,0.6439194283894685,0.6636536145260074,0.8928011957035189,-0.06349189346987552,0.2395079614891307,0.849503271824379,0.7005309574275984,0.26620865091221707,0.065140666906292,0.6077974593367865,0.044038136053341094,0.557959399406902,0.3722051966009754,0.17507443987281965
ROI_062,0.7817028463339982,1.117566252447601,1.22839660416324,1.1011569710747837,1.016727083850202,1.1050976849337923,0.9686485257692729,1.1382216776977374,1.2116999642352062,1.270567360758747,1.2178433541776934,1.0251499442157959,1.6399713923233377,1.3073205387777116,1.3906312811098263,1.296746910226596,1.2163756311467695,1.1480361529186283,1.4470344361455993,1.3206594364029591,1.3114620842998073,0.8718679410424506,1.21921126239589,0.5028800107256813,0.7903764708678794,0.027171999449347034,0.7945828821359086,0.984848639510381,1.1786077059505595,1.3144374618855048,0.8552779435486028,0.8213653815419717,0.8657797468710565,0.8521437160474927,0.45474113244179587,0.3146445156213908,0.8748867264020668,0.8069209988254348,0.7460062750722243,0.5844218590599499,0.7063711742224723,0.17071534976654096,0.06305610379797408,1.1672798356218448,0.6812741635685515,0.6160410059364466,0.3822625328799226,0.7007809649401181,0.7264788554205105,0.5767851157519275,0.8354460860101218,1.3520490110410883,1.1716015682199181,1.1481748132446887,1.1108013944025152,1.262631215677906,1.0779971782493836,1.2575798004148553,1.2265902763105228,1.5172543599740071,1.0824713552879153,7.254328619247669,1.695462819454995,1.340795874250587,1.3538816699178147,1.3175840514246437,1.0411856076619064,1.6630944277410526,1.2160069294825022,1.0716528355661035,1.2097204104760995,0.827152513107051,1.4937303102187631,0.7197190236105324,0.666098505437802,0.7569185279244561,1.5539357304503831,0.6942221222383017,0.4737596673943143,0.6068633323759578,0.849756669905666,0.5486226109902735,0.46717153400333394,0.25684649101240464,0.7004324684802788,0.5214965957558341,0.8060851545159533,0.7533604595243104,0.6359258046438239,0.39209300990275914,0.4023831400038723,0.9427906125691521,0.9671859606702685,0.26802264709866386,0.14139320977097244,0.9487455972057832,0.5177909497086115,1.1387298845610914,0.7287903620336048,0.5028651332203705
ROI_063,0.8744884365309387,1.5569043672817984,1.5268937984290492,1.4625597503525425,1.2063959750245383,1.2190251255220008,0.9982349025594381,1.443291789337116,1.3826787450434972,1.6233960753784786,1.3685645761186311,1.1727110954144724,1.6305947337407598,1.3296870657243742,1.3228692496663632,1.7107302843551746,1.0622354633649054,1.2901895612252825,1.3177453090898112,1.6472357149195833,1.52389085151099,0.7656915290755298,1.1171553076252139,0.5798459533454093,0.9274680921440235,0.11048009529510157,0.9277037974275439,1.199004133055112,1.3690934618377557,1.4228429535402622,0.8029687529116335,1.0466496067652487,0.9075789750115769,0.7722938891354518,0.4054632593384017,0.394866660852391,1.0386647381427951,1.0968572330794042,0.791654845203679,0.6655300482542188,0.5998021198161533,0.23385211783521578,0.0711608294038038,1.1929698398952473,0.6744638756762487,0.6093802436638263,0.3057278018482682,0.6694738476478012,0.7737512711275493,0.6086849008570373,0.8408722368389187,1.888903326458071,1.6488283812393714,1.4778453888032772,1.2378829643669784,1.4640771328343476,1.4438554478723233,1.5081951806701352,1.4503215040061312,2.143730608763201,1.2667767570281756,1.695462819454995,7.254328619247669,1.5239608948671393,1.8973595435898691,1.2920999524323538,1.1633166388261746,1.9503855150477212,1.2599879518392578,1.2818330170286305,1.575751096362426,0.7789204083781841,1.4075588318106125,0.9926450812069083,0.818657635152319,0.9213025175266808,1.9011020757821298,0.7891372158386804,0.5480710381582723,0.7982703811448824,0.6830172559027161,0.3684178279733795,0.3840072821321546,0.17212005541015843,0.6961595541029572,0.3875307210323001,0.8318344925325628,0.6273845847141956,0.8056953630958102,0.27880371948368,0.3044305142017779,1.063456029068642,1.0291915697014664,0.31989338747099105,0.021348420363291952,0.9510342694101598,0.45425991780735925,0.9906999813944214,0.820440737936744,0.5989825002342155
ROI_064,0.9137272401447067,1.3543631726225227,1.4251542001915354,1.8024427211915375,2.0600636998000725,1.788367486590761,1.4734131615638475,1.5762073856992824,1.9327160062247626,1.3427758084271444,1.2555756442136474,0.7798246599785194,1.189250805335564,1.8185201700073033,1.8532944060759482,1.4452330955695096,0.8979450525036856,1.1400378017044048,1.315283623214404,1.8651585636129846,1.274775748043913,0.7406183504678427,1.0957059304682026,0.3079882839007699,0.6206583474486912,-0.09436392122271209,0.7983562620504107,0.8717525751304254,1.0759770377692475,1.0555781720676993,0.6689682309101044,1.00162578527989,1.182286763365363,0.7052660969538528,0.5531373736406765,0.44712531389948534,1.0106340624166406,1.204241479631246,1.0033734017563214,0.8193602653925468,0.9634393254823627,0.28776112730693554,0.30183271909377074,1.3582071941620628,0.9329851214541709,0.8962129625633869,0.6341972565383415,1.082898459399195,1.0860961263460673,0.8995192004389891,0.6111555135916733,1.3872608978982455,1.277142879262191,2.038787023489371,2.105282864187712,1.8447378213861652,1.4085610237379556,2.0905231207706443,1.0292176372004875,1.5634479091186348,0.7343684866964747,1.3407958742505866,1.52396089486714,7.254328619247669,1.6465525398395024,2.0081121348249478,1.5631066032290857,1.7961899843408662,0.9306801626802689,1.009924950695626,1.4206247600832524,0.618069101950223,1.1816251415123527,0.9243122499445939,0.3986706737499407,0.496397190411826,1.5010454289909598,0.38838270857326823,0.337416309743904,0.6362425794635916,0.611946723259653,0.47433091834074115,0.5053275425947534,0.29887884224685934,0.5479439683072369,0.6612873730907365,0.7798017420596202,0.5167772988819825,0.6509244357070776,0.48881512514005787,0.283036155753989,0.8459656961149058,1.1211421933778694,0.1999961756870017,-0.010899210863368291,1.0388312895459586,0.7507662904396954,1.2613792794547427,1.1654221073700315,0.8475689065364448
ROI_065,0.866260735435554,1.492207730885412,1.4860875144181878,1.537381974992526,1.3154339672538033,1.2394070278665679,1.1223117800343059,1.4572026825554125,1.4394372921576155,1.5589283535016647,1.3772835307789426,1.0061267894456745,1.3357518060334832,1.491344012052455,1.4816926688885177,1.6212505760393137,0.9643920166152921,1.234042539328651,1.2411588518870345,1.887802460867714,1.6651482436195515,0.7745578410350455,1.1468416663547292,0.5569392143184132,0.8360275883666115,0.06944159260275874,0.9402207268772734,1.1312605454546232,1.3806537475660172,1.3612219688854033,0.7554381603142208,1.0686841393832014,1.077831692647434,0.7088688228596812,0.48269975284140243,0.42768189821744,1.0504564429973655,1.1808254746622269,0.8788381553473598,0.7709063538491445,0.6928534250330917,0.2761893994727429,0.19316508618851277,1.2040205083288755,0.7632234432053918,0.7201912638274519,0.4248698039003002,0.8084263242057346,0.8185671185043357,0.679680122882897,0.7410604189179958,1.583835116992478,1.535953350363424,1.571891655502777,1.3192984896259257,1.4631313359319322,1.4231299000967692,1.5467961038537497,1.3161129477072868,1.6948947439522697,1.0201792074956282,1.3538816699178151,1.8973595435898691,1.6465525398395033,7.254328619247669,1.460453129755421,1.2589844900268825,1.7426253750166367,1.152623197355131,1.1929058169635722,1.9973535920279772,0.6755094737851394,1.301651725642962,1.0141066496433693,0.6713747648382952,0.7761274972024107,1.8853412605110222,0.7015530922091925,0.48630812320475386,0.7430600442907533,0.6635173200740138,0.3653131384221111,0.425711919568604,0.2178840066323293,0.670180803910979,0.4603382538047976,0.811767988707227,0.6203855904375106,0.7962999052946593,0.32889356278751747,0.2986469028199276,0.8996291697707448,1.0670455249002067,0.2856696556099803,0.013337892311448312,0.9946420986402759,0.5420125327735739,1.0404382500345297,0.8802478557857721,0.7013064920939016
ROI_066,0.9097100234677554,1.0814274622917,1.276599988835903,1.378968293529791,1.6663484624489646,1.6380669703193536,1.7164801139149677,1.4320319531929706,1.6475188403772483,1.196284102358815,1.243295430122441,0.7001214485568561,1.1570372842969023,2.314422207407246,2.599781421892078,1.2316466202095357,0.8931017246379755,1.1208536230927684,1.384331672711231,1.6069994048108578,1.300760730274572,0.8220859265915992,1.258312911924426,0.29066581085748977,0.5535119329795825,-0.10890164064663208,0.792153209375984,0.7887518820537486,1.0178294256213962,1.030704272632947,0.6000914351763146,0.9350102174077878,1.2583094326789694,0.6906800342515342,0.6308319676485075,0.4023964064116368,0.8712295675657714,1.1446748573328571,1.1714302769727654,0.9361708216196107,1.1428565078934791,0.2987986703428736,0.41313725441787796,1.3474089510810603,0.9596177371604242,1.046715088587956,0.8142192266602536,1.2670111213181354,1.064882359917595,0.956257840424706,0.5514677267476036,1.1229480404812022,0.9761384280055464,1.455350927939879,1.6780801155050482,1.6533440101658479,1.149484146584062,1.5635547147302136,0.8423101362548264,1.2811710910768144,0.5988305210202349,1.3175840514246437,1.2920999524323533,2.008112134824946,1.460453129755421,7.254328619247669,1.3839485118723456,1.589433630601145,0.8115044609374554,0.8691304527018543,1.2993861506529023,0.536528317218627,1.086489064037106,0.6847728368531272,0.2784142424659083,0.3891027136749811,1.3654335991958064,0.315815772980977,0.24090273063392803,0.5223325876990879,0.5908892442330755,0.47739809306552067,0.5245647198512933,0.32868071734923493,0.47830435045760394,0.7742974248870443,0.6730702540870847,0.5163253100506339,0.5077522129086004,0.5566997484159952,0.2736034918579667,0.6891650474079426,1.0006797467209338,0.12159115648535063,-0.017392327690775127,0.9830353239852518,0.8659458205327765,1.3274175697341082,1.0998569598348968,0.877174130148714
ROI_067,0.8489350147527837,1.0670108926022766,1.0798789915804117,1.2912073479220132,1.454160987750204,1.412896897647121,1.2683066359278514,1.1061323000300696,1.4411758189322266,1.0387396950813,0.9806504943723021,0.5934892431902609,0.8558641311645557,1.2561525688092252,1.3229115186530995,1.0974704760729819,0.6800565390264284,0.8707499750245958,0.9500814350202939,1.4905475937007373,0.9890512563284979,0.5484346285772128,0.8254736454515434,0.19245670002876983,0.5297789746604328,-0.14876920497267043,0.6029939333471689,0.7967016793282132,0.8299447346664603,0.7792146659173922,0.5206479980434906,0.9073534631200765,0.9218844961502399,0.6226962402220249,0.504477651685248,0.5802917784362073,1.0802647390792492,1.054310879643036,0.8082546475888739,0.7384863132486871,0.9070466722735344,0.1985768812607731,0.25306374386135816,1.1959919725805799,0.8729926760652229,0.8445091345778476,0.602804595755463,1.088816383555903,1.0917681721224841,0.9833517204450143,0.6292459432305242,1.052069181762927,1.0546588801117087,1.3999258277291957,1.4863592524836395,1.4961341185847237,1.0616949205759016,1.526057244311543,0.934684683851817,1.2518001073838012,0.638813757483573,1.0411856076619064,1.1633166388261749,1.5631066032290857,1.2589844900268825,1.3839485118723456,7.254328619247669,1.3119991981572703,0.8703007633588296,0.8294015157766871,1.166633421745508,0.5818072485172643,1.032837546292892,0.8936325771031207,0.3407138526773002,0.4836251325280859,1.2389006839040655,0.2955871193868068,0.35539220205848315,0.6691730904783979,0.6954074782102698,0.5955478172064672,0.6172206552752266,0.46522056876878953,0.6731160092749006,0.751182068207308,0.8226343518204197,0.5955402499679351,0.7786123675542138,0.5701580730875049,0.31086858163945297,0.8482008979611556,1.0182320112291945,0.23711937227648955,0.06410759853150143,1.0675484267138013,0.7677470860456473,1.3709412271377008,1.3022653770344343,0.8758889312178537
ROI_068,0.8818066160120768,1.5651141915976692,1.6557340643975256,1.672806629547627,1.4868384999726467,1.470478438399121,1.2137083267826203,1.6523631919263493,1.5495124054814289,1.6423934397587774,1.3725874358071262,1.0599348972476068,1.5030199613308668,1.5989035118892643,1.5890980162844333,1.7634756943518086,1.1315216321483288,1.3897499902091828,1.58223175913693,1.8106843304622566,1.4747148094244134,0.8913571038262268,1.2976110184910843,0.5046571343314323,0.824271555344916,0.060017818222816495,0.9349441935081091,1.048564407512582,1.3220449242615357,1.36240353635553,0.7401388796777231,1.07855133683781,1.039142523047926,0.8517579686383986,0.537662609630653,0.3452706249343215,1.0013430667840526,1.1461623974326804,0.9651086980694615,0.780619299767044,0.7760609236795121,0.25510865839409674,0.2190120608788507,1.2317069487987689,0.8046959687412225,0.728808552727129,0.46400246166243875,0.818428367147952,0.8654340285099216,0.7217761235292686,0.7704665160840173,1.738540459707005,1.4848524104984422,1.698083509925603,1.5264780450281847,1.6549742239731227,1.542696423743948,1.71854254183929,1.2521937132084993,1.9666497571067694,1.0236444013486359,1.6630944277410526,1.9503855150477212,1.796189984340865,1.7426253750166367,1.5894336306011443,1.3119991981572698,7.254328619247669,1.1520783095420268,1.2465585940907236,1.5089658520373634,0.7990638011909104,1.4807874156674585,0.9733889771830914,0.6399409397310933,0.7049364030413614,1.7867302184370395,0.6035969490063336,0.43855356165397874,0.7304238226455477,0.6455883805809952,0.4115561080887185,0.45380179066222914,0.2256903123350308,0.6380922750511815,0.5152051591668283,0.7794349839834742,0.5734327525259011,0.6888888604117418,0.37136973493103126,0.2994491480797255,0.9874412333986727,1.1172781730745025,0.24038061787070766,0.014639287560376425,0.9663163339173381,0.5862012138152705,1.1085874667151205,0.9137831823082775,0.657789421126501
ROI_069,0.5311009118627869,1.1522055458595397,1.0560405463979137,0.9500857598875883,0.7551196532545432,0.7464931871013895,0.5689253670852673,0.8809295656957347,0.8928837982846403,1.2389381885895365,0.9109611100593812,1.0542536397460014,1.1218804886900098,0.829713215819488,0.8237186915105359,1.1891690275956506,1.204750003067422,1.099450117048277,1.0450549497945096,1.0129878065626845,1.0369398006280492,0.8085668131099772,0.9639706973364706,0.7348977936039285,0.7888661506112264,0.0946236110228931,0.6902948751991153,0.8913153865982235,0.957611520125831,1.0829724136417291,0.9623134513543696,0.7043764427515895,0.6713659021869838,1.0872239602107154,0.3852150806974193,0.22770408260214314,0.8469586680395238,0.5467865472832245,0.4687877447346907,0.4061603635606681,0.4610570377354073,0.029997419550993262,-0.066766225725102,0.6726959979625466,0.5296289345111945,0.27538922991338644,0.1401365211126046,0.39701588074891225,0.3770423398851866,0.2702451939839661,0.9762699739038899,1.2856056954775155,1.4153007734477832,0.9797784854894943,0.804376868963045,0.8840232770596382,0.9923245029806428,1.012944895209515,1.4464628441281517,1.1690552612274354,1.2367010651734733,1.2160069294825022,1.2599879518392574,0.9306801626802689,1.1526231973551309,0.8115044609374555,0.8703007633588296,1.1520783095420268,7.254328619247669,1.5653472349080082,1.1067376916026006,1.0931936191705696,1.3170696413679803,1.0641569475280412,0.9334192627451624,0.8401306869061123,1.1890364883315399,0.9210977037955391,0.5884721936299229,0.6555772458719517,0.9888458213611075,0.6284907745611696,0.4358958716620734,0.23800471904711604,0.9273855281334811,0.34738734137810773,0.8388856711031493,0.6976423505600398,0.9107628049586518,0.21514661842028987,0.4097723970301277,0.8296029431347105,0.9274469297943981,0.3170971567826922,0.20206210348869305,0.700957175545112,0.19121218600277068,0.7700743173089561,0.4306032308311164,0.27476449675021625
ROI_070,0.4695958422959191,1.52183473603145,1.2977053863612438,1.1555508513662043,0.9023859059228992,0.8725270420179986,0.6198146886317204,1.1393794957803312,0.9987565305460759,1.4736174375526927,1.0000694316669427,1.1395956381144312,1.1399310184021572,0.924841943854484,0.85205717905936,1.3535121640761443,1.2067659142494649,1.3841737377401517,1.209794732603275,1.0686091089090015,1.1535729509940011,0.895126996499005,1.0755938918532602,0.835446367083498,0.840722727316464,0.1274164365541299,0.8306287415206285,0.8117554803217395,1.0199966943783987,1.1355129133300255,0.8737280017039184,0.7568820471294782,0.7145090232730292,1.1157002915866285,0.3681329428527268,0.1950915580070781,0.8736883329220426,0.6477599552636082,0.5830466220299698,0.5630093970492022,0.46650670989089027,0.07244834057636192,0.017058485612888502,0.5945351927616717,0.5212745279917259,0.28597499010624894,0.17406613546080155,0.38751991213003945,0.4098552076992705,0.31290035025361523,0.8596052500392342,1.566741060550248,1.5517382373887443,1.177987105426477,0.9157939665758247,0.9890740116725445,1.3081100590672017,1.1329601968258307,1.3536455851708975,1.2652044398542917,1.0832701057514402,1.0716528355661035,1.28183301702863,1.009924950695626,1.1929058169635722,0.8691304527018543,0.8294015157766871,1.2465585940907236,1.5653472349080082,7.254328619247669,1.2010863010254338,0.9383084982444463,1.1579738850805745,1.2895485821075388,0.8941591010028493,0.7025657620475334,1.2009221821168923,0.8208381407590607,0.5123939660347179,0.7157642436929078,0.6269460589460538,0.41064229563133503,0.23907102714070844,0.02602284198771016,0.6142492821584694,0.21365566081758885,0.8078132851491807,0.4521222949026595,0.8288280367836875,0.11415378968936273,0.2994202432516746,0.8040143917338423,0.9354891133616764,0.2585417033236187,-0.009076026054171996,0.5650740489609474,0.15089941228902404,0.6042098770591042,0.4570975516563755,0.3472417409310274
ROI_071,0.80583385369203,1.5545856977971806,1.4961632863360725,1.4977343953804803,1.2540428926235963,1.21426478379781,1.0564686453988044,1.4987820872216853,1.4062688857858063,1.6022035530962786,1.3005296033723595,1.0461377515776527,1.1959382151515494,1.3494712067614083,1.3506885930590145,1.6071712172786685,0.9799956766759782,1.3489463450300432,1.1967677043529794,1.8647647321821315,1.799628900799355,0.763991297331843,1.0503026333950305,0.6035327072584062,0.8803621752275925,0.11505503248248579,0.994076935344401,1.1270557066578282,1.4731351631049616,1.300915000972318,0.6631217770852281,0.9089079338477609,0.9186667808582318,0.7575736684822609,0.4228571695276022,0.4348410275766403,0.9564126601909085,1.0520328218318704,0.8573004123653805,0.78631089104142,0.6049732784641583,0.24071763001502458,0.1437231734438443,1.0073972763220016,0.623125016134354,0.6067360696932227,0.363746280195664,0.7106905188230188,0.7992449338199206,0.6245851690813402,0.6346384251643095,1.4370822459450117,1.4764967175478487,1.4783668414418445,1.2324378352956535,1.4537279823644578,1.5043792136330802,1.4727987326954508,1.2792741151175036,1.4962594484144254,1.024572387695693,1.2097204104761,1.575751096362426,1.4206247600832524,1.9973535920279757,1.2993861506529023,1.166633421745508,1.5089658520373634,1.1067376916026006,1.2010863010254338,7.254328619247669,0.6584775930118816,1.1281631260159606,1.0577258408969532,0.7101041167538503,0.76904794813305,1.8125274544973853,0.7121477273307555,0.3261994776838364,0.6133624355139935,0.5890506957443834,0.3071495532965263,0.27891568405178757,0.12602205258672494,0.6329955653782435,0.3722995781638958,0.7625778927403459,0.6057513711450432,0.8680770743619114,0.21959237480191995,0.22705422376893367,0.8150306711701626,1.0094951508103824,0.1490652007880068,-0.05597075762060612,0.8301452412241984,0.43054958855565606,0.8802470670768557,0.8435885611808425,0.667952105185735
ROI_072,0.30681738038137757,0.7030192946670588,0.6420542867501269,0.6085937819323889,0.4819476198617944,0.5143533830973438,0.31793649909383737,0.553893048302194,0.5326370482958154,0.7329444430557923,0.4559842880385491,0.6728300561705401,0.6347908591115762,0.5010300523261516,0.5542480045997739,0.6878477530456317,0.7822347437465612,0.6680354631082148,0.6892676777189569,0.5739231184925556,0.6019798456961462,0.5429012304612217,0.6243336929588512,0.48659356812862387,0.4375340152643278,-0.025075359568296582,0.454002264987647,0.6247684783323821,0.6906210500972702,0.8245160559599906,0.6102427460768954,0.4439153397556164,0.43848577019133794,0.7257596965146762,0.15482867607417078,-0.006078946471465814,0.571699344377881,0.34349232386617684,0.341082537373815,0.21396991770168616,0.2645097236528264,-0.10494667083358124,-0.14262422813646422,0.4672160325499776,0.26753574706407146,0.1818917315127727,0.02938008861558824,0.15948926916355866,0.18980536189345149,0.10420645926665639,0.9047717343410266,0.8720634805037122,0.8346470353094786,0.6144232743697314,0.5818489909336528,0.5569612029205984,0.721370391907292,0.6447932759275606,1.0708890332070558,0.8058851432654113,0.854582232648469,0.8271525131070507,0.7789204083781843,0.618069101950223,0.6755094737851394,0.536528317218627,0.5818072485172643,0.7990638011909106,1.0931936191705696,0.9383084982444465,0.6584775930118816,7.254328619247669,1.1570778151607135,0.8635671341763659,0.7527586780768192,0.7125233671227578,0.7514137078560729,0.7002741673883279,0.5942609048317823,0.5354457866936274,0.7142404576987101,0.5148903900427977,0.4299732127731424,0.21631878911923202,0.830091933338514,0.3466710691153532,0.5108631834854357,0.44937551441596907,0.4931282950709974,0.2307193150299546,0.5695525330898549,0.8783533389182056,0.9863291671102894,0.28535685082253104,0.4271792254124853,0.4500848872169791,0.15179574465685886,0.5960142288473935,0.25009609050652065,0.06258413335704582
ROI_073,0.7072666147972343,1.0917296855441523,1.11271615099919,1.0737320598577031,0.9372932826104244,0.9362039254462922,0.7984612922173243,0.9950409442538211,1.0212117440013182,1.1365396667941736,0.938042568794592,0.9112209389845527,1.1228920986355708,1.0447727667338247,1.098543610215308,1.1787156142938966,1.0371800284975874,1.0030584640823743,1.1365716752464505,1.1441394010072627,1.0832108503390805,0.7812462712948818,1.0762179543826418,0.49169929363789144,0.6462473635221526,0.0059140930835515975,0.7230128798951316,0.9385965178843875,1.0792574406503397,1.2215914379397677,0.7579987290400774,0.8035600243945676,0.8033651199847652,0.8203804659808366,0.4281931659509792,0.2259429550006127,0.9012792656351022,0.7904556140000981,0.6629091855136161,0.5117857373227034,0.5931835311987524,0.09173199513718085,0.06713758016984094,1.0192689609690662,0.6181602363559829,0.5535908248001279,0.3147355089335384,0.5936791885962708,0.5577920039642832,0.4746987150494902,0.9836154307725106,1.4118929740802197,1.2975864751786017,1.1019330529573295,1.030407312340429,1.0418268745860566,1.1019597473668996,1.1343007755405408,1.456914672010521,1.366362872209866,1.0469888925514659,1.4937303102187631,1.4075588318106131,1.1816251415123527,1.301651725642962,1.0864890640371063,1.032837546292892,1.4807874156674592,1.3170696413679808,1.1579738850805745,1.1281631260159604,1.1570778151607135,7.254328619247669,0.9232321214861128,0.7177892758894684,0.8132102267824038,1.3227009444717661,0.725956173882341,0.6497502543506175,0.7333109301987942,0.8248863912622189,0.5404663582844113,0.6081425351310954,0.33851542054841216,0.8449343165975437,0.5384407802014605,0.76406750164477,0.6204205791307668,0.6266786718119796,0.40092527224705377,0.5683650242479932,1.1318616182240362,1.2525599189451544,0.42556656971517487,0.260102135881973,0.8827979099671132,0.4789619277729869,1.0898268852300876,0.6452701056059349,0.42290968611226404
ROI_074,0.5009066543888175,1.3103655807274193,1.0122981006780738,1.117356702925948,0.8925460292764315,0.8279381538395536,0.5415175312515739,0.9186168981478218,0.9033091709551744,1.0777851260521298,0.7300857423741838,0.8429420137052901,0.7281231154574888,0.6998003586759606,0.6589951446310529,1.0500165530360501,0.70747708911415,0.9038173915714782,0.784567992070194,0.9982416820093496,0.8252843571477173,0.511239915834576,0.6569447170894422,0.5091056732507251,0.7066075718889698,0.08997049568218157,0.6916268316670295,0.8054345659889499,0.8286327536190741,0.8661510703068905,0.6286610288566018,0.6958235759274823,0.5554531873506433,0.7514337667398554,0.21404113354185964,0.37803026819806046,0.955391496577848,0.6838150620898974,0.5082365484606118,0.5041930915673402,0.348596905417324,0.16899377669965573,-0.007796217626232917,0.5737289574208818,0.43796180606178525,0.26928404579801246,0.10479188127388211,0.3484122457927989,0.5334265689420707,0.3961158551648799,0.689417798369303,1.1892252460226507,1.3454399626518667,1.1398117879117913,0.9363821570341548,0.8787880061782672,1.1421847425331817,1.0512916597840474,1.2154394236443846,1.0813521427067065,0.8915698755781158,0.7197190236105324,0.9926450812069081,0.9243122499445937,1.014106649643369,0.6847728368531272,0.8936325771031205,0.9733889771830914,1.0641569475280412,1.2895485821075388,1.0577258408969532,0.8635671341763659,0.9232321214861128,7.254328619247669,0.7670747440801353,0.6843081735958869,1.022364271062053,0.6610286186509775,0.499316845184761,0.7574430816203103,0.4494997844892562,0.32106161183270976,0.22067241995834308,0.0462664944662848,0.6480236325522637,0.17707513255180285,0.8473964491158584,0.4389572737617265,1.0361971064780653,0.1062652792409019,0.23540142460837882,0.913485613302847,0.9749719559412977,0.26416225755938505,0.01455335259668254,0.5691411124972685,0.17539132993606169,0.5457808082011956,0.6129975261523717,0.49284861806223734
ROI_075,0.28734648206522756,0.8305659161669214,0.661890420508023,0.5579577396281582,0.30583986607942554,0.32320763684680076,0.14985204181219014,0.5574091713364345,0.40641369658073867,0.7998912091239561,0.6171105557141277,1.152734958549861,0.7533785178006572,0.32750140608657363,0.30861146586568394,0.7504415842722346,0.7340814778065983,0.7065504057172033,0.5435580328056231,0.5599454516465158,0.693415994127282,0.44357693211979626,0.46246099044838945,0.929236053133292,1.047533826924968,0.5592247027254136,0.6124016240685191,0.8429564535205794,0.8265507057637795,0.7655048767756747,0.5878556570029537,0.4323400073623482,0.19073226099623947,0.5399143406153513,0.04438944513474216,0.1020120580231333,0.47169662726439454,0.3260661282356217,0.1155076730912591,0.09482744247736245,-0.15244372147079224,0.017771738463218088,-0.41472778658948745,0.2952099726759448,0.03067140673297229,-0.13778684800410523,-0.4218404934337989,-0.10066123499040218,0.10345444188811026,-0.09123633276947783,0.662205535575965,0.8792494685011886,0.946155784996106,0.5118891073631736,0.32558408464799254,0.4483504274638388,0.7315382012370248,0.4900570180278747,1.0011165135484175,0.7959599442522228,1.5311599155135212,0.666098505437802,0.8186576351523188,0.3986706737499407,0.6713747648382952,0.2784142424659083,0.3407138526773002,0.6399409397310933,0.9334192627451622,0.8941591010028493,0.7101041167538502,0.752758678076819,0.7177892758894684,0.7670747440801353,7.254328619247669,1.3463025522023528,0.7600351759637394,1.434133003360455,0.5714012061914976,0.5406763405190703,0.3988305233709943,0.017330385104539187,-0.05338366432883245,-0.09874008483038547,0.6014507381052422,-0.24687951615447387,0.4873311066570166,0.45105925266904834,0.7375479420660515,-0.304161260422683,0.1412306566095461,0.7219406238678372,0.4393650074125155,0.24553725729725803,0.007120233734697039,0.26921765943469944,-0.24578086712733388,0.206360897569396,0.11453711476198584,-0.040765190604089833
ROI_076,0.4392032111488022,0.7199351862824749,0.6276723088697258,0.5655871141139736,0.36354670615508844,0.3953120340443489,0.27568149196163577,0.5427617646714337,0.47415384050545933,0.7357423283646889,0.6052053381256335,0.9160069171608174,0.7201209680137185,0.4096540097225593,0.4273167921850702,0.7035960408221188,0.542116865340325,0.5741702262736168,0.47283013978950406,0.6712152037889544,0.6840242348270835,0.29464757049709916,0.4539477537701813,0.5809019437379068,0.8470130110502873,0.4199909769557524,0.571148388922931,1.1160668993438783,0.8440403036634573,0.8674043578971999,0.3937466414370727,0.527684447308662,0.23332323857739032,0.3862846503653349,0.0008166067837629681,0.29480810461873974,0.5767692709496812,0.5137680754277879,0.20960492314509102,0.1815903038005015,-0.03832147571416458,0.11741518642956748,-0.3329922527650743,0.5654084137370828,0.08308100056742844,0.10765934816663865,-0.2431403308609088,0.07540897692667796,0.28848973984024573,0.15138552264870056,0.6637145208093731,0.8245093725518368,0.8775714472767973,0.5257564339537559,0.39753783544273386,0.5454928700581475,0.6688571647655408,0.5294779420538152,1.0531145621250428,0.8769348222589264,1.3979991328085568,0.7569185279244562,0.9213025175266806,0.4963971904118259,0.7761274972024107,0.3891027136749811,0.48362513252808603,0.7049364030413614,0.8401306869061123,0.7025657620475335,0.7690479481330498,0.7125233671227578,0.8132102267824038,0.6843081735958871,1.3463025522023528,7.254328619247669,0.8629967813802877,1.26939240812415,0.578580664780064,0.6490910149545565,0.5004702500739109,0.06551786414215506,0.13010274144719336,0.10029837334026072,0.7591149262746368,-0.018101394410690336,0.49633445932093695,0.5702494518646364,0.7794587423902616,-0.09557200633950758,0.14447163265408033,0.8663386279163888,0.5209049008493174,0.356956411276183,0.14800411503035282,0.4990386488942162,0.009042387274331735,0.4216601987017694,0.33496170283333915,0.14744630659744745
ROI_077,0.8193628559692427,1.519882629618094,1.5130941770254573,1.4423809622577604,1.217149524683312,1.2669679129188471,1.0777973685635174,1.4484301194809137,1.3960261041604272,1.6159533642014,1.4524846137586127,1.1716789845819031,1.460284638880446,1.38657911340836,1.4057269691860637,1.5428153058558063,1.0712196824055056,1.331029405351293,1.362124422007287,1.8517783107410155,1.6349855847634849,0.8230357378285187,1.1849751971670792,0.5855467428641328,0.9839403073744293,0.11503562041758991,0.8809049606510542,1.2074710140380975,1.4834311009858996,1.4541872827920566,0.7353425488482119,0.9569072503517199,0.8759342659769871,0.7956798180195561,0.40167361365987203,0.44439085928737604,1.0694182519787692,1.0630154102208142,0.8599441949134403,0.7723676373531981,0.6563368524118502,0.2829408100442744,0.11773240318016648,1.1632194557821394,0.6153782943492365,0.6257762035276031,0.35520700650353626,0.7124834411936426,0.8460226491017493,0.6699808888147212,0.7586486511783876,1.592677933633813,1.44644733134411,1.4213220764173649,1.2511407477696055,1.4959024495225652,1.359978440884335,1.4723645830026593,1.3459297398271142,1.841629043568377,1.1370625063081068,1.5539357304503831,1.9011020757821284,1.5010454289909592,1.8853412605110222,1.3654335991958055,1.2389006839040655,1.7867302184370386,1.1890364883315394,1.2009221821168923,1.8125274544973853,0.7514137078560729,1.322700944471767,1.022364271062053,0.7600351759637394,0.8629967813802875,7.254328619247669,0.7844828211355336,0.43599981278491806,0.726489483443876,0.6984348259524159,0.4018445641980574,0.3484534209822987,0.2139875840584727,0.6955693125443374,0.4262273124270511,0.8832745056237378,0.7454414161337258,0.9074957596215611,0.2969246862709951,0.26170524419229746,1.012418540035304,1.0584006482357435,0.21247118479866886,0.027096233704842026,0.9215783100128271,0.47727426804534034,0.9923147417333879,0.8782706202708206,0.6691675749804848
ROI_078,0.28315376094034944,0.6961509297757825,0.6064224205295904,0.47890236672271697,0.2483599515491368,0.2754435764967883,0.14504412529909058,0.4925689631657705,0.3685478848018271,0.7865505270611692,0.6241885207725829,1.137602393354328,0.7671090282873225,0.37287282549812045,0.3470187765554688,0.6619171197389238,0.713617285165478,0.6663292815710637,0.5354480495223206,0.5449736658602081,0.6993691510948216,0.5138839470881393,0.5949220102540483,0.9050577643236951,0.9577189674660395,0.5105173519081058,0.5878617033929432,0.8898298185729295,0.7741535054239381,0.9550546842504191,0.5989807777742342,0.4739231554854308,0.23751276488352177,0.5499043359755125,0.04976063107039136,0.08903728751943786,0.47172223162411037,0.2829684376351044,0.1710801264933493,0.1676230052088141,-0.07107702749965532,0.10245146474061549,-0.3088458581769772,0.3480409864542721,0.0663066114165041,-0.06464363965115322,-0.2911362381453094,-0.03273212144752011,0.0626749892187287,-0.07233003352692985,0.6725001000012593,0.7523187211737185,0.795985714662688,0.4397129118902874,0.2786983699692341,0.408923966795809,0.5735293783182729,0.4160112674168305,0.9629307963177189,0.6953596223233325,1.3443645864813187,0.6942221222383017,0.7891372158386804,0.38838270857326834,0.7015530922091925,0.315815772980977,0.2955871193868068,0.6035969490063336,0.9210977037955395,0.8208381407590605,0.7121477273307555,0.7002741673883282,0.7259561738823412,0.6610286186509776,1.434133003360455,1.26939240812415,0.7844828211355336,7.254328619247669,0.49278118513424723,0.5268549992321067,0.4635774452730267,0.09954505711992344,0.031215798827583827,-0.04668242037659977,0.6665677705010159,-0.11625318505494979,0.507155632959149,0.5591470303264319,0.7104403453525993,-0.22677518341769046,0.1555399336008925,0.611821184514428,0.4456532316513116,0.27025253341162064,0.10960974445743407,0.33943840444359263,-0.1744353109462437,0.27092122578973876,0.0814425835135099,-0.019415393060982004
ROI_079,0.2311955865848513,0.40207614996660945,0.3284736989642296,0.3019353423498561,0.1959683129067242,0.18604416651815303,0.10188986461750389,0.198458647874727,0.22815799333709857,0.3293565073053258,0.2757433492054634,0.32481051098196023,0.4050251192263301,0.2290168467763931,0.25004766137747625,0.38788469000075215,0.29154404392023664,0.20889402717262975,0.2960374865418127,0.2963362019314154,0.33246369820790894,0.18964900832191262,0.26743185677658593,0.3237918039333098,0.2959815196133236,-0.08732209145937217,0.16548652169860678,0.36206736400163153,0.34913433609245176,0.42032047755449625,0.6074832286536089,0.3764584233140011,0.29156079116310946,0.1864719471651329,0.04391039207257379,0.04084230188209219,0.5083358572124835,0.3084962005008165,0.06907960960220512,0.00941143649369763,0.11925926072095384,-0.12422675997299207,-0.17664048905896207,0.36288453093142703,0.2792196788254257,0.15907371598476716,-0.06643251607992998,0.04708772984397769,0.060725351021209545,0.08265015228425929,1.0264151504270211,0.552309119896548,0.569263087718377,0.3433871515322033,0.25897885213619043,0.2272053042987468,0.3447418555298362,0.3458038011216128,0.70218346580786,0.5255713303949593,0.5516668850645895,0.4737596673943142,0.5480710381582723,0.337416309743904,0.48630812320475386,0.24090273063392806,0.35539220205848315,0.43855356165397874,0.5884721936299229,0.5123939660347179,0.3261994776838364,0.5942609048317823,0.6497502543506173,0.4993168451847611,0.5714012061914976,0.578580664780064,0.435999812784918,0.49278118513424723,7.254328619247669,0.7941014615798346,0.5885819416719017,0.3520296188945344,0.4829937684292425,0.14755462200002925,0.5267869416023573,0.1331234406189907,0.5380540004199489,0.36693837659276524,0.3177173197859762,0.2934473238289548,0.7393409221772936,0.8033743286074608,0.531249937199049,0.989413758959425,0.4998615750785164,0.48701678328033127,0.1455865690887466,0.35044422367512423,0.10376829100355113,0.06857230279193176
ROI_080,0.448346603281142,0.7539412963679594,0.6980521716033353,0.6345646198472563,0.5242348739869956,0.5096725755608613,0.44393946640610754,0.5762953217662162,0.5345784401697177,0.6302464173908551,0.5827859213011041,0.5719823324446786,0.6077186930156524,0.5466847208705641,0.5029877385304597,0.6813643657924974,0.40972384883845847,0.5086002296736511,0.5388997827840634,0.6460880419757772,0.6094063218680228,0.3252567694643452,0.565617971289842,0.37658318135764496,0.5683498255444486,-0.010806503873142814,0.23830703367774422,0.4533946445647812,0.5116861382141363,0.5855635466685271,0.3598311752645825,0.9503883756300748,0.39454804934558935,0.34194190493007626,0.0809253398610237,0.2587720582410003,0.9118186146955585,0.726629686047959,0.37802655810083363,0.41749454983677886,0.34630115351188046,0.09328544177976625,0.046250511037756986,0.5400685379631607,0.35985377515737743,0.381800817711045,0.1952271122440357,0.36629126545113544,0.3646246885346129,0.46750035852245,0.8759845658568584,0.8433361843762208,0.7956487080724128,0.6786901757462819,0.5184899910738122,0.6014826315656867,0.5980524457145633,0.6085500098117361,0.7790294861082543,0.7940854969906876,0.5815469814905849,0.6068633323759579,0.7982703811448824,0.6362425794635916,0.7430600442907533,0.5223325876990879,0.6691730904783979,0.7304238226455477,0.6555772458719517,0.7157642436929078,0.6133624355139935,0.5354457866936274,0.7333109301987942,0.7574430816203102,0.5406763405190704,0.6490910149545562,0.7264894834438758,0.5268549992321065,0.7941014615798349,7.254328619247669,0.47241954459371577,0.22625720136148963,0.25557521075699924,0.03296020902337064,0.36720902715577586,0.18892208653047382,0.8146729387002576,0.2958631626547012,0.518170805773075,0.3202593215857266,0.32250283115617756,0.906903409011665,0.6057192108909268,0.6741961825182182,0.07453974048354903,0.46181716078493956,0.2554619027843457,0.46825035278610516,0.46527222600472734,0.43230219719522056
ROI_081,0.3693029943693243,0.5038757266932193,0.4781007364710746,0.4569972014831762,0.4354225047669924,0.4420690310810511,0.4470814599913791,0.39001989968218564,0.541037743038594,0.5524369461300842,0.5402627504429579,0.4165792109367855,0.6436534828670298,0.5580717568425927,0.6177055806723445,0.5896570246152119,0.640332021822264,0.4675104452781667,0.6033878052631286,0.574794371342167,0.5957356181013984,0.4628487263506505,0.5550317826308687,0.36955732037958094,0.36858906281266895,-0.1936913273502407,0.20870515196914988,0.5144589695839431,0.4521647482800865,0.5497396430673651,0.7329232511429788,0.46806960000329695,0.5523952784933817,0.5934411531625835,0.34577705020123245,0.19026205091782272,0.6528023581627644,0.28424690737501834,0.29115924294657103,0.251064853753401,0.6287843475194458,-0.1361718227431761,0.013010771267086454,0.6159767431727494,0.5347844913978598,0.40438475492585446,0.3414943625356753,0.4598771703252753,0.28523125401563343,0.3172263886601426,0.7924067545842604,0.5789713500061219,0.661173961886887,0.5257358166046334,0.4923325477616689,0.5298035074753386,0.4193519487038766,0.612641503222966,0.7548349924225559,0.6275138738862155,0.5978964133914951,0.849756669905666,0.6830172559027161,0.611946723259653,0.6635173200740138,0.5908892442330755,0.6954074782102699,0.6455883805809954,0.9888458213611075,0.6269460589460538,0.5890506957443834,0.7142404576987101,0.8248863912622186,0.44949978448925626,0.3988305233709943,0.5004702500739109,0.6984348259524159,0.4635774452730267,0.5885819416719019,0.47241954459371577,7.254328619247669,1.2088524517031987,0.806236992172673,0.6137009739423513,0.9007819622165864,0.7334603424814148,0.7830197370622682,0.9630715116834366,0.5690425877521058,0.6623705918762983,0.7012249789447179,0.5584752210018108,0.6951274019538956,0.4609295334435393,0.6768375337864797,0.8072422838526717,0.4217516429766663,0.8275376244775069,0.3015613711875284,0.21428020851521623
ROI_082,0.22058661111936373,0.2753336961201618,0.2843877111368054,0.2954509233605185,0.3668599734757171,0.3883113497053446,0.3559908970208937,0.2001114933084767,0.4389300094194228,0.3210544284530041,0.29593681601066757,0.12760590638706434,0.37226075943414916,0.4228473577034303,0.46987277252179904,0.3317100239313795,0.4468685167550963,0.2772839058296434,0.45281195451413014,0.3649642250127342,0.3047598480844565,0.3781975417514519,0.418476450236819,0.03591514454233825,0.07890450124380095,-0.47289608298781743,-0.0014990261440750486,0.1783813828495872,0.16839951002655457,0.28828111086686403,0.6617379244278452,0.24384277146418573,0.46498183279521715,0.5635330824574822,0.35409067180897746,0.18259194601615314,0.5047236431686195,0.08372025283228714,0.21168266933009874,0.1849189397659682,0.7540808907096535,-0.2202509979126934,0.05813315790498607,0.41470585811543115,0.5756025220731843,0.33946187680504,0.44890428005643124,0.47021565745487337,0.2762063519968357,0.3466721589821286,0.5606129724564822,0.3137224098163534,0.36299866895850574,0.38393669645419937,0.45120439339490936,0.3956840965368385,0.2034730501090403,0.4753085031169374,0.443996355006364,0.35653747872596514,0.22602743623662738,0.5486226109902735,0.3684178279733795,0.4743309183407412,0.3653131384221111,0.47739809306552067,0.5955478172064672,0.4115561080887185,0.6284907745611696,0.4106422956313351,0.3071495532965263,0.5148903900427977,0.5404663582844114,0.3210616118327097,0.017330385104539187,0.06551786414215506,0.4018445641980574,0.09954505711992344,0.3520296188945344,0.22625720136148966,1.2088524517031984,7.254328619247669,0.8448620666364894,0.5955174689709208,0.581919768678888,0.8463423597962069,0.6834418996791324,0.6629973569801253,0.393764218399199,0.8012882968737991,0.6919306660612029,0.33224969590781595,0.5348383300517506,0.2906150486043626,0.6547486316341828,0.6457767666622806,0.4492017534039772,0.728921763457863,0.29196877051720266,0.2357126688596607
ROI_083,0.36853020310631074,0.19932222739502578,0.2297363311835317,0.3235678836734709,0.41668089142634795,0.36854256612952446,0.4557630941440552,0.2153488215895085,0.39145909335746243,0.2505768651156925,0.26104055091554396,0.01453450007858323,0.28175255599669063,0.4472331776671459,0.5189618379655957,0.3043068730415969,0.2177863133918902,0.15569613192012768,0.318770832681687,0.3703420804645562,0.25557470492630574,0.2443889262865645,0.3473537679179524,-0.11259416062182945,-0.07530178907807863,-0.3338733322797702,0.17824303919386167,0.3247767767715274,0.21414004897000263,0.3180137960884654,0.40566067590749516,0.3796523677296866,0.6065174756754417,0.23221628691444676,0.5855515160992484,0.11212642124318169,0.4239628742588267,0.30868052286870223,0.36515714413477135,0.2168348829781789,0.7043692441100718,0.05184232865326439,0.3650604004068671,0.680924635922528,0.8372265171897662,0.6855239944227759,0.6081954393246852,0.6487554538424016,0.32369154629946706,0.4355553724098997,0.48430082577250744,0.29298464484939823,0.32535504053848885,0.3765704425829811,0.48140368098094666,0.3728639709889257,0.23807758130919668,0.4389222326064106,0.39308019959915785,0.33601337873633663,0.1859272872460287,0.46717153400333394,0.3840072821321546,0.5053275425947534,0.425711919568604,0.5245647198512933,0.6172206552752266,0.45380179066222914,0.4358958716620733,0.23907102714070844,0.27891568405178757,0.4299732127731424,0.6081425351310954,0.22067241995834305,-0.05338366432883246,0.13010274144719336,0.34845342098229876,0.031215798827583827,0.48299376842924263,0.25557521075699924,0.8062369921726728,0.8448620666364896,7.254328619247669,1.1015705833834608,0.7598870543563468,1.2201430288807515,0.32768967003825894,0.5244682651999699,0.17981034380426977,0.9157833434400967,0.6614881179639139,0.41430255020603013,0.6248728096635573,0.5416885525027912,0.821512757801353,0.9379485894913692,0.8768251934152925,0.9411090837055044,0.3737809528368215,0.29204661218181194
ROI_084,0.26351781819346626,0.031671963173410915,0.04910437077652343,0.16610784642416804,0.259450282738543,0.2297536808215175,0.3454305435912114,0.08963347265550972,0.24856991860221508,0.1121180432197471,0.18446954591853962,-0.05142068068931277,0.1264161703462615,0.2560466486849493,0.31293187162552916,0.11334851390325852,0.09311745966970844,0.02086113818804356,0.1350565705335981,0.2330887438084979,0.0809912280302798,0.1016476393698387,0.15609139817756804,-0.18930547340695827,-0.06411517478044619,-0.10316316954558424,0.08981077427812258,0.29209050787957447,0.09054349095859801,0.08513230221868902,0.1352303062892224,0.19644451500322752,0.40333204776053605,0.08711945833927173,0.5698593038630907,0.17368770693585217,0.23350051887949325,0.1496017045755841,0.1977469510946187,0.10484969246676627,0.4600438767039467,0.17359424239226445,0.3390086495423854,0.4721402746601188,0.5293274677459016,0.4549680574179332,0.4552170446966289,0.5522948851830773,0.27602855182503944,0.30046942695743534,0.1572143175165019,0.09253690528364786,0.14122267500033342,0.18690546891685023,0.2939048574729881,0.24175462116110688,0.08939755066064281,0.25704016413838193,0.15545617598902345,0.16336266307980377,0.07689504930001813,0.25684649101240464,0.17212005541015843,0.29887884224685923,0.2178840066323293,0.3286807173492349,0.4652205687687896,0.22569031233503078,0.23800471904711604,0.026022841987710158,0.12602205258672494,0.21631878911923202,0.3385154205484122,0.046266494466284794,-0.09874008483038546,0.10029837334026072,0.2139875840584727,-0.04668242037659977,0.1475546220000292,0.03296020902337065,0.6137009739423513,0.5955174689709208,1.1015705833834608,7.254328619247669,0.6446442368845262,0.9364349395949343,0.17421847821506894,0.5543402557705199,0.17170741324550307,0.5911917286984908,0.28344737426546307,0.16843048692145457,0.3227234845462558,0.27289934230265256,0.5467934570532692,0.638322367482486,0.6298371062613195,0.7035601660858328,0.3044045570393671,0.18530128943729302
ROI_085,0.37196199900269045,0.5049091499587307,0.4391208607094676,0.4739835989964403,0.4080974355298941,0.41616980961985234,0.3212541761600702,0.3923734418371285,0.48306658239480305,0.5715799119723184,0.43063630582349727,0.4626962402240663,0.502400114097598,0.4215650140838871,0.5096981741554812,0.5447351681229913,0.47153779363165427,0.44967732527749865,0.42108096288127983,0.590435393911498,0.5036716041612405,0.24804456289535723,0.4125283072920916,0.27543052899245274,0.33080882630738495,0.014898703732835387,0.5539761140872346,0.9428152621344861,0.5872237112861645,0.6824065241358581,0.508232107037303,0.3807492945069043,0.4058773193558337,0.4669063148848609,0.25036872751170086,0.21596209415667306,0.5682843538740056,0.32246555059696747,0.278872853322552,0.1745442531191534,0.2624698547450553,0.01000274267699179,-0.12140719394134968,0.6409386215409735,0.3886068346242757,0.31228058815414406,0.07586976200166518,0.2866866181139278,0.26763476850636336,0.22186520485217812,0.6469984516493549,0.6032884090810208,0.6910287637704874,0.4894264543239791,0.495043690477589,0.49180900816642903,0.5142905078277266,0.5541003430778088,0.8735281425453245,0.6454219901383074,0.8473782988578822,0.7004324684802788,0.6961595541029572,0.5479439683072369,0.670180803910979,0.47830435045760394,0.6731160092749006,0.6380922750511815,0.9273855281334814,0.6142492821584692,0.6329955653782435,0.830091933338514,0.8449343165975437,0.6480236325522638,0.6014507381052422,0.7591149262746368,0.6955693125443374,0.6665677705010159,0.5267869416023573,0.3672090271557759,0.9007819622165864,0.581919768678888,0.7598870543563468,0.6446442368845261,7.254328619247669,0.5207242432561672,0.4682645391264124,0.9353290605120692,0.7512139566534101,0.31102977867538295,0.46774235777438633,0.6559736780580315,0.8168012536553682,0.43149338735044046,0.5414223920425771,0.7951460534927278,0.3285172667721994,0.8228592385073792,0.3465450742937957,0.18186992759573828
ROI_086,0.4248892054500537,0.23019327212049062,0.3116456879139678,0.4072854585550527,0.5996669277600343,0.5524690479995327,0.740444572503497,0.36823890903534573,0.526535947029379,0.30463421094123094,0.33701198099233926,0.005554393547902235,0.30624347512082184,0.6596192509577249,0.7681421380974828,0.33218399172317553,0.2516986715547927,0.25900544473649867,0.4398839063079681,0.489595995830847,0.3501652843579886,0.30052316848948185,0.4729261154801595,-0.1636257287857805,-0.09306200989471038,-0.5040005465980186,0.13255623845575557,0.2738985761722099,0.2283820649205969,0.3393108658126632,0.2538768682311147,0.3940678597204564,0.7331343363996393,0.24700714800095164,0.5401307848091266,0.1259952504893264,0.390769529298836,0.42915554122590893,0.6207307198299677,0.47563327456924864,1.124623523958756,0.09290855209406938,0.5816693971770743,0.7738766750808925,0.7893784370545956,1.0405046797436028,1.079462739642218,0.9647474293711004,0.49899919296508166,0.6806729091055516,0.29141838402963444,0.2896014835894782,0.26692053031549456,0.4617104366128267,0.6273967042601565,0.5250732087200712,0.2790001632915629,0.5281099841054662,0.2847312549113466,0.3710321170506039,0.0611058415152147,0.5214965957558341,0.3875307210323001,0.6612873730907365,0.4603382538047976,0.7742974248870442,0.7511820682073078,0.5152051591668283,0.3473873413781076,0.21365566081758885,0.3722995781638959,0.34667106911535317,0.5384407802014605,0.17707513255180282,-0.24687951615447387,-0.018101394410690336,0.4262273124270511,-0.11625318505494979,0.1331234406189907,0.18892208653047382,0.7334603424814149,0.8463423597962069,1.2201430288807515,0.9364349395949343,0.5207242432561672,7.254328619247669,0.31838530831283074,0.4734994635632316,0.11097381451345062,1.2650205485911068,0.49637745242214965,0.2832196696767941,0.7054963826141227,0.21302623581700877,0.5316707176589681,0.8342437773525218,1.2507829922540115,1.0997194694989578,0.5585276856438351,0.49826290572195153
ROI_087,0.5199699118674455,0.8593451708049873,0.8326389992239357,0.7274449171696884,0.6648050355914701,0.7273178483226287,0.6018977048707537,0.6403670827748228,0.8186319324582065,0.8008912448762889,0.7867140891442378,0.6751841331729279,0.8219989130765387,0.7038807305824311,0.6582400525551608,0.8225549772665988,0.6997327807049668,0.6897056060551545,0.8102780185042033,0.8308587078045889,0.7898106817328575,0.5805782406257516,0.6943301392912827,0.43865624482630333,0.7441748342461678,-0.009516264693618362,0.33452197244777027,0.5490617520063324,0.5510569335568254,0.6215109908976053,0.7534101820189836,0.7560424025325045,0.5726155498997959,0.7200103029413814,0.32297927693837747,0.5863417622571749,1.0823688989493463,0.5433994064127515,0.4266428261258738,0.5093810837084803,0.6124644740027201,0.09270032874208955,0.026471219898907623,0.6309860195591005,0.6224402089360211,0.35629113299942256,0.3035211929957898,0.5424851208565237,0.6059660731424963,0.5882939081285724,0.738078985049586,0.8163708776903387,0.8606930369532197,0.8133372105462806,0.7427270796704205,0.8137732168968526,0.6410722277363103,0.8644422787890192,0.8576447029648131,0.856099395755644,0.6439194283894684,0.8060851545159533,0.8318344925325628,0.7798017420596202,0.811767988707227,0.6730702540870845,0.8226343518204197,0.7794349839834742,0.8388856711031495,0.8078132851491807,0.762577892740346,0.5108631834854357,0.7640675016447699,0.8473964491158587,0.4873311066570166,0.49633445932093695,0.8832745056237378,0.507155632959149,0.5380540004199489,0.8146729387002576,0.7830197370622682,0.6834418996791324,0.3276896700382589,0.17421847821506894,0.4682645391264124,0.31838530831283074,7.254328619247669,0.7262486910548087,0.9073750455488492,0.37878545343070036,0.37713860678513716,0.7498525501519142,0.5974374072913035,0.38216016287992316,0.1445243698758587,0.7095249037116401,0.30988996960416626,0.6256771523394627,0.5953028844618636,0.6151344879880755
ROI_088,0.4551983344777118,0.4517579837769259,0.4036211752375935,0.39914904021107006,0.38137775083948244,0.44196431669607267,0.4581738050926345,0.36913731076288014,0.5214779958953172,0.5251960345551012,0.6172212926276893,0.5026178342221055,0.6366853960260486,0.5035988000425635,0.5638908348846765,0.5088248163428126,0.525456619312285,0.4461444231968724,0.5404420720365732,0.6211467014568359,0.5992440671673155,0.3930860161476895,0.4761253403613012,0.30693844618473337,0.5184611132164761,0.11649310749580229,0.4443455318556334,0.8018565992106803,0.5501512793122533,0.6298935294509715,0.5994582097460331,0.3811645023861755,0.41345476885004834,0.48111711859234263,0.35681343936523335,0.4476113678515234,0.6439839706149482,0.3043350920873608,0.3338136037604578,0.33874230122755483,0.4508299932660243,0.2395308520821137,0.0008400744415582653,0.6894956193146394,0.46763233197434917,0.37654863308752246,0.24385575364817563,0.449971191738872,0.46565912839110263,0.40209856844942204,0.4752217802502996,0.4699607621763337,0.5360087598562226,0.4309360318033456,0.44930668980373817,0.521005149792654,0.36924709800960187,0.5234411000462745,0.650140026727838,0.5837954127943087,0.6636536145260074,0.7533604595243104,0.6273845847141956,0.5167772988819824,0.6203855904375104,0.5163253100506339,0.5955402499679351,0.573432752525901,0.6976423505600398,0.45212229490265954,0.6057513711450432,0.44937551441596907,0.6204205791307668,0.4389572737617265,0.45105925266904834,0.5702494518646365,0.7454414161337256,0.559147030326432,0.36693837659276524,0.2958631626547012,0.9630715116834366,0.6629973569801253,0.52446826519997,0.5543402557705199,0.9353290605120692,0.4734994635632315,0.7262486910548087,7.254328619247669,0.7556544951222087,0.379277361477543,0.3837309507486359,0.504820186740608,0.507749626424208,0.3168601797732308,0.44781918143272215,0.8622086451486657,0.4047472561043107,0.7256657710756613,0.42117164589367667,0.3530067525255749
ROI_089,0.5242882557213586,0.8809997980340224,0.7472000992258682,0.7422180547907692,0.6030812322688719,0.656476913961252,0.46874243541081745,0.6501940566458734,0.7772698869325637,0.8748734615480469,0.7327934317318756,0.7938171134506979,0.6822615793166472,0.5335713693449101,0.5149905123494507,0.8145450504629281,0.639372163492407,0.750518946404626,0.5950955597674232,0.8678331573590587,0.7238770170008766,0.4170686650164123,0.5152764422884507,0.5093081735984252,0.8254772807284494,0.24958790056470712,0.6102680403044665,0.9424855445472841,0.702973941236993,0.7079558005497673,0.5271593725086975,0.5792563676911529,0.3803915905754854,0.7642613355649445,0.20996727992249958,0.7986876757359505,0.9253816342195978,0.5162375703060884,0.35337281964366496,0.44503271540791595,0.27912514393036836,0.19834397244461932,-0.14990222239632287,0.5551807452052089,0.3843479007536484,0.15824134608810592,0.0019008168895788546,0.3102524329421161,0.5987530833021057,0.43614898451001194,0.5247123910430973,0.7575312127754683,0.9109076994660049,0.7294113541637286,0.6445699491118096,0.7614664904629302,0.6960377330124911,0.7776218799854788,0.871461984137831,0.8275083292022287,0.8928011957035189,0.6359258046438239,0.8056953630958101,0.6509244357070776,0.7962999052946593,0.5077522129086005,0.7786123675542138,0.6888888604117418,0.9107628049586518,0.8288280367836875,0.8680770743619117,0.4931282950709974,0.6266786718119793,1.0361971064780653,0.7375479420660515,0.7794587423902616,0.9074957596215611,0.7104403453525993,0.31771731978597634,0.518170805773075,0.5690425877521058,0.39376421839919895,0.17981034380426977,0.17170741324550307,0.7512139566534101,0.11097381451345062,0.9073750455488494,0.7556544951222087,7.254328619247669,0.000507135806812914,0.03466176332273879,0.6418202550456528,0.5502180761957148,0.14930775232980528,0.010948432213411812,0.5888978818029176,0.08332255576707162,0.5186972471916667,0.6220434793642841,0.4904322011779779
ROI_090,0.3068819860145114,0.13173357918563805,0.1752692129850065,0.24519935534069723,0.41529044765528356,0.38631900944241887,0.5507888051930427,0.19743234180948407,0.3461447075566847,0.09828695822684747,0.17560655347096032,-0.17148296495309273,0.1766591373902654,0.44811953655955983,0.5553169245026238,0.18971501437825353,0.06304085620735864,0.06384875591288945,0.2967576669076279,0.3315602126927953,0.21490607370798911,0.08806906821673909,0.279578526001419,-0.23790740282250125,-0.1860337675845724,-0.767341156818451,-0.10319793493557952,0.09203893425514363,0.10947572891200785,0.17192941332278774,0.23195114398535183,0.29208649717749363,0.48052736811353813,0.044783765051162605,0.24321537825500106,0.08428944810207913,0.43726492294390285,0.3767402771790591,0.45253496586051334,0.4119034799219738,0.9885598474606104,-0.019279811998254796,0.46339278936440925,0.6139931147588429,0.5570431408337467,1.0271273285779554,0.9525738117421895,0.7221329541991001,0.3791237415906023,0.7168136025328902,0.3188160392532188,0.2175061797124847,0.18034769152187205,0.3408553151696326,0.4451203712207025,0.35049458870211997,0.1437721875719093,0.3775431131616931,0.20640607805807756,0.2836259239327887,-0.06349189346987551,0.39209300990275914,0.27880371948368,0.48881512514005787,0.32889356278751747,0.5566997484159952,0.570158073087505,0.3713697349310312,0.21514661842028987,0.1141537896893627,0.21959237480191995,0.23071931502995457,0.4009252722470538,0.1062652792409019,-0.30416126042268304,-0.09557200633950758,0.2969246862709951,-0.22677518341769048,0.29344732382895483,0.3202593215857266,0.6623705918762985,0.8012882968737991,0.9157833434400967,0.5911917286984908,0.31102977867538295,1.2650205485911068,0.37878545343070036,0.3792773614775429,0.000507135806812914,7.254328619247669,0.6994468131766807,0.33368882472237255,0.6025876078055148,0.45529045194814083,0.6095446478129596,0.6656644213675216,1.209361929322428,0.7571418817561014,0.44412995915566045,0.5422751001325926
ROI_091,0.10213720893970957,0.18184952619046835,0.14650582728137101,0.14806747256445696,0.16264778606924385,0.1693504729412826,0.14729169431664696,0.08375624948163503,0.18262795417404892,0.13330130370189333,0.09049118691786218,0.030521869534018822,0.20903698041027657,0.2142611651668287,0.2951610871282007,0.1941159808112965,0.1975763391701105,0.0906024561894478,0.25566193236430995,0.16724705768561035,0.2266558716891066,0.16676266258381017,0.19482414857131358,0.06233073475592967,-0.10656848298897018,-0.5206443313375536,-0.015717382766966714,0.1042367873977346,0.17231292161448056,0.2488430903132109,0.5677475870969558,0.08549662437900026,0.3148752972638148,0.12922315193090367,0.061534874385442126,-0.16633853876588384,0.29854429440820623,0.09378243268100879,0.10809241768267228,0.035227418665940854,0.3417617756000909,-0.329492335983344,-0.05039447634295644,0.3247246522197095,0.2762346001555083,0.3123378891528355,0.20810230228438173,0.1579526216929702,-0.0022900468888856786,0.12151196962729433,0.6516113896390481,0.3282515853154935,0.3291581790833611,0.2267407734401543,0.24241378384232493,0.1676659527366905,0.19145901471593293,0.2740114155115785,0.5073769135418434,0.2843912269602967,0.2395079614891307,0.4023831400038723,0.3044305142017779,0.283036155753989,0.2986469028199276,0.2736034918579667,0.31086858163945297,0.2994491480797255,0.4097723970301277,0.2994202432516746,0.2270542237689337,0.5695525330898549,0.5683650242479932,0.23540142460837882,0.1412306566095461,0.14447163265408033,0.26170524419229746,0.1555399336008925,0.7393409221772936,0.32250283115617745,0.7012249789447179,0.6919306660612029,0.6614881179639142,0.283447374265463,0.46774235777438633,0.4963774524221496,0.37713860678513716,0.3837309507486359,0.03466176332273879,0.6994468131766807,7.254328619247669,0.5226380948261534,0.648509618229366,0.7381197360571133,0.8647807960379666,0.46967179966568706,0.3841573918359743,0.4583318519870011,0.05016428713143375,0.050191567270679215
ROI_092,0.6218950295735148,0.8917100971112126,0.815754556268981,0.8220591869178255,0.6946383332328017,0.778669626503976,0.5842496120545323,0.7081813455501184,0.7584418217080545,0.7589372277677962,0.6669518502680992,0.6781950434034822,0.7721665919850947,0.6705565281593286,0.7124453594362955,0.8546100901602938,0.5865352714711463,0.6399149021271031,0.7171072049909726,0.8585743607251214,0.743187918374938,0.40076402757429647,0.5823680007041573,0.3039469159746914,0.6079087240477032,-0.015924149754939,0.4856100411117103,0.8082332075179974,0.8349301115672799,0.8536557586214953,0.5738120846156542,0.7058518071891597,0.4609484637290112,0.46749667254639526,0.11047058696733111,0.35847833565924575,0.9083371131949302,0.8134452563577123,0.4890816526727289,0.40742762065215954,0.3603049116392426,0.16181460782739365,-0.08833503770333602,0.8668367625286226,0.3875765456712376,0.44902143389061655,0.10949274365587772,0.38013469163703967,0.5915142264416784,0.5175246608051705,0.9566174670507699,1.084918805167738,0.9916311478211521,0.8447637455984015,0.7935648219144825,0.8158195646705454,0.8301258165812829,0.8516122522761557,1.1400859866764523,1.1081282189506427,0.849503271824379,0.9427906125691518,1.0634560290686421,0.8459656961149058,0.8996291697707448,0.6891650474079426,0.8482008979611556,0.9874412333986724,0.8296029431347105,0.804014391733842,0.8150306711701626,0.8783533389182053,1.1318616182240364,0.913485613302847,0.7219406238678372,0.8663386279163887,1.0124185400353045,0.611821184514428,0.8033743286074608,0.906903409011665,0.5584752210018109,0.33224969590781595,0.41430255020603013,0.16843048692145457,0.6559736780580315,0.2832196696767941,0.7498525501519142,0.5048201867406081,0.6418202550456528,0.33368882472237255,0.5226380948261533,7.254328619247669,0.9456229333780134,0.5678333734185836,0.28200207078634615,0.749872898521001,0.39247577554953833,0.7142910172655993,0.6748077202208275,0.4743309428988644
ROI_093,0.5127726570999155,0.9253657937868954,0.8803260882663534,0.9852306277104788,0.972283636123645,0.8922823142324131,0.7710045403241416,0.9014982135822495,0.9071086505628125,0.8728751112252685,0.6538284872656576,0.547432881492636,0.7149844703289775,0.8850691853180669,1.0264406873061285,0.8908398684973778,0.6247519511908659,0.7638172674246267,0.8352951554620307,0.9712102335306911,0.840517960333452,0.4972490111750565,0.7254149003170738,0.3143059055303723,0.35336673141555913,-0.28232621311351686,0.5852847580374533,0.7775591282609561,0.8584384062048128,0.9697960980350381,0.6321592858214483,0.6047823234211338,0.7812200389482644,0.5360158412145438,0.2590613151458803,0.1533944259717375,0.798074111424634,0.8070428719506284,0.8096689536594038,0.6305303963099527,0.678034998575521,0.06944289336991191,0.20493607060285407,0.9449084432582099,0.5563662501543053,0.7498028900950061,0.4490635381980646,0.5534066260210416,0.5453458472066751,0.5620725598576732,0.736335590960434,1.0898688481567476,1.0126905966184354,1.0409666394360326,1.0500374626687683,0.9068398392867372,1.0050127758816292,1.0440576856671948,1.0753462453304707,1.0796539415035868,0.7005309574275984,0.9671859606702685,1.0291915697014664,1.1211421933778694,1.0670455249002067,1.0006797467209338,1.0182320112291943,1.1172781730745025,0.9274469297943981,0.9354891133616766,1.0094951508103824,0.9863291671102894,1.2525599189451544,0.9749719559412977,0.4393650074125156,0.5209049008493174,1.0584006482357435,0.4456532316513116,0.5312499371990488,0.6057192108909268,0.6951274019538956,0.5348383300517507,0.6248728096635573,0.3227234845462558,0.8168012536553682,0.7054963826141227,0.5974374072913036,0.507749626424208,0.5502180761957148,0.6025876078055149,0.6485096182293663,0.9456229333780134,7.254328619247669,0.38030015775185305,0.355027900887576,0.8554222425552522,0.6641462764214965,0.9815616281139666,0.6429312188536518,0.5355665371544222
ROI_094,0.11750185053991247,0.16800468073259,0.08224962156689743,0.11505462624165193,0.07546995901207548,0.04556084408049582,0.040460058096299524,0.02390828388088501,0.10075415471950847,0.07549581820892994,0.10048517670510425,0.044487406163129815,0.15539150051042966,0.09430478477817518,0.12284891512664535,0.1627141737915548,0.006018358547102134,-0.021326798656118605,0.08019363482992052,0.14661994582694066,0.09804222799650894,-0.013369849992616072,0.07937545222902669,0.028860597520622932,0.007985241033798308,-0.22417885914648195,0.028744135761202973,0.24863813992503314,0.11259881249564621,0.19021999881107768,0.3047857138915695,0.24849043334719093,0.14661593751369667,-0.024652671702332447,0.018975771376069227,0.021609304143714977,0.45659791418297235,0.22550253715011065,-0.0032509218156754525,-0.0027036169756507163,0.1290498760851173,-0.01061559129923888,-0.0664550424061194,0.31338351765527445,0.24651304323681128,0.26594937818990777,0.06169566165927341,0.12534156479696892,-0.0037068660833570483,0.15651822338143673,0.6195540540031927,0.33036511672379815,0.3484503883098431,0.1915013637300542,0.10718360224679033,0.0954508543709085,0.14358301059234693,0.16795621575758188,0.43118266307763375,0.27917070085316065,0.2662086509122171,0.26802264709866386,0.31989338747099105,0.19999617568700173,0.2856696556099803,0.12159115648535063,0.23711937227648955,0.24038061787070766,0.3170971567826922,0.2585417033236187,0.14906520078800684,0.28535685082253104,0.4255665697151749,0.26416225755938505,0.24553725729725806,0.356956411276183,0.21247118479866886,0.27025253341162064,0.989413758959425,0.6741961825182184,0.4609295334435393,0.2906150486043626,0.5416885525027912,0.27289934230265256,0.43149338735044046,0.21302623581700877,0.38216016287992327,0.3168601797732308,0.14930775232980528,0.4552904519481409,0.7381197360571133,0.5678333734185836,0.3803001577518531,7.254328619247669,0.528054435233952,0.4413910648852856,0.2637637112010085,0.32422751437198194,0.09467987591669366,0.1188842969438686
ROI_095,-0.04089134798057277,-0.12985778982788612,-0.17024564985667628,-0.13295812271703578,-0.12879404496154498,-0.12124048896983382,-0.08400675826431452,-0.22825457706668262,-0.09955798161382858,-0.12404982676581554,-0.14296250827107204,-0.1814593806803301,-0.053235670359752546,-0.06652532860189983,0.025963986865709873,-0.07719162246490331,-0.040090436483779426,-0.19419768185041777,-0.039480504119112775,-0.08033232812163019,-0.06519591798979597,-0.0348297214015912,-0.04195425742018712,-0.05147962408009489,-0.22620036007534683,-0.3210761776131358,-0.18300896420053528,0.07808965211710991,-0.045397571128615324,0.09804146093804951,0.3092453476995243,-0.05780410528467392,0.0859825907315845,-0.01320412688563754,0.026161457761170116,-0.1357357849288617,0.1030469405570901,-0.14266497706153886,-0.029465287766084782,-0.09336572854836894,0.18637691204376003,-0.14914012086221135,0.01098979313522973,0.1961306353331413,0.15195101597671645,0.19593370192365414,0.1234082210015682,-0.004143290763805258,-0.12477989809697394,0.0021790479581435757,0.39656376791296066,-0.0283953080341987,0.02099928750727036,-0.08842047457709405,-0.03858048961897648,-0.1043129126809245,-0.13867635530229885,-0.026880876264131385,0.21921275267158444,-0.0029757734190684094,0.065140666906292,0.14139320977097244,0.021348420363291952,-0.010899210863368291,0.013337892311448312,-0.017392327690775124,0.06410759853150144,0.014639287560376427,0.20206210348869305,-0.009076026054171996,-0.05597075762060612,0.42717922541248543,0.26010213588197295,0.014553352596682542,0.007120233734697039,0.14800411503035282,0.027096233704842026,0.10960974445743407,0.4998615750785165,0.07453974048354903,0.6768375337864797,0.6547486316341828,0.821512757801353,0.5467934570532691,0.5414223920425771,0.5316707176589682,0.1445243698758587,0.44781918143272215,0.010948432213411812,0.6095446478129596,0.8647807960379666,0.28200207078634615,0.35502790088757596,0.5280544352339519,7.254328619247669,0.4219670977455441,0.35130013331873,0.27202679868656976,-0.12905217172229605,-0.11880546148876743
ROI_096,0.8343433366982347,0.6901741464569915,0.7379990135600465,0.8262083150460564,0.903330725388748,0.9069595349614045,0.9337583640292365,0.7132263871938592,0.971710994595162,0.7359279239174746,0.7711003692772674,0.43933573863202546,0.7695531853890737,0.937909724499466,1.0275697048082524,0.8117032133640055,0.5232733950189533,0.57050012463718,0.726454142123456,0.9995151384667269,0.7963535058461368,0.46626916051072337,0.6571433782877889,0.14940819467412203,0.3838393911043259,-0.1155077413940005,0.5880654612129682,0.8649254643759862,0.7240905492197566,0.8076317470961054,0.6688358910170594,0.7438212967807017,0.9549015257795772,0.43914098208090135,0.5765806318883331,0.5158884116551329,0.8067565144899643,0.7925120656962005,0.7434841094659386,0.6009384669366853,0.8582585107071699,0.29797870962020045,0.2948966451678676,1.3930974531217672,1.0469990638247773,0.9356830161594593,0.5991301987825731,0.9114879891378161,0.881450385142266,0.8349471921852976,0.5610422488419187,0.7452389418772078,0.7756019334516991,0.8816106997638028,0.9984369948084332,0.9614288860198248,0.6950920236708075,1.0051778263014792,0.8032750864435241,0.910293887424965,0.6077974593367865,0.9487455972057832,0.9510342694101596,1.0388312895459586,0.9946420986402755,0.9830353239852518,1.0675484267138013,0.9663163339173384,0.700957175545112,0.5650740489609476,0.8301452412241984,0.4500848872169791,0.8827979099671132,0.5691411124972685,0.26921765943469944,0.4990386488942163,0.9215783100128271,0.33943840444359263,0.4870167832803313,0.4618171607849395,0.8072422838526719,0.6457767666622803,0.9379485894913692,0.6383223674824859,0.7951460534927278,0.8342437773525218,0.7095249037116401,0.8622086451486657,0.5888978818029176,0.6656644213675216,0.46967179966568706,0.7498728985210011,0.8554222425552522,0.4413910648852856,0.42196709774554414,7.254328619247669,0.9688960258789778,1.2166553880590514,0.8576272832240446,0.7015324287203385
ROI_097,0.5813192742468357,0.30178011884872147,0.3935800065246601,0.5086731766508986,0.73363276134358,0.703921128702441,0.9932980751277093,0.48387984732748424,0.6326496734235357,0.2928281181860913,0.43437588553852746,-0.00571183545550046,0.34330312270328717,0.7378525356546392,0.8677463882874448,0.39426240895993103,0.15207679114039951,0.261139083479475,0.4573638331133975,0.6084530733714806,0.42236745356406863,0.22333230989657213,0.4246238256674546,-0.19786438716477486,-0.024874733771993045,-0.4042756613675032,0.26198162033881206,0.36997467979815113,0.34725407752688525,0.3816446315700983,0.20157219209636562,0.49358349922215355,0.7309842251915314,0.0836201129317289,0.49171670421295516,0.3086661524308296,0.4779540412174112,0.7314274626048934,0.8611268714320423,0.717261257412661,1.1518209499929402,0.3533960546252776,0.7367488614990388,1.0678281622757135,0.8433330730178744,1.8912491295437905,1.2636096988394294,1.1615512045415906,0.7873748037963282,1.126071243580559,0.2009219199742513,0.3459474951018513,0.28857437751377973,0.5634378919545312,0.7472572247694643,0.6369330523709817,0.38142188250021897,0.607860614327508,0.2638473567715585,0.47098174007704297,0.044038136053341094,0.5177909497086115,0.4542599178073592,0.7507662904396954,0.5420125327735738,0.8659458205327762,0.7677470860456473,0.5862012138152705,0.19121218600277068,0.15089941228902404,0.43054958855565595,0.15179574465685886,0.47896192777298696,0.17539132993606166,-0.24578086712733388,0.009042387274331735,0.4772742680453403,-0.1744353109462437,0.1455865690887466,0.25546190278434566,0.4217516429766664,0.4492017534039772,0.8768251934152925,0.6298371062613195,0.3285172667721994,1.250782992254011,0.30988996960416626,0.4047472561043107,0.08332255576707161,1.209361929322428,0.3841573918359743,0.3924757755495384,0.6641462764214965,0.2637637112010085,0.35130013331872995,0.9688960258789778,7.254328619247669,0.9638973366639078,0.801032802423183,0.8885701485022999
ROI_098,0.8471617591146856,0.6759306863830654,0.7603147920242468,0.8677291223861424,1.0172459033182701,1.0293929084145834,1.0929807117513954,0.7845491984776771,1.0585539954255132,0.7903059119560664,0.7997728490835299,0.4584641487695861,0.8000977034708967,1.15244295864387,1.33519128080802,0.8106215140757674,0.6354039543624821,0.6583961448208177,0.8633027292765385,1.073743325656256,0.7976679026270433,0.526952950675843,0.8424233509734186,0.06744689423860203,0.32747153821305985,-0.25093686481444466,0.5664853522138287,0.7795615600145391,0.720106769975378,0.7945082123449086,0.517574206531866,0.7068761833387597,0.9593169231728244,0.5330295916812616,0.5615507196172831,0.40464812063758754,0.8228741569244723,0.8057359997928513,0.7370821819066544,0.5601001535563893,0.967205459275669,0.16832838781166362,0.25134969967784504,1.3492978994725713,0.9298781447980584,0.9681591414407088,0.6938783511855707,1.122296220008976,0.8766079312680081,0.8554424495162832,0.6270538124968422,0.8054197369656426,0.7507486125609735,0.9377939171511156,1.1276308788043528,1.0772762647519682,0.7214773929151069,1.0571347559781228,0.7955648944828654,0.9482622319913466,0.557959399406902,1.1387298845610916,0.9906999813944214,1.2613792794547427,1.0404382500345295,1.3274175697341086,1.3709412271377008,1.1085874667151205,0.7700743173089561,0.6042098770591044,0.8802470670768555,0.5960142288473935,1.0898268852300876,0.5457808082011956,0.206360897569396,0.42166019870176935,0.9923147417333879,0.27092122578973876,0.35044422367512423,0.46825035278610516,0.8275376244775069,0.728921763457863,0.9411090837055047,0.703560166085833,0.8228592385073792,1.0997194694989576,0.6256771523394627,0.7256657710756613,0.5186972471916667,0.7571418817561015,0.4583318519870011,0.7142910172655993,0.9815616281139666,0.32422751437198194,0.27202679868656976,1.2166553880590516,0.9638973366639078,7.254328619247669,1.005483413456561,0.6779060137922
ROI_099,0.9500953584359993,0.7483198583572345,0.8113424060472075,0.9873616747685368,1.2262381398702316,1.3210657870789817,1.2936995001481082,0.8932150420818601,1.2361812158621834,0.7180381538052468,0.7957651922254564,0.4185987530001196,0.6439773427412012,1.046769148590376,1.083017297357397,0.7877679625987467,0.4360639387827229,0.638798888775506,0.7084073598994733,1.1781486446316596,0.7313020166383813,0.35852240902253735,0.6063804056527341,-0.044675512831953555,0.4076666044637985,-0.11535308978899106,0.5613253469206585,0.6877533323290475,0.6593982799277969,0.5991182375844278,0.2399360786237313,0.749278947184513,0.7117475234638239,0.41586897780238874,0.38931294009652195,0.9036605460205088,0.879816850180747,1.168936508034527,0.847510949794401,0.8026158043402777,0.7919424679509791,0.43613908396117285,0.2804009931351429,1.1806666194532145,0.7101450002055011,0.89877242846193,0.5970212497539822,1.1271015436109961,1.8655561672778143,1.4039883417598342,0.27512232818372523,0.7162847227606383,0.6665244333533058,1.0098593245578464,1.2454324194114101,1.2516194411555188,0.7555980429536767,1.0812650806716786,0.5492469583586282,0.9042025731325325,0.3722051966009754,0.728790362033605,0.820440737936744,1.1654221073700313,0.8802478557857721,1.0998569598348966,1.3022653770344343,0.9137831823082777,0.4306032308311164,0.45709755165637556,0.8435885611808428,0.25009609050652065,0.6452701056059349,0.6129975261523717,0.11453711476198584,0.33496170283333915,0.8782706202708206,0.0814425835135099,0.10376829100355113,0.46527222600472745,0.3015613711875284,0.29196877051720266,0.3737809528368215,0.3044045570393671,0.3465450742937957,0.5585276856438351,0.5953028844618636,0.42117164589367656,0.6220434793642841,0.44412995915566045,0.05016428713143375,0.6748077202208275,0.6429312188536518,0.09467987591669366,-0.12905217172229608,0.8576272832240446,0.801032802423183,1.0054834134565604,7.254328619247669,1.2207567300244164
ROI_100,0.7260070592877857,0.5866104085563736,0.6694996329725518,0.7280416427284714,0.9079306879070193,0.9709275581348292,1.0780904430685865,0.7179855300519039,0.9079747786767431,0.5073229311032199,0.6606555716708393,0.23359745607667867,0.4876417984005739,0.8256104617667569,0.8417698340594917,0.6010974570926075,0.2521332173268281,0.49180678092019936,0.5745807153987231,0.8794527483579927,0.6135944548021467,0.2898609693320797,0.5142529408765875,0.021812834828170577,0.30832300545922214,-0.17208664376853056,0.4588061179260179,0.5129139877617185,0.48488764547703234,0.46965230164197336,0.18969353094257357,0.6612124745805547,0.6245176814721967,0.2671656170616312,0.33777748951043135,0.8713393451595819,0.767268386658724,1.0415246193751364,0.934654125114704,1.1034334337706064,0.9184237596197202,0.48643922981444926,0.5129946322308033,0.9524135372975249,0.6657426134146311,1.0781235950496713,0.8337164634388082,1.0115381449191647,1.2023423614585282,1.6030859821046566,0.1593539744297408,0.5292911938147927,0.462420524434564,0.7714181723932949,0.8933202314309755,0.8945383599117916,0.5800816405757286,0.8034461937238093,0.3730999445667054,0.6500765718647482,0.17507443987281965,0.5028651332203703,0.5989825002342153,0.8475689065364448,0.7013064920939015,0.877174130148714,0.8758889312178537,0.657789421126501,0.2747644967502162,0.3472417409310274,0.667952105185735,0.06258413335704582,0.4229096861122639,0.4928486180622372,-0.04076519060408983,0.14744630659744748,0.6691675749804848,-0.019415393060982007,0.06857230279193173,0.43230219719522056,0.21428020851521623,0.2357126688596607,0.29204661218181194,0.18530128943729302,0.1818699275957383,0.49826290572195153,0.6151344879880755,0.3530067525255749,0.4904322011779778,0.5422751001325926,0.05019156727067921,0.47433094289886435,0.5355665371544222,0.11888429694386858,-0.11880546148876743,0.7015324287203385,0.8885701485022999,0.6779060137922,1.2207567300244164,7.254328619247669
