,ROI_001,ROI_002,ROI_003,ROI_004,ROI_005,ROI_006,ROI_007,ROI_008,ROI_009,ROI_010,ROI_011,ROI_012,ROI_013,ROI_014,ROI_015,ROI_016,ROI_017,ROI_018,ROI_019,ROI_020,ROI_021,ROI_022,ROI_023,ROI_024,ROI_025,ROI_026,ROI_027,ROI_028,ROI_029,ROI_030,ROI_031,ROI_032,ROI_033,ROI_034,ROI_035,ROI_036,ROI_037,ROI_038,ROI_039,ROI_040,ROI_041,ROI_042,ROI_043,ROI_044,ROI_045,ROI_046,ROI_047,ROI_048,ROI_049,ROI_050,ROI_051,ROI_052,ROI_053,ROI_054,ROI_055,ROI_056,ROI_057,ROI_058,ROI_059,ROI_060,ROI_061,ROI_062,ROI_063,ROI_064,ROI_065,ROI_066,ROI_067,ROI_068,ROI_069,ROI_070,ROI_071,ROI_072,ROI_073,ROI_074,ROI_075,ROI_076,ROI_077,ROI_078,ROI_079,ROI_080,ROI_081,ROI_082,ROI_083,ROI_084,ROI_085,ROI_086,ROI_087,ROI_088,ROI_089,ROI_090,ROI_091,ROI_092,ROI_093,ROI_094,ROI_095,ROI_096,ROI_097,ROI_098,ROI_099,ROI_100
ROI_001,7.254328619247669,-0.17455355657585161,0.10983757680317593,0.21050375779628022,0.5094851496224021,0.4271521991114673,0.5601549401231659,-0.08479198748881156,0.049359114819431456,-0.3273375807213406,0.322017314399744,-0.3216903271597253,-0.06500472394643719,0.4188326389672517,0.1869805613389402,-0.05233669601561864,-0.3735698788664737,-0.014017473234432741,0.2090352998967083,0.3441516789592529,-0.16589637248151315,-0.2362967399287386,0.37714893891769463,-0.5829146428069045,-0.24182970305322923,-0.5086936846529754,-0.5609620272687069,-0.26723566373228946,-0.21415718771279876,-0.23514996017477063,0.5081384979379957,0.5589615487640665,0.1315062261241208,-0.2828771961339068,-0.3427952847556594,0.18493750065591172,0.027667767220599895,0.33822595916322645,-0.354302950863868,0.08730724494684866,0.07974259296107124,-0.08963948218893279,-0.07059606977349542,0.5764305495913704,0.23413000922314858,0.15748698699212937,0.036821660282019164,0.6042916098774165,0.6540572583760786,0.4448520921363508,0.6331290599126229,-0.10530696892386103,-0.07757884682555069,0.3063887024659447,0.5662861060306142,0.259206840184184,-0.13970484211714104,0.09518524932847815,-0.31071120584672746,0.08559730364295749,-0.3026550325648829,0.003929585178200214,-0.19315885894390772,0.26199285558503654,0.1335427449644324,-0.004170536179434803,0.5951560025453376,0.03421551924386743,-0.2915515182002481,-0.06548224781458457,-0.0630175012718643,-0.33933240996456493,-0.11106540503939868,0.20827511404133783,-0.5308362948048952,-0.352018548609152,0.12439718457059631,-0.2839950741025476,0.3388956214309395,0.4611165870579547,-0.36198142543994133,-0.03427080019789231,-0.1345814357226582,-0.2588348000681912,-0.5778072508029954,-0.14272576323478808,0.11610730304037202,-0.20363152904221707,0.023401586589384356,0.11571743802669655,0.3636842404231025,0.2667410501088087,-0.1765640337472484,0.5327955235023994,0.03096343674975982,0.5362650684350464,0.2586975356384795,0.22457280074749017,0.5766868707297123,0.36304061942475324
ROI_002,-0.17455355657585164,7.254328619247669,0.3728414606439466,0.700284034481988,0.147393228277231,-0.06208963626860842,-0.32599854575416753,0.7409629928183908,0.11172945675499854,0.42076168560730026,-0.11352009790861319,0.4689754697532433,0.11011214375346283,0.03783618734553175,-0.05434971149263028,0.4849101780987138,0.43088117046264296,0.37794432187810945,0.17868635446956083,-0.33699209893595067,0.45255980538497753,0.17263394406580881,-0.024844947443789005,0.3529582504287672,0.16434004417921402,0.27839578473387155,0.44479447564994656,0.1209081205277777,0.2740639720371437,0.17221106108013026,0.0259112089706994,-0.04698409739816401,0.01648460437270777,0.32242174234527754,0.18872392377950742,-0.4947426153958489,-0.11625658587758524,-0.15777900846052256,0.1780469005071383,-0.26413081924385845,-0.17464144222335717,0.18815760609646476,0.11238807140785925,-0.19728164719337107,-0.07384836662426704,-0.062095330437025344,-0.1350617923769942,-0.2983653141015141,-0.3366440141721265,-0.4667207376823372,-0.060444867870309685,0.9330644873800044,1.006698289271957,0.5615763822417095,-0.011573235782832172,0.13400238143021767,0.7328376146466169,0.2973454026213965,0.2575860810415799,-0.10643692924209477,0.281996339062781,-0.017992025531419497,0.19002239040544971,0.14146861750715845,0.2745771384718115,0.045137489695945006,-0.37480235925843497,0.20262232160883079,0.4649976961330983,0.4722801499741152,0.4234985258346646,0.2501650389874403,0.22204030571171626,-0.15286792938756188,0.497242123179736,0.2718182480110221,-0.25140340132794486,0.26193660705002736,0.017896751179693925,-0.0503831149660377,0.2810932061069641,-0.28023540514712464,0.06857094735400855,0.20101033240012398,0.4267756658510727,-0.07551693932359378,-0.1453821339426876,0.08163526865111097,-0.34183294727867714,-0.15907783671863582,-0.2429148537469198,-0.17577188343600694,0.16383062327426495,-0.06510081689059481,0.0041196793257948505,-0.2508110186440649,-0.2930397509681182,-0.2863301255156181,-0.3544610347204089,-0.5308626662154405
ROI_003,0.10983757680317593,0.3728414606439466,7.254328619247669,0.4451382431678242,0.17548883827785164,0.49562224224465123,-0.03558969888881224,0.8172112085830633,0.6589638684176743,0.21077300794073142,0.3826612509939045,0.25364351873000834,0.5457872099225521,0.45911770741485153,0.38040023906855347,-0.06532575251373146,-0.15503863490893968,0.6166014488911031,0.14728909298408405,0.07001798856298028,0.5771011489276103,-0.3515686364064111,0.03534437195871379,-0.26434470507507873,0.011155849432856867,-0.0874106211496758,-0.07869064577169031,-0.25308324662892917,-0.10113316974625189,-0.0739875624463426,-0.16150138420595014,-0.00945724257685831,-0.26593674440874726,-0.20514767813284676,-0.4692487121577068,-0.21197709458152675,-0.37871119595779196,-0.0333993735668179,-0.07263274578376691,-0.15705840818510805,-0.42652203085759466,-0.31910489850525964,-0.44298918928786357,-0.24026992438740538,-0.43617212288332635,-0.3428288293462143,-0.5024044571250883,-0.18373036872976642,0.11785712654566578,-0.19972369902870182,-0.11275100446301003,0.3524552259844618,0.35110967138658017,0.3423198887203311,0.14819855427597406,0.6719438878872832,0.6930912079867373,0.7533119944557425,0.1340969255427404,0.2933737108588864,0.3981808529017774,0.462699075833164,0.3658771687168719,0.5871570765446005,0.3563451373195922,0.3916703670954163,0.0017096802637931023,0.3731040727766563,0.029485796413737306,0.41775184352684175,0.40661489876002493,-0.2946825000277192,-0.1273013769495551,-0.11936604030852391,0.13816564986451313,0.013873676474559376,-0.1474608514875497,-0.17047237933783377,-0.3145232746693604,-0.03379125681401024,-0.41700261069510036,-0.5334573331816463,-0.48480777475362563,-0.3890452212332571,-0.1249772668872118,-0.5101998391606691,-0.364922756558483,-0.5168081021552623,-0.048929840804467904,-0.4324497287196126,-0.3190724755557485,-0.04677842986209343,-0.12661758392228303,-0.22964610168147923,-0.5293090716596762,-0.15270033696189958,-0.3712244753349789,0.02648358209346834,0.11999395736164156,-0.19188049092763845
ROI_004,0.2105037577962802,0.7002840344819878,0.4451382431678242,7.254328619247669,0.6116012430997997,0.2761273556450539,0.14151162695799732,0.6618785134241216,0.17120571247512054,0.16803873619557605,0.15445446826373851,0.1553941009070593,0.06431034381814658,0.23180165341884806,0.046262584530882306,0.37500409315575367,0.2342506581767031,0.24943107316928267,0.27217837954128943,-0.11769964379197344,0.265417256909627,0.08931733183056197,0.27525726168435893,-0.018045107826071848,0.1316921990269561,-0.0414335012574864,0.0014474166212088142,-0.15534408629085497,0.11211117307817253,-0.010700891727673842,0.48680209483756415,0.19186422450042612,0.22435962370137483,0.005071787070949503,-0.06465737597987002,-0.3553591612508021,-0.26462817879620554,0.024525233350117668,0.020595438574232842,-0.3062107469378258,-0.14931420871133286,0.2295704662105352,0.022987419740478736,0.17740678927366993,0.08111495497595217,-0.013592939257993172,-0.15239966669338548,0.11914216441414037,0.1274965279267339,-0.19814931302901295,0.11105269967835282,0.5028468973242806,0.6022946142906923,1.0040796687898332,0.402940522854527,0.2938492225601441,0.5297281015804992,0.4151413314782476,-0.15232359840819693,-0.14071963984692198,-0.09138896877601772,-0.10120499650857495,-0.09889534654317982,0.2549264110049248,0.19276883881610515,0.0093985002217778,-0.054768481968592866,0.023625620712712177,0.019500380030562,0.16260272279564622,0.24527984992832808,-0.20050348111188881,-0.17137156646075125,-0.14255766569359582,-0.04251906859084981,-0.20285664215370555,-0.38173301685179883,-0.08895201312849359,0.16882627197435246,-0.08952563690541418,-0.13155472757620673,-0.3841279466146912,-0.26919527997147713,-0.11657905975851487,-0.12562625523622728,-0.3298750185868783,-0.2841774678909381,-0.17981246820598087,-0.38489767811163955,-0.20192124327134228,-0.09606049652887418,-0.11801446119509824,-0.15497673694162664,0.10747326799770407,-0.10500561058365754,0.14279997506141076,-0.17820061507367538,-0.22592002895665733,0.041300387199365504,-0.2898556984243606
ROI_005,0.5094851496224022,0.147393228277231,0.1754888382778516,0.6116012430997997,7.254328619247669,0.5821164768273436,0.9697081293672442,0.09214954565424394,0.2173149447551564,-0.15789539474922473,0.25649719208499366,-0.1481859932425581,0.1113990562615139,0.48048550735028706,0.4517455253319888,0.3815869562058325,-0.18892486228101604,-0.05618354461739551,0.2584989300572804,0.4044019177864331,0.09903545310167601,0.1620670668685632,0.6152210851179818,-0.3690176279245622,-0.05510173451849945,-0.4076058551581255,-0.3017626146660365,-0.05000256717168534,-0.14336782541812437,0.17143863266169662,0.39732123183094903,0.36711232699487895,0.4660224641442986,-0.20250326592603507,-0.0382069424170476,0.27973068316621763,0.05318298740920987,0.717390968503126,0.22977102507707964,0.43366278209870157,0.5000234983703616,0.2946327915032652,0.3248190615497295,0.534662881660602,0.35726093810816817,0.43741119316277777,0.41639381079607213,0.7649035357967265,0.8962155643929217,0.6161927404301285,0.36481941185723166,-0.039318878774800045,0.10384162838901036,0.7051478607768492,1.0730634163366286,0.3662303873341992,-0.06772477246417583,0.2445184200622815,-0.20817997504035635,0.02475159566378543,-0.30951572655654863,0.021723781650947124,-0.058583907701816706,0.38860411057359356,0.2029391626581123,0.32692679177116674,0.49415989721949277,-0.10484964366322341,-0.38263596731223976,-0.2352425886370587,0.007640008596379327,-0.2638304646566172,-0.03767423811505852,0.09739996561759998,-0.5121016947051549,-0.37213488467565226,0.14325030359445648,-0.09997385545018367,0.2780427527643462,0.24079145587730855,-0.28257256922466584,0.17168703695846985,-0.13028810474748617,-0.19078791703096806,-0.5073479601975511,0.1135820747716195,-0.0012937000353936514,-0.03558384733366434,-0.09627608599046643,0.28782227823059064,0.40482436592372306,0.17886515321743837,0.07255403215598197,0.28682009412372206,0.20136316006049212,0.37309959228658196,0.4273207465146286,0.0416799331268039,0.6625627798689895,0.40545597288213103
ROI_006,0.4271521991114673,-0.06208963626860843,0.49562224224465123,0.2761273556450538,0.5821164768273436,7.254328619247669,0.6451748046835991,0.3525184778410781,0.8915610172378399,-0.10745858682530268,0.647393286727349,-0.08753028199523138,0.7547863594347595,0.8387397373842159,0.9036758553625839,-0.23428628678371685,-0.5178569853613293,0.43489031928530825,0.3386285379906477,0.8174323042934236,0.3180770127797532,-0.4922461603240117,0.19514436564379276,-0.7510141918404145,-0.0803672986949382,-0.6052109696577841,-0.5973877568407102,-0.4947780247731291,-0.20641178431253365,-0.1331738189266558,0.08988841385718034,0.2051433614882129,-0.21218843157258283,-0.4865482619849549,-0.7642194630330058,0.330414495438732,-0.28059252902248605,0.5025992684094842,-0.10924942948781023,0.26988905548734515,-0.06391759184232515,-0.23084700434879235,-0.35749425255864203,0.17774989970660904,-0.2810008292925226,-0.07057512230192466,-0.22449153100992605,0.24765672106748685,1.0275590209445435,0.48827306034262513,0.3000022796182386,0.0022713557879448757,-0.10342231378440939,0.36251560106931585,0.7076344885350749,1.3409055726518717,0.34291122410699953,0.8387969121190305,-0.06137440804147827,0.5409735112941966,0.10055349742501155,0.7969894292378216,0.3843845638681101,1.2073345023351232,0.3711593953650949,0.7062107836645171,0.7496935112871513,0.43345367568193754,-0.4223608824479194,0.16993379050450114,0.10502254304740725,-0.4288424682865254,-0.24603921398540132,0.2619498127159423,-0.3139390732712707,-0.2777327928870549,0.3323878519438264,-0.4317176972592827,-0.011755739925211891,0.33914352214566656,-0.8544565059278089,-0.1914674828527906,-0.524260523582914,-0.7266918262520388,-0.6603661972079174,-0.37636110087064417,-0.15439150440536897,-0.6413952521310273,0.2612618792422307,-0.07505774970384156,-0.002026523464131839,0.4739202001950357,-0.032315182105379536,0.06665466897173743,-0.33565361152588535,0.179086734942548,0.1268487826951285,0.23745338935101976,1.0963416234785786,0.4226700777900503
ROI_007,0.5601549401231659,-0.32599854575416753,-0.03558969888881224,0.14151162695799732,0.9697081293672442,0.6451748046835991,7.254328619247669,-0.2564389814241936,0.2010019904182418,-0.3392231865516224,0.4703760055072884,-0.3253898313862567,0.17080827571532692,0.5217047613842177,0.5497336679944616,0.036001354657501566,-0.41315485005255714,-0.15053505202222758,0.2492300441826223,0.8421253168457125,-0.10838131686070705,0.042117474146748025,0.5622347549052804,-0.5309068565818115,-0.15238480393383946,-0.5577505650873764,-0.5528028319953233,-0.07837795197019896,-0.2921038739083365,0.17811189867042093,0.40555047672933525,0.4869434874360536,0.39371132920560264,-0.38973857341097523,-0.17431802573125071,0.6530181018922396,0.15722653854256513,1.0173425444951871,0.19274338173946315,0.8019732855502733,0.720122134311612,0.2632968960890505,0.306273161491618,0.8057569941348199,0.4325967615433127,0.5946115663517818,0.5384947520791475,1.1265358633083806,1.3614265029863395,1.2768238372833998,0.4524254652664267,-0.4396674779869265,-0.35479348251891996,0.1824299809896543,0.8768349410563728,0.35532536773515094,-0.4332625522717911,0.07235951075714368,-0.38685139076499875,0.18744751220863806,-0.40085383488235005,0.05201106860812122,-0.10318873537321449,0.344330980067904,0.042596196159354616,0.30241712774680685,0.9689982960271774,-0.11462709397425833,-0.6678437569153334,-0.465506027914884,-0.2076766533691122,-0.35384600346954675,-0.040803626420717234,0.3398206804517079,-0.8736143506422845,-0.4799692283314299,0.3509030195566915,-0.17267379748629735,0.236503082875076,0.3237959363760518,-0.42279138791815374,0.3327632758255914,-0.1444561566944744,-0.25217802168033765,-0.8485033710541113,0.1977988070062966,0.23926752338993076,-0.02639797527363778,0.21738983528402564,0.5150168597403671,0.5933220298648725,0.30407625748125794,0.1281462088797084,0.37999286779799546,0.2356949930029794,0.5998868474371107,0.775921182833185,0.18000502315089761,1.1113673697470339,1.0160097041991965
ROI_008,-0.08479198748881156,0.7409629928183907,0.8172112085830633,0.6618785134241217,0.09214954565424392,0.3525184778410781,-0.2564389814241936,7.254328619247669,0.6140774137772377,0.4575762344858141,0.29537502704254937,0.5623487493841477,0.6306683094292075,0.5120333064781624,0.30032301762661473,0.11285480933783106,0.2583958545997508,0.8841833944317181,0.40369570211091804,-0.1803132009615237,0.8979917802971754,-0.1411878611814713,0.03942876720595474,0.0845178022138729,0.21475580602128777,0.21203730119254494,0.12666563073399256,-0.24947159381431877,0.1827959178639528,-0.07102537300995418,-0.09868427834679792,-0.15133281344915944,-0.2916224209094365,0.016931732647607525,-0.20245562741595907,-0.500542557761605,-0.6152244395293553,-0.2201515134179685,-0.0026104562298640485,-0.3552061620592623,-0.6034994511649511,-0.09265548786496941,-0.31221657376403283,-0.4430376787448247,-0.5549497235104698,-0.49977588689750974,-0.6081084491627508,-0.3959117743009625,-0.12764480657907668,-0.5215190607461906,-0.2210789422194259,0.5960664844718323,0.5646392936660493,0.418589828096248,-0.01699470793292918,0.5512244593226785,1.0921335758930533,0.744998584724038,0.0850940537984727,0.07077379535758477,0.3565088427447885,0.34601602369372914,0.2965753229297711,0.49197215050989385,0.3778024214540358,0.38531432554678924,-0.30164772682204843,0.4280025681482896,0.1854809421381618,0.5873326092535218,0.5689225204515069,-0.2087563344722539,-0.18741813433827217,-0.32489653454241973,0.3679795493455753,-0.004150788594420466,-0.29070043446296095,-0.1356180637307061,-0.39489851371853424,-0.24693158222875472,-0.3002580220712233,-0.820006866162654,-0.5830982155202459,-0.2963972857259874,0.02125956512637856,-0.6903557532334007,-0.6125606607478251,-0.5095412321593855,-0.25392750706057127,-0.6759388192606767,-0.7040308393824617,-0.2730095023942632,-0.2304658371001788,-0.38683974148898376,-0.6342523852581148,-0.3942549326588334,-0.6325431649201214,-0.3380058676484485,-0.13102912535116062,-0.5042895392136376
ROI_009,0.049359114819431456,0.11172945675499854,0.6589638684176743,0.17120571247512054,0.21731494475515642,0.8915610172378399,0.2010019904182418,0.6140774137772376,7.254328619247669,0.19994381833411184,0.5627286430621706,0.2787580153907669,1.0657471411001482,0.7766443329945938,0.9101972393761638,0.0025106456363015632,-0.051802792094896244,0.8952149940368774,0.347298499094934,0.5866584444905693,0.6350899719917422,-0.21576054206455328,0.014398123835203067,-0.2658428935364016,0.03262809083737814,-0.1620512102277743,-0.15873206412377303,-0.27956072277230065,-0.056697145482536286,0.00020260556086957218,-0.3345980286538803,-0.21135385290017977,-0.31235635001770107,-0.00593718597915774,-0.4276500826501121,0.3158433071943491,-0.3404805030528852,0.24753636002869323,0.13245194040555194,0.21031530205150636,-0.2134541988388225,-0.34748688830272206,-0.392392783116556,-0.2464933455591735,-0.48860858619492264,-0.34490703696096875,-0.32504558419383023,-0.15049254450079874,0.4740341231307445,0.13581531866748442,0.013087758752811401,0.16906410045889006,0.18556357473389087,0.27481660353800225,0.3007167053338442,1.0167134347913325,0.6423488748043946,1.0828759434080146,0.21774122935832843,0.4905996704700938,0.43760334061514405,0.9395946922558776,0.6266635634416284,0.9309202478231845,0.4765688340862075,0.843656270790325,0.29742932128127453,0.6604528397926679,0.0341291547374068,0.48734683340591833,0.48725368495121174,-0.26585340074962754,-0.10338667412026256,0.08539096434010486,0.08115211532175862,-0.005257861820627751,0.33136564023563453,-0.26903438842439065,-0.43169316494656174,-0.04892515739985893,-0.569920055017814,-0.1864755124731314,-0.5176651870681945,-0.5697477103262119,-0.22768389517215817,-0.3681195223882757,-0.2653003360644353,-0.5433388129351533,0.40099323032805906,-0.2752210612839238,-0.2665711761258475,0.18021295164044857,0.04710129151362995,-0.3093656070271687,-0.5024792037478951,-0.22096092403297107,-0.2002290311724479,0.1144344909706525,0.4638814126513628,0.11245076004859265
ROI_010,-0.3273375807213406,0.42076168560730026,0.21077300794073142,0.16803873619557605,-0.15789539474922473,-0.10745858682530267,-0.3392231865516223,0.457576234485814,0.19994381833411184,7.254328619247669,0.20124241084259803,1.1941646063328377,0.30783431283737744,0.07312905086370777,0.1498600485156348,0.41726836384982186,0.5226265713355523,0.31697119890288916,0.1921466860243576,-0.2858212798494059,0.6085975016676358,0.29626961620734993,-0.13300987794494878,0.7759910441351788,0.5561735291845349,0.7323127578235011,0.7249461338632742,0.45887719141777106,0.5876730127699785,0.3849077896049657,-0.43196167166456956,-0.28100849169745606,-0.16279017685161132,0.3166904181029153,0.35950975943794855,-0.33889231809399023,-0.004006099037938083,-0.19502486302941704,0.2047322328611574,-0.10307678483994169,-0.12883420099328133,0.09240495461936853,0.07057145190790269,-0.44179718625839076,-0.20305905103770952,-0.11503160033989862,0.018006319317632278,-0.19217250739467787,-0.39986836977469264,-0.3892367217711279,-0.2154296174926305,0.47001485093085527,0.5342385513983225,0.02314168349765549,-0.2176949588515881,0.04795814324866047,0.3497150578369236,0.08283323113656293,0.7075757060798971,0.12421569888706493,0.6487588997446949,0.09462034225235882,0.4558564375569298,-0.012307234738298995,0.3515098626306587,0.2503576729069178,-0.484672235055747,0.26505415399325893,0.6142416318195557,0.3619283469247527,0.5748496270216765,0.3821446228206517,0.18308761390878858,-0.20816196486495117,0.9767752173280717,0.614520449012277,0.08927095953745624,0.6797740452353717,-0.2786435582385086,-0.2120237627194753,0.27418715899664714,-0.16248349906812032,-0.06561466136269034,0.3741423031190251,0.46770871812408726,0.009805805630433179,-0.03467667653949768,0.19159987275179963,-0.11377846176137135,-0.24719571114928493,-0.43887931918318535,-0.26471669348819465,0.0849486123040841,-0.3399851087458746,-0.05086670947976831,-0.4949298639383893,-0.23389711547517097,-0.22506164189861888,-0.47850772088817506,-0.3342226896102899
ROI_011,0.322017314399744,-0.11352009790861319,0.38266125099390463,0.15445446826373851,0.25649719208499366,0.647393286727349,0.4703760055072884,0.29537502704254937,0.5627286430621706,0.20124241084259803,7.254328619247669,0.13696269251701865,0.5133138745963786,0.6488539956728616,0.5440847866412077,-0.15317429318124814,-0.16852275570947925,0.3614673282487838,0.4700149351357395,0.516120300727336,0.2719861835541165,-0.18771512125068734,0.3169545907282355,-0.2638654453500713,0.21959637393873715,-0.1136602340756054,-0.24927987620176525,-0.14424185354373564,0.0696828394475253,0.017851765589308705,0.034701104456953256,0.3039721895131197,-0.19845463418629036,-0.3082171878682311,-0.3627328527854889,0.2023668145927209,-0.030861679204080037,0.29974309940741406,-0.08614607865179341,0.25620043707728957,-0.0026518877870077896,-0.13074597723944678,-0.16504409685736543,0.16160267327184952,-0.13930194468948764,0.008952500578349561,-0.07739675565292858,0.3434506476260302,0.5536837122210577,0.37717443421636265,0.07440163243587258,-0.02867636335575229,-0.1098250627808452,0.04243040962120872,0.3754320153409186,0.6163224896719842,0.13325330115647815,0.45516225278728734,-0.01636457440272309,0.371452223903328,0.1329898377665523,0.43122764270189273,0.14421665473993142,0.47028655333036473,0.1551904696497665,0.3684944478702643,0.4620266230106333,0.2872347584992276,-0.10945614984693618,0.15746500870983954,0.0603419343178248,-0.3049506245375341,-0.045996563480226384,0.23114004039106498,-0.1499223707189239,-0.15926210314142836,0.2890258204419715,-0.12837346664065147,-0.13955829977638337,0.1792354146750507,-0.511020170966539,-0.17101182497063436,-0.47604607260767295,-0.30092663313599904,-0.49008921519383264,-0.2626254378932659,0.005638900165159335,-0.294040550820355,0.3249164306182258,-0.04444895381692384,-0.15341958704380193,0.2123581929399852,-0.029048570949326585,-0.06631357268137365,-0.26999725964452387,0.08805146546493847,0.10434997323949927,0.09146322310102901,0.5182252076014298,0.4602536516704417
ROI_012,-0.3216903271597253,0.4689754697532433,0.25364351873000834,0.15539410090705924,-0.1481859932425581,-0.0875302819952314,-0.3253898313862567,0.5623487493841477,0.2787580153907669,1.1941646063328377,0.13696269251701865,7.254328619247669,0.40843071071983394,0.23477234118986287,0.27204183535708326,0.46969104662533967,0.6307014702682225,0.5521989622111317,0.30562042123220406,-0.22985455276846936,0.8458916857169035,0.3671755864581795,-0.012604918586906783,0.6439654717378327,0.5081230251810285,0.81251577010414,0.5120516839931347,0.3306336115771521,0.3950705181349954,0.4311303937944421,-0.46486966215193154,-0.3114516549056386,-0.18942020975848994,0.35071662675934967,0.2820577137829725,-0.3489959923380986,-0.15929557621421686,-0.1956595824715482,0.16617866656923158,-0.09982565020183717,-0.17818638117140995,0.15862406084046432,0.05161149215730816,-0.5406167111606063,-0.33759185400253544,-0.21192780276903414,-0.07751060014452148,-0.27321959451186323,-0.3766340988683613,-0.3891802800572702,-0.19318053973899302,0.45491826236285143,0.5837683748885557,0.125506753069376,-0.2951210033343741,0.11623022366806543,0.43491363471243394,0.09656847583405762,0.614056916620878,0.13582884373712495,0.6446376267947382,0.14450292236559478,0.5646271481702887,0.10637350940143897,0.46519281361204495,0.4142085795483745,-0.51634242781601,0.42367932915002676,0.5559533159068866,0.5401220008835335,0.7252424887403093,0.2382880013815334,0.22383218081470085,-0.39614390973958596,0.8409005015729866,0.5464762102289457,0.010926431019781514,0.6057475118434984,-0.40832317582206656,-0.2289506255519852,0.0552302993625911,-0.2816552363751931,-0.26090236226475705,0.1260611042973994,0.30079047191772795,-0.15732478229568844,-0.1856276372279001,0.01887798885201952,-0.21253642988860547,-0.406246749620118,-0.5134307870266605,-0.33971582084504576,-0.07392987901978773,-0.38415486745344446,-0.2507200082971387,-0.6259975909500652,-0.4174600334450072,-0.412656590919238,-0.4301647274516046,-0.3592597799055006
ROI_013,-0.06500472394643719,0.11011214375346283,0.545787209922552,0.06431034381814658,0.11139905626151392,0.7547863594347595,0.17080827571532692,0.6306683094292075,1.0657471411001482,0.30783431283737744,0.5133138745963784,0.40843071071983394,7.254328619247669,0.7413699598213493,0.8095101785869202,-0.1385563764534443,-0.07309917660808728,0.8472731410038454,0.33351275774711103,0.41388370692317866,0.6311029242756984,-0.22173862038640713,0.03339552404744004,-0.15008267351301596,0.2041128805749228,0.040774219657700096,-0.09824482352866133,-0.22238950921112655,-0.0176300228191969,0.05944947815013116,-0.49392713316748404,-0.2349456634164227,-0.3941503231032892,-0.08694774722218135,-0.36133213756928784,0.2104147690087106,-0.3604588453647654,0.22185291042882482,0.1557294098154821,0.2816148967620397,-0.1609017176458828,-0.2607857645865715,-0.28954600928535973,-0.4166959994591882,-0.6369548107551339,-0.37500005550335164,-0.28521225071152145,-0.16185496768395718,0.33626723847640483,0.09510502463941133,-0.2197621461139601,0.04219450181494437,-0.02110941295408175,0.012218602682134882,0.09587692776034709,0.832999824503514,0.456419801184366,0.6826661034919338,0.10599072339104332,0.4061537202475099,0.4048259019199867,0.7967783339627996,0.6186831352926646,0.6582998667843089,0.2426432670895457,0.9053968325561557,0.1319757356224602,0.4305511274203752,-0.12667068204712087,0.3560817956680447,0.3419664955583771,-0.3264171318859852,-0.21746997959807224,-0.01798273476745863,0.11128286007598981,-0.052934443255605604,0.2515943441508193,-0.08544892061721006,-0.671534209267003,-0.12255736806823896,-0.6042366104982864,-0.2833173471005533,-0.6798714928866544,-0.5477621530878783,-0.25388396267006325,-0.4239269275803313,-0.23759756104839055,-0.5362812941389687,0.31673003273980416,-0.3568886378130036,-0.45284998292832135,0.06299108103934514,-0.06681010552143853,-0.5093316946891054,-0.6157504029880825,-0.42161805854873236,-0.25391124326295106,-0.0363418744152182,0.3405912675435897,0.10293839527650817
ROI_014,0.41883263896725165,0.03783618734553175,0.4591177074148514,0.23180165341884806,0.480485507350287,0.838739737384216,0.5217047613842177,0.5120333064781624,0.776644332994594,0.07312905086370777,0.6488539956728616,0.23477234118986287,0.7413699598213493,7.254328619247669,1.1240990984089576,0.09528739875852231,-0.052902769449446115,0.6709087734874346,0.7273166111691095,0.4557172534033202,0.5822504308853751,-0.04254044625914174,0.5582888553969213,-0.28687914904552153,0.043199307871788196,-0.19235436246151946,-0.3460012113105518,-0.3229625567054002,-0.10149286739614215,0.11647572181825415,0.04959028710270224,0.16960967220677098,-0.02642082417806829,-0.1463807869663742,-0.24414922579762233,0.19824262494635514,-0.35725201217188285,0.4148013533001643,0.06487963083856052,0.278862147857206,-0.0007669102278942796,-0.021899521909899605,-0.044039372508318124,0.07076193127540663,-0.13438089868355782,-0.03438749722552543,-0.07906840766947891,0.2845576817457333,0.6499052744493091,0.3374241843281337,0.22313079343632267,0.032955486960176764,0.12969611884548893,0.3564662713928534,0.43737906281718014,0.7890492047017553,0.2898550629067023,0.5926501352928631,-0.05992091328357355,0.29861565983527744,0.06826065013475298,0.48409691697184193,0.35005434726123913,0.8991457555539193,0.5623295699091954,0.9052319990257042,0.42478146717412013,0.49937570118311686,-0.18185845096719022,0.2867589702965993,0.33006247141744505,-0.3970896587384906,-0.04199369060581048,-0.04639376169773845,-0.1973181260322769,-0.28752327142689893,0.1540322567758217,-0.24982009386652163,-0.14315287583440564,0.13455855536136122,-0.6951236277200543,-0.23374125377349536,-0.5737729903578928,-0.46100589937387326,-0.5998074066803487,-0.331857210656755,-0.13023938671496957,-0.5191085067326784,0.08690938137414693,-0.14769568443411535,-0.0668835763461167,0.08100530238333813,-0.11437241505129381,0.04379531120531524,-0.3261834393444809,0.01838090972557544,0.04805500934341518,-0.014627012657620658,0.571506001516992,0.2971768692302476
ROI_015,0.1869805613389402,-0.05434971149263028,0.3804002390685535,0.046262584530882306,0.4517455253319888,0.9036758553625839,0.5497336679944616,0.30032301762661473,0.9101972393761638,0.1498600485156348,0.5440847866412079,0.27204183535708326,0.8095101785869202,1.1240990984089576,7.254328619247669,0.11284996964787282,-0.1260796100903485,0.5071782478406816,0.4110565975598129,0.6888420057666195,0.6569984787526707,-0.01031928951051615,0.28213204334183944,-0.2491506758131492,0.03501939094965676,-0.21640753198880855,-0.1846978621162498,-0.03763288687039898,-0.0014345756240555364,0.39618992922608326,-0.22656717081299263,-0.03772349699457689,-0.11265259588941288,-0.12884566484715465,-0.1834042607887519,0.3769701287877604,-0.2080906710335686,0.5864328714400082,0.2785320416779401,0.44805482518573403,0.13563021465922454,-0.09566317064667104,-0.032594670904146826,-0.011751876235938406,-0.21599204645368975,0.06946787476911659,0.029531031481823,0.217996222597846,0.6683976839368616,0.4392417517535584,0.16976855621208325,-0.005649417306397519,0.08282267013522829,0.2565273560885401,0.45137759174547254,0.7788293623577734,0.23078027530405024,0.5454951409969111,0.24939634167151917,0.66619240359516,0.33971033071090023,0.7513261311208613,0.7227185983421591,1.0183643258626005,0.6880075436030308,1.3967358132021275,0.4423340875317826,0.5697377892612608,-0.13046462932770575,0.1924756431561606,0.4680553461917454,-0.15596720311696302,0.1086285997553979,0.045879776447754934,-0.013854864489609878,0.026304941365622062,0.47627484270498144,-0.02239944511044973,-0.1789175430770662,0.12828993036394304,-0.528360848720581,0.0034254144979586026,-0.3831568696493777,-0.3686049861062849,-0.34790473327783644,-0.09383701556902038,-0.08281030027222003,-0.31834307321891536,0.20758612545336544,-0.022871768120728633,0.03550648632333307,0.3164200095795419,0.11866483323048135,-0.07356828380425667,-0.17734426020695593,-0.10006927630787814,0.17790136360538877,0.1962298292721567,0.6013784934602177,0.3739949468142418
ROI_016,-0.05233669601561863,0.48491017809871373,-0.06532575251373146,0.37500409315575367,0.3815869562058325,-0.23428628678371685,0.036001354657501566,0.11285480933783106,0.0025106456363015637,0.4172683638498218,-0.15317429318124817,0.4696910466253396,-0.1385563764534443,0.09528739875852231,0.1128499696478728,7.254328619247669,0.8088283776096422,0.09444795183658508,0.2703039739293543,-0.19904081985153602,0.2583132810132531,1.1413766219115116,0.3120624706835796,0.6156394032477175,0.17162706900969224,0.3993137890965941,0.43873696016596897,0.3904718291444481,0.22130177210893393,0.5416003797441132,-0.03328714686120638,-0.03174059900815974,0.4609729793693978,0.7197061207007512,0.8916743312390625,-0.03160073390472512,0.05944262397945407,0.15005600321584278,0.5224217695887248,0.15166183922559856,0.39097356212603307,0.4237110603331223,0.7138018667003947,-0.035461779601784545,0.3338694115941479,0.28325912712370355,0.5267699055876243,0.16341947031038723,-0.09519381108725995,-0.0391500733015478,0.08011373485335482,0.1928893451328609,0.6360762152362938,0.5327036389641349,0.03985641940092118,-0.23126166817387594,0.010278035565634168,-0.15120198026653886,0.26045370016264974,-0.26249057458714636,-0.029277204088113167,-0.3218360008270789,0.07015319313984783,-0.09178249894858982,0.30863150745511697,0.17122604723056026,-0.2913444310205855,0.06197650094026819,0.4018444704241077,0.09779293612539948,0.3341926820503538,0.2073113522557162,0.38640910301787873,-0.394922360002441,0.24610515000870495,0.15890779291753065,0.004361662711085174,0.3786249599467229,0.030186182358396506,-0.1684231391108522,0.3427775042971265,0.2302777789058849,0.1195876725299647,0.3589466550933444,0.18630770981824007,0.3146806364962512,-0.01145540687559451,0.3227960401482825,-0.306923814673371,0.05091053962328881,0.037723036678968674,-0.31848564196204776,0.04984214483827114,0.011337473546078494,0.25965150502494094,-0.21300165796883208,0.049458606801986056,-0.36690003503259927,-0.25709755516098626,-0.1830398748409682
ROI_017,-0.3735698788664737,0.43088117046264296,-0.15503863490893968,0.2342506581767031,-0.18892486228101604,-0.5178569853613294,-0.4131548500525571,0.2583958545997508,-0.051802792094896244,0.5226265713355523,-0.16852275570947925,0.6307014702682225,-0.07309917660808726,-0.052902769449446115,-0.1260796100903485,0.808828377609642,7.254328619247669,0.30475866118843914,0.3252756036985843,-0.435617494490925,0.25244249126224444,0.9461019256101882,0.14346915102442023,0.9822198487702312,0.3277652435202327,0.7928498053486132,0.571628164490313,0.28870056936567295,0.38096672138006743,0.32096218894642653,-0.13871185726161467,-0.2702920325806738,0.11953417263665757,0.8967588342153648,0.7749117825130799,-0.25141018505721374,-0.08334726469276724,-0.29093331670489564,0.3336540360300396,-0.20994004497046767,-0.03156079026000895,0.22801836933011702,0.35940474780193293,-0.33551849875781364,0.05249944339242075,-0.10570594402643604,0.09529928066755354,-0.2801800770505963,-0.5410813787183867,-0.4120399775705891,-0.276361921745704,0.29037987803525167,0.5754820885789033,0.20506742180741416,-0.41966787628274577,-0.40108839002526264,0.20562638412957454,-0.13026863457113425,0.25197747347469623,-0.2717974112254639,0.10299763838546161,-0.27358129850136714,0.020464023160872605,-0.25523425884706374,0.1762284364616015,-0.0032897272030871015,-0.6039234662897869,0.16865333297170718,0.7193269726859243,0.370135937517462,0.36100725440092224,0.3254041788263388,0.3478059900993578,-0.4258933404866649,0.5212987539486081,0.23418031587868704,-0.14851883284229078,0.3701143564393913,-0.13155271506126,-0.42705411546442057,0.3877183463440288,-0.011501858979674234,0.07939134375855995,0.35658017577518203,0.4002532562531136,0.03483443312594,-0.09860537158481361,0.17942706946536566,-0.24876046086732406,-0.2191813021462058,-0.2918747345245176,-0.38447602989989976,-0.07300527315698095,-0.2381111218928713,-0.0011815949614945094,-0.4543204758959534,-0.3379149194735931,-0.525489032016029,-0.6484885584162707,-0.4719960059216955
ROI_018,-0.014017473234432741,0.37794432187810945,0.6166014488911034,0.24943107316928262,-0.05618354461739551,0.4348903192853083,-0.15053505202222758,0.8841833944317179,0.8952149940368774,0.31697119890288916,0.3614673282487838,0.5521989622111317,0.8472731410038454,0.6709087734874344,0.5071782478406814,0.09444795183658507,0.30475866118843914,7.254328619247669,0.6465346512224174,0.1552619805306191,0.7393361278737498,-0.06613155232386222,0.0872531353345057,0.04639020530056688,0.21348460204420916,0.17766617047518596,-0.04076624364601993,-0.3302076830852852,0.03182543047603891,-0.031893980060249405,-0.29918293769369675,-0.1073136546750078,-0.44058319282894887,0.2278238713516104,-0.2758765551468894,-0.026024517550933032,-0.5076644382655373,-0.05576761105733165,-0.042373043381571336,-0.08806725295019056,-0.46604785216265926,-0.2753769306013347,-0.34862738740666427,-0.45725408441354815,-0.6368276755736962,-0.5537352494976625,-0.5185371887383169,-0.42981407493430074,0.03009947622007456,-0.18348601115427263,-0.162922811317221,0.3615119385595776,0.37046205996837184,0.30125888703170556,-0.13078911386411263,0.5714947300140731,0.888768065558613,0.6764589356808474,0.15618966505301168,0.20938179774903218,0.4258723979558442,0.5570521299024581,0.5088140299368679,0.6068962381778559,0.5144751295094531,0.5474849713632376,-0.06418191769438175,0.8248287792595146,0.28370923418001587,0.9318092703750571,0.5452471604301233,-0.24143233723028887,-0.06583557044769964,-0.232478521783129,0.2755424433422337,0.02215296257711526,0.09440956549127395,-0.1398089408680756,-0.4749898534449787,-0.06344141769221716,-0.48197074330642986,-0.5115996782502705,-0.6411802791888331,-0.5086094348893935,-0.1391777924471669,-0.6763308147190057,-0.29195863849658416,-0.6592579337123232,0.14881944494727506,-0.6336687779354954,-0.6462585289780364,-0.03213985298491173,-0.23490212396511467,-0.3389700483757883,-0.7608214612119156,-0.4632233319769617,-0.5890298888339348,-0.2362718073183944,0.07351371833686011,-0.16202187620041533
ROI_019,0.2090352998967083,0.17868635446956083,0.14728909298408405,0.27217837954128943,0.2584989300572803,0.3386285379906477,0.2492300441826223,0.40369570211091804,0.347298499094934,0.1921466860243576,0.4700149351357395,0.30562042123220406,0.33351275774711103,0.7273166111691095,0.411056597559813,0.2703039739293543,0.3252756036985844,0.6465346512224174,7.254328619247669,0.17135672516513167,0.3738240774485118,0.2108971697379161,0.5686829367013283,0.034406743159736346,0.28099244231117426,0.06402486339994261,-0.2804260032003284,-0.2262118021452037,-0.10534618247044078,0.06943945014476219,0.18410199891781703,0.33973078801381507,-0.0467713878974947,0.057728400129154714,-0.0853343932079718,0.020622169841333887,-0.25700259685596294,0.26789778263798547,0.056929296943195776,0.13137144830776323,-0.009331341753992263,0.019341000439686555,0.09001666013621941,0.10036400636572482,-0.0630309495436578,0.008200181273078333,-0.025592635367320066,0.144152353658291,0.2474070850391231,0.2314500104667394,0.10184405817488885,0.2040766125716665,0.16673536633957045,0.2886819440163797,0.1967103378700954,0.29166779190401915,0.2616611969000294,0.22476478427498614,-0.08744587852514024,0.09807850555317352,-0.020920827734450673,0.11287381356570196,0.06195768667789119,0.42638217190040273,0.4462272086391506,0.32050154207500325,0.14067264008283656,0.43895844193942285,0.05970370160022903,0.4313617204867189,0.1299292182552121,-0.20477953921389463,0.1621936936590215,-0.14941879835295852,-0.056597089867982245,-0.2864691989271976,0.07272625118186798,-0.06350467843028378,0.051443558982318824,0.13605897742232564,-0.41904727771874645,-0.24926316492384837,-0.38742231589173326,-0.29947197777135215,-0.4859176371230718,-0.3344014481797903,-0.032762321684194684,-0.3831099355131533,-0.04120585174027145,-0.13324678790493502,-0.1405934430928122,0.0160205352442465,-0.19515500788944687,0.08886335268735669,-0.2455679487747702,-0.016740201901086372,-0.05583222351110107,-0.3794100341772128,0.20724443460873476,0.24161863125836025
ROI_020,0.34415167895925297,-0.3369920989359507,0.07001798856298028,-0.11769964379197344,0.4044019177864331,0.8174323042934236,0.8421253168457125,-0.1803132009615237,0.5866584444905693,-0.2858212798494059,0.516120300727336,-0.22985455276846936,0.41388370692317866,0.4557172534033202,0.6888420057666195,-0.19904081985153602,-0.435617494490925,0.1552619805306191,0.17135672516513167,7.254328619247669,0.008141348960647183,-0.21652374805123442,0.15626256771908914,-0.6175403991177149,-0.20757346410061425,-0.6004133177349874,-0.4189693687930072,-0.06732904820039325,-0.16021506798170737,0.0722839996915278,0.043714025653388694,0.2440595713797152,-0.033279070345134054,-0.23781000141330733,-0.468527308575792,0.9320907989857443,0.15982911223898236,0.7942754734281124,0.061243338806720275,0.6702867421889933,0.34437414199071936,-0.09306272385568277,-0.11260391670222125,0.4471833411511037,0.07378975504788267,0.25276801129374266,0.17318121344857346,0.46012215516760735,1.0914380339433005,0.9605467758798509,0.3796639382958782,-0.2249004264962877,-0.27673444118788876,0.12027810821474351,0.5671631686468928,0.6801590171655344,-0.04437237114400173,0.4281214700366472,-0.011261555496878661,0.5537594217349618,0.004641202691689997,0.5926879483813118,0.28423069291389136,0.6444092358159051,0.24296197053459498,0.49803436259148176,1.1342894778468644,0.2505122478950537,-0.21446066225830468,0.012287839942623145,0.015997128469378084,-0.17192991624277945,0.04296771639835402,0.6472369080713245,-0.45282927195105327,-0.13599415823110114,0.7872999765932378,-0.1947050099007784,0.0735700132077411,0.43439092515044836,-0.401311152180951,0.3668340302444521,-0.09947143888152989,-0.4105063798162753,-0.44927760777331427,0.1185861847218928,0.25940370078045294,-0.13593827506568207,0.7838819032412275,0.3794002074100978,0.36682611533880954,0.6874615328920712,0.3135720601614709,0.21867082421258216,0.04656735746570088,0.33938894129187547,0.4958072291171551,0.5038513358998589,1.128998185335621,0.8871289516714097
ROI_021,-0.16589637248151315,0.4525598053849775,0.5771011489276102,0.265417256909627,0.09903545310167604,0.3180770127797532,-0.10838131686070707,0.8979917802971754,0.6350899719917422,0.6085975016676358,0.2719861835541165,0.8458916857169035,0.6311029242756984,0.5822504308853753,0.6569984787526706,0.2583132810132531,0.25244249126224444,0.7393361278737498,0.3738240774485118,0.008141348960647183,7.254328619247669,0.08164841874581692,-0.02197713009593233,0.16645490411117608,0.2090575220861855,0.2942736286237234,0.24652676115415417,0.01576564848237752,0.3251011715692707,0.30857837828162527,-0.31998627211049796,-0.28701916538163513,-0.1709466243487957,0.03153140829395751,-0.017933504700726556,-0.30506394965022454,-0.5286224016896083,0.013314455014424242,0.2287472871723863,-0.06175185547672197,-0.3195217663259304,0.01025047306882109,-0.13327508910884917,-0.4114485604752677,-0.4520148360075026,-0.240431547581073,-0.29532984295921516,-0.2639037803137853,-0.11080934426959091,-0.27350022334276186,-0.21466288791930319,0.38135173722908033,0.4733196733323522,0.2792703424687661,0.013086636442695698,0.41972523054329386,0.6799110251953233,0.40332376127468234,0.41515894793875935,0.3140263179065571,0.6215244361530468,0.45616236491950674,0.6929575612656038,0.5246436578614891,0.7070578094756341,0.737949797897314,-0.28813417292868354,0.5776839178116868,0.2213227383383038,0.40379334639360065,0.9863446765242003,-0.014776588961659795,0.0016520221144608045,-0.39133857529724914,0.5133379992636871,0.28080376946942853,0.03195654784504116,0.2180735193667951,-0.4223783493374412,-0.22970877517802077,-0.29754611100562234,-0.5013232691250591,-0.4859395556147666,-0.2318703660548944,0.0429096641370197,-0.33940878054933765,-0.4459248686617282,-0.302182773955623,-0.24279039000284475,-0.49801945657696184,-0.4994274650789083,-0.16754701472413483,-0.11945515906968733,-0.45130216229129755,-0.4287887065097565,-0.48666742638006644,-0.35498081035096574,-0.3263027043689261,-0.12074060914051345,-0.2969307458726713
ROI_022,-0.2362967399287386,0.17263394406580881,-0.35156863640641123,0.08931733183056197,0.1620670668685632,-0.4922461603240117,0.042117474146748025,-0.1411878611814713,-0.21576054206455328,0.29626961620734993,-0.18771512125068734,0.3671755864581795,-0.22173862038640713,-0.04254044625914174,-0.010319289510516149,1.1413766219115118,0.9461019256101885,-0.06613155232386222,0.2108971697379161,-0.21652374805123442,0.08164841874581692,7.254328619247669,0.3756643868957697,0.7999441486808868,0.22065453449599715,0.5876415623723292,0.4591106458990815,0.5142863009975167,0.1858884699154718,0.6554148331848233,-0.09496996495345178,-0.038420033021529916,0.46419627306180233,0.733633836572522,1.2637783251508863,0.07758225090555085,0.18818894391465393,0.11706300496918962,0.6831944520279095,0.3072066874190644,0.5756061294645005,0.5385938853662866,1.041627146192746,-0.04063832129071669,0.4066947871296356,0.3571613878088692,0.7289590002236073,0.17762773495390383,-0.19983249032469186,0.0397166827472084,-0.14550744825829834,-0.08453246659457928,0.28273441458964715,0.15936683622063352,-0.14311801739617974,-0.5576235833834722,-0.29807696524407634,-0.4384675753866774,0.15692398268992078,-0.30259889008168483,-0.14195760094077078,-0.4552400798225319,-0.056928348077347306,-0.37754835643244866,0.0746634124955022,0.045194817875970836,-0.311529485625447,-0.07948708608581471,0.3649279171617427,-0.07827812672909396,0.13825668241687067,0.32363462311308006,0.42205045283127296,-0.3480327402521541,0.13534022565633883,0.11065083505759159,0.020468271670196627,0.4791542252204214,-0.04223008328057303,-0.26064822438568086,0.42570259501656543,0.4001063907804424,0.20488420260379894,0.4583606872327606,0.1784894954099295,0.4883874688187085,0.12451574515691946,0.4648750726751644,-0.2035215676308224,0.1788332579580901,0.07873634982692507,-0.3646752283173556,0.09201557258078116,-0.03292639116657043,0.38646859386644744,-0.24030024095724992,0.13055265892208756,-0.4385536051235403,-0.37752920554615715,-0.07169415703937988
ROI_023,0.37714893891769463,-0.024844947443789005,0.03534437195871379,0.275257261684359,0.6152210851179818,0.19514436564379276,0.5622347549052804,0.039428767205954736,0.014398123835203067,-0.13300987794494878,0.3169545907282355,-0.012604918586906783,0.03339552404744004,0.5582888553969213,0.2821320433418395,0.3120624706835796,0.14346915102442023,0.0872531353345057,0.5686829367013285,0.15626256771908914,-0.021977130095932332,0.3756643868957697,7.254328619247669,-0.13948899308226315,0.06529214735882813,-0.06810204895014164,-0.3527985538556378,-0.17062834373752547,-0.22792488794873594,0.09330171443079352,0.3135180226860801,0.448878988338259,0.3218337687996494,0.027392133141016187,0.10272723776605133,0.16288130408370718,-0.005117899655271957,0.2995749707919604,0.023066072158073523,0.2840925044177873,0.33029385738093675,0.2528194322799484,0.33707924096580066,0.30576798626585866,0.27155611348227077,0.19134783224389565,0.2695826243378041,0.5967422394993256,0.48669048259762915,0.44574127291549576,0.3025068183066831,-0.12285183150359111,-0.01564223891520252,0.33671108778803055,0.33747232599865845,0.11548417214267394,-0.21340554540519951,0.059378989855727274,-0.3168542477114507,-0.11375733696898248,-0.45838508016525004,-0.13576712011606545,-0.2547829748337641,0.1817361663623659,0.043163027155123365,0.23206415248948548,0.37885988216511896,-0.04679876922842263,-0.1830450803966151,-0.005414804018170117,-0.13332889848819365,-0.22082452015270398,0.21792936800839682,-0.016573292070541687,-0.4560727559870747,-0.4330890314474329,-0.051144927620789725,-0.09261951140981024,0.14613984141979292,0.24677007732017775,-0.2811759710166303,0.03231421905834261,-0.19836953119045447,-0.14942200416782667,-0.556326708560045,-0.04187552045966409,0.1340864830036617,-0.10746745556149959,-0.1251940290609165,0.09851168366763413,0.2055434621852495,-0.02631329524057539,-0.18329206765740305,0.28755245797201934,0.025334409490536395,0.1915296366519463,0.17214038921383665,-0.10700736916879523,0.4145421793396361,0.3432765066014406
ROI_024,-0.5829146428069045,0.35295825042876733,-0.26434470507507873,-0.018045107826071848,-0.3690176279245623,-0.7510141918404145,-0.5309068565818115,0.08451780221387291,-0.2658428935364016,0.7759910441351788,-0.2638654453500713,0.6439654717378327,-0.15008267351301596,-0.28687914904552153,-0.2491506758131492,0.6156394032477175,0.9822198487702309,0.04639020530056688,0.034406743159736346,-0.6175403991177149,0.16645490411117608,0.799944148680887,-0.13948899308226315,7.254328619247669,0.46475578487907987,1.0511302197677175,1.0095653281341996,0.6442813065472799,0.53584858068413,0.49681647761952835,-0.3499388039342633,-0.3382757866271604,0.08735091245813681,0.7528881894033511,1.1007135561350943,-0.26398262669376843,0.162312107627531,-0.3147787010423205,0.46188822074366487,-0.04761661528872089,0.12355972936786606,0.3443669050950486,0.5529104399558025,-0.4244612399150992,0.0757581524927864,0.05726880549351534,0.3045823425438586,-0.29385872379619987,-0.7934144883596392,-0.48982924805296146,-0.44146131452537923,0.20217742347398587,0.3931250759609391,-0.1654509100275953,-0.6132498272157632,-0.6197228210980171,0.004993822966180344,-0.3845242595744027,0.37218514284043097,-0.306021425930578,0.21319412691883835,-0.40421384856695575,0.07504783774457192,-0.5569731332365081,-0.004356751590678465,-0.12905611420880692,-0.7963387109874793,-0.032308561423430505,0.7072690942950018,0.12458760345380554,0.27289126866371377,0.507334842205056,0.24972107664385115,-0.3760107960633438,0.717082880863021,0.4427112397696968,-0.07023563488107423,0.6340592604565015,-0.22423081742053935,-0.40849143607893557,0.7532447143425944,0.13629675116364545,0.24032698309549105,0.7698696263800074,0.6728872080011314,0.324570671584769,0.06402188092006679,0.5523213274346964,-0.1365049341411745,-0.0420493494108715,-0.3247889833598806,-0.5110473935510179,0.12646727086312542,-0.2627339000815122,0.25409002346984333,-0.5189185852476278,-0.1551698291543666,-0.4129687262940172,-0.9808991578182427,-0.45718001196868574
ROI_025,-0.24182970305322923,0.16434004417921402,0.011155849432856869,0.1316921990269561,-0.05510173451849945,-0.0803672986949382,-0.15238480393383946,0.2147558060212878,0.03262809083737814,0.5561735291845349,0.21959637393873715,0.5081230251810285,0.2041128805749228,0.043199307871788196,0.03501939094965676,0.17162706900969224,0.3277652435202327,0.21348460204420916,0.28099244231117426,-0.20757346410061425,0.2090575220861855,0.22065453449599715,0.06529214735882813,0.4647557848790799,7.254328619247669,0.6123548890645459,0.2533602158261704,0.25777189323429756,0.3398558967658592,0.25496154643738644,-0.11593779018128976,-0.05123549777855762,0.021401058438674205,0.21596127236530085,0.2335957335467767,-0.10225600585439434,0.1832896004352961,-0.02419845786378613,0.13722458221503608,0.02771706729176266,-0.018358463603661557,0.1683743545900851,0.1805975460895398,-0.20967845849663447,-0.051041205645714904,-0.045957338913865775,0.062173423762868794,-0.006383792913580881,-0.1631470557926646,-0.15034513919525552,-0.2630911442400203,0.10395855602869891,0.06682513888606388,-0.07227215423850823,-0.08671717746072023,-0.1151877891487826,0.11256995588876718,-0.046971689218418544,0.0975744831806217,-0.010516960871080592,0.1458082908778378,-0.10776252926041593,0.06638473178497795,-0.1653757586641737,0.06315861695304906,0.009838315530260332,-0.2525696786083698,0.0942037209653389,0.10579038012049781,0.1322935115449745,0.1147413093611573,0.053271820345891396,-0.08743381570078987,-0.10319010432022994,0.3153526670907478,0.1600931506617646,0.01493826655017565,0.25516802891906115,-0.15209402690349205,-0.22376042412052657,0.03313469035401565,-0.13945093359014102,-0.19294661168526425,0.11441483040069833,0.037113948009672486,-0.12456203267411847,0.054812924523329414,0.09387995304626022,-3.1753784996591934e-06,-0.195643976830769,-0.37002216085892736,-0.16439373748902855,-0.10873165481476615,-0.24686879980119214,-0.0469547807477095,-0.16372998752194873,-0.18316156996307528,-0.2599332426705523,-0.23507340470091295,-0.10500605079348611
ROI_026,-0.5086936846529755,0.27839578473387155,-0.08741062114967578,-0.0414335012574864,-0.40760585515812536,-0.605210969657784,-0.5577505650873764,0.21203730119254488,-0.1620512102277743,0.7323127578235011,-0.1136602340756054,0.81251577010414,0.040774219657700096,-0.19235436246151946,-0.21640753198880852,0.399313789096594,0.7928498053486132,0.177666170475186,0.06402486339994261,-0.6004133177349874,0.2942736286237234,0.5876415623723295,-0.06810204895014164,1.0511302197677175,0.6123548890645459,7.254328619247669,0.7016350991452013,0.4366940841984444,0.38439397477536447,0.33303585103579303,-0.4487755098597511,-0.3555991125997549,-0.037041317640587275,0.5445227125159865,0.6180386667723179,-0.3689739954163012,-0.08693212440875915,-0.44802834172842654,0.20584404943906656,-0.13645670265859813,-0.11084592858177085,0.23049156376201557,0.26385003380075234,-0.6171874153259872,-0.19716919195822014,-0.22450640129312927,0.053865639416437225,-0.36742357286401794,-0.7538558879605562,-0.5579504263059819,-0.4785488006863025,0.1102756068153409,0.19642042306891475,-0.19236503078633077,-0.642259995519494,-0.45943727396405465,0.02711491936866736,-0.3437679778465842,0.28759148622108943,-0.22759410757529258,0.2740746381904751,-0.25770689995999596,0.09767724547964872,-0.5241986250003545,-0.040162710303699646,-0.055059509671659124,-0.8375908976903372,0.027277110596340404,0.4758551611935332,0.20238767631856433,0.3201352009662945,0.26205799849410255,0.07406492973728827,-0.5311830029074245,0.658744755598871,0.4135039491161304,-0.1673132823152169,0.5808954242933293,-0.4943784805039929,-0.4996580042129219,0.3058389790290395,-0.169165503924725,-0.08624207077047907,0.36644551500711126,0.42045533126552465,-0.024474312862627672,-0.13767898723761435,0.2529810918506532,-0.23911206207574728,-0.37766800602502676,-0.5798814798264896,-0.592471892060193,-0.19844984637068885,-0.5109511147043988,-0.10528333407889326,-0.6537115283975076,-0.4905880181788009,-0.601990019618029,-0.8349025111176709,-0.5375798746442063
ROI_027,-0.5609620272687067,0.4447944756499466,-0.07869064577169033,0.001447416621208814,-0.3017626146660365,-0.5973877568407102,-0.5528028319953233,0.12666563073399256,-0.15873206412377303,0.7249461338632742,-0.24927987620176525,0.5120516839931347,-0.09824482352866135,-0.3460012113105519,-0.1846978621162498,0.43873696016596897,0.571628164490313,-0.04076624364601993,-0.2804260032003284,-0.4189693687930072,0.24652676115415414,0.4591106458990815,-0.35279855385563774,1.0095653281341996,0.2533602158261704,0.7016350991452013,7.254328619247669,0.8858005421201802,0.8361766098189344,0.4542180185405518,-0.45892512144049186,-0.42538950642196244,0.05299723836751935,0.5933136369158621,0.7826026320715977,-0.20580586394215714,0.2567912239706858,-0.25768813682201797,0.40959975653011177,-0.09962013904241965,0.04219721171504072,0.22379353869819124,0.2822499283599529,-0.4323709954338296,0.05474146354377591,0.019277864748455182,0.20209534524207637,-0.3370985921141855,-0.7024926511557836,-0.5711307062500698,-0.39932441051817696,0.30737982930630725,0.4616337359483538,-0.07113243112478819,-0.4362769090120074,-0.35942880453141335,0.12922066464544982,-0.16414820486809661,0.5377624008999532,-0.1740447086404042,0.3889292765933982,-0.13448377094922329,0.24353488093033487,-0.4209091905973501,0.038036619604810994,-0.025276000560912087,-0.6908563005740483,-0.14412772815187228,0.7273137264085126,0.07899258928322689,0.3945653186348573,0.5785323778997283,0.21353482067645663,-0.1684951991084686,0.8266101838159583,0.6753265153630009,0.052954871488268204,0.7326118663495819,-0.2166625893261814,-0.38487520934528613,0.8339160668855168,0.17006278187697157,0.355293690633829,0.7222912833957126,1.1649765368058762,0.3984077015928859,0.015287848347472583,0.6571113914032143,-0.015341130487744228,-0.02973003415189619,-0.26308569367499246,-0.2922957009821173,0.32738720059347576,-0.35976083120239544,0.2581582446370852,-0.48464798286597116,-0.13690134529493422,-0.07862988497581958,-0.8418528970327853,-0.551926144736526
ROI_028,-0.26723566373228946,0.1209081205277777,-0.25308324662892917,-0.15534408629085497,-0.05000256717168534,-0.4947780247731291,-0.07837795197019896,-0.24947159381431877,-0.27956072277230065,0.45887719141777106,-0.14424185354373564,0.3306336115771521,-0.2223895092111265,-0.3229625567054002,-0.03763288687039898,0.390471829144448,0.28870056936567295,-0.3302076830852852,-0.22621180214520376,-0.06732904820039325,0.01576564848237752,0.5142863009975167,-0.17062834373752547,0.6442813065472799,0.2577718932342976,0.4366940841984444,0.8858005421201802,7.254328619247669,0.5729937975459544,0.845598286976017,-0.23342855518245922,-0.07752292488940282,0.25928284420483444,0.31932926017940144,0.6878873245009551,0.08634672435406207,0.6446316952948861,0.15272934349086068,0.5269915436844134,0.2525230167456175,0.46395663957556815,0.37372344999897095,0.5255734315528595,0.06137772514575738,0.3887367517186007,0.5191905314576106,0.6350462544967869,0.12865569138063873,-0.2627210540649784,-0.02960942051485728,-0.12877629741403157,0.11497158890134537,0.20070904223883873,-0.1575362215895858,-0.10385708140130073,-0.40722346805919357,-0.2573146101463901,-0.3551884009379303,0.47299681218737666,0.07404195525078884,0.3041464277852042,-0.19700241646425368,0.15500448801102096,-0.4034477404473835,0.08404880709790873,-0.03498944014487315,-0.22142911911016738,-0.21438755908911594,0.4604009052358293,-0.1751397963917723,0.23875879742369654,0.669916544482444,0.4023810138911249,0.09510542783908667,0.42194673212060024,0.6445304633596158,0.29598058394595156,0.9212704909706804,0.07213474194200296,-0.08580122086955376,0.7752870296628003,0.5221834814453084,0.5454097193919673,0.7846756271311518,0.6896572608725028,0.766389115873795,0.3626273457442412,1.091513764798624,0.08199692296143528,0.4246441214665184,0.23145737123033036,-0.022471050927258433,0.6010424658719313,0.01640263577584268,0.6874499723417683,-0.06607383319889228,0.33588551034023273,0.17816431715497172,-0.40391252790544974,0.0004090508237885324
ROI_029,-0.21415718771279876,0.2740639720371437,-0.10113316974625187,0.11211117307817253,-0.14336782541812437,-0.20641178431253365,-0.2921038739083365,0.1827959178639528,-0.056697145482536286,0.5876730127699785,0.0696828394475253,0.3950705181349954,-0.0176300228191969,-0.10149286739614213,-0.0014345756240555364,0.22130177210893393,0.38096672138006743,0.03182543047603892,-0.10534618247044078,-0.16021506798170737,0.3251011715692707,0.1858884699154718,-0.22792488794873594,0.53584858068413,0.3398558967658592,0.38439397477536447,0.8361766098189344,0.5729937975459544,7.254328619247669,0.35887614537124113,-0.12524037186973974,-0.21029316657975708,0.0044250911692388754,0.26790895008837495,0.40902955540633595,-0.21465282869921096,0.13451386481246802,-0.1672021630323875,0.16583435700263827,-0.19442370621041175,-0.09721549256339175,0.18204142748376245,0.10648968382800997,-0.12771674954270965,0.08116629397517389,0.050904828159563785,0.03037380499249422,-0.10704380890281755,-0.3319711374169389,-0.38361995677552324,-0.16302021030207034,0.36173597529870777,0.34822075488417625,0.0557687982531047,-0.07789658214650519,-0.0969919446479057,0.24493549763967173,0.036675663906585575,0.46250051735298214,0.019844327876375807,0.38340901311064995,0.06559638469275735,0.261051047339616,-0.12452872318764327,0.1981444466490522,0.09515740784592312,-0.30794209084487767,-0.008279336076617147,0.48168315426301966,0.09507359926602565,0.4757584475122638,0.42125231162886484,0.060616081260680195,0.04913348008025333,0.6339711587629461,0.4994913963206809,0.18806619000544791,0.4551768137711589,-0.03723920253628378,-0.15432280535907048,0.4515018918658935,-0.002547162910662868,0.1647638191800866,0.47328830008432304,0.6564610458881682,0.184140471530096,0.04893223395763441,0.4375697413546282,-0.014620843531317328,-0.05054613996402499,-0.23565047181684437,0.0018148935034760282,0.22462484747298134,-0.19493899844852902,0.19539867425066518,-0.20908771323974712,-0.0027112337393615255,0.09631185429057744,-0.39696668461923695,-0.31032323711786114
ROI_030,-0.23514996017477066,0.17221106108013026,-0.0739875624463426,-0.010700891727673842,0.17143863266169668,-0.1331738189266558,0.17811189867042093,-0.07102537300995418,0.00020260556086957218,0.3849077896049657,0.017851765589308705,0.4311303937944421,0.05944947815013116,0.11647572181825415,0.39618992922608326,0.5416003797441132,0.32096218894642653,-0.031893980060249405,0.06943945014476219,0.0722839996915278,0.30857837828162527,0.6554148331848234,0.09330171443079352,0.49681647761952835,0.25496154643738644,0.33303585103579314,0.45421801854055177,0.8455982869760172,0.35887614537124113,7.254328619247669,-0.23708908326675684,-0.005958507668866316,0.2760431848595621,0.15644173342420087,0.5812147698622223,0.09489519671964458,0.22674260706043395,0.48870404161575354,0.948012404119058,0.4489307854877833,0.5674089746644967,0.4240334612281885,0.7347190551696627,0.06205905039002299,0.21807094332541133,0.6935941520934836,0.6501011000129554,0.2098177537910236,-0.04078351180363897,0.18985921923344054,-0.15296353532191426,0.03753005896392143,0.2929616966818558,0.024161311027899122,0.06327319573541103,-0.12967302541210945,-0.15963840501468454,-0.24244573287978927,0.45924329195867375,0.2732835609142074,0.39983390226122517,-0.02852795126296051,0.5011170816427158,0.038543130529691445,0.45027883192755486,0.3820354982481741,-0.11005790521577345,0.15805114333470083,0.2434410235563435,-0.1464597528366029,0.4255262142299041,0.3966697154787151,0.49276620123010745,-0.10537356042174932,0.3182623273284336,0.4829640333326933,0.28427436317781485,0.724946749189519,0.02224004628769741,-0.02453754375480438,0.2963406211081102,0.3069056156419879,0.2126146620774577,0.37719269785072146,0.25893972129294063,0.5398328423333741,0.20517776972528975,0.5212784472164544,-0.1039500432354609,0.377320481241732,0.22567453022165593,0.08301143319259377,0.5049963137206331,-0.03249539269722422,0.4642797718430506,-0.16889530148714665,0.43082075917873097,0.01539079801736196,-0.18095430837288798,0.1749725119980174
ROI_031,0.5081384979379956,0.025911208970699397,-0.16150138420595014,0.48680209483756415,0.39732123183094903,0.08988841385718034,0.4055504767293352,-0.09868427834679792,-0.3345980286538803,-0.4319616716645696,0.034701104456953256,-0.4648696621519317,-0.49392713316748404,0.04959028710270224,-0.22656717081299263,-0.03328714686120639,-0.13871185726161467,-0.29918293769369675,0.18410199891781703,0.043714025653388694,-0.319986272110498,-0.09496996495345178,0.3135180226860801,-0.3499388039342633,-0.11593779018128976,-0.4487755098597511,-0.45892512144049186,-0.23342855518245922,-0.12524037186973974,-0.23708908326675684,7.254328619247669,0.719153131558993,0.4988978636085831,-0.3217052674357974,-0.1788366391875846,-0.16712214167361047,0.049256801577534114,0.17218075040262332,-0.2579258157079095,-0.1586607794195875,0.07820700745897798,0.40401040514056313,0.12253186722932671,1.0976797121133097,0.6696663120243539,0.4020372139156267,0.06350617149267057,0.5550547669499258,0.27652558570550734,0.2135094873810911,0.5750455159396765,0.0696634064211211,-0.004448005334329423,0.3338719940770227,0.48341784424145634,-0.016430843536025714,-0.10913782635135788,-0.04139148978934689,-0.5942374688966264,-0.16360374926259955,-0.6408319004297917,-0.42990726830830256,-0.6735914665793716,0.026599819973716802,-0.04127952616207745,-0.4485198588813827,0.40381070266754343,-0.21828741310624175,-0.3302758627392803,-0.2699066120218131,-0.2828189913877444,-0.14546310012000477,-0.10850206494506122,0.25968959324227786,-0.5959651376839054,-0.5040070352627841,-0.2650608846269776,-0.3677667333031665,0.819301810800383,0.2866483346013724,-0.05290846891603221,-0.09205624404466423,0.10888237220141267,0.016415274752293003,-0.40232356773681854,-0.0374290721976521,0.10279268427479171,0.017018345477034045,-0.2897881399995505,0.3099925724494689,0.4665456551362049,0.10509238380077153,-0.05004012641475071,0.8439914405091911,0.3032687073588297,1.1085501075838784,0.3658174579720041,0.006884231409266782,0.2986813763673483,0.19767593518727689
ROI_032,0.5589615487640665,-0.04698409739816401,-0.00945724257685831,0.19186422450042612,0.367112326994879,0.2051433614882129,0.4869434874360535,-0.15133281344915944,-0.21135385290017977,-0.28100849169745606,0.3039721895131197,-0.3114516549056386,-0.2349456634164227,0.16960967220677095,-0.03772349699457689,-0.03174059900815974,-0.2702920325806738,-0.1073136546750078,0.33973078801381507,0.2440595713797152,-0.28701916538163513,-0.03842003302152992,0.44887898833825896,-0.3382757866271604,-0.05123549777855762,-0.3555991125997549,-0.42538950642196244,-0.07752292488940282,-0.21029316657975708,-0.005958507668866316,0.719153131558993,7.254328619247669,0.23615492419301526,-0.34900359241715195,-0.20736667253135613,0.045669438029524265,0.24273683288514866,0.4665914398197638,-0.18801201922702981,0.21542565608273984,0.27452345318950677,0.24516638366414953,0.20861239894726794,0.8792663313751825,0.4696504750683945,0.5788179460955514,0.27595576672312033,0.6583549557906122,0.4035155759376328,0.5052426861248369,0.38080986619941,-0.07275366328998369,-0.0992294839313588,0.16336979830308393,0.37773208664747276,0.11144666915942346,-0.23422930741027775,-0.08028049838982053,-0.3022650278981538,0.0190773895255603,-0.3738347069715891,-0.1822492503435826,-0.2584316512568823,0.13427532381029486,0.07958017472686708,-0.24743872083363472,0.5187199736564652,0.016177837683333668,-0.21914827539516743,-0.12599384862514332,-0.3622710657683269,-0.08020029571152144,0.08625329311216476,0.2499888038173083,-0.5396336801020667,-0.2936946581232891,-0.005729034442766224,-0.15050082084258157,0.5869131031717824,0.7290907894621955,-0.10798809084611609,0.010038396665554557,0.045385124932806324,-0.07420193012033745,-0.46608957693007497,0.06415983038647109,0.35044891855960236,-0.02139095827286431,-0.07465452044496419,0.365104621028114,0.3565126806640271,0.2509495940998783,0.060126373977300224,0.7198491539268727,0.27216377768214806,0.6626973002236682,0.4972678055352931,0.12413518957547777,0.38465609525696387,0.5478902844508882
ROI_033,0.1315062261241208,0.01648460437270777,-0.26593674440874726,0.22435962370137483,0.46602246414429865,-0.21218843157258283,0.39371132920560264,-0.2916224209094365,-0.31235635001770107,-0.1627901768516113,-0.19845463418629036,-0.18942020975848994,-0.3941503231032892,-0.02642082417806829,-0.11265259588941286,0.46097297936939785,0.11953417263665757,-0.44058319282894887,-0.046771387897494694,-0.033279070345134054,-0.1709466243487957,0.46419627306180233,0.32183376879964937,0.08735091245813681,0.021401058438674205,-0.037041317640587275,0.05299723836751935,0.25928284420483444,0.0044250911692388754,0.2760431848595621,0.4988978636085831,0.23615492419301526,7.254328619247669,0.10016414488953748,0.42890482232737603,0.0827366857082227,0.16814126086865855,0.3436528107809433,0.3558955084149026,0.26638855800964767,0.5444914804676978,0.6756107711912126,0.6488976546277049,0.5751891302814521,0.8446250437623182,0.6136263725006801,0.6023865652276102,0.5744220916072038,0.1427004513932598,0.24574672517377913,0.23485217283052837,-0.21466375203600363,0.013230141421290252,0.19063993936332121,0.2998498642278093,-0.3132652297936762,-0.43673393318910103,-0.29964759285959564,-0.34986444588506604,-0.41113025668961367,-0.5543870204121933,-0.7270184268005903,-0.46459004321917846,-0.2950669094332586,-0.09910657925046634,-0.2228951106335114,0.0762142672220718,-0.45296277058606643,-0.2519735682077761,-0.5405141704543257,-0.04369782626974887,-0.08380795209908146,-0.007494396493465706,-0.06754408854670661,-0.41307244926296427,-0.2894520342181732,-0.18986003686391517,-0.015006238222315728,0.2689694933167564,-0.09785293803077527,0.20322313124831562,0.31638412887583556,0.19246601977324587,0.25387454277355814,-0.15270188218848577,0.3975563020107011,0.28967945095191183,0.4266231626657491,-0.19882399937307096,0.3977457925633352,0.42443003949781066,-0.21528772388239212,0.059566421888130355,0.36846138182584504,0.5066750229053126,0.4632748512095009,0.41935979118726696,-0.12859800625096082,0.044321599211279684,0.16820106083065076
ROI_034,-0.2828771961339068,0.32242174234527754,-0.20514767813284676,0.005071787070949502,-0.20250326592603507,-0.4865482619849549,-0.38973857341097523,0.016931732647607525,-0.00593718597915774,0.3166904181029153,-0.3082171878682311,0.35071662675934967,-0.08694774722218133,-0.1463807869663742,-0.12884566484715465,0.7197061207007512,0.8967588342153646,0.2278238713516104,0.057728400129154714,-0.23781000141330733,0.03153140829395751,0.733633836572522,0.02739213314101619,0.7528881894033511,0.21596127236530088,0.5445227125159865,0.5933136369158621,0.31932926017940144,0.2679089500883749,0.1564417334242009,-0.32170526743579747,-0.34900359241715195,0.10016414488953748,7.254328619247669,0.7810333879379054,0.13208160693561288,0.14621726321600664,-0.2524283883154455,0.22651531610340062,-0.018770974333444303,0.11235297538265476,0.1099974327054971,0.2926460058673571,-0.3913311869680806,0.09293792092501858,-0.18074364944979066,0.17826474677877624,-0.24843110903463342,-0.3720007436592883,-0.2905822445621278,-0.086184118561099,0.17104754058275162,0.43116645508909396,0.22008313630847853,-0.43988336449091353,-0.36624644049576244,0.11377498460996746,-0.06363223678050757,0.2639435367112459,-0.31443821508994657,0.01136986007629742,-0.16289985295000464,0.02285810337200787,-0.3391604851030307,0.0062842431848278875,-0.012379133038884268,-0.357598176979633,0.04239700189579141,0.7230483293118186,0.40636800748921337,0.24117435089007982,0.3407401675960428,0.28787220713219647,-0.22077769910762393,0.40171382955794444,0.2543968184025136,0.05435901101171268,0.25983476737110606,-0.21203077207749327,-0.2914693370799371,0.5267051000029164,0.3403742101329746,0.24444435631833988,0.4193210073356071,0.5137245384964808,0.23831854251280854,0.1842363380643272,0.2950133949411118,0.14964108761971062,-0.11685124793677856,-0.2005433043882731,-0.2625361339921135,0.041230323498769116,-0.1512699313334291,0.11964184543547662,-0.4171302638470446,-0.2728992662464519,-0.14530497913710372,-0.4305259821373839,-0.40158632713138204
ROI_035,-0.3427952847556594,0.18872392377950742,-0.4692487121577068,-0.06465737597987004,-0.0382069424170476,-0.764219463033006,-0.17431802573125071,-0.20245562741595907,-0.4276500826501121,0.35950975943794855,-0.3627328527854889,0.2820577137829725,-0.36133213756928784,-0.24414922579762233,-0.1834042607887519,0.8916743312390625,0.7749117825130799,-0.2758765551468894,-0.0853343932079718,-0.468527308575792,-0.01793350470072656,1.2637783251508867,0.10272723776605132,1.1007135561350943,0.23359573354677665,0.618038666772318,0.7826026320715977,0.6878873245009551,0.40902955540633595,0.5812147698622223,-0.17883663918758458,-0.20736667253135613,0.42890482232737603,0.7810333879379053,7.254328619247669,-0.01832721642948636,0.32233254561505914,-0.07367658322491301,0.6206539819864045,0.1593655106803028,0.5177969073533785,0.48701880350738047,1.0074864604678417,-0.1408587853509064,0.4551696184438649,0.3435451004907439,0.7332761102625821,0.08825089778572588,-0.42897012498311,-0.1654138744550353,-0.2175431668314409,-0.07891737069516663,0.2700335918335598,-0.03221230382289544,-0.2862091226854858,-0.8149006773305634,-0.35719351484725365,-0.5558573761312123,0.20732314437046137,-0.44259667145212805,-0.1121967058650284,-0.5578422836104742,-0.10440270753531121,-0.6409664206702361,-0.0786611982224852,-0.10797813587317427,-0.490656884354474,-0.2668352855692521,0.4028264084968175,-0.21472777873616847,0.08889966533309578,0.45869226414089326,0.33207228593091404,-0.3232402742630469,0.3024867904663546,0.23772070840419127,-0.03927112275967773,0.5224631644143499,-0.037760324033236606,-0.35236866902173264,0.8249961530263393,0.48065018789179137,0.4320888867535307,0.8678919457788011,0.4976988024069877,0.6774646163099959,0.20903092279453273,0.7545646655222567,-0.19926394363191663,0.2145759801103539,0.04671852390349061,-0.45727602622831726,0.197187394226208,-0.08861922432558877,0.5415818172044291,-0.26290982221851594,0.1604585721270355,-0.2904229020504623,-0.6216683256251281,-0.2264240913593052
ROI_036,0.18493750065591172,-0.49474261539584885,-0.21197709458152675,-0.3553591612508021,0.2797306831662177,0.330414495438732,0.6530181018922396,-0.500542557761605,0.3158433071943491,-0.33889231809399023,0.2023668145927209,-0.3489959923380986,0.2104147690087106,0.19824262494635514,0.3769701287877603,-0.03160073390472511,-0.25141018505721374,-0.026024517550933036,0.020622169841333887,0.9320907989857443,-0.3050639496502246,0.07758225090555083,0.16288130408370718,-0.26398262669376843,-0.10225600585439433,-0.3689739954163012,-0.20580586394215714,0.08634672435406207,-0.214652828699211,0.0948951967196446,-0.16712214167361047,0.045669438029524265,0.08273668570822271,0.13208160693561288,-0.01832721642948636,7.254328619247669,0.4655703827811731,0.671976681524395,0.23868646159815932,0.9013782100887625,0.6783884362159555,-0.06498547567908178,0.17172749066167295,0.25404549560217693,0.24000407169837218,0.2568313912868335,0.5006207667426984,0.4167457668271785,0.7732390057537387,0.9228973740035056,0.14262658728155309,-0.5298758891190962,-0.40827401086382686,-0.0812621003027832,0.3250202337382431,0.1445118480688305,-0.39410835475723277,0.11566314281723984,-0.10843336736647291,0.13676526104103834,-0.21360433487170294,0.2636400322287144,0.05326476926571152,0.11512016592857446,-0.08787221831165648,0.27418313114921866,0.7264737609378922,-0.06726737503873213,-0.1791662239913364,-0.17180252105974642,-0.2608367761254302,-0.13973735375058427,0.021393089761895676,0.4568607010776638,-0.4848370370691384,-0.21034873114141475,0.7062895978971591,-0.15455913251767792,-0.03368819890462661,0.1480191215146274,-0.11434805212558373,0.8620015841509597,0.11894663601486141,-0.14444290483861713,-0.2829917455558264,0.38210007436577165,0.49370718365572713,0.11388797518482417,1.0395624411518385,0.48537092306647706,0.4029124513056824,0.4011805715646199,0.34184434005682846,0.10191138059008602,0.22311577400931665,0.20343417966055732,0.5079576363651476,0.43091018251707347,0.6914237647344299,0.8076970812234177
ROI_037,0.0276677672205999,-0.11625658587758522,-0.37871119595779196,-0.26462817879620554,0.05318298740920986,-0.28059252902248605,0.15722653854256513,-0.6152244395293553,-0.3404805030528852,-0.004006099037938083,-0.030861679204080037,-0.15929557621421686,-0.3604588453647654,-0.35725201217188285,-0.20809067103356857,0.05944262397945409,-0.08334726469276724,-0.5076644382655373,-0.257002596855963,0.15982911223898236,-0.5286224016896083,0.18818894391465393,-0.005117899655271957,0.162312107627531,0.1832896004352961,-0.08693212440875914,0.2567912239706858,0.6446316952948861,0.13451386481246802,0.22674260706043395,0.049256801577534114,0.24273683288514866,0.16814126086865858,0.14621726321600664,0.3223325456150592,0.465570382781173,7.254328619247669,0.2650761278574235,0.14573378778399473,0.4092549957587846,0.6581560900748484,0.26251693832955314,0.42616965282558805,0.40136224243400315,0.6852231930953092,0.5970168057271084,0.7012331746492946,0.4090620813537656,0.09908139538370989,0.3669800221603491,0.13184865999307643,-0.09384141950351277,-0.04523426431078661,-0.20451108588820596,0.13545182854421348,-0.3113802243371956,-0.45341502373836035,-0.26939821838026484,0.1416338115991859,-0.02702754728095943,-0.11927351003802758,-0.22671712700451913,-0.15351899578439704,-0.36233454809818744,-0.1805407789668959,-0.30992889789885714,0.2642660431684051,-0.3523430275397224,0.1872621362123692,-0.2547032901934402,-0.331889185986478,0.4478940380354843,0.305200243661029,0.5977744771414059,-0.07429187484697673,0.2126589887529426,0.33785025539898395,0.3257629606500599,0.40142140568238616,0.2600899980335373,0.6371860446214069,0.8748710948422768,0.7592021369552061,0.5738924583171681,0.29066928944638326,0.8411414144768603,0.7425302065460531,0.8076190686354127,0.4384511569502524,0.828216360778842,0.5371831819521083,0.25510179679425865,0.7025606375769468,0.36427973655531143,0.9093883613004272,0.3573129894728795,0.6395481342996944,0.42140018627942755,0.0148710300152722,0.4152943254647838
ROI_038,0.33822595916322645,-0.15777900846052256,-0.033399373566817894,0.02452523335011766,0.7173909685031258,0.5025992684094843,1.0173425444951874,-0.2201515134179685,0.24753636002869323,-0.1950248630294171,0.29974309940741406,-0.1956595824715482,0.22185291042882482,0.4148013533001643,0.5864328714400082,0.15005600321584278,-0.2909333167048956,-0.055767611057331655,0.26789778263798547,0.7942754734281127,0.01331445501442424,0.11706300496918962,0.2995749707919604,-0.3147787010423205,-0.024198457863786126,-0.4480283417284265,-0.25768813682201797,0.1527293434908607,-0.1672021630323875,0.48870404161575354,0.17218075040262332,0.4665914398197638,0.34365281078094334,-0.2524283883154455,-0.07367658322491301,0.671976681524395,0.2650761278574235,7.254328619247669,0.4854657936639374,0.9765696321268181,0.7871591567321378,0.2305917823030695,0.39948884975653,0.5968871747803328,0.3798998901824764,0.7831146911084563,0.6190588938239269,0.700272976068368,0.8398147414380053,1.0963064153676025,0.22480063878525214,-0.26839768557724264,-0.15375423337129152,0.10268898019501756,0.6369767104153813,0.30319592322411193,-0.29751921507583634,0.028006101576637438,-0.12222851798201817,0.33223818621714074,-0.1338191118956945,0.13463747899442,0.1858070106130122,0.38960797434759953,0.2690232634633507,0.37319777631943996,0.6380537280044745,0.01961776845256586,-0.33443621098445214,-0.33727621543554065,-0.022484911559912918,-0.13889554589752814,0.13336572346989875,0.3222466655543977,-0.48398677539236434,-0.20121410904888015,0.5325685258592691,0.02266869080502598,0.23998320177587573,0.3540274314230843,-0.21875212736909597,0.4210608068409824,0.03480019271473682,-0.1997650097801538,-0.4637237270270823,0.35158825559061235,0.3193334413555527,0.06532755537723103,0.2772635771318678,0.618698660869035,0.5764133104655407,0.4413982188459668,0.39022223697503816,0.29340409736874085,0.3260896342706748,0.354709563572379,0.8285541246372766,0.25136842042717544,0.6657516747792264,0.920894028720596
ROI_039,-0.354302950863868,0.1780469005071383,-0.07263274578376691,0.020595438574232846,0.22977102507707964,-0.10924942948781023,0.19274338173946315,-0.0026104562298640485,0.13245194040555194,0.2047322328611574,-0.08614607865179343,0.16617866656923158,0.1557294098154821,0.06487963083856053,0.27853204167794005,0.5224217695887248,0.3336540360300396,-0.042373043381571336,0.05692929694319578,0.061243338806720275,0.22874728717238632,0.6831944520279095,0.023066072158073526,0.46188822074366487,0.13722458221503608,0.20584404943906656,0.40959975653011166,0.5269915436844133,0.16583435700263827,0.948012404119058,-0.2579258157079095,-0.1880120192270298,0.3558955084149026,0.2265153161034006,0.6206539819864045,0.23868646159815937,0.14573378778399473,0.48546579366393755,7.254328619247669,0.653823867314541,0.6518867967006612,0.3564204205515824,0.8484032511573854,-0.03717337955383501,0.20830724800710526,0.5298864404145545,0.6676254785486189,0.10960886569239724,-7.703541160429326e-05,0.1738961087393262,-0.358919029174699,-0.1325741896700482,0.15146651675995054,-0.06145228584354468,0.10024686902480721,-0.1705663703892043,-0.16677055931715054,-0.1295413087256504,0.16197828374304585,0.019234183788707743,0.1147657245032238,-0.08944865882129188,0.25213782183327343,-0.06043223686756702,0.12081297262910065,0.27795908232111827,-0.158811427538665,-0.02739897266560013,0.06363234646106602,-0.2914936763722536,0.23652805703297558,0.19179671149629907,0.2496718243569921,-0.12134529052433318,0.11398110574542109,0.08834692106454878,0.17704937157394565,0.34386752607129,-0.18559831745971084,-0.3010368480485702,0.2852641537818362,0.4074199861667908,0.17950539275231425,0.27854789073279523,0.18305258824276147,0.5730750047028955,0.03794758720016102,0.4006858148279953,0.023743775791774745,0.4090250854608389,0.1689195281566517,-0.11615184444325775,0.4964161416713131,-0.23010902247648313,0.3817134127249594,-0.22511662008787073,0.3729242125861803,-0.1669238258401389,-0.1742198745731009,0.11434903074746276
ROI_040,0.08730724494684866,-0.26413081924385845,-0.15705840818510802,-0.3062107469378258,0.43366278209870157,0.26988905548734515,0.8019732855502733,-0.3552061620592623,0.21031530205150636,-0.1030767848399417,0.25620043707728957,-0.09982565020183717,0.2816148967620397,0.278862147857206,0.44805482518573403,0.15166183922559856,-0.20994004497046767,-0.08806725295019056,0.13137144830776323,0.6702867421889931,-0.06175185547672197,0.3072066874190644,0.2840925044177873,-0.04761661528872089,0.02771706729176266,-0.13645670265859813,-0.09962013904241966,0.2525230167456175,-0.19442370621041175,0.4489307854877833,-0.1586607794195875,0.21542565608273984,0.26638855800964767,-0.018770974333444303,0.15936551068030286,0.9013782100887623,0.4092549957587846,0.9765696321268181,0.653823867314541,7.254328619247669,1.0989000598070606,0.2920186626189611,0.6132939788933475,0.2763695633790379,0.288029093418138,0.6020055926772441,0.8770928614753014,0.5579668509551692,0.6311944929213811,1.002823919829287,0.06659647374792042,-0.4974786465141763,-0.34368552367392463,-0.20175639045437616,0.2995104805115051,0.12312165211409147,-0.5189832067005179,-0.10483351465343071,-0.06351573250396178,0.16115692350291047,-0.15869751363882736,0.09104212135787693,0.14140267673875417,0.09107600694688826,-0.03428967517024103,0.3456704753153525,0.5123612234393893,-0.0640451211306134,-0.26416349844878356,-0.32468981616312,-0.14783058874030025,-0.018473213134561735,0.151704681264809,0.26863870265576667,-0.4035809078452676,-0.15952143246507836,0.6181953638106634,0.11497753925722971,-0.10548343788290593,0.21534793378733355,-0.05892287144037626,0.6901914502654071,0.06633537883000992,-0.006196019369462434,-0.33184463708245193,0.5928989974844281,0.37408222478910097,0.24251499852372543,0.4988644077857707,0.6583764567369592,0.38514780596045506,0.17686770697951104,0.4206769368678623,0.08182053647999864,0.37225936348028016,0.10471267650825812,0.7143614089351995,0.09763325906694872,0.4936251784007974,0.8627043252931389
ROI_041,0.07974259296107124,-0.17464144222335717,-0.42652203085759466,-0.14931420871133286,0.5000234983703616,-0.06391759184232515,0.720122134311612,-0.6034994511649511,-0.2134541988388225,-0.12883420099328133,-0.0026518877870077896,-0.17818638117140995,-0.1609017176458828,-0.0007669102278942795,0.13563021465922454,0.39097356212603307,-0.03156079026000895,-0.46604785216265926,-0.009331341753992264,0.34437414199071936,-0.31952176632593027,0.5756061294645005,0.33029385738093675,0.1235597293678661,-0.018358463603661557,-0.11084592858177085,0.04219721171504071,0.46395663957556804,-0.09721549256339172,0.5674089746644967,0.07820700745897798,0.27452345318950677,0.5444914804676978,0.11235297538265476,0.5177969073533784,0.6783884362159557,0.6581560900748484,0.7871591567321378,0.6518867967006613,1.0989000598070604,7.254328619247669,0.5502104051355924,1.1128026052096986,0.5084161756123958,0.7580108440062616,1.0806516843033027,1.7558529469631032,0.8142908016254238,0.42804592401304004,0.8836598993572886,0.15885612164460977,-0.44568060290615846,-0.1696271163987043,-0.06539541467424723,0.30460672145598816,-0.22142220707826712,-0.8017210977351595,-0.36468722073008225,-0.07590839165116814,-0.11955354637799404,-0.39092431288022034,-0.2733327396319604,-0.10226020182026417,-0.18617959838777548,-0.11655300406936984,0.05898544083477977,0.3669531255771756,-0.33153043125964277,-0.14783223423220213,-0.5514064518904565,-0.28539333877302087,0.15172036167536365,0.30861767183197386,0.22127730528041312,-0.3991298992032852,-0.13970501262344515,0.4002055024549536,0.23219926769053986,0.24311220245696097,0.1937640894603581,0.33094511421456474,1.1411177949345295,0.4504378789352022,0.38933518543827383,-0.12266670269648537,1.0953846831543526,0.5885907584321519,0.6461718264739781,0.23424968913714542,1.0728297077805828,0.6875267066689349,0.11889777686075223,0.5404853519064268,0.30647014095462327,0.8534201453610898,0.29902595458652037,1.0723626048033459,0.09357689209908127,0.25401645125497485,0.7123101482613395
ROI_042,-0.08963948218893279,0.18815760609646476,-0.31910489850525964,0.2295704662105352,0.29463279150326527,-0.23084700434879238,0.2632968960890505,-0.09265548786496941,-0.34748688830272206,0.09240495461936851,-0.13074597723944684,0.15862406084046432,-0.2607857645865715,-0.021899521909899612,-0.09566317064667104,0.4237110603331222,0.22801836933011702,-0.2753769306013346,0.019341000439686555,-0.09306272385568279,0.010250473068821087,0.5385938853662866,0.2528194322799484,0.3443669050950486,0.1683743545900851,0.23049156376201557,0.2237935386981912,0.37372344999897095,0.18204142748376245,0.42403346122818864,0.40401040514056313,0.24516638366414945,0.6756107711912128,0.10999743270549711,0.48701880350738047,-0.06498547567908178,0.26251693832955314,0.23059178230306956,0.3564204205515824,0.2920186626189611,0.5502104051355923,7.254328619247669,0.8269024067902815,0.42562974144665017,0.589622953391441,0.6239767325344721,0.5781540144387995,0.4032314863746298,-0.043577478119349575,0.10729113433869339,0.16367582294823235,-0.03638773399462914,0.12805024298812182,0.11206757613505557,0.07683792551191246,-0.2388684066599606,-0.28206179018544547,-0.313922089194504,-0.14559518173024855,-0.25944714692903986,-0.3590266657593664,-0.519645189365316,-0.21998120616873373,-0.2425029234477185,-0.04137376814514643,-0.1276538966909779,0.025508696578588726,-0.2834951446934919,-0.019866940028198294,-0.32394178677269725,0.03411324636883661,0.18542038962693969,0.06507899426017635,0.019949044313776063,-0.1579024097972419,-0.09841183323635717,-0.05411377274918877,0.22569901456087743,0.20441861675981257,-0.05436096087536441,0.32942097263120634,0.25076181806199765,0.18244438331794746,0.453481454342447,0.02226010632009223,0.46194145470516024,0.11994703924103096,0.5436194543910968,-0.1805238641892775,0.43296197621771115,0.19700670804309725,-0.21874416753543077,0.20054399053202016,0.3709704173582317,0.5955337802876817,0.3001165371651562,0.3879638730633319,-0.2374390844808473,-0.07749500051153838,0.060773147274123265
ROI_043,-0.07059606977349542,0.11238807140785927,-0.44298918928786357,0.022987419740478736,0.3248190615497295,-0.3574942525586421,0.306273161491618,-0.31221657376403283,-0.3923927831165559,0.0705714519079027,-0.16504409685736543,0.05161149215730816,-0.28954600928535973,-0.044039372508318124,-0.032594670904146826,0.7138018667003947,0.35940474780193293,-0.34862738740666427,0.09001666013621941,-0.11260391670222125,-0.1332750891088492,1.041627146192746,0.33707924096580066,0.5529104399558025,0.1805975460895398,0.26385003380075234,0.28224992835995283,0.5255734315528596,0.10648968382800998,0.7347190551696626,0.12253186722932671,0.20861239894726794,0.6488976546277048,0.2926460058673571,1.0074864604678417,0.17172749066167295,0.42616965282558805,0.39948884975653,0.8484032511573854,0.6132939788933475,1.1128026052096986,0.8269024067902815,7.254328619247669,0.2910498409734972,0.6949369694207523,0.9118377395486853,1.2762879297463454,0.49817380999816785,0.0042741136499366604,0.31119799026149597,-0.035253033160958375,-0.25406572690103946,0.0731063073766548,-0.025003866895411845,0.0908616550642726,-0.5142945842415009,-0.5859925292209442,-0.5429467729631402,-0.05823793838787786,-0.3368594668843522,-0.3543950990815222,-0.5915353286495054,-0.1678907336833981,-0.37190313846538003,-0.06335591255374122,-0.0678084917115239,-0.052063392043442194,-0.2609595632967887,0.031218723765134255,-0.4399893144379206,-0.11350321435412723,0.23911481474444354,0.29636777246073726,-0.10852572151204283,-0.13719333334616488,-0.07955574883030839,0.07479058374942635,0.335794523572609,0.1642269903298635,-0.0314445154603697,0.5050059765919935,0.598300946074888,0.37064374819919177,0.5966037546459548,0.04382562014618133,0.8448626970621765,0.3186987914312533,0.7081402310376237,-0.13521079632280011,0.6507133425063819,0.34677249478353156,-0.2277712907667699,0.3444546588382201,0.2053954937701681,0.7965861635475688,0.09804492991916752,0.6193209932439665,-0.2859598964024764,-0.17055530479263498,0.23465912432897662
ROI_044,0.5764305495913704,-0.19728164719337105,-0.2402699243874054,0.17740678927366993,0.534662881660602,0.17774989970660904,0.8057569941348199,-0.4430376787448246,-0.24649334555917352,-0.44179718625839076,0.1616026732718495,-0.5406167111606063,-0.41669599945918817,0.07076193127540663,-0.011751876235938406,-0.03546177960178455,-0.3355184987578136,-0.45725408441354815,0.10036400636572482,0.4471833411511037,-0.4114485604752677,-0.0406383212907167,0.3057679862658586,-0.4244612399150992,-0.20967845849663447,-0.6171874153259872,-0.4323709954338296,0.06137772514575738,-0.12771674954270965,0.06205905039002299,1.09767971211331,0.8792663313751825,0.5751891302814522,-0.3913311869680806,-0.14085878535090643,0.25404549560217693,0.4013622424340032,0.5968871747803328,-0.03717337955383502,0.2763695633790379,0.5084161756123958,0.4256297414466503,0.2910498409734972,7.254328619247669,0.9700353190331947,0.9273771478862641,0.46202496603209614,1.015216738019757,0.5818675990296605,0.7308954978748504,0.6523127647625512,-0.1248242658351611,-0.14559135830022785,0.18450159928283408,0.7289396973125225,0.02699952266520759,-0.3925057774248043,-0.1074908768191568,-0.32739043598111,0.05241344664061548,-0.48513728173094484,-0.2634221071170054,-0.38782189186744453,0.08447783275929205,0.04204590675649489,-0.27655085550467423,0.7822222382741563,-0.20700533013491884,-0.31458481225635065,-0.45166816111103686,-0.2949872853145629,-0.022896385969790822,0.08808152264470599,0.5545436097004235,-0.7106130563525261,-0.3058700632565398,0.11917224776410942,-0.14668825549649517,0.9286175747037853,0.5242226102921939,0.027016917382791012,0.33654069356836885,0.3238564859772025,0.10080492926578048,-0.38971249701320165,0.3506295532032448,0.4659536265455926,0.271264866527388,0.05239159103823494,0.8267822552209554,0.9320684929349783,0.39732348655753913,0.30971276900951666,1.0361067335382017,0.6513770298862285,1.461633723210438,0.9810047469964475,0.32257244775151683,0.5425108304386425,0.7280998896870805
ROI_045,0.23413000922314858,-0.07384836662426705,-0.43617212288332635,0.08111495497595217,0.35726093810816817,-0.2810008292925226,0.4325967615433127,-0.5549497235104698,-0.48860858619492264,-0.20305905103770952,-0.13930194468948764,-0.33759185400253544,-0.6369548107551342,-0.13438089868355782,-0.21599204645368975,0.33386941159414785,0.05249944339242075,-0.6368276755736962,-0.06303094954365779,0.07378975504788267,-0.4520148360075026,0.4066947871296356,0.27155611348227077,0.0757581524927864,-0.051041205645714904,-0.19716919195822014,0.05474146354377591,0.3887367517186007,0.08116629397517387,0.21807094332541135,0.6696663120243539,0.4696504750683945,0.8446250437623181,0.09293792092501858,0.4551696184438648,0.24000407169837218,0.6852231930953092,0.3798998901824764,0.20830724800710526,0.288029093418138,0.7580108440062616,0.5896229533914411,0.6949369694207523,0.9700353190331945,7.254328619247669,0.9316340417734982,0.8486222013656091,0.8100964624620964,0.2064180174193013,0.4047259697981635,0.4014447894583407,-0.13459489655427223,0.0294725253986818,0.09708890328362749,0.34432249865351006,-0.406618294326991,-0.5667111643902842,-0.3541480716751016,-0.20656796393851368,-0.3052342926436758,-0.5666699032109007,-0.5973581638758099,-0.4911275988978992,-0.3462804322271779,-0.0964882264015051,-0.3979798387650599,0.28686861277359366,-0.4823935833464754,-0.029751657193674785,-0.5444564153938038,-0.2439049311030353,0.216323601754035,0.19643326991969196,0.35699751527271834,-0.4149549888069905,-0.1369612061590716,-0.005729760216483831,0.0935851666955218,0.6960010236056191,0.18795945748655474,0.5051354106693232,0.6542333193758562,0.6637738840786753,0.5354060330124034,-0.0037420511565396577,0.762765697591956,0.5991490826388017,0.6909222443758075,-0.006123917163636799,0.8545320735124426,0.8609153266275877,0.008350439453576447,0.3960257553232498,0.7488320795336452,1.032103610894585,0.8392714979436456,0.8552432953070606,0.14114070596573938,0.07666811390197044,0.38399270527816975
ROI_046,0.15748698699212937,-0.062095330437025344,-0.3428288293462143,-0.013592939257993172,0.43741119316277777,-0.07057512230192466,0.5946115663517818,-0.49977588689750974,-0.34490703696096875,-0.11503160033989862,0.008952500578349561,-0.21192780276903414,-0.3750000555033516,-0.034387497225525435,0.06946787476911659,0.28325912712370355,-0.10570594402643603,-0.5537352494976625,0.008200181273078333,0.25276801129374266,-0.24043154758107294,0.3571613878088693,0.19134783224389565,0.05726880549351534,-0.04595733891386577,-0.22450640129312927,0.01927786474845518,0.5191905314576105,0.050904828159563785,0.6935941520934836,0.4020372139156267,0.5788179460955512,0.6136263725006801,-0.18074364944979066,0.3435451004907439,0.2568313912868335,0.5970168057271086,0.7831146911084563,0.5298864404145546,0.6020055926772441,1.0806516843033027,0.6239767325344721,0.9118377395486851,0.9273771478862641,0.9316340417734982,7.254328619247669,1.130471084722853,0.8511017620008579,0.2889130134250855,0.6852082171599878,0.22941354117405902,-0.1789649895174004,-0.002425741827041225,-0.013645520353684703,0.44573486851887284,-0.2024130228859358,-0.574155018456283,-0.38847025527233797,0.011642425869516856,0.046771020054794936,-0.2185665091639863,-0.3284658779027557,-0.07110258430497406,-0.06019253640879344,0.1297481178205158,-0.09274009000858834,0.34280610262467165,-0.1756196733783907,-0.10836519283020064,-0.5660369695203801,-0.16175447712611757,0.2674071793104841,0.3749284734782262,0.28910692312426384,-0.28153803957543794,0.009386514908916448,0.24177907975336982,0.2607675443780075,0.6405262692690855,0.3698560838701472,0.3857621779214006,0.6425817649081307,0.5538898336547752,0.4591183724432688,-0.05331156382386638,0.9200197128882155,0.5428420435330651,0.690924594057696,-0.02534388019347533,1.2524649134018229,0.8567740547082411,0.25867179381702293,0.6839803528641535,0.5740328708837367,1.0843297413149,0.579622384429096,1.4865953037781081,0.18067885202198686,0.15699460234616336,0.6705142072884959
ROI_047,0.036821660282019164,-0.1350617923769942,-0.5024044571250883,-0.15239966669338548,0.4163938107960722,-0.2244915310099261,0.5384947520791475,-0.6081084491627508,-0.3250455841938303,0.018006319317632278,-0.07739675565292858,-0.07751060014452145,-0.28521225071152145,-0.07906840766947891,0.029531031481823,0.5267699055876243,0.09529928066755355,-0.5185371887383169,-0.025592635367320062,0.1731812134485735,-0.29532984295921516,0.7289590002236073,0.2695826243378041,0.3045823425438586,0.062173423762868794,0.05386563941643722,0.20209534524207634,0.6350462544967869,0.03037380499249422,0.6501011000129556,0.06350617149267056,0.27595576672312033,0.6023865652276104,0.17826474677877627,0.7332761102625822,0.5006207667426983,0.7012331746492946,0.6190588938239269,0.6676254785486188,0.8770928614753014,1.7558529469631032,0.5781540144387995,1.2762879297463454,0.46202496603209614,0.8486222013656091,1.1304710847228525,7.254328619247669,0.7710018612661096,0.24238450992415203,0.6513628335023426,0.0920968384857917,-0.39443823269678824,-0.0917753967932046,-0.07831420096791479,0.23490091739617022,-0.38760234697153667,-0.8317341115481676,-0.5231935480531696,0.02097342538108968,-0.19814039141547984,-0.31196920470865214,-0.4165247202762837,-0.11659806433595228,-0.3358750692879477,-0.06659696502066588,-0.0385556491182144,0.1800976723317925,-0.33410738917257987,-0.03637276653822878,-0.5734262615143143,-0.2168391621448884,0.24623819405205874,0.31603577637948616,0.11205427977039091,-0.24372912504788988,-0.0041837986548610715,0.31355125142680557,0.3912529618942605,0.2561854869894575,0.1237508889712446,0.46477261650835977,1.0054214276348987,0.4932738868307543,0.5261160137603411,-0.002094461921403206,1.1411259980519113,0.5685508942559634,0.7827905389791213,0.11078276121192888,0.9205197415203317,0.6059679816857539,-0.014291187564441084,0.5041058071158975,0.25884654442732047,0.9276713097214593,0.23789589528030838,0.9624014707191347,0.010648632426322696,0.06487233446869682,0.5573492098072865
ROI_048,0.6042916098774165,-0.2983653141015141,-0.18373036872976642,0.11914216441414037,0.7649035357967265,0.2476567210674869,1.1265358633083806,-0.3959117743009625,-0.15049254450079874,-0.1921725073946779,0.3434506476260301,-0.27321959451186323,-0.16185496768395718,0.28455768174573337,0.21799622259784598,0.16341947031038723,-0.28018007705059617,-0.4298140749343006,0.144152353658291,0.46012215516760735,-0.26390378031378536,0.17762773495390383,0.5967422394993256,-0.2938587237962,-0.006383792913580881,-0.36742357286401794,-0.3370985921141855,0.12865569138063873,-0.10704380890281755,0.2098177537910236,0.5550547669499258,0.6583549557906121,0.5744220916072038,-0.24843110903463342,0.08825089778572591,0.4167457668271785,0.4090620813537657,0.7002729760683682,0.10960886569239726,0.5579668509551692,0.8142908016254236,0.4032314863746298,0.49817380999816785,1.0152167380197568,0.8100964624620964,0.8511017620008579,0.7710018612661096,7.254328619247669,0.790258763433427,0.9130125622378285,0.5086178383106281,-0.38176700027058896,-0.23639640656484165,0.1627383944681724,0.7653647041394361,0.055497501143413716,-0.6393516407649799,-0.14112321296488456,-0.29460151415234076,-0.02725624515891694,-0.530757731536103,-0.22372759199174425,-0.3004687265241037,0.04235780601191717,0.01346813634546932,0.03128724024821613,0.6971785027975296,-0.285585753288908,-0.42642846360950154,-0.5460692709790865,-0.2739245210541042,-0.17288307401296235,0.049597422249052815,0.2961690608156807,-0.6856208639327843,-0.33518480580820414,0.17909284615379661,-0.03647643411096658,0.4615924696985073,0.3759120212077379,-0.06626753644979862,0.4386899247428411,0.11522040884918341,0.09191689020592549,-0.5275618452794603,0.39032161972244783,0.46795973954536435,0.2865188857529994,0.05477305536757036,0.6472390381877037,0.7169971493577608,0.16553579550489383,0.1638376061107742,0.5528509452029835,0.5085470555913089,0.7890206835322093,0.9632242431490138,0.21115607752030865,0.6063123331812086,0.7915850661798839
ROI_049,0.6540572583760786,-0.3366440141721265,0.11785712654566578,0.12749652792673394,0.8962155643929217,1.0275590209445435,1.3614265029863395,-0.12764480657907668,0.4740341231307445,-0.39986836977469264,0.5536837122210575,-0.3766340988683613,0.33626723847640483,0.649905274449309,0.6683976839368616,-0.09519381108725997,-0.5410813787183867,0.030099476220074566,0.2474070850391231,1.091438033943301,-0.11080934426959091,-0.19983249032469186,0.4866904825976291,-0.7934144883596393,-0.1631470557926646,-0.7538558879605562,-0.7024926511557836,-0.2627210540649784,-0.3319711374169389,-0.04078351180363897,0.2765255857055073,0.4035155759376329,0.1427004513932598,-0.37200074365928837,-0.42897012498311,0.7732390057537387,0.09908139538370989,0.8398147414380053,-7.703541160429328e-05,0.631194492921381,0.42804592401304004,-0.043577478119349575,0.004274113649936661,0.5818675990296605,0.2064180174193013,0.2889130134250856,0.24238450992415203,0.790258763433427,7.254328619247669,1.1279685397326749,0.5196821141764452,-0.3189892414291909,-0.30648288983525374,0.2772821701620328,0.9541946517097363,0.669951444724765,-0.17436795240319355,0.413599814428441,-0.2956767996468369,0.2969350865218597,-0.29298135514165413,0.3699932629765304,0.02478238056482755,0.603873997482338,0.10963148987020593,0.43343197221149304,1.2820119650907462,0.05109975723350818,-0.5762129488306509,-0.17003891092212822,-0.18931186740410802,-0.40901589576429814,-0.10335759912453837,0.4517983859657995,-0.8014919872437885,-0.46778817928786914,0.4407514794810723,-0.40897600507299653,0.1980479746449061,0.4515867354826396,-0.5670600139536305,0.2714065516175284,-0.20733616210354452,-0.45131454810482247,-0.8225037983038799,0.025782553561682468,0.17950377212439797,-0.22717690805439322,0.40859095757236397,0.3486166725563675,0.46610800012536674,0.49610568816048795,0.10275866100468185,0.33680148813367045,0.05252549246365098,0.5239598368131391,0.5456680155471966,0.37851573536832545,1.672772234490492,0.9039757866734514
ROI_050,0.4448520921363508,-0.46672073768233713,-0.19972369902870182,-0.1981493130290129,0.6161927404301285,0.48827306034262513,1.2768238372833995,-0.5215190607461906,0.13581531866748445,-0.3892367217711279,0.37717443421636254,-0.3891802800572702,0.09510502463941133,0.3374241843281337,0.4392417517535584,-0.0391500733015478,-0.4120399775705891,-0.18348601115427263,0.2314500104667394,0.9605467758798509,-0.27350022334276186,0.0397166827472084,0.44574127291549576,-0.48982924805296146,-0.1503451391952555,-0.5579504263059818,-0.5711307062500698,-0.029609420514857276,-0.3836199567755232,0.1898592192334405,0.21350948738109113,0.5052426861248369,0.24574672517377918,-0.29058224456212783,-0.16541387445503533,0.9228973740035056,0.3669800221603491,1.0963064153676025,0.17389610873932618,1.002823919829287,0.8836598993572886,0.10729113433869339,0.31119799026149597,0.7308954978748503,0.4047259697981635,0.6852082171599878,0.6513628335023428,0.9130125622378282,1.1279685397326749,7.254328619247669,0.40076737839942034,-0.49474557402789593,-0.4122558825324719,-0.012708724650936047,0.6443009633740562,0.2371198181939766,-0.5476476292984102,-0.030772826572658712,-0.18638664428654375,0.2664360277525346,-0.3151729769859508,0.1316595073634462,-0.009835152693655142,0.2938735453309725,0.0629706555611251,0.24316061068450562,1.0451395587503116,-0.0010330260670392867,-0.4345149352563528,-0.32560200202743533,-0.3349537803448568,-0.1439311881872328,0.1902042492073479,0.4625922921921829,-0.7193608757970428,-0.32185384047339277,0.6095047874386832,-0.11316572592564354,0.3401855888481064,0.5423587129148609,-0.2501404214079814,0.618542767184545,0.11163666566607454,-0.16217174403724718,-0.6534665246255857,0.3929068974268809,0.5209344534463494,0.055533002986482706,0.41685395489573746,0.7568050666261265,0.7251969999855601,0.5584791134775415,0.322263501196172,0.39941655023195116,0.34835542894256305,0.5120595778498919,0.9645095476727699,0.30263609479763703,0.9829434891536252,1.6341673497832616
ROI_051,0.6331290599126229,-0.06044486787030969,-0.11275100446301006,0.11105269967835282,0.36481941185723166,0.3000022796182386,0.45242546526642663,-0.2210789422194259,0.013087758752811401,-0.2154296174926305,0.07440163243587258,-0.19318053973899305,-0.2197621461139601,0.22313079343632267,0.16976855621208325,0.08011373485335482,-0.27636192174570406,-0.162922811317221,0.10184405817488885,0.3796639382958782,-0.21466288791930327,-0.14550744825829834,0.3025068183066831,-0.4414613145253793,-0.26309114424002034,-0.4785488006863024,-0.3993244105181771,-0.12877629741403157,-0.16302021030207034,-0.15296353532191426,0.5750455159396765,0.38080986619941,0.23485217283052837,-0.08618411856109899,-0.2175431668314409,0.14262658728155309,0.13184865999307643,0.2248006387852521,-0.358919029174699,0.06659647374792042,0.15885612164460977,0.16367582294823235,-0.035253033160958375,0.6523127647625514,0.4014447894583407,0.22941354117405904,0.0920968384857917,0.5086178383106281,0.5196821141764452,0.40076737839942034,7.254328619247669,0.16286555707068276,0.10638633844211999,0.4140541201958872,0.4711660980251973,0.3299587210904819,-0.06226532569524657,0.14639437983552803,-0.027484972492415716,0.1633068214974484,-0.243024991658225,0.04304734390423762,-0.07881908268939238,0.3325440909852183,0.2269197178323652,0.02826506627301848,0.720806132692547,0.06966347426921143,-0.10050815454514972,0.04946595854755468,-0.028461641739710844,0.0838089454989619,0.25141742787093657,0.46049907076468705,-0.3170733719190596,-0.06284748357095742,0.1933893206620762,-0.13927622408544546,0.6367081602453211,0.6589481166904323,-0.06569671020626337,0.18906797928061228,0.22856556231377792,0.02804966330470614,-0.22899301457446877,0.1419843465879574,0.2601567110851031,0.056305061146666335,0.03285922642969667,0.32429394876921686,0.5853345508707897,0.38334778557227484,0.10256300119827959,0.9527933776451328,0.3055719155589683,0.7159922455031963,0.37245932642869983,0.34103093702939413,0.5691062584171939,0.33802331961228305
ROI_052,-0.10530696892386104,0.9330644873800044,0.3524552259844618,0.5028468973242807,-0.039318878774800045,0.0022713557879448757,-0.4396674779869265,0.5960664844718325,0.16906410045889006,0.47001485093085515,-0.02867636335575229,0.45491826236285143,0.04219450181494437,0.032955486960176764,-0.005649417306397519,0.1928893451328609,0.29037987803525167,0.36151193855957753,0.2040766125716665,-0.2249004264962877,0.38135173722908045,-0.08453246659457928,-0.12285183150359111,0.20217742347398587,0.10395855602869891,0.1102756068153409,0.30737982930630725,0.11497158890134535,0.36173597529870777,0.03753005896392143,0.0696634064211211,-0.07275366328998369,-0.21466375203600363,0.17104754058275165,-0.07891737069516663,-0.5298758891190962,-0.09384141950351277,-0.26839768557724253,-0.1325741896700482,-0.4974786465141763,-0.4456806029061586,-0.03638773399462914,-0.25406572690103946,-0.1248242658351611,-0.1345948965542722,-0.1789649895174004,-0.3944382326967882,-0.3817670002705889,-0.3189892414291909,-0.49474557402789593,0.16286555707068276,7.254328619247669,1.06500367968282,0.5067399194522542,-0.0004998783770978037,0.2798480375217068,1.0047736294470475,0.43447068705407554,0.5130599031043946,0.23571400525381492,0.5742585194159469,0.2412146114886899,0.31488770482362965,0.320611239472913,0.49649566937396633,0.07114105181638843,-0.2154354589844741,0.3362237213282347,0.6704313825502941,0.7572512119838258,0.5184635180881206,0.4536110665546695,0.3600166098982316,0.10213611953018066,0.6810193889631814,0.4921338068080403,-0.0944350145835745,0.2895823231334646,0.2308562149386884,0.1495563544136949,0.22633189434706782,-0.3243093323463739,0.1607548571116627,0.17151191410036154,0.5095493247338931,-0.15568363508888214,-0.07615765877027895,0.04693679431706875,-0.21198292526368112,-0.15506868359165873,-0.10892960948083144,0.11366229816752936,0.23695459641352515,0.14594791870154417,-0.00701883958418565,-0.10090716680814919,-0.28962195767119003,0.04223220640137285,-0.28954733780098413,-0.43997483377486846
ROI_053,-0.07757884682555069,1.006698289271957,0.35110967138658017,0.6022946142906923,0.10384162838901036,-0.10342231378440939,-0.35479348251891996,0.5646392936660493,0.1855635747338909,0.5342385513983225,-0.10982506278084517,0.5837683748885557,-0.02110941295408175,0.1296961188454889,0.08282267013522829,0.6360762152362938,0.5754820885789033,0.37046205996837184,0.16673536633957045,-0.27673444118788876,0.47331967333235214,0.28273441458964715,-0.01564223891520252,0.3931250759609391,0.06682513888606388,0.19642042306891475,0.4616337359483538,0.20070904223883873,0.3482207548841763,0.2929616966818558,-0.004448005334329423,-0.0992294839313588,0.013230141421290252,0.431166455089094,0.2700335918335598,-0.40827401086382686,-0.04523426431078661,-0.1537542333712915,0.15146651675995057,-0.3436855236739246,-0.1696271163987043,0.12805024298812182,0.07310630737665481,-0.14559135830022785,0.029472525398681795,-0.0024257418270412254,-0.09177539679320458,-0.23639640656484165,-0.30648288983525374,-0.4122558825324719,0.10638633844212,1.06500367968282,7.254328619247669,0.7335101053058248,0.014904539070191323,0.1313913187301171,0.7546904798653402,0.323406460358488,0.5849808278832439,0.041363615276218645,0.44686148592949776,0.07799456955095507,0.3726156382622231,0.25210644552915246,0.6429580642211443,0.14809400027548478,-0.3198698353368491,0.38055550172746727,0.812696692899068,0.6292135113554689,0.6703229839877819,0.442006789862871,0.43249297493860356,-0.14403024695238437,0.6380735893399192,0.45669170430920886,-0.15077660177241603,0.3275442039288778,0.17417433185551026,0.001309506634805425,0.3600027483862616,-0.11888960035787387,0.21053414906466514,0.3132731451472208,0.5344649514248346,0.04034100374192824,-0.05401537302698293,0.12146164747180488,-0.3130288994541189,-0.08887086019718203,-0.03940044050632062,-0.03718528280371097,0.2654833153052772,0.09045625037908354,0.10916168619178333,-0.19024248921208003,-0.19007756957261443,-0.07572425224114684,-0.3979391709163148,-0.44467909085959423
ROI_054,0.3063887024659447,0.5615763822417094,0.3423198887203311,1.0040796687898332,0.7051478607768492,0.3625156010693158,0.1824299809896543,0.418589828096248,0.27481660353800225,0.02314168349765549,0.04243040962120872,0.125506753069376,0.012218602682134884,0.35646627139285353,0.2565273560885401,0.5327036389641349,0.20506742180741416,0.30125888703170556,0.28868194401637964,0.12027810821474351,0.2792703424687661,0.15936683622063352,0.33671108778803055,-0.1654509100275953,-0.07227215423850823,-0.19236503078633077,-0.07113243112478819,-0.15753622158958583,0.055768798253104705,0.024161311027899122,0.3338719940770227,0.16336979830308393,0.1906399393633212,0.22008313630847853,-0.032212303822895444,-0.08126210030278323,-0.20451108588820596,0.10268898019501754,-0.06145228584354468,-0.20175639045437618,-0.06539541467424721,0.11206757613505557,-0.025003866895411845,0.18450159928283408,0.0970889032836275,-0.013645520353684703,-0.07831420096791478,0.1627383944681724,0.2772821701620328,-0.012708724650936047,0.4140541201958872,0.5067399194522542,0.7335101053058248,7.254328619247669,0.4770308505947326,0.4053436079124537,0.545119445812153,0.48511983421377075,0.10940907721473636,0.005726010028271385,-0.0018485095487726152,0.13737034652124672,0.13046911587318819,0.4799604091495148,0.5265819074927317,0.26492151605761377,0.14268783415899078,0.23725963972446798,0.1653797681819942,0.38713661234596036,0.3479833236439545,-0.0527441773601485,0.09525908272584957,-0.10264556071124509,-0.02139159373037578,-0.04092235496942396,-0.11831733885126273,-0.06040518629071183,0.2880082401435491,0.15039023657342906,-0.14894777466376308,-0.12102707588321923,-0.11054348462625337,-0.15667343800983882,-0.08075413145571635,-0.18313509602265168,-0.136635829656736,-0.20510752200967672,-0.2481875094460917,-0.15127946253700753,0.08684621933332864,0.1469190438864383,-0.08363135936423663,0.24957306178449132,-0.04556448498266583,0.11459338715069303,-0.10274554712424547,0.0052957154563087775,0.21869937589126195,-0.17272009997812862
ROI_055,0.5662861060306142,-0.011573235782832172,0.14819855427597406,0.402940522854527,1.0730634163366286,0.7076344885350749,0.8768349410563726,-0.01699470793292918,0.3007167053338442,-0.2176949588515881,0.37543201534091863,-0.29512100333437413,0.0958769277603471,0.43737906281718014,0.45137759174547265,0.03985641940092118,-0.4196678762827458,-0.13078911386411263,0.1967103378700954,0.5671631686468928,0.013086636442695698,-0.14311801739617974,0.33747232599865845,-0.6132498272157634,-0.08671717746072023,-0.6422599955194941,-0.4362769090120074,-0.10385708140130075,-0.07789658214650519,0.06327319573541103,0.48341784424145634,0.3777320866474727,0.29984986422780924,-0.4398833644909135,-0.2862091226854858,0.3250202337382431,0.13545182854421353,0.6369767104153813,0.10024686902480721,0.2995104805115051,0.30460672145598805,0.07683792551191246,0.09086165506427259,0.7289396973125225,0.34432249865351006,0.4457348685188729,0.23490091739617022,0.7653647041394361,0.9541946517097363,0.6443009633740564,0.4711660980251973,-0.0004998783770978037,0.014904539070191321,0.4770308505947326,7.254328619247669,0.4717887118216942,-0.023647317226880918,0.386972827106909,-0.10943565948791309,0.23987388226252665,-0.1532642618045926,0.19043810948991657,-0.002613442481617768,0.5082101962162549,0.2598580085380181,0.2359464659425742,0.7296406966218877,0.013624261583221189,-0.3996555167245775,-0.22023362761915669,-0.047133797245437536,-0.2065653993850011,-0.06375568850070394,0.38757797748266254,-0.45942387858419687,-0.29413229293897586,0.19167331824714307,-0.2139791101187887,0.4526361427745922,0.326042672251344,-0.2993698721469532,0.14380731932210897,-0.026924091543188696,-0.18613634606086443,-0.45484664596147883,0.0868757888952077,0.13567526874358812,-0.038349204117812556,0.043821271294538174,0.40200103710410473,0.5362062429021167,0.4199010542385739,0.24755653365706762,0.37504685200017746,0.2556656459731271,0.6475285994732823,0.5687431414190057,0.3122294426816757,0.770180582234864,0.5646171025457837
ROI_056,0.259206840184184,0.13400238143021767,0.6719438878872833,0.2938492225601442,0.3662303873341992,1.3409055726518722,0.35532536773515094,0.5512244593226785,1.0167134347913327,0.047958143248660476,0.6163224896719843,0.11623022366806543,0.832999824503514,0.7890492047017553,0.7788293623577733,-0.23126166817387594,-0.4010883900252627,0.5714947300140731,0.29166779190401915,0.6801590171655344,0.41972523054329386,-0.557623583383472,0.11548417214267392,-0.6197228210980172,-0.1151877891487826,-0.4594372739640546,-0.35942880453141335,-0.40722346805919357,-0.0969919446479057,-0.12967302541210948,-0.016430843536025717,0.11144666915942346,-0.3132652297936762,-0.36624644049576244,-0.8149006773305634,0.1445118480688305,-0.3113802243371956,0.30319592322411193,-0.17056637038920433,0.12312165211409148,-0.2214222070782671,-0.2388684066599606,-0.5142945842415009,0.026999522665207592,-0.406618294326991,-0.2024130228859358,-0.38760234697153667,0.055497501143413716,0.669951444724765,0.2371198181939766,0.3299587210904819,0.2798480375217067,0.1313913187301171,0.4053436079124537,0.4717887118216942,7.254328619247669,0.6097488071115785,1.1349542010665854,0.10678491857695335,0.5482176792726998,0.296356624577271,0.9301454902079188,0.5346893342033959,1.3453086423164213,0.4575871687556057,0.7574416656033742,0.5606764223362001,0.4995596942454923,-0.15670768858670855,0.43642517679772963,0.26806229511575574,-0.2914299107953819,-0.10612307588866632,0.2664863394415039,-0.0856318090943092,-0.09140607267251195,0.2642509064646923,-0.31126944129172435,-0.08856350449643748,0.3447704499498164,-0.6633889488838729,-0.2850247519741453,-0.47087198688831977,-0.6169062794383295,-0.34750742298742476,-0.3980902711649257,-0.20784552920946311,-0.5904587436154058,0.25579026912177455,-0.14665194391972733,-0.10182402580585274,0.41423506199728516,0.04718119468397739,0.02067691751200078,-0.41274047269066905,0.05208553824780247,-0.035645729080694424,0.2917197560287631,0.7453885359801113,0.21688268940217983
ROI_057,-0.139704842117141,0.7328376146466169,0.6930912079867374,0.5297281015804991,-0.06772477246417583,0.34291122410699953,-0.4332625522717911,1.0921335758930535,0.6423488748043946,0.3497150578369236,0.13325330115647815,0.43491363471243394,0.456419801184366,0.2898550629067023,0.23078027530405018,0.010278035565634168,0.20562638412957454,0.888768065558613,0.2616611969000294,-0.04437237114400173,0.6799110251953233,-0.29807696524407634,-0.21340554540519951,0.004993822966180344,0.11256995588876718,0.027114919368667355,0.12922066464544982,-0.2573146101463901,0.24493549763967173,-0.15963840501468454,-0.10913782635135788,-0.23422930741027775,-0.4367339331891011,0.11377498460996746,-0.35719351484725365,-0.39410835475723277,-0.45341502373836035,-0.29751921507583645,-0.16677055931715057,-0.5189832067005179,-0.8017210977351595,-0.2820617901854454,-0.5859925292209445,-0.39250577742480425,-0.5667111643902842,-0.574155018456283,-0.8317341115481676,-0.6393516407649799,-0.17436795240319355,-0.5476476292984102,-0.062265325695246565,1.0047736294470475,0.7546904798653402,0.545119445812153,-0.023647317226880914,0.6097488071115785,7.254328619247669,0.9121290900764307,0.36777472635835556,0.26971011856264515,0.6097845295417244,0.5681764183637283,0.49783489065205233,0.6323433874161829,0.5355200067919181,0.3252745392103013,-0.18546143695220546,0.6296881419025562,0.4300641202954793,0.9885900720888053,0.6354871745352539,0.0436464328192726,-0.012551324729737919,-0.05955389049126606,0.5434000941759106,0.2343339595005077,-0.10630549716328284,-0.07685102370128845,-0.15256131001159834,-0.049666277245035424,-0.1823132302718231,-0.6140261974904445,-0.2885089373112785,-0.2580031767724381,0.23319107588326898,-0.588914928190329,-0.4085173707497132,-0.45879319949282815,-0.050847442540249733,-0.5665183040344196,-0.5130256847156478,0.09313116782496056,-0.0454409992990132,-0.20320914332312356,-0.5063219297051224,-0.32232075646133457,-0.6224017932272613,-0.03124344300889044,-0.10970231501820517,-0.5181746412592768
ROI_058,0.09518524932847815,0.29734540262139647,0.7533119944557423,0.4151413314782476,0.2445184200622815,0.8387969121190305,0.07235951075714367,0.744998584724038,1.0828759434080146,0.08283323113656292,0.4551622527872873,0.09656847583405762,0.6826661034919338,0.5926501352928631,0.5454951409969111,-0.15120198026653886,-0.13026863457113427,0.6764589356808476,0.22476478427498614,0.4281214700366472,0.4033237612746823,-0.4384675753866774,0.05937898985572726,-0.3845242595744027,-0.046971689218418544,-0.3437679778465842,-0.1641482048680966,-0.3551884009379303,0.03667566390658557,-0.24244573287978932,-0.0413914897893469,-0.08028049838982053,-0.2996475928595957,-0.06363223678050757,-0.5558573761312123,0.11566314281723983,-0.26939821838026484,0.028006101576637438,-0.1295413087256504,-0.1048335146534307,-0.36468722073008225,-0.313922089194504,-0.5429467729631401,-0.10749087681915681,-0.3541480716751016,-0.38847025527233797,-0.5231935480531696,-0.14112321296488456,0.413599814428441,-0.030772826572658712,0.14639437983552803,0.4344706870540756,0.323406460358488,0.48511983421377064,0.386972827106909,1.1349542010665858,0.9121290900764307,7.254328619247669,0.12132680996257705,0.3281237389519293,0.2635462474188079,0.8404823657587106,0.369307316642436,0.9160247888220896,0.3696693122643246,0.53549115976706,0.3676835001117432,0.4563723883390027,0.08795969862650387,0.5924074320982711,0.3320531812350015,-0.19762866461427878,-0.13030751530973195,0.26161028874845765,0.044105456616802555,-0.09823288740883096,0.12217694670708922,-0.44669848916228405,-0.1451408737273912,0.08650755698902762,-0.3588736784334645,-0.2343333558148037,-0.30876052840823215,-0.39612827793779676,-0.08600469643005135,-0.3984224397079471,-0.17846899517277906,-0.4750619751627816,0.32533297077010015,-0.23218485057556956,-0.23247557192068047,0.26160064130688904,0.10104457900278463,-0.07050774589574284,-0.38004042466759214,0.003327503090696245,-0.21038479658252232,0.29083780119353453,0.45194297453874044,-0.03666618570251428
ROI_059,-0.31071120584672746,0.2575860810415799,0.1340969255427404,-0.1523235984081969,-0.2081799750403564,-0.06137440804147827,-0.38685139076499875,0.08509405379847268,0.21774122935832843,0.7075757060798971,-0.01636457440272309,0.614056916620878,0.10599072339104332,-0.05992091328357355,0.24939634167151917,0.26045370016264974,0.25197747347469623,0.15618966505301168,-0.08744587852514023,-0.011261555496878661,0.41515894793875935,0.15692398268992078,-0.3168542477114507,0.37218514284043097,0.0975744831806217,0.28759148622108943,0.5377624008999531,0.4729968121873767,0.46250051735298214,0.45924329195867364,-0.5942374688966264,-0.3022650278981538,-0.34986444588506604,0.2639435367112459,0.20732314437046134,-0.10843336736647291,0.1416338115991859,-0.12222851798201817,0.16197828374304588,-0.06351573250396177,-0.07590839165116814,-0.14559518173024855,-0.05823793838787786,-0.32739043598110995,-0.20656796393851368,0.011642425869516856,0.02097342538108968,-0.29460151415234076,-0.29567679964683696,-0.18638664428654375,-0.027484972492415712,0.5130599031043946,0.5849808278832439,0.10940907721473636,-0.10943565948791309,0.10678491857695335,0.36777472635835556,0.12132680996257705,7.254328619247669,0.4877121814685424,1.0577205703910877,0.46977490488144213,0.9729413119742502,0.23142047570050997,0.6135131474244283,0.37940966140481824,-0.21321101257670533,0.5434045217886917,0.8304279187691701,0.48153705825227244,0.5741991118881069,0.8187507390813397,0.6060929207043151,0.05466435115677644,1.0503784362320472,1.2320757125088422,0.33550368788402085,0.7281263280087747,0.0092380112442839,0.13607315469478914,0.37073769210997565,0.1464807821064783,0.33003434764159717,0.36213592885586193,0.7253885241023045,0.28078051530168013,0.06408241142856237,0.23857209490603246,0.023657186742692033,0.008404586917264142,-0.05464544674707316,0.28697853398469764,0.4395428567014779,-0.13023246669154612,0.16358092202115593,-0.4305058296184949,-0.023155278698142445,0.23733060461470637,-0.3243712098583029,-0.17493654131457748
ROI_060,0.08559730364295749,-0.10643692924209476,0.29337371085888636,-0.14071963984692198,0.02475159566378543,0.5409735112941966,0.18744751220863806,0.07077379535758477,0.49059967047009373,0.12421569888706493,0.371452223903328,0.13582884373712498,0.40615372024751,0.29861565983527744,0.6661924035951597,-0.26249057458714636,-0.2717974112254639,0.20938179774903218,0.09807850555317352,0.5537594217349618,0.3140263179065571,-0.3025988900816849,-0.11375733696898248,-0.306021425930578,-0.010516960871080592,-0.2275941075752926,-0.1740447086404042,0.07404195525078885,0.019844327876375807,0.2732835609142074,-0.16360374926259952,0.0190773895255603,-0.41113025668961367,-0.31443821508994657,-0.44259667145212805,0.13676526104103834,-0.027027547280959432,0.33223818621714085,0.019234183788707743,0.16115692350291047,-0.11955354637799404,-0.25944714692903986,-0.3368594668843523,0.05241344664061548,-0.3052342926436758,0.046771020054794936,-0.19814039141547984,-0.02725624515891694,0.2969350865218597,0.2664360277525346,0.1633068214974484,0.23571400525381492,0.041363615276218645,0.005726010028271385,0.23987388226252673,0.5482176792726999,0.26971011856264515,0.3281237389519293,0.4877121814685424,7.254328619247669,0.738585504273153,0.8330198467502964,0.7144908970905078,0.7213074787536653,0.5132847533839,0.5214182971067275,0.4261095522063763,0.5850454989463757,0.0340145806398666,0.2563780720956975,0.3208352939698352,0.2864960336020802,0.3123267557906155,0.4412672748759952,0.246911260119924,0.4264889959069736,0.5637249912381094,0.19640789606117337,0.07584713286211821,0.3067299520890811,-0.2769890297271602,-0.07096948031631453,-0.05337314366738784,-0.1900485601619709,-0.035691238801424816,-0.06293691065424083,-0.0015440307267121998,-0.1837938634219748,0.20666196403808423,0.08597611478672096,0.16764095192973047,0.7326126379868632,0.3117977089354379,0.04431895487453645,-0.032990600689890744,0.005630571640262443,0.16431203588237275,0.4837311503127417,0.3886875825728056,0.2890633652135425
ROI_061,-0.3026550325648829,0.28199633906278104,0.39818085290177735,-0.09138896877601772,-0.30951572655654863,0.10055349742501155,-0.40085383488235005,0.3565088427447885,0.43760334061514405,0.6487588997446949,0.1329898377665523,0.6446376267947385,0.4048259019199867,0.06826065013475296,0.33971033071090023,-0.02927720408811317,0.10299763838546161,0.4258723979558443,-0.020920827734450677,0.004641202691689997,0.6215244361530468,-0.14195760094077078,-0.45838508016525004,0.21319412691883835,0.1458082908778378,0.2740746381904751,0.3889292765933982,0.3041464277852042,0.38340901311064984,0.39983390226122517,-0.6408319004297917,-0.3738347069715891,-0.5543870204121933,0.011369860076297422,-0.1121967058650284,-0.21360433487170294,-0.11927351003802758,-0.1338191118956945,0.1147657245032238,-0.15869751363882736,-0.39092431288022034,-0.3590266657593664,-0.3543950990815222,-0.48513728173094495,-0.5666699032109007,-0.2185665091639863,-0.31196920470865214,-0.530757731536103,-0.29298135514165413,-0.31517297698595087,-0.243024991658225,0.5742585194159467,0.44686148592949776,-0.0018485095487726152,-0.1532642618045926,0.2963566245772709,0.6097845295417244,0.2635462474188079,1.0577205703910877,0.738585504273153,7.254328619247669,0.6578424520078666,1.0935403857183663,0.357302622162969,0.6031742947722248,0.4464378666343702,-0.25892132479713037,0.6300856593665343,0.5210484397770002,0.5225889497911907,0.7115920391684742,0.4286745055736225,0.29469292509571354,-0.021061833071145532,1.0618390024893087,1.031024566696034,0.25624652805674947,0.5589818011817312,-0.24547521773687145,-0.006262746819064342,0.025892053989855182,-0.2590973486041907,-0.03927632928375151,0.03554406920884129,0.5142761326104245,-0.11774298004644528,-0.13188284780680934,-0.037214993029354285,0.01099776926562953,-0.24918306840001522,-0.25380794468165535,0.24395909688374212,0.2673094054472129,-0.3758239180306835,-0.20103773485851728,-0.5418861154901801,-0.2593740580599966,0.17765361185457895,-0.25518873559499816,-0.22767376222472915
ROI_062,0.003929585178200214,-0.017992025531419497,0.462699075833164,-0.10120499650857495,0.021723781650947124,0.7969894292378213,0.05201106860812122,0.34601602369372914,0.9395946922558776,0.09462034225235882,0.43122764270189273,0.14450292236559478,0.7967783339627996,0.48409691697184193,0.7513261311208613,-0.3218360008270789,-0.27358129850136714,0.5570521299024581,0.11287381356570196,0.5926879483813118,0.45616236491950685,-0.4552400798225319,-0.13576712011606548,-0.40421384856695575,-0.10776252926041593,-0.25770689995999607,-0.13448377094922329,-0.1970024164642537,0.06559638469275735,-0.028527951262960514,-0.4299072683083026,-0.1822492503435826,-0.7270184268005905,-0.16289985295000464,-0.5578422836104742,0.2636400322287144,-0.22671712700451913,0.13463747899442,-0.08944865882129188,0.09104212135787693,-0.2733327396319604,-0.519645189365316,-0.5915353286495054,-0.26342210711700537,-0.5973581638758099,-0.3284658779027557,-0.41652472027628357,-0.22372759199174425,0.3699932629765304,0.1316595073634462,0.043047343904237624,0.2412146114886899,0.07799456955095509,0.13737034652124677,0.19043810948991663,0.9301454902079186,0.5681764183637286,0.8404823657587106,0.46977490488144213,0.8330198467502965,0.6578424520078666,7.254328619247669,0.9159988182107517,0.9642710446078753,0.4671077282796452,0.8489761557726976,0.36909799848368485,0.6688914859012363,0.10056125527034361,0.5327257193697003,0.3224041659102334,0.06639476567215681,0.08060405155164511,0.2846759893374738,0.2336580821057023,0.2766648876059106,0.5169914856850769,-0.06628035693259383,-0.1865683957931376,0.26369995323394874,-0.40959466917407983,-0.10674780591694404,-0.20401327849763712,-0.41236046021675327,0.005154883148676121,-0.2366889025339926,-0.14026370261728152,-0.3966123711800105,0.4090084911911487,-0.1679712534520915,-0.14349983608674519,0.6224893935820446,0.20074749336681605,-0.20977667825363913,-0.37178510994862,-0.21857408095152575,-0.09797764792277107,0.436602828979695,0.442915231471052,0.12867806232250395
ROI_063,-0.19315885894390772,0.19002239040544971,0.3658771687168719,-0.09889534654317982,-0.058583907701816706,0.38438456386811015,-0.10318873537321449,0.2965753229297711,0.6266635634416284,0.4558564375569298,0.14421665473993145,0.5646271481702887,0.6186831352926646,0.3500543472612391,0.7227185983421591,0.07015319313984783,0.020464023160872605,0.5088140299368678,0.06195768667789118,0.28423069291389136,0.6929575612656038,-0.056928348077347306,-0.2547829748337641,0.07504783774457192,0.06638473178497795,0.09767724547964872,0.24353488093033487,0.15500448801102096,0.261051047339616,0.5011170816427158,-0.6735914665793719,-0.25843165125688233,-0.46459004321917846,0.02285810337200787,-0.1044027075353112,0.05326476926571152,-0.15351899578439704,0.18580701061301222,0.25213782183327343,0.14140267673875417,-0.10226020182026417,-0.21998120616873373,-0.1678907336833981,-0.3878218918674446,-0.4911275988978992,-0.07110258430497406,-0.11659806433595228,-0.30046872652410367,0.024782380564827546,-0.00983515269365514,-0.07881908268939238,0.31488770482362965,0.3726156382622231,0.13046911587318819,-0.002613442481617768,0.5346893342033959,0.4978348906520524,0.369307316642436,0.9729413119742502,0.7144908970905078,1.0935403857183663,0.9159988182107517,7.254328619247669,0.6743428964348185,0.8059147502719598,0.878422771032423,-0.022007254171585326,0.7974707526042566,0.3474425624147678,0.4667399281908111,0.6866458075327742,0.30267256894554745,0.3024778325195558,-0.016359205661595145,0.6279727235579514,0.7079502575486396,0.44511284051252714,0.3992918470958475,-0.20666901464538445,0.1692034508345276,-0.0990264884371657,-0.05821160764339922,-0.0721166552140591,-0.10555850385979566,0.2718988150956754,0.007921330391790897,-0.1046554023875753,-0.13389830721026752,0.13015209858813223,-0.12347815713979438,-0.17903913749282693,0.3841589613184602,0.2965900562292251,-0.2673982013230793,-0.1542967084096281,-0.4814414041413769,-0.050091056672824465,0.20857549283371238,0.0117922510574669,-0.02327623015214248
ROI_064,0.26199285558503654,0.14146861750715847,0.5871570765446005,0.2549264110049248,0.38860411057359356,1.2073345023351232,0.3443309800679041,0.4919721505098938,0.9309202478231845,-0.012307234738298995,0.47028655333036473,0.10637350940143897,0.6582998667843091,0.8991457555539193,1.0183643258626,-0.09178249894858982,-0.2552342588470638,0.6068962381778559,0.42638217190040273,0.6444092358159051,0.524643657861489,-0.3775483564324486,0.1817361663623659,-0.5569731332365081,-0.16537575866417364,-0.5241986250003545,-0.4209091905973501,-0.4034477404473835,-0.12452872318764327,0.038543130529691445,0.0265998199737168,0.13427532381029486,-0.2950669094332586,-0.33916048510303065,-0.6409664206702361,0.11512016592857446,-0.36233454809818744,0.38960797434759953,-0.060432236867567005,0.09107600694688826,-0.18617959838777548,-0.2425029234477185,-0.3719031384653801,0.08447783275929205,-0.3462804322271779,-0.06019253640879344,-0.3358750692879477,0.04235780601191717,0.6038739974823382,0.29387354533097254,0.33254409098521837,0.320611239472913,0.2521064455291524,0.479960409149515,0.5082101962162549,1.3453086423164213,0.6323433874161828,0.9160247888220895,0.23142047570050997,0.7213074787536655,0.357302622162969,0.9642710446078753,0.6743428964348185,7.254328619247669,0.7956277286223887,0.9223307672862702,0.5395522666798065,0.819746172066771,-0.07534773902269665,0.473469349212866,0.3504736713333341,-0.15369543755596576,0.12433416679695637,0.20299077619115075,-0.01348556480413282,-0.012096650726430966,0.29593832171765017,-0.2560491278512037,0.0901059805803214,0.4100073438738335,-0.6148422337562552,-0.2543507989065898,-0.33632989769837063,-0.5485964878328149,-0.33925625358015987,-0.33389494188770624,-0.21805728773138788,-0.5813671360696796,0.10923515617277517,-0.07959236093259886,0.023290633402485984,0.5705332815553216,0.10929738135350822,0.12353757064373472,-0.30726234686401593,0.05399927899550917,0.06213032663077895,0.28261143463632976,0.6737307618990888,0.25268030359354665
ROI_065,0.1335427449644324,0.2745771384718115,0.35634513731959233,0.19276883881610518,0.20293916265811232,0.37115939536509496,0.042596196159354616,0.37780242145403586,0.4765688340862075,0.3515098626306587,0.15519046964976646,0.465192813612045,0.2426432670895457,0.5623295699091954,0.6880075436030308,0.30863150745511697,0.1762284364616015,0.5144751295094531,0.4462272086391506,0.24296197053459503,0.7070578094756341,0.0746634124955022,0.043163027155123365,-0.004356751590678464,0.06315861695304906,-0.040162710303699646,0.038036619604810994,0.08404880709790874,0.19814444664905215,0.45027883192755486,-0.04127952616207744,0.07958017472686708,-0.09910657925046634,0.006284243184827888,-0.0786611982224852,-0.0878722183116565,-0.1805407789668959,0.2690232634633507,0.12081297262910064,-0.03428967517024103,-0.11655300406936984,-0.04137376814514643,-0.06335591255374122,0.042045906756494895,-0.0964882264015051,0.1297481178205158,-0.06659696502066588,0.01346813634546932,0.10963148987020593,0.0629706555611251,0.2269197178323652,0.49649566937396633,0.6429580642211441,0.5265819074927317,0.2598580085380181,0.4575871687556057,0.535520006791918,0.3696693122643245,0.6135131474244284,0.5132847533839,0.6031742947722248,0.4671077282796452,0.8059147502719598,0.7956277286223887,7.254328619247669,0.650755168135203,0.08465438666876732,0.9013101876182736,0.37707926439759637,0.49268845749285906,0.832218006480621,0.21067098504602877,0.3679545501832282,-0.0832062556580446,0.3761039133803542,0.40499385942920874,0.2520311490866658,0.19735923811927059,0.20593112133618233,0.27070327108678666,-0.14675847044456924,-0.15688436854306773,-0.043497421857688734,-0.10614844790140192,0.04867063794395212,-0.08200944482962794,-0.061583011492868,-0.1650047159444923,-0.14261067241958708,-0.07011117875121307,0.05352138072662422,0.319783750885616,0.18573585724537528,0.13287876382610583,-0.03117446936371369,-0.0466760289512529,0.06735261054122953,0.09469254826321191,0.07051446893848433,0.033857377626673645
ROI_066,-0.004170536179434803,0.045137489695945006,0.3916703670954163,0.0093985002217778,0.32692679177116674,0.7062107836645171,0.30241712774680696,0.38531432554678924,0.8436562707903249,0.2503576729069178,0.36849444787026425,0.41420857954837437,0.9053968325561557,0.9052319990257042,1.396735813202128,0.17122604723056026,-0.003289727203087102,0.5474849713632377,0.32050154207500325,0.49803436259148176,0.7379497978973142,0.045194817875970836,0.23206415248948545,-0.12905611420880692,0.009838315530260332,-0.05505950967165912,-0.02527600056091209,-0.03498944014487315,0.09515740784592312,0.38203549824817407,-0.4485198588813827,-0.24743872083363472,-0.22289511063351142,-0.012379133038884266,-0.10797813587317426,0.27418313114921866,-0.30992889789885714,0.37319777631944,0.27795908232111827,0.34567047531535255,0.05898544083477977,-0.1276538966909779,-0.0678084917115239,-0.27655085550467423,-0.3979798387650599,-0.09274009000858835,-0.0385556491182144,0.03128724024821613,0.43343197221149304,0.24316061068450562,0.02826506627301848,0.07114105181638843,0.14809400027548478,0.2649215160576137,0.2359464659425742,0.7574416656033742,0.3252745392103013,0.53549115976706,0.37940966140481824,0.5214182971067275,0.44643786663437013,0.8489761557726976,0.878422771032423,0.9223307672862698,0.650755168135203,7.254328619247669,0.23049997396560348,0.5404185257183728,-0.008076474194334944,0.32319291029183317,0.5048343170804821,-0.09735159177980272,0.1655828711770359,-0.07129103745446173,0.17662416252375218,0.1274981636623068,0.44016952563916484,0.07534909592683582,-0.3236407475945701,0.054741240784095056,-0.4467589083679301,-0.035490377358713986,-0.3777519108590171,-0.3273284721078278,-0.15932849082108871,-0.1102990079208398,-0.2136672633123898,-0.2990673339845789,0.14675215440272862,-0.15066586071601465,-0.1222050239885162,0.24932372885283452,0.07865087077400502,-0.2637306724837077,-0.2922844104230844,-0.3788717911256982,0.00957350074625342,0.13358079851834054,0.39776950513154763,0.13677198270770233
ROI_067,0.5951560025453376,-0.37480235925843497,0.001709680263793102,-0.05476848196859286,0.4941598972194927,0.7496935112871514,0.9689982960271771,-0.30164772682204843,0.2974293212812746,-0.48467223505574697,0.4620266230106332,-0.51634242781601,0.1319757356224602,0.4247814671741202,0.4423340875317826,-0.29134443102058555,-0.603923466289787,-0.06418191769438175,0.14067264008283656,1.1342894778468644,-0.28813417292868354,-0.311529485625447,0.37885988216511896,-0.7963387109874793,-0.2525696786083698,-0.8375908976903372,-0.6908563005740483,-0.22142911911016736,-0.30794209084487767,-0.11005790521577344,0.40381070266754343,0.5187199736564652,0.0762142672220718,-0.357598176979633,-0.490656884354474,0.7264737609378922,0.2642660431684051,0.6380537280044745,-0.158811427538665,0.5123612234393893,0.3669531255771755,0.025508696578588726,-0.05206339204344219,0.782222238274156,0.28686861277359366,0.3428061026246717,0.1800976723317925,0.6971785027975298,1.2820119650907462,1.0451395587503116,0.7208061326925472,-0.2154354589844741,-0.3198698353368491,0.14268783415899078,0.7296406966218877,0.5606764223362001,-0.18546143695220543,0.3676835001117432,-0.21321101257670533,0.4261095522063763,-0.2589213247971303,0.36909799848368485,-0.022007254171585326,0.5395522666798065,0.08465438666876732,0.23049997396560348,7.254328619247669,0.10138154127479933,-0.37585855655758504,-0.09107564803529018,-0.26425066814791487,-0.12649912787799067,0.05930159124503112,0.8704120911232373,-0.7105517884394913,-0.3163285326975151,0.5481040037352383,-0.38273963983065634,0.4035634086644568,0.6977948128526644,-0.327059445804665,0.364982110761433,0.05725528710692268,-0.23208334112284829,-0.5589718214569384,0.1570285257747819,0.3961020017405606,-0.07155280357040213,0.563057448461773,0.5556216046282504,0.6096529525705574,0.7532611496912498,0.29909966669812826,0.6472591948785045,0.24728721641350795,0.7782152188354814,0.6761449879081065,0.635144268782188,1.5130858794617847,0.9403962572453395
ROI_068,0.03421551924386743,0.20262232160883079,0.3731040727766563,0.02362562071271218,-0.10484964366322341,0.43345367568193754,-0.11462709397425833,0.4280025681482896,0.6604528397926679,0.26505415399325893,0.2872347584992276,0.42367932915002676,0.4305511274203752,0.49937570118311686,0.5697377892612608,0.06197650094026819,0.16865333297170718,0.8248287792595146,0.43895844193942285,0.2505122478950537,0.5776839178116867,-0.07948708608581471,-0.046798769228422646,-0.032308561423430505,0.0942037209653389,0.027277110596340408,-0.14412772815187228,-0.2143875590891159,-0.008279336076617147,0.15805114333470083,-0.2182874131062417,0.016177837683333668,-0.4529627705860663,0.04239700189579141,-0.2668352855692521,-0.06726737503873213,-0.35234302753972246,0.019617768452565857,-0.02739897266560013,-0.0640451211306134,-0.33153043125964277,-0.2834951446934919,-0.2609595632967887,-0.20700533013491884,-0.4823935833464754,-0.1756196733783907,-0.3341073891725799,-0.285585753288908,0.051099757233508174,-0.0010330260670392867,0.06966347426921145,0.3362237213282347,0.38055550172746727,0.237259639724468,0.013624261583221189,0.4995596942454923,0.6296881419025561,0.4563723883390027,0.5434045217886918,0.5850454989463757,0.630085659366534,0.6688914859012363,0.7974707526042566,0.819746172066771,0.9013101876182736,0.5404185257183727,0.10138154127479933,7.254328619247669,0.3561396381307214,0.8099297365875504,0.4921130710955157,0.15599242865052204,0.2752914433340794,-0.043537225510089726,0.4140978075328439,0.3517980170526572,0.26252898859305535,-0.009648654272503769,-0.04958725360820885,0.23683638302710755,-0.27717830862564924,-0.29406465261897236,-0.23954315578578908,-0.2430777603067006,-0.04008694919942781,-0.30539899252489966,-0.17607469945504128,-0.450148092401001,0.03018509868933462,-0.24450376767644952,-0.25957870317382375,0.32683006501415574,0.04124099144831677,-0.04727994699496254,-0.3163726280557993,-0.2524567150506207,-0.18364781221875678,0.014211683515487506,0.11802664554456935,-0.006027119016531406
ROI_069,-0.2915515182002481,0.4649976961330984,0.02948579641373731,0.019500380030562002,-0.3826359673122398,-0.4223608824479194,-0.6678437569153334,0.1854809421381618,0.0341291547374068,0.6142416318195557,-0.10945614984693618,0.5559533159068866,-0.12667068204712087,-0.18185845096719022,-0.13046462932770575,0.4018444704241077,0.7193269726859244,0.28370923418001587,0.059703701600229045,-0.21446066225830468,0.2213227383383038,0.3649279171617427,-0.1830450803966151,0.7072690942950018,0.10579038012049781,0.4758551611935332,0.7273137264085126,0.46040090523582944,0.4816831542630196,0.2434410235563435,-0.3302758627392803,-0.21914827539516746,-0.2519735682077761,0.7230483293118188,0.4028264084968175,-0.1791662239913364,0.18726213621236917,-0.33443621098445214,0.06363234646106601,-0.26416349844878356,-0.14783223423220215,-0.01986694002819829,0.031218723765134255,-0.31458481225635065,-0.029751657193674785,-0.10836519283020064,-0.03637276653822878,-0.42642846360950154,-0.5762129488306509,-0.4345149352563528,-0.10050815454514975,0.6704313825502941,0.812696692899068,0.16537976818199424,-0.3996555167245775,-0.15670768858670855,0.4300641202954793,0.08795969862650387,0.8304279187691701,0.03401458063986659,0.5210484397770002,0.10056125527034361,0.34744256241476773,-0.07534773902269663,0.37707926439759637,-0.008076474194334942,-0.37585855655758504,0.3561396381307214,7.254328619247669,0.7120707414474596,0.49115661607476135,0.7637307838068119,0.5317276475595774,-0.007514686965674786,0.8580599347986936,0.747279120308118,0.1549879163182555,0.5129387207400824,0.017283541183881646,0.014083935079740977,0.656090709987017,0.13331729858432995,0.40432511972427265,0.5082537028016132,0.8902913647196073,0.22149212484330308,0.13610956978645705,0.3258539915252931,0.09249196829838337,-0.0391433532112485,-0.17667196166193117,-0.0065064544678408815,0.3363255893737825,-0.017116072510511407,0.16252636763823017,-0.3630415303105705,-0.22318422405223665,0.04474041393113851,-0.615524318979549,-0.3944691331679417
ROI_070,-0.06548224781458457,0.47228014997411516,0.4177518435268417,0.16260272279564622,-0.2352425886370587,0.16993379050450114,-0.465506027914884,0.5873326092535218,0.4873468334059183,0.36192834692475256,0.15746500870983954,0.5401220008835336,0.3560817956680447,0.2867589702965993,0.1924756431561606,0.0977929361253995,0.37013593751746193,0.9318092703750571,0.43136172048671884,0.012287839942623145,0.4037933463936007,-0.07827812672909396,-0.005414804018170117,0.12458760345380554,0.1322935115449745,0.20238767631856433,0.07899258928322692,-0.1751397963917723,0.09507359926602567,-0.1464597528366029,-0.2699066120218131,-0.12599384862514332,-0.5405141704543257,0.40636800748921326,-0.21472777873616855,-0.17180252105974642,-0.2547032901934402,-0.3372762154355406,-0.2914936763722536,-0.32468981616312,-0.5514064518904565,-0.32394178677269725,-0.43998931443792066,-0.45166816111103675,-0.5444564153938037,-0.56603696952038,-0.5734262615143144,-0.5460692709790866,-0.1700389109221282,-0.32560200202743533,0.04946595854755468,0.7572512119838261,0.6292135113554689,0.38713661234596036,-0.2202336276191567,0.4364251767977295,0.9885900720888053,0.5924074320982711,0.48153705825227244,0.2563780720956975,0.5225889497911907,0.5327257193697001,0.4667399281908111,0.473469349212866,0.49268845749285906,0.32319291029183317,-0.09107564803529018,0.8099297365875504,0.7120707414474594,7.254328619247669,0.4202045554121007,0.20202451811858724,0.2644108461963319,-0.06300448300370598,0.5539108534258538,0.3079272173843531,0.08116023099464495,0.034897678929412375,-0.13015631755720514,0.1613091706359034,-0.08644221470429567,-0.3066128536968464,-0.17277861108390602,-0.12698427798117154,0.21449509764886884,-0.4085497490115498,-0.10380551698342909,-0.3506790690697323,0.12275205142629164,-0.4451656821095288,-0.43633360194724213,0.1472143174557027,-0.05192291064531441,-0.08334018481199805,-0.41561733907442283,-0.40427389611831094,-0.5922992903279115,-0.00830882243325205,-0.0968136461948842,-0.32448221011956246
ROI_071,-0.0630175012718643,0.4234985258346646,0.40661489876002505,0.24527984992832808,0.007640008596379326,0.10502254304740725,-0.2076766533691122,0.5689225204515069,0.48725368495121174,0.5748496270216765,0.06034193431782481,0.7252424887403093,0.3419664955583772,0.33006247141744505,0.4680553461917454,0.3341926820503538,0.36100725440092224,0.5452471604301232,0.1299292182552121,0.015997128469378084,0.9863446765242003,0.13825668241687067,-0.13332889848819365,0.27289126866371377,0.1147413093611573,0.3201352009662945,0.3945653186348573,0.23875879742369654,0.4757584475122638,0.4255262142299041,-0.2828189913877444,-0.3622710657683269,-0.04369782626974887,0.24117435089007988,0.08889966533309578,-0.26083677612543016,-0.33188918598647793,-0.022484911559912914,0.23652805703297558,-0.14783058874030025,-0.28539333877302087,0.03411324636883661,-0.11350321435412723,-0.2949872853145629,-0.24390493110303524,-0.16175447712611757,-0.21683916214488838,-0.2739245210541043,-0.189311867404108,-0.3349537803448568,-0.02846164173971084,0.5184635180881206,0.6703229839877819,0.3479833236439545,-0.04713379724543753,0.26806229511575574,0.635487174535254,0.3320531812350015,0.5741991118881069,0.3208352939698352,0.7115920391684742,0.3224041659102334,0.6866458075327742,0.3504736713333341,0.832218006480621,0.5048343170804821,-0.26425066814791487,0.4921130710955158,0.49115661607476135,0.4202045554121007,7.254328619247669,0.1943256795059127,0.1334283882937581,-0.20072082290932333,0.6005283156855168,0.49812870353093025,0.09943582873146602,0.3482433910794974,-0.2708431243919846,-0.1585316114767942,-0.025904096636603563,-0.2668001981139995,-0.16226595593486673,-0.008577378400227034,0.31137119103782024,-0.13796577724717057,-0.22196116485260203,-0.048050143162295555,-0.12082775097452161,-0.32688330677745725,-0.23951465264851104,-0.06993580520452725,0.06950803995116651,-0.22857820942644141,-0.17018238504663788,-0.36817273209702905,-0.27601377445287134,-0.07697510747366139,-0.22723351427316474,-0.354843711575841
ROI_072,-0.33933240996456493,0.2501650389874403,-0.2946825000277192,-0.20050348111188887,-0.2638304646566172,-0.42884246828652545,-0.35384600346954675,-0.2087563344722539,-0.26585340074962754,0.3821446228206517,-0.30495062453753413,0.2382880013815334,-0.3264171318859852,-0.39708965873849056,-0.15596720311696302,0.2073113522557162,0.3254041788263388,-0.24143233723028887,-0.20477953921389463,-0.17192991624277942,-0.014776588961659797,0.32363462311308,-0.22082452015270398,0.5073348422050559,0.053271820345891396,0.26205799849410255,0.5785323778997283,0.6699165444824439,0.42125231162886484,0.3966697154787151,-0.14546310012000477,-0.08020029571152146,-0.08380795209908146,0.34074016759604275,0.45869226414089326,-0.13973735375058427,0.4478940380354843,-0.1388955458975282,0.19179671149629907,-0.018473213134561732,0.15172036167536365,0.18542038962693969,0.23911481474444363,-0.02289638596979082,0.21632360175403498,0.2674071793104841,0.2462381940520588,-0.17288307401296235,-0.40901589576429814,-0.1439311881872328,0.0838089454989619,0.45361106655466943,0.44200678986287106,-0.0527441773601485,-0.20656539938500112,-0.2914299107953819,0.0436464328192726,-0.19762866461427872,0.8187507390813398,0.2864960336020802,0.42867450557362263,0.06639476567215681,0.30267256894554745,-0.15369543755596576,0.21067098504602877,-0.09735159177980272,-0.12649912787799067,0.15599242865052204,0.7637307838068117,0.20202451811858724,0.1943256795059127,7.254328619247669,0.777763271938975,0.30264712952519557,0.65953217428129,0.8978819160924042,0.27385459173415944,0.7334096485010894,0.37082926773717406,0.2388598354951003,0.9030394233493445,0.39411025773760316,0.903790014740495,0.8521678538773926,0.9299649899080149,0.6797097960445202,0.3377920318568721,0.6770223591772973,-0.03254993937189443,0.3925864292556166,0.2587167579729494,0.26930808829434455,0.6982407302247288,0.22864781250947044,0.6980057785541447,-0.06400566806469762,0.22176001400106915,0.23645148998864604,-0.4183606254435829,-0.1426990275447053
ROI_073,-0.11106540503939867,0.22204030571171623,-0.12730137694955512,-0.17137156646075125,-0.03767423811505851,-0.24603921398540124,-0.040803626420717234,-0.18741813433827217,-0.10338667412026256,0.18308761390878858,-0.045996563480226384,0.2238321808147008,-0.21746997959807224,-0.04199369060581048,0.10862859975539792,0.38640910301787873,0.3478059900993578,-0.06583557044769964,0.1621936936590215,0.04296771639835402,0.0016520221144608045,0.42205045283127307,0.21792936800839682,0.2497210766438512,-0.08743381570078984,0.07406492973728827,0.21353482067645663,0.4023810138911249,0.060616081260680195,0.4927662012301074,-0.10850206494506122,0.08625329311216476,-0.007494396493465706,0.28787220713219647,0.332072285930914,0.021393089761895676,0.305200243661029,0.13336572346989875,0.2496718243569921,0.15170468126480902,0.3086176718319739,0.06507899426017635,0.29636777246073726,0.088081522644706,0.19643326991969196,0.3749284734782262,0.31603577637948616,0.049597422249052815,-0.10335759912453839,0.1902042492073479,0.25141742787093657,0.3600166098982316,0.43249297493860356,0.09525908272584957,-0.06375568850070394,-0.10612307588866632,-0.012551324729737915,-0.13030751530973195,0.6060929207043149,0.3123267557906155,0.29469292509571354,0.08060405155164511,0.3024778325195558,0.12433416679695637,0.36795455018322815,0.1655828711770359,0.05930159124503112,0.2752914433340794,0.5317276475595774,0.2644108461963319,0.13342838829375814,0.777763271938975,7.254328619247669,0.1962967786913872,0.37394593379938657,0.5388296137266626,0.25665684962409224,0.5419567395638712,0.40079472715413633,0.41258180121661486,0.4331857340749449,0.3776682899787041,0.6487128201668726,0.46058258477001185,0.3772315264140252,0.5115626151745133,0.3285338575803664,0.39181358218889223,-0.05315304864993927,0.41518626328782776,0.41738933422029195,0.3614624882744035,0.5264742509293335,0.28461525868596155,0.4380887333038558,-0.06784366418854515,0.30346493765362914,0.18859617811318793,-0.1427884400113644,0.13271971682016293
ROI_074,0.20827511404133783,-0.15286792938756188,-0.11936604030852394,-0.14255766569359582,0.09739996561759999,0.2619498127159423,0.3398206804517079,-0.3248965345424197,0.08539096434010487,-0.20816196486495114,0.23114004039106503,-0.39614390973958596,-0.01798273476745863,-0.046393761697738456,0.045879776447754934,-0.3949223600024411,-0.425893340486665,-0.232478521783129,-0.14941879835295852,0.6472369080713245,-0.39133857529724914,-0.34803274025215414,-0.016573292070541683,-0.3760107960633438,-0.10319010432022994,-0.5311830029074245,-0.1684951991084686,0.09510542783908667,0.04913348008025333,-0.10537356042174933,0.2596895932422778,0.2499888038173083,-0.0675440885467066,-0.22077769910762396,-0.32324027426304697,0.4568607010776638,0.5977744771414059,0.3222466655543977,-0.1213452905243332,0.26863870265576667,0.22127730528041317,0.019949044313776063,-0.10852572151204284,0.5545436097004234,0.3569975152727184,0.28910692312426384,0.11205427977039091,0.2961690608156807,0.4517983859657995,0.4625922921921829,0.46049907076468705,0.10213611953018065,-0.14403024695238437,-0.10264556071124509,0.38757797748266254,0.2664863394415039,-0.05955389049126606,0.26161028874845765,0.05466435115677643,0.4412672748759952,-0.021061833071145536,0.2846759893374737,-0.01635920566159515,0.20299077619115075,-0.0832062556580446,-0.07129103745446173,0.8704120911232373,-0.043537225510089726,-0.007514686965674785,-0.06300448300370598,-0.20072082290932325,0.3026471295251956,0.1962967786913872,7.254328619247669,-0.21560139882327345,0.07375310837415834,0.5238782311317629,-0.04762959655236777,0.43559430619193695,0.5146369925863605,0.15199530174360643,0.43841561708173327,0.4537796233995319,0.13556394162582378,0.04093903819126709,0.360728148929757,0.4811157353687738,0.2582034386399777,0.6812268330576864,0.6784058461756574,0.5545038295017454,0.7130199367359827,0.679477827183004,0.5435978140097175,0.47609493995296176,0.6097803272961271,0.5680240488751771,0.7649996322092941,0.5287370525458028,0.5362805613554744
ROI_075,-0.5308362948048951,0.49724212317973604,0.13816564986451313,-0.04251906859084981,-0.5121016947051549,-0.3139390732712706,-0.8736143506422845,0.3679795493455753,0.08115211532175862,0.9767752173280714,-0.1499223707189239,0.8409005015729866,0.11128286007598981,-0.1973181260322769,-0.013854864489609878,0.24610515000870495,0.5212987539486081,0.2755424433422337,-0.056597089867982245,-0.4528292719510533,0.5133379992636871,0.13534022565633883,-0.45607275598707464,0.7170828808630209,0.3153526670907478,0.658744755598871,0.826610183815958,0.42194673212060024,0.6339711587629462,0.3182623273284336,-0.5959651376839054,-0.5396336801020667,-0.4130724492629642,0.40171382955794444,0.3024867904663546,-0.4848370370691384,-0.07429187484697673,-0.48398677539236423,0.11398110574542109,-0.4035809078452676,-0.39912989920328507,-0.1579024097972419,-0.13719333334616488,-0.7106130563525261,-0.4149549888069905,-0.28153803957543794,-0.24372912504788988,-0.6856208639327844,-0.8014919872437885,-0.719360875797043,-0.3170733719190596,0.6810193889631814,0.6380735893399193,-0.021391593730375778,-0.45942387858419687,-0.08563180909430919,0.5434000941759107,0.04410545661680256,1.0503784362320474,0.246911260119924,1.0618390024893087,0.2336580821057023,0.6279727235579514,-0.01348556480413282,0.37610391338035426,0.17662416252375218,-0.7105517884394911,0.4140978075328439,0.8580599347986939,0.5539108534258538,0.6005283156855168,0.6595321742812901,0.37394593379938657,-0.21560139882327345,7.254328619247669,1.0959136490610684,0.044553496251066874,0.6827841647675901,-0.202467834497554,-0.2125898993783551,0.43410966270621754,-0.2070629100929651,0.16006330115976397,0.42434877614630695,0.9824812133765138,-0.006278704376062411,-0.15184473684287908,0.1848375354810572,-0.19412098103016126,-0.3221781295456745,-0.4431562175706997,-0.05543708574909536,0.16582196944489727,-0.42631819617874467,-0.07817538816397225,-0.7216806731609869,-0.4118400068545325,-0.06067107519028849,-0.761590723553279,-0.6535082736239586
ROI_076,-0.35201854860915194,0.2718182480110221,0.013873676474559376,-0.20285664215370555,-0.37213488467565226,-0.27773279288705477,-0.4799692283314298,-0.004150788594420467,-0.005257861820627751,0.614520449012277,-0.15926210314142836,0.5464762102289458,-0.0529344432556056,-0.28752327142689893,0.026304941365622062,0.15890779291753065,0.23418031587868704,0.02215296257711526,-0.2864691989271977,-0.13599415823110114,0.28080376946942853,0.11065083505759159,-0.4330890314474329,0.4427112397696968,0.1600931506617646,0.4135039491161304,0.6753265153630009,0.6445304633596161,0.49949139632068085,0.4829640333326933,-0.5040070352627841,-0.29369465812328915,-0.2894520342181732,0.2543968184025136,0.23772070840419127,-0.2103487311414148,0.2126589887529426,-0.20121410904888015,0.08834692106454876,-0.15952143246507838,-0.13970501262344515,-0.09841183323635717,-0.07955574883030837,-0.3058700632565398,-0.13696120615907162,0.009386514908916448,-0.0041837986548610715,-0.33518480580820414,-0.4677881792878692,-0.32185384047339277,-0.06284748357095742,0.49213380680804036,0.4566917043092089,-0.040922354969423966,-0.29413229293897586,-0.09140607267251195,0.2343339595005077,-0.09823288740883095,1.232075712508842,0.4264889959069737,1.0310245666960338,0.2766648876059106,0.7079502575486396,-0.012096650726430964,0.4049938594292086,0.1274981636623068,-0.3163285326975151,0.3517980170526572,0.747279120308118,0.3079272173843531,0.4981287035309301,0.8978819160924042,0.5388296137266624,0.07375310837415834,1.0959136490610684,7.254328619247669,0.23088146994674685,0.9021854135028168,0.03107301916152105,0.11610688026237173,0.49039776687485587,0.06458097471732756,0.4064731377047348,0.4347090280845191,0.9272269640902615,0.2575023197853186,0.09109022842265928,0.41241680943290165,-0.046457133370384415,-0.011128098494360932,-0.0275443028781777,0.21670158017490973,0.3913416611971336,-0.1097591868433466,0.19897521233063753,-0.342043880211559,-0.07997941129635386,0.24052628686718538,-0.44785986263084837,-0.29070590521155854
ROI_077,0.12439718457059631,-0.25140340132794486,-0.1474608514875497,-0.38173301685179883,0.14325030359445648,0.3323878519438264,0.3509030195566915,-0.29070043446296095,0.33136564023563453,0.08927095953745626,0.2890258204419715,0.010926431019781514,0.2515943441508193,0.1540322567758217,0.4762748427049814,0.004361662711085174,-0.14851883284229078,0.09440956549127397,0.07272625118186798,0.7872999765932378,0.03195654784504116,0.020468271670196627,-0.05114492762078972,-0.07023563488107423,0.01493826655017565,-0.1673132823152169,0.052954871488268204,0.29598058394595156,0.18806619000544791,0.2842743631778148,-0.2650608846269776,-0.005729034442766224,-0.18986003686391517,0.05435901101171268,-0.03927112275967773,0.7062895978971591,0.33785025539898395,0.5325685258592691,0.17704937157394562,0.6181953638106634,0.4002055024549536,-0.05411377274918878,0.07479058374942635,0.11917224776410942,-0.005729760216483832,0.24177907975336982,0.31355125142680557,0.17909284615379667,0.4407514794810723,0.6095047874386832,0.1933893206620762,-0.09443501458357452,-0.15077660177241603,-0.11831733885126273,0.19167331824714307,0.2642509064646923,-0.10630549716328284,0.12217694670708922,0.33550368788402085,0.5637249912381094,0.25624652805674947,0.5169914856850769,0.44511284051252714,0.2959383217176503,0.2520311490866658,0.44016952563916495,0.5481040037352383,0.26252898859305535,0.1549879163182555,0.08116023099464495,0.099435828731466,0.2738545917341595,0.25665684962409224,0.5238782311317629,0.04455349625106687,0.23088146994674685,7.254328619247669,0.19353054597126906,0.04992589977599973,0.35809532270404204,0.03454511998163668,0.5492748776992095,0.17593619094607857,0.05354165653865689,0.026771018440920735,0.4119193900877634,0.3145842347211389,0.21551915876085656,0.7249115110520511,0.42525459912493546,0.21232531563145765,0.6221370654935413,0.5160734505710199,0.06111506205928571,0.24045272825249828,0.026950463149460167,0.4586789206378757,0.43466014465577074,0.46102979497491364,0.557660772882936
ROI_078,-0.28399507410254754,0.26193660705002736,-0.17047237933783377,-0.08895201312849359,-0.09997385545018367,-0.4317176972592827,-0.17267379748629735,-0.1356180637307061,-0.26903438842439065,0.6797740452353717,-0.12837346664065147,0.6057475118434984,-0.08544892061721006,-0.24982009386652154,-0.02239944511044973,0.3786249599467229,0.3701143564393913,-0.13980894086807558,-0.06350467843028378,-0.1947050099007784,0.21807351936679506,0.47915422522042145,-0.09261951140981027,0.6340592604565017,0.2551680289190611,0.5808954242933294,0.7326118663495819,0.9212704909706804,0.455176813771159,0.724946749189519,-0.3677667333031666,-0.15050082084258157,-0.015006238222315728,0.25983476737110606,0.5224631644143499,-0.15455913251767794,0.32576296065005994,0.02266869080502598,0.34386752607129,0.11497753925722971,0.23219926769053986,0.2256990145608775,0.335794523572609,-0.14668825549649517,0.0935851666955218,0.2607675443780075,0.3912529618942605,-0.03647643411096657,-0.40897600507299653,-0.11316572592564354,-0.13927622408544546,0.2895823231334645,0.32754420392887773,-0.06040518629071183,-0.2139791101187887,-0.3112694412917243,-0.07685102370128843,-0.4466984891622841,0.7281263280087746,0.19640789606117334,0.5589818011817312,-0.0662803569325938,0.3992918470958475,-0.2560491278512037,0.19735923811927059,0.07534909592683582,-0.3827396398306564,-0.009648654272503769,0.5129387207400825,0.03489767892941237,0.3482433910794974,0.7334096485010894,0.5419567395638712,-0.04762959655236778,0.6827841647675901,0.9021854135028168,0.19353054597126906,7.254328619247669,0.02898620354905216,-0.0036487651495979204,0.4688588731186212,0.18797050195593737,0.34933081851257586,0.5341307824817825,0.5979774700134833,0.42817480218304826,0.20305612573960344,0.5931199681242316,-0.15300033915717404,0.14387946238509583,0.0919635296633273,0.01543643325573718,0.3214356689300876,-0.11334121036483055,0.34462169259160486,-0.34281569973068177,0.08275355926302264,-0.04225135089171558,-0.4784205377248027,-0.1083757496619148
ROI_079,0.3388956214309395,0.017896751179693922,-0.3145232746693604,0.16882627197435252,0.2780427527643461,-0.011755739925211891,0.236503082875076,-0.3948985137185342,-0.43169316494656174,-0.2786435582385087,-0.13955829977638337,-0.40832317582206656,-0.6715342092670031,-0.14315287583440564,-0.1789175430770662,0.030186182358396506,-0.13155271506126,-0.4749898534449787,0.05144355898231883,0.0735700132077411,-0.4223783493374412,-0.042230083280573025,0.14613984141979292,-0.22423081742053935,-0.15209402690349205,-0.49437848050399286,-0.2166625893261814,0.07213474194200296,-0.03723920253628378,0.02224004628769741,0.819301810800383,0.5869131031717825,0.2689694933167564,-0.21203077207749327,-0.0377603240332366,-0.03368819890462661,0.40142140568238616,0.23998320177587573,-0.18559831745971084,-0.10548343788290594,0.24311220245696102,0.20441861675981257,0.1642269903298635,0.9286175747037853,0.6960010236056191,0.6405262692690855,0.2561854869894575,0.4615924696985073,0.1980479746449061,0.3401855888481063,0.6367081602453211,0.23085621493868844,0.1741743318555103,0.2880082401435491,0.4526361427745923,-0.08856350449643748,-0.15256131001159837,-0.1451408737273912,0.0092380112442839,0.07584713286211821,-0.24547521773687145,-0.18656839579313764,-0.20666901464538445,0.0901059805803214,0.2059311213361824,-0.3236407475945701,0.4035634086644568,-0.04958725360820885,0.017283541183881646,-0.13015631755720514,-0.27084312439198455,0.37082926773717406,0.40079472715413633,0.43559430619193695,-0.202467834497554,0.03107301916152105,0.04992589977599973,0.02898620354905216,7.254328619247669,0.6661159112015074,0.2768490518848316,0.27660170569341136,0.6915922860460642,0.29669733693882017,0.010459482719662534,0.3541889268403153,0.40367553249276444,0.3144774821677283,-0.17594386014278382,0.6369211677995241,0.8433655781029995,0.548360132298884,0.3803662529961866,1.0488338352408364,0.707769414472726,0.8902705303359396,0.6490675667565028,0.35424027173858275,0.17694732769063864,0.3021256132309967
ROI_080,0.4611165870579547,-0.0503831149660377,-0.03379125681401024,-0.08952563690541418,0.2407914558773086,0.3391435221456665,0.3237959363760518,-0.24693158222875466,-0.048925157399858935,-0.2120237627194753,0.1792354146750507,-0.22895062555198517,-0.12255736806823896,0.13455855536136122,0.12828993036394304,-0.1684231391108522,-0.42705411546442046,-0.06344141769221716,0.13605897742232564,0.43439092515044836,-0.22970877517802077,-0.26064822438568086,0.24677007732017775,-0.4084914360789355,-0.22376042412052657,-0.49965800421292184,-0.3848752093452861,-0.08580122086955376,-0.15432280535907042,-0.02453754375480438,0.2866483346013724,0.7290907894621955,-0.09785293803077527,-0.2914693370799371,-0.3523686690217327,0.1480191215146274,0.26008999803353733,0.3540274314230843,-0.3010368480485703,0.21534793378733355,0.19376408946035814,-0.0543609608753644,-0.0314445154603697,0.524222610292194,0.18795945748655474,0.3698560838701472,0.1237508889712446,0.3759120212077379,0.4515867354826397,0.5423587129148609,0.6589481166904325,0.1495563544136949,0.001309506634805425,0.15039023657342906,0.326042672251344,0.3447704499498164,-0.049666277245035424,0.08650755698902762,0.13607315469478914,0.3067299520890811,-0.006262746819064342,0.26369995323394874,0.1692034508345276,0.4100073438738334,0.27070327108678666,0.05474124078409506,0.6977948128526642,0.23683638302710752,0.014083935079740975,0.1613091706359034,-0.1585316114767942,0.2388598354951003,0.41258180121661486,0.5146369925863605,-0.21258989937835507,0.11610688026237169,0.35809532270404204,-0.0036487651495979204,0.6661159112015075,7.254328619247669,-0.026556654082924184,0.18328928474725334,0.3025589828809028,-0.01613673351331399,-0.15334818927587107,0.19841197556728904,0.4300173058212134,0.0567965040463765,0.14188744339701156,0.44349834970790125,0.4913752389213618,0.7294378611666337,0.3044547305038237,0.7815808321069826,0.2922695251033146,0.4639852765980201,0.4916908221102041,0.4616423774933717,0.4855268971523735,0.5257560636346176
ROI_081,-0.36198142543994133,0.2810932061069641,-0.41700261069510025,-0.13155472757620673,-0.2825725692246659,-0.8544565059278086,-0.42279138791815374,-0.3002580220712233,-0.569920055017814,0.27418715899664714,-0.511020170966539,0.055230299362591107,-0.6042366104982863,-0.6951236277200541,-0.5283608487205809,0.3427775042971265,0.3877183463440288,-0.48197074330642997,-0.41904727771874645,-0.4013111521809511,-0.29754611100562234,0.4257025950165655,-0.28117597101663033,0.7532447143425944,0.03313469035401565,0.3058389790290395,0.8339160668855168,0.7752870296628,0.4515018918658935,0.2963406211081102,-0.05290846891603221,-0.10798809084611609,0.2032231312483156,0.5267051000029164,0.8249961530263394,-0.11434805212558373,0.6371860446214069,-0.21875212736909597,0.28526415378183617,-0.05892287144037626,0.33094511421456474,0.32942097263120634,0.5050059765919935,0.027016917382791016,0.5051354106693232,0.3857621779214005,0.4647726165083599,-0.06626753644979863,-0.5670600139536305,-0.25014042140798143,-0.06569671020626337,0.22633189434706782,0.3600027483862617,-0.14894777466376308,-0.2993698721469532,-0.6633889488838729,-0.1823132302718231,-0.3588736784334645,0.37073769210997565,-0.2769890297271602,0.025892053989855182,-0.40959466917407983,-0.09902648843716572,-0.6148422337562555,-0.14675847044456924,-0.4467589083679301,-0.32705944580466495,-0.27717830862564924,0.656090709987017,-0.08644221470429567,-0.02590409663660356,0.9030394233493443,0.4331857340749449,0.1519953017436064,0.43410966270621754,0.49039776687485587,0.03454511998163668,0.4688588731186213,0.27684905188483167,-0.026556654082924184,7.254328619247669,0.5948027481296148,1.1393964368848541,1.4764620910780655,1.0851490173194902,0.9311347754569813,0.43769636610417156,1.1385911643169142,-0.0036139071651137217,0.5089800520568906,0.21797057663713937,-0.09346080895131184,0.6437585910398247,0.17167550134006648,0.8842628357153807,0.009892030965650481,0.27738145396286074,0.12101379302346982,-0.6586320205281987,-0.23382042481656892
ROI_082,-0.03427080019789231,-0.28023540514712464,-0.5334573331816465,-0.3841279466146912,0.17168703695846985,-0.1914674828527906,0.33276327582559145,-0.820006866162654,-0.1864755124731314,-0.16248349906812032,-0.17101182497063436,-0.2816552363751931,-0.2833173471005533,-0.23374125377349536,0.003425414497958603,0.23027777890588488,-0.011501858979674234,-0.5115996782502704,-0.24926316492384837,0.3668340302444521,-0.5013232691250591,0.4001063907804424,0.03231421905834261,0.13629675116364548,-0.13945093359014102,-0.16916550392472499,0.17006278187697157,0.5221834814453084,-0.002547162910662868,0.3069056156419879,-0.09205624404466423,0.010038396665554556,0.31638412887583556,0.3403742101329746,0.48065018789179137,0.8620015841509597,0.8748710948422765,0.42106080684098246,0.40741998616679087,0.6901914502654071,1.1411177949345295,0.2507618180619977,0.598300946074888,0.33654069356836885,0.6542333193758562,0.6425817649081307,1.0054214276348987,0.4386899247428411,0.27140655161752836,0.6185427671845453,0.1890679792806123,-0.3243093323463739,-0.11888960035787388,-0.12102707588321922,0.14380731932210897,-0.2850247519741453,-0.6140261974904445,-0.2343333558148037,0.1464807821064783,-0.07096948031631455,-0.2590973486041907,-0.10674780591694405,-0.058211607643399235,-0.25435079890658974,-0.15688436854306773,-0.035490377358713986,0.364982110761433,-0.29406465261897247,0.13331729858432992,-0.30661285369684643,-0.2668001981139995,0.3941102577376033,0.3776682899787041,0.43841561708173327,-0.2070629100929651,0.06458097471732757,0.5492748776992095,0.1879705019559374,0.27660170569341136,0.18328928474725334,0.5948027481296148,7.254328619247669,0.8199335710210639,0.5371824866500011,0.20371901806898943,1.3531894967960618,0.7456546903306542,0.762752684731246,0.5576168080944787,1.0295278011480633,0.6911136030921444,0.2807879367793825,0.7344761029315271,0.31231115146375754,0.9364367218870581,0.2529414687961405,0.8143081601447657,0.39378210015684506,0.15895183368839674,0.5163108846008541
ROI_083,-0.1345814357226582,0.06857094735400855,-0.48480777475362563,-0.26919527997147713,-0.13028810474748617,-0.524260523582914,-0.1444561566944744,-0.5830982155202459,-0.5176651870681945,-0.06561466136269035,-0.4760460726076729,-0.26090236226475716,-0.6798714928866542,-0.5737729903578928,-0.3831568696493777,0.1195876725299647,0.07939134375855994,-0.6411802791888331,-0.38742231589173326,-0.0994714388815299,-0.4859395556147664,0.20488420260379892,-0.19836953119045442,0.24032698309549105,-0.19294661168526422,-0.08624207077047907,0.355293690633829,0.5454097193919673,0.1647638191800866,0.2126146620774577,0.10888237220141267,0.045385124932806324,0.19246601977324587,0.24444435631833988,0.4320888867535307,0.11894663601486141,0.7592021369552061,0.03480019271473682,0.17950539275231425,0.06633537883000992,0.4504378789352022,0.18244438331794746,0.37064374819919177,0.32385648597720257,0.6637738840786753,0.5538898336547752,0.49327388683075435,0.11522040884918339,-0.20733616210354458,0.11163666566607454,0.22856556231377792,0.1607548571116627,0.21053414906466508,-0.11054348462625337,-0.026924091543188693,-0.4708719868883199,-0.2885089373112785,-0.30876052840823215,0.33003434764159717,-0.05337314366738784,-0.03927632928375151,-0.20401327849763712,-0.0721166552140591,-0.3363298976983706,-0.043497421857688734,-0.3777519108590172,0.05725528710692268,-0.23954315578578905,0.40432511972427265,-0.17277861108390602,-0.16226595593486673,0.9037900147404953,0.6487128201668726,0.4537796233995319,0.16006330115976394,0.4064731377047348,0.17593619094607857,0.34933081851257586,0.6915922860460642,0.3025589828809028,1.1393964368848537,0.8199335710210637,7.254328619247669,0.9380886124007279,0.6994231893043474,1.0733424480591556,0.6273945603575065,0.9562911497569,0.09159512213166722,0.862913546124086,0.7169461672400084,0.3170069064340276,0.8746208578441934,0.4816710215595379,1.1332579002917196,0.3173730820072577,0.5872667130373581,0.4023425344845415,-0.2568385936286492,0.09058936388829304
ROI_084,-0.2588348000681912,0.20101033240012395,-0.3890452212332571,-0.11657905975851487,-0.19078791703096806,-0.7266918262520387,-0.25217802168033765,-0.2963972857259874,-0.5697477103262119,0.37414230311902513,-0.3009266331359991,0.1260611042973994,-0.5477621530878782,-0.4610058993738733,-0.36860498610628495,0.3589466550933444,0.35658017577518203,-0.5086094348893936,-0.29947197777135215,-0.4105063798162754,-0.23187036605489444,0.4583606872327606,-0.1494220041678267,0.7698696263800077,0.11441483040069834,0.36644551500711126,0.7222912833957126,0.7846756271311518,0.473288300084323,0.37719269785072146,0.016415274752293003,-0.07420193012033745,0.2538745427735582,0.41932100733560723,0.8678919457788011,-0.14444290483861716,0.5738924583171681,-0.19976500978015377,0.27854789073279523,-0.006196019369462435,0.3893351854382738,0.4534814543424469,0.5966037546459548,0.10080492926578047,0.5354060330124034,0.4591183724432688,0.5261160137603411,0.09191689020592549,-0.45131454810482247,-0.16217174403724718,0.02804966330470614,0.17151191410036154,0.3132731451472208,-0.1566734380098388,-0.1861363460608644,-0.6169062794383294,-0.2580031767724381,-0.39612827793779676,0.362135928855862,-0.1900485601619709,0.03554406920884129,-0.41236046021675327,-0.10555850385979566,-0.5485964878328149,-0.10614844790140192,-0.3273284721078278,-0.23208334112284829,-0.2430777603067006,0.5082537028016131,-0.12698427798117154,-0.008577378400227034,0.8521678538773924,0.46058258477001196,0.13556394162582378,0.42434877614630684,0.4347090280845191,0.053541656538656904,0.5341307824817825,0.29669733693882017,-0.01613673351331399,1.476462091078066,0.5371824866500011,0.9380886124007283,7.254328619247669,0.8068869545562197,0.9009705507344048,0.4385798138929845,1.1708607727187939,-0.06965209164757458,0.5371196014738336,0.25874396222359064,-0.08838417978009123,0.5759539884444174,0.23082820645101726,0.9371012643116877,0.0709583860437474,0.3683302267464149,0.11800536051075564,-0.5383343469741939,-0.15855810738505405
ROI_085,-0.5778072508029954,0.4267756658510727,-0.12497726688721178,-0.12562625523622728,-0.5073479601975511,-0.6603661972079173,-0.8485033710541113,0.02125956512637856,-0.22768389517215817,0.46770871812408726,-0.49008921519383264,0.30079047191772795,-0.25388396267006325,-0.5998074066803487,-0.34790473327783644,0.18630770981824007,0.4002532562531136,-0.1391777924471669,-0.4859176371230718,-0.4492776077733143,0.0429096641370197,0.1784894954099295,-0.556326708560045,0.6728872080011314,0.037113948009672486,0.42045533126552465,1.1649765368058762,0.689657260872503,0.6564610458881682,0.2589397212929406,-0.40232356773681854,-0.4660895769300751,-0.15270188218848577,0.5137245384964808,0.4976988024069877,-0.28299174555582635,0.29066928944638326,-0.4637237270270823,0.18305258824276144,-0.33184463708245193,-0.12266670269648536,0.02226010632009223,0.043825620146181334,-0.38971249701320176,-0.0037420511565396572,-0.05331156382386638,-0.0020944619214032065,-0.5275618452794603,-0.8225037983038799,-0.6534665246255857,-0.22899301457446877,0.5095493247338931,0.5344649514248346,-0.08075413145571635,-0.45484664596147883,-0.3475074229874249,0.23319107588326898,-0.08600469643005135,0.7253885241023043,-0.035691238801424816,0.5142761326104245,0.005154883148676121,0.2718988150956754,-0.33925625358015976,0.04867063794395212,-0.15932849082108874,-0.5589718214569382,-0.04008694919942781,0.8902913647196073,0.21449509764886884,0.31137119103782035,0.9299649899080151,0.3772315264140252,0.04093903819126709,0.9824812133765138,0.9272269640902613,0.026771018440920738,0.5979774700134836,0.010459482719662534,-0.15334818927587107,1.0851490173194902,0.20371901806898943,0.6994231893043474,0.8068869545562197,7.254328619247669,0.4224427268755402,0.10151894079247446,0.6529599617006544,-0.020689051956351703,0.06539401392131254,-0.08243111534116404,-0.025664185867839064,0.5033445001770572,-0.15732663267726918,0.3405918324623306,-0.355688762831265,-0.13448996116958772,0.18986340162288232,-0.8336916772567645,-0.6004169607427958
ROI_086,-0.14272576323478808,-0.07551693932359378,-0.5101998391606691,-0.3298750185868783,0.11358207477161948,-0.37636110087064417,0.1977988070062966,-0.6903557532334007,-0.3681195223882758,0.009805805630433177,-0.26262543789326587,-0.15732478229568841,-0.42392692758033124,-0.331857210656755,-0.09383701556902038,0.3146806364962512,0.03483443312594,-0.6763308147190056,-0.3344014481797903,0.1185861847218928,-0.33940878054933765,0.4883874688187085,-0.04187552045966409,0.324570671584769,-0.12456203267411847,-0.024474312862627665,0.3984077015928859,0.7663891158737952,0.184140471530096,0.5398328423333741,-0.0374290721976521,0.0641598303864711,0.3975563020107012,0.23831854251280854,0.6774646163099959,0.38210007436577165,0.8411414144768602,0.35158825559061235,0.5730750047028953,0.5928989974844279,1.0953846831543526,0.4619414547051601,0.8448626970621765,0.3506295532032448,0.762765697591956,0.9200197128882155,1.1411259980519117,0.39032161972244783,0.025782553561682464,0.39290689742688095,0.1419843465879574,-0.15568363508888214,0.04034100374192824,-0.18313509602265168,0.0868757888952077,-0.39809027116492557,-0.588914928190329,-0.3984224397079471,0.28078051530168024,-0.06293691065424083,-0.11774298004644528,-0.2366889025339926,0.007921330391790897,-0.33389494188770624,-0.08200944482962794,-0.1102990079208398,0.15702852577478194,-0.30539899252489966,0.22149212484330308,-0.4085497490115498,-0.13796577724717055,0.6797097960445202,0.5115626151745133,0.360728148929757,-0.006278704376062411,0.2575023197853186,0.4119193900877634,0.42817480218304826,0.3541889268403153,0.19841197556728907,0.9311347754569813,1.3531894967960614,1.0733424480591556,0.9009705507344048,0.4224427268755402,7.254328619247669,0.6390879597538509,1.1546616178155182,0.21905963316494817,1.2092427911107921,0.691933552703633,0.16487064582432176,0.9451302700533244,0.3384008970870037,1.414266099467831,0.2294900210043814,0.9440787940752595,0.29024483257752437,-0.09159903852216619,0.33930870940718955
ROI_087,0.11610730304037202,-0.14538213394268762,-0.364922756558483,-0.2841774678909381,-0.0012937000353936514,-0.15439150440536897,0.23926752338993076,-0.6125606607478251,-0.2653003360644353,-0.03467667653949767,0.0056389001651593355,-0.1856276372279001,-0.23759756104839055,-0.13023938671496957,-0.08281030027222003,-0.01145540687559451,-0.09860537158481361,-0.29195863849658416,-0.032762321684194684,0.25940370078045294,-0.44592486866172815,0.12451574515691946,0.1340864830036617,0.06402188092006679,0.05481292452332941,-0.13767898723761435,0.015287848347472583,0.3626273457442413,0.0489322339576344,0.2051777697252897,0.10279268427479173,0.3504489185596023,0.28967945095191183,0.1842363380643272,0.20903092279453273,0.49370718365572713,0.7425302065460531,0.3193334413555527,0.03794758720016102,0.374082224789101,0.5885907584321519,0.11994703924103099,0.3186987914312533,0.4659536265455926,0.5991490826388017,0.5428420435330651,0.5685508942559634,0.46795973954536435,0.17950377212439797,0.5209344534463493,0.2601567110851031,-0.07615765877027895,-0.05401537302698293,-0.136635829656736,0.13567526874358812,-0.20784552920946311,-0.4085173707497132,-0.17846899517277906,0.06408241142856237,-0.0015440307267121996,-0.13188284780680934,-0.1402637026172815,-0.1046554023875753,-0.2180572877313879,-0.061583011492868,-0.21366726331238978,0.3961020017405606,-0.17607469945504128,0.13610956978645705,-0.10380551698342909,-0.22196116485260203,0.3377920318568721,0.3285338575803664,0.4811157353687738,-0.15184473684287908,0.09109022842265929,0.3145842347211389,0.20305612573960344,0.40367553249276455,0.43001730582121334,0.43769636610417145,0.7456546903306545,0.6273945603575065,0.4385798138929844,0.10151894079247444,0.6390879597538509,7.254328619247669,0.5706726268735822,0.43254929122969227,0.720512450033888,0.5702544571106808,0.29645570874141647,0.5610225030680129,0.48181738660676665,0.6800289079731345,0.3953178043243722,0.6458398964253838,0.41994400438306523,0.15140027439442724,0.5933965957434357
ROI_088,-0.20363152904221712,0.08163526865111097,-0.5168081021552622,-0.17981246820598087,-0.03558384733366434,-0.6413952521310273,-0.02639797527363778,-0.5095412321593854,-0.5433388129351533,0.19159987275179963,-0.2940405508203549,0.01887798885201952,-0.5362812941389687,-0.5191085067326783,-0.31834307321891536,0.3227960401482825,0.17942706946536566,-0.6592579337123232,-0.3831099355131533,-0.1359382750656821,-0.30218277395562304,0.46487507267516437,-0.10746745556149959,0.5523213274346964,0.09387995304626022,0.25298109185065326,0.6571113914032143,1.0915137647986244,0.4375697413546281,0.5212784472164544,0.017018345477034045,-0.021390958272864313,0.4266231626657491,0.2950133949411118,0.7545646655222567,0.11388797518482417,0.8076190686354127,0.06532755537723103,0.4006858148279953,0.24251499852372543,0.6461718264739779,0.5436194543910968,0.7081402310376236,0.271264866527388,0.6909222443758075,0.690924594057696,0.7827905389791213,0.2865188857529994,-0.22717690805439322,0.0555330029864827,0.05630506114666634,0.04693679431706875,0.12146164747180485,-0.20510752200967675,-0.03834920411781256,-0.5904587436154058,-0.4587931994928282,-0.4750619751627816,0.23857209490603246,-0.1837938634219748,-0.037214993029354285,-0.39661237118001064,-0.13389830721026755,-0.5813671360696796,-0.16500471594449231,-0.2990673339845789,-0.07155280357040213,-0.45014809240100095,0.3258539915252931,-0.3506790690697323,-0.048050143162295555,0.6770223591772973,0.39181358218889223,0.2582034386399777,0.1848375354810572,0.41241680943290165,0.21551915876085656,0.5931199681242316,0.3144774821677283,0.0567965040463765,1.1385911643169142,0.7627526847312462,0.9562911497569,1.1708607727187936,0.6529599617006544,1.1546616178155182,0.5706726268735823,7.254328619247669,0.09513453173923044,0.7810819174789038,0.46490959317243163,-0.009059744424724894,0.7344506543010049,0.27287020366829695,1.145159918546167,0.22109643113803298,0.5764380047370335,0.1877009742149642,-0.32836419971347647,0.06803372305145142
ROI_089,0.023401586589384356,-0.34183294727867714,-0.048929840804467904,-0.38489767811163955,-0.09627608599046643,0.26126187924223077,0.21738983528402564,-0.25392750706057127,0.400993230328059,-0.11377846176137135,0.3249164306182258,-0.21253642988860547,0.31673003273980416,0.08690938137414693,0.20758612545336544,-0.3069238146733711,-0.2487604608673241,0.1488194449472751,-0.04120585174027144,0.7838819032412275,-0.24279039000284475,-0.2035215676308224,-0.1251940290609165,-0.1365049341411745,-3.175378499659193e-06,-0.23911206207574728,-0.015341130487744228,0.08199692296143528,-0.014620843531317328,-0.1039500432354609,-0.2897881399995505,-0.07465452044496419,-0.19882399937307096,0.14964108761971065,-0.19926394363191663,1.0395624411518385,0.4384511569502524,0.2772635771318678,0.023743775791774745,0.4988644077857707,0.23424968913714542,-0.1805238641892775,-0.13521079632280011,0.05239159103823494,-0.0061239171636368,-0.02534388019347533,0.1107827612119289,0.05477305536757036,0.4085909575723641,0.4168539548957375,0.03285922642969667,-0.21198292526368112,-0.3130288994541189,-0.2481875094460917,0.043821271294538174,0.25579026912177455,-0.05084744254024973,0.3253329707701001,0.023657186742692026,0.20666196403808426,0.010997769265629528,0.4090084911911487,0.13015209858813223,0.10923515617277517,-0.14261067241958708,0.14675215440272862,0.563057448461773,0.030185098689334625,0.09249196829838337,0.12275205142629161,-0.12082775097452161,-0.03254993937189443,-0.05315304864993928,0.6812268330576864,-0.19412098103016123,-0.04645713337038441,0.7249115110520513,-0.15300033915717404,-0.17594386014278382,0.14188744339701156,-0.0036139071651137217,0.5576168080944787,0.09159512213166722,-0.06965209164757459,-0.020689051956351703,0.21905963316494825,0.43254929122969227,0.09513453173923044,7.254328619247669,0.30460994911595923,0.06320102752097802,0.38117700047702135,0.3953078255958247,0.025242470946277813,0.0813761228868682,0.0874698011308432,0.2211615810077851,0.5179952675527153,0.43930250834403733,0.48202013272023764
ROI_090,0.11571743802669658,-0.15907783671863582,-0.4324497287196125,-0.20192124327134228,0.28782227823059076,-0.07505774970384156,0.5150168597403671,-0.6759388192606764,-0.2752210612839238,-0.24719571114928496,-0.04444895381692384,-0.406246749620118,-0.3568886378130036,-0.14769568443411535,-0.022871768120728633,0.0509105396232888,-0.2191813021462058,-0.6336687779354954,-0.13324678790493502,0.3794002074100978,-0.49801945657696184,0.17883325795809013,0.09851168366763413,-0.0420493494108715,-0.195643976830769,-0.37766800602502676,-0.029730034151896186,0.4246441214665184,-0.050546139964025,0.37732048124173206,0.3099925724494688,0.36510462102811386,0.3977457925633352,-0.11685124793677856,0.2145759801103539,0.48537092306647706,0.8282163607788422,0.618698660869035,0.4090250854608388,0.6583764567369594,1.0728297077805828,0.43296197621771115,0.6507133425063821,0.8267822552209554,0.854532073512443,1.2524649134018229,0.9205197415203317,0.6472390381877037,0.3486166725563675,0.7568050666261265,0.32429394876921686,-0.15506868359165873,-0.08887086019718203,-0.1512794625370075,0.4020010371041048,-0.1466519439197273,-0.5665183040344196,-0.23218485057556956,0.00840458691726414,0.08597611478672096,-0.2491830684000153,-0.1679712534520915,-0.12347815713979438,-0.07959236093259886,-0.07011117875121307,-0.15066586071601462,0.5556216046282504,-0.24450376767644952,-0.0391433532112485,-0.4451656821095288,-0.3268833067774572,0.3925864292556166,0.41518626328782776,0.6784058461756571,-0.3221781295456745,-0.011128098494360932,0.42525459912493546,0.14387946238509586,0.6369211677995241,0.4434983497079013,0.5089800520568906,1.0295278011480633,0.8629135461240858,0.5371196014738335,0.06539401392131254,1.2092427911107921,0.720512450033888,0.7810819174789039,0.3046099491159592,7.254328619247669,1.087798901464184,0.4284460460796026,1.0447525278801175,0.6591581430319481,1.2859088021493459,0.6461041673474592,1.5293872318688222,0.41893696859963725,0.2605792264607143,0.7414314228431351
ROI_091,0.3636842404231025,-0.24291485374691973,-0.3190724755557485,-0.09606049652887418,0.40482436592372306,-0.002026523464131839,0.5933220298648725,-0.7040308393824617,-0.2665711761258475,-0.43887931918318546,-0.1534195870438019,-0.5134307870266605,-0.45284998292832135,-0.06688357634611669,0.03550648632333307,0.037723036678968674,-0.2918747345245176,-0.6462585289780365,-0.14059344309281216,0.36682611533880966,-0.4994274650789083,0.07873634982692507,0.2055434621852495,-0.3247889833598806,-0.37002216085892736,-0.5798814798264899,-0.26308569367499246,0.23145737123033036,-0.23565047181684437,0.22567453022165593,0.466545655136205,0.3565126806640271,0.4244300394978107,-0.2005433043882731,0.04671852390349061,0.4029124513056825,0.5371831819521083,0.5764133104655407,0.16891952815665165,0.38514780596045506,0.6875267066689351,0.19700670804309725,0.34677249478353156,0.9320684929349783,0.8609153266275875,0.8567740547082409,0.6059679816857539,0.7169971493577608,0.46610800012536674,0.7251969999855601,0.5853345508707899,-0.10892960948083144,-0.03940044050632062,0.08684621933332864,0.5362062429021167,-0.10182402580585272,-0.5130256847156478,-0.23247557192068047,-0.054645446747073154,0.16764095192973047,-0.25380794468165535,-0.1434998360867452,-0.17903913749282693,0.023290633402485984,0.05352138072662421,-0.1222050239885162,0.6096529525705574,-0.25957870317382375,-0.17667196166193117,-0.43633360194724213,-0.23951465264851104,0.2587167579729494,0.417389334220292,0.5545038295017453,-0.4431562175706997,-0.0275443028781777,0.21232531563145765,0.0919635296633273,0.8433655781029995,0.4913752389213618,0.21797057663713937,0.6911136030921444,0.7169461672400084,0.25874396222359064,-0.08243111534116403,0.691933552703633,0.570254457110681,0.46490959317243163,0.06320102752097802,1.087798901464184,7.254328619247669,0.47484044722190216,0.5859827181853893,0.8207942975594054,0.8567025225021387,0.8079740618325998,1.028295804834158,0.5039983801762088,0.36868446115121206,0.6286860669924049
ROI_092,0.26674105010880866,-0.17577188343600694,-0.04677842986209343,-0.11801446119509824,0.1788651532174384,0.4739202001950358,0.30407625748125794,-0.27300950239426314,0.18021295164044857,-0.26471669348819465,0.2123581929399852,-0.33971582084504565,0.06299108103934514,0.08100530238333811,0.3164200095795419,-0.31848564196204776,-0.38447602989989976,-0.032139852984911725,0.0160205352442465,0.6874615328920711,-0.16754701472413477,-0.36467522831735555,-0.026313295240575393,-0.5110473935510178,-0.16439373748902855,-0.592471892060193,-0.2922957009821173,-0.022471050927258433,0.0018148935034760282,0.08301143319259376,0.1050923838007715,0.2509495940998783,-0.21528772388239215,-0.26253613399211356,-0.45727602622831726,0.40118057156461984,0.25510179679425865,0.4413982188459668,-0.11615184444325775,0.17686770697951104,0.11889777686075222,-0.21874416753543083,-0.2277712907667699,0.39732348655753913,0.008350439453576447,0.25867179381702293,-0.014291187564441084,0.16553579550489383,0.49610568816048795,0.5584791134775415,0.3833477855722748,0.11366229816752936,-0.03718528280371097,0.14691904388643826,0.419901054238574,0.4142350619972851,0.09313116782496056,0.261600641306889,0.28697853398469764,0.7326126379868632,0.24395909688374215,0.6224893935820446,0.3841589613184602,0.5705332815553218,0.319783750885616,0.24932372885283452,0.7532611496912498,0.32683006501415574,-0.006506454467840881,0.14721431745570274,-0.06993580520452727,0.26930808829434455,0.3614624882744035,0.7130199367359827,-0.055437085749095366,0.21670158017490973,0.6221370654935412,0.01543643325573718,0.548360132298884,0.7294378611666337,-0.09346080895131184,0.2807879367793825,0.3170069064340276,-0.08838417978009125,-0.025664185867839064,0.16487064582432176,0.29645570874141647,-0.009059744424724894,0.38117700047702135,0.4284460460796027,0.4748404472219022,7.254328619247669,0.45942954125736474,0.38933671577560636,0.24053088576781043,0.3175622993292652,0.4495471011751214,0.8324657840944334,0.5782130038820211,0.5024347530804024
ROI_093,-0.1765640337472484,0.16383062327426498,-0.12661758392228303,-0.15497673694162667,0.07255403215598197,-0.032315182105379536,0.1281462088797084,-0.2304658371001788,0.047101291513629955,0.0849486123040841,-0.029048570949326585,-0.07392987901978773,-0.06681010552143851,-0.11437241505129381,0.11866483323048133,0.04984214483827113,-0.07300527315698095,-0.23490212396511467,-0.19515500788944687,0.3135720601614709,-0.11945515906968733,0.09201557258078118,-0.18329206765740305,0.12646727086312542,-0.10873165481476617,-0.19844984637068885,0.32738720059347576,0.6010424658719313,0.22462484747298134,0.5049963137206331,-0.05004012641475071,0.060126373977300224,0.059566421888130355,0.041230323498769116,0.19718739422620796,0.34184434005682846,0.7025606375769465,0.3902222369750381,0.4964161416713131,0.42067693686786245,0.5404853519064268,0.20054399053202016,0.3444546588382201,0.30971276900951666,0.39602575532324985,0.6839803528641535,0.5041058071158975,0.1638376061107742,0.10275866100468183,0.322263501196172,0.10256300119827957,0.23695459641352518,0.26548331530527713,-0.08363135936423663,0.24755653365706756,0.04718119468397739,-0.0454409992990132,0.10104457900278463,0.4395428567014779,0.3117977089354379,0.2673094054472129,0.20074749336681608,0.2965900562292251,0.10929738135350822,0.18573585724537525,0.07865087077400504,0.29909966669812826,0.04124099144831677,0.33632558937378243,-0.0519229106453144,0.06950803995116651,0.698240730224729,0.5264742509293334,0.679477827183004,0.16582196944489727,0.3913416611971336,0.5160734505710199,0.3214356689300876,0.3803662529961866,0.3044547305038237,0.6437585910398247,0.7344761029315271,0.8746208578441934,0.5759539884444174,0.5033445001770572,0.9451302700533244,0.5610225030680129,0.7344506543010046,0.3953078255958248,1.0447525278801175,0.585982718185389,0.4594295412573648,7.254328619247669,0.2941224355594604,0.8673127182806551,0.2289353228706177,0.7711477153695766,0.5265945576607912,0.04396523904677464,0.3674493632566883
ROI_094,0.5327955235023994,-0.06510081689059481,-0.2296461016814792,0.10747326799770407,0.28682009412372206,0.06665466897173743,0.37999286779799546,-0.38683974148898376,-0.3093656070271687,-0.3399851087458746,-0.06631357268137365,-0.38415486745344446,-0.5093316946891053,0.04379531120531524,-0.07356828380425667,0.011337473546078494,-0.2381111218928713,-0.3389700483757883,0.08886335268735669,0.21867082421258216,-0.45130216229129744,-0.03292639116657044,0.28755245797201934,-0.2627339000815122,-0.24686879980119214,-0.5109511147043988,-0.3597608312023954,0.01640263577584268,-0.19493899844852902,-0.03249539269722423,0.8439914405091911,0.7198491539268724,0.36846138182584504,-0.1512699313334291,-0.08861922432558877,0.101911380590086,0.36427973655531143,0.29340409736874085,-0.23010902247648313,0.08182053647999862,0.3064701409546232,0.3709704173582317,0.20539549377016814,1.0361067335382017,0.7488320795336452,0.5740328708837366,0.25884654442732047,0.5528509452029835,0.33680148813367045,0.39941655023195116,0.9527933776451328,0.14594791870154417,0.09045625037908354,0.24957306178449137,0.37504685200017746,0.020676917512000778,-0.20320914332312356,-0.07050774589574284,-0.13023246669154612,0.04431895487453645,-0.3758239180306835,-0.20977667825363913,-0.2673982013230793,0.12353757064373472,0.13287876382610586,-0.2637306724837077,0.6472591948785043,-0.047279946994962546,-0.017116072510511404,-0.08334018481199805,-0.22857820942644141,0.22864781250947047,0.28461525868596155,0.5435978140097176,-0.4263181961787448,-0.1097591868433466,0.0611150620592857,-0.11334121036483055,1.0488338352408364,0.7815808321069826,0.1716755013400665,0.31231115146375754,0.4816710215595379,0.23082820645101726,-0.15732663267726918,0.3384008970870036,0.48181738660676665,0.27287020366829695,0.025242470946277813,0.6591581430319481,0.8207942975594054,0.38933671577560625,0.2941224355594604,7.254328619247669,0.6771592040542932,1.055222019099481,0.6264400687107762,0.38268393900473874,0.34253202913495623,0.38994554189272357
ROI_095,0.03096343674975982,0.0041196793257948505,-0.5293090716596763,-0.10500561058365751,0.20136316006049218,-0.3356536115258854,0.2356949930029794,-0.6342523852581146,-0.5024792037478951,-0.05086670947976831,-0.26999725964452387,-0.2507200082971387,-0.6157504029880823,-0.32618343934448096,-0.17734426020695593,0.25965150502494094,-0.0011815949614945094,-0.7608214612119156,-0.2455679487747702,0.04656735746570087,-0.42878870650975637,0.38646859386644744,0.025334409490536402,0.25409002346984333,-0.0469547807477095,-0.10528333407889326,0.2581582446370852,0.6874499723417683,0.1953986742506652,0.46427977184305075,0.30326870735882977,0.27216377768214806,0.5066750229053126,0.11964184543547662,0.5415818172044292,0.2231157740093166,0.9093883613004272,0.32608963427067483,0.38171341272495946,0.3722593634802802,0.8534201453610898,0.5955337802876816,0.7965861635475688,0.6513770298862285,1.0321036108945851,1.0843297413149,0.9276713097214593,0.508547055591309,0.052525492463650986,0.34835542894256305,0.3055719155589683,-0.00701883958418565,0.10916168619178333,-0.045564484982665826,0.2556656459731271,-0.41274047269066905,-0.5063219297051224,-0.38004042466759214,0.16358092202115593,-0.032990600689890744,-0.20103773485851728,-0.37178510994862,-0.1542967084096281,-0.30726234686401593,-0.031174469363713698,-0.2922844104230844,0.24728721641350795,-0.3163726280557993,0.16252636763823017,-0.41561733907442283,-0.17018238504663788,0.6980057785541447,0.43808873330385567,0.4760949399529617,-0.07817538816397225,0.19897521233063753,0.24045272825249828,0.34462169259160486,0.707769414472726,0.29226952510331455,0.8842628357153807,0.9364367218870581,1.1332579002917198,0.9371012643116877,0.34059183246233055,1.414266099467831,0.6800289079731345,1.145159918546167,0.0813761228868682,1.2859088021493463,0.8567025225021387,0.24053088576781043,0.8673127182806554,0.6771592040542932,7.254328619247669,0.5322621655775871,1.028346385275182,0.3385675919374823,-0.05399545264368439,0.31509420299360785
ROI_096,0.5362650684350465,-0.2508110186440649,-0.15270033696189958,0.14279997506141076,0.37309959228658196,0.17908673494254806,0.5998868474371106,-0.3942549326588334,-0.22096092403297113,-0.4949298639383893,0.08805146546493847,-0.6259975909500652,-0.42161805854873247,0.01838090972557544,-0.10006927630787814,-0.21300165796883208,-0.4543204758959535,-0.4632233319769617,-0.016740201901086372,0.33938894129187536,-0.48666742638006644,-0.2403002409572499,0.1915296366519463,-0.5189185852476278,-0.16372998752194873,-0.6537115283975076,-0.48464798286597116,-0.06607383319889228,-0.20908771323974712,-0.16889530148714665,1.1085501075838784,0.6626973002236684,0.4632748512095009,-0.4171302638470446,-0.2629098222185159,0.20343417966055732,0.35731298947287954,0.354709563572379,-0.22511662008787073,0.10471267650825812,0.29902595458652037,0.3001165371651561,0.09804492991916752,1.461633723210438,0.8392714979436456,0.5796223844290959,0.23789589528030838,0.7890206835322093,0.5239598368131391,0.5120595778498919,0.7159922455031963,-0.10090716680814919,-0.1902424892120801,0.11459338715069303,0.6475285994732821,0.05208553824780247,-0.32232075646133446,0.003327503090696245,-0.4305058296184949,0.005630571640262443,-0.54188611549018,-0.21857408095152575,-0.4814414041413769,0.05399927899550918,-0.0466760289512529,-0.3788717911256982,0.7782152188354814,-0.2524567150506207,-0.36304153031057046,-0.4042738961183109,-0.368172732097029,-0.06400566806469762,-0.06784366418854515,0.6097803272961272,-0.7216806731609872,-0.342043880211559,0.026950463149460167,-0.3428156997306818,0.8902705303359396,0.46398527659802,0.009892030965650481,0.2529414687961405,0.3173730820072577,0.0709583860437474,-0.355688762831265,0.22949002100438146,0.3953178043243722,0.22109643113803298,0.08746980113084318,0.6461041673474591,0.8079740618325996,0.3175622993292652,0.22893532287061774,1.055222019099481,0.5322621655775871,7.254328619247669,0.7172543308893831,0.3515770110514,0.526966012372504,0.5479982315985966
ROI_097,0.2586975356384795,-0.2930397509681182,-0.371224475334979,-0.17820061507367538,0.4273207465146286,0.1268487826951285,0.775921182833185,-0.6325431649201214,-0.2002290311724479,-0.23389711547517097,0.10434997323949927,-0.41746003344500715,-0.253911243262951,0.04805500934341518,0.17790136360538883,0.04945860680198606,-0.3379149194735931,-0.5890298888339348,-0.05583222351110107,0.4958072291171552,-0.35498081035096574,0.13055265892208756,0.17214038921383665,-0.1551698291543666,-0.18316156996307525,-0.490588018178801,-0.13690134529493422,0.33588551034023273,-0.002711233739361525,0.430820759178731,0.3658174579720041,0.4972678055352931,0.41935979118726696,-0.2728992662464519,0.1604585721270355,0.5079576363651476,0.6395481342996944,0.8285541246372768,0.3729242125861803,0.7143614089351995,1.072362604803346,0.3879638730633319,0.6193209932439665,0.9810047469964475,0.8552432953070606,1.4865953037781081,0.9624014707191347,0.9632242431490138,0.5456680155471966,0.9645095476727696,0.37245932642869983,-0.28962195767119003,-0.19007756957261437,-0.10274554712424547,0.5687431414190057,-0.035645729080694424,-0.6224017932272613,-0.21038479658252232,-0.023155278698142445,0.16431203588237275,-0.2593740580599965,-0.09797764792277107,-0.050091056672824465,0.06213032663077895,0.06735261054122953,0.009573500746253422,0.6761449879081065,-0.18364781221875678,-0.22318422405223665,-0.5922992903279115,-0.27601377445287134,0.22176001400106915,0.30346493765362914,0.5680240488751771,-0.4118400068545325,-0.07997941129635386,0.4586789206378757,0.08275355926302264,0.649067566756503,0.4916908221102041,0.2773814539628607,0.8143081601447658,0.5872667130373581,0.36833022674641486,-0.1344899611695877,0.9440787940752595,0.6458398964253838,0.5764380047370335,0.2211615810077851,1.5293872318688222,1.028295804834158,0.4495471011751214,0.7711477153695766,0.6264400687107762,1.028346385275182,0.7172543308893831,7.254328619247669,0.43665087888090476,0.4264056848117259,0.9319632295706054
ROI_098,0.22457280074749017,-0.2863301255156181,0.02648358209346834,-0.2259200289566574,0.0416799331268039,0.23745338935101973,0.18000502315089761,-0.33800586764844853,0.1144344909706525,-0.2250616418986189,0.09146322310102901,-0.412656590919238,-0.0363418744152182,-0.014627012657620656,0.19622982927215668,-0.36690003503259927,-0.525489032016029,-0.2362718073183944,-0.37941003417721286,0.503851335899859,-0.3263027043689261,-0.4385536051235403,-0.10700736916879523,-0.4129687262940172,-0.2599332426705523,-0.601990019618029,-0.07862988497581956,0.17816431715497172,0.09631185429057744,0.01539079801736196,0.006884231409266782,0.12413518957547774,-0.1285980062509608,-0.1453049791371037,-0.2904229020504623,0.43091018251707347,0.42140018627942755,0.2513684204271754,-0.1669238258401389,0.09763325906694872,0.09357689209908127,-0.2374390844808473,-0.2859598964024763,0.32257244775151683,0.14114070596573938,0.18067885202198686,0.010648632426322696,0.21115607752030865,0.37851573536832545,0.30263609479763703,0.34103093702939413,0.04223220640137285,-0.07572425224114684,0.005295715456308778,0.3122294426816757,0.29171975602876304,-0.03124344300889044,0.29083780119353453,0.23733060461470634,0.4837311503127417,0.17765361185457895,0.436602828979695,0.20857549283371238,0.28261143463632976,0.09469254826321188,0.13358079851834054,0.635144268782188,0.014211683515487508,0.044740413931138506,-0.00830882243325205,-0.07697510747366139,0.23645148998864604,0.18859617811318793,0.7649996322092941,-0.06067107519028849,0.24052628686718538,0.43466014465577074,-0.04225135089171558,0.35424027173858275,0.4616423774933717,0.12101379302346982,0.3937821001568451,0.4023425344845414,0.11800536051075564,0.18986340162288232,0.29024483257752437,0.41994400438306523,0.1877009742149642,0.5179952675527153,0.41893696859963725,0.5039983801762088,0.8324657840944334,0.5265945576607911,0.38268393900473874,0.3385675919374823,0.3515770110514,0.43665087888090476,7.254328619247669,0.4178291876517727,0.29699989526424986
ROI_099,0.5766868707297123,-0.35446103472040896,0.11999395736164156,0.0413003871993655,0.6625627798689896,1.0963416234785786,1.1113673697470339,-0.13102912535116062,0.4638814126513628,-0.47850772088817495,0.5182252076014299,-0.43016472745160456,0.3405912675435897,0.571506001516992,0.6013784934602179,-0.25709755516098626,-0.648488558416271,0.07351371833686011,0.20724443460873473,1.128998185335621,-0.12074060914051342,-0.3775292055461571,0.4145421793396361,-0.9808991578182427,-0.23507340470091295,-0.8349025111176709,-0.8418528970327853,-0.40391252790544974,-0.396966684619237,-0.18095430837288798,0.2986813763673483,0.38465609525696387,0.04432159921127968,-0.4305259821373839,-0.6216683256251281,0.6914237647344297,0.014871030015272204,0.6657516747792264,-0.1742198745731009,0.4936251784007974,0.25401645125497485,-0.07749500051153838,-0.17055530479263498,0.5425108304386426,0.07666811390197042,0.15699460234616336,0.06487233446869682,0.6063123331812086,1.672772234490492,0.9829434891536252,0.5691062584171939,-0.28954733780098413,-0.39793917091631476,0.21869937589126195,0.770180582234864,0.7453885359801113,-0.10970231501820517,0.45194297453874044,-0.32437120985830303,0.3886875825728056,-0.25518873559499816,0.442915231471052,0.0117922510574669,0.6737307618990886,0.07051446893848433,0.3977695051315477,1.5130858794617847,0.11802664554456936,-0.6155243189795492,-0.0968136461948842,-0.22723351427316474,-0.4183606254435828,-0.14278844001136437,0.5287370525458027,-0.761590723553279,-0.44785986263084837,0.46102979497491364,-0.4784205377248027,0.17694732769063862,0.4855268971523735,-0.6586320205281987,0.15895183368839674,-0.2568385936286492,-0.5383343469741939,-0.8336916772567645,-0.09159903852216619,0.15140027439442724,-0.32836419971347636,0.43930250834403733,0.2605792264607143,0.3686844611512122,0.5782130038820212,0.04396523904677464,0.34253202913495623,-0.0539954526436844,0.526966012372504,0.42640568481172586,0.4178291876517727,7.254328619247669,0.8374182145329228
ROI_100,0.36304061942475324,-0.5308626662154405,-0.19188049092763848,-0.2898556984243606,0.40545597288213103,0.4226700777900503,1.0160097041991967,-0.5042895392136376,0.11245076004859265,-0.3342226896102899,0.4602536516704417,-0.3592597799055006,0.10293839527650817,0.2971768692302476,0.3739949468142418,-0.18303987484096818,-0.47199600592169555,-0.16202187620041533,0.24161863125836017,0.8871289516714099,-0.2969307458726713,-0.07169415703937988,0.34327650660144066,-0.45718001196868563,-0.1050060507934861,-0.5375798746442064,-0.551926144736526,0.00040905082378853234,-0.31032323711786114,0.1749725119980174,0.19767593518727689,0.547890284450888,0.16820106083065073,-0.40158632713138204,-0.2264240913593052,0.8076970812234177,0.4152943254647838,0.920894028720596,0.11434903074746276,0.8627043252931389,0.7123101482613394,0.060773147274123265,0.23465912432897662,0.7280998896870805,0.3839927052781697,0.6705142072884959,0.5573492098072865,0.7915850661798841,0.9039757866734516,1.6341673497832623,0.33802331961228305,-0.43997483377486846,-0.44467909085959423,-0.17272009997812857,0.5646171025457837,0.2168826894021798,-0.5181746412592768,-0.03666618570251427,-0.17493654131457748,0.2890633652135425,-0.22767376222472915,0.12867806232250395,-0.02327623015214248,0.25268030359354665,0.033857377626673645,0.13677198270770233,0.9403962572453397,-0.006027119016531405,-0.3944691331679416,-0.32448221011956246,-0.354843711575841,-0.14269902754470526,0.13271971682016293,0.5362805613554744,-0.6535082736239585,-0.29070590521155854,0.5576607728829361,-0.1083757496619148,0.3021256132309967,0.5257560636346176,-0.23382042481656892,0.5163108846008541,0.09058936388829303,-0.15855810738505405,-0.600416960742796,0.33930870940718955,0.5933965957434357,0.06803372305145142,0.48202013272023764,0.7414314228431351,0.6286860669924049,0.5024347530804024,0.3674493632566883,0.38994554189272357,0.31509420299360796,0.5479982315985966,0.9319632295706054,0.29699989526424986,0.8374182145329228,7.254328619247669
