,ROI_001,ROI_002,ROI_003,ROI_004,ROI_005,ROI_006,ROI_007,ROI_008,ROI_009,ROI_010,ROI_011,ROI_012,ROI_013,ROI_014,ROI_015,ROI_016,ROI_017,ROI_018,ROI_019,ROI_020,ROI_021,ROI_022,ROI_023,ROI_024,ROI_025,ROI_026,ROI_027,ROI_028,ROI_029,ROI_030,ROI_031,ROI_032,ROI_033,ROI_034,ROI_035,ROI_036,ROI_037,ROI_038,ROI_039,ROI_040,ROI_041,ROI_042,ROI_043,ROI_044,ROI_045,ROI_046,ROI_047,ROI_048,ROI_049,ROI_050,ROI_051,ROI_052,ROI_053,ROI_054,ROI_055,ROI_056,ROI_057,ROI_058,ROI_059,ROI_060,ROI_061,ROI_062,ROI_063,ROI_064,ROI_065,ROI_066,ROI_067,ROI_068,ROI_069,ROI_070,ROI_071,ROI_072,ROI_073,ROI_074,ROI_075,ROI_076,ROI_077,ROI_078,ROI_079,ROI_080,ROI_081,ROI_082,ROI_083,ROI_084,ROI_085,ROI_086,ROI_087,ROI_088,ROI_089,ROI_090,ROI_091,ROI_092,ROI_093,ROI_094,ROI_095,ROI_096,ROI_097,ROI_098,ROI_099,ROI_100
ROI_001,7.254328619247669,0.5840844208708384,0.5390493592621093,0.5083710469268282,0.5832337998155084,0.6347523625321483,1.179873917105493,0.4774415456935794,0.4810775506039541,0.6652235030273661,0.43113798472920006,0.42185820662193835,0.539518210167977,0.5253155367433777,0.5198378752534957,0.807652156278637,0.413698015192955,0.44023400964645665,0.15309472271375751,0.6232990668219149,0.3490959061465191,0.4585099733013415,0.7321125392704304,0.26783121732243115,0.5459996273518706,0.19316819780980723,0.542847343011174,0.5546109754032928,0.5398597396515682,0.6014179667484824,0.9494664939066606,0.7065901165012781,1.402328144658234,0.604806751609446,0.9650635594484278,0.5475869795865648,0.5910827906917657,0.4649414298538762,0.7871281365327356,0.7117054075857558,1.0181330324303988,0.6081293319078761,0.7637398636404493,0.9206509089187844,1.3083613496991686,0.9967676151481227,0.7722091979838691,1.1553050988795928,1.1902110649581423,0.9296188526202157,0.5106585450620968,0.41499014442901433,0.343505419141569,0.45748824055774695,0.4797886061448547,0.5101931462422671,0.2996774135691124,0.40435624617090943,0.48374928802841205,0.39463648099408305,0.4650690933269226,0.41236358778367477,0.4423730651093051,0.3774192216268813,0.42471331190120737,0.4730409003127867,0.5020253786600465,0.22271445380298321,0.2357806587272157,0.21266352529414076,0.34297544326408586,0.21898579716305686,0.45997415833303096,0.3563375209631808,0.09889203173366354,0.17936507424766374,0.37055070890344605,0.3842644513546532,0.5594576925512605,0.3497995603612757,-0.01735394470228894,0.34119003386162283,1.1659889068458078,0.6971874012493441,0.6313166839907581,0.5165119740183227,0.24409453512319415,0.4452079239452681,0.48723901979348727,0.0562527216907932,0.5236765450433409,0.4351117334431591,0.3756704504178505,0.16397641291296375,0.49179503923771645,0.8035472950813898,0.958244614719801,0.9464147761931916,0.9492602996931198,0.4299344248999919
ROI_002,0.5840844208708384,7.254328619247669,1.723643690286749,2.02856465551114,1.676914279189677,1.4476306352994677,0.9679519195245443,1.6796363728415549,1.6873247100626467,1.7723177082102888,1.5626515650469865,1.5719008687920963,1.6286185795520094,1.4141747512851344,1.6167483824007325,1.906304787873786,1.2567973507540358,1.5187384959228274,0.8572089318362198,1.9202108477656163,1.1151144597555016,1.0510824840569726,1.231656874203477,0.6779705071872436,0.9742135250284426,0.5892928622286512,0.7095845003301793,1.0263481919223378,1.5297371704433878,1.5323505989199977,0.714274357076052,0.35805314815053624,0.7254679345223766,1.561961723555775,0.7075093168463851,0.5033382526506697,0.6677575141150366,0.40240746238712694,1.1479133875778298,0.9015561508151718,0.9343234278502561,1.1963617260930524,0.742318672246518,0.5025866740765321,0.5323479093956988,0.6102649405131129,0.4092878701426962,0.4854210630680866,0.638688377584976,0.39386806410570474,0.0509068118918788,1.755475761416054,1.172309245328434,1.8501904318720646,1.3400478935422449,1.4836892240041955,1.5293791485804518,1.7361752581188592,1.254197695005894,1.6106626196920635,1.4899602466101447,1.5643453195774761,1.4083140511808483,1.6794884886076582,1.23811721469972,1.4322698994841372,0.7070447127135504,1.0782802868901384,1.239054268575483,1.283436012137571,1.4379211121044742,1.2267019863771165,1.2240456474624068,1.080696661436412,0.8618884996360023,0.6623038832139219,1.0771750464235834,1.029918033707803,-0.15704725580487677,-0.09082085711516899,0.43559237540298823,0.7937892011283975,0.425012163778999,1.0522227305158152,0.7326974336704122,0.9959292655936631,0.24309812366834146,0.9643683354872483,0.8505391624250637,0.19763966427288454,-0.026540286858965888,0.7017383069556685,1.1372638608868153,-0.0017130193729990144,1.2776419300251598,0.7055108206352676,0.5769537594159577,0.8857996009566894,0.86162650829438,0.195467164110848
ROI_003,0.5390493592621092,1.723643690286749,7.254328619247669,1.7115602248852113,1.3867381318332634,1.2363003336356841,0.7696330757146452,1.66183131338062,1.5125921610271398,1.6760400409642564,1.4319005686529849,1.532228788752141,1.4159625397282194,1.3854538534237866,1.513582163657394,1.4836966917627485,1.213659505562486,1.6189662352491185,0.930792206614425,1.5839406957807074,1.3018777412164781,0.9196129412679146,1.2362836279249074,0.6996699559282683,1.0093678108960453,0.6343777125015636,0.7328484299791813,1.0285666987344142,1.4027428464483835,1.325444574051394,0.6871075350390752,0.3413185326189841,0.6213289508296612,1.4917070240460153,0.5961417814900345,0.5549523210334811,0.7453066982532472,0.3798599186350016,0.9469517625685293,0.7243890624221242,0.7289880414026524,0.9697933918205199,0.5865006211734498,0.53098390382488,0.4469234486148683,0.4798735192955822,0.2901667257993134,0.3780323229166583,0.616593099045997,0.33466338946501273,0.1162442602239469,1.5993709102750218,1.175066794092867,1.5906709181128866,1.2288494415252875,1.290688611023444,1.5412596517429729,1.5263900231901195,1.2396860368814893,1.4323829984057235,1.3980004158833612,1.3724751536112096,1.318385026345237,1.3674048754517234,1.2470644697684485,1.2742969014257282,0.6291699730710378,1.0537266149034321,1.2528680876466374,1.3647814852316822,1.4529273222331947,1.0719087080690461,1.192935174929974,1.014277201204388,0.8712774702375636,0.7222343964211432,1.142665125741927,1.098477719558704,-0.1282055235945806,-0.05432962076168587,0.4766776649060874,0.6913582425343918,0.35524789664993817,0.8066133945955406,0.7353814056304383,0.8008015968110022,0.34077628135088456,0.9141503719384706,0.8435679925554534,0.13962205426296814,-0.022774324310695742,0.6241135959676001,1.043995960178957,0.04892872566397291,1.0181016916057384,0.705422453460726,0.44629146630033295,0.8050281191776709,0.7197428348745285,0.2313490336804593
ROI_004,0.5083710469268282,2.02856465551114,1.7115602248852124,7.254328619247669,1.9307561531689625,1.4744277270535813,0.8324743014669774,1.848158313408008,1.7589391606562808,1.7126203082113882,1.4914595674973548,1.6126506334703954,1.5403110098294828,1.4939643572461794,1.511652457744996,1.6183524628408175,1.3864658878999188,1.685798278375858,1.070427107396857,1.7280923163293187,1.177985907725467,0.9300999873637623,1.1524055321030642,0.7245521725088202,0.9206230459201419,0.5458935431553019,0.6456671783367534,0.9513879537445673,1.3724585016143311,1.322223576689233,0.6802312117291364,0.24932610926009952,0.6188780844447601,1.7214217051172034,0.5255517963378645,0.4588490972822987,0.621411808061609,0.2888822780898752,1.040104146619241,0.8286709643450902,0.8008742113853731,0.9882676983713953,0.5524021311401048,0.457382003489578,0.39720373420986216,0.47903665104113896,0.27349097706701647,0.33320021403917505,0.5820407662249548,0.2709657032720061,0.12043151457150318,1.788197696821021,1.2129824966800102,2.441108168745774,1.5664144772757833,1.4971473492946725,1.785499369067502,1.988612927979145,1.3146601373985916,1.4743767866174948,1.3579004905248875,1.5158928485687602,1.3074232605361777,1.713952146471687,1.2706713692994678,1.3454326433120223,0.6523180972209008,1.0618379389809662,1.3286904724815447,1.390553337225874,1.3969103977694306,1.1497286595755007,1.1976947951445704,1.014510875359763,0.8001695949375988,0.649571221348865,1.1153699983851473,1.052633639840551,-0.14905634020465747,-0.10711528291156701,0.47295887313585483,0.8064952554707372,0.3359830357034419,0.7722068259810041,0.7019529716172469,0.8615960055640506,0.25550816249429437,0.9875559974340195,0.799951624973353,0.17050735498281666,0.021039446331711918,0.6582527955080903,1.1513492178085345,-0.025114714178767317,1.1796459494698457,0.6391830158881292,0.4746711275333817,0.8134041801886972,0.7566456354165336,0.12706648287487393
ROI_005,0.5832337998155084,1.676914279189676,1.3867381318332634,1.9307561531689625,7.254328619247669,1.5665168944346648,1.017173979097558,1.5657079829617848,1.633969574284857,1.7202495882328535,1.3725425663034079,1.4759893145322682,1.5948672408939881,1.6361307257630693,1.579763116468634,1.6361379012304218,1.357706034186681,1.4940625263253973,1.1179110780381125,1.695243646035558,1.1102292708605077,0.9082604529944285,1.2049377413440139,0.7714094305437358,0.8153122339437625,0.4213058469526924,0.6286427875763985,0.8529882903005297,1.2707730182360386,1.2498783328524432,0.7927686059451368,0.2579593226645933,0.7529436993973295,1.7116736445177352,0.564673197719442,0.4286783808914197,0.5770496585663114,0.2669871069186538,1.2669516886166665,1.1017038530569472,1.0425520316800425,0.932679475626509,0.6012277405354451,0.5167226653497785,0.4971905875721039,0.6391325880013322,0.3960597428287716,0.43697189576768436,0.6466676969338182,0.36471073343855787,0.18280900024534275,1.4672883604847409,0.9798766608443522,1.7921184773564485,1.7923480120411603,1.5486558574311455,1.3232685689812158,1.7041162160505936,1.285021753319944,1.324788132673556,1.2200699631516059,1.5174873927238377,1.231095620886759,1.6977653280911997,1.30505635284001,1.4835003090099343,0.6454538902833524,1.004772203245712,1.1283860459261068,1.1096349944405264,1.181795782718444,1.0057092121510933,1.123202296097207,0.9468101088982539,0.6312322539950512,0.5306446494508142,1.0533457293856827,0.9404969789015559,-0.020555177263287157,-0.06717620666928219,0.4061387149043982,0.8269317142078547,0.4495946786174929,0.7402049044061751,0.7026693338638705,0.9402711120608083,0.22872391650525292,0.9270393483649851,0.7704540523215331,0.1947289569351086,0.16309254823760405,0.668277019479297,1.169663072470223,-0.00952420997946047,1.283963485298561,0.7046489901502112,0.6440241008254556,0.9572518018717305,0.8583782278422905,0.1578240277566536
ROI_006,0.6347523625321483,1.4476306352994677,1.2363003336356846,1.474427727053582,1.5665168944346641,7.254328619247669,1.0557053941029262,1.5742334997961471,1.9819409929586558,1.3384652443579323,1.0776035192338504,1.0421559000518275,1.2100894228864183,1.5308706878161038,1.5146731744222817,1.2912581073719134,0.8623207865218203,1.2228849994673927,0.921143939652256,1.376475643437186,0.9026626936831946,0.6229970185975336,1.010208921197097,0.39470463119795857,0.5412178248187413,0.20914648240874686,0.4081107856548684,0.6442271470520747,0.9764849822344597,0.9752710513004497,0.625070931399001,0.09365288462664083,0.8404856308616842,1.2640017429193007,0.4776733795440364,0.36112343410755005,0.385345463942335,0.09163071287408774,1.047857492943229,0.7814623038052616,0.888287891989804,0.7586714820250032,0.4341320406768297,0.4017591383115114,0.4974196329208979,0.5133790191693198,0.26601170264461427,0.49506754500054667,0.7494634705853931,0.3313209260836736,0.13067463073260124,1.1319636784045402,0.6366812738970246,1.3948391765570336,1.793340942784676,2.137356025226814,1.1293735742486972,1.6620387981380842,1.1722029109943504,1.103358303005488,0.9061978890732444,1.3150606363034887,0.9519397330690135,1.5484725954065197,0.9768811304369311,1.5723730343644537,0.4090944535122869,0.733771450798077,0.8063294260426328,0.8355672967050569,0.916798872164133,0.8031068465081648,0.8812463761198877,0.6163588990669654,0.39898012336864525,0.2971912569703879,0.7324102251398128,0.663233129222591,-0.05792556998192785,-0.2475772907373789,0.09214831809831169,0.4972379939586919,0.4385726217152685,0.7489439530582046,0.5447945479113319,0.6642735221190197,0.05138676993182576,0.735703025194894,0.5576997154607448,-0.08013288890403612,0.14491969722376052,0.4959631652195026,0.7669997590070292,-0.26339872086025956,0.9630952241580046,0.5693921521968176,0.5515536872520659,0.9324884356602288,1.0006297714607475,-0.012103737234573116
ROI_007,1.1798739171054928,0.9679519195245443,0.7696330757146452,0.8324743014669774,1.017173979097558,1.0557053941029262,7.254328619247669,0.7430386633827538,0.8368927962338423,0.9336501822327958,0.6851082166949022,0.6930356480071643,0.8609522927760502,0.8338607733252584,0.8856297194956873,1.254896356528285,0.6393743880601098,0.6902454642179064,0.3864133055335134,1.0224821320935518,0.5544236675891577,0.688700785368264,0.9663330286068988,0.38853095596890125,0.5717048926535063,0.19628404528206175,0.540891417553028,0.6472029486238908,0.748487340896673,0.8439873088638186,0.8461487526677113,0.4837861921064996,1.6010058131099416,0.8758145069354751,0.9978696794218286,0.49296249821295235,0.5453947589227677,0.39107359777688194,1.2594863244603733,1.1392373247712015,1.7973535061939783,0.86919704047703,0.8747796839998622,0.7042469014374892,1.070606131331715,1.1577424776953207,0.8976955775214623,1.2919070438617302,1.1746185547621508,0.9983726809274024,0.2943310600299686,0.6852602650401135,0.4988711677862172,0.7792777488021084,0.8338904026716282,0.8900432136191974,0.5255214559968233,0.7298833687914086,0.7311566458685929,0.7055038368807992,0.7044603758664503,0.7706680585561676,0.7235211041721084,0.7448671774079688,0.6605885947679769,0.8551314465259425,0.6802081046765218,0.4578584083511188,0.432978090918089,0.41798106830270265,0.6029635457823057,0.5167624835652208,0.6666806068244847,0.5655466798273512,0.2620986107354459,0.22265379458493523,0.561129374505684,0.4900840232047891,0.23649498051286885,0.09140995718453249,0.03414929522564321,0.5651756033202118,0.9395543852467929,1.02820639785252,0.6124486821444358,0.8463290554314342,0.17041851075709846,0.5622662148694082,0.6078423129303054,0.15540252811959446,0.3929142900131562,0.5409538073309157,0.6644703284327761,-0.021960878232010168,0.8100466294162748,0.7027942055940566,1.1774865476789051,1.1418010036830968,1.3738361551401015,0.36658618555035083
ROI_008,0.4774415456935794,1.6796363728415549,1.66183131338062,1.848158313408008,1.5657079829617842,1.5742334997961478,0.7430386633827538,7.254328619247669,2.0283629716522937,1.754069966884576,1.4784039921436007,1.43104442418299,1.4603696382913778,1.6908438054988852,1.607533466437682,1.308695178246051,1.1491046401953169,1.8128797663644887,1.1458426402737807,1.4139990442366892,1.2631244683036225,0.762195564929468,1.1099306775496982,0.5894129475029884,0.8000074061534455,0.47315660986175245,0.5698543351086554,0.8292610100312294,1.2170164882539254,1.1498631881846701,0.6468162643159715,0.1751092303984898,0.5888834150100895,1.4301578012242802,0.45845081146384165,0.40761284573493134,0.5365291728893979,0.1960670798796397,0.9542563559499014,0.6833047132556107,0.6759430897950852,0.7972822476034473,0.42649850332896083,0.4160132184350525,0.3839110759379085,0.39753921598033165,0.17781647369641487,0.29859867859590994,0.5395503572116436,0.17962421356054029,0.08186987867852807,1.5431268300504535,0.9447410707814126,1.6422903733486451,1.543149872812345,1.687472015301659,1.700692405655756,2.0026875700964335,1.2677281948714383,1.3356620161392283,1.1816156894281056,1.4590743785552351,1.1549540165655856,1.6657722870315956,1.241828602731885,1.5327497961345613,0.42517830585022104,0.9859318985914276,1.1511149039600455,1.260239479285856,1.2373536950246604,0.9762617314075059,1.103225903560088,0.7946821010079683,0.6802396487717568,0.5346348616710874,0.9393670328074483,0.9159258162952544,-0.131953290748288,-0.17804297120522125,0.33938516698662285,0.541838349096882,0.30290873941341373,0.6702462558225342,0.6256286407485113,0.6537750824392868,0.18189059001124816,0.8942108768036541,0.6353503230706927,-0.034472065605204306,-0.016659047405555058,0.5318972709878357,0.9181350889817453,-0.09703412800796984,0.9454778976490981,0.5930034366355125,0.37846833618125164,0.7581602102346515,0.6877295849981147,0.034273858758322694
ROI_009,0.481077550603954,1.6873247100626467,1.5125921610271393,1.7589391606562808,1.6339695742848561,1.9819409929586573,0.8368927962338426,2.0283629716522955,7.254328619247669,1.5396306567310392,1.3364881326012068,1.3228084373201305,1.4682827517027446,1.8069948487074778,1.8474133839912348,1.3319726774328735,1.0201489929171248,1.5410207507611056,1.0834345269128811,1.5405494898730463,1.1326277715223207,0.7407812627547667,1.090994763641196,0.503994788135349,0.6496342770389085,0.3513506480003027,0.4905517352593284,0.7329473038606894,1.1297201286505194,1.1284354660936984,0.5936122369571982,0.09743268306497296,0.6554854453943824,1.428632927189408,0.44001667931865607,0.3826135186641331,0.42927836956102666,0.15575151167862689,0.9891102867009147,0.7324040937241326,0.756588035560606,0.8163830223601045,0.4358560624658155,0.3656572182673154,0.3823831282192432,0.4264096247389077,0.20096593819311453,0.3566666080237807,0.5818723916926354,0.22023866431702022,0.062052279471398644,1.4469863956225377,0.8228859237873035,1.6631484141562176,1.7995118648863464,2.274616260111825,1.490392547455776,2.2584163843771394,1.2970591473409767,1.338516689757681,1.1040296147494473,1.5790072919445888,1.1684914976166523,2.002276371010473,1.1901316539916373,1.8390104531717737,0.4349897156434274,0.9466854737517874,1.0537625469954948,1.1255064514750839,1.1926444122514126,0.9960185608901749,1.052738240190406,0.7580392002529304,0.5910334846499578,0.44352185039725917,0.889569164580545,0.8142035272142639,-0.16305893317749245,-0.26077882632227534,0.24747886130212873,0.5692982516068399,0.31851580288404713,0.7263349725326526,0.5675594662570012,0.7097754396285155,0.09050899827653992,0.7992074018209784,0.6303413954873724,-0.025734994855907637,0.009891126046781658,0.514948391862298,0.8947377641212646,-0.18294356722116298,1.0215950979490493,0.5570965305707775,0.43396725303764205,0.8208191771202913,0.8116612964691241,-0.0007284435599373037
ROI_010,0.6652235030273659,1.7723177082102888,1.6760400409642573,1.712620308211389,1.7202495882328543,1.3384652443579328,0.933650182232796,1.754069966884576,1.5396306567310392,7.254328619247669,1.6707137860574426,1.6599034085559068,1.7484934393444227,1.6639861201768213,1.6828613121014118,1.678955178059761,1.4001138603404713,1.6931277967878278,1.0309273972987423,1.646578001063054,1.3116927444956679,0.9577029914069566,1.405989427768375,0.7983377209928949,1.0317472236097913,0.5677398186794917,0.774191914510125,1.0224445480476532,1.4989000047619978,1.4417534351299606,0.9005802984731239,0.400542456169489,0.7661461576536776,1.7519358806412086,0.6835965943088046,0.527933365210496,0.7384076323645395,0.39581065732891146,1.1507777784596114,0.9454261405580127,0.9450987275260567,0.9714334371351127,0.6682817976719347,0.6069600135164593,0.5806804071681066,0.6491800046379068,0.40641146581673304,0.4644283366405451,0.615666038934216,0.379182305047303,0.19948750878500915,1.594331252860247,1.0757617830733244,1.528280521805781,1.3554237222810661,1.3669172626850028,1.381056305564277,1.5304024340039437,1.366116072368625,1.4564190593050732,1.444112925634225,1.5141547361537697,1.3633527734042836,1.484375832727357,1.4128258817315704,1.4889464349711485,0.6015389247498937,1.0858206635163903,1.210739689114704,1.2305996168058961,1.3276918253449224,1.0348247877380632,1.2986310731339452,1.0069107143243838,0.7720502935298991,0.6566815662820289,1.1245710915813796,1.0632240415340124,0.022869839680615126,0.012091485436212147,0.4600791650207767,0.7148949376624163,0.5040736038178542,0.8106935020229749,0.8031200964931985,0.903247367498576,0.28521990362952443,0.9435300411678619,0.8087600295465341,0.15223318446904507,0.10037610470633641,0.6809837698471791,1.1251605590283,0.08570022795784778,1.1792011643682467,0.7843028100877762,0.6118679585508973,0.9238615565427143,0.748455226703693,0.2365953212686664
ROI_011,0.4311379847292003,1.5626515650469874,1.4319005686529842,1.4914595674973548,1.3725425663034083,1.0776035192338504,0.6851082166949022,1.4784039921436012,1.3364881326012068,1.6707137860574426,7.254328619247669,1.9437041497499246,1.8263984297751406,1.4468660432731675,1.5160350977591655,1.357211130456856,1.5118353390987471,1.6569933534156542,1.012210655065419,1.5544687372773722,1.3624293075342369,1.200000100151735,1.2245351521990455,0.949596834660449,1.1136034658073937,0.7922024429964876,0.7558666982470068,0.9858226965672798,1.4514002949451619,1.5354774228462968,0.6324827126038611,0.3454007834059915,0.4873916084711073,1.5621640062620308,0.6327727585895346,0.5289524350180782,0.6213461777673568,0.4582203806937975,1.0592873552680433,0.8915879454081688,0.7572858492120594,1.0598358750838448,0.6687277926928497,0.41491997161791405,0.38037438161594495,0.4749583314473565,0.3498646789686921,0.29532005410192724,0.44965195669962293,0.25694111971310424,-0.03303206336497591,1.4105210772760939,1.1723312623353295,1.2940119667919427,1.0845275292159176,1.1333513467191347,1.312053534590422,1.3891953090442408,0.9912159463340796,1.4752909055565397,1.452651278137921,1.4162938459416756,1.4300176532970563,1.419665877191519,1.3241722270333929,1.3195746679432698,0.5809291805607545,1.154785050653497,1.3018549546634814,1.3824271362692169,1.4533533611557237,1.0972576193122505,1.1527530247729019,1.1221660250017294,0.97029578799151,0.703691698645338,1.2050747157511283,1.109845649803784,-0.2025686297399111,-0.11235107394788546,0.5869043764600556,0.7552288684781723,0.2430300372230086,0.7296969040004851,0.5965943707022028,0.8621408560841403,0.2713356819523367,0.8221831140353402,0.9219068843684675,0.18437644742225356,-0.16949036624050756,0.5396339075237352,1.036055441078691,0.08430295701863032,1.0613542197967063,0.5765632272775739,0.39003411699218743,0.6317672741864897,0.5982817115432703,0.19572083911658883
ROI_012,0.42185820662193835,1.5719008687920957,1.5322287887521404,1.6126506334703954,1.475989314532269,1.0421559000518275,0.6930356480071643,1.43104442418299,1.32280843732013,1.6599034085559068,1.9437041497499261,7.254328619247669,1.9536594252661492,1.400616988629859,1.4771001790905947,1.4520833203924433,1.7733071675888221,1.7798008905029261,1.0876005000992386,1.6966859473715783,1.4387641084104694,1.2542791914933278,1.2375215578892063,1.0829011941826632,1.1208092860425058,0.805936846810455,0.8117920126814226,1.0228601507987245,1.4566128388798139,1.5257168339041436,0.6710745426140454,0.34245073753271166,0.48872482717935195,1.6984184052361055,0.5774104976939379,0.5726648223454958,0.6835877754281531,0.44249749254088583,1.0021364153930683,0.8954543908775665,0.7560175907557893,1.0465505806927358,0.6437873390348402,0.46744652329491587,0.3642124709239408,0.4701668230151691,0.32860596324004193,0.26712761096341525,0.4457107690015526,0.27300480497572177,0.03789195938638822,1.5602560266950987,1.4009251277526729,1.462618595713131,1.1196436130380323,1.1172633931355334,1.4396216458928395,1.3931024996832857,1.1192664427623922,1.61043339754969,1.693390197075232,1.5612341341730123,1.6299282098050225,1.419090379281621,1.5372485512696135,1.2620338352031082,0.7201553263125678,1.3232025004301993,1.5498939989472884,1.6237380660004108,1.6987016472593808,1.2011739945631734,1.3051302604363013,1.2577045626174035,1.0797377468421887,0.8142319444762561,1.4563802941550172,1.2920194618833085,-0.1881518952534723,-0.069851312320077,0.6939609666071713,0.9130041235534954,0.25789175895678595,0.7119858166713767,0.683840635329927,0.9357291312513665,0.3398639414536504,0.8949326144105161,1.004152320180393,0.26237380386843634,-0.10995639105303791,0.5929224772730459,1.215322754914823,0.13063837328048286,1.1231113158119685,0.6364270711510747,0.4026973659513528,0.681223632424267,0.6186296326631675,0.23598983910605772
ROI_013,0.5395182101679771,1.6286185795520087,1.4159625397282187,1.5403110098294828,1.5948672408939875,1.2100894228864183,0.8609522927760502,1.4603696382913771,1.4682827517027446,1.7484934393444227,1.8263984297751406,1.9536594252661479,7.254328619247669,1.6107400832494208,1.7529768291393237,1.585885064680537,1.4350845705251705,1.6621040594191023,0.9883217279979931,1.8305668584024926,1.3016109101771716,1.243927585452123,1.4429644955411443,0.9470272282780023,1.0145423554312194,0.6718189066647907,0.8126431843043389,1.0388764124775813,1.4727285754761321,1.7296098656641192,0.7928611510057945,0.37415220660768683,0.6360115460604342,1.7295074530167356,0.686432418342296,0.59555533673848,0.6370216109591628,0.468615916460148,1.2372566040973432,1.049708469566888,0.9497955912485242,1.1166592432105207,0.7626692430614151,0.5489854677983752,0.5013112713017629,0.6245472926806876,0.4390695150177175,0.40616616121865545,0.5504567989289894,0.37184098478734634,0.0663366197341322,1.4209371460538147,1.0960636800402312,1.3438424515059686,1.2066075708014674,1.2794551095938622,1.246349810687514,1.420839139993297,1.1428435029639714,1.6030217642908644,1.5718369802667718,1.7637137722875516,1.7404944249212027,1.5323375411273392,1.5118613669138379,1.5542676090464316,0.6872462442945967,1.259515032231035,1.3024750465967514,1.2884136629101943,1.439233663286661,1.1528295981454217,1.333178817694954,1.1360382408188965,0.8735254327122922,0.6966213579393968,1.3134198883243595,1.200037233424766,-0.081389022841208,-0.04061108648660152,0.5465701293408115,0.8638798676913005,0.4018750124051152,0.82827047629219,0.7219801918602907,1.0426140894490055,0.27838406735095583,0.8590102241099408,0.9919288100298003,0.2205327847082351,-0.03283443341710554,0.6207746504319168,1.1530240752849112,0.11154754394953653,1.2245832278832203,0.6955063400322621,0.5516868864897003,0.8299206517788326,0.7566883641596558,0.2459026241735354
ROI_014,0.5253155367433777,1.4141747512851348,1.3854538534237855,1.49396435724618,1.6361307257630693,1.5308706878161031,0.8338607733252584,1.6908438054988861,1.8069948487074767,1.6639861201768205,1.4468660432731675,1.400616988629859,1.61074008324942,7.254328619247669,2.133282559165553,1.3242906544417006,1.1763234222353027,1.7643473339892917,1.283696629738853,1.4920334308791348,1.4178966648737745,0.8047469201178791,1.385509113434123,0.6495722522551247,0.7029421078525288,0.3893642635150609,0.5442159752709166,0.7290643434397828,1.1269835180266452,1.2084287587163542,0.7487039279524039,0.16891051211882702,0.6921916002152327,1.6166613146011224,0.49225179099518607,0.3798250055320526,0.4441174876873479,0.19627215904345185,1.042194125563309,0.8470148579636639,0.8094621250861104,0.782194075104622,0.47863355517553063,0.42292536032038014,0.44029299173518577,0.475796745199695,0.268969006082817,0.36670223089329984,0.5318361873004234,0.23348243527992243,0.12286587428493595,1.246908174370792,0.8009493336900005,1.3567919996975941,1.5571424616050857,1.6321639148174427,1.2358934031593887,1.6658928917835978,1.1898674103417473,1.251239510219807,1.0984878660202282,1.4378467369440842,1.1921725509595924,1.70927250974704,1.4236162371464671,2.043310883240671,0.420573993939263,1.0278075893830652,1.0769269831515669,1.128140830050148,1.1808397469760226,0.9157521894859989,1.11584354121606,0.7747165392774126,0.5836914668864576,0.44066063560373053,0.9717622118623154,0.8929456084032771,-0.042908573124941424,-0.17470987185547118,0.29852309366367685,0.5793825390246486,0.37367864392994576,0.6464827034161026,0.5864984775858239,0.7443866254567539,0.10936058803439702,0.7439579326303,0.6538589053120841,0.0011149059984003743,0.07664488592870654,0.46621410834668076,0.8896988370914137,-0.07271494017737425,1.0351683136268865,0.6108219804604135,0.4809929954340656,0.8126985008178,0.7176618639822184,0.06015535726730996
ROI_015,0.5198378752534957,1.6167483824007325,1.513582163657394,1.5116524577449952,1.579763116468634,1.5146731744222817,0.8856297194956873,1.607533466437682,1.8474133839912361,1.6828613121014127,1.5160350977591655,1.4771001790905947,1.7529768291393226,2.133282559165553,7.254328619247669,1.4511314639920612,1.1659756422234,1.6644133114341255,1.082567526687596,1.7660762952913829,1.418236254651704,0.8884537140651907,1.3696172626105414,0.674816497019859,0.7659757060817322,0.4553396809379619,0.6462698049222226,0.8729449860393192,1.3651287760167494,1.4215942599524194,0.7385516808289495,0.23268197364540114,0.6838372977868856,1.5758472640405004,0.5629440507345497,0.4572010627758346,0.5259868088107876,0.27454232368808495,1.051802348281644,0.8585696630716909,0.8703638629639573,0.9118558389034579,0.5765071500471949,0.4645637446571361,0.47329397830319625,0.5646212728075495,0.3321453914240838,0.41930757048144895,0.5531563761212701,0.32558749148543936,0.08917562194394835,1.399859045815585,0.8816685661992727,1.3822211891944725,1.4886350220651507,1.6340737520327318,1.2914810600640254,1.6863006791366262,1.3399211704864258,1.5502216027946563,1.3224295674333795,1.8149580548803352,1.4545786734609438,1.8081463403903648,1.5557196348434248,2.3275908285095563,0.5373327947487374,1.1727207165265041,1.1845616654235844,1.2030019581174674,1.405303347266646,1.1549695396785398,1.3061818623660564,0.9386959843026919,0.7271127945200985,0.5653916209528437,1.110699289251738,1.0132251561569317,-0.0847010711798279,-0.14003343661939993,0.36756055875971383,0.6787670333386363,0.41211409126148074,0.8131855220371454,0.6990797481835251,0.925895854933712,0.15663703212197702,0.8463633155623393,0.7774491159865531,0.11599022255511804,0.053728385237226055,0.5944636297568522,1.056831343702799,-0.023894533527504026,1.2404941242617409,0.6867455210497152,0.5724437437750364,0.9082567816414167,0.7921642813121714,0.15760170980209234
ROI_016,0.807652156278637,1.9063047878737849,1.4836966917627485,1.6183524628408175,1.6361379012304225,1.2912581073719134,1.254896356528285,1.3086951782460514,1.3319726774328735,1.6789551780597616,1.357211130456856,1.4520833203924426,1.5858850646805362,1.3242906544417006,1.4511314639920612,7.254328619247669,1.296433542254333,1.3474174948052289,0.7526289157088225,1.9601846669720426,1.0671182745591343,1.1826796581875318,1.466855520688208,0.763617945665225,1.064255092476125,0.6009860982334034,0.8132634950975719,1.084486155433789,1.425353363597369,1.5912371324126995,0.9068875131087927,0.5327405958075117,0.9627444329923238,1.5902818979719,0.9323550700562812,0.5890357306299352,0.757460215551851,0.5294309745033368,1.2973960372070525,1.0979132780784278,1.2062019384263003,1.2681960011718314,0.9418984018928327,0.6751665136224522,0.7458011551636109,0.8269804415461708,0.6100490348456301,0.6851164910319373,0.8047161209793396,0.5896174515600136,0.1817795543422347,1.3924860572757034,1.1525204534146272,1.4791735715482903,1.176445406216764,1.2308396995080235,1.1540552332867187,1.2998255004562713,1.1453556640204714,1.390221104895066,1.4332470893399507,1.3314123762709518,1.382107169606821,1.3158269614269966,1.2286226007975671,1.2590947641981747,0.8782197298484391,0.9898323005313133,1.0719643034229382,1.0669415596983203,1.2943236346507179,1.0548614064867756,1.223514801147663,1.0912677080495155,0.7784998645846012,0.6510052751009711,1.1139309321081865,1.034680505184955,0.014929071382944383,0.06294567807714593,0.43768987961688144,0.8894980225198907,0.6207396762446222,1.1266670634035783,0.8286993602589401,1.132171683135942,0.30981288523541933,0.8965722475725093,0.943523598431521,0.2701482331983336,0.12506190067732148,0.7369667969326038,1.1470128952474647,0.11067653214172385,1.274231477018296,0.8197421395800565,0.7817846958949729,1.0586391059626399,1.0288507692155007,0.3228416331903524
ROI_017,0.4136980151929551,1.2567973507540358,1.213659505562486,1.3864658878999183,1.357706034186681,0.8623207865218203,0.6393743880601098,1.1491046401953169,1.0201489929171248,1.4001138603404708,1.5118353390987471,1.7733071675888221,1.43508457052517,1.1763234222353027,1.1659756422234,1.296433542254333,7.254328619247669,1.478649548736122,1.1242608736254256,1.3528488710521933,1.2805880487097474,1.2099315746526775,1.1821406816222335,1.2287389965212239,1.183808478703542,0.822050091246831,0.7986779097064182,0.9579833205067826,1.3003068292178401,1.2708109694305296,0.7641017547626054,0.4201533494077426,0.45752976105160825,1.5738779106332201,0.565562943861999,0.4885490503213136,0.6971985826887581,0.42404114670963905,0.9278977267030373,0.916765490683339,0.7250655939441587,0.9089211462537261,0.6393879562450357,0.4825703164095945,0.3800266672134629,0.46732880631150725,0.3469344512862706,0.23619034549008738,0.3909386249586265,0.24253725883675883,0.11564893809200924,1.2509085402403337,1.374987995960222,1.262504162033647,0.9811004865692473,0.9007243320832511,1.1933456931022592,1.13234254796427,0.9731201369361713,1.2855252802434074,1.4297797261792011,1.1940795327466538,1.2918347946490458,1.1455608023980475,1.3487315316214072,1.017527065818434,0.7678212462561808,1.2876938724088465,1.465291620630353,1.4254810385836587,1.3351942011252613,1.0465681708956223,1.2147566405670118,1.2339717127417797,1.0294047672419684,0.815328766565468,1.3578568283771921,1.234984645070532,-0.07394509370651658,0.03622933766617405,0.7773412480810082,0.9767139884394298,0.2799740894010136,0.6037985163336608,0.6939923833430526,0.8992287611109882,0.37962542126802207,0.875968980209482,0.9234058510563914,0.34063957772559883,-0.0016362829859867352,0.6204006104030629,1.186118449913394,0.23564966467688686,1.1077311495365023,0.6636484773767104,0.4224964830523732,0.6312311196214212,0.5288688744274155,0.2583695538240189
ROI_018,0.44023400964645665,1.518738495922828,1.6189662352491185,1.685798278375859,1.4940625263253973,1.2228849994673927,0.6902454642179063,1.8128797663644876,1.5410207507611062,1.693127796787827,1.6569933534156551,1.779800890502927,1.6621040594191032,1.7643473339892917,1.6644133114341255,1.3474174948052289,1.4786495487361226,7.254328619247669,1.298197796918431,1.5457490262056095,1.6289469786134079,0.9561452843869377,1.319320785993224,0.8225526919503697,0.9239454669433103,0.6351506225382983,0.6940069810609752,0.8838104774068751,1.2685684330127707,1.3082259202461684,0.6925864506962768,0.24295710306598123,0.5281841949644128,1.7488885605470752,0.49518570604085754,0.46590359171193385,0.5620203916464576,0.27628021921763185,0.9252052169209979,0.7515662307507507,0.6698169357460292,0.8297129069491116,0.48590475039403214,0.4395096103951341,0.3597547866332493,0.3870390840341215,0.20866765684981545,0.26241625987203127,0.47218790025337565,0.18095521280702082,0.08557001305287087,1.4047592276020353,1.1107133006695098,1.479368648910743,1.285526339443775,1.3242688909341689,1.51137661250861,1.5591809723399062,1.1521787830690933,1.4371750590005707,1.3686619342884847,1.4507885845375452,1.350643644814897,1.4758840726040858,1.5103632048647813,1.450160755653367,0.5501338316004648,1.2658697308706985,1.3880148382952529,1.5573570784077366,1.4598639704555771,1.0585298818903583,1.307750677468733,0.9644682246816026,0.8722514238597787,0.6629028799570774,1.1880282391283972,1.1144205905899445,-0.13266434649370562,-0.12266833657143472,0.49825208642962154,0.6731797538750232,0.27422019236026735,0.6407988165417652,0.6568483964858292,0.7389999245026948,0.23966718183036836,0.8581721157614113,0.775559269953615,0.06950149794026617,-0.05469851212587364,0.5132871626580846,1.0066367734377888,0.030440700803249825,0.9784992098187242,0.5965829028684896,0.361078087898218,0.7077577411398773,0.6078792803490584,0.11368258599962294
ROI_019,0.15309472271375751,0.8572089318362198,0.930792206614425,1.0704271073968572,1.117911078038113,0.9211439396522557,0.3864133055335134,1.1458426402737811,1.0834345269128811,1.0309273972987423,1.0122106550654193,1.0876005000992386,0.9883217279979931,1.2836966297388532,1.082567526687596,0.7526289157088225,1.1242608736254258,1.298197796918431,7.254328619247669,0.8866750249851453,1.126914661990121,0.5112473373036127,0.8205373863833362,0.6293244244121469,0.466914387308931,0.27407376624273433,0.30837629789574755,0.42531792181068306,0.7357619280145823,0.6801414083573868,0.46697986444737244,-0.0934466815184496,0.27510397895605376,1.177244054808199,0.06870124859082392,0.12627768163907635,0.26111218040990436,-0.0941477338240969,0.5717019963326598,0.5395062048483533,0.3935990412058183,0.3928198767403115,0.09766287378201112,0.13261092960584292,0.048582266455497354,0.09122332125499348,-0.08766009976889694,-0.0464519867504755,0.16847959635637239,-0.13612608954391314,0.11256682877634497,0.9405497346824937,0.6680736834253853,1.0704695372910171,1.1765547219758727,1.0429544511135833,1.1103047389333418,1.1762069605757268,0.936775628361248,0.8772715637573931,0.7753397224477571,1.0020943851220214,0.787087043820558,1.1760329418920377,1.0684801697955344,1.0737581623165655,0.24585131195173432,0.9812617399267378,1.074358983353529,1.1234112323183547,0.8564210337359371,0.738589344509727,0.8596560289059343,0.591242794085584,0.5219423189781417,0.3800780395086492,0.7898955044167295,0.6958913279048154,-0.13308351383785097,-0.26149866056554305,0.3613854922657643,0.46685177555725277,0.04449602741660027,0.21539853914201565,0.3662557191857153,0.42073866700365636,0.05520736781733297,0.5640906795038374,0.38702590996827996,-0.0373043168956804,0.026547575407982745,0.32094633387687227,0.7063265257338824,-0.11715844488417712,0.7245425958863059,0.32668020835250855,0.13880661956286444,0.4347074677331918,0.3068286265328949,-0.14574620135288818
ROI_020,0.6232990668219149,1.9202108477656163,1.583940695780708,1.7280923163293187,1.6952436460355589,1.376475643437186,1.022482132093552,1.4139990442366888,1.540549489873047,1.646578001063053,1.5544687372773722,1.6966859473715765,1.8305668584024926,1.4920334308791352,1.7660762952913818,1.9601846669720426,1.3528488710521933,1.5457490262056088,0.8866750249851455,7.254328619247669,1.2722959837323586,1.1889967030732393,1.4011975170374034,0.8520594557253114,0.9905737589405303,0.624523220038115,0.8247048705570833,1.0814430348370248,1.5500207620330617,1.7357136083644744,0.7446274053479199,0.3880246015985824,0.7302680648899581,1.747991295174938,0.7313707987792691,0.628751860137303,0.6912076985308633,0.45977674089059417,1.1743671749285176,1.025708508950027,1.0400327450679654,1.1538506425253066,0.7815136021153182,0.5848524933805499,0.5442882020737624,0.6816817561417988,0.47335730340578697,0.5084364107826578,0.7142797956613295,0.48562850663327495,0.10223885075824486,1.5310334920767188,1.1865704689168093,1.5641107915611985,1.321506018088864,1.3530941583160339,1.2768287495605106,1.4668242029459486,1.2167119641558408,1.6744526234200512,1.5992649018147786,1.6889093445346985,1.703009316002177,1.510343491195811,1.4531896020084336,1.4592053623274859,0.8579083632899237,1.1634902828776452,1.259195953676172,1.2659999720093997,1.5664006192631257,1.2334442177151383,1.3637140528466323,1.236028194106204,0.8839103854065238,0.7135764901583611,1.3585689582176403,1.1802332058505638,-0.08762233464161127,-0.027217810118688755,0.5169090985194705,0.9667268694044701,0.4603797460292551,0.9708728132142557,0.8153946838235008,1.1402927701437113,0.321365438159725,0.9194026097222829,1.0741986568580324,0.2818357723918218,0.02991987897219155,0.72804242935963,1.2673593914712085,0.07263143679522845,1.3212296684461553,0.7372375936464279,0.6497583690693548,0.9985198946397418,0.9892458125365546,0.2984649529778566
ROI_021,0.3490959061465191,1.1151144597555016,1.3018777412164786,1.177985907725467,1.1102292708605077,0.9026626936831946,0.5544236675891577,1.263124468303622,1.1326277715223203,1.3116927444956679,1.3624293075342364,1.4387641084104694,1.301610910177172,1.4178966648737745,1.418236254651704,1.067118274559134,1.2805880487097476,1.6289469786134079,1.1269146619901207,1.272295983732359,7.254328619247669,0.8683069753365161,1.1754558191942117,0.8942287887813928,0.9081372984869706,0.6751063001433703,0.776031800341536,0.8791659392017583,1.2139857601286483,1.203521572000125,0.6735494599603569,0.27689624693573966,0.4170699856607025,1.2573728037773964,0.4545868229973568,0.49778545219684855,0.61027967172999,0.3385353753975059,0.7595662102902856,0.6532313848557915,0.5610240936230707,0.7036847563935116,0.4425419977733494,0.4830309035544763,0.3175559675856122,0.37855812748198964,0.2096324782409922,0.20203148799042697,0.3874655390557175,0.20042158863462306,0.10425374631932773,1.171499385058787,1.064841762352915,1.0713015808783337,0.9950499291662911,0.9768895843577319,1.146465813041569,1.114551622945474,0.9879993739332017,1.2167856228641363,1.2728308315687569,1.2038894072969486,1.268563112162176,1.0972394706030102,1.6389317866148037,1.1989209559841907,0.5478946630994747,1.20723178103843,1.2458069451669784,1.352450121118539,1.4990224319099588,0.972755495717661,1.1830885233677235,1.010476082433591,0.9222401764814425,0.7264346282328441,1.2849992360203883,1.1764915472102577,-0.07743270373143721,-0.03718259887586666,0.6196876365019296,0.6616223800806559,0.24962865179394986,0.5194746724770385,0.7133763053895443,0.7300966345708226,0.3524492971225106,0.790277842453832,0.8155952182511649,0.15265175536731188,-0.029588714608673114,0.4940131454436545,1.0258563301569812,0.14813822949163497,0.8673731983448795,0.6202597246640856,0.3450578846876279,0.6394688020816218,0.5045216701366221,0.23640964165065897
ROI_022,0.4585099733013414,1.0510824840569726,0.9196129412679146,0.9300999873637623,0.9082604529944285,0.6229970185975336,0.688700785368264,0.7621955649294683,0.7407812627547667,0.9577029914069566,1.200000100151735,1.2542791914933278,1.2439275854521235,0.8047469201178789,0.8884537140651907,1.1826796581875323,1.2099315746526775,0.9561452843869377,0.5112473373036127,1.1889967030732393,0.8683069753365161,7.254328619247669,1.0658335249637956,1.167030054881393,1.2328243500794178,1.1378658498352585,0.9637728460211582,1.046678660106393,1.0787465400226635,1.439446661562322,0.5614442590577938,0.6349431305085137,0.4515358199537767,1.0313294736504932,0.9523922199358877,0.7289790765890163,0.708197654336347,0.8771831288883111,1.0141379177458432,1.0495806687165685,0.8485416182937716,1.2359333989476913,1.1454152417493468,0.5158637289641955,0.4728567049021983,0.6376736996928305,0.696414578335131,0.4483751249878431,0.5018112781987351,0.5180292704828524,-0.09158210665086726,0.8967462179850592,1.221387885772888,0.8284390282699972,0.5842837742565655,0.6315047838029098,0.7459313731873111,0.748267219799621,0.5759944382999101,1.0352173568918548,1.211695664537764,0.9046150707288737,1.248677253909573,0.8053398656775919,0.9204482997127006,0.7680121757928035,0.9844142864479607,0.9386287097488599,0.9547507560833298,0.9501169015535296,1.1361509225695605,0.897398318521146,0.9049399280102262,1.2545047053170482,1.0778793545779703,0.7984455012119985,1.1679448780963015,1.052995663834275,-0.18878159939474556,0.08611227464391831,0.7772541904810534,1.0749841866860308,0.28579565895177195,0.8820047400401599,0.5762939317418856,1.0956517650120694,0.4483589115109427,0.6732692340922487,1.28052788462681,0.48424632971175113,-0.2208537572637726,0.5188785779818657,0.9486474056034665,0.32282233720736536,0.8847991886213964,0.5496564615279549,0.46804605623563367,0.5612132627926013,0.6442663375507338,0.4904274570845388
ROI_023,0.7321125392704304,1.2316568742034775,1.2362836279249074,1.1524055321030642,1.2049377413440145,1.010208921197097,0.9663330286068988,1.1099306775496982,1.0909947636411959,1.4059894277683755,1.224535152199045,1.2375215578892063,1.4429644955411443,1.3855091134341226,1.369617262610541,1.466855520688208,1.1821406816222337,1.319320785993224,0.8205373863833362,1.4011975170374034,1.1754558191942117,1.0658335249637956,7.254328619247669,0.7807230750186241,0.9624099593111414,0.5732138294068073,0.7751752638776171,0.9042646422249158,1.1097406157456846,1.3820007305876936,0.9817156064063839,0.5371405082365687,0.8390295112956595,1.5231702024655578,0.8574074087214882,0.5840872456949389,0.7039019275063636,0.5080274610325798,1.0921482838535441,0.9784986254517302,1.009199563783979,0.9163070425989591,0.8322595745475407,0.669962853742527,0.7111310801475339,0.7001527565202681,0.5723538388353315,0.6218800112990563,0.6867014208105976,0.49117074290571844,0.2275423978598978,1.0330065692836208,0.9086957574609493,1.0298812704960372,0.9509651497113576,0.9949167124790488,0.899325486362258,1.0209033060417017,0.9272644278216824,1.0950260955789382,1.1511708117946056,1.0628020232704176,1.2150660893938752,1.0520067044254908,1.2010978975998192,1.2684386524886102,0.6732665030940772,0.9922388768403823,0.9724890403613216,1.0064598711703958,1.0770786818319755,0.8225625955156639,1.2243847508958485,0.9197377827035557,0.6804367757909227,0.5467896196835356,1.0232051222275917,1.0248012627205274,0.13606224104399922,0.10291768852231242,0.40095996045126037,0.7276423722552071,0.5882488735320233,0.7985345469535933,0.7219003503384166,0.8894893902829499,0.30630249755121747,0.676227940005173,0.8473317562188313,0.16843906026502758,0.132701452798216,0.575305390716019,0.861503449474808,0.18421105576728095,0.9499813736408597,0.7108888201392075,0.6559576204418135,0.9166320804041779,0.7962431091591716,0.31446435945032125
ROI_024,0.26783121732243115,0.6779705071872436,0.6996699559282683,0.7245521725088203,0.7714094305437358,0.3947046311979587,0.3885309559689013,0.5894129475029884,0.503994788135349,0.7983377209928949,0.949596834660449,1.0829011941826632,0.9470272282780025,0.6495722522551247,0.674816497019859,0.763617945665225,1.2287389965212239,0.8225526919503695,0.6293244244121469,0.8520594557253114,0.894228788781393,1.1670300548813932,0.7807230750186244,7.254328619247669,1.1226864306735194,1.0397740682439325,1.013967358930081,0.9673193308022675,0.9420714417775352,0.9899697818147482,0.5796533434616794,0.5606768058065374,0.194998826444435,0.8801250346336665,0.5479823696626772,0.7050738298291905,0.8083316404639325,0.6634431601553985,0.7272866242136836,0.8840706424153887,0.6036117881730216,0.7407002735563689,0.6836975995462451,0.5621346032423384,0.27022725194913294,0.5081719190547125,0.47699772638523713,0.12284487122733623,0.27547395865532437,0.3518004092539254,0.09971025426969359,0.7461091778725133,1.1021215679523237,0.6496888183282271,0.5047794155188252,0.40223833721341573,0.6315415637747488,0.5592201381256825,0.548262162956476,0.8237217465335473,1.0189832713177238,0.7672595263869432,1.0095992333200685,0.5892103494664508,0.951385547219294,0.5531074096459809,0.8586888365096815,0.9075438616964214,0.9731746742649259,0.8998453041019996,0.9514563983534152,0.7407587065867065,0.8313881300225957,1.225072682588782,0.9900086430878864,0.9499807302237514,1.2880976511788307,1.1716725295276,-0.014944262473135754,0.27560008569803834,1.2555482356472962,1.161863705357325,0.20858596759357248,0.3915169341654561,0.6853686864584502,0.8975092334025541,0.6648973869488359,0.7758397284789302,1.214477905697615,0.6789136172697249,-0.04310027468271243,0.5662583974407184,1.067768152267333,0.5612060035854555,0.7905470389685924,0.5792440063889694,0.382170474903946,0.4523367990080818,0.34356800141713467,0.5942903930736672
ROI_025,0.5459996273518706,0.9742135250284428,1.0093678108960453,0.9206230459201419,0.8153122339437627,0.5412178248187413,0.5717048926535063,0.8000074061534455,0.6496342770389085,1.0317472236097913,1.1136034658073934,1.120809286042506,1.0145423554312192,0.7029421078525288,0.7659757060817322,1.064255092476125,1.1838084787035419,0.9239454669433103,0.466914387308931,0.9905737589405307,0.9081372984869706,1.2328243500794178,0.9624099593111414,1.1226864306735194,7.254328619247669,1.3509548015224613,1.2797316875506002,1.440326212646266,1.2316753437456316,1.2936269529051212,0.7991682204195086,0.9518512476751068,0.4537071288435046,0.9414284698781175,0.9315185769679373,0.8095774167070453,1.124779246757927,0.9966186769432859,0.8636108750754261,0.759206878922777,0.6683505450464937,1.1222030358825734,0.9817269761210048,0.7987877078640753,0.5859906666278808,0.6761650269009201,0.5878139286414207,0.381131042588205,0.5104623186674534,0.48737086358967296,0.14789566665070653,0.9677908005767476,1.4270507133887664,0.803827135292734,0.5285429350876176,0.5237612529318544,0.8225366438465641,0.6803499821324549,0.6458901912835467,0.99772851368379,1.2845633799101663,0.8000796281607296,1.1000332815508091,0.6608455348940836,0.9154971572141394,0.6218575544979368,0.9186708611238827,0.8828672476585016,0.9602265325373224,0.9500980963404643,1.0915567413883696,0.818685767486395,0.9569744585207359,1.3138843334718093,1.116501326014245,1.0823814686763944,1.1596023499250365,1.2700622640866126,0.048746788341109994,0.3508626596982454,0.9077009585613987,0.8633105474426547,0.42683622530089826,0.7146876147003165,0.8770150302162659,0.8902619386789207,0.7000940238233938,0.8992022274497808,1.166463031588583,0.4708862985675084,-0.06755425239094812,0.733835841392802,1.0295663375909831,0.5772374783590039,0.8372578315551229,0.8405668163680491,0.5051541158143641,0.6265736431068271,0.5148252250878231,0.6291709813651118
ROI_026,0.19316819780980723,0.589292862228651,0.6343777125015636,0.5458935431553019,0.4213058469526924,0.20914648240874686,0.19628404528206173,0.4731566098617525,0.3513506480003028,0.567739818679492,0.7922024429964873,0.8059368468104552,0.6718189066647907,0.3893642635150609,0.4553396809379618,0.6009860982334034,0.8220500912468308,0.6351506225382986,0.2740737662427342,0.624523220038115,0.6751063001433703,1.1378658498352587,0.5732138294068073,1.0397740682439325,1.3509548015224613,7.254328619247669,0.9858765223454661,0.9863053756717407,0.7922169905664853,0.8762859004399208,0.3533694103737213,0.7185077292340414,0.07145508949970425,0.5534293775890418,0.6684739347650442,0.7014490947790871,0.7393024385673046,0.958701903597418,0.507527219806081,0.45389063333231044,0.2917496550065087,0.8442561410066557,0.7469022494972715,0.44573976599921095,0.2397777046380396,0.31315399112315595,0.3758066961902979,0.1086957245651018,0.21369622451713866,0.2517515327787041,-0.14316539273018283,0.5897771167280499,1.1104613188613912,0.4568664451907665,0.20501862499671328,0.22603826574357372,0.5484932597651517,0.38900463035252303,0.28907062695889574,0.6777381782547411,0.8710755722435102,0.5028379391976598,0.7759492393234882,0.3815760405074598,0.6090961208213768,0.33055809296634703,0.7324467705694256,0.681546880408325,0.7468660150111366,0.7567628832989863,0.854853311824657,0.6330672324834116,0.6263880526142639,1.0218980891470462,1.2441011483422435,1.0246030156643722,0.8858052831532907,0.9589067548999867,-0.21966872098838117,0.22256231752927963,1.0644304605767547,0.7018540588874835,0.06562205006756858,0.49391202679783514,0.5217977805052754,0.6176772643379401,0.6090883869905872,0.6200498099861091,1.0054399094002264,0.4981395976454051,-0.4143746813730953,0.3975438624833751,0.6933051920152972,0.5753058061572467,0.4971488024850818,0.437795179841176,0.14321613313193615,0.2175150842554503,0.22047559893880153,0.5800723406762138
ROI_027,0.5428473430111741,0.7095845003301793,0.7328484299791813,0.6456671783367534,0.6286427875763985,0.4081107856548684,0.540891417553028,0.5698543351086555,0.4905517352593284,0.774191914510125,0.7558666982470067,0.8117920126814226,0.8126431843043391,0.5442159752709166,0.6462698049222226,0.8132634950975716,0.7986779097064182,0.6940069810609752,0.30837629789574755,0.8247048705570831,0.7760318003415357,0.963772846021158,0.7751752638776171,1.013967358930081,1.2797316875506002,0.9858765223454664,7.254328619247669,1.6159987815808068,1.0341742742552806,1.124512928975191,0.7648839577246145,0.9949235740410721,0.378899667318795,0.6973717607716896,0.834603331873104,1.2142841486760605,1.2741635647368852,1.0244440574752252,0.6812682480678399,0.7353398870153459,0.6631581895504804,0.8280643719927716,0.8866473651408697,1.1356167746275228,0.6029295833485632,0.8328896910682028,0.6202116623884351,0.43305805336891123,0.6097340503328682,0.6572651993345433,0.2967734414788682,0.7659922941782848,1.0343589866458844,0.5768805929371802,0.4105834148830994,0.4039184509445308,0.5773102986296131,0.46440225592471196,0.5946729279202375,0.8357805929363087,1.120493976807721,0.7231887178336645,1.0391339877870223,0.4692323595749772,0.8984339311334768,0.5140343031267316,1.075917610685742,0.8248278427290796,0.7948191525697692,0.7171823012458882,0.9307355412869623,0.7117045387902509,0.8755742872808752,1.180730525086419,0.9844049863658961,1.215823577283925,1.1697027500558368,1.1853095683152652,0.19004002540325232,0.5826894215959995,0.9353014826441561,0.8506612447970742,0.5599501061170413,0.6420998667769169,1.2317790183471558,0.9428971178449775,0.9503161781354297,0.9116899380011556,1.3821379832129423,0.5476787069032653,0.04737450776166977,0.8448438326644249,0.9929244987660293,0.7810553683368566,0.7253502170905389,0.9606458448822618,0.6246475449035663,0.8181328890039253,0.6363198958656837,0.8982038121049591
ROI_028,0.5546109754032927,1.0263481919223378,1.0285666987344142,0.9513879537445673,0.8529882903005297,0.6442271470520747,0.6472029486238908,0.8292610100312294,0.7329473038606894,1.022444548047653,0.98582269656728,1.0228601507987245,1.0388764124775813,0.7290643434397828,0.8729449860393192,1.0844861554337895,0.9579833205067826,0.8838104774068751,0.4253179218106832,1.0814430348370245,0.8791659392017583,1.046678660106393,0.9042646422249158,0.9673193308022675,1.440326212646266,0.9863053756717407,1.6159987815808068,7.254328619247669,1.4490899007496552,1.4819023110674099,0.7798262212987603,0.8414251323709833,0.45509448309556555,0.8986583305604393,0.8558411009764044,1.0524517125138417,1.2872466932492328,0.8541519642608757,0.8318006583951385,0.7793991420798692,0.7454983281951162,1.111110710545486,0.9380719550669835,0.972429913986693,0.5943300745922029,0.8169032106117036,0.5718331915877852,0.41901395302993294,0.6389227271607419,0.6093666158947573,0.21830464076931688,1.0652347286899493,1.239905508783399,0.8551627839014361,0.6224154431831975,0.6225859768095358,0.8575824168980442,0.7441854406019311,0.831139646830127,1.1595750150740887,1.4324697955169166,0.999227940948112,1.3122881585411053,0.7286502509860348,1.0301059729532174,0.7126402308470052,1.0210851284224414,0.9456799517177962,1.0232999699950236,0.9252084012797306,1.17777888969378,0.9981803656119516,1.0621171559001314,1.3422343884862649,1.0878823950729866,1.2867518759036727,1.328616376867702,1.4574686512326067,0.06552344895537986,0.4160436347683306,0.8760307668119319,0.948132946331264,0.5509383822679291,0.8652594631393584,1.2763473640232088,1.1370517382246157,0.7593433001007724,1.20062572844604,1.3965085677041054,0.5232473481938836,0.011456567242288012,0.9689193266995328,1.232899839595657,0.5448177361497264,1.0232443097333024,0.9813020385068114,0.662029370029617,0.8730867813505079,0.7129511635312584,0.6925608778997135
ROI_029,0.5398597396515683,1.5297371704433878,1.4027428464483835,1.3724585016143311,1.2707730182360384,0.9764849822344597,0.748487340896673,1.2170164882539254,1.1297201286505199,1.4989000047619978,1.4514002949451612,1.4566128388798139,1.4727285754761328,1.1269835180266452,1.3651287760167499,1.425353363597369,1.3003068292178401,1.2685684330127707,0.7357619280145823,1.5500207620330617,1.2139857601286483,1.0787465400226632,1.1097406157456844,0.9420714417775352,1.231675343745632,0.7922169905664853,1.0341742742552809,1.4490899007496547,7.254328619247669,1.7599625753703332,0.8437227825070771,0.5482306743647073,0.5616762815857363,1.2837765331668924,0.7395489472139792,0.6575582428438073,0.8796856216466479,0.5582107296422956,0.9649450247626152,0.832430157279593,0.8318258137981135,1.1347080787850894,0.8272435567433302,0.7076198276451993,0.5599209992394665,0.7185989891903365,0.453062724830194,0.38911676162463743,0.553122323977448,0.4275737924058972,0.1312445908075489,1.5039384184052171,1.3144712883847327,1.2541582606224813,1.0137658608065994,0.9784145379969231,1.2415394547142666,1.1880274589196078,1.2187048585327722,1.624490751062875,1.8933494193298184,1.501151440449519,1.61920414387202,1.1947371956888473,1.436800365061437,1.1392004073052346,0.8184613703853668,1.2049535619474951,1.3718968915337946,1.2480871825430844,1.6318630099708382,1.3426042054901903,1.4137991269538632,1.3799071247150152,1.1078441615900052,1.0045714164186756,1.4363158928723692,1.480561565590234,-0.010887092696331615,0.1381651974439868,0.7264523480196834,0.9371211361097305,0.49297577733309533,0.9218176155668172,1.0668866534802204,1.1974930565603656,0.4505151432713515,1.1431082261892065,1.103306395793415,0.4075334972831507,0.03182117208774242,0.9022681083596583,1.4441211312820403,0.2726151056893657,1.437621553046778,0.9435041895306451,0.6554595178820735,0.9068121585203787,0.6982160945516797,0.40652983390405756
ROI_030,0.6014179667484824,1.5323505989199984,1.3254445740513936,1.322223576689233,1.2498783328524437,0.9752710513004497,0.8439873088638188,1.1498631881846701,1.1284354660936984,1.44175343512996,1.5354774228462962,1.5257168339041443,1.7296098656641192,1.2084287587163542,1.421594259952419,1.5912371324126995,1.2708109694305294,1.3082259202461684,0.6801414083573866,1.7357136083644744,1.203521572000125,1.439446661562322,1.3820007305876936,0.9899697818147478,1.2936269529051212,0.8762859004399208,1.124512928975191,1.4819023110674099,1.7599625753703323,7.254328619247669,0.8198424543110734,0.6160708334705062,0.6147259826265207,1.3732330780133297,0.8954521216323588,0.7908823056903984,0.8566957503458781,0.7263208827393769,1.1089164734340062,1.0079501959690391,0.9492280539327014,1.3375147594548251,1.0127650245275612,0.7172468411392718,0.6024908386293245,0.7796842386757352,0.5841743348533807,0.4893856983547048,0.6332790945445562,0.5279740196697057,0.09384295659154925,1.364384857280788,1.3044454500982212,1.1702922387143957,0.9254132824409746,0.9856710273364545,1.0979756205098548,1.122295073688864,1.0100012509117582,1.6130766972796067,1.823733341929979,1.4206012586789967,1.942282546138136,1.1866438732678102,1.4323471484547052,1.2005012269176887,0.9198518978305166,1.2376433846075945,1.2754901301726533,1.2178797896801612,1.5984003165023697,1.2588484014350991,1.3663589007456591,1.4657030059525047,1.0820097844520067,0.9435373421336826,1.5108755442657549,1.4742433481521098,-0.042087385109527316,0.14309931497528255,0.6972452700346041,1.0058033893520943,0.4986531802526097,1.021911249145066,0.9474213487529413,1.3118364746896078,0.45153010068495364,1.0013297606653606,1.3124361261504278,0.39185014350541025,-0.04228855951623151,0.8064880419070779,1.2797831655554108,0.29790672026399173,1.3182557824224574,0.8533088926589829,0.6627055466121885,0.9268453106246963,0.8276347665154546,0.4444626905153869
ROI_031,0.9494664939066609,0.714274357076052,0.6871075350390753,0.6802312117291364,0.7927686059451368,0.625070931399001,0.8461487526677113,0.6468162643159715,0.5936122369571982,0.9005802984731239,0.6324827126038611,0.6710745426140454,0.7928611510057945,0.7487039279524039,0.7385516808289495,0.906887513108793,0.7641017547626054,0.692586450696277,0.4669798644473726,0.74462740534792,0.6735494599603569,0.5614442590577938,0.9817156064063837,0.5796533434616792,0.7991682204195086,0.3533694103737213,0.7648839577246146,0.7798262212987603,0.8437227825070773,0.8198424543110735,7.254328619247669,0.802022849003708,0.9812707194106766,0.8122880085999784,0.7909001053795836,0.4939319972268825,0.7251221113931067,0.48631402534643986,0.8313122439162588,0.7703023661282749,0.8843838470083663,0.6542061445081209,0.7658650383174967,1.1725154275052643,1.176199270203128,0.9560012795771989,0.6155625811005322,0.6591998046387256,0.6632648139892982,0.5774396367061558,0.5851669889057538,0.6653302451402628,0.5983507462197495,0.6244270777600125,0.6426623933265507,0.594543040575591,0.5426199756060539,0.5823691646062625,0.7712846943867302,0.6781669254192241,0.7957159077205961,0.6633762644816192,0.7089840565134586,0.5924409665368578,0.8470834164033696,0.7023814506962491,0.5907175028633322,0.6389724389941365,0.6115582071510088,0.535538718189301,0.6032150749841915,0.4847273001056205,0.8232700272319647,0.6393081672383013,0.3772633495853379,0.47831210098006466,0.6740206960623422,0.7620266289699051,0.697119488903964,0.4953254872358029,0.3263260422575815,0.5546640864088721,1.1370351371156464,0.581834496326809,0.9819369320658417,0.7218293774425696,0.3465630635607641,0.658233416983356,0.5894316691284119,0.23911959807291386,0.5687670048773945,0.702959193290216,0.7203866342603047,0.4732316088648468,0.8171976197265547,1.341981222119088,0.9674573080812612,0.9949696904211337,0.6447570878094319,0.46296961966009503
ROI_032,0.7065901165012781,0.35805314815053624,0.3413185326189841,0.2493261092600995,0.2579593226645933,0.09365288462664081,0.4837861921064996,0.17510923039848977,0.09743268306497299,0.40054245616948897,0.3454007834059915,0.34245073753271166,0.3741522066076867,0.16891051211882707,0.23268197364540114,0.5327405958075118,0.4201533494077425,0.24295710306598123,-0.0934466815184496,0.3880246015985824,0.27689624693573966,0.6349431305085137,0.5371405082365687,0.5606768058065377,0.9518512476751068,0.7185077292340413,0.9949235740410718,0.8414251323709833,0.5482306743647073,0.6160708334705062,0.802022849003708,7.254328619247669,0.5086492885616415,0.3407974584574365,1.1019078906234274,0.7353945054249524,1.0275581054035137,1.3151193866023894,0.49170869091265584,0.5373188697262375,0.580665091100601,0.6574778500514505,1.1179826876530443,1.062649690920085,0.9461972796711215,0.9389301556870139,0.8998160047127655,0.6464027376015128,0.525546140967974,0.8306613768757478,0.40833925282642086,0.3302452981046948,0.5711887490347419,0.19698598033581582,0.037384544964601994,0.05967719602866567,0.16830575821227234,0.0868532488536113,0.23512893695215809,0.37037238900144454,0.548267175531971,0.23714131792210885,0.4719840048453738,0.10901470052009875,0.3656988590939927,0.15265478099126398,0.8263006162567111,0.34956195518223976,0.3188883294515961,0.25604706455889703,0.3759782262284916,0.30425750280353236,0.4564755135136106,0.6561963260978029,0.4916582405899129,0.6714273527562179,0.5025513191730878,0.5894051179191047,0.5150234734029614,0.9884180004552267,0.5361364495415992,0.5430537271833261,0.8187197885849559,0.576878467635244,0.798203041025553,0.6412509876845505,0.7506397236822989,0.4720890876881626,0.7284906068824634,0.5744682832657959,0.24331069723441623,0.6969888668842884,0.4975513928565919,1.037342098424411,0.4407855089345597,0.8417888849226127,0.7193299026967679,0.588331395310918,0.4473333732515205,0.9721999566557762
ROI_033,1.402328144658234,0.7254679345223766,0.6213289508296611,0.6188780844447601,0.7529436993973295,0.8404856308616842,1.601005813109941,0.5888834150100895,0.6554854453943824,0.7661461576536778,0.4873916084711073,0.48872482717935195,0.6360115460604342,0.6921916002152327,0.6838372977868857,0.9627444329923238,0.45752976105160825,0.5281841949644128,0.27510397895605376,0.7302680648899581,0.4170699856607025,0.4515358199537766,0.8390295112956595,0.194998826444435,0.4537071288435046,0.07145508949970425,0.37889966731879493,0.45509448309556555,0.5616762815857363,0.6147259826265207,0.9812707194106768,0.5086492885616415,7.254328619247669,0.6789024856640753,0.9370470772180388,0.33943510164690144,0.4198366200180522,0.3283036173353308,0.9511357577644197,0.7772171275784026,1.2111097410995282,0.6600092755946336,0.7507222683068108,0.708811818239684,1.3223433247905558,0.9985097873451418,0.7691695681417895,1.3113827009180503,1.034955657193017,0.8280115067547938,0.39714502464103474,0.49552285844954136,0.3250372467785317,0.5884649389845658,0.6657266363164188,0.7109645354888046,0.3820768779945414,0.5576976203201939,0.6073481256541702,0.4923854278651395,0.5020203497754975,0.526469354735157,0.48452529723157006,0.564848806267982,0.4969376969563022,0.6844715148640366,0.44492365143687385,0.28644886242251133,0.2643467565186551,0.2584775166634812,0.4036035124198549,0.30638056840951,0.5081733314175859,0.3425715770363737,0.07791161475445699,0.0680420880336577,0.3420411804579906,0.32514404350936,0.4539068136456874,0.15378219676174523,-0.13976088739395373,0.32976943638844924,1.147110419917857,0.8241906037800153,0.5231042709498508,0.5780648041264568,0.046239881774587384,0.380274088028152,0.3690848295301763,0.003781558373264205,0.5343865911009251,0.40628537130366577,0.426831683972183,-0.021217218561404558,0.6087597942167756,0.7173595535027126,1.0790738778821873,0.977257222268563,1.0121440390641077,0.273537149353624
ROI_034,0.604806751609446,1.5619617235557757,1.4917070240460153,1.7214217051172025,1.7116736445177352,1.2640017429193005,0.8758145069354751,1.4301578012242808,1.428632927189408,1.7519358806412086,1.5621640062620301,1.6984184052361055,1.7295074530167356,1.6166613146011233,1.5758472640405004,1.5902818979719007,1.573877910633221,1.748888560547076,1.1772440548081995,1.747991295174938,1.257372803777396,1.031329473650493,1.5231702024655578,0.8801250346336665,0.9414284698781175,0.5534293775890418,0.6973717607716894,0.8986583305604393,1.2837765331668924,1.3732330780133297,0.8122880085999782,0.3407974584574365,0.6789024856640753,7.254328619247669,0.5888729658839604,0.5131334353298781,0.6580093841780604,0.3477111546416749,1.0715999786659014,0.9986539235727044,0.9219742616747674,0.9356548195904073,0.6315773631712083,0.5147841224367239,0.4720633677395256,0.5431204933246311,0.3683793701063665,0.3852459842045591,0.583567463669572,0.33224087597606666,0.20910389593116466,1.3949526812669881,1.094981667015946,1.5651951684089667,1.3407220201457357,1.2898127894993865,1.30277585085312,1.4612573650542835,1.194040141023653,1.3599780757542945,1.3292516998081731,1.4076085758928085,1.3736967100017872,1.4627381912831285,1.3605776068627684,1.374747416396039,0.6887559336890219,1.1670351345907493,1.3203450615423087,1.3543425577607942,1.2827978744229156,1.0186393376042087,1.3109668227271132,1.0409145369704969,0.761736937844568,0.6231801706843307,1.1964286716112302,1.098533132325102,-0.020723814159532783,-0.02022321712184938,0.4936270393530805,0.8715908023913788,0.4052722734306216,0.6924839894630435,0.6875302441490728,0.892432971257062,0.26915789869309287,0.8171972990789664,0.8805927491755224,0.2001573136474097,0.07972000534996006,0.6208151447899143,1.0604185208692773,0.08086044733143447,1.1452479215708458,0.6682753356490786,0.5261705443335549,0.8487978263918227,0.7280279936307268,0.18971811339523573
ROI_035,0.9650635594484278,0.7075093168463853,0.5961417814900345,0.5255517963378645,0.5646731977194421,0.4776733795440365,0.9978696794218282,0.4584508114638415,0.44001667931865607,0.6835965943088046,0.6327727585895347,0.5774104976939382,0.686432418342296,0.4922517909951861,0.5629440507345497,0.9323550700562812,0.5655629438619992,0.49518570604085754,0.06870124859082392,0.7313707987792691,0.4545868229973568,0.9523922199358877,0.8574074087214882,0.5479823696626771,0.9315185769679369,0.6684739347650442,0.834603331873104,0.8558411009764042,0.7395489472139792,0.8954521216323588,0.7909001053795836,1.1019078906234274,0.9370470772180388,0.5888729658839604,7.254328619247669,0.6814341539099763,0.7337398392298479,1.0001203611534857,1.0114141746082532,0.8706231146775373,1.081385832792272,1.0770497137794914,1.7397661493852052,0.866000558279757,1.2577959708654747,1.2028460828688632,1.3215938869261932,1.170453000666286,0.8504837195735931,1.0210738505154922,0.09634181014982184,0.48257531106559876,0.5969717133389497,0.43579918934391554,0.3341632970038559,0.3921621187243978,0.31452727429459787,0.38436304867231963,0.3599917561359882,0.5649044135472905,0.6941946343842793,0.4729439053040094,0.6525444626475118,0.4029253598010359,0.4920133373988526,0.4870054711636988,0.7391561583720033,0.38529711528084853,0.35600215601791046,0.338852526016446,0.554374554894571,0.424514175550934,0.5435486694813335,0.657500922026698,0.4806380111809892,0.41713257778378415,0.5378203299157263,0.5640851477290346,0.23300084793486567,0.3367769869345902,0.281742117693053,0.551752381376724,0.8587211094025601,1.1343692637008789,0.6269880443225265,0.8562184814025575,0.36796890969381535,0.5243911820154021,0.7862370106718405,0.34517775304562365,0.09978684249270779,0.458552813465942,0.5616690884631043,0.352870744789985,0.622400684531688,0.7318446852225835,0.9278686617591458,0.7001996341559384,0.7939025758906436,0.6923885052091494
ROI_036,0.5475869795865649,0.5033382526506697,0.5549523210334811,0.4588490972822987,0.4286783808914197,0.36112343410755,0.49296249821295235,0.40761284573493134,0.3826135186641331,0.527933365210496,0.5289524350180782,0.5726648223454958,0.5955553367384803,0.3798250055320526,0.4572010627758346,0.5890357306299352,0.4885490503213136,0.46590359171193374,0.12627768163907635,0.6287518601373028,0.4977854521968485,0.7289790765890163,0.5840872456949389,0.7050738298291905,0.8095774167070451,0.7014490947790871,1.2142841486760603,1.0524517125138415,0.6575582428438073,0.7908823056903984,0.49393199722688236,0.7353945054249525,0.33943510164690144,0.513133435329878,0.6814341539099763,7.254328619247669,1.074326936641726,0.8214050835543457,0.5733232226557916,0.6259411014170391,0.5773286893449578,0.6071250127880414,0.6863701144268475,0.945289859980064,0.5120296389404252,0.6373941857371054,0.5554535279071019,0.42986528900195475,0.8167270406713899,0.7957537056831997,0.27770828618408766,0.49745329349707745,0.6593041393437402,0.3956886540187185,0.2841901446896391,0.3118690303291186,0.3631906750747147,0.3198120471514123,0.398206866068819,0.5657830265798857,0.7217121905187158,0.5209956526830584,0.7184451793920816,0.29021738855070484,0.561741873409213,0.364454713920694,0.8313928864983127,0.4637175048236036,0.4880434714665736,0.45533414010586154,0.6108374580573288,0.4022936846614065,0.5223235131925341,0.7419936016585216,0.5824080395640749,0.7266563602802484,0.800218570538006,0.7951138667053684,0.12955755417464926,0.4490872429702442,0.5755596526802849,0.6996132396266791,0.4312400335202376,0.48618898296173274,0.766118980436362,0.5952410461865941,0.9234180657805862,0.6322716309149163,1.2900339922937092,0.3400966513473511,0.01996748613832011,0.5560684490271552,0.5748050393126448,0.5261113748028629,0.42748924506316077,0.6883857888466629,0.43115793045776013,0.6478528347318958,0.7369237060597431,0.8693188423324236
ROI_037,0.5910827906917657,0.6677575141150366,0.7453066982532472,0.621411808061609,0.5770496585663114,0.385345463942335,0.5453947589227678,0.5365291728893979,0.42927836956102666,0.7384076323645395,0.6213461777673568,0.6835877754281531,0.6370216109591628,0.4441174876873479,0.5259868088107876,0.757460215551851,0.6971985826887579,0.5620203916464576,0.26111218040990436,0.6912076985308632,0.61027967172999,0.7081976543363468,0.7039019275063636,0.8083316404639325,1.1247792467579274,0.7393024385673044,1.2741635647368847,1.2872466932492332,0.8796856216466481,0.8566957503458781,0.7251221113931067,1.0275581054035139,0.4198366200180522,0.6580093841780603,0.7337398392298479,1.0743269366417258,7.254328619247669,0.869047975170855,0.6156294770071172,0.6596093911619055,0.6363506740599431,0.699591875620915,0.7570289595173265,1.040160664944832,0.586438370465854,0.7662101092435175,0.5889244566676138,0.4301568858243191,0.6262408442950679,0.745512691396851,0.44974076879746755,0.755657400048894,0.9460028964159989,0.5874279057139047,0.3822465399713222,0.3601231107120124,0.5701994866675133,0.4373902150693164,0.6156342217241139,0.6914885268878206,0.8881909728227534,0.5934244997995627,0.7836489563275718,0.40488643109958844,0.6818529418784689,0.4086935029019896,0.9718310183643626,0.6115853448837449,0.698301848824988,0.6440278589070455,0.7352809162777585,0.5764467594648841,0.7212782245654717,0.9802650339533685,0.7409660592511229,0.9858883161749735,0.8860262430447953,0.9592985795827587,0.2444202811135346,0.6778561038096127,0.7829657844227569,0.8236219531381376,0.5710128832152148,0.5581408372595628,1.037561495439669,0.7526661409237685,1.0756104805309736,0.8880425051132771,1.079253360423913,0.5713394010301008,0.20629283073046628,0.9168706425011721,0.8732815317102404,0.7032952624615773,0.6290335490777412,0.887137991208121,0.5973782309778746,0.7778215794965567,0.5846928227927837,0.9374583526113428
ROI_038,0.4649414298538762,0.40240746238712694,0.3798599186350016,0.28888227808987527,0.2669871069186538,0.09163071287408774,0.3910735977768819,0.1960670798796397,0.15575151167862686,0.39581065732891146,0.4582203806937975,0.44249749254088583,0.468615916460148,0.19627215904345185,0.274542323688085,0.5294309745033368,0.42404114670963905,0.2762802192176319,-0.0941477338240969,0.45977674089059417,0.33853537539750594,0.8771831288883111,0.5080274610325798,0.6634431601553985,0.9966186769432859,0.958701903597418,1.0244440574752252,0.8541519642608757,0.5582107296422956,0.7263208827393769,0.48631402534643986,1.3151193866023894,0.3283036173353308,0.34771115464167485,1.0001203611534857,0.8214050835543457,0.869047975170855,7.254328619247669,0.5294456066672781,0.5715607256231447,0.5241511281158453,0.7767330365292295,1.1600918462626861,0.7318313097584985,0.5712572234047458,0.7511188680395807,0.8535951679845182,0.5029615687608412,0.43035382982464365,0.7621378050014452,0.10994770014110902,0.39721895541844177,0.6936861340253273,0.23049133847612294,0.03436413548041079,0.07885507733304935,0.21283316552139314,0.12941124252063874,0.15969195518061008,0.43962685944518265,0.6005370955072596,0.2994479099303909,0.5840819451657727,0.17180271299714353,0.38044216661181585,0.1872391015295987,0.8738439143346735,0.38801761309373156,0.3636395174294644,0.3359142993863603,0.5026687021584998,0.3816298252879358,0.431008505919797,0.820756873505747,0.6547135455706287,0.7273603466839262,0.5902001091365613,0.6200534597636722,0.15004939848547028,0.6250779001840635,0.6835530525169653,0.6461392439165046,0.43052439089882316,0.5803932684682106,0.5728922717557213,0.6918767552261703,0.7256692168595018,0.3712194404150412,0.9278854940708351,0.6520404712039047,-0.08538985249330994,0.5475977447475194,0.5404269218096766,0.831689012523,0.403583319759974,0.5451532786372162,0.4886368910203129,0.4224579614842367,0.4062152286895839,0.959135573143078
ROI_039,0.7871281365327356,1.1479133875778296,0.9469517625685293,1.0401041466192416,1.266951688616666,1.047857492943229,1.2594863244603733,0.9542563559499014,0.9891102867009147,1.1507777784596114,1.0592873552680433,1.0021364153930687,1.2372566040973427,1.0421941255633094,1.051802348281644,1.297396037207052,0.9278977267030373,0.9252052169209979,0.5717019963326598,1.1743671749285174,0.7595662102902856,1.0141379177458434,1.0921482838535441,0.7272866242136836,0.8636108750754261,0.507527219806081,0.6812682480678401,0.8318006583951385,0.9649450247626152,1.1089164734340062,0.8313122439162587,0.49170869091265584,0.9511357577644197,1.0715999786659014,1.0114141746082532,0.5733232226557916,0.6156294770071172,0.5294456066672781,7.254328619247669,1.495466738299033,1.4198241325337195,1.2063894084886806,1.0101025061170115,0.651414315036478,0.7831838201479483,0.9365521035559168,0.8014929499074752,0.7481487849198547,0.8312623260661137,0.7023977080555881,0.07878986483057977,0.8404580401963598,0.707485499871094,0.9050289735246314,0.9206261165852339,0.949544587023192,0.6988194632280901,0.9214649064001686,0.6877766363265873,0.8637327631362046,0.8816119329940398,0.9377880877905361,0.9033213068739229,0.9363312254055903,0.821346267059368,0.996531583134024,0.6326930477430864,0.6048080991551986,0.6332786479074426,0.6253729256755111,0.7949229046285202,0.6058092235224776,0.7022373775847367,0.7813445880487698,0.4494999530181054,0.3536229897006013,0.7387903502406843,0.6879820094898442,0.062024691367717606,0.007241749503938419,0.27730608329469647,0.7073709250992177,0.5990650321228482,0.8922288318396305,0.5606808443551744,0.9007667550763396,0.26253401134915666,0.7334324919914262,0.8486857332020699,0.22340838199007623,0.11883684948863213,0.4715909292599552,0.8420322860861856,0.07114469710548944,0.9332614184479858,0.7015713346364543,0.8057207032716658,0.8101728834080607,0.9500322581315377,0.4182875131876652
ROI_040,0.7117054075857558,0.9015561508151716,0.7243890624221242,0.82867096434509,1.1017038530569476,0.7814623038052615,1.1392373247712015,0.6833047132556108,0.7324040937241326,0.9454261405580127,0.8915879454081685,0.8954543908775665,1.049708469566888,0.8470148579636639,0.8585696630716908,1.0979132780784278,0.916765490683339,0.7515662307507507,0.5395062048483533,1.0257085089500273,0.6532313848557915,1.0495806687165683,0.9784986254517299,0.8840706424153887,0.759206878922777,0.4538906333323105,0.7353398870153459,0.7793991420798692,0.8324301572795928,1.0079501959690387,0.7703023661282751,0.5373188697262375,0.7772171275784026,0.9986539235727044,0.870623114677537,0.6259411014170391,0.6596093911619055,0.5715607256231447,1.495466738299033,7.254328619247669,1.5649170985784946,0.9682553918725441,1.004475989470342,0.6527970508937417,0.6827248135086939,1.0146762416219348,0.9280128785090032,0.7023945707927937,0.7696702817912427,0.8000287347801776,0.194772288556023,0.7255547696265896,0.6706655685945696,0.7584921639627463,0.7481286136211722,0.7347007624392256,0.5409473894145346,0.703086767942615,0.6055478404904477,0.759278910971043,0.8107360587372386,0.8195594907305201,0.8625143460094703,0.770235479752267,0.7798132622792905,0.8039083817012974,0.7935396032608859,0.630997200176883,0.6299090140157001,0.5762334587515574,0.6954575962131969,0.5808509022124762,0.6626037402572453,0.8292830494690463,0.44523235859519855,0.40652873887900526,0.7997385164608852,0.6912578812295681,0.11831009852279034,0.15580064573978655,0.40138581613155616,0.9237728031283463,0.5789458983278711,0.7257771583487338,0.5687082569666796,1.0187919626488924,0.3344816863512218,0.6495367643828299,0.9313375575308758,0.4182446536399626,0.19627043948203968,0.5549462509508298,0.8409548567179038,0.2187826447323622,0.9327748478020101,0.6590804832886231,0.8620931111448848,0.8248265791955439,0.8920695258746195,0.49651563537410054
ROI_041,1.0181330324303988,0.9343234278502561,0.7289880414026524,0.8008742113853733,1.042552031680043,0.8882878919898042,1.7973535061939783,0.6759430897950851,0.7565880355606063,0.9450987275260564,0.7572858492120592,0.7560175907557893,0.9497955912485239,0.8094621250861104,0.8703638629639573,1.2062019384263007,0.7250655939441587,0.6698169357460292,0.3935990412058183,1.0400327450679654,0.5610240936230707,0.8485416182937716,1.009199563783979,0.6036117881730216,0.6683505450464937,0.2917496550065087,0.6631581895504804,0.7454983281951162,0.8318258137981135,0.9492280539327014,0.8843838470083663,0.580665091100601,1.2111097410995282,0.9219742616747674,1.081385832792272,0.5773286893449581,0.6363506740599431,0.5241511281158454,1.4198241325337195,1.5649170985784953,7.254328619247669,0.9463201515412889,1.0895028692153148,0.7734453701215428,1.0169609362185152,1.413285218300254,1.1531659538027976,1.1179279999908172,0.9989335540197292,1.0575380866589361,0.25807548673200814,0.6983144263537978,0.5555112664301819,0.7404650944878731,0.7802367591182405,0.7659930173633123,0.4912814682985832,0.6841562749574617,0.6896294188444088,0.7324561122147617,0.7668437478282416,0.7998000518693903,0.8131146048778444,0.7338820358589311,0.7035478575847112,0.8298676753347152,0.7680773909786206,0.5264766401189828,0.49338833469923893,0.4521742364979389,0.6326681528764535,0.5676414668830972,0.6980375422679714,0.6975206102598779,0.3397446168137968,0.31012424914913167,0.6667587750383958,0.5882602761893693,0.25318403406505385,0.18138570342867402,0.20966969167954524,0.7661378701197064,0.9030924523169064,0.9720611251730704,0.6611615900300358,1.0692266779659236,0.2609224074997226,0.6213471636532673,0.7697075030620906,0.3484807273489682,0.3470943124042219,0.6133048527979262,0.7795830723750283,0.1259919204989832,0.9326894687349433,0.7513554048489616,1.280330436399979,1.0770461381538559,1.1407103116665605,0.4976769918083444
ROI_042,0.6081293319078762,1.1963617260930524,0.9697933918205199,0.9882676983713953,0.932679475626509,0.758671482025003,0.86919704047703,0.7972822476034473,0.8163830223601047,0.9714334371351124,1.0598358750838448,1.046550580692736,1.1166592432105205,0.7821940751046218,0.9118558389034579,1.268196001171831,0.9089211462537261,0.8297129069491113,0.3928198767403115,1.1538506425253066,0.7036847563935116,1.2359333989476913,0.9163070425989591,0.7407002735563689,1.1222030358825732,0.8442561410066557,0.8280643719927716,1.1111107105454867,1.1347080787850894,1.3375147594548247,0.6542061445081209,0.6574778500514505,0.6600092755946338,0.9356548195904073,1.0770497137794912,0.6071250127880414,0.699591875620915,0.7767330365292295,1.2063894084886806,0.9682553918725443,0.9463201515412889,7.254328619247669,1.2643455878675063,0.5779219800953292,0.6453871757220911,0.7951570538667567,0.7139407366478708,0.5879257088872717,0.5939033024774535,0.6007437982371858,-0.049919408772054766,0.9430165978197675,1.005050790979197,0.8939445969640984,0.6632447078667606,0.7380261319435603,0.7871656107498551,0.8279775509963034,0.6600314612498962,1.0254131523448535,1.0848220450543122,0.9207165408340823,1.0797130480679504,0.8713649644336603,0.8165223366357354,0.7842621621153315,0.8443382034633855,0.759716150171991,0.8103281350953566,0.7735502357213994,1.0045457987352626,0.9291353510827394,0.810929769140223,1.071018662492164,0.8321121106198526,0.6851069533488342,0.8958083447630238,0.9121681453976898,-0.13245570554844296,0.07829781098031117,0.5162660147978753,0.8179933796479975,0.48575835610596474,1.2473491753022423,0.6612755570227441,1.1666524768322704,0.32592590127028587,0.8277459060866547,1.0245318301103585,0.456869214921175,-0.11839714387108177,0.6130390319276389,0.984420212758026,0.2281945804210767,1.0983087617857488,0.7128460356704585,0.6853756742326461,0.6753476141422639,0.7363697490137172,0.46011790190707397
ROI_043,0.7637398636404493,0.742318672246518,0.5865006211734499,0.5524021311401051,0.6012277405354451,0.4341320406768297,0.8747796839998622,0.42649850332896083,0.4358560624658155,0.6682817976719345,0.6687277926928497,0.6437873390348403,0.7626692430614151,0.47863355517553063,0.5765071500471948,0.9418984018928327,0.6393879562450357,0.4859047503940321,0.0976628737820111,0.7815136021153182,0.4425419977733493,1.1454152417493468,0.8322595745475406,0.6836975995462451,0.9817269761210048,0.7469022494972715,0.8866473651408697,0.9380719550669837,0.8272435567433303,1.0127650245275612,0.7658650383174967,1.1179826876530443,0.7507222683068108,0.6315773631712083,1.7397661493852052,0.6863701144268474,0.7570289595173265,1.1600918462626861,1.0101025061170115,1.004475989470342,1.0895028692153148,1.2643455878675063,7.254328619247669,0.8007087308251322,1.0018885559195225,1.2030535995147418,1.3323481614675317,0.8943918941089533,0.6722959563024103,0.9575781094815813,0.04543515632185321,0.555052481559406,0.7048255054707094,0.48471151857030714,0.3366030620000535,0.3890342067411427,0.3633962755404416,0.4137921931091179,0.3897380443147559,0.6517674261784665,0.7887361667435482,0.5556211486780597,0.7755078107031594,0.46901221778610047,0.5555771596027009,0.49818183903304364,0.9085027145412786,0.5164585705407005,0.4858054373157894,0.4321505468375258,0.6295755806980464,0.5692904294770359,0.6099016479417899,0.8478635453455311,0.6082630538314776,0.5593212901130005,0.6590985864061751,0.6840606155222311,0.16496700999745867,0.3774754439645567,0.45882736037845606,0.7852350737705075,0.7539857072258767,1.1608220070571094,0.6618075166275325,1.1052762490952486,0.41548139770561393,0.5505155623410338,0.9402744985752796,0.5713810124763502,0.03855631719283468,0.5932575472046558,0.7015374257852314,0.4622182091863415,0.7978456283968094,0.7666735149769309,0.9212915100214151,0.6709204894069586,0.7227791824240896,0.7377661550899792
ROI_044,0.9206509089187844,0.5025866740765321,0.5309839038248799,0.45738200348957797,0.5167226653497784,0.4017591383115114,0.7042469014374892,0.4160132184350525,0.36565721826731534,0.6069600135164595,0.41491997161791416,0.46744652329491587,0.5489854677983752,0.42292536032038014,0.4645637446571362,0.6751665136224522,0.4825703164095945,0.4395096103951341,0.13261092960584292,0.5848524933805499,0.4830309035544763,0.5158637289641954,0.669962853742527,0.5621346032423387,0.798787707864075,0.4457397659992109,1.1356167746275228,0.9724299139866932,0.7076198276451993,0.7172468411392721,1.1725154275052643,1.0626496909200847,0.708811818239684,0.5147841224367239,0.866000558279757,0.945289859980064,1.0401606649448318,0.7318313097584987,0.651414315036478,0.6527970508937417,0.773445370121543,0.5779219800953292,0.8007087308251322,7.254328619247669,1.1413435805310816,1.1208632968299552,0.7402794264105991,0.7154237398724966,0.8925859915090817,0.8831213844073666,0.6554341331644068,0.4968635533867401,0.5561367181689267,0.3986068847228444,0.37413857969977365,0.3445604729933981,0.3285539258757754,0.3118237849348425,0.5291260119458108,0.5305567552755467,0.6892869167233033,0.47953530840536635,0.6221184306147489,0.2941750203003593,0.6055411850381582,0.39719445105811785,0.7862610800807324,0.4432771232368113,0.4182099202677493,0.3371359641163644,0.5115493001915895,0.34782102020766664,0.6189570554306499,0.6265914606110162,0.37902989512499513,0.6151506170086709,0.6650903190575905,0.7410453152303536,0.7256135721357593,0.8020007275753281,0.43545100126040237,0.5802279766717513,1.1587772850651226,0.5325586453193013,1.2317107583777602,0.689925105734349,0.7632094994612867,0.7004331208378425,0.8145557980907804,0.36235936946373815,0.5067264544361063,0.7482129775373062,0.6642103229598038,0.7230286405108836,0.5649732648945222,1.3006542270092858,0.9333463272412535,1.0382680341533441,0.7686740172590864,0.8411973631282569
ROI_045,1.308361349699168,0.5323479093956989,0.4469234486148683,0.39720373420986216,0.4971905875721039,0.49741963292089797,1.070606131331715,0.3839110759379085,0.3823831282192431,0.5806804071681066,0.38037438161594495,0.3642124709239408,0.5013112713017629,0.44029299173518577,0.4732939783031962,0.7458011551636109,0.3800266672134629,0.3597547866332493,0.048582266455497354,0.5442882020737623,0.3175559675856123,0.47285670490219833,0.7111310801475339,0.270227251949133,0.5859906666278808,0.2397777046380396,0.6029295833485634,0.5943300745922029,0.5599209992394665,0.6024908386293245,1.176199270203128,0.9461972796711215,1.3223433247905554,0.4720633677395256,1.2577959708654745,0.5120296389404251,0.586438370465854,0.5712572234047458,0.7831838201479483,0.682724813508694,1.0169609362185152,0.6453871757220911,1.0018885559195225,1.1413435805310816,7.254328619247669,1.3012308626283848,1.0085495568155673,1.3505627919314278,0.9487581350898603,0.9650886182887074,0.42710027930643124,0.3610532088209758,0.3168394016709951,0.33992183853250046,0.3650280210005663,0.4057086920266675,0.21353352679493684,0.31238258271950936,0.43589691982816386,0.42086365335681386,0.5073377518180701,0.38381982822993677,0.4485499115824658,0.3223699837297922,0.4264073447423733,0.45626785950070553,0.5252553208131572,0.2642963928054408,0.21246754254489517,0.16269961997862037,0.3313383517513166,0.242213785758179,0.4738760229415407,0.3740663884477002,0.15933620065738474,0.22212383167542357,0.35091491080481224,0.40156032421963517,0.6912168362231327,0.46853243651591037,0.02399537398214591,0.33489266335364726,1.6150388089402044,0.8114083525353126,0.7180984043817724,0.6106186943002551,0.2608004177925319,0.4327044987225006,0.4653560013689221,0.14198629293979925,0.5196418120893167,0.4992761705941886,0.41011650946453093,0.3335333905664646,0.540817500657346,1.0187188698229341,1.1884118653877904,0.9254996448794734,0.8587222214514791,0.5215033841592552
ROI_046,0.996767615148123,0.6102649405131129,0.4798735192955822,0.479036651041139,0.6391325880013322,0.5133790191693198,1.1577424776953207,0.39753921598033165,0.4264096247389077,0.6491800046379068,0.4749583314473565,0.470166823015169,0.6245472926806876,0.475796745199695,0.5646212728075495,0.8269804415461708,0.46732880631150725,0.3870390840341215,0.09122332125499348,0.6816817561417988,0.37855812748198964,0.6376736996928305,0.7001527565202679,0.5081719190547125,0.6761650269009201,0.31315399112315606,0.8328896910682028,0.8169032106117036,0.7185989891903365,0.7796842386757352,0.9560012795771989,0.9389301556870139,0.9985097873451421,0.543120493324631,1.2028460828688634,0.6373941857371054,0.7662101092435175,0.7511188680395805,0.9365521035559168,1.0146762416219348,1.413285218300254,0.795157053866757,1.2030535995147418,1.1208632968299552,1.3012308626283853,7.254328619247669,1.4223661516562733,1.1861369037878404,0.8879893074214187,1.2869377653445335,0.39105291918357127,0.4980753163866487,0.4491112987756195,0.4290873700521358,0.4411890513325327,0.42797052144309905,0.2705139874365581,0.36772532522259227,0.5159471382630361,0.5551510224518155,0.6438119107322825,0.5564300958737717,0.6509823478034842,0.4151564189346084,0.5448784799671333,0.5189501038636257,0.7911269248289649,0.4025496513460009,0.3258991664038012,0.24244369142767472,0.4715515498598923,0.4505665134231301,0.5805850906062109,0.6379852661489575,0.306677436368583,0.4139837832754995,0.5562137784262822,0.5506297778451328,0.5106608464186989,0.5455098424116938,0.27236021115211545,0.6397149436019168,1.2751677274546822,0.8841419650192629,0.882456937575375,1.0516854826365558,0.40991813790226533,0.6291469682165568,0.7171888805478417,0.5065908766577892,0.48121087972146215,0.7634496455318259,0.720473925437715,0.4357867400478416,0.786956672104144,0.98485722229559,1.8241640067399532,1.1099573108140637,0.9210429896110384,0.7699099343264475
ROI_047,0.7722091979838691,0.4092878701426962,0.2901667257993134,0.27349097706701647,0.3960597428287716,0.26601170264461427,0.8976955775214623,0.17781647369641487,0.20096593819311453,0.40641146581673304,0.3498646789686921,0.32860596324004193,0.4390695150177175,0.268969006082817,0.3321453914240838,0.6100490348456301,0.3469344512862706,0.20866765684981545,-0.08766009976889694,0.4733573034057869,0.2096324782409922,0.696414578335131,0.5723538388353315,0.4769977263852372,0.5878139286414207,0.3758066961902979,0.6202116623884351,0.5718331915877852,0.453062724830194,0.5841743348533807,0.6155625811005322,0.8998160047127657,0.7691695681417895,0.3683793701063665,1.3215938869261936,0.5554535279071019,0.5889244566676138,0.8535951679845182,0.8014929499074753,0.9280128785090032,1.1531659538027976,0.7139407366478708,1.3323481614675317,0.7402794264105989,1.0085495568155673,1.422366151656274,7.254328619247669,1.1517439626227255,0.7129266102430696,1.303608575228408,0.14847816199868855,0.24905313944749818,0.33761636806674516,0.21455234565850462,0.16728450584402463,0.1779429951105409,0.045191807703995925,0.15050056287106278,0.17205049632541639,0.3103053668609591,0.41156382897429894,0.28189581549497594,0.4399113885914471,0.19500794671857388,0.2884864073068878,0.2850054372012783,0.6768991031878467,0.20320164388329873,0.1291115155836778,0.08619452967074363,0.3001683422034918,0.2417011346132934,0.3175981760211047,0.48332478640108434,0.23141969042408456,0.23376713090315165,0.36369146802687946,0.3503813879635268,0.32065549193978976,0.41737432339970354,0.2272189497818732,0.5766641298169305,0.7988669498758854,0.7626652613375621,0.4573322204104733,0.8229996173069322,0.34503322300902634,0.3441804454730102,0.6163213439927588,0.5241783827010731,0.2381956973402865,0.3897508342514334,0.4367707202488324,0.39018129373771554,0.47866121114163146,0.564788475316377,1.0631389892550203,0.5854925024290087,0.6563755663941794,0.7858802316657326
ROI_048,1.1553050988795928,0.4854210630680866,0.3780323229166583,0.33320021403917505,0.43697189576768436,0.49506754500054667,1.2919070438617297,0.29859867859591,0.3566666080237807,0.4644283366405451,0.29532005410192724,0.26712761096341525,0.4061661612186555,0.36670223089329984,0.4193075704814489,0.6851164910319373,0.23619034549008738,0.2624162598720312,-0.0464519867504755,0.5084364107826579,0.20203148799042692,0.4483751249878431,0.6218800112990563,0.12284487122733623,0.381131042588205,0.10869572456510179,0.43305805336891123,0.41901395302993283,0.3891167616246374,0.48938569835470486,0.6591998046387256,0.6464027376015128,1.3113827009180499,0.3852459842045591,1.170453000666286,0.42986528900195475,0.43015688582431905,0.5029615687608412,0.7481487849198547,0.7023945707927937,1.1179279999908167,0.5879257088872717,0.8943918941089533,0.7154237398724966,1.3505627919314278,1.1861369037878404,1.1517439626227255,7.254328619247669,1.0884073166899266,1.2024820900254916,0.28011145556624584,0.27302379473150973,0.20188489954074904,0.2917228034310507,0.3255050878126055,0.3890390243822888,0.11285435535243254,0.253853081414693,0.3079316893892556,0.30818006676353343,0.35067912473219687,0.30421278481866126,0.34965098120060506,0.2707220382145593,0.26313161544070046,0.4115900852820174,0.5100176974912727,0.12972035641340743,0.05898652380462844,0.04399802289826864,0.24746340448124532,0.17657746713182615,0.33761009149445964,0.28060339159975345,0.06299591676974502,0.044275504039760036,0.22072871761277546,0.20447549427276762,0.4016305619985345,0.24413250453114316,-0.14213977960770086,0.27310536055538515,1.0595205937585086,0.866547490418912,0.44104536679599665,0.5601275985402934,0.12463468191747401,0.27053412956596806,0.3794456737239711,0.11489913502010998,0.40328633042664536,0.3481602706072143,0.2957022655553854,0.07543502794801177,0.3937563011323017,0.555514748760445,1.1058579623424953,0.8316599990451407,0.9994045792969969,0.477138591796799
ROI_049,1.1902110649581423,0.638688377584976,0.616593099045997,0.5820407662249548,0.6466676969338182,0.7494634705853931,1.1746185547621508,0.5395503572116436,0.5818723916926354,0.615666038934216,0.44965195669962293,0.44571076900155254,0.5504567989289894,0.5318361873004234,0.55315637612127,0.8047161209793396,0.3909386249586265,0.47218790025337565,0.16847959635637236,0.7142797956613295,0.3874655390557176,0.5018112781987351,0.6867014208105976,0.27547395865532437,0.5104623186674533,0.21369622451713866,0.6097340503328682,0.6389227271607418,0.553122323977448,0.633279094544556,0.6632648139892982,0.525546140967974,1.034955657193017,0.583567463669572,0.8504837195735931,0.8167270406713899,0.6262408442950678,0.43035382982464365,0.8312623260661135,0.7696702817912427,0.9989335540197292,0.5939033024774535,0.6722959563024103,0.8925859915090815,0.94875813508986,0.8879893074214189,0.7129266102430696,1.0884073166899266,7.254328619247669,1.0214826412463756,0.39115431429615277,0.46475285699574903,0.3945827870277496,0.5307792206544676,0.5623812963064831,0.5890305382593439,0.3495368748148914,0.468918172515834,0.45496349684927473,0.4484831164183338,0.502763967068653,0.4731632572130313,0.48903087425170116,0.41342440263287783,0.4249794189177571,0.5064165203413239,0.6185787890909561,0.23865155556811388,0.2538617020557588,0.24915280622700206,0.4125992070188684,0.2449001135466061,0.4220215053772673,0.4094785761422841,0.14546381505807218,0.1978995347164462,0.4359511731284701,0.41286657804378196,0.3265652687720676,0.2275668926845673,0.004450935739431182,0.43075392267616064,0.8011392921459296,0.6648029031622384,0.5974107811832591,0.5092918253503494,0.3653012599131119,0.4991883914710269,0.6417804056492391,0.04182428114030506,0.35450054452662405,0.44460035804095366,0.4111363577509315,0.0668618669117827,0.4510495411387127,0.662372393641263,0.8065095720128966,1.003243535935842,1.438620439056166,0.48089689293926274
ROI_050,0.9296188526202157,0.39386806410570474,0.3346633894650128,0.2709657032720061,0.36471073343855787,0.3313209260836736,0.9983726809274024,0.17962421356054029,0.22023866431702022,0.379182305047303,0.25694111971310424,0.2730048049757217,0.37184098478734634,0.2334824352799225,0.3255874914854394,0.5896174515600136,0.24253725883675875,0.18095521280702082,-0.13612608954391314,0.48562850663327495,0.20042158863462306,0.5180292704828524,0.49117074290571844,0.3518004092539254,0.48737086358967296,0.2517515327787041,0.6572651993345431,0.6093666158947575,0.4275737924058972,0.5279740196697056,0.5774396367061558,0.830661376875748,0.8280115067547938,0.33224087597606666,1.021073850515492,0.7957537056831997,0.745512691396851,0.7621378050014452,0.7023977080555881,0.8000287347801776,1.0575380866589361,0.6007437982371858,0.957578109481581,0.8831213844073666,0.9650886182887077,1.286937765344534,1.303608575228408,1.2024820900254916,1.0214826412463756,7.254328619247669,0.33289876060941426,0.26917462618342486,0.30855946649700805,0.23267093696366795,0.2036406861408753,0.22959868624428975,0.06807391965580994,0.1457797806202276,0.26449798324631524,0.3144545583000732,0.3996884737321559,0.3094681490323886,0.4184702252829939,0.15862812975710072,0.2789732743914436,0.26445850374201757,0.7838130084085158,0.14884542547528573,0.10952300491873851,0.07281158919550534,0.2925151662611287,0.21316734371149573,0.3037104977129923,0.47087609553571413,0.1797547542956628,0.27101771443457695,0.3832448138427846,0.34268409180633824,0.3598155895541913,0.4743924000288779,0.15281621310777338,0.5438325634206638,0.8807232047608453,0.7276358569376721,0.579760398745558,0.6874084878296934,0.5201079271379693,0.3725352886236054,0.6964958892115116,0.44645864323687845,0.388921107759916,0.5107684765494827,0.43642835969241933,0.3362543149386736,0.4154181790342196,0.6321151160348129,1.050831693531264,0.7743344451106161,0.9318678081882019,0.9707658347946189
ROI_051,0.5106585450620968,0.0509068118918788,0.1162442602239469,0.12043151457150321,0.18280900024534275,0.13067463073260124,0.2943310600299685,0.08186987867852807,0.062052279471398644,0.19948750878500915,-0.03303206336497591,0.03789195938638822,0.0663366197341322,0.12286587428493595,0.08917562194394835,0.1817795543422347,0.11564893809200924,0.08557001305287087,0.11256682877634497,0.10223885075824486,0.10425374631932773,-0.09158210665086726,0.2275423978598978,0.09971025426969359,0.14789566665070653,-0.14316539273018283,0.2967734414788682,0.21830464076931688,0.1312445908075489,0.09384295659154925,0.5851669889057538,0.40833925282642086,0.39714502464103485,0.20910389593116468,0.09634181014982184,0.27770828618408766,0.44974076879746766,0.10994770014110904,0.07878986483057977,0.19477228855602302,0.25807548673200814,-0.049919408772054766,0.04543515632185321,0.6554341331644068,0.4271002793064312,0.39105291918357116,0.14847816199868855,0.28011145556624584,0.39115431429615277,0.33289876060941426,7.254328619247669,0.15352569490222717,0.11053974551380857,0.13106007624077204,0.18251923492971994,0.11162919404749133,0.08157488963175859,0.032492560814435585,0.3557360085186876,0.07429165286105524,0.12532586571866192,0.08614595768396403,0.10917392749408843,0.01985985301912595,0.21584694843191268,0.08013592477183201,0.3148448370108762,0.10635031874320189,0.1118788570585527,0.028630778243732623,0.055733061194069296,0.00462495036753555,0.2742979898310367,0.1270133830863802,-0.10582307408483224,0.19519370635316027,0.19541430892995393,0.22083789649253102,0.9803101422890904,0.789992144636521,0.09247717390778233,0.20862177390041553,0.677778857667991,-0.10035892220856193,0.576347996446099,0.15144892270073898,0.4144837048827971,0.2653049286372849,0.14841187826535587,0.1742630938074801,1.1572782298617443,0.5164649935456863,0.22645544958085845,0.5013333514061388,0.1673009365631282,0.47560402195744084,0.4763024986647172,0.6179040330297694,0.2925409569968905,0.3040515920163856
ROI_052,0.4149901444290144,1.755475761416055,1.5993709102750218,1.788197696821021,1.4672883604847409,1.1319636784045406,0.6852602650401133,1.5431268300504535,1.4469863956225377,1.5943312528602476,1.4105210772760939,1.5602560266950987,1.4209371460538147,1.2469081743707924,1.3998590458155857,1.3924860572757034,1.2509085402403333,1.404759227602036,0.9405497346824937,1.5310334920767188,1.1714993850587867,0.8967462179850592,1.0330065692836212,0.7461091778725133,0.9677908005767476,0.5897771167280499,0.7659922941782848,1.065234728689949,1.5039384184052171,1.3643848572807875,0.6653302451402628,0.33024529810469466,0.49552285844954136,1.3949526812669888,0.4825753110655988,0.4974532934970775,0.7556574000488943,0.39721895541844177,0.84045804019636,0.7255547696265896,0.6983144263537979,0.9430165978197679,0.555052481559406,0.4968635533867401,0.3610532088209758,0.4980753163866487,0.24905313944749813,0.27302379473150973,0.46475285699574903,0.26917462618342475,0.15352569490222717,7.254328619247669,1.3756575995166613,1.848478347165534,1.2939189728296474,1.2734938934318858,1.9848625008524303,1.621313105843984,1.5068595734801398,1.70684760832389,1.5921816924397267,1.5978572462097722,1.4847164920266873,1.58061593225917,1.4154512336409935,1.253019746658912,0.7290828411075515,1.2547335870599705,1.5809524509190873,1.567339302692559,1.5841377701862653,1.4115926907284082,1.4053893370253205,1.2327072506597727,0.9928541641390446,0.8848197976957243,1.2536877737086902,1.1941674214585751,-0.12458897966025315,0.02548368039660188,0.6347919429975005,0.8613624465479076,0.34098469794793507,0.7565122240672384,0.8465789913631713,0.9494866781655441,0.3711865960013312,1.0333532329247184,0.8460565883330302,0.29645749298197216,0.015959377559835862,0.8920826249012542,1.3827882512336278,0.13007284602701058,1.2496387286003257,0.7154574965149568,0.48106476582318264,0.8635068239033644,0.6745135426110999,0.21154935837858027
ROI_053,0.343505419141569,1.172309245328434,1.175066794092867,1.2129824966800105,0.9798766608443522,0.6366812738970244,0.4988711677862172,0.9447410707814126,0.8228859237873035,1.0757617830733244,1.1723312623353292,1.4009251277526729,1.0960636800402312,0.8009493336900008,0.8816685661992727,1.1525204534146274,1.3749879959602216,1.1107133006695096,0.6680736834253852,1.1865704689168095,1.0648417623529152,1.2213878857728877,0.9086957574609493,1.1021215679523237,1.4270507133887675,1.1104613188613912,1.0343589866458844,1.239905508783399,1.3144712883847323,1.3044454500982212,0.5983507462197495,0.5711887490347419,0.32503724677853163,1.0949816670159465,0.5969717133389497,0.6593041393437402,0.9460028964159989,0.6936861340253273,0.7074854998710941,0.6706655685945696,0.5555112664301819,1.005050790979197,0.7048255054707094,0.5561367181689267,0.3168394016709951,0.44911129877561945,0.33761636806674516,0.201884899540749,0.3945827870277496,0.308559466497008,0.11053974551380856,1.375657599516661,7.254328619247669,1.1733292249431369,0.7218274574402295,0.6824605721695789,1.2177041816186742,0.91880565585833,0.860819219798798,1.2178819218411125,1.5181466206493301,0.995202776233691,1.3066190076096276,0.8887104949189424,1.1419100168313412,0.7227062643989344,1.0419839137495654,1.1364470879137043,1.4517470917243047,1.4476867306382095,1.5499297529050642,1.1539797548489032,1.1553048316516323,1.616677613084493,1.471307135160827,1.2357598347993082,1.434692179689087,1.4065848229531879,-0.1569430965410049,0.19068608861368866,1.0832648087061314,1.1186031616617105,0.23979556963498413,0.6719039692304993,0.8366643941347973,0.9480955020089229,0.6256495743141467,0.9495178549270209,1.1403074384477923,0.5363896606420655,-0.10776895145265744,0.7869078506037696,1.3195837771080015,0.39685181739393904,0.9529765656073104,0.6629512493276353,0.36605871534241774,0.6058697004293035,0.5064779430874591,0.4426247401311777
ROI_054,0.45748824055774695,1.8501904318720646,1.5906709181128866,2.441108168745774,1.7921184773564494,1.3948391765570336,0.7792777488021084,1.6422903733486451,1.6631484141562176,1.5282805218057816,1.2940119667919423,1.462618595713131,1.3438424515059686,1.3567919996975941,1.382221189194473,1.4791735715482903,1.262504162033647,1.479368648910743,1.0704695372910171,1.5641107915611991,1.0713015808783337,0.8284390282699972,1.0298812704960372,0.6496888183282272,0.803827135292734,0.4568664451907665,0.5768805929371802,0.8551627839014361,1.2541582606224808,1.1702922387143957,0.6244270777600125,0.19698598033581577,0.5884649389845656,1.5651951684089667,0.43579918934391554,0.3956886540187185,0.5874279057139047,0.23049133847612294,0.9050289735246316,0.7584921639627461,0.7404650944878731,0.8939445969640984,0.48471151857030714,0.3986068847228444,0.3399218385325004,0.4290873700521358,0.21455234565850462,0.2917228034310507,0.5307792206544676,0.23267093696366795,0.13106007624077204,1.848478347165534,1.1733292249431375,7.254328619247669,1.5999546675987535,1.4875839870444958,1.883432598780693,1.9645733549247162,1.3750702630267253,1.3710391838317486,1.2573278813621207,1.4359931478137733,1.2112404288870555,1.7285931584753724,1.2120871651364047,1.2600903125596423,0.6371621063285218,1.0445261515607036,1.3325619176589574,1.3973814502936444,1.3105833966749814,1.1588953237060493,1.1402955987212715,0.9686559672354857,0.766973037505203,0.6341846008542293,1.0439661646722989,0.9622707807968035,-0.16677253434391748,-0.11223722689486108,0.45497275202680937,0.7937080109036292,0.3085589834257348,0.7355577467592134,0.6769584088040151,0.8224408243620414,0.23633456358576915,0.9321537367032545,0.7195475745165926,0.17624146816190414,0.03595453151136207,0.6894301242620443,1.1203105315402966,-0.05380098086975285,1.1554411595391318,0.6104397252614023,0.4466027173004872,0.8069879431426679,0.7255454194290749,0.08136119459873845
ROI_055,0.4797886061448547,1.3400478935422449,1.2288494415252875,1.5664144772757833,1.7923480120411592,1.793340942784676,0.8338904026716282,1.5431498728123436,1.7995118648863475,1.3554237222810657,1.0845275292159178,1.1196436130380325,1.206607570801467,1.5571424616050857,1.4886350220651507,1.176445406216764,0.9811004865692473,1.285526339443775,1.1765547219758727,1.3215060180888645,0.9950499291662911,0.5842837742565655,0.9509651497113576,0.5047794155188252,0.5285429350876176,0.2050186249967133,0.4105834148830994,0.6224154431831973,1.0137658608065998,0.9254132824409746,0.6426623933265507,0.037384544964601994,0.6657266363164189,1.3407220201457362,0.3341632970038559,0.2841901446896391,0.3822465399713222,0.034364135480410785,0.9206261165852339,0.7481286136211722,0.7802367591182405,0.6632447078667607,0.3366030620000535,0.37413857969977365,0.3650280210005662,0.4411890513325327,0.16728450584402463,0.3255050878126055,0.5623812963064831,0.2036406861408753,0.18251923492971994,1.2939189728296474,0.7218274574402295,1.5999546675987528,7.254328619247669,1.8565284337981949,1.3234699386036946,1.856179769385286,1.377820027087301,1.1154757766290841,0.9383255570007103,1.3679732362322568,0.9707579730286899,1.7074868016156337,1.12524431506809,1.5293919477481355,0.41992599387918367,0.8497646582506322,0.9722445609066669,0.9777057122276386,0.9844060152441793,0.8868258861375247,0.9734612590808566,0.6918679360894137,0.4580055701639494,0.3682834628820745,0.820157096315034,0.7282869775284632,-0.036683185336454156,-0.2017572709567262,0.23476655618965808,0.5846902623701568,0.3631323236883798,0.5710950774072147,0.5871333831109212,0.6831956002202281,0.07559304007040246,0.7928080115773225,0.5389122748968491,0.03321917654929845,0.2029842178259481,0.5686920121321961,0.9238028127167965,-0.1938932574401566,1.0539192122501668,0.5877587235767201,0.5101915999531532,0.8834349777753564,0.7757602018907275,-0.010431785328849075
ROI_056,0.5101931462422671,1.483689224004196,1.2906886110234435,1.4971473492946725,1.5486558574311455,2.137356025226814,0.8900432136191974,1.687472015301659,2.274616260111825,1.3669172626850028,1.1333513467191352,1.1172633931355334,1.2794551095938622,1.6321639148174427,1.6340737520327324,1.2308396995080235,0.9007243320832511,1.3242688909341689,1.0429544511135833,1.3530941583160339,0.9768895843577315,0.6315047838029098,0.9949167124790488,0.40223833721341573,0.5237612529318545,0.22603826574357372,0.4039184509445308,0.6225859768095358,0.9784145379969231,0.9856710273364543,0.5945430405755913,0.05967719602866567,0.7109645354888046,1.2898127894993856,0.3921621187243979,0.31186903032911856,0.3601231107120124,0.07885507733304935,0.9495445870231918,0.7347007624392258,0.7659930173633125,0.7380261319435603,0.3890342067411427,0.3445604729933981,0.4057086920266676,0.42797052144309905,0.1779429951105409,0.3890390243822888,0.5890305382593439,0.22959868624428975,0.1116291940474913,1.2734938934318858,0.6824605721695789,1.4875839870444962,1.8565284337981949,7.254328619247669,1.3048398686123333,1.9203728088214314,1.3035406215856302,1.2019852948453889,0.966489718326059,1.4398996936720896,1.0258656411345528,1.8585899659704905,1.0888962533684756,1.7802856081529317,0.3973702816095252,0.8742131153605536,0.9392751397507216,0.9716646381731712,1.0018333701250943,0.9020521490143687,0.9599136665617795,0.6548481615209525,0.4707482625174266,0.3588789285867216,0.7810274279390713,0.6953392162076756,-0.10988764036571728,-0.2574991357351313,0.14851951465995103,0.5047380150210209,0.3682191332306629,0.7022595955236033,0.5366148131228059,0.6640346972250496,0.03981178849725132,0.7260211722057599,0.535747480301994,-0.07336625992875648,0.09600670367274738,0.5131221087491503,0.8135110743315094,-0.22716760430664215,0.9936118907357802,0.5501161741300211,0.46741410525453153,0.8720773064510641,0.8648667153913837,-0.05784221870478024
ROI_057,0.29967741356911237,1.5293791485804518,1.5412596517429735,1.785499369067502,1.3232685689812158,1.1293735742486977,0.5255214559968232,1.700692405655755,1.490392547455777,1.381056305564277,1.312053534590422,1.43962164589284,1.2463498106875142,1.2358934031593882,1.2914810600640254,1.154055233286719,1.1933456931022588,1.5113766125086094,1.1103047389333418,1.2768287495605102,1.1464658130415686,0.7459313731873111,0.899325486362258,0.6315415637747488,0.8225366438465641,0.5484932597651517,0.577310298629613,0.8575824168980442,1.241539454714267,1.0979756205098545,0.5426199756060538,0.16830575821227234,0.3820768779945414,1.3027758508531195,0.31452727429459787,0.3631906750747147,0.5701994866675134,0.21283316552139314,0.6988194632280901,0.5409473894145345,0.4912814682985832,0.7871656107498551,0.36339627554044157,0.3285539258757754,0.2135335267949369,0.2705139874365581,0.045191807703995925,0.11285435535243256,0.3495368748148914,0.06807391965580994,0.08157488963175859,1.9848625008524303,1.217704181618674,1.883432598780693,1.3234699386036946,1.3048398686123333,7.254328619247669,1.8193088797472123,1.3736165424176818,1.4293860222879389,1.2832393581563262,1.4059084544761689,1.1904725716023372,1.590645739762879,1.2495502879916014,1.1842290022103923,0.5318066718192606,1.1603398339062734,1.5610968885124548,1.700744960954316,1.40633712640337,1.2608631518174094,1.2011319670689231,0.9727550436041561,0.9127952598305538,0.7612503922199729,1.055923150308159,1.0404505765021317,-0.23160462126199727,-0.12308104092626668,0.5418178882697431,0.6682882913788948,0.18176324642442485,0.6021305236906129,0.6639740405863895,0.6817055364199925,0.25344475542496236,0.9419713548663133,0.6599540913758256,0.1351618398891484,-0.0695337215180277,0.6885624235003774,1.069982415300019,0.0015806631711558364,1.0248219050731664,0.5695736840308301,0.27551107159616695,0.655998670374532,0.525561974123826,0.04362504218489703
ROI_058,0.40435624617090954,1.73617525811886,1.526390023190119,1.988612927979145,1.7041162160505927,1.6620387981380835,0.7298833687914088,2.002687570096432,2.2584163843771394,1.530402434003943,1.3891953090442408,1.3931024996832853,1.420839139993297,1.6658928917835978,1.6863006791366253,1.2998255004562718,1.13234254796427,1.5591809723399062,1.1762069605757264,1.4668242029459486,1.1145516229454742,0.748267219799621,1.0209033060417017,0.5592201381256827,0.6803499821324549,0.38900463035252303,0.4644022559247119,0.744185440601931,1.1880274589196078,1.122295073688864,0.5823691646062625,0.08685324885361131,0.5576976203201939,1.4612573650542828,0.38436304867231963,0.31981204715141226,0.4373902150693164,0.12941124252063874,0.9214649064001686,0.7030867679426152,0.6841562749574617,0.8279775509963034,0.4137921931091179,0.3118237849348425,0.31238258271950936,0.36772532522259216,0.15050056287106278,0.253853081414693,0.468918172515834,0.14577978062022762,0.032492560814435585,1.6213131058439856,0.91880565585833,1.9645733549247146,1.856179769385286,1.9203728088214314,1.8193088797472137,7.254328619247669,1.3712334406717273,1.3765882686215474,1.140916145634435,1.5730470054577868,1.1595150861070573,2.322401190519455,1.213718446162667,1.637556265229615,0.4384775986073248,1.0121262175554462,1.221233625413131,1.2897440873650488,1.2325875860092035,1.1074111575052645,1.0779817561684732,0.8129862199747342,0.6633385730922605,0.5052114704754914,0.9261777413251114,0.8653320374699568,-0.20745058780926343,-0.2531676437499194,0.3332859310461623,0.624494987813104,0.2595111868318982,0.6957842613621061,0.5616732623176872,0.7281091102899484,0.09598984532964021,0.858047570808287,0.6159339793270879,0.042767684418208676,-0.009391113804726188,0.558716801683188,0.9665219939052098,-0.16099002701001583,1.1239804838572043,0.5610328405108598,0.39131938872088495,0.7313024781573567,0.682690555035562,-0.019323115294748207
ROI_059,0.48374928802841205,1.254197695005894,1.2396860368814888,1.3146601373985916,1.285021753319944,1.1722029109943504,0.7311566458685927,1.2677281948714383,1.2970591473409772,1.366116072368625,0.9912159463340798,1.119266442762392,1.1428435029639712,1.1898674103417473,1.3399211704864258,1.1453556640204714,0.9731201369361713,1.1521787830690933,0.936775628361248,1.2167119641558413,0.9879993739332015,0.57599443829991,0.9272644278216824,0.5482621629564759,0.6458901912835467,0.28907062695889574,0.5946729279202375,0.831139646830127,1.2187048585327722,1.0100012509117582,0.7712846943867302,0.23512893695215809,0.6073481256541702,1.194040141023653,0.3599917561359882,0.3982068660688189,0.6156342217241136,0.1596919551806101,0.6877766363265871,0.6055478404904476,0.6896294188444088,0.6600314612498962,0.3897380443147559,0.5291260119458109,0.43589691982816386,0.5159471382630361,0.17205049632541639,0.3079316893892556,0.45496349684927473,0.2644979832463151,0.35573600851868764,1.5068595734801398,0.860819219798798,1.3750702630267253,1.3778200270873004,1.3035406215856302,1.3736165424176818,1.3712334406717273,7.254328619247669,1.3750530177405544,1.223536856800652,1.5308577522296662,1.1850735192375175,1.3536311505737972,1.313230313528231,1.2942152223278642,0.5641112917152871,1.0746192831082102,1.2083973895207525,1.1059768701046795,1.136418312936959,1.1879087228667768,1.3680993469658174,0.8495097756934846,0.6796635035800229,0.6992395612239586,1.0300956282964655,0.9726172174043902,0.0686895240280897,0.05694203476377234,0.4115581319344977,0.6689690274163513,0.5174680167001644,0.6628000267885161,0.9365782868266119,0.8353208024340206,0.2594496639265185,0.9408353247583187,0.623685476899507,0.18929773935152638,0.29301618649322597,0.9087106130543009,1.1411556892008978,0.0657375248571693,1.229373694832734,0.8111820451617399,0.6016273796572497,1.0355902281821232,0.6880771327731658,0.13298787231151762
ROI_060,0.3946364809940831,1.6106626196920635,1.4323829984057235,1.4743767866174948,1.324788132673556,1.103358303005488,0.7055038368807992,1.3356620161392283,1.3385166897576815,1.4564190593050732,1.475290905556539,1.61043339754969,1.6030217642908637,1.2512395102198075,1.5502216027946563,1.390221104895066,1.2855252802434078,1.4371750590005707,0.8772715637573929,1.674452623420053,1.2167856228641365,1.035217356891855,1.0950260955789384,0.8237217465335473,0.9977285136837903,0.6777381782547414,0.8357805929363088,1.1595750150740887,1.6244907510628757,1.613076697279606,0.6781669254192242,0.37037238900144454,0.4923854278651395,1.359978075754295,0.5649044135472905,0.5657830265798857,0.6914885268878208,0.43962685944518276,0.8637327631362046,0.7592789109710428,0.7324561122147617,1.025413152344854,0.6517674261784663,0.5305567552755468,0.42086365335681386,0.5551510224518155,0.3103053668609591,0.30818006676353343,0.4484831164183339,0.3144545583000732,0.07429165286105524,1.706847608323889,1.2178819218411125,1.3710391838317486,1.1154757766290844,1.2019852948453893,1.4293860222879389,1.3765882686215474,1.375053017740554,7.254328619247669,2.034329215940483,1.998016286285438,1.9066491274258484,1.4956427640094005,1.5167732629830464,1.3729068066708614,0.7881120614761844,1.5211991744613567,1.5745750000790717,1.4655268706898437,1.7091610451385701,1.6188438463977493,1.6189865653472681,1.3186710562163304,1.1241622754552147,0.9634372589982947,1.4542005171763868,1.370881186320641,-0.13321067198030748,0.010602688793535311,0.641129247204925,0.8949780922198811,0.3739334925499934,0.8787851571907054,0.8805785987074108,1.0943586209397826,0.3337700503457011,0.9900806436464712,0.9764287249526213,0.3098820748872002,-0.03834016013444833,0.8433531125106154,1.392914941710489,0.17094456134672592,1.3985924949136006,0.7504812368733781,0.5225514553393782,0.8705044326849893,0.7194981766191653,0.23274272311732147
ROI_061,0.4650690933269226,1.4899602466101447,1.3980004158833617,1.357900490524887,1.2200699631516059,0.9061978890732444,0.7044603758664503,1.1816156894281056,1.1040296147494473,1.444112925634225,1.4526512781379215,1.693390197075232,1.5718369802667718,1.0984878660202282,1.322429567433379,1.4332470893399507,1.4297797261792018,1.3686619342884847,0.7753397224477568,1.5992649018147786,1.2728308315687569,1.2116956645377641,1.1511708117946051,1.0189832713177234,1.284563379910166,0.8710755722435102,1.120493976807721,1.432469795516917,1.8933494193298184,1.823733341929979,0.7957159077205961,0.548267175531971,0.5020203497754974,1.3292516998081731,0.6941946343842793,0.7217121905187159,0.8881909728227534,0.6005370955072599,0.8816119329940398,0.8107360587372385,0.7668437478282416,1.0848220450543122,0.7887361667435481,0.6892869167233031,0.5073377518180701,0.6438119107322825,0.41156382897429894,0.35067912473219687,0.5027639670686531,0.3996884737321559,0.12532586571866192,1.5921816924397274,1.5181466206493301,1.2573278813621211,0.9383255570007103,0.966489718326059,1.283239358156326,1.140916145634435,1.223536856800652,2.034329215940483,7.254328619247669,1.5866035974236854,2.0442026885932187,1.1831416907512844,1.5794729028175927,1.1217295790418187,0.9586891572639821,1.5091083799663438,1.602403503061969,1.472036263385024,1.8265239882094604,1.447704501242896,1.646616475901897,1.570634337826319,1.336342075919565,1.1701007591716504,1.7253594352891306,1.6500367109219485,-0.05564702337272534,0.14969344988103028,0.811895317198609,1.0200299809216136,0.4394573085323272,0.8918181674109027,1.0474309470570826,1.1840637936808156,0.48838491625694236,1.0502102514269056,1.1800072072488663,0.398567699274147,-0.02773345514408424,0.8961371543230727,1.4892687374131073,0.3219612400956625,1.3108754173809707,0.8785963911397909,0.5680347971185761,0.8798816470960523,0.705715719295189,0.3907587192470563
ROI_062,0.41236358778367466,1.5643453195774761,1.3724751536112096,1.5158928485687602,1.5174873927238377,1.3150606363034891,0.7706680585561676,1.4590743785552345,1.579007291944588,1.5141547361537697,1.4162938459416756,1.5612341341730116,1.7637137722875516,1.4378467369440846,1.8149580548803363,1.3314123762709522,1.1940795327466538,1.4507885845375446,1.0020943851220214,1.6889093445346994,1.203889407296949,0.9046150707288739,1.0628020232704174,0.7672595263869431,0.8000796281607296,0.50283793919766,0.7231887178336645,0.9992279409481123,1.5011514404495196,1.4206012586789976,0.6633762644816192,0.23714131792210888,0.526469354735157,1.407608575892809,0.4729439053040094,0.5209956526830585,0.5934244997995627,0.2994479099303909,0.9377880877905359,0.8195594907305201,0.7998000518693903,0.920716540834082,0.5556211486780598,0.47953530840536635,0.3838198282299367,0.5564300958737717,0.28189581549497594,0.3042127848186612,0.4731632572130314,0.3094681490323886,0.08614595768396403,1.5978572462097713,0.995202776233691,1.435993147813774,1.3679732362322556,1.4398996936720896,1.4059084544761693,1.573047005457786,1.5308577522296662,1.9980162862854396,1.5866035974236847,7.254328619247669,1.742177278706863,1.7168434145572522,1.554540303941914,1.6455011763724239,0.6553396842909337,1.366265795722981,1.4006444853927877,1.3077001908290535,1.4879124545345914,1.4684467694693786,1.4330459559980484,1.1056996967050874,0.8802289369969387,0.7636908756813758,1.3208225526806758,1.1839634823260308,-0.12780835135064114,-0.0753572684381343,0.5219633117158025,0.825290644560871,0.36679609171490174,0.8020479605498115,0.8117144108435802,1.0395238655634804,0.25342165106424913,0.9751462601799221,0.8840722065282215,0.23502458865779693,0.021621055943041,0.7708987252982825,1.3070304540715998,0.044940333355751975,1.4005140087407117,0.7090681800795032,0.5485522714704925,0.9089182630098067,0.757131487837542,0.18257671111940657
ROI_063,0.4423730651093051,1.4083140511808483,1.318385026345237,1.3074232605361782,1.2310956208867585,0.9519397330690132,0.7235211041721086,1.1549540165655856,1.1684914976166527,1.3633527734042836,1.4300176532970557,1.6299282098050216,1.7404944249212027,1.1921725509595924,1.4545786734609438,1.382107169606821,1.2918347946490463,1.3506436448148964,0.787087043820558,1.703009316002177,1.268563112162176,1.248677253909573,1.2150660893938752,1.0095992333200685,1.1000332815508091,0.7759492393234882,1.0391339877870223,1.3122881585411057,1.6192041438720193,1.9422825461381372,0.7089840565134584,0.4719840048453738,0.48452529723157006,1.3736967100017878,0.6525444626475118,0.7184451793920816,0.7836489563275718,0.5840819451657727,0.9033213068739229,0.8625143460094701,0.8131146048778444,1.0797130480679502,0.7755078107031594,0.6221184306147489,0.4485499115824658,0.6509823478034842,0.4399113885914471,0.34965098120060506,0.489030874251701,0.4184702252829939,0.10917392749408844,1.4847164920266867,1.3066190076096271,1.211240428887056,0.9707579730286897,1.025865641134553,1.1904725716023377,1.1595150861070573,1.1850735192375175,1.906649127425847,2.0442026885932187,1.7421772787068621,7.254328619247669,1.2527533893025755,1.6417053118172529,1.242818199820717,0.9107813016582352,1.5546134702192456,1.5052904653929708,1.3909801795665937,1.7783028630592106,1.5257946600945558,1.6241103363030014,1.5034299984558306,1.1796403916276683,1.057415128801637,1.839252966496013,1.5671496694437086,-0.08990886710200414,0.11468955013927118,0.7731004099265848,1.0483453957269537,0.4091211195830448,0.8741886866161598,0.9587651335734575,1.3085448645185696,0.4612073869144576,0.9652470958149719,1.2199274174568817,0.40728801790026525,-0.04047158573112514,0.8436174256859803,1.4505659468580254,0.2858878574770951,1.3203010378517186,0.77696793104448,0.5804575987374679,0.8998043846581045,0.7350138027436283,0.36380752174277114
ROI_064,0.3774192216268813,1.6794884886076582,1.3674048754517234,1.713952146471686,1.6977653280911988,1.548472595406519,0.7448671774079688,1.6657722870315956,2.0022763710104763,1.4843758327273575,1.4196658771915194,1.419090379281621,1.5323375411273399,1.70927250974704,1.8081463403903637,1.3158269614269966,1.1455608023980477,1.4758840726040858,1.1760329418920377,1.5103434911958113,1.0972394706030102,0.8053398656775919,1.0520067044254913,0.5892103494664508,0.6608455348940836,0.3815760405074598,0.4692323595749772,0.7286502509860348,1.1947371956888473,1.1866438732678102,0.5924409665368578,0.10901470052009875,0.564848806267982,1.4627381912831285,0.4029253598010359,0.29021738855070484,0.40488643109958855,0.1718027129971435,0.9363312254055903,0.770235479752267,0.7338820358589311,0.8713649644336603,0.4690122177861004,0.2941750203003593,0.3223699837297922,0.4151564189346084,0.19500794671857383,0.27072203821455937,0.41342440263287783,0.15862812975710072,0.019859853019125948,1.5806159322591693,0.8887104949189422,1.7285931584753715,1.7074868016156328,1.8585899659704919,1.5906457397628797,2.3224011905194577,1.3536311505737968,1.4956427640094005,1.1831416907512844,1.7168434145572533,1.2527533893025755,7.254328619247669,1.298720419122435,1.8307505606644772,0.47846583559710293,1.128980792583638,1.262201750205795,1.2748436431646333,1.2448167673034554,1.2152100903450231,1.1473777201934652,0.8695233104904393,0.6856975025725501,0.5214357689464613,0.9678675977023489,0.8800402116156758,-0.1943238149633484,-0.22592354100865755,0.35314292405830977,0.6741009188909856,0.2809107024474648,0.7308894430307439,0.5638689777384692,0.8357760496982422,0.068717768465142,0.8087657293233165,0.6305308392519912,0.1075059894806427,-0.010154842614470212,0.6005327608837381,1.0224064864559537,-0.11735808108743136,1.2641326625587521,0.553089290372923,0.44064677990851964,0.7658852411294504,0.6836625957299047,-0.019754487513330594
ROI_065,0.42471331190120737,1.23811721469972,1.247064469768448,1.2706713692994682,1.3050563528400105,0.9768811304369315,0.6605885947679769,1.2418286027318846,1.1901316539916373,1.412825881731571,1.3241722270333933,1.5372485512696135,1.5118613669138385,1.4236162371464676,1.5557196348434248,1.2286226007975674,1.3487315316214072,1.5103632048647813,1.0684801697955342,1.4531896020084343,1.6389317866148037,0.9204482997127006,1.2010978975998188,0.951385547219294,0.9154971572141394,0.6090961208213768,0.8984339311334768,1.0301059729532174,1.436800365061437,1.4323471484547052,0.8470834164033696,0.3656988590939927,0.4969376969563022,1.360577606862768,0.4920133373988526,0.561741873409213,0.6818529418784687,0.3804421666118159,0.821346267059368,0.7798132622792903,0.7035478575847112,0.8165223366357354,0.5555771596027009,0.6055411850381582,0.4264073447423734,0.5448784799671332,0.2884864073068878,0.26313161544070046,0.4249794189177571,0.2789732743914436,0.21584694843191268,1.4154512336409935,1.141910016831341,1.2120871651364047,1.12524431506809,1.0888962533684756,1.2495502879916018,1.2137184461626673,1.3132303135282306,1.5167732629830464,1.5794729028175933,1.5545403039419146,1.6417053118172529,1.2987204191224355,7.254328619247669,1.3512560570164949,0.71427560783951,1.5198211240822508,1.5374634705221708,1.4095339635260429,1.6016188752872238,1.2454352317729105,1.5405809718977541,1.2031243276404129,0.9607831070735939,0.8781682651644052,1.5704864970857617,1.4022728389749781,0.029560117232008784,0.1043777489795622,0.6876183785510757,0.854306830978038,0.4240475234825444,0.640106086011473,0.9764206058417103,1.0070021207101496,0.3967445813429029,0.9822787951131239,0.9229568063435726,0.29529742359120126,0.10450934266182237,0.7717264859335831,1.3508227980620773,0.25860767125686346,1.229949460639578,0.8491466956200456,0.5395111397195196,0.894728104792379,0.6410529409883805,0.27856115440932055
ROI_066,0.4730409003127867,1.4322698994841372,1.2742969014257282,1.3454326433120223,1.4835003090099337,1.5723730343644537,0.8551314465259423,1.5327497961345606,1.8390104531717737,1.4889464349711485,1.3195746679432703,1.2620338352031077,1.5542676090464316,2.043310883240671,2.3275908285095563,1.2590947641981742,1.017527065818434,1.450160755653367,1.0737581623165655,1.4592053623274854,1.1989209559841911,0.7680121757928037,1.2684386524886102,0.5531074096459809,0.6218575544979369,0.33055809296634703,0.5140343031267316,0.7126402308470055,1.1392004073052346,1.2005012269176885,0.7023814506962491,0.15265478099126398,0.6844715148640366,1.3747474163960385,0.4870054711636988,0.364454713920694,0.4086935029019895,0.18723910152959872,0.996531583134024,0.8039083817012972,0.8298676753347152,0.7842621621153313,0.4981818390330437,0.39719445105811785,0.45626785950070553,0.5189501038636256,0.2850054372012783,0.4115900852820174,0.5064165203413239,0.26445850374201757,0.080135924771832,1.2530197466589124,0.7227062643989344,1.2600903125596419,1.5293919477481361,1.7802856081529317,1.1842290022103918,1.6375562652296143,1.2942152223278642,1.3729068066708614,1.1217295790418191,1.6455011763724239,1.2428181998207173,1.8307505606644785,1.3512560570164949,7.254328619247669,0.4268805941446174,1.071960592255292,1.0365682238501839,1.0497971315525179,1.1610885772237722,1.0255145210805532,1.1773604485260327,0.7828421722699104,0.5917970384607616,0.4385877126124085,0.9248703492334194,0.8532678521124479,-0.06416388549416491,-0.19557723522346404,0.25370513572167347,0.5734616891432927,0.39784618541198513,0.7391997763385648,0.5971138387388728,0.8086183870786948,0.06213874215405598,0.7263799740755918,0.6346028273458825,0.024794065145106497,0.07906492992038064,0.5433752239148545,0.9071738006919212,-0.09764836691497038,1.1225687377506672,0.6120821237734054,0.5384032714951641,0.8790336978880112,0.7719872770152023,0.051222045502874715
ROI_067,0.5020253786600465,0.7070447127135504,0.6291699730710378,0.6523180972209008,0.6454538902833526,0.40909445351228685,0.6802081046765218,0.42517830585022104,0.4349897156434274,0.6015389247498937,0.5809291805607545,0.7201553263125678,0.6872462442945966,0.420573993939263,0.5373327947487374,0.8782197298484393,0.7678212462561808,0.5501338316004646,0.24585131195173424,0.8579083632899237,0.5478946630994747,0.984414286447961,0.6732665030940772,0.8586888365096816,0.9186708611238827,0.7324467705694256,1.0759176106857415,1.0210851284224414,0.8184613703853668,0.9198518978305166,0.5907175028633322,0.8263006162567109,0.4449236514368739,0.6887559336890219,0.7391561583720033,0.8313928864983127,0.9718310183643626,0.8738439143346735,0.6326930477430864,0.7935396032608858,0.7680773909786206,0.8443382034633856,0.9085027145412786,0.7862610800807324,0.5252553208131572,0.7911269248289651,0.6768991031878467,0.5100176974912726,0.6185787890909561,0.7838130084085158,0.3148448370108762,0.7290828411075516,1.0419839137495654,0.6371621063285218,0.41992599387918367,0.3973702816095253,0.5318066718192604,0.4384775986073249,0.564111291715287,0.7881120614761846,0.9586891572639821,0.6553396842909335,0.9107813016582351,0.47846583559710293,0.71427560783951,0.4268805941446174,7.254328619247669,0.7545069613017312,0.7440676807859887,0.6529549132777085,0.8227656001060212,0.766873229929201,0.8366603160624835,1.2597379332980256,0.8629433744289365,0.9751624968695745,1.027130271958738,0.944480263942113,0.10758439103131395,0.5060036844939511,0.8342692821433316,1.3816481334051172,0.5162404379272709,0.7044079008578551,0.9242233689326155,1.1192948519176507,0.7674719019313998,0.7268197895838343,1.2192841868781998,0.8850871123876557,0.16306009802148067,0.9750254989670414,1.057695969091025,0.6045226463467895,0.7930199093647802,0.6901654637839174,0.6973840006425663,0.824115988097389,0.779647955770137,0.8053241342220262
ROI_068,0.22271445380298321,1.0782802868901384,1.0537266149034321,1.0618379389809662,1.004772203245712,0.733771450798077,0.4578584083511188,0.9859318985914273,0.9466854737517874,1.08582066351639,1.154785050653497,1.3232025004301997,1.259515032231035,1.0278075893830652,1.172720716526504,0.9898323005313131,1.2876938724088465,1.2658697308706985,0.9812617399267378,1.1634902828776452,1.20723178103843,0.9386287097488599,0.992238876840382,0.9075438616964214,0.8828672476585016,0.681546880408325,0.8248278427290796,0.9456799517177962,1.2049535619474951,1.2376433846075945,0.6389724389941365,0.34956195518223987,0.28644886242251133,1.1670351345907488,0.38529711528084853,0.4637175048236036,0.6115853448837449,0.38801761309373156,0.6048080991551986,0.630997200176883,0.5264766401189828,0.7597161501719912,0.5164585705407005,0.4432771232368114,0.2642963928054408,0.40254965134600085,0.20320164388329873,0.12972035641340743,0.23865155556811385,0.14884542547528573,0.10635031874320189,1.2547335870599707,1.136447087913704,1.0445261515607036,0.8497646582506322,0.8742131153605536,1.1603398339062734,1.0121262175554462,1.0746192831082102,1.5211991744613567,1.5091083799663438,1.366265795722981,1.5546134702192456,1.128980792583638,1.5198211240822515,1.071960592255292,0.7545069613017314,7.254328619247669,1.7696218038135147,1.5481814459880523,1.3942722174343498,1.4965611191797328,1.5863740201029426,1.2791716940746272,1.2262313081124252,1.0505151696121229,1.477830689985537,1.3548166326154196,-0.09366122097550772,0.10111729661005057,0.8197524894036977,0.8875739938576969,0.2587831630018366,0.6022672796420453,0.8208994887727538,0.9820343879815827,0.363363631639186,0.8408492247748656,0.8391653875085494,0.3767593519088951,-0.058520542136175704,0.7977695450569923,1.2384266463938016,0.3206716589709413,1.1617014473262353,0.6555136086557662,0.3938915173828387,0.6911287069676081,0.4533616772721758,0.21448894266894156
ROI_069,0.23578065872721568,1.239054268575483,1.2528680876466378,1.3286904724815447,1.128386045926107,0.8063294260426328,0.432978090918089,1.1511149039600455,1.0537625469954948,1.210739689114704,1.301854954663482,1.5498939989472884,1.3024750465967518,1.0769269831515673,1.1845616654235844,1.0719643034229387,1.465291620630353,1.3880148382952529,1.0743589833535294,1.2591959536761717,1.2458069451669784,0.9547507560833295,0.9724890403613216,0.9731746742649261,0.9602265325373224,0.7468660150111366,0.794819152569769,1.0232999699950236,1.371896891533795,1.2754901301726533,0.6115582071510088,0.3188883294515961,0.2643467565186551,1.3203450615423082,0.3560021560179105,0.4880434714665735,0.698301848824988,0.36363951742946443,0.6332786479074425,0.6299090140157001,0.49338833469923893,0.8103281350953567,0.4858054373157893,0.4182099202677493,0.21246754254489514,0.3258991664038012,0.12911151558367776,0.05898652380462844,0.2538617020557588,0.10952300491873851,0.11187885705855267,1.5809524509190873,1.4517470917243052,1.3325619176589574,0.9722445609066666,0.9392751397507216,1.5610968885124548,1.221233625413131,1.208397389520752,1.574575000079071,1.6024035030619699,1.4006444853927877,1.5052904653929708,1.262201750205795,1.5374634705221708,1.0365682238501843,0.7440676807859887,1.7696218038135147,7.254328619247669,2.214533618572528,1.5809959470827715,1.5114066728355495,1.4970969272568264,1.3383193256624923,1.2937824335511272,1.1168244872102544,1.5432509168734532,1.4953443500580326,-0.16428378928694443,0.06420559109521537,0.9034735017490378,0.9615833113535074,0.20355557736945545,0.585215061051532,0.8179778879951379,0.9063249680681356,0.4056639992486402,0.9631030275929314,0.9042479628937145,0.38336556782873144,-0.07412497212240203,0.8031586210839118,1.3146152550240864,0.2660795993361432,1.188439341251362,0.6585262285639149,0.31549367128223127,0.6449980719172245,0.4474286623835783,0.20309035312818477
ROI_070,0.21266352529414076,1.2834360121375716,1.3647814852316822,1.390553337225874,1.1096349944405262,0.8355672967050569,0.41798106830270265,1.2602394792858556,1.1255064514750839,1.2305996168058961,1.3824271362692169,1.62373806600041,1.2884136629101939,1.128140830050148,1.2030019581174674,1.0669415596983207,1.4254810385836587,1.5573570784077366,1.1234112323183545,1.2659999720093997,1.352450121118539,0.9501169015535293,1.0064598711703958,0.8998453041019996,0.9500980963404645,0.7567628832989863,0.7171823012458882,0.9252084012797306,1.2480871825430846,1.2178797896801612,0.535538718189301,0.25604706455889703,0.2584775166634812,1.3543425577607937,0.338852526016446,0.45533414010586154,0.6440278589070455,0.3359142993863603,0.6253729256755111,0.5762334587515574,0.45217423649793886,0.7735502357213994,0.4321505468375258,0.3371359641163644,0.16269961997862037,0.24244369142767477,0.08619452967074363,0.04399802289826864,0.24915280622700206,0.07281158919550534,0.028630778243732623,1.567339302692559,1.4476867306382102,1.397381450293644,0.9777057122276384,0.9716646381731714,1.700744960954316,1.2897440873650488,1.1059768701046797,1.4655268706898437,1.472036263385024,1.3077001908290533,1.3909801795665937,1.2748436431646335,1.4095339635260424,1.049797131552518,0.6529549132777085,1.548181445988053,2.2145336185725255,7.254328619247669,1.5981883968217556,1.3542674062066968,1.345664620790011,1.2062314199530815,1.2650590604780023,0.9736196845803312,1.3731973331734952,1.3249142404035208,-0.2550645156857425,-0.042293611859623395,0.7967989674294008,0.841790799887092,0.11830380896877951,0.5626013867945577,0.6769485580715664,0.7582167838153623,0.3582505650073961,0.8472666227926612,0.8349478606547147,0.2635483639025516,-0.17525794910676742,0.6624177896329564,1.1187372039852468,0.16285749042770808,0.9877466082128586,0.5434714709935735,0.2180207235236276,0.5609667220146107,0.4181102547846651,0.14344885043303984
ROI_071,0.34297544326408586,1.4379211121044742,1.4529273222331942,1.3969103977694306,1.181795782718444,0.916798872164133,0.6029635457823057,1.2373536950246604,1.1926444122514126,1.327691825344922,1.4533533611557232,1.6987016472593799,1.439233663286661,1.1808397469760226,1.4053033472666465,1.2943236346507179,1.3351942011252613,1.4598639704555771,0.8564210337359371,1.5664006192631257,1.4990224319099588,1.1361509225695603,1.0770786818319755,0.9514563983534152,1.0915567413883693,0.854853311824657,0.9307355412869623,1.1777788896937798,1.6318630099708382,1.5984003165023697,0.6032150749841917,0.3759782262284916,0.4036035124198549,1.2827978744229156,0.554374554894571,0.6108374580573286,0.7352809162777583,0.5026687021584998,0.7949229046285202,0.6954575962131969,0.6326681528764535,1.0045457987352626,0.6295755806980464,0.5115493001915894,0.3313383517513166,0.4715515498598923,0.30016834220349176,0.24746340448124532,0.4125992070188684,0.2925151662611287,0.055733061194069296,1.5841377701862653,1.5499297529050635,1.310583396674981,0.9844060152441793,1.0018333701250943,1.4063371264033693,1.2325875860092035,1.136418312936959,1.7091610451385693,1.8265239882094604,1.4879124545345908,1.7783028630592117,1.2448167673034554,1.6016188752872231,1.1610885772237727,0.8227656001060212,1.3942722174343498,1.5809959470827715,1.5981883968217556,7.254328619247669,1.4434763192349311,1.4457545749300704,1.4495987157616745,1.3209563597080232,1.0265032561308796,1.6216065569141869,1.477434135159395,-0.20359285562288226,0.0008582475282988182,0.7998756007928458,0.9531457614741001,0.26448598211856406,0.754360831089114,0.8479715600161457,1.031115055971555,0.43100110936740044,0.9768246744064696,1.0920951033290072,0.3704963947803163,-0.10257253067977666,0.710532837787495,1.4058795307984175,0.21548995114938133,1.1476962010160863,0.6712666650725888,0.41515891394561966,0.7243626438270191,0.6094220410381511,0.3274608819302968
ROI_072,0.2189857971630569,1.2267019863771165,1.0719087080690461,1.149728659575501,1.0057092121510929,0.803106846508165,0.5167624835652207,0.9762617314075059,0.9960185608901749,1.0348247877380632,1.0972576193122505,1.2011739945631739,1.1528295981454217,0.9157521894859989,1.1549695396785395,1.0548614064867758,1.0465681708956223,1.0585298818903583,0.738589344509727,1.2334442177151383,0.972755495717661,0.897398318521146,0.8225625955156639,0.7407587065867065,0.818685767486395,0.6330672324834116,0.7117045387902509,0.9981803656119516,1.3426042054901903,1.2588484014350991,0.4847273001056205,0.30425750280353236,0.30638056840950995,1.0186393376042087,0.424514175550934,0.4022936846614065,0.5764467594648841,0.3816298252879358,0.6058092235224776,0.5808509022124762,0.567641466883097,0.9291353510827394,0.5692904294770359,0.34782102020766664,0.242213785758179,0.4505665134231302,0.2417011346132934,0.17657746713182612,0.2449001135466061,0.21316734371149568,0.004624950367535549,1.4115926907284078,1.1539797548489037,1.158895323706049,0.8868258861375247,0.9020521490143685,1.2608631518174092,1.107411157505264,1.1879087228667766,1.6188438463977493,1.447704501242896,1.468446769469378,1.525794660094555,1.2152100903450231,1.2454352317729103,1.0255145210805532,0.7668732299292013,1.4965611191797321,1.5114066728355502,1.3542674062066964,1.4434763192349311,7.254328619247669,1.4170431125432545,1.301398852416332,1.2575219347911275,1.0507707762942857,1.3019148414714123,1.2314078290691841,-0.24006372324277503,0.020360383351185365,0.7523756315286622,0.9095995713636303,0.2603949444449601,0.8430710809936477,0.8234016055870735,1.1817258560041837,0.29386693782906037,0.9603096913672855,0.8185956065257343,0.4894207926748985,-0.08727668428500848,0.9360879311370512,1.380067445548222,0.18005635942887238,1.4212180557179988,0.6018355515869254,0.4746320264804474,0.6945063061750835,0.49995315145350283,0.21377903686990019
ROI_073,0.45997415833303096,1.2240456474624068,1.1929351749299735,1.197694795144571,1.123202296097207,0.8812463761198877,0.6666806068244849,1.103225903560088,1.0527382401904057,1.2986310731339452,1.1527530247729019,1.3051302604363018,1.333178817694954,1.1158435412160603,1.3061818623660564,1.223514801147663,1.2147566405670116,1.3077506774687335,0.8596560289059343,1.3637140528466327,1.1830885233677235,0.9049399280102262,1.2243847508958485,0.8313881300225957,0.9569744585207363,0.6263880526142638,0.8755742872808752,1.0621171559001314,1.4137991269538637,1.3663589007456591,0.8232700272319645,0.4564755135136106,0.5081733314175859,1.3109668227271136,0.5435486694813334,0.5223235131925341,0.721278224565472,0.431008505919797,0.7022373775847367,0.6626037402572453,0.6980375422679714,0.810929769140223,0.6099016479417899,0.6189570554306498,0.4738760229415407,0.5805850906062108,0.3175981760211047,0.3376100914944596,0.42202150537726724,0.3037104977129923,0.2742979898310368,1.4053893370253205,1.1553048316516323,1.1402955987212715,0.9734612590808566,0.9599136665617795,1.2011319670689231,1.0779817561684735,1.3680993469658174,1.6189865653472688,1.646616475901897,1.433045955998049,1.6241103363030014,1.1473777201934652,1.5405809718977541,1.1773604485260327,0.8366603160624833,1.5863740201029433,1.4970969272568264,1.345664620790011,1.4457545749300709,1.4170431125432545,7.254328619247669,1.2473142263138526,1.05767719608062,1.0056371041339147,1.4110998584453474,1.4418010042798874,0.07677123350654592,0.19184829259072417,0.6825130767312231,0.8930482045262744,0.49853484186063024,0.7374110235035958,1.0685817316428279,1.070863356869662,0.37687635904519595,0.9286098526040852,0.8622281097514943,0.3761259798569621,0.13973361906254853,0.964099907651263,1.3525858429735307,0.3129488085261244,1.2456507469567293,0.782947571493046,0.6045410591275121,0.9733456332051886,0.6202055677186873,0.2918666154811684
ROI_074,0.3563375209631808,1.0806966614364115,1.014277201204388,1.014510875359763,0.9468101088982539,0.6163588990669654,0.5655466798273512,0.7946821010079683,0.7580392002529304,1.0069107143243836,1.1221660250017296,1.257704562617404,1.1360382408188965,0.7747165392774128,0.9386959843026919,1.0912677080495155,1.2339717127417797,0.9644682246816026,0.591242794085584,1.2360281941062035,1.010476082433591,1.2545047053170482,0.9197377827035557,1.2250726825887817,1.3138843334718098,1.021898089147046,1.1807305250864195,1.3422343884862649,1.3799071247150152,1.4657030059525054,0.6393081672383014,0.6561963260978031,0.3425715770363737,1.0409145369704969,0.6575009220266982,0.7419936016585216,0.9802650339533683,0.820756873505747,0.7813445880487697,0.8292830494690465,0.6975206102598779,1.071018662492164,0.8478635453455313,0.6265914606110164,0.37406638844770024,0.6379852661489577,0.48332478640108434,0.28060339159975345,0.4094785761422841,0.47087609553571413,0.1270133830863802,1.2327072506597727,1.6166776130844938,0.9686559672354857,0.6918679360894137,0.6548481615209525,0.9727550436041561,0.8129862199747342,0.8495097756934846,1.3186710562163304,1.570634337826319,1.1056996967050876,1.5034299984558306,0.8695233104904393,1.2031243276404129,0.7828421722699102,1.2597379332980252,1.2791716940746276,1.338319325662492,1.206231419953082,1.4495987157616745,1.301398852416332,1.2473142263138526,7.254328619247669,1.4203052079149017,1.313690454463938,1.633509921380902,1.4938247198439758,-0.07657462457292274,0.2764328525772173,1.1446676128032762,1.3476886464296984,0.33303292421749403,0.7309052031956723,0.9637877355797564,1.2754418874099942,0.6675585600798829,0.9734116661961095,1.4072835526720386,0.753022692229833,-0.03845019945203202,1.0148700659942131,1.6097558800049254,0.5043665225116681,1.1717296065949974,0.7444261439295127,0.5454450119578108,0.7322793797412773,0.5884053266635588,0.6066501140133213
ROI_075,0.09889203173366354,0.8618884996360026,0.8712774702375636,0.8001695949375988,0.6312322539950512,0.39898012336864525,0.2620986107354459,0.6802396487717568,0.5910334846499578,0.7720502935298991,0.97029578799151,1.0797377468421883,0.8735254327122924,0.5836914668864576,0.7271127945200985,0.7784998645846015,1.0294047672419682,0.8722514238597784,0.5219423189781417,0.8839103854065238,0.9222401764814427,1.0778793545779701,0.6804367757909227,0.9900086430878864,1.1165013260142447,1.2441011483422435,0.9844049863658964,1.0878823950729861,1.107844161590005,1.0820097844520065,0.3772633495853379,0.4916582405899129,0.077911614754457,0.761736937844568,0.4806380111809892,0.5824080395640748,0.7409660592511229,0.6547135455706287,0.4494999530181054,0.4452323585951986,0.3397446168137968,0.8321121106198526,0.6082630538314777,0.3790298951249952,0.1593362006573847,0.3066774363685831,0.23141969042408456,0.06299591676974502,0.14546381505807215,0.1797547542956628,-0.10582307408483224,0.9928541641390446,1.471307135160827,0.766973037505203,0.4580055701639494,0.4707482625174266,0.9127952598305538,0.6633385730922605,0.6796635035800227,1.1241622754552147,1.3363420759195654,0.8802289369969387,1.1796403916276683,0.6856975025725501,0.9607831070735937,0.5917970384607616,0.8629433744289368,1.2262313081124252,1.2937824335511277,1.2650590604780023,1.3209563597080227,1.257521934791127,1.0576771960806204,1.4203052079149023,7.254328619247669,1.4844069707376972,1.2827144138318047,1.2825953067334723,-0.31774557450637225,0.12833534492012647,1.1966757201076597,0.8765121948705059,0.08587377649283844,0.6496609051030244,0.7237242959767033,0.8639769440257128,0.5428943484969238,0.7797035172219499,0.992259614854457,0.5581315471562196,-0.3372367826969872,0.6804991088275438,1.0730785606122413,0.42480693294031335,0.8113715286275287,0.5106346825024979,0.22198951856894114,0.3975727747638322,0.29119638121250807,0.41197575095873495
ROI_076,0.17936507424766374,0.6623038832139221,0.7222343964211432,0.649571221348865,0.5306446494508144,0.2971912569703879,0.22265379458493523,0.5346348616710874,0.44352185039725917,0.6566815662820289,0.703691698645338,0.8142319444762561,0.6966213579393968,0.44066063560373053,0.5653916209528437,0.6510052751009711,0.8153287665654684,0.6629028799570774,0.3800780395086492,0.7135764901583611,0.7264346282328441,0.7984455012119985,0.5467896196835356,0.9499807302237514,1.0823814686763948,1.0246030156643724,1.215823577283925,1.2867518759036727,1.0045714164186756,0.9435373421336826,0.47831210098006466,0.6714273527562179,0.0680420880336577,0.6231801706843307,0.41713257778378404,0.7266563602802484,0.9858883161749737,0.7273603466839262,0.3536229897006014,0.40652873887900526,0.31012424914913167,0.6851069533488342,0.5593212901130005,0.615150617008671,0.22212383167542357,0.4139837832754995,0.2337671309031516,0.04427550403976003,0.1978995347164462,0.2710177144345769,0.19519370635316027,0.8848197976957243,1.2357598347993086,0.6341846008542293,0.3682834628820745,0.3588789285867216,0.7612503922199729,0.5052114704754914,0.6992395612239586,0.9634372589982947,1.1701007591716504,0.7636908756813758,1.0574151288016371,0.5214357689464613,0.8781682651644052,0.4385877126124085,0.9751624968695742,1.0505151696121224,1.1168244872102548,0.9736196845803315,1.0265032561308798,1.0507707762942857,1.0056371041339147,1.3136904544639376,1.4844069707376977,7.254328619247669,1.2774312682840152,1.3550290505597806,-0.038061167252218454,0.48878396695098,1.3809687948810008,0.9028291633016443,0.25964178119932957,0.5181266564366097,1.0788814996873812,0.8704612201623159,0.8441945712523418,0.9128400892696533,1.032571730987993,0.701272377474866,-0.0798296837267779,0.9976502933159128,1.1227561514019098,0.7620986838926161,0.794009317863274,0.7067993489288851,0.3359250125394425,0.5474130162986992,0.3147359118913042,0.5698463043946226
ROI_077,0.3705507089034461,1.0771750464235834,1.142665125741927,1.1153699983851473,1.0533457293856827,0.7324102251398127,0.561129374505684,0.9393670328074485,0.8895691645805448,1.1245710915813796,1.2050747157511283,1.4563802941550168,1.313419888324359,0.9717622118623154,1.1106992892517376,1.1139309321081867,1.3578568283771921,1.1880282391283974,0.7898955044167295,1.3585689582176403,1.2849992360203888,1.167944878096302,1.0232051222275917,1.2880976511788307,1.1596023499250365,0.8858052831532907,1.1697027500558368,1.328616376867702,1.4363158928723692,1.5108755442657549,0.6740206960623422,0.5025513191730878,0.3420411804579906,1.1964286716112296,0.5378203299157261,0.800218570538006,0.8860262430447955,0.5902001091365614,0.7387903502406843,0.7997385164608852,0.6667587750383958,0.8958083447630238,0.6590985864061751,0.6650903190575905,0.3509149108048122,0.5562137784262822,0.36369146802687946,0.22072871761277546,0.4359511731284701,0.38324481384278447,0.19541430892995393,1.2536877737086902,1.4346921796890864,1.0439661646722989,0.820157096315034,0.7810274279390713,1.0559231503081588,0.9261777413251114,1.0300956282964653,1.4542005171763872,1.7253594352891315,1.3208225526806758,1.839252966496013,0.9678675977023486,1.570486497085761,0.9248703492334194,1.027130271958738,1.4778306899855362,1.5432509168734532,1.3731973331734948,1.6216065569141869,1.3019148414714123,1.4110998584453474,1.6335099213809028,1.2827144138318047,1.2774312682840157,7.254328619247669,1.8906001720476988,-0.04580619940227871,0.22235266749784433,1.05316157313876,1.191197110500874,0.3370224018083131,0.6324759742782614,1.0348311109409232,1.1620133471463603,0.6592220407365988,0.9977410213072762,1.3871445060829948,0.5261938882768602,-0.003570979171164559,0.8696640376863292,1.5120656201245921,0.42622485345972566,1.1397084691846124,0.7803914934539364,0.48917380767779534,0.8020150085484781,0.6226692757450386,0.47132579985846107
ROI_078,0.3842644513546532,1.029918033707803,1.098477719558704,1.052633639840551,0.9404969789015559,0.663233129222591,0.4900840232047891,0.9159258162952545,0.8142035272142641,1.0632240415340124,1.109845649803784,1.292019461883308,1.200037233424766,0.8929456084032773,1.0132251561569317,1.0346805051849552,1.234984645070532,1.1144205905899445,0.6958913279048153,1.1802332058505638,1.1764915472102577,1.0529956638342755,1.0248012627205276,1.1716725295276005,1.2700622640866126,0.9589067548999867,1.1853095683152652,1.4574686512326067,1.4805615655902333,1.4742433481521102,0.7620266289699051,0.5894051179191047,0.32514404350936,1.0985331323251024,0.5640851477290347,0.7951138667053682,0.9592985795827589,0.6200534597636722,0.6879820094898442,0.6912578812295681,0.5882602761893693,0.91216814539769,0.6840606155222311,0.7410453152303536,0.40156032421963517,0.5506297778451328,0.3503813879635268,0.20447549427276762,0.4128665780437821,0.34268409180633824,0.2208378964925311,1.1941674214585751,1.4065848229531883,0.9622707807968032,0.7282869775284632,0.6953392162076756,1.0404505765021317,0.8653320374699568,0.9726172174043902,1.3708811863206414,1.6500367109219494,1.1839634823260308,1.5671496694437086,0.8800402116156758,1.402272838974977,0.8532678521124479,0.944480263942113,1.35481663261542,1.4953443500580332,1.3249142404035203,1.4774341351593945,1.2314078290691841,1.4418010042798874,1.4938247198439751,1.2825953067334723,1.3550290505597806,1.8906001720476988,7.254328619247669,0.01719280970939189,0.28595314716738424,1.047429975143728,1.0822565947330702,0.3770332976912343,0.6281894631403508,1.121615141455773,1.0597375386064312,0.6323708674017858,1.0898394576958794,1.2752901819504527,0.5121218954211288,0.004301345262717204,0.9012026459803946,1.3590202695367313,0.5058386993037677,1.0990188484550114,0.868615590351128,0.4759927700258233,0.7764394518243217,0.5296232404945491,0.46774943876757263
ROI_079,0.5594576925512605,-0.1570472558048768,-0.1282055235945806,-0.14905634020465747,-0.020555177263287157,-0.05792556998192785,0.23649498051286882,-0.131953290748288,-0.16305893317749245,0.02286983968061513,-0.20256862973991108,-0.1881518952534723,-0.08138902284120798,-0.042908573124941424,-0.0847010711798279,0.014929071382944383,-0.07394509370651658,-0.13266434649370562,-0.13308351383785097,-0.08762233464161127,-0.07743270373143721,-0.18878159939474556,0.13606224104399922,-0.014944262473135754,0.04874678834111,-0.2196687209883811,0.19004002540325232,0.06552344895537986,-0.010887092696331615,-0.042087385109527316,0.697119488903964,0.5150234734029615,0.4539068136456874,-0.020723814159532783,0.23300084793486567,0.1295575541746493,0.2444202811135346,0.15004939848547028,0.0620246913677176,0.11831009852279034,0.25318403406505374,-0.13245570554844296,0.16496700999745867,0.7256135721357593,0.6912168362231327,0.5106608464186989,0.32065549193978976,0.40163056199853436,0.32656526877206765,0.3598155895541914,0.9803101422890904,-0.12458897966025315,-0.1569430965410049,-0.16677253434391748,-0.03668318533645416,-0.10988764036571728,-0.23160462126199727,-0.20745058780926343,0.0686895240280897,-0.13321067198030748,-0.05564702337272534,-0.12780835135064114,-0.08990886710200413,-0.1943238149633484,0.029560117232008784,-0.06416388549416491,0.10758439103131395,-0.09366122097550772,-0.16428378928694443,-0.2550645156857425,-0.2035928556228823,-0.24006372324277503,0.07677123350654592,-0.07657462457292276,-0.31774557450637225,-0.038061167252218454,-0.0458061994022787,0.01719280970939189,7.254328619247669,0.9069655502756377,-0.0910794473728869,-0.008448252488816607,0.9371289485323965,-0.08199028512034225,0.4353143587007587,0.05229882035716946,0.22330241100221077,0.03549524152894519,-0.025777089739868406,0.0779652903693079,1.1141926719405415,0.31071047582748723,0.012796593155759931,0.5221090126683479,0.03469457693183344,0.5100029710765659,0.5821784221806141,0.4484418238581646,0.18272153190692378,0.3202836621018816
ROI_080,0.3497995603612757,-0.090820857115169,-0.05432962076168586,-0.10711528291156701,-0.06717620666928219,-0.2475772907373789,0.09140995718453249,-0.17804297120522125,-0.26077882632227534,0.012091485436212145,-0.11235107394788546,-0.069851312320077,-0.04061108648660152,-0.17470987185547118,-0.14003343661939996,0.06294567807714593,0.03622933766617404,-0.12266833657143476,-0.26149866056554305,-0.027217810118688752,-0.03718259887586666,0.0861122746439183,0.10291768852231242,0.27560008569803834,0.3508626596982454,0.22256231752927966,0.5826894215959992,0.41604363476833073,0.1381651974439868,0.14309931497528255,0.4953254872358029,0.9884180004552269,0.15378219676174523,-0.02022321712184938,0.3367769869345902,0.4490872429702442,0.6778561038096127,0.6250779001840635,0.007241749503938418,0.15580064573978655,0.18138570342867402,0.07829781098031117,0.3774754439645567,0.8020007275753281,0.4685324365159103,0.5455098424116938,0.41737432339970354,0.24413250453114316,0.2275668926845673,0.4743924000288779,0.789992144636521,0.02548368039660188,0.19068608861368866,-0.1122372268948611,-0.2017572709567262,-0.2574991357351313,-0.12308104092626665,-0.25316764374991946,0.05694203476377234,0.010602688793535311,0.14969344988103028,-0.0753572684381343,0.11468955013927118,-0.22592354100865755,0.1043777489795622,-0.19557723522346407,0.506003684493951,0.10111729661005057,0.06420559109521537,-0.042293611859623395,0.0008582475282988183,0.020360383351185365,0.1918482925907242,0.2764328525772172,0.1283353449201265,0.48878396695098003,0.22235266749784433,0.28595314716738424,0.9069655502756375,7.254328619247669,0.43560665494933604,0.3138801811177505,0.6681922023976709,0.055861067821474146,0.6811606435789747,0.3029185877041923,0.7596240638044687,0.2534638572553959,0.3159702553309435,0.5849150902230249,0.5623824079284107,0.638913455168945,0.25553367259727827,1.2967035788598575,0.13824837257060432,0.5513404606533334,0.503431587307884,0.4125654127491526,0.13078359579470414,0.7287071748815609
ROI_081,-0.01735394470228894,0.43559237540298823,0.4766776649060874,0.47295887313585483,0.4061387149043982,0.09214831809831169,0.03414929522564321,0.33938516698662285,0.24747886130212868,0.4600791650207767,0.5869043764600556,0.6939609666071713,0.5465701293408114,0.29852309366367685,0.36756055875971383,0.4376898796168814,0.7773412480810085,0.49825208642962154,0.36138549226576416,0.5169090985194705,0.6196876365019297,0.7772541904810534,0.40095996045126037,1.2555482356472965,0.9077009585613984,1.0644304605767547,0.9353014826441561,0.8760307668119319,0.7264523480196834,0.6972452700346041,0.3263260422575815,0.5361364495415991,-0.13976088739395373,0.4936270393530805,0.281742117693053,0.5755596526802848,0.7829657844227569,0.6835530525169653,0.27730608329469647,0.4013858161315563,0.20966969167954533,0.5162660147978754,0.45882736037845595,0.43545100126040237,0.02399537398214591,0.27236021115211545,0.2272189497818732,-0.14213977960770086,0.004450935739431182,0.15281621310777338,0.09247717390778233,0.6347919429975007,1.0832648087061314,0.45497275202680926,0.23476655618965808,0.148519514659951,0.5418178882697431,0.3332859310461622,0.4115581319344978,0.641129247204925,0.811895317198609,0.5219633117158026,0.7731004099265848,0.35314292405830977,0.6876183785510757,0.25370513572167347,0.8342692821433316,0.8197524894036977,0.9034735017490376,0.7967989674294008,0.7998756007928458,0.7523756315286624,0.6825130767312231,1.1446676128032762,1.19667572010766,1.3809687948810008,1.05316157313876,1.0474299751437277,-0.0910794473728869,0.435606654949336,7.254328619247669,1.0178752448805037,0.03299675117372213,0.23359310265043234,0.6884374185540084,0.7290566608977945,0.8229134183598289,0.6994104092647466,0.939176404070516,0.9471968818114866,-0.14257495076665053,0.6626703839814473,0.9436768328208144,0.8139849633012437,0.5917033800038273,0.45949124192652496,0.17229372730108394,0.26151350051524314,0.08538064364966856,0.5961383013578057
ROI_082,0.34119003386162283,0.7937892011283972,0.6913582425343918,0.8064952554707372,0.8269317142078549,0.49723799395869195,0.5651756033202118,0.541838349096882,0.5692982516068399,0.7148949376624162,0.7552288684781723,0.9130041235534954,0.8638798676913003,0.5793825390246486,0.6787670333386363,0.8894980225198907,0.9767139884394298,0.6731797538750232,0.4668517755572528,0.9667268694044701,0.6616223800806557,1.074984186686031,0.727642372255207,1.161863705357325,0.8633105474426547,0.7018540588874835,0.8506612447970744,0.948132946331264,0.9371211361097305,1.0058033893520943,0.5546640864088721,0.543053727183326,0.32976943638844924,0.871590802391379,0.551752381376724,0.6996132396266791,0.8236219531381376,0.6461392439165046,0.7073709250992177,0.9237728031283463,0.7661378701197066,0.8179933796479977,0.7852350737705075,0.5802279766717512,0.33489266335364726,0.6397149436019168,0.5766641298169303,0.27310536055538515,0.43075392267616064,0.5438325634206638,0.20862177390041556,0.8613624465479076,1.1186031616617103,0.7937080109036294,0.5846902623701568,0.5047380150210209,0.6682882913788948,0.624494987813104,0.6689690274163516,0.8949780922198811,1.0200299809216131,0.825290644560871,1.0483453957269537,0.6741009188909856,0.854306830978038,0.5734616891432924,1.3816481334051172,0.8875739938576969,0.9615833113535074,0.841790799887092,0.9531457614741001,0.9095995713636303,0.8930482045262744,1.3476886464296984,0.8765121948705059,0.9028291633016441,1.191197110500874,1.0822565947330702,-0.008448252488816607,0.3138801811177505,1.0178752448805037,7.254328619247669,0.33600869750352097,0.5710250236232414,0.7681558234351751,1.2440869088705964,0.6009732281349089,0.8031710692007223,1.2577656697887754,0.9637152864825301,0.11298369800974914,0.845440627135088,1.2445272756973376,0.4792055644477308,1.0003752349109443,0.6026785365362629,0.5763615016134995,0.6593379598772162,0.5896184565049299,0.6074176355313476
ROI_083,1.1659889068458078,0.425012163778999,0.35524789664993817,0.3359830357034419,0.4495946786174929,0.4385726217152685,0.9395543852467929,0.30290873941341373,0.31851580288404713,0.504073603817854,0.24303003722300853,0.257891758956786,0.4018750124051152,0.37367864392994576,0.41211409126148074,0.6207396762446221,0.2799740894010136,0.27422019236026735,0.044496027416600276,0.4603797460292551,0.24962865179394986,0.28579565895177195,0.5882488735320233,0.20858596759357248,0.4268362253008983,0.06562205006756858,0.5599501061170413,0.5509383822679291,0.49297577733309533,0.4986531802526098,1.1370351371156464,0.8187197885849558,1.1471104199178568,0.4052722734306216,0.8587211094025601,0.4312400335202376,0.5710128832152148,0.43052439089882316,0.5990650321228482,0.5789458983278712,0.9030924523169064,0.4857583561059647,0.7539857072258767,1.1587772850651226,1.615038808940205,1.275167727454682,0.7988669498758854,1.0595205937585084,0.8011392921459294,0.8807232047608451,0.677778857667991,0.3409846979479352,0.23979556963498413,0.3085589834257348,0.3631323236883798,0.3682191332306629,0.18176324642442482,0.2595111868318982,0.5174680167001644,0.3739334925499934,0.4394573085323272,0.36679609171490174,0.4091211195830448,0.28091070244746474,0.4240475234825444,0.39784618541198513,0.5162404379272709,0.25878316300183657,0.2035555773694555,0.11830380896877951,0.26448598211856406,0.26039494444496014,0.49853484186063024,0.3330329242174941,0.08587377649283845,0.2596417811993296,0.3370224018083131,0.3770332976912343,0.9371289485323964,0.6681922023976709,0.03299675117372213,0.3360086975035209,7.254328619247669,0.671897306219205,0.9074950440026888,0.6318721219431526,0.2965773702031419,0.47395214347537007,0.380539471171946,0.23218387783821692,0.8163207119246302,0.6717586724031535,0.4577756049195471,0.3971484310547444,0.578637004665774,1.0237068762931172,1.4547398635748283,1.0814373853940122,0.7728362406734612,0.5047636311869316
ROI_084,0.697187401249344,1.0522227305158152,0.8066133945955406,0.7722068259810041,0.7402049044061751,0.7489439530582046,1.0282063978525202,0.6702462558225342,0.7263349725326526,0.8106935020229749,0.7296969040004854,0.7119858166713767,0.82827047629219,0.6464827034161024,0.8131855220371454,1.1266670634035785,0.6037985163336608,0.6407988165417652,0.2153985391420156,0.9708728132142557,0.5194746724770385,0.8820047400401599,0.7985345469535935,0.3915169341654561,0.7146876147003167,0.49391202679783514,0.6420998667769168,0.8652594631393584,0.9218176155668172,1.021911249145066,0.581834496326809,0.576878467635244,0.8241906037800156,0.6924839894630432,1.1343692637008789,0.48618898296173274,0.5581408372595629,0.5803932684682106,0.8922288318396303,0.7257771583487338,0.9720611251730704,1.2473491753022423,1.1608220070571094,0.5325586453193013,0.8114083525353127,0.8841419650192632,0.7626652613375621,0.8665474904189121,0.6648029031622383,0.7276358569376721,-0.10035892220856193,0.7565122240672384,0.6719039692304993,0.7355577467592134,0.5710950774072148,0.7022595955236033,0.6021305236906129,0.6957842613621061,0.6628000267885161,0.8787851571907054,0.8918181674109027,0.8020479605498115,0.8741886866161596,0.7308894430307439,0.640106086011473,0.7391997763385648,0.7044079008578552,0.6022672796420453,0.585215061051532,0.5626013867945576,0.7543608310891139,0.8430710809936477,0.7374110235035956,0.7309052031956723,0.6496609051030244,0.5181266564366097,0.6324759742782614,0.6281894631403508,-0.08199028512034225,0.05586106782147414,0.23359310265043234,0.5710250236232414,0.671897306219205,7.254328619247669,0.654982976666604,1.0534776264098569,0.17375884652892082,0.6540092779022171,0.6856533706989963,0.2976559896785318,-0.029781322744110172,0.5950478665780806,0.7342629582379006,0.05708289761314818,0.9405145778688597,0.6839204070886844,0.8429940898997923,0.7613563581825291,0.868411274430769,0.37445084691786334
ROI_085,0.6313166839907581,0.7326974336704121,0.7353814056304383,0.7019529716172469,0.7026693338638705,0.5447945479113319,0.6124486821444358,0.6256286407485112,0.5675594662570012,0.8031200964931987,0.5965943707022028,0.683840635329927,0.7219801918602907,0.5864984775858239,0.6990797481835253,0.8286993602589401,0.6939923833430525,0.6568483964858292,0.3662557191857153,0.8153946838235008,0.7133763053895443,0.5762939317418856,0.7219003503384166,0.6853686864584502,0.8770150302162659,0.5217977805052754,1.2317790183471558,1.2763473640232088,1.06688665348022,0.9474213487529413,0.9819369320658417,0.798203041025553,0.5231042709498509,0.6875302441490728,0.6269880443225265,0.766118980436362,1.0375614954396692,0.5728922717557213,0.5606808443551744,0.5687082569666796,0.6611615900300358,0.6612755570227443,0.6618075166275325,1.2317107583777602,0.7180984043817722,0.882456937575375,0.4573322204104732,0.44104536679599665,0.5974107811832589,0.579760398745558,0.576347996446099,0.8465789913631713,0.8366643941347977,0.6769584088040149,0.5871333831109213,0.536614813122806,0.6639740405863895,0.5616732623176873,0.9365782868266116,0.8805785987074108,1.0474309470570828,0.8117144108435801,0.9587651335734575,0.5638689777384691,0.97642060584171,0.5971138387388728,0.9242233689326155,0.8208994887727538,0.8179778879951379,0.6769485580715664,0.8479715600161457,0.8234016055870735,1.068581731642828,0.9637877355797562,0.7237242959767035,1.0788814996873812,1.0348311109409232,1.1216151414557727,0.43531435870075863,0.6811606435789747,0.6884374185540084,0.7681558234351751,0.9074950440026888,0.654982976666604,7.254328619247669,0.9847702450295089,0.7480317537916047,1.1472757050413276,0.8822658705395787,0.5237924142128884,0.41721207954771805,1.2932452037636515,1.135855375415997,0.656714234109559,0.9616704654959928,1.2702320102370406,0.8892787090860441,1.1893620890474483,0.688486904265755,0.6449702976068027
ROI_086,0.5165119740183228,0.9959292655936631,0.8008015968110022,0.8615960055640506,0.9402711120608085,0.6642735221190197,0.8463290554314342,0.653775082439287,0.7097754396285155,0.903247367498576,0.8621408560841403,0.9357291312513665,1.0426140894490055,0.744386625456754,0.925895854933712,1.132171683135942,0.8992287611109882,0.7389999245026948,0.42073866700365636,1.1402927701437113,0.7300966345708226,1.0956517650120692,0.8894893902829499,0.8975092334025541,0.8902619386789205,0.6176772643379401,0.9428971178449774,1.1370517382246161,1.1974930565603656,1.3118364746896078,0.7218293774425694,0.6412509876845505,0.5780648041264568,0.892432971257062,0.8562184814025575,0.5952410461865942,0.7526661409237685,0.6918767552261703,0.9007667550763399,1.0187919626488928,1.0692266779659236,1.1666524768322704,1.1052762490952486,0.689925105734349,0.6106186943002551,1.0516854826365563,0.8229996173069322,0.5601275985402934,0.5092918253503494,0.6874084878296935,0.15144892270073898,0.9494866781655438,0.9480955020089229,0.8224408243620414,0.6831956002202281,0.6640346972250496,0.6817055364199925,0.7281091102899484,0.8353208024340206,1.0943586209397826,1.1840637936808156,1.0395238655634804,1.3085448645185696,0.8357760496982422,1.0070021207101496,0.8086183870786948,1.1192948519176509,0.9820343879815827,0.9063249680681356,0.7582167838153623,1.0311150559715552,1.1817258560041837,1.070863356869662,1.2754418874099946,0.8639769440257128,0.870461220162316,1.1620133471463603,1.0597375386064307,0.052298820357169463,0.30291858770419217,0.7290566608977943,1.2440869088705964,0.6318721219431525,1.0534776264098566,0.9847702450295089,7.254328619247669,0.43364140929913897,0.943176502627388,1.0723631526967023,0.8204888880543603,0.14557934843321715,0.9474688302676371,1.4197571669034887,0.40290651646750564,1.4906199505940882,0.8139297194569366,1.0194105194094807,0.9298284314684316,0.7411625907405237,0.5775356597639777
ROI_087,0.2440945351231941,0.24309812366834146,0.34077628135088456,0.25550816249429426,0.22872391650525292,0.05138676993182576,0.17041851075709846,0.18189059001124816,0.09050899827653992,0.28521990362952443,0.2713356819523367,0.3398639414536504,0.2783840673509558,0.10936058803439701,0.15663703212197702,0.30981288523541933,0.37962542126802207,0.23966718183036836,0.05520736781733296,0.321365438159725,0.3524492971225106,0.4483589115109427,0.30630249755121747,0.6648973869488359,0.7000940238233938,0.609088386990587,0.9503161781354293,0.7593433001007724,0.4505151432713515,0.45153010068495364,0.34656306356076416,0.7506397236822989,0.04623988177458739,0.26915789869309287,0.36796890969381535,0.9234180657805862,1.0756104805309736,0.7256692168595018,0.26253401134915666,0.3344816863512218,0.2609224074997225,0.32592590127028587,0.41548139770561393,0.7632094994612867,0.2608004177925319,0.40991813790226533,0.34503322300902634,0.12463468191747401,0.3653012599131119,0.5201079271379693,0.41448370488279696,0.37118659600133125,0.6256495743141467,0.23633456358576915,0.07559304007040246,0.03981178849725132,0.2534447554249623,0.09598984532964022,0.2594496639265185,0.3337700503457011,0.48838491625694225,0.25342165106424913,0.4612073869144576,0.068717768465142,0.3967445813429028,0.062138742154055994,0.7674719019313996,0.363363631639186,0.4056639992486402,0.3582505650073961,0.43100110936740044,0.29386693782906037,0.37687635904519595,0.6675585600798827,0.5428943484969238,0.8441945712523418,0.6592220407365988,0.6323708674017857,0.22330241100221077,0.7596240638044687,0.822913418359829,0.600973228134909,0.29657737020314195,0.17375884652892082,0.7480317537916047,0.433641409299139,7.254328619247669,0.5274041281288502,0.8213981801182022,0.5532378457774815,0.12377905814819798,0.6434488129961274,0.5552787400845126,0.8821534781331547,0.26234649632595364,0.5283687228296011,0.27166871477668963,0.42400683328244343,0.3384401205070726,0.8732613379517348
ROI_088,0.445207923945268,0.9643683354872481,0.9141503719384706,0.9875559974340192,0.9270393483649851,0.735703025194894,0.5622662148694082,0.8942108768036541,0.7992074018209784,0.9435300411678619,0.8221831140353401,0.8949326144105161,0.859010224109941,0.7439579326303002,0.8463633155623393,0.8965722475725093,0.875968980209482,0.8581721157614113,0.5640906795038374,0.9194026097222829,0.7902778424538319,0.6732692340922488,0.6762279400051731,0.7758397284789302,0.8992022274497808,0.6200498099861091,0.9116899380011556,1.20062572844604,1.1431082261892067,1.0013297606653606,0.658233416983356,0.47208908768816266,0.38027408802815194,0.8171972990789664,0.5243911820154021,0.6322716309149163,0.8880425051132771,0.3712194404150412,0.7334324919914262,0.6495367643828297,0.6213471636532673,0.8277459060866548,0.5505155623410338,0.7004331208378426,0.4327044987225006,0.6291469682165568,0.3441804454730102,0.2705341295659681,0.499188391471027,0.3725352886236054,0.2653049286372849,1.0333532329247184,0.9495178549270209,0.9321537367032547,0.7928080115773225,0.7260211722057599,0.9419713548663133,0.8580475708082872,0.9408353247583187,0.9900806436464712,1.0502102514269056,0.9751462601799221,0.9652470958149719,0.8087657293233165,0.9822787951131239,0.7263799740755916,0.7268197895838343,0.8408492247748656,0.9631030275929312,0.8472666227926612,0.9768246744064698,0.9603096913672855,0.9286098526040852,0.9734116661961095,0.7797035172219499,0.9128400892696533,0.9977410213072762,1.0898394576958799,0.0354952415289452,0.25346385725539583,0.6994104092647466,0.8031710692007223,0.47395214347537,0.6540092779022169,1.1472757050413276,0.943176502627388,0.5274041281288502,7.254328619247669,0.8614131474055012,0.46530464882840156,0.17446164679252518,0.9106974257835574,1.2276960177200722,0.3393377206748449,1.0892141748199116,0.8990810101283195,0.6125478535512084,0.8385417287834429,0.5947561151540255,0.44811147047532845
ROI_089,0.48723901979348727,0.8505391624250637,0.8435679925554534,0.799951624973353,0.7704540523215332,0.5576997154607448,0.6078423129303054,0.6353503230706928,0.6303413954873724,0.8087600295465341,0.9219068843684675,1.004152320180393,0.9919288100298006,0.6538589053120841,0.7774491159865531,0.943523598431521,0.9234058510563914,0.7755592699536151,0.3870259099682799,1.0741986568580324,0.8155952182511648,1.28052788462681,0.8473317562188311,1.2144779056976145,1.1664630315885836,1.0054399094002262,1.3821379832129428,1.3965085677041054,1.103306395793415,1.3124361261504278,0.5894316691284119,0.7284906068824634,0.3690848295301763,0.8805927491755224,0.7862370106718405,1.2900339922937096,1.079253360423913,0.9278854940708352,0.8486857332020699,0.9313375575308758,0.7697075030620906,1.0245318301103585,0.9402744985752796,0.8145557980907804,0.46535600136892197,0.7171888805478417,0.6163213439927586,0.3794456737239711,0.6417804056492391,0.6964958892115116,0.14841187826535587,0.8460565883330302,1.1403074384477923,0.7195475745165927,0.538912274896849,0.5357474803019939,0.6599540913758255,0.6159339793270879,0.623685476899507,0.9764287249526211,1.1800072072488663,0.8840722065282217,1.2199274174568817,0.6305308392519912,0.9229568063435728,0.6346028273458822,1.2192841868781998,0.8391653875085493,0.9042479628937148,0.8349478606547147,1.0920951033290072,0.8185956065257343,0.8622281097514943,1.4072835526720386,0.992259614854457,1.032571730987993,1.3871445060829957,1.2752901819504527,-0.025777089739868406,0.3159702553309435,0.9391764040705163,1.257765669788775,0.380539471171946,0.6856533706989963,0.8822658705395787,1.0723631526967023,0.8213981801182022,0.8614131474055011,7.254328619247669,0.6305424887758423,-0.04343032450484974,0.742064646953441,1.0758452835310397,0.5197484398563162,0.8515607105597518,0.7526604394162483,0.5341301831737331,0.736726514420571,0.7617124911653617,0.7998396676560735
ROI_090,0.05625272169079319,0.19763966427288454,0.13962205426296814,0.17050735498281666,0.1947289569351086,-0.08013288890403612,0.15540252811959449,-0.034472065605204306,-0.025734994855907634,0.15223318446904507,0.18437644742225356,0.26237380386843634,0.2205327847082351,0.0011149059984003743,0.11599022255511804,0.27014823319833353,0.3406395777255988,0.06950149794026617,-0.0373043168956804,0.2818357723918218,0.15265175536731185,0.4842463297117511,0.16843906026502758,0.678913617269725,0.4708862985675084,0.498139597645405,0.5476787069032653,0.5232473481938837,0.4075334972831507,0.3918501435054102,0.23911959807291383,0.5744682832657959,0.003781558373264205,0.20015731364740974,0.34517775304562365,0.3400966513473511,0.5713394010301008,0.6520404712039046,0.22340838199007623,0.4182446536399626,0.3484807273489682,0.45686921492117494,0.5713810124763502,0.36235936946373815,0.14198629293979925,0.5065908766577891,0.5241783827010731,0.11489913502010998,0.04182428114030506,0.44645864323687845,0.1742630938074801,0.29645749298197216,0.5363896606420655,0.17624146816190414,0.03321917654929845,-0.07336625992875648,0.1351618398891484,0.042767684418208676,0.18929773935152638,0.30988207488720015,0.398567699274147,0.23502458865779696,0.40728801790026514,0.1075059894806427,0.29529742359120126,0.024794065145106497,0.8850871123876557,0.3767593519088952,0.38336556782873144,0.2635483639025516,0.3704963947803163,0.4894207926748985,0.3761259798569621,0.753022692229833,0.5581315471562196,0.7012723774748658,0.5261938882768601,0.5121218954211288,0.07796529036930792,0.5849150902230249,0.9471968818114866,0.9637152864825301,0.23218387783821692,0.29765598967853185,0.5237924142128884,0.8204888880543603,0.5532378457774816,0.46530464882840156,0.6305424887758423,7.254328619247669,0.16330716817208105,0.6867179923268716,0.718046291913593,0.7533564772710385,0.5422850795221612,0.3616587788972814,0.49396998026013555,0.28014397117299833,0.12096469400329694,0.8038655002069814
ROI_091,0.5236765450433409,-0.02654028685896589,-0.022774324310695742,0.021039446331711918,0.16309254823760405,0.1449196972237605,0.39291429001315625,-0.016659047405555058,0.009891126046781658,0.10037610470633641,-0.16949036624050756,-0.10995639105303792,-0.03283443341710554,0.07664488592870654,0.053728385237226055,0.12506190067732148,-0.0016362829859867354,-0.054698512125873636,0.026547575407982745,0.02991987897219155,-0.029588714608673114,-0.22085375726377257,0.13270145279821596,-0.04310027468271243,-0.06755425239094812,-0.4143746813730953,0.04737450776166977,0.011456567242288012,0.03182117208774241,-0.04228855951623151,0.5687670048773945,0.24331069723441623,0.534386591100925,0.07972000534996007,0.0997868424927078,0.019967486138320105,0.2062928307304663,-0.08538985249330994,0.11883684948863216,0.19627043948203968,0.3470943124042219,-0.11839714387108177,0.03855631719283468,0.5067264544361063,0.5196418120893167,0.48121087972146215,0.2381956973402865,0.40328633042664536,0.35450054452662405,0.388921107759916,1.1572782298617448,0.015959377559835862,-0.10776895145265744,0.03595453151136207,0.20298421782594805,0.09600670367274741,-0.06953372151802771,-0.009391113804726188,0.29301618649322597,-0.03834016013444833,-0.02773345514408424,0.021621055943041003,-0.04047158573112514,-0.010154842614470212,0.10450934266182237,0.07906492992038064,0.1630600980214807,-0.058520542136175704,-0.07412497212240203,-0.17525794910676742,-0.10257253067977666,-0.08727668428500848,0.13973361906254853,-0.03845019945203202,-0.3372367826969872,-0.0798296837267779,-0.003570979171164559,0.004301345262717205,1.1141926719405415,0.5623824079284107,-0.14257495076665053,0.11298369800974914,0.8163207119246302,-0.029781322744110172,0.41721207954771805,0.14557934843321715,0.12377905814819798,0.17446164679252518,-0.043430324504849745,0.16330716817208105,7.254328619247669,0.39036573695756377,0.15815744679589977,0.23819978247825038,0.19454983676452467,0.4591665216791077,0.684402147678215,0.5737496735639929,0.3037968648283466,0.2330216057215977
ROI_092,0.4351117334431592,0.7017383069556685,0.6241135959676001,0.6582527955080905,0.6682770194792967,0.49596316521950257,0.5409538073309158,0.5318972709878356,0.514948391862298,0.6809837698471791,0.5396339075237352,0.592922477273046,0.6207746504319168,0.46621410834668076,0.5944636297568522,0.7369667969326038,0.6204006104030629,0.5132871626580846,0.3209463338768723,0.72804242935963,0.49401314544365443,0.5188785779818655,0.575305390716019,0.5662583974407184,0.7338358413928019,0.3975438624833751,0.8448438326644249,0.9689193266995328,0.9022681083596583,0.8064880419070779,0.7029591932902162,0.6969888668842884,0.40628537130366577,0.6208151447899143,0.45855281346594196,0.5560684490271552,0.9168706425011721,0.5475977447475194,0.4715909292599552,0.5549462509508298,0.6133048527979262,0.6130390319276389,0.5932575472046558,0.7482129775373064,0.4992761705941886,0.7634496455318259,0.3897508342514334,0.3481602706072143,0.44460035804095366,0.5107684765494827,0.5164649935456863,0.8920826249012542,0.7869078506037696,0.6894301242620442,0.5686920121321961,0.5131221087491503,0.6885624235003772,0.558716801683188,0.9087106130543009,0.8433531125106152,0.8961371543230727,0.7708987252982825,0.8436174256859803,0.6005327608837383,0.7717264859335833,0.5433752239148545,0.9750254989670414,0.7977695450569925,0.8031586210839116,0.6624177896329564,0.710532837787495,0.9360879311370512,0.964099907651263,1.0148700659942131,0.6804991088275438,0.9976502933159128,0.8696640376863292,0.9012026459803946,0.31071047582748723,0.638913455168945,0.6626703839814473,0.845440627135088,0.6717586724031535,0.5950478665780808,1.293245203763652,0.9474688302676371,0.6434488129961274,0.9106974257835574,0.7420646469534412,0.6867179923268717,0.39036573695756377,7.254328619247669,1.097481501766605,0.5807069783128755,1.0075762940006456,0.9014394709618503,0.8051678323256731,1.061350091465417,0.6149717825287322,0.5316400149130744
ROI_093,0.3756704504178505,1.1372638608868153,1.043995960178957,1.1513492178085343,1.169663072470223,0.7669997590070292,0.6644703284327761,0.9181350889817453,0.8947377641212646,1.1251605590282998,1.036055441078691,1.215322754914823,1.1530240752849112,0.8896988370914137,1.056831343702799,1.1470128952474647,1.186118449913394,1.0066367734377886,0.7063265257338824,1.267359391471208,1.0258563301569812,0.9486474056034665,0.861503449474808,1.067768152267333,1.0295663375909831,0.6933051920152972,0.992924498766029,1.232899839595657,1.4441211312820403,1.2797831655554108,0.7203866342603048,0.4975513928565919,0.4268316839721829,1.0604185208692773,0.5616690884631043,0.5748050393126448,0.8732815317102404,0.5404269218096766,0.8420322860861856,0.8409548567179037,0.7795830723750283,0.984420212758026,0.7015374257852314,0.6642103229598038,0.41011650946453093,0.720473925437715,0.4367707202488324,0.2957022655553855,0.4111363577509315,0.43642835969241944,0.22645544958085845,1.3827882512336278,1.3195837771080015,1.1203105315402964,0.9238028127167963,0.8135110743315092,1.069982415300019,0.96652199390521,1.141155689200898,1.392914941710489,1.4892687374131073,1.3070304540716002,1.4505659468580254,1.0224064864559537,1.3508227980620777,0.9071738006919214,1.057695969091025,1.238426646393802,1.3146152550240868,1.1187372039852468,1.405879530798417,1.3800674455482216,1.3525858429735307,1.6097558800049254,1.0730785606122415,1.1227561514019098,1.5120656201245914,1.3590202695367313,0.012796593155759931,0.25553367259727827,0.9436768328208142,1.2445272756973376,0.4577756049195471,0.7342629582379006,1.1358553754159975,1.4197571669034887,0.5552787400845126,1.2276960177200722,1.0758452835310397,0.718046291913593,0.1581574467958998,1.0974815017666055,7.254328619247669,0.39691116834765433,1.4801582778784501,0.8468909119400022,0.714521289943624,0.9000652688174732,0.6260592999736087,0.5093266256486948
ROI_094,0.16397641291296375,-0.0017130193729990144,0.04892872566397291,-0.025114714178767317,-0.00952420997946047,-0.26339872086025956,-0.021960878232010168,-0.09703412800796984,-0.18294356722116298,0.08570022795784778,0.08430295701863032,0.13063837328048286,0.11154754394953655,-0.07271494017737425,-0.023894533527504026,0.11067653214172384,0.23564966467688686,0.030440700803249825,-0.11715844488417713,0.07263143679522845,0.14813822949163502,0.32282233720736536,0.18421105576728097,0.5612060035854555,0.5772374783590039,0.5753058061572467,0.7810553683368566,0.5448177361497265,0.2726151056893657,0.29790672026399173,0.4732316088648468,1.0373420984244113,-0.021217218561404558,0.08086044733143447,0.3528707447899849,0.5261113748028629,0.7032952624615773,0.831689012523,0.07114469710548944,0.2187826447323622,0.1259919204989832,0.2281945804210767,0.4622182091863415,0.7230286405108836,0.33353339056646464,0.4357867400478416,0.39018129373771554,0.07543502794801177,0.0668618669117827,0.3362543149386736,0.5013333514061388,0.13007284602701058,0.39685181739393904,-0.053800980869752844,-0.1938932574401566,-0.22716760430664215,0.0015806631711558362,-0.16099002701001583,0.0657375248571693,0.1709445613467259,0.3219612400956625,0.044940333355751975,0.2858878574770951,-0.11735808108743136,0.25860767125686346,-0.09764836691497038,0.6045226463467895,0.32067165897094124,0.2660795993361432,0.16285749042770808,0.21548995114938135,0.18005635942887233,0.3129488085261244,0.5043665225116681,0.42480693294031335,0.7620986838926164,0.42622485345972566,0.5058386993037676,0.5221090126683479,1.2967035788598575,0.8139849633012437,0.4792055644477308,0.39714843105474434,0.057082897613148186,0.656714234109559,0.40290651646750564,0.8821534781331547,0.3393377206748449,0.5197484398563162,0.7533564772710385,0.23819978247825038,0.5807069783128758,0.3969111683476544,7.254328619247669,0.22808726738411667,0.5684752796818346,0.32708239092125513,0.2812883497611486,0.02724655465696343,0.8119681494253903
ROI_095,0.49179503923771645,1.2776419300251598,1.0181016916057386,1.1796459494698452,1.2839634852985606,0.9630952241580049,0.8100466294162748,0.9454778976490981,1.0215950979490493,1.1792011643682463,1.0613542197967063,1.1231113158119688,1.2245832278832207,1.0351683136268865,1.2404941242617409,1.274231477018296,1.1077311495365023,0.9784992098187245,0.7245425958863059,1.3212296684461557,0.8673731983448795,0.8847991886213964,0.9499813736408597,0.7905470389685924,0.8372578315551227,0.4971488024850818,0.725350217090539,1.0232443097333024,1.437621553046778,1.3182557824224574,0.8171976197265547,0.4407855089345597,0.6087597942167756,1.1452479215708455,0.622400684531688,0.42748924506316077,0.6290335490777414,0.403583319759974,0.9332614184479858,0.9327748478020101,0.9326894687349433,1.0983087617857488,0.7978456283968092,0.564973264894522,0.540817500657346,0.786956672104144,0.47866121114163146,0.3937563011323017,0.4510495411387128,0.4154181790342196,0.16730093656312814,1.2496387286003257,0.9529765656073104,1.155441159539132,1.0539192122501664,0.9936118907357805,1.0248219050731664,1.1239804838572043,1.2293736948327336,1.3985924949136002,1.3108754173809707,1.4005140087407117,1.320301037851719,1.2641326625587521,1.2299494606395782,1.1225687377506677,0.7930199093647803,1.1617014473262355,1.188439341251362,0.9877466082128589,1.1476962010160867,1.4212180557179988,1.2456507469567293,1.1717296065949976,0.8113715286275289,0.794009317863274,1.1397084691846124,1.0990188484550119,0.03469457693183344,0.13824837257060432,0.5917033800038273,1.0003752349109445,0.578637004665774,0.9405145778688597,0.9616704654959928,1.4906199505940876,0.2623464963259536,1.0892141748199116,0.8515607105597518,0.5422850795221612,0.1945498367645247,1.0075762940006456,1.4801582778784501,0.2280872673841166,7.254328619247669,0.9095322288046229,0.8641605521712696,0.9553842374596494,0.6981434585786556,0.31412745808776066
ROI_096,0.8035472950813896,0.7055108206352677,0.705422453460726,0.6391830158881292,0.7046489901502112,0.5693921521968176,0.7027942055940566,0.5930034366355126,0.5570965305707775,0.7843028100877762,0.5765632272775739,0.6364270711510748,0.6955063400322621,0.6108219804604137,0.6867455210497152,0.8197421395800565,0.6636484773767102,0.5965829028684896,0.32668020835250855,0.7372375936464279,0.6202597246640857,0.549656461527955,0.7108888201392075,0.5792440063889694,0.8405668163680491,0.43779517984117594,0.9606458448822618,0.9813020385068114,0.9435041895306447,0.8533088926589828,1.3419812221190877,0.8417888849226127,0.7173595535027126,0.6682753356490786,0.7318446852225837,0.6883857888466629,0.887137991208121,0.5451532786372162,0.7015713346364543,0.6590804832886231,0.7513554048489618,0.7128460356704587,0.7666735149769309,1.3006542270092858,1.0187188698229341,0.98485722229559,0.564788475316377,0.555514748760445,0.6623723936412632,0.6321151160348131,0.47560402195744084,0.7154574965149568,0.6629512493276353,0.6104397252614024,0.5877587235767201,0.5501161741300211,0.5695736840308299,0.5610328405108599,0.8111820451617401,0.7504812368733781,0.8785963911397909,0.709068180079503,0.77696793104448,0.553089290372923,0.8491466956200456,0.6120821237734054,0.6901654637839173,0.6555136086557662,0.6585262285639151,0.5434714709935735,0.6712666650725888,0.6018355515869255,0.7829475714930462,0.7444261439295128,0.5106346825024979,0.7067993489288853,0.7803914934539364,0.868615590351128,0.5100029710765659,0.5513404606533334,0.459491241926525,0.6026785365362629,1.0237068762931172,0.6839204070886844,1.270232010237041,0.8139297194569366,0.5283687228296011,0.8990810101283195,0.7526604394162483,0.3616587788972814,0.4591665216791077,0.9014394709618503,0.8468909119400022,0.5684752796818344,0.9095322288046231,7.254328619247669,0.9429479806806355,1.0591891812174337,0.6969611133724004,0.6091202385323489
ROI_097,0.958244614719801,0.5769537594159577,0.4462914663003329,0.4746711275333817,0.6440241008254554,0.5515536872520659,1.1774865476789047,0.37846833618125164,0.43396725303764205,0.6118679585508973,0.39003411699218743,0.4026973659513527,0.5516868864897003,0.48099299543406554,0.5724437437750364,0.7817846958949729,0.4224964830523732,0.36107808789821805,0.13880661956286444,0.6497583690693546,0.3450578846876279,0.46804605623563367,0.6559576204418135,0.382170474903946,0.5051541158143641,0.14321613313193615,0.6246475449035663,0.662029370029617,0.6554595178820735,0.6627055466121887,0.9674573080812612,0.7193299026967679,1.0790738778821873,0.5261705443335549,0.9278686617591458,0.43115793045776013,0.5973782309778746,0.4886368910203129,0.8057207032716658,0.8620931111448848,1.280330436399979,0.6853756742326461,0.9212915100214151,0.9333463272412535,1.1884118653877902,1.8241640067399532,1.0631389892550203,1.1058579623424953,0.8065095720128966,1.050831693531264,0.4763024986647172,0.48106476582318264,0.36605871534241774,0.4466027173004872,0.5101915999531531,0.4674141052545316,0.27551107159616695,0.39131938872088484,0.6016273796572497,0.5225514553393782,0.5680347971185761,0.5485522714704923,0.5804575987374678,0.44064677990851964,0.5395111397195196,0.5384032714951641,0.6973840006425663,0.39389151738283873,0.31549367128223127,0.21802072352362767,0.41515891394561977,0.4746320264804474,0.6045410591275121,0.5454450119578108,0.22198951856894114,0.3359250125394425,0.48917380767779534,0.47599277002582324,0.5821784221806141,0.5034315873078837,0.17229372730108394,0.5763615016134995,1.4547398635748277,0.8429940898997921,0.8892787090860441,1.0194105194094807,0.27166871477668963,0.6125478535512084,0.5341301831737331,0.49396998026013555,0.684402147678215,0.8051678323256731,0.714521289943624,0.3270823909212552,0.8641605521712694,0.9429479806806355,7.254328619247669,1.182596814620505,0.8755796952532348,0.60954869764916
ROI_098,0.9464147761931914,0.8857996009566894,0.8050281191776709,0.8134041801886972,0.9572518018717305,0.9324884356602288,1.1418010036830966,0.7581602102346515,0.8208191771202913,0.9238615565427145,0.6317672741864897,0.681223632424267,0.8299206517788326,0.8126985008177998,0.9082567816414167,1.0586391059626399,0.6312311196214211,0.7077577411398773,0.4347074677331918,0.9985198946397414,0.6394688020816218,0.5612132627926013,0.9166320804041779,0.4523367990080818,0.6265736431068271,0.2175150842554503,0.8181328890039256,0.8730867813505077,0.9068121585203787,0.9268453106246966,0.9949696904211339,0.5883313953109178,0.977257222268563,0.8487978263918229,0.7001996341559384,0.6478528347318958,0.7778215794965567,0.4224579614842366,0.8101728834080606,0.8248265791955439,1.0770461381538559,0.6753476141422639,0.6709204894069586,1.038268034153344,0.9254996448794734,1.1099573108140637,0.5854925024290089,0.8316599990451407,1.0032435359358423,0.7743344451106161,0.6179040330297696,0.8635068239033644,0.6058697004293035,0.8069879431426678,0.8834349777753564,0.8720773064510641,0.655998670374532,0.7313024781573569,1.0355902281821232,0.8705044326849893,0.8798816470960523,0.9089182630098067,0.8998043846581045,0.7658852411294504,0.8947281047923787,0.8790336978880112,0.824115988097389,0.6911287069676081,0.6449980719172245,0.5609667220146106,0.7243626438270191,0.6945063061750835,0.9733456332051884,0.7322793797412773,0.3975727747638322,0.5474130162986992,0.8020150085484783,0.7764394518243217,0.44844182385816456,0.4125654127491526,0.26151350051524314,0.6593379598772162,1.081437385394012,0.7613563581825291,1.1893620890474483,0.9298284314684314,0.42400683328244343,0.8385417287834429,0.736726514420571,0.28014397117299833,0.5737496735639931,1.0613500914654166,0.9000652688174732,0.2812883497611486,0.9553842374596494,1.0591891812174337,1.1825968146205046,7.254328619247669,1.2721081909559322,0.44064363914990073
ROI_099,0.9492602996931198,0.86162650829438,0.7197428348745285,0.7566456354165336,0.8583782278422905,1.0006297714607475,1.3738361551401015,0.6877295849981147,0.8116612964691241,0.748455226703693,0.59828171154327,0.6186296326631675,0.756688364159656,0.7176618639822187,0.7921642813121714,1.0288507692155007,0.5288688744274155,0.6078792803490584,0.3068286265328949,0.9892458125365549,0.5045216701366221,0.644266337550734,0.7962431091591716,0.34356800141713467,0.5148252250878231,0.2204755989388016,0.6363198958656837,0.7129511635312584,0.6982160945516797,0.8276347665154549,0.6447570878094319,0.4473333732515204,1.0121440390641072,0.7280279936307266,0.793902575890644,0.7369237060597433,0.5846928227927835,0.4062152286895839,0.9500322581315377,0.8920695258746193,1.1407103116665602,0.7363697490137171,0.7227791824240896,0.7686740172590864,0.8587222214514791,0.9210429896110384,0.6563755663941794,0.9994045792969971,1.438620439056166,0.9318678081882018,0.2925409569968905,0.6745135426110999,0.5064779430874591,0.7255454194290749,0.7757602018907273,0.8648667153913837,0.525561974123826,0.6826905550355621,0.6880771327731658,0.7194981766191653,0.705715719295189,0.7571314878375419,0.7350138027436283,0.6836625957299047,0.6410529409883805,0.7719872770152023,0.7796479557701371,0.4533616772721758,0.44742866238357837,0.4181102547846651,0.6094220410381511,0.4999531514535029,0.6202055677186873,0.5884053266635588,0.291196381212508,0.3147359118913042,0.6226692757450386,0.5296232404945492,0.1827215319069238,0.13078359579470417,0.08538064364966858,0.5896184565049299,0.7728362406734612,0.868411274430769,0.688486904265755,0.7411625907405237,0.3384401205070726,0.5947561151540253,0.7617124911653617,0.12096469400329694,0.3037968648283467,0.6149717825287322,0.6260592999736087,0.027246554656963438,0.6981434585786556,0.6969611133724004,0.8755796952532345,1.2721081909559326,7.254328619247669,0.4001312019703047
ROI_100,0.4299344248999919,0.195467164110848,0.2313490336804593,0.12706648287487396,0.1578240277566536,-0.012103737234573118,0.36658618555035083,0.0342738587583227,-0.0007284435599373037,0.2365953212686664,0.1957208391165888,0.23598983910605772,0.2459026241735354,0.06015535726730996,0.15760170980209234,0.3228416331903524,0.25836955382401894,0.11368258599962294,-0.14574620135288818,0.2984649529778566,0.23640964165065897,0.4904274570845388,0.31446435945032125,0.5942903930736672,0.6291709813651118,0.5800723406762138,0.8982038121049589,0.6925608778997138,0.40652983390405756,0.44446269051538695,0.46296961966009503,0.9721999566557762,0.273537149353624,0.1897181133952357,0.6923885052091494,0.8693188423324236,0.9374583526113428,0.9591355731430777,0.4182875131876652,0.49651563537410054,0.49767699180834435,0.46011790190707386,0.7377661550899792,0.8411973631282571,0.5215033841592552,0.7699099343264473,0.7858802316657326,0.477138591796799,0.4808968929392627,0.9707658347946189,0.3040515920163856,0.21154935837858027,0.4426247401311777,0.08136119459873845,-0.010431785328849074,-0.05784221870478025,0.04362504218489703,-0.019323115294748207,0.13298787231151762,0.2327427231173215,0.3907587192470563,0.18257671111940657,0.36380752174277114,-0.019754487513330594,0.27856115440932055,0.051222045502874715,0.8053241342220261,0.21448894266894156,0.20309035312818474,0.14344885043303984,0.3274608819302968,0.21377903686990019,0.29186661548116827,0.6066501140133215,0.41197575095873495,0.5698463043946226,0.47132579985846096,0.46774943876757263,0.3202836621018816,0.7287071748815609,0.5961383013578057,0.6074176355313476,0.5047636311869315,0.3744508469178634,0.6449702976068027,0.5775356597639777,0.8732613379517346,0.44811147047532857,0.7998396676560736,0.8038655002069817,0.2330216057215977,0.5316400149130746,0.5093266256486948,0.8119681494253903,0.31412745808776066,0.609120238532349,0.60954869764916,0.44064363914990073,0.40013120197030483,7.254328619247669
