,ROI_001,ROI_002,ROI_003,ROI_004,ROI_005,ROI_006,ROI_007,ROI_008,ROI_009,ROI_010,ROI_011,ROI_012,ROI_013,ROI_014,ROI_015,ROI_016,ROI_017,ROI_018,ROI_019,ROI_020,ROI_021,ROI_022,ROI_023,ROI_024,ROI_025,ROI_026,ROI_027,ROI_028,ROI_029,ROI_030,ROI_031,ROI_032,ROI_033,ROI_034,ROI_035,ROI_036,ROI_037,ROI_038,ROI_039,ROI_040,ROI_041,ROI_042,ROI_043,ROI_044,ROI_045,ROI_046,ROI_047,ROI_048,ROI_049,ROI_050,ROI_051,ROI_052,ROI_053,ROI_054,ROI_055,ROI_056,ROI_057,ROI_058,ROI_059,ROI_060,ROI_061,ROI_062,ROI_063,ROI_064,ROI_065,ROI_066,ROI_067,ROI_068,ROI_069,ROI_070,ROI_071,ROI_072,ROI_073,ROI_074,ROI_075,ROI_076,ROI_077,ROI_078,ROI_079,ROI_080,ROI_081,ROI_082,ROI_083,ROI_084,ROI_085,ROI_086,ROI_087,ROI_088,ROI_089,ROI_090,ROI_091,ROI_092,ROI_093,ROI_094,ROI_095,ROI_096,ROI_097,ROI_098,ROI_099,ROI_100
ROI_001,7.254328619247669,0.060807761047094386,0.1971181930495579,0.13476829559163986,0.24865544153038038,0.4354623097652908,0.3147572309273327,0.1666377580984172,0.20275710957172005,0.39697850489227976,0.20757087316057313,0.1042595126250987,0.06628998109854778,0.23190680721579732,0.08684952677838699,0.21255959628307505,0.16965219025749811,0.16090627572888022,0.34105440846050994,-0.0715050836249237,0.012643510131063854,0.29048471257298725,0.1753738382683584,0.30405352153056253,0.33681267758562794,0.1187817283848224,0.1807187417699649,0.309887108452165,0.06729189559026266,0.1331948254214949,0.3235256094419953,0.5508562567664955,0.36311429636508635,0.299216452984273,0.4217226563181679,0.16383812108993007,0.3121356537564438,0.27101867221271675,0.3652522407775686,0.29878215394591384,0.3582122360820405,0.2046225505890377,0.15953791547030657,0.28173650925495763,0.5582578348715382,0.370641572597772,0.30265511393040634,0.5045842581013417,0.3578376981819345,0.20996064502799466,0.5239344863966916,0.3210842530381139,0.050372268246726436,0.15234252662158085,0.38799027460447955,0.40211384972777836,0.30140405586736685,0.28612471415627677,0.12269656686809272,0.10478138008045582,-0.018329418375317177,-0.22139322125292046,-0.0051548093072034396,0.10961722193954301,0.014168843106092986,0.14588301042072863,0.10418197735008841,-0.0393039807244811,-0.010819480110556239,-0.026533000739937137,-0.09088457681020166,-0.20473220139738627,0.21855879058948283,-0.0192432520517334,-0.17086288627574173,-0.0027915162819696876,0.026925836118571744,0.0492961303142141,0.37161608772831606,0.5505978968497538,0.031393666278262435,0.07836412216677144,0.3900682766851974,-0.2957703868178485,0.14274821654830172,0.1443396968867203,0.42002154437925593,0.2298007829812369,0.03566603869123474,0.12797907635706252,0.41723072915628207,0.5261488013994917,-0.02436409314782916,0.10401318784331605,-0.25763909368932936,0.2362537475578123,0.33049974865104825,0.2702314901989166,0.18687248250225594,0.1466288415927454
ROI_002,0.060807761047094386,7.254328619247669,1.2978505020392637,1.4408100252163547,1.0006288251619158,0.5573942407885621,0.5510939209261847,1.4827890872305143,1.0304104443628834,0.7498832272590603,0.9339094105941556,1.196450289785722,1.2128632077356296,1.0032673568849486,1.122649310198683,1.2212104164131745,0.8391141242712729,1.3412227021380554,0.8333037751133499,1.254414596797462,1.0531780258858385,0.6850876056764592,0.8950698662308059,1.1157531016269726,0.6572594592243726,1.004476717166384,1.2986765050249356,0.8109987628942014,1.118433219562335,1.2843402211961576,-0.2144379510849755,0.1467517393649365,0.2666604741201379,0.9062059346913788,0.6252316460467303,0.18598067544178248,0.34725392309474806,0.4589427089819325,0.44632414947711174,0.35716529129922353,0.24668021683760932,0.597876118090685,0.5480899328611898,0.30223065446715836,0.22761677122363794,0.3538721167897762,0.2371755408485063,0.1604690617367362,-0.017262263871034796,0.044337133553283725,0.016064964803208643,1.0109814385294251,1.4750938815282038,1.120526725679466,0.7261933175731784,0.7915814457121755,1.2005423514636069,1.025523689711036,0.9825103780606008,0.9700703762810919,1.1273862600416502,0.8909601066654257,1.213658770272913,1.3933505767621819,1.0158218698069605,1.0855671913078913,0.20581388783446483,0.9916524347655313,0.6707032380085117,0.6583610304010311,1.129780237041388,0.7752929410505185,0.8339937462893472,0.8223368190790904,1.0781272939766782,0.8625335760486501,0.7992771020921708,1.2015585510320488,-0.18342269531481223,-0.0776539149464354,0.21472883415408664,-0.23046019449004057,-0.009177581916256505,0.4019210832334549,0.8206665670499652,0.13786980385454112,0.21211380238390606,0.5548542425611879,0.31693295022841567,0.14355739980106316,-0.2659065876995981,-0.08017895265961211,0.872162248726241,0.07136813413272661,0.5219264378961087,0.22102239184067848,0.15664711965886774,0.14198794283942218,-0.1285041277173121,0.0058985437069723826
ROI_003,0.19711819304955794,1.2978505020392632,7.254328619247669,1.0989390558144738,0.7880423867518546,0.5162053698032975,0.4639231875681874,1.026803177294561,0.820470786529136,0.6762478418219409,0.7358369780268684,0.9112706642429758,0.91293665176067,0.9674261203127913,0.8897785577338567,1.1162035831947137,0.7528649649852528,1.1591861685888654,0.8404522112388495,1.0085354082832523,0.8399351618085629,0.659678841061382,0.9037532099415507,0.9551358434477698,0.6106653822043516,0.8581946135379004,1.051158109709335,0.8047348558622085,0.93563931190038,1.0230737139304038,-0.17810295039349824,0.2407438438295895,0.20716635185432242,0.9656260586885018,0.6572688758552692,0.1934943560080231,0.33551556650208136,0.45298150976058343,0.32525812646139945,0.26104167049113175,0.20461965427622086,0.48276559503924593,0.4833715413448455,0.27218100544139123,0.2109655085153677,0.29992779851384654,0.19932506645081155,0.2033640912853197,0.01655586602211356,0.06153787688490662,0.1104634534477435,0.9886193776925902,1.2147595235508373,0.9421164779832882,0.678046226444669,0.7361391690071748,1.027542299625577,0.9197282771208856,0.9561720500458596,0.9495167120521015,0.9654427180312075,0.7441679426964654,1.0162013268738723,1.257864427768414,0.8929090997426542,0.8431083658946135,0.27258543063888346,0.9312292330527306,0.6574227835455811,0.6976088832739141,0.930877930160748,0.7406036471455785,0.8609542572807456,0.7480063409945101,0.895396170993158,0.8731131850869538,0.7609091960992868,1.0147169014673239,-0.10365458921050075,0.07164117783507207,0.24398972309669112,-0.13890574679127396,0.0592231575151497,0.3821369929909053,0.7823409076662856,0.1990958838588282,0.23411266469708014,0.5123759537127686,0.33627522556809997,0.1564856275863988,-0.23025364667579037,-0.012188382247604523,0.7174867024132872,0.07493522490311506,0.485806845645542,0.23900887423558903,0.13412093681923537,0.2316250311278626,-0.08287501257187037,0.039548662190823196
ROI_004,0.13476829559163983,1.4408100252163547,1.0989390558144738,7.254328619247669,1.253737308005454,0.6538134692076623,0.4951449271769304,1.4832071080799631,1.040881185494736,0.86910915514301,0.8722481485427575,1.0272640709325853,0.7970024440364931,0.810513009563998,0.7586406003036626,1.259241131308675,0.7284349227643708,1.0471533262606159,0.8962855397560746,0.8501695932534615,0.8819753713667275,0.6701846209581052,0.6564427586882019,1.1261589819148363,0.6054189997808381,0.8465121666200383,1.1038964709517047,0.747845353863495,0.9165469676341357,0.9579315287865312,0.000549484945714565,0.17261318656544059,0.32491099837827353,0.7351810450856172,0.6439564883791121,0.09074128308233914,0.3104186760093507,0.2769298213698406,0.4602411232901682,0.20925549230501708,0.18196389042580335,0.6824558781366472,0.47632687274314756,0.4414189234402657,0.3459754306521422,0.3833641079577929,0.1778894008817127,0.17407048411703757,-0.027082837431816723,-0.030939941935409027,0.06745283416970473,1.1972373044623958,1.0687960856498113,1.5858280113769208,1.0743607129565038,0.9330842043066502,1.5122067560703398,1.2800346757814591,0.8242222588302918,0.8683656702550877,0.8246903635775928,0.5116958943478712,0.8118662081709586,1.2268054148132113,0.7025282037937086,0.8188563737225603,0.043686853101973434,0.6208493314282135,0.4546348704141459,0.38273549698237475,0.8087531405851598,0.47227219002585447,0.6893637327644663,0.572269508817098,0.742555355456988,0.6621703877544578,0.5486193924215889,0.92978976066921,-0.16222571367938848,0.022197248789389404,-0.05149746580419173,-0.38253563004129404,-0.05556034750226162,0.12883272396352227,0.6643186764844277,-0.03424308650167483,0.15653740887257206,0.48623019312238813,0.13742421095445873,0.021977725078887598,-0.1843279256627975,0.05170586590629788,0.6035483816724201,0.015515611289976078,0.24528077289073347,0.26498049533275836,0.11248647009894322,0.06055062017345309,-0.17256205986098924,-0.07596347838022424
ROI_005,0.24865544153038038,1.000628825161916,0.7880423867518546,1.2537373080054544,7.254328619247669,0.8671568663275974,0.7698122886097619,1.1952889411881917,0.8916932955258642,0.7636127259844413,0.7630039535448836,0.7798081006447996,0.6478807611322962,0.5858292775924071,0.5962827181617902,0.8677363366697189,0.5064840265751971,0.7289815473084398,0.5954277156041057,0.5634297137739116,0.5546484166025679,0.6492123936709225,0.4799168664399291,0.9492439840302119,0.5536742377013639,0.7148612871511123,0.8802056670729368,0.6367093439566194,0.6307388612490081,0.7843132110438861,0.12833744127473454,0.264009049378847,0.3874290567130129,0.5115707423850113,0.5953088207651288,0.1439673736415895,0.34979545165464626,0.41090238814267066,0.6776885700831233,0.4794643520520285,0.39849377871804137,0.7704678780796557,0.6128798973023344,0.5632412047412493,0.5146992338967876,0.6286203420664407,0.3752127215866921,0.37146974705304464,0.17622395302448354,0.2063190057942114,0.17083121158336115,0.8284172825815175,0.7068696934536213,1.1255394024464327,1.2928335923673635,0.9334964121730599,1.1659301117091985,1.194366908459455,0.6045239718313669,0.6374547839233992,0.5508518688276229,0.3679301941626347,0.565700452874981,0.8402470779225015,0.46808055733980497,0.698512604357016,0.03414091747905041,0.40646899928751984,0.2219571640833315,0.19470876820070093,0.5084913393438103,0.3454615901054588,0.4869570034566881,0.4864367038221356,0.4774969769023438,0.3880475713258285,0.3565470422178093,0.6365237212496329,-0.11418870996999358,0.08537193728510047,-0.08420025147510615,-0.3572438350348576,0.0028962638962357775,0.03693189245615187,0.45929352562628656,0.04860789964258577,0.2304582216738245,0.45937948801812417,0.08494537380423627,0.09677868573746909,-0.036787198241423485,0.09381448402334809,0.6321501121530585,-0.041623355672270455,0.182446755226403,0.3546884418363633,0.3022794869634385,0.01600562522764171,-0.01293657704314425,0.1229576154607824
ROI_006,0.43546230976529093,0.5573942407885619,0.5162053698032976,0.6538134692076623,0.8671568663275974,7.254328619247669,1.1422085404863866,0.830600586468596,0.9533899123148157,0.5870011746683991,0.557880679588591,0.45068824605948377,0.3744893307658226,0.5809387796911489,0.5079202726290479,0.695228882824302,0.4096189739898063,0.5516261971829503,0.5067437522925974,0.41418573560045036,0.4137360500534723,0.6621865845941871,0.43820024367700333,0.7338437658841578,0.6453922168282125,0.5561396762014995,0.7659491141719819,0.7512733620587767,0.5042065337196642,0.6798847115408541,0.3418981105599116,0.44514863933117366,0.8107404642995257,0.5147600064076097,0.759057660088922,0.4142887501307555,0.4185971431706268,0.6475827402176976,1.0502852064720685,0.8140040116095081,0.8412488661453664,0.9634411910798049,0.8352835350828017,0.8195173879229257,0.8124387259367879,0.8495054805931793,0.8300789645089098,0.827293439210399,0.6484589932586176,0.4339969667794768,0.1655268877453407,0.47958250845348466,0.2796112727975403,0.4963710850668022,1.0414578136313124,0.9033049851267952,0.6034142426316845,0.9805941125637361,0.2536832499549187,0.25869331430097825,0.14542728799609564,0.11104141685704777,0.22819962937563593,0.45777871516005514,0.20234453260196777,0.484699777855571,0.10185696232402876,0.12165374488872803,0.024901613578899993,-0.014266301809323461,0.2637817472257138,0.1685226272102684,0.29475271589729624,0.26651041662254354,0.14745766965344206,0.07619447967431717,0.15673179179475533,0.3596161888087869,-0.08368730290557634,0.07306811513889637,-0.027277022276985592,-0.053189032184780084,0.09918961834306003,-0.008010867380929182,0.32999028158205296,0.28547662505705795,0.3102427984704476,0.6117895364386319,0.18978198815170325,0.2892343746116257,-0.014742816228605208,0.09228626694844173,0.42023003754149785,-0.17449615817254865,0.1732644419189424,0.6019313909628536,0.5469788922679464,0.21988000861355883,0.3295930114370287,0.2840481732613468
ROI_007,0.3147572309273328,0.5510939209261847,0.4639231875681875,0.4951449271769303,0.7698122886097617,1.1422085404863866,7.254328619247669,0.7053422419997712,0.8401639788199908,0.40279102200902067,0.5915707313559565,0.39441526769549456,0.3838584915334634,0.5615834285149369,0.5665885357010721,0.4860870267789755,0.25309699362632504,0.44798719191586905,0.3097681537243802,0.5214461281074878,0.32185434125171414,0.5026144900484274,0.5041362847102788,0.48440316283468965,0.43187004292715775,0.6021904926486877,0.7181486130153875,0.5498215592632846,0.4662119287033008,0.7306029402131674,0.11028291150898925,0.3660713868240321,0.5906223758876288,0.31385553020785845,0.44866823467653955,0.4829731327425961,0.3989984947696463,0.8915575260203648,0.9647893636266125,1.2459011522542351,1.0111637103398519,1.1121667886637827,1.0797649867009875,0.8405909385431517,0.6313481106733287,1.032738854963278,0.9967020519259113,0.8825524751970745,0.7727445891972043,0.7871233226314103,0.024066006102263438,0.34996365682188507,0.2561958525519044,0.4029940480161096,0.7035850981192373,0.6737197588975766,0.45544148517228533,0.8258306951450074,0.20824525309448128,0.1562292234959817,0.10360875646795972,0.22877878667379176,0.217864520685948,0.4076724111631883,0.2111927008217307,0.5016555328938656,0.23805424165740588,0.1912032449576119,-0.02766156062703166,0.06739675111747206,0.28193423545258445,0.3724599840321899,0.22608804030877597,0.46236417266144564,0.19159599771975946,0.08777849509015433,0.17191718246874554,0.3804304436161888,-0.22334395923186998,-0.10156664331385189,0.02418631659217892,-0.029372263554824883,-0.021067356661750913,0.18355638220661105,0.2243725354447804,0.35514185537032217,0.2597337972186651,0.5735184577528906,0.2741804151989561,0.5219174608217565,-0.1164239597875875,-0.10671022462613382,0.6548612566292283,-0.1686490259404841,0.39919953753392395,0.5912864630260217,0.6370377457132056,0.1598874244334638,0.4663393256663775,0.5896634478086624
ROI_008,0.1666377580984172,1.482789087230515,1.026803177294561,1.4832071080799625,1.1952889411881917,0.830600586468596,0.7053422419997712,7.254328619247669,1.1728755947731702,0.9865361509158557,1.0623701976971134,1.3270366460694192,1.0255983351519808,1.071158787612004,1.0736169920730172,1.4403143658674453,0.9624120064619159,1.3640456757918487,0.8991886611886689,0.9373045934963085,1.1532345419974157,0.9298552811703034,0.8050085024688761,1.3388255775429054,0.8791331662383186,1.1173018364810923,1.323581112950018,0.835018362110051,1.187568289866302,1.2057398406138589,0.016394685044562908,0.29532911878654855,0.45618317325558766,0.8711041743748172,0.8667238190328308,0.1539390621857171,0.2979121371513808,0.46931420287762315,0.6073894156136255,0.42460621050634845,0.27921849756504075,0.8203282944252845,0.663327598428247,0.392346128603049,0.4232859321607573,0.38973501331752264,0.32255044625771123,0.28018021945726906,0.0727733135546554,0.0030847256600492496,-0.0180081557364227,0.8677181941061416,0.9793734681050023,1.0227698996651435,0.9215331047399422,0.9078674131898448,1.1107281501840744,1.14271011510662,0.7191550318479278,0.7372917763298188,0.8141124960837105,0.6315901039153988,0.8195126533453461,1.0752158185972902,0.8237137013301529,1.0586050375592981,0.004142038681404526,0.701407709620264,0.4642147648371612,0.4118263535366421,0.9644610728388173,0.5589206110076829,0.6269085603787263,0.49995522432633005,0.8043531001274298,0.6094351576900451,0.5963987120196307,0.9789640724982858,-0.2551961859470124,-0.0506932070559299,0.013991670804955699,-0.36740893978395917,-0.13260450476442365,0.2491558276121091,0.5924674212035381,-0.002435329251209631,0.22260945585765488,0.5324081377074102,0.18912099545078495,-0.01967550217820003,-0.3051257612854846,-0.08933583431835025,0.6157209367661262,-0.07998363496602488,0.34531173433960366,0.24758327892932927,0.11910639942277199,0.04951099592582409,-0.17054214610808996,-0.025869172320885685
ROI_009,0.20275710957172008,1.0304104443628834,0.820470786529136,1.040881185494736,0.891693295525864,0.9533899123148157,0.8401639788199908,1.17287559477317,7.254328619247669,0.8170535461651175,0.7820757746508287,0.7844832719268019,0.7111148184711568,0.9030071639125409,0.857501476845018,0.9655464593748223,0.5743513098079823,0.9431582265853938,0.7517305074693471,1.045903872253964,0.8448884604147313,0.5236402505470298,0.6887314255282014,0.8073038409866038,0.6454387906560621,0.8375316106522758,1.1166240800140326,0.8697070603252587,1.032361500869434,0.8657168840712619,-0.052600955458777125,0.23401035465776127,0.5782029684005807,0.757297119197608,0.5921192755242858,0.6160675971181958,0.6041047743677832,0.5935042806973887,0.5241371290937227,0.5006100620312336,0.5080321551859776,0.819489404532207,0.545009826747934,0.6676535985819902,0.456674404817549,0.5412691236501904,0.43696186398296233,0.446708170923801,0.35984033793283143,0.3048395435195202,0.15867481222776494,0.7878535738331541,0.7339621869785985,0.71027776644673,0.9010148859075092,0.9048455315591697,0.8808155657155009,1.377458543050525,0.6951435426308736,0.5313870966464969,0.5133224673515527,0.5052329158886704,0.6048424545928521,0.8046630447135669,0.6429787060645921,0.76998170498789,0.32678018618394894,0.5249158376955445,0.4741731693641695,0.3713252598681105,0.7260967580500365,0.5385227566414883,0.644441047068735,0.6436823989346576,0.5851938953166254,0.5051216309104596,0.5860729180992879,0.8502828025845636,-0.24539588933329595,-0.062083876520199865,0.22753354539691004,0.0609237697624363,0.12682470560006823,0.3093738889703987,0.7527314682356249,0.3757587146827893,0.37303495597326775,0.924551286436596,0.5579497275470936,0.40390060278724715,-0.17120954798136925,-0.11403267202045021,0.7435526025153493,-0.13295510953668713,0.4072302077480337,0.6393762649303413,0.4225406039611804,0.3824650260378137,0.22912565887968675,0.29616041606632915
ROI_010,0.39697850489227976,0.7498832272590603,0.6762478418219409,0.86910915514301,0.7636127259844415,0.5870011746683991,0.4027910220090207,0.9865361509158557,0.8170535461651175,7.254328619247669,0.9605378815684618,1.1573988697067474,0.8034020203984344,0.9333124869810236,0.8040683954730555,0.900783671214681,0.8605363638891961,0.9294350540656156,0.9939620506393005,0.6099859039525644,0.812473935869986,0.722887807404429,0.6816488841935714,1.099547148287048,1.236473322904865,0.9095769818215602,0.9181091403651723,0.9478923748505744,0.9157935246714267,0.8093455464543807,0.21864766877567104,0.6147542001134437,0.4638852194292908,0.8676587382020948,0.7505231654845745,0.27127695516012673,0.5727437982039661,0.3388360641734488,0.3448354147591999,0.17055772062119348,0.14324561076432385,0.5193462164347288,0.23381847110158308,0.44850400722015055,0.5946019512912809,0.3052674281204894,0.08105411538238727,0.2025232796562797,0.09233135391630225,-0.01815191616040344,0.32707307126486584,0.7527615863621273,0.7037241361524852,0.6213892179680801,0.783577922420178,0.7120788388459225,0.9311009539207427,0.8100487773475269,0.7338032699925353,0.7097533813712226,0.6568975056615844,0.3180904469306968,0.6391383102229842,0.7732012715133157,0.6984030419252645,0.912562854609736,0.19082009775705985,0.4743427978981284,0.5480081412143697,0.37017512396720254,0.5978288294280051,0.23809798378684788,0.7217937341663497,0.3778991642976439,0.47090153383499594,0.6048587988789562,0.7079682080811611,0.9489510910176537,0.17512836532334833,0.4330483447339649,0.22632702976462293,-0.09521935962041589,0.24495741651154307,0.01237510333395458,0.799624911101708,0.099743116965728,0.6104541948666983,0.6800733961394587,0.3453317540303797,0.019976517604792184,0.13082698911987503,0.31707074739944635,0.41119304506352,0.06340988207382071,0.047940052306901126,0.4037091268041886,0.24053415702736158,0.3725023285204912,-0.08975045872559494,0.04692654590216508
ROI_011,0.20757087316057313,0.9339094105941553,0.7358369780268684,0.8722481485427573,0.7630039535448838,0.5578806795885911,0.5915707313559565,1.062370197697113,0.7820757746508287,0.9605378815684618,7.254328619247669,1.194590035961516,0.8999807793720256,0.9693417914218905,0.8367768850207372,0.9001644366961932,0.8406439182127238,0.9619522495100803,0.9209994136852447,0.7976728584364396,0.799979247530331,0.7911668837293986,0.8458848708694872,1.230310825950455,0.8213542999510784,1.152335228072983,1.0358043700616504,0.7685119405820267,0.901458573707979,0.9171049962422074,0.03297500462202189,0.30203938814327475,0.2865202279619348,0.6909065102170293,0.7240066879920614,0.23597488903335637,0.31881955957021835,0.31122065067953725,0.4061473698241844,0.33402184554587383,0.25019198659783126,0.6359528468003719,0.4899758994555833,0.41977676034153444,0.3983066265018048,0.31016442930391486,0.23995510340975637,0.2557437260317006,0.08397700359971101,0.06545104667131872,0.07677763369292086,0.5874749720766312,0.7303982547756348,0.6522480681982538,0.6579228209264452,0.5184685109707796,0.7436075368581396,0.7648347874784566,0.5641347210026167,0.6012010756803406,0.6694670959322738,0.4710470332441419,0.6177435112508529,0.7397328268231396,0.6034938003289482,0.9049827466100214,0.1823079968026783,0.5223822345569912,0.4025017633864066,0.37872415923917124,0.6692053018247691,0.39173004317770216,0.5491750995346385,0.4905859890797153,0.6021131690106941,0.5256884631575365,0.6091226103232777,0.9448241158045494,-0.13241280675710687,0.050058303365682524,0.13457147634589325,-0.21713941031929743,-0.06455203007462564,0.16031456501856056,0.5601021346600908,-0.010767571738687932,0.30566876033603746,0.6509804106408001,0.28137346000350083,0.07339127887472122,-0.09295258974109433,0.04173090296701584,0.500701861390169,0.045790666486618344,0.255799178968071,0.2697811957643675,0.17213505494732054,0.11220092397220852,-0.0915813628065292,0.07336547930909641
ROI_012,0.10425951262509868,1.1964502897857214,0.9112706642429758,1.0272640709325853,0.7798081006447996,0.45068824605948377,0.39441526769549456,1.3270366460694187,0.7844832719268019,1.157398869706748,1.194590035961516,7.254328619247669,1.3949676455915336,1.1639856150327332,1.160289827829314,1.1428619637734923,1.2087339247758968,1.4452972396660912,0.9670746629841522,0.9316282055606955,1.2429718122444784,0.9257506863677198,0.886983633006394,1.3797597372902763,1.0074852946273671,1.400310799163619,1.1490168283620605,0.8412336720727553,1.1216640701778122,1.1306410549314352,-0.06873266155224482,0.2863847153686861,0.2915426084770079,0.9470823803216567,0.8397299658111889,0.11514348077235462,0.28937563820853957,0.3409800866297362,0.3245468955666021,0.19542794257641757,0.08946778729736508,0.5631161189326325,0.4308603183837439,0.22494576832048352,0.3000549105501676,0.17893605540860322,0.08667496767095507,0.11942750170918835,-0.06926137268738289,-0.15802107108218047,0.0660371876787491,0.7312003220083362,1.1227288385586525,0.7751843600802014,0.5939630440149405,0.5777424419616886,0.8638072401628127,0.6957040757688081,0.800454238015365,0.8863473643164819,1.067572579428803,0.7573612572868347,0.9933510437427365,1.0032300037725796,1.0421161431834174,1.3266667798735732,0.09604843223691113,0.7919404523905322,0.6302350389710261,0.5621460841768512,1.0530209748291426,0.5261255474316566,0.7616482867297139,0.48336011986951255,0.8900505347517431,0.7824263881063748,0.8386252049006246,1.25102619769319,-0.11432469318402358,0.05111130654522884,0.1996658706460274,-0.28288505454106044,-0.03605871154766647,0.2831865785444882,0.7287070990991742,-0.020490920153773517,0.30555731283283777,0.5597743533388985,0.24407175321904695,-0.09009762131940957,-0.17052620294167342,-0.05176526032249132,0.511577755422108,0.06472473055429583,0.3010187499308669,0.1656746868381719,0.035500093547904676,0.13885728297939015,-0.29498760883444536,-0.11961304900207288
ROI_013,0.06628998109854775,1.2128632077356296,0.91293665176067,0.7970024440364931,0.647880761132296,0.3744893307658227,0.3838584915334633,1.0255983351519808,0.7111148184711567,0.8034020203984347,0.8999807793720258,1.394967645591533,7.254328619247669,1.066397254411926,1.3412619058848456,0.9048945717721211,1.1123137995259866,1.3519313940992184,0.7277929444498854,1.128522674475943,1.1595086150062666,0.8137818207629833,1.1038516201086868,1.0393896716730235,0.9036744523838561,1.1433115323379388,1.223478266955655,0.8869261062025457,1.1935259684496589,1.2419705580316933,-0.2665816528670661,0.17033576057610805,0.21117125368992856,1.019569601886749,0.754053200207127,0.22431674311149555,0.3587579430220023,0.5145472698130108,0.2660121190845935,0.23959273694461133,0.14365201457467888,0.4171665225602149,0.4019386385057367,0.12220461387378063,0.15001885658292466,0.22236199001911247,0.14477782061428293,0.1468836013573428,-0.015501844358734595,-0.013332525316411091,0.05409434655511601,0.5895586509677225,1.3224316427455893,0.6232237885259011,0.4699043549842394,0.49301665446999465,0.7044830365302497,0.5913635425015373,0.913311665619189,0.9703403577673428,1.2917361270756231,1.156753958086958,1.338047079570089,1.0177917539899444,1.263195654634481,1.5067062001597022,0.30441906975157673,1.0272202198687994,0.8499172053476656,0.8086937054494032,1.2631748914469827,0.7344709551692293,1.0179835197356624,0.6532864791963849,1.0910802795778227,0.8989173919447294,1.1191644066958684,1.3857092768177905,-0.05453577848946364,0.0006985436997668762,0.4610140740955227,-0.06904128504690121,0.10272984697327041,0.5088294600060381,0.9047261298515903,0.17385731846289187,0.3904259513496631,0.6305409304962512,0.4110343803492039,0.06337806489668563,-0.139879546234654,-0.06070517720413879,0.6789105414991284,0.005998484799176407,0.4155679314310145,0.19828667564385324,0.17750100936571248,0.31301419596699875,-0.14857449090397556,-0.005744336166490565
ROI_014,0.23190680721579732,1.0032673568849488,0.9674261203127916,0.810513009563998,0.5858292775924071,0.5809387796911489,0.5615834285149369,1.071158787612004,0.9030071639125409,0.9333124869810236,0.9693417914218905,1.1639856150327332,1.066397254411926,7.254328619247669,1.277271854447852,1.0399940048253102,1.019288677289383,1.3395723477674504,1.300787764200789,1.0003256692566307,1.0986888904897494,0.7832632069151902,1.2938458880288892,1.09825378993683,1.0121875746674232,1.1414994846888715,1.2487381177433818,1.043183857662377,1.2048757314879142,1.1989292319837392,-0.05992727460189598,0.45162359910787775,0.3686186238817912,1.1014774944117935,0.7840853827031046,0.3353011910363146,0.48888402710132645,0.5352223142189785,0.3985627222269718,0.35953141838702973,0.27712833426019745,0.6954799091096731,0.5239556898988817,0.31381156946990396,0.405562526823394,0.30914292576900204,0.3113566971302801,0.36651031952489627,0.15387894576135913,0.0792428424391806,0.07792306119192227,0.77972995182315,0.9083218161741633,0.620466631459747,0.5578547421559744,0.712436306292822,0.737647438624988,0.7836800926595527,0.7362835520159543,0.7509019778290613,0.787973595031663,0.6388058341159147,0.8201468088086554,0.912094504402574,1.0165510190694593,1.2385310209798284,0.265930573365383,0.7943066660944755,0.6549954353765524,0.6712925871106532,0.9785779413569555,0.5646172346986613,0.8690784405398924,0.5771163252043249,0.7414192584105948,0.7745842862539408,0.8718455569876393,1.2348512865834087,-0.11339083539557301,0.1580345036550967,0.30728686165904223,-0.0740380223078171,0.06596738130901256,0.35901048392531665,0.7885790134745742,0.20954467743874988,0.473424238593871,0.7242804026831211,0.4462322740099003,0.1848248537587099,-0.18688434462380074,-0.002581191908577931,0.5983955714326835,0.03516475933051949,0.41323370447560653,0.3282261702415606,0.20487155150023548,0.35675190498276604,-0.09978020073397226,0.09945348265984735
ROI_015,0.08684952677838699,1.1226493101986827,0.8897785577338565,0.7586406003036626,0.5962827181617902,0.5079202726290479,0.5665885357010721,1.0736169920730172,0.857501476845018,0.8040683954730558,0.8367768850207372,1.1602898278293134,1.3412619058848452,1.277271854447852,7.254328619247669,1.0024818782394822,1.1115894329772242,1.3433945852519915,0.7742211076379684,1.1520041119675302,1.2676333213669302,0.8581048853164407,1.2261034995584938,0.8858287629615661,0.9385922550850413,1.2511634220094694,1.1116143657221211,0.8592277510017567,1.1868040439216412,1.4250208566834262,-0.18238728169054577,0.24274201035061296,0.2640942795260905,0.9691623844339441,0.7139182280660945,0.21842680530906713,0.3803957483599048,0.6124308700900031,0.3006950628382801,0.34098413372855774,0.17451779111242227,0.5502925405570082,0.5107362245726363,0.20229724787520478,0.1836652283515093,0.23107071068361149,0.17720418438025318,0.18129952565246377,0.0277982988133421,0.06136106837763302,-0.021232754428430645,0.6259075760048006,1.1046699059270335,0.546453347650452,0.4391537354640555,0.612896363866797,0.7159740870490184,0.6887288786796454,0.8859959449450294,0.8642786668036938,1.0040560754068846,1.0181050145364072,1.03737242761367,1.0286005095618735,1.2934113865839043,1.509457907305706,0.33078077769532926,1.0908449399166833,0.8512714516813966,0.8247841371119726,1.3505731788963897,0.9560397224376987,0.8593475357300802,0.6436580513425761,1.1117516305564656,0.9939185214801173,0.990165051588685,1.2269817862394972,-0.1939073084631232,-0.08824528233210875,0.42490441984347427,-0.055095899382858686,-0.009295073987949294,0.7148634327133335,0.7198720246811163,0.2510803335239768,0.2895896106936424,0.6129528295496162,0.4028862071494554,0.11773743251001767,-0.3248373740430404,-0.16618101307157954,0.7193163905154947,0.020110159428931858,0.6777924084237492,0.22864116658385097,0.12609744247030474,0.2678765317371032,-0.087086143080326,0.032593234562873434
ROI_016,0.21255959628307505,1.2212104164131745,1.1162035831947141,1.259241131308675,0.8677363366697189,0.695228882824302,0.4860870267789755,1.440314365867446,0.9655464593748223,0.900783671214681,0.9001644366961932,1.1428619637734923,0.9048945717721211,1.0399940048253102,1.0024818782394824,7.254328619247669,1.1575705273122199,1.3408675767302376,0.9862248595406545,0.8133922631729283,1.1412787387901209,0.980937188938827,0.7958834049101424,1.1997224933315378,0.8548378050731457,0.9514416267175203,1.0183673869557748,0.8493114184846466,0.9934866920993324,0.9864898058398667,0.04443908364951157,0.31737458260497936,0.4343715528299436,1.119889440972888,1.0091732544998555,0.058081256080937,0.2298022972413624,0.32219763608481894,0.3580803993704988,0.20322990115026676,0.21006667794986264,0.5919768793435206,0.5116707423618518,0.30784934384892004,0.36951201720049387,0.24127863869850555,0.2295493513014609,0.28011379050216945,-0.01533934044211728,-0.12574649191129414,0.05953259594942528,0.969280751804269,1.013150358029503,0.9967109218034793,0.7472308580741872,0.8948296819276123,1.073208051735284,0.9837810162454486,0.8076567710199205,0.863902504314587,0.8392523434517479,0.6010347973461387,0.8495044767028124,1.1140313144552294,0.8465493388148537,0.9625992776667719,0.041545849514217824,0.7534778521706034,0.5811654369046179,0.524628326224859,0.997109069219662,0.5228083802420522,0.6777089748358013,0.36625886330194296,0.8141428981512281,0.7170500776200252,0.594102554819259,0.8811685722163184,-0.18913238285512485,0.04439197621730752,0.050617850659043055,-0.2565947134173378,-0.04097176249786282,0.2742733013745648,0.5852314297918281,0.023819336444054182,0.17196621955458322,0.49737953355351566,0.1141176975388824,-0.07457981823679485,-0.30477729639616463,-0.056198400323078115,0.3833418031222138,0.025181335191788078,0.3302625678921232,0.18776587702431569,-0.010101700771491463,0.12397816719157664,-0.24066901217602504,-0.20005796788279892
ROI_017,0.16965219025749811,0.839114124271273,0.7528649649852528,0.7284349227643708,0.506484026575197,0.4096189739898063,0.25309699362632504,0.9624120064619159,0.5743513098079823,0.8605363638891961,0.8406439182127236,1.2087339247758964,1.1123137995259866,1.019288677289383,1.1115894329772242,1.1575705273122199,7.254328619247669,1.2184704430943571,0.8842319512889878,0.7137849423083196,1.2080457347230962,1.022728320578493,0.8555470117534713,1.1675441954379315,1.0388158437760693,0.9597937534168114,0.8128196930079131,0.7230255430160009,0.9901612457999971,0.896754747002558,0.04009175785649243,0.3019989992772083,0.23596333510915582,1.147308157720848,0.995641617428068,-0.02148213487210074,0.17898325833575113,0.23048040844102774,0.12270783796074858,0.028090911287037914,0.007340727517735041,0.3547191227446562,0.2986645514743231,0.028435339028928818,0.24731277495693502,-0.0054407377943649525,0.04153034243394507,0.14564640956518926,-0.16968506716710546,-0.3061342546005289,-0.058528876212661125,0.5802554147022929,0.8928418852154334,0.5394487569021619,0.4540985704527787,0.5706503913668072,0.6690147007433273,0.5428509475148592,0.7373461117218911,0.9225162107842234,0.9880653935668504,0.7644537540345,0.8390630949517676,0.87481364892556,0.985029143957929,1.0117946613712097,0.05858955647185646,0.8920622068061296,0.7671526869024553,0.6525564573776901,1.0130871486367354,0.5277606424116272,0.7084653570178804,0.2234375950240464,0.9481761578789909,0.7924250170972447,0.7361341251891604,0.8646430464478607,-0.08259254915324683,0.042535718464874556,0.2423373100993069,-0.19589385476797505,-0.041224329410181074,0.40098573506379126,0.5391444618062449,-0.049546696801955364,0.17638683463605023,0.3742432910819878,0.13672935239620124,-0.24492321003264209,-0.3219894649984245,-0.0902786102247536,0.22725441768470905,0.08064792451115026,0.34643522381389197,0.03700149952273791,-0.1435935593862921,0.14053927940506067,-0.37301409587378437,-0.3423579373816604
ROI_018,0.16090627572888022,1.341222702138055,1.1591861685888651,1.0471533262606159,0.7289815473084398,0.5516261971829503,0.44798719191586905,1.3640456757918487,0.943158226585394,0.9294350540656156,0.9619522495100803,1.4452972396660908,1.3519313940992184,1.33957234776745,1.343394585251992,1.3408675767302372,1.2184704430943571,7.254328619247669,1.0530299472176596,1.1329321044656726,1.2746033761565767,1.0159289997054748,1.2179550640706245,1.2154238241704747,0.9617324695769992,1.3408514687287032,1.2322282014360522,0.9451047285176098,1.2875762958206431,1.2614065810851434,-0.22864569626929426,0.2604922133818872,0.2888250217652787,1.3978604997287418,0.958352743140273,0.21650991492744695,0.3800870758128857,0.48915519020969134,0.32057688609140683,0.26807778237014124,0.13681210008566574,0.5481528554364999,0.5163560817668282,0.14712135490572179,0.19034968457448023,0.17324807668333936,0.17330635767567504,0.21645939323409757,0.00479916245843213,-0.05296624692115028,0.05135561204962703,0.872170994163144,1.2883879106734186,0.7940693300133888,0.6001042147976599,0.7621185343112097,0.9292875718073741,0.8435578393469212,0.9511405125516398,0.9817509242672525,1.0401282421620706,0.8829356557927317,1.0836985114465092,1.1676717424631884,1.1809247688278193,1.3804532256831539,0.23437556685330618,1.0291364355175276,0.793847337638125,0.8551827225581226,1.338292785265433,0.7432888102246271,1.0008719845859861,0.6008533424805518,1.0562695782454279,0.938389826268218,0.9703587473003725,1.325718424693534,-0.19309667937273384,0.011366540992345544,0.26632271249042505,-0.14670829205332814,-0.02946567465008935,0.48233492128519706,0.7635273364733556,0.11325079829880241,0.34453507470445965,0.573850007893384,0.37850618400442665,0.0018553719947830716,-0.28942742469692717,-0.11628886241655623,0.5774966630989802,-0.005077188610821676,0.4150255012109547,0.15163674129539212,0.044050247831633395,0.2503672781271183,-0.15365855862470976,-0.06915710362460156
ROI_019,0.34105440846050994,0.8333037751133499,0.8404522112388495,0.8962855397560746,0.5954277156041057,0.5067437522925973,0.3097681537243802,0.8991886611886689,0.7517305074693471,0.9939620506393005,0.9209994136852447,0.9670746629841522,0.7277929444498854,1.3007877642007895,0.7742211076379684,0.9862248595406542,0.884231951288988,1.0530299472176596,7.254328619247669,0.6649927718138917,0.8391660435313603,0.6659405895917476,0.8468144133983453,1.1674649683650145,0.8796320912633232,0.8748515867524078,0.960260982171418,0.8994179233286285,0.8759669989667203,0.8310705243218505,0.05823602952657071,0.45643659194845854,0.2458509191242293,1.011770667505257,0.6895548222456112,0.21491076251029795,0.4655473059485601,0.24498115797047232,0.29228591987868097,0.16017723225018288,0.13905974664321263,0.5661317950649815,0.3207916490941727,0.3119731817264608,0.41820729761718267,0.2061205113187579,0.12733693096414295,0.2618664712629964,0.043607653222169765,-0.07289717543446673,0.23050191516642302,1.0227643294115574,0.8166897002808877,0.7395088558431652,0.6467911013562982,0.7027277316549457,0.9029509844203985,0.7978726097402141,0.7483898865945554,0.8181891315415668,0.7045718960444032,0.3660308193896929,0.6722462321292975,0.8462821201909366,0.745095458502344,0.8503804932140787,0.1354208496872838,0.617781001031531,0.5573365204729559,0.5078242222563287,0.6703526983025949,0.30271621132400633,0.7756652298149819,0.4425151203931545,0.5681596141818858,0.7079645149586309,0.6779369374731284,0.9586647499698051,-0.004113444716860421,0.3335143444922368,0.1255874974471856,-0.18725325400869625,0.08881755470937266,0.06161538887356441,0.7143473267949173,0.00932139814257327,0.3927584469239854,0.5444769707172402,0.2843930337465168,0.062078885205033074,-0.03982262701135701,0.2256910524036934,0.38285508208176855,0.2239067385104802,0.175722615673692,0.2525085844117568,0.09334886928502538,0.2537980199935044,-0.15932503998509287,-0.05341100341889002
ROI_020,-0.0715050836249237,1.2544145967974625,1.0085354082832523,0.8501695932534615,0.5634297137739116,0.41418573560045036,0.5214461281074878,0.9373045934963085,1.045903872253964,0.6099859039525644,0.7976728584364396,0.9316282055606957,1.128522674475943,1.0003256692566307,1.1520041119675297,0.8133922631729283,0.7137849423083196,1.1329321044656726,0.6649927718138915,7.254328619247669,0.9894075583357252,0.49331331525835376,1.0493245803028943,0.7309902516717233,0.5622766139677821,0.9275598756025433,1.177067468465316,0.8368271115762095,1.1878872620151242,1.1170944117045658,-0.39822981711902444,0.05846915687928007,0.2138097513150547,0.8666422109548425,0.47002006452503353,0.4861932735978098,0.47573020545477995,0.5644259000686511,0.23150603745118203,0.31576678191544344,0.23833888274925233,0.4734522081019404,0.4182838096068284,0.2949065846852262,0.11464990799417066,0.2878812193069819,0.21034147151067437,0.16668911147327645,0.07838770884006048,0.21910535338815806,-0.003529288644620696,0.6722927989799701,1.1584278929997824,0.6161787483620387,0.4587273980342471,0.5151122386068663,0.7265016513059027,0.8039229678159795,0.875934334638748,0.767409436623967,0.9548114534311714,1.0182532636860868,1.0685008556142488,1.0346109299146353,1.0797572935531268,1.0483222164478605,0.5463046595771901,0.9886783034329629,0.8702239402231597,0.8584743364866587,1.2211500933881836,0.959925378917847,0.9258375489822152,1.028797953429728,1.0865033599902052,0.8851212168627589,1.099141628760838,1.3191205797052872,-0.22560797497671525,-0.18794679600650227,0.5017807142698842,0.10985000870862724,0.06073469897446507,0.655512815765902,0.9405243122349164,0.34958323146669024,0.32287652695886987,0.7451442893221506,0.7462133157069972,0.3648321625909682,-0.2860058265947716,-0.22076900149616605,0.9440974975230704,-0.028346309672145947,0.6586512493423263,0.3894782946808441,0.26563147878788423,0.4001508343211105,0.10345848425539858,0.20641494688849446
ROI_021,0.012643510131063856,1.0531780258858385,0.8399351618085629,0.8819753713667275,0.5546484166025679,0.4137360500534723,0.32185434125171414,1.1532345419974157,0.8448884604147314,0.812473935869986,0.7999792475303309,1.2429718122444788,1.1595086150062663,1.0986888904897494,1.2676333213669302,1.1412787387901209,1.2080457347230962,1.2746033761565767,0.8391660435313603,0.9894075583357252,7.254328619247669,0.6875408046515499,0.8386232987226966,0.9882636572317892,0.8513650962771641,0.9715931362078641,1.0157495332414226,0.6701002168019755,1.3241443281671998,0.9223319075730793,-0.07650189233679063,0.19541991076974496,0.2628012406403246,0.9516501353238002,0.6793368276882811,0.1036659391627239,0.20299829317502407,0.31216520217896265,0.18439888357438491,0.14834360265654714,0.008328488872754308,0.4524627545168083,0.29308225658503584,0.1020559219016367,0.19304432485766257,0.052823760382857916,0.05142894007378313,0.04630493569447631,-0.16721916782668833,-0.22019332486045792,-0.030145259617737855,0.6288419722185737,1.0384019731641183,0.6335733631047324,0.48488682872613736,0.6043113391213767,0.6945044581177512,0.6189826937661718,0.81103941703191,0.843103730977208,1.0708815209725373,0.8758723999448957,0.9670981625424224,0.9105479807962441,1.2459238262363288,1.080454601377173,0.05306963822203157,0.9384072366453241,0.8630014447046329,0.5989101307092137,1.469238222762784,0.659213119313101,0.7114473193768206,0.3936363618619948,1.0537310304072254,0.932062097016397,0.8172522906090862,1.0139912627058976,-0.21866023555437503,-0.06162104348322017,0.24937159017776217,-0.20999169768505996,-0.07360247073202919,0.4752175341425661,0.6700084139254416,0.01027384358793089,0.15065590145455046,0.48835439349500764,0.2717101692455822,-0.10168870279574425,-0.35062308408006765,-0.16269441028634682,0.4596588768544954,0.05565797099931299,0.47143769029251575,0.13664271684760917,-0.06757175819843399,0.13451451881432339,-0.3308765983889247,-0.1765242468874623
ROI_022,0.29048471257298725,0.6850876056764592,0.659678841061382,0.6701846209581052,0.6492123936709225,0.6621865845941871,0.5026144900484274,0.9298552811703031,0.5236402505470298,0.722887807404429,0.7911668837293985,0.9257506863677198,0.8137818207629833,0.7832632069151899,0.8581048853164405,0.980937188938827,1.022728320578493,1.0159289997054748,0.6659405895917476,0.49331331525835376,0.6875408046515499,7.254328619247669,0.8605320305774657,0.988832216035636,0.9160991196443153,1.0621285021657771,0.7748751450179583,0.7908998949143936,0.6816600851787128,0.9770325862925083,0.017221761146131255,0.32191941757666437,0.3369629471359735,0.9033089293871156,1.525116656267304,-0.028920735880313714,0.15831628577782228,0.44372125684439306,0.5048111194150728,0.2909327813785008,0.22717363368846968,0.6061591376213192,0.753875366865095,0.19152427049218132,0.30578791620009677,0.2497671464643019,0.3335703464880434,0.412112518596225,0.13343704033283638,-0.0561410433882903,0.04627619728241153,0.4764715743801012,0.6331958126866652,0.5526030318085061,0.5723617761498007,0.5591946727136872,0.606799551740389,0.576091264139177,0.45464043838351725,0.5322541760786877,0.5015583839926048,0.4576670515880269,0.5539356847990597,0.6923289260635621,0.5917918071750006,0.9320022824163752,0.08448435648625349,0.47802777970083593,0.34603748789629696,0.4360185518786771,0.6484666415679655,0.39255051633416105,0.5464120685154513,0.20676667728673948,0.5061276606904244,0.41071197615743177,0.439195345221566,0.6523622392676858,-0.14257452091798747,0.04558344531771477,0.019363264841189137,-0.23555620839869373,-0.12249071389025414,0.235494388444665,0.30351125805491,-0.005337533129193048,0.2139518653471385,0.35806879029192445,-0.0026171982910119973,-0.2065877200368818,-0.20289404075624498,-0.05074716239386537,0.21901094272722407,-0.1305796805401957,0.15300975081346926,0.061662061479379866,0.005996904881130847,0.08144124563223848,-0.1303402206164564,-0.20046504778748725
ROI_023,0.17537383826835837,0.8950698662308056,0.9037532099415505,0.6564427586882019,0.47991686643992904,0.4382002436770034,0.5041362847102788,0.8050085024688759,0.6887314255282014,0.6816488841935714,0.8458848708694874,0.886983633006394,1.1038516201086868,1.2938458880288894,1.2261034995584938,0.7958834049101424,0.8555470117534713,1.217955064070625,0.8468144133983453,1.0493245803028943,0.8386232987226966,0.8605320305774655,7.254328619247669,0.8202212489893294,0.792212244324635,1.0537770178328314,1.0940717484904794,0.9818384949437586,0.9898808060374732,1.2186379989623688,-0.28294947719983665,0.2700016425259885,0.24193910913175065,1.068586359675326,0.7669310910938079,0.3263712588027606,0.5052476630429497,0.5817908468854835,0.31122858290350075,0.32690235532143197,0.2087678061885703,0.49462480627333977,0.51340308434894,0.1859650226206284,0.1780808620505068,0.292650258592534,0.28412350794823127,0.3428081437640749,0.15500989419828667,0.17723597219487724,0.10501489803012234,0.6206401277882122,0.9211052488704937,0.5327164203886801,0.42807788756706544,0.5504036035099072,0.6188752798024353,0.6293072191963666,0.6972857565496395,0.7343544986927779,0.7464136509498609,0.7026563480346354,0.8329863240274178,0.896101695713313,0.9550278405165605,1.241183647664697,0.513865242159246,0.8233240210724814,0.739865858837097,0.9412164430802171,0.9855713643171454,0.681183135558848,1.0819958614394283,0.7513746091124148,0.763438707092611,0.8228388021833485,1.0499039516514548,1.226825117617436,-0.08953957773479088,0.1046752525293947,0.4219247871612918,0.0490422206074012,0.07086610708416428,0.5039379978330908,0.7481419264627391,0.28744041605656767,0.4719055037202356,0.7122043671314379,0.5193079223984985,0.23800213482565538,-0.13736604739473623,0.00043852110635143063,0.6465605169183672,-0.008332366633466875,0.4063967898328459,0.2620665828521442,0.24024004413066125,0.45274708307824885,0.0571941247789624,0.1457490784332713
ROI_024,0.30405352153056253,1.1157531016269728,0.9551358434477698,1.1261589819148368,0.9492439840302119,0.7338437658841578,0.4844031628346895,1.3388255775429048,0.8073038409866038,1.0995471482870476,1.230310825950455,1.3797597372902763,1.0393896716730235,1.09825378993683,0.8858287629615661,1.1997224933315378,1.1675441954379315,1.2154238241704747,1.167464968365014,0.7309902516717233,0.9882636572317892,0.9888322160356356,0.8202212489893294,7.254328619247669,1.0723402899052257,1.054808941770004,1.1551146512843555,0.9147948862650482,0.9436707636295787,1.021025743037334,0.14617373213344512,0.4333196258956931,0.3859984737974087,1.0115746761987772,1.020519274808051,0.1333819639252203,0.3293943672786633,0.32397698504138134,0.5225914607835374,0.31064469730749195,0.2679204742757969,0.6445300588464178,0.5182778325544577,0.3313901655709971,0.5377563037030153,0.3398038293197312,0.2782224237251282,0.31438562556503324,0.043181910298013465,-0.08710948149476642,0.1099474478632206,0.7977052002366107,0.8895747765964148,0.8745671764094249,0.9150875807490085,0.7765440819895347,0.9983069699762774,0.9049716377800531,0.7027389027259795,0.8462185079163684,0.8391285955684725,0.5282175860448549,0.7830946240763208,0.9374163088563203,0.749990335601019,0.9599937597703749,0.036502269304525846,0.6168737243511011,0.47817316585555614,0.3845202077967781,0.7284568306906314,0.3419985944022575,0.6671032768130377,0.381281257250243,0.6580753925727351,0.5847286947831128,0.6146317540519957,0.9239733375615469,-0.021195429625989883,0.20440834312524647,0.09995416077460699,-0.30965103461629545,0.03167548557927945,0.09031946174071565,0.6554814615864024,-0.0271265361621789,0.31575877601548213,0.5555335226348543,0.1729620638800244,-0.06088609396588394,-0.08961951274129394,0.13060682742585986,0.4360099343424371,0.08120770187693221,0.20056930089017874,0.22947791313032925,0.1382692369191495,0.12034181552804192,-0.2071791348585571,-0.10965026276853154
ROI_025,0.336812677585628,0.6572594592243726,0.6106653822043516,0.6054189997808381,0.5536742377013639,0.6453922168282125,0.43187004292715775,0.8791331662383186,0.6454387906560621,1.2364733229048654,0.8213542999510784,1.0074852946273671,0.9036744523838561,1.012187574667423,0.9385922550850411,0.8548378050731457,1.038815843776069,0.9617324695769994,0.879632091263323,0.5622766139677821,0.8513650962771641,0.9160991196443153,0.792212244324635,1.0723402899052257,7.254328619247669,0.9147752887551558,0.9642723183020134,1.0816176916135014,0.9296257893342642,0.9355825387346911,0.23417361658090308,0.6712282382205409,0.48764095743802643,1.0203242868433384,0.9937721488276098,0.2771094729623388,0.496488387102642,0.5121351770067688,0.42538880030398507,0.3056160603397309,0.23325575556223507,0.5417328382164359,0.4029632445858039,0.31973695126587315,0.5606675485898995,0.31282855189946407,0.260658007020586,0.33473826855634664,0.19285385757755188,0.005175600897545517,0.18647462750575727,0.5140468464279948,0.6010237128193893,0.4053003074418741,0.5815168494642073,0.5674805652253536,0.6301556235196611,0.6080732481247572,0.5848890720030945,0.6417219485898265,0.615172682253681,0.399980415917552,0.6158195262881254,0.6420204963559526,0.7125808676766111,0.9931580610786286,0.1744958209610374,0.505091679032376,0.5365123929429366,0.39851191687543874,0.6265996475251051,0.2999968602524209,0.6869707521296085,0.31204778103453984,0.474531453781456,0.5083028108228796,0.736484795604944,0.8820586936367675,0.16076046578401632,0.3289715008224276,0.3075906653022228,-0.03196785197054237,0.20542152879071574,0.12695779496446125,0.6961477442137303,0.15447432662168764,0.5842686781278538,0.6753410013541125,0.31801947136130543,0.012282117787022843,0.04174151995693815,0.2553995140303422,0.37516359992669873,-0.01683232607901629,0.1563433290805558,0.3885947619595238,0.26638769715069766,0.38720442321297727,-0.07283809158556355,0.04790250794371198
ROI_026,0.1187817283848224,1.004476717166384,0.8581946135379004,0.8465121666200383,0.7148612871511122,0.5561396762014994,0.6021904926486877,1.1173018364810923,0.8375316106522758,0.9095769818215602,1.1523352280729826,1.400310799163619,1.1433115323379388,1.1414994846888715,1.2511634220094696,0.9514416267175203,0.9597937534168114,1.3408514687287032,0.8748515867524082,0.9275598756025433,0.9715931362078645,1.0621285021657771,1.053777017832831,1.054808941770004,0.9147752887551558,7.254328619247669,1.141389951142161,0.8883849679490946,0.964415592613094,1.3235165971196001,-0.22153146852983333,0.22839964019738454,0.22116153734234947,0.839114452419195,0.8076845769329255,0.23578237259026,0.32084887884968455,0.5387865173219241,0.41731673282863296,0.3822352260169747,0.2112879092043968,0.7217913930116381,0.6867849974606525,0.31113691718074765,0.20497346894009164,0.27406620299190326,0.22849517357533503,0.2670397476142671,0.1634343558536489,0.06577960958749442,0.008584239225848654,0.6157691153161425,0.9287815201860561,0.6266318117720793,0.5730849734754585,0.5781237502526346,0.6974786599787318,0.7150499425153026,0.776286021135822,0.7305849635848146,0.7927664556656842,0.7716574629031641,0.8376122431148892,0.9360009790560914,0.9023133857944082,1.2650590410768154,0.23456435132982387,0.7642584227987064,0.5205761833435474,0.5762512692650136,0.9497427801634986,0.7341207364145234,0.7235476752746709,0.5885012895415852,0.8361186099453687,0.7361406700376462,0.7263154643077896,1.195535493021769,-0.30241036432142077,-0.07486686491945967,0.19944497716941836,-0.19897287716971931,-0.1328326831473361,0.4500712454412939,0.5952033463598231,0.11587230585564155,0.2649066259555434,0.6007728390099117,0.31154400307425395,0.0466458940646043,-0.2769700827741789,-0.18484671513427306,0.6289597125284629,-0.0740775070966484,0.4433217993195491,0.21742044797346372,0.11501012821711021,0.16727946847360223,-0.058104690718312715,0.04942337183272288
ROI_027,0.1807187417699649,1.2986765050249356,1.0511581097093354,1.1038964709517047,0.880205667072937,0.7659491141719819,0.7181486130153877,1.323581112950018,1.1166240800140326,0.9181091403651725,1.03580437006165,1.1490168283620605,1.223478266955655,1.2487381177433818,1.111614365722121,1.0183673869557748,0.8128196930079131,1.2322282014360522,0.9602609821714179,1.177067468465316,1.0157495332414228,0.7748751450179583,1.0940717484904798,1.1551146512843555,0.9642723183020134,1.1413899511421615,7.254328619247669,1.276656847110916,1.3349129171747713,1.521015061345248,-0.10960124493123452,0.35072846161935106,0.45478301073974386,0.9557549595640242,0.7896910601683113,0.4608613503927986,0.5704860038497207,0.7129716700677093,0.608331524167678,0.5136282069664259,0.4089414441069286,0.871865100028317,0.6656055934494954,0.5319028195268816,0.443802422766421,0.6105928977123839,0.45247664040114344,0.41315087939806927,0.26381372424311,0.2456502169265563,0.15625264011578363,0.8267049553045338,1.033600971567775,0.8238914167935014,0.801629015772929,0.7742618577871447,0.8869213084560099,0.9970114412649445,0.7862109613454669,0.7624420524178052,0.835104904126262,0.6719410507911763,0.9230811717830675,0.9978882124143158,0.840280041365927,1.2204125897824971,0.31780180510262934,0.6972962223593032,0.5681009202992832,0.5181938481865224,0.9506004987181114,0.5863618292445403,0.9340435323394571,0.8172907032004956,0.7273025695297124,0.6674730582453317,0.897542242506394,1.400142209678624,-0.09233989468831237,0.07377198164047674,0.26883496162007925,-0.08543320421176515,0.11295354852383059,0.2572688182168119,0.9928103429386436,0.240917801034312,0.4908431913387303,0.9206597594540992,0.4969757089474735,0.3036974244092589,-0.07992162361131142,0.07218351830606821,0.86946426184786,-0.07484112887355866,0.36965429778615394,0.5069861948697653,0.4565085847422769,0.3810620565808066,0.08670164488655419,0.24532124060889507
ROI_028,0.309887108452165,0.8109987628942015,0.8047348558622085,0.747845353863495,0.6367093439566194,0.7512733620587769,0.5498215592632846,0.835018362110051,0.8697070603252587,0.9478923748505746,0.7685119405820269,0.8412336720727553,0.8869261062025457,1.0431838576623766,0.8592277510017567,0.8493114184846464,0.7230255430160009,0.9451047285176098,0.8994179233286285,0.8368271115762095,0.6701002168019755,0.7908998949143934,0.9818384949437589,0.9147948862650482,1.0816176916135014,0.8883849679490946,1.276656847110916,7.254328619247669,0.9309220825573262,1.1949689271232824,-0.008469811157213222,0.4399966771619438,0.47485872169887017,1.0655262176348197,0.873434558765833,0.5426082739648211,0.7058845119779993,0.6764880794391497,0.5658371195208161,0.38994954348593425,0.45580181834174227,0.6687547768769606,0.5398835432850239,0.6131504657889691,0.5251058092101587,0.6145669895356599,0.4390741021740245,0.48718798811245073,0.38084820189920904,0.28319541404676496,0.33610730896988167,0.7147797695647086,0.7916249256361515,0.5651381133325467,0.7263811021706921,0.601843354280126,0.734545086141526,0.8276597660534768,0.7336590563869675,0.7305108515152882,0.638852865672528,0.4574464699012085,0.77725031043663,0.8772142910896985,0.6906859050375616,0.9849846878157889,0.49868748888522824,0.5465847512378479,0.5984755975907916,0.4967469326801023,0.6412643712618129,0.42537502474787064,1.0544761750159368,0.6960090195587887,0.4903679622371556,0.5879315744272322,0.8795418216201879,1.132770644846643,0.158283702835926,0.27926363597300813,0.456513679240794,0.18945948936228726,0.400687625872222,0.1910038844650095,1.0926756469125776,0.5018202417286092,0.7138161729135786,1.109824268709715,0.5440123632326732,0.38669961826299953,0.14502202894182112,0.2515355924763454,0.7097450005145169,0.005972625787307003,0.25767497053554433,0.6752135426063736,0.5774553598427966,0.7192830645716405,0.19975865294496492,0.25833464444595866
ROI_029,0.06729189559026266,1.1184332195623348,0.93563931190038,0.9165469676341355,0.630738861249008,0.5042065337196641,0.4662119287033008,1.187568289866302,1.0323615008694342,0.9157935246714267,0.9014585737079792,1.1216640701778122,1.1935259684496589,1.2048757314879144,1.1868040439216407,0.9934866920993324,0.9901612457999971,1.2875762958206436,0.8759669989667199,1.1878872620151244,1.3241443281672003,0.6816600851787128,0.9898808060374735,0.9436707636295784,0.9296257893342639,0.964415592613094,1.3349129171747713,0.9309220825573262,7.254328619247669,1.0950888743978284,-0.10487841683333313,0.29056041544413247,0.3773693959425282,1.0761059634129182,0.7132829408768544,0.3497876626654563,0.4800379799216346,0.523660958132886,0.2808193327642961,0.25205892855902473,0.18348412364472888,0.5733716107785107,0.3728814897653391,0.29279821757827584,0.29520863624083343,0.26598433260404336,0.1947063664590584,0.18714609739982574,0.03661731813098757,0.037641838783335255,0.06987500194570799,0.6883861938426071,1.0156681828089886,0.6327829688251982,0.5919353404113619,0.6546889949286778,0.7603966115571539,0.7647674829252764,0.8228343782600306,0.767399484811948,0.9102249545643107,0.7996311508924426,0.9406524357233821,0.9522362313179985,1.0433581883646543,1.1495256610100442,0.282356714028931,0.8566421616569108,0.8248252693941045,0.6584784554975734,1.1784257904185609,0.6630061898592118,0.9084768485315409,0.6118893128533326,0.8962572156217544,0.8046785680814666,0.9902090791555046,1.2860487990419274,-0.09132151894556513,0.02571198431983173,0.3800633499376821,-0.028387112300450257,0.0944547767257687,0.4115915919902816,0.9485988680326394,0.20162099117272014,0.4053779918387012,0.7557369886476516,0.5239588493714084,0.15107430980258973,-0.21218841094049773,-0.04747507717850135,0.6514476676405715,-0.019477910860564086,0.4294270003886177,0.36563014642324837,0.2078954159124537,0.3801259507508006,-0.09692156850183999,0.07554012430139445
ROI_030,0.1331948254214949,1.2843402211961576,1.0230737139304034,0.9579315287865312,0.7843132110438861,0.6798847115408541,0.7306029402131672,1.2057398406138589,0.8657168840712617,0.8093455464543807,0.9171049962422074,1.1306410549314352,1.2419705580316929,1.1989292319837392,1.4250208566834262,0.9864898058398667,0.896754747002558,1.2614065810851438,0.8310705243218505,1.1170944117045658,0.922331907573079,0.9770325862925083,1.2186379989623692,1.021025743037334,0.9355825387346911,1.3235165971196001,1.521015061345248,1.1949689271232824,1.0950888743978284,7.254328619247669,-0.16972153911237792,0.2705779150635933,0.3198580135928031,0.9401456093345522,0.7999709473885797,0.26776550799819643,0.42786145725987634,0.7441797594769143,0.6116320102056697,0.5126140334100641,0.3565146423823701,0.7931978573893721,0.7981519400130872,0.4274896482162663,0.29824382379222153,0.5160753304727096,0.3875825682973696,0.33868799957701473,0.21442939085149673,0.21462090610199755,0.016273634413561267,0.7462218884433393,1.0944163550311732,0.7371508286075931,0.6463276624051179,0.6657102118696481,0.858542698422511,0.8442033462491586,0.8003942350296652,0.8497807708552277,0.8895130942534601,0.7938480338467964,1.0612009705372902,1.1790523926511414,0.9493673792918355,1.4029423690512048,0.33966967203035414,0.8620996504563047,0.6076220570306112,0.6358965775423009,0.9928108456425848,0.8063270455362871,0.9352829492887478,0.834880600872675,0.856299821512318,0.7667058831601907,0.8572951054715914,1.3174813380983952,-0.1201685096564079,-0.033327214594336456,0.3061029724891632,-0.11799720160541892,0.01788455608490184,0.4445964128822044,0.7749688524726288,0.2750407971536254,0.3407719567762299,0.6700396776742771,0.35177759524798824,0.22243968783352105,-0.1829954491422273,-0.02244480624634423,0.912202306164577,0.0034565301459703658,0.5376843319938859,0.34210191002390694,0.31673401784046845,0.29148703858639263,0.039300319131153595,0.1436721113544452
ROI_031,0.3235256094419953,-0.2144379510849755,-0.17810295039349824,0.000549484945714565,0.12833744127473456,0.3418981105599116,0.11028291150898925,0.01639468504456291,-0.052600955458777125,0.21864766877567102,0.03297500462202189,-0.06873266155224479,-0.2665816528670661,-0.05992727460189598,-0.18238728169054577,0.04443908364951157,0.04009175785649243,-0.22864569626929424,0.05823602952657071,-0.39822981711902444,-0.07650189233679063,0.017221761146131255,-0.28294947719983654,0.14617373213344512,0.23417361658090308,-0.22153146852983335,-0.1096012449312345,-0.008469811157213222,-0.10487841683333313,-0.16972153911237792,7.254328619247669,0.5091069582749477,0.4597476118705744,-0.09166131730296662,0.12988377452621333,-0.18485413510303042,-0.056703013839813805,-0.19749467406182794,0.22813070116625028,0.006553428764893708,0.14233448780041796,0.12874454384893227,-0.09523805001126232,0.3188686962382874,0.7807956029479712,0.20264706511108135,0.09633727322174561,0.22246853473733327,0.06138211438065652,-0.11356303731480963,0.17348939167403044,-0.0050949506855812255,-0.3623699306960924,0.021253024163658808,0.268473688021733,0.184402493985349,0.06892622829201414,0.0795597491449476,-0.30967378129177764,-0.1275952678719132,-0.2609618540986883,-0.5830302330956656,-0.3417330787459476,-0.16232681021389253,-0.2755530284464106,-0.16523123723895694,-0.40295581798602564,-0.4393091970323795,-0.3312881404606502,-0.5775120564982268,-0.35899889292105136,-0.6253395869923787,-0.2938147487777995,-0.5281682083475311,-0.43924799968837575,-0.3554450392128168,-0.3274185680097384,-0.2872414979307136,0.4381364895607828,0.4172496570121197,-0.27018115087943817,-0.21415660098432485,0.15406678362951687,-0.6642184733501051,-0.18034858020214056,-0.22119290962240878,-0.0039901514796588065,-0.03575524328621106,-0.3906280917767084,-0.15396418476458762,0.33824747976122155,0.5448372853681558,-0.3551565572844109,0.1863852897759253,-0.3677546266500591,0.21487355654771875,0.10985712824215269,-0.11959077053259738,-0.10673481088097315,-0.11035175882591064
ROI_032,0.5508562567664955,0.1467517393649365,0.2407438438295895,0.17261318656544059,0.264009049378847,0.4451486393311737,0.3660713868240321,0.29532911878654855,0.2340103546577613,0.6147542001134437,0.3020393881432748,0.2863847153686861,0.17033576057610805,0.45162359910787775,0.24274201035061296,0.31737458260497936,0.3019989992772083,0.2604922133818872,0.45643659194845854,0.05846915687928007,0.19541991076974494,0.32191941757666437,0.2700016425259885,0.4333196258956932,0.6712282382205409,0.22839964019738454,0.35072846161935106,0.4399966771619438,0.29056041544413247,0.2705779150635933,0.5091069582749477,7.254328619247669,0.536279354250398,0.4073385456429491,0.4309738056714234,0.24159930253205175,0.5462536342927918,0.4353074200022852,0.34721183847435383,0.3499759983158053,0.4201378199386765,0.36064847086325086,0.2911551705011584,0.4291026741016752,0.9418172114596198,0.46301475601474384,0.43679215409313377,0.5732723496858522,0.29146895290236724,0.25932514133369294,0.3744001619868102,0.2962194890854348,0.03534937531022456,0.18227775869319696,0.34915829237484075,0.39803660404868385,0.2546881770129413,0.3199306652669411,0.1966799780629078,0.12470128562667494,0.024703065148316057,-0.13422149088680915,0.05469862033299152,0.15533103866467868,0.13153366540760392,0.3093972770921026,0.07105853502278799,0.045658008209777605,0.030107585148532495,0.09047820635185584,0.05585243654306255,-0.16805855163337358,0.17086714332235914,0.016350255014892446,-0.10662582930557461,0.04319611481804827,0.19263436032356468,0.2557027467383304,0.42887979079832306,0.8423093061089387,0.06011935324455455,0.050407976412041686,0.35411781183589397,-0.30677459553849307,0.2626384036429238,0.11948138945374889,0.64373557416746,0.32411374547055305,0.2004979423059845,0.152702242706334,0.24333203304464532,0.48799920300959904,0.05310301294979393,0.12125114293093571,-0.08485937956181941,0.36614208942606646,0.3530246133872602,0.3055431440885911,0.09684500252715347,0.2745471125227105
ROI_033,0.36311429636508635,0.2666604741201379,0.20716635185432242,0.32491099837827353,0.38742905671301303,0.8107404642995254,0.5906223758876288,0.45618317325558766,0.5782029684005807,0.4638852194292908,0.2865202279619348,0.2915426084770079,0.21117125368992856,0.36861862388179106,0.26409427952609055,0.4343715528299436,0.23596333510915582,0.2888250217652787,0.2458509191242293,0.21380975131505467,0.2628012406403246,0.3369629471359736,0.24193910913175068,0.3859984737974087,0.48764095743802643,0.22116153734234945,0.45478301073974386,0.47485872169887017,0.3773693959425282,0.3198580135928032,0.4597476118705744,0.536279354250398,7.254328619247669,0.3374539066271666,0.5609084828609322,0.4092523429460205,0.3917212550804104,0.40131820207078917,0.6134796933851062,0.4362479231064462,0.6525778181373358,0.546037885948345,0.397023126856962,0.6351092298692993,0.813394874821533,0.6607950695472933,0.6559154189826844,0.7256669354307606,0.5308783569023016,0.2862500228626588,0.31540649801271037,0.2500991598526966,0.05064374182841592,0.23734562591484215,0.5151364702543698,0.5488865573520345,0.24960697718205457,0.43985658524663107,-0.0034644955187815678,-0.005032217643538427,-0.0643710278466102,-0.12812211771189416,0.018171526731085064,0.11243690639548815,0.037287318832100125,0.32706100866203736,0.042466516215729604,-0.14871977881716755,-0.07410206547930041,-0.14560476737837763,0.07423594502678399,-0.16931154342310092,0.1824380560607971,0.022465235256396012,-0.14157828861682462,-0.13843318575816563,0.08870454370406675,0.21692080159929153,0.14395435223472008,0.2499288624733792,0.04575430991835564,0.11699115908407727,0.3465431922326907,-0.2026417327617185,0.29430353194874204,0.31125284996370195,0.4847679014331878,0.5979886247964182,0.20353064279632652,0.30117145241436033,0.21537186339901165,0.19517394348402425,0.10018028467502688,-0.19625192961837323,-0.10525483490755465,0.6417263707588335,0.5954375744258055,0.3705711603102619,0.24129342956658664,0.22678299397842713
ROI_034,0.299216452984273,0.9062059346913788,0.9656260586885016,0.7351810450856174,0.5115707423850113,0.5147600064076097,0.31385553020785845,0.8711041743748172,0.757297119197608,0.8676587382020948,0.6909065102170293,0.9470823803216567,1.0195696018867493,1.1014774944117935,0.9691623844339444,1.119889440972888,1.147308157720848,1.3978604997287418,1.011770667505257,0.8666422109548425,0.9516501353238002,0.9033089293871156,1.068586359675326,1.011574676198777,1.0203242868433382,0.839114452419195,0.9557549595640246,1.0655262176348201,1.0761059634129184,0.9401456093345522,-0.09166131730296662,0.40733854564294913,0.3374539066271666,7.254328619247669,1.0319754154200789,0.3097223944387734,0.5368130548281054,0.487864450434342,0.21229842922066325,0.18299156508775713,0.20792977932018733,0.3995624986490318,0.3557328034103685,0.1546083515740247,0.3125442384403927,0.19001087314730164,0.202627540766019,0.3077255036544732,0.0749219725233616,-0.008033304745892379,0.23829529692372356,0.8307789448149575,0.9969647140136327,0.598033002878794,0.5310249977544748,0.7101063169609879,0.8241119576214837,0.73285080547131,0.882072875507619,0.9228297862893694,0.833371258658882,0.6527543749459058,0.9333276765217551,0.9888899424621495,0.9925837629984484,1.0395370763284921,0.3934820534025967,0.873596999791217,0.9161800102011737,0.8934140309874664,0.953318020928891,0.5310165364506253,1.104610284433378,0.4991838225608474,0.7703254765570426,0.8254161965216631,0.9681163154177266,0.9991274113826214,0.09419116131767913,0.25748823994597053,0.4361329882894502,0.10683119364143329,0.25833680513577356,0.3432145485301838,0.8602699296581585,0.26156935630089195,0.5103271705657695,0.6313764217370559,0.4685466738408448,0.09564873362111745,-0.08552836061910743,0.09752312257655592,0.41868137618155593,0.129311284782898,0.2890818268190136,0.2709360319152181,0.14518642404865814,0.5264024846221453,-0.04282127770160453,-0.03783085658271275
ROI_035,0.4217226563181679,0.6252316460467303,0.6572688758552692,0.6439564883791121,0.5953088207651288,0.7590576600889222,0.44866823467653955,0.8667238190328309,0.5921192755242858,0.7505231654845743,0.7240066879920614,0.8397299658111889,0.754053200207127,0.7840853827031046,0.7139182280660945,1.0091732544998555,0.9956416174280682,0.9583527431402727,0.6895548222456112,0.47002006452503353,0.6793368276882809,1.5251166562673046,0.7669310910938077,1.020519274808051,0.99377214882761,0.8076845769329255,0.789691060168311,0.8734345587658331,0.7132829408768544,0.7999709473885799,0.12988377452621333,0.4309738056714234,0.5609084828609323,1.0319754154200789,7.254328619247669,0.10251101471012415,0.26276320575019846,0.4608688050239072,0.5023992268113769,0.2535569103375194,0.30531948109386875,0.5307487533118733,0.6320802580137345,0.25608532726663435,0.46526798154002874,0.30068327772717646,0.4196091092837826,0.5277124389456039,0.17682613210825934,-0.05575884735747945,0.1594103191697305,0.4660047812800967,0.5572303763777688,0.4991058571555222,0.614704481774054,0.5639088376902371,0.5595787618635105,0.5736669823491277,0.41341395718104507,0.47795307471014936,0.4623719745614634,0.3534242982699217,0.4910411385889062,0.5863000326296277,0.5198687317106948,0.8311682957674381,0.08489163089130533,0.3790406877186621,0.3548409038847674,0.3494882136662495,0.5813629791121887,0.236920229427217,0.5758887494883616,0.16017564525207484,0.3885266118788014,0.31566997600453306,0.44411510382229114,0.6060792660590911,0.016493037629326246,0.16810862247914812,0.08495250444395329,-0.09344754048557656,0.0726188446931257,0.12801738538866805,0.4132612928307968,0.0839042179761551,0.3542374189548547,0.49829613513926607,0.08028293324244805,-0.13549509106405544,-0.0641267123995937,0.06027433274010046,0.14873398381077385,-0.15701331002545035,0.05933481038955595,0.20711706319238873,0.1314488847696971,0.24973567307515604,-0.1344852119374325,-0.14288673463045198
ROI_036,0.16383812108993004,0.1859806754417825,0.1934943560080231,0.09074128308233914,0.1439673736415895,0.4142887501307556,0.4829731327425961,0.15393906218571707,0.6160675971181959,0.27127695516012673,0.23597488903335637,0.11514348077235462,0.22431674311149555,0.3353011910363146,0.21842680530906713,0.058081256080937,-0.02148213487210074,0.21650991492744695,0.214910762510298,0.4861932735978098,0.10366593916272392,-0.028920735880313714,0.3263712588027606,0.1333819639252203,0.2771094729623388,0.23578237259026,0.4608613503927986,0.5426082739648211,0.3497876626654562,0.26776550799819643,-0.18485413510303042,0.24159930253205175,0.4092523429460205,0.3097223944387734,0.10251101471012417,7.254328619247669,0.8813636440317617,0.714997014334538,0.250288622317061,0.5077362101080796,0.6140510863127261,0.37913505606933345,0.24281851334580815,0.5506430579760521,0.33480542903445343,0.5597057176825617,0.4773768590278052,0.4715052891926321,0.799577412528934,0.8280935869333426,0.34710222959312426,0.13146194720957155,0.12326314718830102,-0.057973523665886595,0.25981762847622397,0.19903363130996707,0.09463254001545374,0.4174726601895344,0.19608226718760363,0.045480326760568096,-0.0067481643380957294,0.13402618867805433,0.11100844238075842,0.09627006280879226,0.0982280762127802,0.21528715488900899,0.7998008046020546,0.09456822357412809,0.19312910187146867,0.21277360902162296,0.10389031775032802,0.19011840665707924,0.3896403852243091,0.5998037642770816,0.03163184633071083,0.07645515852578283,0.4023692365313808,0.37327707204390953,0.07320355821575994,0.11805967602110685,0.5614907519411572,0.7285199301897594,0.5167233596163295,0.1569953619365729,0.5890124067767976,0.7872663284630933,0.7584206149091709,0.9259344516784429,1.2491535118374504,1.0391348291365299,0.224998772703467,0.024928383581122364,0.5612382777732209,-0.15207622800912732,0.21017012205399044,0.9953640132549864,0.9605984784783858,0.8978870223675744,0.9005938381324998,1.0643283670095443
ROI_037,0.3121356537564438,0.34725392309474806,0.33551556650208136,0.3104186760093506,0.34979545165464626,0.41859714317062674,0.3989984947696463,0.2979121371513808,0.6041047743677832,0.5727437982039661,0.31881955957021835,0.28937563820853957,0.3587579430220024,0.48888402710132656,0.38039574835990475,0.2298022972413624,0.17898325833575113,0.3800870758128857,0.4655473059485601,0.47573020545477995,0.20299829317502407,0.15831628577782228,0.5052476630429497,0.3293943672786633,0.496488387102642,0.32084887884968455,0.5704860038497207,0.7058845119779993,0.4800379799216346,0.42786145725987634,-0.056703013839813805,0.5462536342927918,0.3917212550804104,0.5368130548281055,0.26276320575019846,0.8813636440317617,7.254328619247669,0.6386325983672371,0.23141711085529165,0.3391191585114213,0.4667374020325673,0.3929373635935798,0.20421139156744272,0.5968251828090427,0.4806671434827829,0.5754205193772854,0.32916625212576733,0.42132042594606284,0.46011538254375084,0.609445243263676,0.57096803653163,0.49657721180770975,0.35952722320222924,0.22838781084334758,0.4065894890045141,0.4200313302516448,0.41315626235933306,0.5480873991223261,0.519262504730898,0.31970310921338224,0.21486328205398172,0.14438583905425448,0.31122788614806557,0.3712216253759688,0.30731310135583884,0.4823293353125977,0.796156254530914,0.24054296426833904,0.3988152199150238,0.4151670836613955,0.23122057082814645,0.18057732152187003,0.6758139306567523,0.6704657266263147,0.140489736678426,0.31662270886906835,0.6622850060352412,0.6042132394016596,0.3703594161738419,0.476499221594912,0.5495745316676431,0.5476590442423291,0.6880298232498925,0.06106621431043134,0.8321910923987281,0.6744207807746293,1.0542711370016395,0.8935242342830504,0.9514114985548304,0.7472632411377081,0.39109816686049603,0.38535644452003737,0.5665353044342426,0.10237861398063171,0.12853890716424402,0.8124102189850682,0.8074238007793912,0.9415021757558152,0.5278948758392992,0.674907251174763
ROI_038,0.27101867221271675,0.45894270898193257,0.45298150976058343,0.2769298213698406,0.41090238814267066,0.6475827402176976,0.8915575260203648,0.46931420287762315,0.5935042806973887,0.3388360641734488,0.3112206506795373,0.34098008662973617,0.5145472698130108,0.5352223142189785,0.6124308700900031,0.32219763608481894,0.23048040844102774,0.48915519020969145,0.24498115797047224,0.564425900068651,0.31216520217896265,0.44372125684439306,0.5817908468854835,0.32397698504138134,0.5121351770067688,0.5387865173219241,0.7129716700677093,0.6764880794391497,0.523660958132886,0.7441797594769143,-0.19749467406182794,0.4353074200022852,0.40131820207078917,0.48786445043434185,0.46086880502390726,0.7149970143345381,0.6386325983672371,7.254328619247669,0.6252957405148228,0.8883913588899314,0.7576651337652912,0.7220824197015588,0.866318979125329,0.5081355614698413,0.36214854355693604,0.818924189786794,0.7575943525509579,0.6329753760299314,0.7249920717941356,0.839147332895818,0.1753136922410959,0.2676591103506954,0.35601713586104333,0.18201677533637653,0.39256087661817607,0.3610644719789171,0.27430822985541997,0.5050270292612054,0.3847863921137485,0.21166687854551794,0.20515211914744033,0.4355470904556174,0.3752832140335595,0.38890111359076956,0.3453678572087255,0.6116370123769534,0.49712586825375316,0.36764191974910965,0.19513576849141706,0.35855723887243623,0.3956575215656706,0.5421680028633772,0.45641439770379544,0.6492532803300829,0.2673383906601061,0.20592471779843743,0.43322305725698257,0.5138100966496075,0.013002252764006756,0.0321028152732071,0.3505676333163019,0.28732164455721726,0.231123590793123,0.3662589203077691,0.44733503012917936,0.5942711877256159,0.5887773731098725,0.6274169589866301,0.5888630561435815,0.5730890915230414,-0.0223467693984919,-0.0732033880135709,0.746158314912939,-0.22338267381896046,0.42580367848905093,0.5805642331974804,0.727267128440807,0.5117615401528276,0.5120084977439259,0.7957144010174059
ROI_039,0.36525224077756874,0.4463241494771118,0.3252581264613995,0.46024112329016814,0.6776885700831232,1.0502852064720685,0.9647893636266125,0.6073894156136254,0.5241371290937227,0.3448354147591999,0.4061473698241844,0.3245468955666021,0.2660121190845935,0.3985627222269718,0.3006950628382801,0.3580803993704988,0.12270783796074858,0.32057688609140683,0.29228591987868097,0.23150603745118203,0.18439888357438491,0.5048111194150728,0.3112285829035007,0.5225914607835375,0.42538880030398507,0.41731673282863296,0.6083315241676781,0.5658371195208161,0.2808193327642961,0.6116320102056697,0.22813070116625028,0.34721183847435394,0.6134796933851062,0.21229842922066328,0.502399226811377,0.250288622317061,0.23141711085529165,0.6252957405148228,7.254328619247669,1.0202950069698853,0.8169298360288132,0.9492921536369383,0.9655788453271733,0.6933240581973444,0.6773704098603448,1.0339122051830294,0.9488743053281022,0.6966152072105614,0.6883114417413352,0.4540438016510559,0.1350736310114388,0.3028322732889823,0.15107731089319845,0.4213568949674249,0.7534992106304518,0.5245099965726345,0.4074490507420366,0.5722743192581949,0.03654149214290757,0.04170930161422185,0.014957254614610713,-0.017200925169547812,0.14661808822781247,0.28072479158202646,0.05096900189137244,0.33567477018628006,-0.055166846556328517,-0.040444285498934335,-0.21234566278943942,-0.21917208172737945,0.05240479558796347,0.030020601814390802,0.13991660422641836,0.28398716717776135,-0.06323812928881903,-0.11439021788215806,-0.012220875106679414,0.24707538047571795,-0.034743765433372126,0.07743818171642888,-0.14644521294488758,-0.2288896193748287,0.04002708249832146,-0.18647127485648357,0.18410170735131978,0.20029940584307496,0.25890762886617846,0.4073565930147176,-0.0015865619318610955,0.2724911950260423,0.12087800658884443,0.1687274296191908,0.4831495953973996,-0.19410622909561828,0.04093926231362722,0.4026382533580186,0.6156791078237187,0.049234278851639765,0.24832330207147496,0.34564312418530707
ROI_040,0.29878215394591384,0.3571652912992236,0.2610416704911317,0.20925549230501708,0.4794643520520285,0.8140040116095081,1.2459011522542351,0.42460621050634845,0.5006100620312336,0.17055772062119348,0.33402184554587383,0.19542794257641757,0.23959273694461133,0.35953141838702973,0.34098413372855774,0.20322990115026676,0.02809091128703791,0.2680777823701412,0.1601772322501829,0.31576678191544344,0.14834360265654714,0.29093278137850076,0.32690235532143197,0.31064469730749195,0.305616060339731,0.3822352260169747,0.5136282069664257,0.38994954348593425,0.2520589285590246,0.512614033410064,0.006553428764893707,0.3499759983158053,0.4362479231064462,0.18299156508775713,0.2535569103375194,0.5077362101080796,0.33911915851142127,0.8883913588899314,1.0202950069698853,7.254328619247669,1.0526991149432856,0.8358926280585645,0.9659815432838481,0.5592301961747932,0.4940289172123105,0.9176085429047246,1.1267521534148588,0.7586818388144819,0.8078853919083978,0.8489470284627916,0.043513606662859736,0.15612318599644,0.09420689602330044,0.16728645698717554,0.4306815027983086,0.41409107603222217,0.21716678155535585,0.4839581346746184,0.06313673464373072,-0.011029153009782735,-0.027650946682865513,0.1276700187361138,0.10822512283390745,0.18055966468988,0.07255877204789417,0.29305342765984943,0.1975828554062779,0.07744474719669141,-0.12188185344596378,-0.0274959263285932,0.11459087372700717,0.24171118707097006,0.08955640507252223,0.4203856127511351,0.02470450431781481,-0.05115743334118298,0.06344164620789995,0.2072772009366875,-0.16376126417148837,-0.058553262215112624,0.06444435276680775,0.039709650385792154,0.03849433323981502,0.09094409287198964,0.13541936650045494,0.40405242531767016,0.2942931282770381,0.43283986815867,0.28624939298867524,0.5651690655012309,-0.017506373816705702,-0.04303726928883387,0.6273468053458202,-0.09339583672048565,0.3594596500900528,0.43574433855736683,0.6727969667062218,0.12343866604102477,0.5314367219402876,0.6648560317618901
ROI_041,0.3582122360820405,0.24668021683760935,0.2046196542762209,0.1819638904258033,0.39849377871804137,0.8412488661453664,1.0111637103398516,0.27921849756504075,0.5080321551859774,0.14324561076432382,0.25019198659783126,0.08946778729736508,0.14365201457467888,0.27712833426019745,0.17451779111242227,0.21006667794986264,0.007340727517735041,0.13681210008566574,0.13905974664321263,0.23833888274925233,0.008328488872754308,0.22717363368846968,0.2087678061885703,0.2679204742757969,0.23325575556223507,0.21128790920439677,0.4089414441069286,0.45580181834174227,0.18348412364472888,0.3565146423823701,0.14233448780041796,0.4201378199386765,0.6525778181373356,0.20792977932018733,0.3053194810938688,0.6140510863127261,0.4667374020325673,0.7576651337652912,0.8169298360288132,1.0526991149432856,7.254328619247669,0.7535656334285736,0.8238433638060944,0.9273338959946904,0.8006735711340248,1.2615759008051617,1.4567618600807082,1.170217252956531,1.0064954832656599,0.9543342207488305,0.19416344837159497,0.1847631179340607,0.0026503992109731703,0.1793414165090185,0.5510655852264758,0.4030953790025798,0.18963780520107437,0.5067684765926271,0.03806874601042525,-0.05998577172551076,-0.15617841715997455,0.018924433921197265,0.019893065193815326,0.1242306519568205,-0.06318572877620615,0.18812004345288658,0.3027998943640476,-0.09342015393826082,-0.1768457406964777,-0.09187009529137292,-0.0652655431634532,0.05041430869334739,0.11576619055711285,0.27188843220395226,-0.14503949807893537,-0.1974967336730487,-0.013126875264091975,0.11887102994410888,0.07785809377172806,0.13519767707359506,0.1635277106814699,0.2983453187951052,0.3929444348467116,-0.05880467810696351,0.24172594725872265,0.6334567890572494,0.37874349141095925,0.6183473677878426,0.32096267285147523,0.7933470041712085,0.14861545648592064,0.03948559150912099,0.39763486364414385,-0.10516987372502391,0.1904833417987045,0.7555729579405481,0.9622166628857074,0.41575548060947437,0.6535347469063817,0.6408732611954939
ROI_042,0.20462255058903767,0.597876118090685,0.4827655950392457,0.6824558781366472,0.7704678780796557,0.9634411910798049,1.112166788663783,0.8203282944252845,0.819489404532207,0.5193462164347288,0.6359528468003719,0.5631161189326325,0.41716652256021486,0.6954799091096731,0.5502925405570082,0.5919768793435206,0.3547191227446562,0.5481528554364999,0.5661317950649815,0.4734522081019404,0.4524627545168083,0.6061591376213192,0.49462480627333977,0.6445300588464178,0.5417328382164358,0.7217913930116381,0.8718651000283171,0.6687547768769606,0.573371610778511,0.7931978573893721,0.12874454384893222,0.3606484708632509,0.5460378859483449,0.39956249864903176,0.5307487533118733,0.37913505606933356,0.3929373635935798,0.7220824197015586,0.9492921536369383,0.8358926280585645,0.7535656334285736,7.254328619247669,1.1084862260680286,0.8167568409544428,0.6408828114217098,0.8920261637675769,0.7921183595730408,0.6977738992391213,0.6103858792664152,0.47434294269749977,0.0781284507777863,0.5631170645748185,0.35644574497575204,0.5887261838443557,0.8352766128361863,0.70836210404883,0.5600779556460919,0.8775421825468568,0.27500879013175145,0.21184560950701625,0.1554281487590334,0.20975932625579324,0.24811639238680117,0.4552384403703643,0.2225305755333101,0.5591106166137875,0.056745625070536564,0.17540830180824613,-0.010172395574825344,0.026583488132499094,0.328248891941753,0.29142481418983923,0.29248530079566,0.39657536949174477,0.19658898646644987,0.1507434250206433,0.19665724354467903,0.5009145260961061,-0.2402688041061666,-0.018662722622311913,-0.09745856457946298,-0.19449327867844146,-0.04675091117545655,0.04458725420018265,0.3058463387119758,0.17024620232356993,0.29760722547032814,0.6057485767874233,0.15840203428121985,0.34306495943164916,-0.11008111936547021,-0.048290349088118335,0.5640678942691224,-0.11524019133162049,0.28515752004963224,0.5189811933641922,0.48150058626209785,0.10906034852518341,0.2463759723251001,0.35795337953111867
ROI_043,0.15953791547030657,0.5480899328611898,0.4833715413448454,0.47632687274314767,0.6128798973023344,0.8352835350828017,1.0797649867009873,0.663327598428247,0.545009826747934,0.23381847110158308,0.48997589945558323,0.4308603183837439,0.4019386385057367,0.5239556898988817,0.5107362245726363,0.5116707423618517,0.29866455147432314,0.5163560817668283,0.3207916490941727,0.41828380960682837,0.29308225658503584,0.753875366865095,0.51340308434894,0.5182778325544577,0.402963244585804,0.6867849974606525,0.6656055934494954,0.5398835432850239,0.37288148976533897,0.7981519400130872,-0.09523805001126232,0.2911551705011584,0.39702312685696195,0.3557328034103685,0.6320802580137346,0.2428185133458081,0.20421139156744275,0.8663189791253292,0.9655788453271735,0.9659815432838483,0.8238433638060944,1.1084862260680286,7.254328619247669,0.5509009986156528,0.3892219713891416,0.7721712282065785,1.0321756447391435,0.7767184477719898,0.6005516627256688,0.5106294396101781,-0.12571963726011046,0.3042834694660431,0.28894341539709373,0.4416183476821853,0.5496307916804577,0.45021566503416277,0.33667641158796774,0.5894380692940013,0.18627062875388747,0.12987779411109726,0.11191741470173426,0.3043466467253782,0.24108734780914018,0.38825007747179874,0.18062867941785982,0.5074998719868405,0.09045575675557714,0.2103497180772659,-0.09546438184078662,0.11712379215050356,0.30706606336080794,0.40231246917117236,0.19517343804657,0.3661290962274557,0.20966148851684938,0.055436154464421246,0.10300448926588307,0.3673467317793061,-0.3433240882598464,-0.1922048010062021,-0.11358942861258992,-0.15404745865990396,-0.20107805350310323,0.20278698060284545,0.10405297138496285,0.2022302864381741,0.1294600037821387,0.3729143679824036,0.063514877253727,0.25694493494044923,-0.27630748268230326,-0.24975300928703928,0.48995459978258393,-0.22098088229694618,0.3915765024918004,0.2873668200115471,0.3460784840761211,0.004887663282334247,0.2499205881990642,0.30602774854356785
ROI_044,0.28173650925495763,0.30223065446715836,0.27218100544139123,0.4414189234402657,0.5632412047412493,0.8195173879229257,0.8405909385431517,0.3923461286030489,0.6676535985819904,0.44850400722015055,0.41977676034153444,0.22494576832048352,0.12220461387378063,0.31381156946990396,0.20229724787520478,0.30784934384892,0.028435339028928818,0.14712135490572179,0.3119731817264609,0.2949065846852262,0.1020559219016367,0.19152427049218132,0.18596502262062842,0.3313901655709971,0.31973695126587315,0.31113691718074754,0.5319028195268816,0.6131504657889691,0.29279821757827584,0.4274896482162664,0.3188686962382874,0.4291026741016752,0.6351092298692993,0.1546083515740247,0.25608532726663435,0.5506430579760521,0.5968251828090427,0.5081355614698413,0.6933240581973444,0.5592301961747932,0.9273338959946905,0.8167568409544426,0.5509009986156528,7.254328619247669,0.8750118515029662,1.1938395455841404,0.6629606553491095,0.6893396835555933,0.7243689047303202,0.7302098642153634,0.3466529180997925,0.3769595024703962,0.10802227574248112,0.37826817600738283,0.7591512223737309,0.4370620948349569,0.39341520262979734,0.6718377791189838,0.19712087168780607,0.09401033008123823,-0.013585363526206753,-0.08888834655141027,0.09279655725701308,0.2858589038674658,-0.018310567632307338,0.2520971023603514,0.28765447632196756,-0.09851219193316971,-0.09489372592013844,-0.17083015037805044,-0.017901538649287625,0.015276540875499308,0.21908794942892315,0.40177687454463057,-0.09713360224047221,-0.017655162720019598,0.08510331033442409,0.30974461666087905,0.16564580561052833,0.2268198641347842,0.07150726264031756,0.15555280827304852,0.3699558284492341,-0.21852963217601548,0.41601287897003725,0.4556143080617783,0.38393977110725347,0.7591143059144037,0.28369908439758734,0.7043274421465947,0.3097833224163578,0.27651883235229674,0.4816489936859107,-0.003117254847486177,0.10294921536469061,1.1016068918604254,0.9077422046238238,0.41974561074437183,0.5438663770879978,0.6238032146908041
ROI_045,0.5582578348715382,0.2276167712236379,0.2109655085153677,0.3459754306521423,0.5146992338967876,0.8124387259367879,0.6313481106733287,0.4232859321607573,0.456674404817549,0.5946019512912809,0.3983066265018048,0.3000549105501676,0.15001885658292466,0.405562526823394,0.1836652283515093,0.36951201720049387,0.24731277495693502,0.19034968457448023,0.41820729761718267,0.11464990799417066,0.1930443248576626,0.3057879162000968,0.1780808620505068,0.5377563037030153,0.5606675485898995,0.20497346894009155,0.443802422766421,0.5251058092101587,0.29520863624083343,0.29824382379222153,0.780795602947971,0.9418172114596198,0.813394874821533,0.3125442384403927,0.46526798154002863,0.33480542903445343,0.4806671434827829,0.36214854355693604,0.6773704098603448,0.4940289172123105,0.800673571134025,0.6408828114217098,0.3892219713891416,0.8750118515029665,7.254328619247669,0.8617183496421936,0.6839581073153158,0.8064956335113554,0.4834636981612466,0.32654926415493113,0.34260052259659135,0.34667666658221247,0.0118205235164041,0.3171931248842315,0.7229743905779789,0.5471699231606818,0.3821984836065994,0.5346404105943964,0.050472569282418465,0.07334393824431946,-0.02729870217727682,-0.2091005555460105,0.005347793480062949,0.1804234653922287,0.03723599919023216,0.24539610923271063,-0.0033420602036288377,-0.1322832018417872,-0.10222739179561656,-0.20267926724945737,-0.046622843637282814,-0.27187434918904096,0.1306504293820914,0.015264198648331635,-0.18934778263351237,-0.11823337439532684,0.050231446617092765,0.1751766651393161,0.3969325459053716,0.5881360703303199,0.00014113177884870714,0.0008891590044644483,0.43513524215378846,-0.4443106776537814,0.3090869276468191,0.19197985741876555,0.45513536084585526,0.5196837014458111,0.12938366417685385,0.3042082725200101,0.325270960154358,0.44494462416830693,0.13046112484189237,0.0801719216734613,-0.12823947693324023,0.7369873709654405,0.6386624208296785,0.33362214064160123,0.1992900707396935,0.30039770560540247
ROI_046,0.370641572597772,0.3538721167897762,0.29992779851384654,0.3833641079577929,0.6286203420664407,0.8495054805931795,1.032738854963278,0.38973501331752264,0.5412691236501904,0.30526742812048946,0.31016442930391486,0.17893605540860325,0.22236199001911247,0.30914292576900204,0.23107071068361149,0.24127863869850555,-0.005440737794364952,0.17324807668333936,0.2061205113187579,0.2878812193069819,0.052823760382857916,0.24976714646430187,0.2926502585925341,0.3398038293197312,0.31282855189946407,0.27406620299190326,0.6105928977123839,0.6145669895356599,0.26598433260404336,0.5160753304727096,0.20264706511108133,0.46301475601474384,0.6607950695472933,0.19001087314730164,0.3006832777271765,0.5597057176825617,0.5754205193772854,0.818924189786794,1.0339122051830296,0.9176085429047246,1.2615759008051621,0.8920261637675769,0.7721712282065786,1.1938395455841404,0.8617183496421938,7.254328619247669,1.076249400059161,0.9366167307182913,0.9043453997778443,0.9816217579581538,0.3452433541858762,0.3580129048015033,0.13458365349576326,0.4123580149257328,0.7546744989407339,0.5281307191231421,0.37978830203536906,0.6321107456112531,0.1436433486459284,0.08231332571526496,-0.02237395256367873,-0.0018537772515070155,0.14557391765136937,0.279712692305017,0.006852629464490811,0.3077882065709419,0.28771401776013894,-0.05762708912278221,-0.14695611901837136,-0.11383879826994936,-0.002467822091119846,0.05127180924337078,0.26800344952520555,0.45084103332509906,-0.10831439634795587,-0.07696293215143887,0.11341723535107105,0.28888921659864125,0.1943331541164311,0.2608663820501269,0.07389899803877213,0.10527241745533893,0.39058513475303924,-0.18427409140298745,0.38900355741087767,0.49588470823722697,0.4612594024314928,0.6934988281144256,0.26728387713040136,0.7580219627219321,0.3234169836458142,0.284287678151069,0.5882223541787374,-0.11410285759267405,0.07179675023450605,0.9011790410802812,1.2651753910484909,0.4120980524828397,0.6219916092458626,0.7484040348621619
ROI_047,0.30265511393040634,0.23717554084850628,0.19932506645081155,0.1778894008817127,0.3752127215866921,0.8300789645089098,0.9967020519259113,0.3225504462577113,0.43696186398296233,0.08105411538238727,0.23995510340975637,0.08667496767095507,0.14477782061428293,0.31135669713028,0.17720418438025318,0.22954935130146095,0.04153034243394507,0.17330635767567504,0.12733693096414295,0.21034147151067437,0.05142894007378313,0.3335703464880434,0.28412350794823127,0.2782224237251282,0.26065800702058606,0.22849517357533503,0.45247664040114344,0.4390741021740245,0.1947063664590584,0.3875825682973695,0.09633727322174561,0.43679215409313377,0.6559154189826845,0.202627540766019,0.4196091092837826,0.4773768590278052,0.32916625212576733,0.7575943525509579,0.9488743053281022,1.126752153414859,1.4567618600807082,0.7921183595730408,1.0321756447391435,0.6629606553491095,0.6839581073153158,1.0762494000591607,7.254328619247669,1.361868750379818,0.8943222112522466,0.7756028892343629,0.04966844057189924,0.10861402289880481,-0.03024099733517123,0.18603206138236317,0.47558426925965125,0.39803426728113966,0.11036700881041268,0.4267043870017483,-0.0655395996580051,-0.13574087641914143,-0.19064419670641833,-0.009345656378583306,-0.027478387332902567,0.06909469481822288,-0.07596662712740782,0.19947042794887881,0.14463466951737897,-0.11103461337248767,-0.23636985221815848,-0.1127495933112675,-0.003997902973052423,0.023966998917690586,0.06642163333926773,0.19085944651331874,-0.15406661038365732,-0.26030457943931073,-0.04146628823944453,0.11065512794703156,-0.09594621598189992,0.06101936998330962,-0.013580259480465104,0.1458784028381109,0.151388281125207,-0.06172032806251978,0.11446553518291754,0.4310115652781425,0.32830076230737765,0.4840857474914689,0.2059246558581863,0.5354816692331136,0.01195049604299138,-0.033369582257753945,0.3152041853838402,-0.2842459697563839,0.13895699937647896,0.5321981791325694,0.726071089695998,0.26003461267636646,0.49260213541383713,0.5146876629376022
ROI_048,0.5045842581013417,0.1604690617367362,0.2033640912853197,0.17407048411703752,0.3714697470530447,0.827293439210399,0.8825524751970747,0.28018021945726906,0.4467081709238009,0.2025232796562797,0.2557437260317006,0.11942750170918835,0.1468836013573428,0.3665103195248962,0.18129952565246377,0.28011379050216945,0.14564640956518926,0.21645939323409757,0.2618664712629964,0.16668911147327645,0.04630493569447631,0.4121125185962251,0.3428081437640749,0.31438562556503324,0.33473826855634664,0.2670397476142671,0.41315087939806927,0.48718798811245073,0.18714609739982574,0.33868799957701473,0.22246853473733327,0.5732723496858522,0.7256669354307606,0.3077255036544732,0.527712438945604,0.47150528919263207,0.42132042594606284,0.6329753760299314,0.6966152072105614,0.7586818388144819,1.1702172529565311,0.6977738992391213,0.7767184477719898,0.689339683555593,0.8064956335113554,0.9366167307182913,1.3618687503798184,7.254328619247669,0.8752618434837637,0.6793004464389384,0.2249567251259836,0.20531998041375102,-0.02821077577031483,0.19935225562005265,0.5004368141628831,0.48891334691579275,0.1555197905867116,0.4456633466771361,0.0019081883902124235,-0.02667744953012863,-0.181630254740771,-0.07288393604551612,-0.04590253360347623,0.09189132698337574,-0.017091688862407046,0.2640555851473647,0.20271849688303842,-0.10594045586711083,-0.1937890994933574,-0.041264511477412065,-0.013487838023608499,-0.0659103385292571,0.16492626908639024,0.10232968042311189,-0.17052464557438662,-0.20350427886233535,0.001733150048603895,0.1303216224906628,-0.0015819488841264991,0.2379424925808524,-0.011334323179091128,0.18107998346974735,0.241774309289231,-0.11417236040601376,0.12655499007931698,0.3807610180737152,0.40274971192944736,0.48534450351116076,0.2066381130826874,0.48244055729150304,0.11263354266710386,0.0678560848242367,0.14641367432649563,-0.22532553373312858,-0.003715389820686031,0.5977872197166861,0.6804012794597213,0.37696190236224364,0.5278181660476698,0.4549007283867622
ROI_049,0.35783769818193456,-0.017262263871034793,0.01655586602211356,-0.027082837431816723,0.17622395302448354,0.6484589932586176,0.7727445891972043,0.0727733135546554,0.35984033793283143,0.09233135391630226,0.08397700359971101,-0.0692613726873829,-0.015501844358734598,0.15387894576135913,0.0277982988133421,-0.01533934044211728,-0.16968506716710546,0.004799162458432131,0.04360765322216977,0.0783877088400605,-0.16721916782668833,0.13343704033283638,0.1550098941982867,0.043181910298013465,0.19285385757755188,0.1634343558536489,0.26381372424311,0.380848201899209,0.03661731813098757,0.21442939085149673,0.06138211438065652,0.29146895290236724,0.5308783569023016,0.0749219725233616,0.17682613210825934,0.799577412528934,0.46011538254375084,0.7249920717941358,0.6883114417413352,0.8078853919083977,1.0064954832656599,0.6103858792664151,0.6005516627256688,0.7243689047303203,0.4834636981612466,0.9043453997778443,0.8943222112522466,0.8752618434837637,7.254328619247669,0.9499639707486733,0.27127193769665164,0.007664226922597679,-0.1670514816228719,-0.05324398038693289,0.34567391116631396,0.22502103122098902,-0.004045283207403894,0.31032629583472093,-0.13329138053138634,-0.2174634284860193,-0.36121825788640927,-0.1656740872173574,-0.12971597509778834,-0.0548340437418857,-0.22659788647394133,0.05981127068475444,0.34515911606002714,-0.2436201483722827,-0.2912208481590948,-0.18621210470354183,-0.22973583766231542,-0.042842949908194296,0.0831629322872813,0.23740761184137776,-0.33057167946946237,-0.31206179885101,-0.05486294589086356,0.0421628399474341,0.045968574098781544,0.13599391915381948,0.1042912606962127,0.3433424378188982,0.29226164824578793,-0.1313444552531169,0.11982117650638284,0.5390442818237797,0.45374564306594584,0.5298025943475346,0.33347245205027576,0.7261049925978434,0.28914440273547193,0.08507566872942941,0.30394565288531816,-0.22617691845165047,-0.012288593045607804,0.7583860424818375,0.94786089503056,0.44532228901726006,0.9293803125722042,0.8201855416201048
ROI_050,0.20996064502799466,0.044337133553283725,0.06153787688490661,-0.030939941935409027,0.2063190057942114,0.4339969667794768,0.7871233226314103,0.003084725660049249,0.30483954351952025,-0.01815191616040344,0.06545104667131874,-0.15802107108218047,-0.013332525316411091,0.07924284243918063,0.06136106837763302,-0.12574649191129414,-0.3061342546005289,-0.05296624692115028,-0.07289717543446673,0.21910535338815804,-0.22019332486045792,-0.056141043388290304,0.17723597219487724,-0.08710948149476642,0.005175600897545517,0.0657796095874944,0.2456502169265563,0.283195414046765,0.037641838783335255,0.2146209061019975,-0.11356303731480963,0.25932514133369294,0.2862500228626588,-0.008033304745892379,-0.055758847357479456,0.8280935869333426,0.609445243263676,0.839147332895818,0.4540438016510559,0.8489470284627918,0.9543342207488307,0.4743429426974997,0.5106294396101781,0.7302098642153634,0.3265492641549311,0.9816217579581538,0.7756028892343627,0.6793004464389384,0.9499639707486733,7.254328619247669,0.28484434163600575,0.05192792884915329,-0.0804915965358886,-0.011922607330509948,0.26244953930909404,0.18478810082221314,0.03843595509028955,0.32510461038804783,0.03170502875617497,-0.13190932151182166,-0.24350514576323892,-0.028426306573968125,-0.06637633082256646,0.008231118158362536,-0.14866724466201692,0.09145230881748675,0.6566977719095376,-0.10274386385741553,-0.1565608913749082,0.027749641986529867,-0.12796361497568612,0.14711455713534105,0.12386714089505382,0.5142227259699411,-0.17969589500823818,-0.13444780047238383,0.060999650024676715,0.10118007559204713,0.06472359453660473,0.08247571149344053,0.2362627110066977,0.46909788136901504,0.321943678772812,0.04661556595254986,0.18250592968329507,0.6759516839581924,0.4778029229695218,0.5025782832664133,0.5606514108316071,1.0985508582145023,0.2440778643601471,0.08487124139690651,0.5365002418957406,-0.15628925611810662,0.18697844511070083,0.7086216596876048,1.0616812276788898,0.4731917194423649,1.133456604987621,1.2949772572155214
ROI_051,0.5239344863966916,0.016064964803208643,0.11046345344774348,0.06745283416970473,0.17083121158336115,0.16552688774534072,0.024066006102263435,-0.0180081557364227,0.15867481222776494,0.32707307126486584,0.07677763369292086,0.0660371876787491,0.05409434655511601,0.07792306119192229,-0.021232754428430645,0.05953259594942528,-0.05852887621266112,0.05135561204962703,0.23050191516642302,-0.0035292886446206964,-0.030145259617737855,0.04627619728241153,0.10501489803012234,0.1099474478632206,0.18647462750575727,0.008584239225848654,0.15625264011578363,0.33610730896988167,0.06987500194570798,0.016273634413561267,0.17348939167403044,0.3744001619868102,0.3154064980127104,0.2382952969237235,0.1594103191697305,0.34710222959312426,0.57096803653163,0.17531369224109594,0.1350736310114388,0.043513606662859736,0.19416344837159502,0.0781284507777863,-0.12571963726011048,0.3466529180997925,0.34260052259659135,0.3452433541858762,0.04966844057189924,0.2249567251259836,0.27127193769665164,0.2848443416360058,7.254328619247669,0.3715820391263786,0.13207152127150368,0.15266629321399985,0.25921703336295565,0.22774497591970072,0.25036772879797986,0.16748517424301584,0.20565493696733772,0.16422989091783982,0.0026609768991126092,-0.2334193999418003,0.06776005324044308,0.0890106851000327,0.03309947377330817,0.17360517914511536,0.4228457698320134,-0.1254659531218102,0.14342803796847386,0.08190751920649533,-0.0713626169098838,-0.2872929162035522,0.38959445747629057,0.21405211994525603,-0.24219155456598201,0.07100059888296636,0.22823826475841502,0.18169974306779502,0.6013963947262322,0.7501663141671125,0.27981238666481206,0.3539540803848738,0.8417465657661448,-0.3765765003224629,0.43500004851241997,0.3517607103384814,0.6185195200973894,0.4838597649672855,0.27175000926806525,0.36971327364101014,0.9771464891925716,0.7415866156741303,0.0937357330978386,0.2479950921988391,-0.3358206434539517,0.4419095243242552,0.5375837745903292,0.5716317146092886,0.32228679418666306,0.26768571927001894
ROI_052,0.3210842530381139,1.0109814385294256,0.9886193776925905,1.1972373044623958,0.8284172825815174,0.47958250845348466,0.34996365682188507,0.8677181941061416,0.7878535738331541,0.7527615863621273,0.5874749720766312,0.7312003220083361,0.5895586509677225,0.77972995182315,0.6259075760048004,0.969280751804269,0.580255414702293,0.872170994163144,1.0227643294115576,0.6722927989799702,0.6288419722185737,0.4764715743801013,0.6206401277882122,0.7977052002366107,0.5140468464279948,0.6157691153161425,0.8267049553045339,0.7147797695647088,0.6883861938426071,0.7462218884433393,-0.005094950685581226,0.2962194890854348,0.25009915985269654,0.8307789448149577,0.4660047812800967,0.1314619472095715,0.4965772118077098,0.2676591103506954,0.30283227328898227,0.15612318599644,0.1847631179340607,0.5631170645748184,0.3042834694660432,0.37695950247039633,0.3466766665822126,0.3580129048015033,0.10861402289880481,0.20531998041375102,0.0076642269225976785,0.05192792884915329,0.3715820391263786,7.254328619247669,1.0059355189975578,1.311529999154921,0.799850126538209,1.0285872867002928,1.549008160456926,1.0926780732765515,0.9432509868108074,0.9415559106950214,0.707491503482197,0.37186772480265257,0.7485849521443648,1.1313851751232897,0.7023970967974663,0.7344000980037224,0.20735427776152834,0.6241617811352987,0.5375763448769628,0.5419132908941242,0.6548032797753565,0.3917773923134429,0.8611246921704022,0.6021870833524009,0.5912120644934172,0.7529230503217248,0.6027322735649606,0.8194485265984175,0.05215469262723145,0.2816194474371426,0.08376494740855404,-0.18875254005432726,0.188969181777489,0.06362868781828836,0.7273399626588367,0.09818211942132375,0.29810283877651134,0.4710517310963691,0.21351779836433427,0.17806523777774014,0.006627111201934621,0.25536552955519176,0.5397371083674986,0.2589474987401826,0.18884659749108113,0.2664913758822533,0.16089155683376047,0.2374890151402246,-0.07454903243020539,-0.01742167286851512
ROI_053,0.050372268246726436,1.4750938815282042,1.2147595235508377,1.0687960856498113,0.7068696934536214,0.2796112727975403,0.2561958525519044,0.9793734681050023,0.7339621869785985,0.7037241361524852,0.7303982547756348,1.122728838558652,1.3224316427455889,0.9083218161741633,1.1046699059270337,1.013150358029503,0.8928418852154334,1.288387910673419,0.8166897002808877,1.1584278929997824,1.0384019731641183,0.6331958126866652,0.9211052488704937,0.889574776596415,0.6010237128193893,0.9287815201860561,1.0336009715677748,0.7916249256361515,1.0156681828089886,1.0944163550311732,-0.3623699306960924,0.03534937531022456,0.05064374182841592,0.9969647140136325,0.557230376377769,0.12326314718830103,0.35952722320222924,0.35601713586104333,0.15107731089319848,0.09420689602330044,0.0026503992109731703,0.35644574497575204,0.28894341539709373,0.10802227574248113,0.0118205235164041,0.13458365349576323,-0.03024099733517123,-0.028210775770314826,-0.1670514816228719,-0.0804915965358886,0.13207152127150368,1.0059355189975574,7.254328619247669,0.9207346679887009,0.4934026727196011,0.5837038723875402,1.0591167638638672,0.7372478736723316,1.3294967478511752,1.3769032994142414,1.6224037163908127,1.0811522695402678,1.682964285711809,1.500403836204612,1.3214003780395829,1.1634929192838932,0.3312715360368395,1.3169878430562456,1.0508016652347536,0.9543534153771002,1.3485771064205498,0.8806613877123514,1.202296920536996,0.8558657710663659,1.3404081064841409,1.302101563010413,1.1184885347823221,1.3570410343269523,-0.08226089476779935,-0.011699649146542259,0.3924665319245213,-0.10305105669285464,0.09648401547552568,0.5305702299431944,0.9529765959058866,0.17096217753253506,0.2513003377047079,0.500741790006811,0.34620924615594495,0.08075889155751836,-0.15880637609035353,-0.023953879511517173,0.7911843537065383,0.20462035071595253,0.5132772023010613,0.13545972822368338,0.04727285908249645,0.24642278645193305,-0.20649747757177067,-0.10221222311152324
ROI_054,0.15234252662158088,1.120526725679466,0.9421164779832882,1.5858280113769208,1.1255394024464327,0.4963710850668023,0.4029940480161096,1.0227698996651435,0.7102777664467302,0.6213892179680801,0.6522480681982538,0.7751843600802016,0.6232237885259011,0.6204666314597469,0.5464533476504518,0.9967109218034796,0.5394487569021619,0.7940693300133888,0.739508855843165,0.6161787483620386,0.6335733631047324,0.5526030318085061,0.5327164203886801,0.8745671764094249,0.405300307441874,0.6266318117720793,0.8238914167935015,0.5651381133325467,0.6327829688251982,0.7371508286075931,0.021253024163658808,0.18227775869319696,0.23734562591484212,0.598033002878794,0.4991058571555222,-0.057973523665886595,0.22838781084334758,0.18201677533637656,0.4213568949674249,0.16728645698717554,0.1793414165090185,0.5887261838443557,0.4416183476821853,0.37826817600738283,0.3171931248842315,0.41235801492573293,0.1860320613823631,0.19935225562005265,-0.0532439803869329,-0.011922607330509946,0.15266629321399988,1.3115299991549205,0.9207346679887009,7.254328619247669,0.9726948898828824,0.9321818092430398,1.4042017842998022,1.0277921587126444,0.7266698647837252,0.7926340498100035,0.684048425092318,0.4043448299102388,0.7282408522456723,1.0888669236645954,0.5772630016462211,0.6742169400619155,-0.02549588796634857,0.504098727723669,0.32183274522602484,0.33878318429573656,0.6313068342852147,0.33780298987775514,0.6142328074816547,0.46296848767784876,0.5740213761988086,0.5672953072705779,0.41167064919990126,0.7224822051622077,-0.10499200794961511,0.131065006353543,-0.17169734086425995,-0.49215064498835104,-0.0517270338323468,-0.015782985509364696,0.5082627818413337,-0.12164056627768932,0.08116316273617552,0.3373542719958281,-0.03213185133142523,0.001682366294751928,-0.08986326715092118,0.14265881072865666,0.48310620703768825,0.1108896441467182,0.11588475231179277,0.15655551322150313,0.07517366361230958,-0.031547688760487205,-0.20950588328895609,-0.12702178636469355
ROI_055,0.38799027460447955,0.7261933175731784,0.678046226444669,1.0743607129565038,1.2928335923673635,1.0414578136313128,0.7035850981192373,0.9215331047399422,0.9010148859075094,0.7835779224201778,0.657922820926445,0.5939630440149405,0.46990435498423927,0.5578547421559744,0.4391537354640556,0.7472308580741872,0.45409857045277857,0.6001042147976599,0.6467911013562984,0.4587273980342471,0.48488682872613736,0.5723617761498007,0.42807788756706544,0.9150875807490088,0.5815168494642073,0.5730849734754583,0.8016290157729288,0.7263811021706921,0.5919353404113619,0.6463276624051179,0.268473688021733,0.34915829237484075,0.5151364702543698,0.5310249977544746,0.614704481774054,0.25981762847622397,0.406589489004514,0.3925608766181762,0.7534992106304518,0.4306815027983086,0.5510655852264758,0.8352766128361863,0.5496307916804577,0.7591512223737307,0.7229743905779789,0.7546744989407339,0.47558426925965125,0.5004368141628832,0.34567391116631396,0.26244953930909404,0.25921703336295565,0.799850126538209,0.4934026727196011,0.9726948898828822,7.254328619247669,0.9928405457417507,1.0270035844805687,1.2161471811331424,0.5104976237947589,0.5192828305242594,0.35084443626059686,0.19926871233982185,0.39117121934442756,0.6877200968246139,0.3099367112543627,0.49829746226461225,0.05684256568229962,0.21600794202189727,0.15645161591559675,0.058997000683565184,0.3050895025492727,0.17896372961649723,0.4929901646221433,0.3568745902506629,0.2657345625657955,0.2777505598273512,0.24589002583025305,0.5166462726286184,0.03581831320118137,0.26824735733331984,-0.04742835961279853,-0.21809445877860612,0.18443618940537912,-0.11781250956409411,0.5104317277538698,0.1416566241828562,0.3090184480093197,0.5928812701019339,0.13979393440665575,0.18929547907742025,0.08638541167523645,0.22948709902867281,0.4897119587566458,-0.06282895614485504,0.04946459939546025,0.521344676949376,0.43486745545278843,0.19536535283130116,0.0850783614414245,0.17094016423903338
ROI_056,0.4021138497277784,0.7915814457121755,0.7361391690071748,0.9330842043066504,0.9334964121730599,0.9033049851267955,0.6737197588975766,0.907867413189845,0.90484553155917,0.7120788388459225,0.5184685109707796,0.5777424419616886,0.49301665446999465,0.7124363062928222,0.612896363866797,0.8948296819276125,0.5706503913668072,0.7621185343112097,0.7027277316549457,0.5151122386068664,0.6043113391213767,0.5591946727136871,0.5504036035099072,0.776544081989535,0.5674805652253536,0.5781237502526347,0.7742618577871447,0.601843354280126,0.6546889949286778,0.665710211869648,0.18440249398534905,0.39803660404868396,0.5488865573520344,0.7101063169609879,0.5639088376902371,0.199033631309967,0.4200313302516448,0.36106447197891706,0.5245099965726345,0.41409107603222217,0.4030953790025799,0.70836210404883,0.45021566503416277,0.4370620948349569,0.5471699231606817,0.5281307191231421,0.39803426728113966,0.48891334691579263,0.225021031220989,0.1847881008222131,0.22774497591970072,1.0285872867002928,0.5837038723875402,0.9321818092430398,0.9928405457417507,7.254328619247669,1.0420019644047962,1.124716330761071,0.5939310642488687,0.5797787301814102,0.40005557579507844,0.2706325328149193,0.48337278513664195,0.7628875560588455,0.49107616505051,0.5950009210515935,0.10213762043807204,0.4001904244941775,0.3007975930752521,0.28278570713254847,0.5076038103106983,0.2977058356909553,0.5573860930729835,0.3159860388448178,0.40006324025638984,0.46190671974671493,0.34471142451906894,0.5475538703525793,-0.08437718551962843,0.23189833612153946,-0.014372129675912166,-0.20418232935782885,0.0973662302240759,0.06574946348318836,0.48598014985602744,0.1420260174981347,0.2433701776639039,0.45771032753222257,0.15276884303103275,0.16021918677494426,-0.09654200619142017,0.12171758850959857,0.4042398572645507,-0.04012848694087442,0.1601854679628908,0.3221720181886835,0.26392977753331753,0.19380116184973784,0.091487469880147,0.047405234799040734
ROI_057,0.30140405586736685,1.2005423514636067,1.027542299625577,1.5122067560703398,1.1659301117091985,0.6034142426316845,0.4554414851722852,1.110728150184074,0.8808155657155009,0.9311009539207427,0.7436075368581396,0.8638072401628127,0.7044830365302497,0.737647438624988,0.7159740870490184,1.0732080517352836,0.6690147007433273,0.9292875718073741,0.9029509844203985,0.7265016513059025,0.6945044581177512,0.606799551740389,0.6188752798024353,0.9983069699762777,0.6301556235196611,0.6974786599787316,0.8869213084560101,0.7345450861415258,0.7603966115571537,0.858542698422511,0.06892622829201414,0.25468817701294133,0.24960697718205457,0.8241119576214837,0.5595787618635105,0.09463254001545374,0.41315626235933306,0.27430822985542,0.4074490507420366,0.21716678155535585,0.18963780520107432,0.5600779556460919,0.33667641158796763,0.39341520262979734,0.3821984836065995,0.37978830203536895,0.11036700881041268,0.1555197905867116,-0.004045283207403894,0.03843595509028955,0.25036772879797986,1.549008160456926,1.0591167638638672,1.4042017842998022,1.0270035844805687,1.0420019644047962,7.254328619247669,1.3330114225362304,0.9122054974609342,0.9907555702249294,0.791753099598939,0.4233446561425337,0.82349499500214,1.2595451500670312,0.713927585941191,0.7751318575331194,0.1700609095826025,0.6426169287950797,0.5426182481220115,0.468916928411459,0.6701324650568365,0.42890022450881016,0.7904142276882306,0.604813850262076,0.6676595536065617,0.7242288874854156,0.5825920811908909,0.8304905049878428,0.027768921522763994,0.2143409226034423,0.07156242991453118,-0.2708959964746443,0.1178875439412602,0.07632928936103965,0.6955331965557137,0.047595322725606785,0.25435386495686774,0.4479943895450655,0.16233669518699223,0.09118075677527278,-0.016018414093639025,0.24589870131403166,0.6215850863005628,0.1951231326705249,0.20030694456959428,0.25360312851063277,0.16105243015720183,0.1467503330544061,-0.10506140604875173,-0.037285375830655575
ROI_058,0.28612471415627677,1.025523689711036,0.9197282771208856,1.2800346757814591,1.194366908459455,0.9805941125637359,0.8258306951450076,1.14271011510662,1.3774585430505255,0.8100487773475268,0.7648347874784567,0.6957040757688081,0.5913635425015373,0.7836800926595527,0.6887288786796454,0.9837810162454486,0.5428509475148591,0.8435578393469212,0.7978726097402141,0.8039229678159795,0.6189826937661718,0.5760912641391769,0.6293072191963666,0.9049716377800529,0.6080732481247572,0.7150499425153024,0.9970114412649445,0.8276597660534769,0.7647674829252766,0.8442033462491585,0.07955974914494758,0.3199306652669411,0.43985658524663107,0.73285080547131,0.5736669823491277,0.4174726601895344,0.5480873991223261,0.5050270292612054,0.5722743192581949,0.4839581346746184,0.5067684765926271,0.8775421825468568,0.5894380692940013,0.6718377791189838,0.5346404105943963,0.6321107456112532,0.4267043870017483,0.4456633466771361,0.31032629583472093,0.3251046103880477,0.16748517424301584,1.0926780732765515,0.7372478736723317,1.0277921587126444,1.2161471811331424,1.1247163307610706,1.3330114225362306,7.254328619247669,0.7220710323002648,0.6443844738275497,0.490656777196766,0.3818252187103138,0.5707069816649813,0.9525559354116537,0.5253275305454894,0.6552854088322704,0.2747874515108226,0.4911569147159937,0.3752734663718126,0.3594227919227263,0.5726149968185689,0.46070074518691384,0.6276238083196023,0.6174783585268153,0.5282531424520033,0.49562277826231654,0.48987201787810664,0.7391345406728801,-0.11666038908497217,0.09450878033418669,0.08423046332259765,-0.07982041848501796,0.11501628668028731,0.14603855034722338,0.6302853860217931,0.23809927902608263,0.3418915706655542,0.6877683979866417,0.3498226262940988,0.33573701898430575,-0.10890452282984371,0.0675625603768846,0.7176591553233508,-0.021244698759009847,0.30852022924814765,0.5423181467840875,0.3823464904551012,0.25562429697036204,0.20226392495702905,0.24455979098280736
ROI_059,0.12269656686809273,0.9825103780606008,0.9561720500458596,0.8242222588302918,0.6045239718313669,0.2536832499549187,0.20824525309448125,0.7191550318479278,0.6951435426308735,0.7338032699925353,0.5641347210026167,0.800454238015365,0.9133116656191888,0.7362835520159545,0.8859959449450296,0.8076567710199203,0.7373461117218911,0.9511405125516398,0.7483898865945556,0.875934334638748,0.81103941703191,0.45464043838351736,0.6972857565496395,0.7027389027259797,0.5848890720030945,0.776286021135822,0.7862109613454669,0.7336590563869675,0.8228343782600306,0.8003942350296652,-0.30967378129177764,0.1966799780629078,-0.003464495518781568,0.882072875507619,0.41341395718104507,0.19608226718760363,0.519262504730898,0.3847863921137484,0.03654149214290756,0.06313673464373072,0.03806874601042526,0.27500879013175145,0.18627062875388747,0.1971208716878061,0.05047256928241845,0.1436433486459284,-0.0655395996580051,0.0019081883902124235,-0.13329138053138634,0.03170502875617497,0.20565493696733772,0.9432509868108071,1.3294967478511752,0.7266698647837252,0.5104976237947589,0.5939310642488687,0.9122054974609344,0.722071032300265,7.254328619247669,1.2992200261766083,1.2003145113896456,0.950622944272859,1.241678384124758,1.2688962256637428,1.1379161826661572,0.8709532352958109,0.41346900361016914,1.2220154569208685,1.0378304688114377,0.8886097133026541,0.9839898585638349,0.8809913399113805,1.0313157552338716,0.7533045779563826,1.125704409239848,1.405254268894817,0.9388915765275243,1.0938672381360894,0.025242588976562074,0.15742792023514607,0.45677353331020953,0.043204252471641336,0.22843819219872222,0.5311264559207567,0.9516119076341925,0.292738010268384,0.3347392633695955,0.5124846938993526,0.4357663423828107,0.15085166814371323,-0.12551931034264044,0.03085570933131583,0.7345867025434581,0.19959476197483125,0.5346514248207951,0.21477829720896524,0.08594756394438763,0.36948584461893264,-0.10468466739488477,0.036164661396529574
ROI_060,0.10478138008045582,0.9700703762810919,0.9495167120521015,0.8683656702550879,0.6374547839233992,0.25869331430097825,0.1562292234959817,0.7372917763298188,0.531387096646497,0.7097533813712226,0.6012010756803405,0.8863473643164821,0.9703403577673428,0.7509019778290613,0.8642786668036938,0.8639025043145868,0.9225162107842234,0.9817509242672525,0.8181891315415668,0.767409436623967,0.843103730977208,0.5322541760786877,0.7343544986927779,0.8462185079163687,0.6417219485898265,0.7305849635848146,0.7624420524178052,0.7305108515152882,0.767399484811948,0.8497807708552277,-0.1275952678719132,0.12470128562667494,-0.005032217643538427,0.9228297862893694,0.47795307471014936,0.045480326760568096,0.3197031092133822,0.21166687854551794,0.04170930161422185,-0.011029153009782735,-0.05998577172551076,0.21184560950701625,0.12987779411109726,0.09401033008123823,0.07334393824431946,0.08231332571526496,-0.13574087641914143,-0.026677449530128634,-0.2174634284860193,-0.13190932151182166,0.16422989091783982,0.9415559106950218,1.3769032994142414,0.7926340498100036,0.5192828305242594,0.5797787301814102,0.9907555702249294,0.6443844738275497,1.2992200261766078,7.254328619247669,1.4357389557365074,0.8255830721002854,1.2577045671268092,1.357984250107821,1.1361489147925912,0.9092215042828761,0.2941657814891011,1.1392670082937786,0.9847209829084081,0.8313131549367478,0.9798195670196043,0.6851095426451658,1.1265231916718121,0.6243126991961974,1.1062811230138192,1.2977840060054184,0.9348692136952949,0.9949816339450926,0.08549929935453608,0.15994852280964847,0.36443795805149615,-0.10981855606166244,0.15785123087706113,0.4159207607271124,0.8120888439300052,0.12716304359517497,0.19380360285820186,0.38783207810444825,0.23970004013922322,0.017899590678848068,-0.05976395777463607,0.1171261623753769,0.5884697546387965,0.3650595995377156,0.4217187069135245,0.1470816439534054,0.003327760079892896,0.26759748994697824,-0.2296728022679789,-0.13798468092720284
ROI_061,-0.018329418375317173,1.1273862600416502,0.9654427180312075,0.8246903635775931,0.5508518688276229,0.14542728799609564,0.10360875646795972,0.8141124960837105,0.5133224673515528,0.6568975056615842,0.6694670959322738,1.067572579428803,1.2917361270756231,0.787973595031663,1.0040560754068848,0.8392523434517478,0.9880653935668504,1.0401282421620706,0.7045718960444032,0.9548114534311716,1.0708815209725373,0.5015583839926048,0.7464136509498609,0.8391285955684726,0.615172682253681,0.7927664556656839,0.835104904126262,0.6388528656725282,0.9102249545643107,0.8895130942534604,-0.2609618540986883,0.024703065148316057,-0.06437102784661018,0.833371258658882,0.46237197456146323,-0.00674816433809573,0.21486328205398172,0.20515211914744036,0.014957254614610711,-0.027650946682865513,-0.15617841715997455,0.1554281487590334,0.11191741470173427,-0.013585363526206753,-0.027298702177276823,-0.02237395256367873,-0.19064419670641833,-0.18163025474077096,-0.36121825788640927,-0.24350514576323895,0.0026609768991126092,0.707491503482197,1.6224037163908134,0.684048425092318,0.35084443626059686,0.40005557579507844,0.791753099598939,0.490656777196766,1.2003145113896456,1.435738955736508,7.254328619247669,1.1371193250259823,1.6287522168825392,1.2262173049264773,1.3878697409593328,0.98452540009795,0.19506127348061444,1.3719225660364123,1.1011175246936844,0.8249502740540201,1.2842694044793215,0.8026992713789229,0.9492026971226614,0.6533551820529887,1.4826460108665476,1.3548362221330559,1.0501533509153596,1.1256783065112326,-0.00919702605040827,-0.024014772435883555,0.40946060593026307,-0.17295316231495148,0.047196451610526276,0.5193750013854042,0.8495590615511112,0.04950771344320135,0.14662786228382924,0.3542758901649291,0.26138625424248785,-0.07303385998592596,-0.18567884996549608,-0.006170320523215389,0.6301701795354293,0.2539230005020858,0.5080897055510646,0.03876477312187323,-0.07591154077813386,0.15928743862158615,-0.38470203409272813,-0.20067758314830564
ROI_062,-0.22139322125292046,0.8909601066654257,0.7441679426964654,0.5116958943478712,0.3679301941626347,0.11104141685704777,0.22877878667379176,0.6315901039153986,0.5052329158886704,0.3180904469306968,0.47104703324414193,0.7573612572868345,1.156753958086958,0.6388058341159147,1.0181050145364072,0.6010347973461385,0.7644537540344998,0.8829356557927317,0.3660308193896929,1.0182532636860868,0.8758723999448957,0.4576670515880269,0.7026563480346354,0.5282175860448549,0.399980415917552,0.7716574629031638,0.6719410507911763,0.4574464699012086,0.7996311508924426,0.7938480338467964,-0.5830302330956656,-0.13422149088680915,-0.12812211771189416,0.6527543749459058,0.3534242982699217,0.13402618867805433,0.14438583905425448,0.4355470904556174,-0.017200925169547812,0.1276700187361138,0.018924433921197262,0.2097593262557933,0.3043466467253782,-0.08888834655141027,-0.20910055554601045,-0.0018537772515070155,-0.009345656378583306,-0.07288393604551612,-0.16567408721735735,-0.02842630657396813,-0.2334193999418003,0.3718677248026525,1.0811522695402678,0.4043448299102388,0.19926871233982188,0.2706325328149193,0.4233446561425336,0.3818252187103138,0.950622944272859,0.8255830721002854,1.1371193250259823,7.254328619247669,1.182601240951112,0.8544107030348784,1.1286867315092084,0.8184403291118573,0.2920787549897218,1.4078208890711839,0.8689443411327771,0.9020798679731927,1.2044669490905688,1.3699663043629149,0.6903878068828423,0.6111837900217142,1.5587348324083992,0.978590175007882,0.8277444057692184,0.8557153877849245,-0.2943816605852556,-0.3349636502515679,0.4803602972738323,-0.01273528679952129,-0.07990352216232899,1.0688495453727418,0.5841576730990871,0.20992689068506676,0.048591142420673306,0.33265649651328016,0.372812868454193,0.03808551595741061,-0.5098850422594882,-0.48708631224569265,0.6620560120654487,-0.014448529349445367,0.8284764392747529,0.00491604425837521,-0.05836422854893002,0.14886733410875766,-0.16834016768784563,-0.03426158418397828
ROI_063,-0.0051548093072034396,1.213658770272913,1.0162013268738723,0.8118662081709584,0.565700452874981,0.22819962937563593,0.217864520685948,0.8195126533453461,0.6048424545928521,0.6391383102229842,0.6177435112508528,0.9933510437427369,1.338047079570089,0.8201468088086554,1.03737242761367,0.8495044767028124,0.8390630949517676,1.0836985114465094,0.6722462321292975,1.0685008556142492,0.9670981625424228,0.5539356847990595,0.8329863240274178,0.7830946240763208,0.6158195262881254,0.8376122431148891,0.9230811717830675,0.7772503104366302,0.9406524357233821,1.06120097053729,-0.3417330787459476,0.05469862033299152,0.018171526731085064,0.9333276765217551,0.4910411385889062,0.11100844238075842,0.31122788614806557,0.3752832140335595,0.14661808822781247,0.10822512283390745,0.019893065193815326,0.24811639238680117,0.24108734780914018,0.09279655725701307,0.0053477934800629495,0.14557391765136937,-0.02747838733290257,-0.04590253360347623,-0.12971597509778834,-0.06637633082256646,0.06776005324044308,0.7485849521443648,1.6829642857118097,0.728240852245672,0.39117121934442756,0.48337278513664184,0.82349499500214,0.5707069816649813,1.241678384124758,1.2577045671268092,1.6287522168825392,1.182601240951112,7.254328619247669,1.4242516459806207,1.4026868459076967,1.0716081909069064,0.32248227835770893,1.3441446628533422,1.068989096963225,0.8769767711611697,1.2247259998219688,0.8919304949995052,1.1172222670268348,0.7850691417757195,1.2776650959143228,1.2291773240376134,1.1036024347323614,1.2247241835770597,0.012854019396126315,0.028209878341603694,0.48017766566747,-0.07511393288528771,0.13816398413606717,0.5389338259263338,0.9622650854095449,0.2243243405443612,0.22693456000926862,0.44886967852159404,0.3276163356402496,0.06884017207191657,-0.13115725630939332,-0.017515670848785206,0.7723898992150664,0.19589685682083252,0.5029105692666761,0.14775149611437358,0.07587146944107546,0.2859853506286303,-0.18405722133517402,-0.0770825977336868
ROI_064,0.10961722193954301,1.3933505767621819,1.257864427768414,1.2268054148132117,0.8402470779225015,0.45777871516005514,0.4076724111631883,1.0752158185972902,0.8046630447135669,0.7732012715133157,0.7397328268231393,1.0032300037725799,1.0177917539899446,0.912094504402574,1.0286005095618733,1.1140313144552294,0.8748136489255598,1.1676717424631884,0.8462821201909366,1.0346109299146353,0.9105479807962441,0.6923289260635621,0.896101695713313,0.93741630885632,0.6420204963559526,0.9360009790560914,0.9978882124143158,0.8772142910896983,0.9522362313179985,1.1790523926511411,-0.16232681021389253,0.15533103866467868,0.11243690639548815,0.9888899424621498,0.5863000326296277,0.09627006280879226,0.37122162537596887,0.3889011135907695,0.28072479158202646,0.18055966468988,0.12423065195682051,0.4552384403703644,0.38825007747179874,0.2858589038674658,0.18042346539222873,0.27971269230501705,0.06909469481822288,0.09189132698337574,-0.0548340437418857,0.008231118158362537,0.0890106851000327,1.1313851751232902,1.500403836204612,1.0888669236645954,0.6877200968246139,0.7628875560588455,1.2595451500670307,0.9525559354116537,1.2688962256637428,1.3579842501078205,1.2262173049264773,0.8544107030348784,1.4242516459806203,7.254328619247669,1.1617042749664617,1.0264698610736507,0.28448752569918645,1.1280458247781828,0.8252051985259091,0.7733937850804018,1.0846822142003836,0.8276105184765404,1.0348587291232605,0.7820782454866073,1.1447528622321643,1.1478365962094694,0.8594766569928662,1.1504204308868786,-0.03189257237166867,0.06328710718270797,0.2551067921214051,-0.18452921982746662,0.059994265303246704,0.4199957265016718,0.8405699027798954,0.16983616901821774,0.17942986195310826,0.48012769626351587,0.25391975337295264,0.08835435603220985,-0.19449905796643793,0.018426046111819697,0.776748132641937,0.2077782255189065,0.4852190627702113,0.2412167331893707,0.0857841660696093,0.2392627739587735,-0.13795858972638828,-0.05164082041261547
ROI_065,0.014168843106092987,1.0158218698069608,0.8929090997426544,0.7025282037937086,0.46808055733980497,0.20234453260196777,0.2111927008217307,0.8237137013301529,0.6429787060645921,0.6984030419252645,0.6034938003289482,1.0421161431834174,1.263195654634481,1.0165510190694593,1.2934113865839043,0.8465493388148537,0.985029143957929,1.1809247688278193,0.745095458502344,1.0797572935531268,1.2459238262363292,0.5917918071750006,0.9550278405165605,0.749990335601019,0.7125808676766111,0.9023133857944082,0.840280041365927,0.6906859050375616,1.0433581883646545,0.9493673792918355,-0.2755530284464106,0.13153366540760392,0.037287318832100125,0.9925837629984482,0.5198687317106948,0.0982280762127802,0.30731310135583884,0.3453678572087255,0.05096900189137244,0.0725587720478942,-0.06318572877620615,0.2225305755333101,0.18062867941785982,-0.018310567632307338,0.03723599919023216,0.006852629464490811,-0.07596662712740782,-0.017091688862407046,-0.22659788647394133,-0.14866724466201692,0.03309947377330817,0.7023970967974663,1.3214003780395833,0.5772630016462211,0.3099367112543627,0.49107616505051,0.7139275859411911,0.5253275305454894,1.1379161826661572,1.1361489147925914,1.3878697409593324,1.128686731509208,1.4026868459076967,1.1617042749664617,7.254328619247669,1.2310806076955538,0.30813370629457604,1.3771248798889189,1.2262547728338942,1.014062617539403,1.523717369569993,0.8822892259638714,1.00862944105627,0.6030044737209658,1.3334477558200395,1.2918287975283742,1.1379035304945728,1.1473461546761183,-0.07381201487663215,0.011169666815497394,0.474436759059689,-0.058288225356447766,0.0649613768303155,0.6638273522057533,0.8079426097251032,0.18013233447208918,0.21709329488241527,0.42985486868763695,0.3945576095230959,-0.004656515610763871,-0.2611822825550845,-0.11431359748225056,0.6061948717964708,0.12722907698383976,0.514089234928017,0.11115443466205979,-0.03523157059425041,0.2851280025105845,-0.2707976100772422,-0.10966975616147327
ROI_066,0.14588301042072863,1.0855671913078913,0.8431083658946135,0.8188563737225603,0.698512604357016,0.4846997778555709,0.5016555328938656,1.0586050375592981,0.76998170498789,0.9125628546097363,0.9049827466100214,1.3266667798735732,1.5067062001597022,1.2385310209798284,1.509457907305706,0.9625992776667721,1.0117946613712094,1.3804532256831539,0.8503804932140785,1.0483222164478605,1.080454601377173,0.9320022824163752,1.241183647664697,0.9599937597703749,0.9931580610786284,1.2650590410768159,1.2204125897824967,0.9849846878157889,1.1495256610100437,1.4029423690512048,-0.165231237238957,0.3093972770921026,0.3270610086620373,1.0395370763284926,0.8311682957674379,0.21528715488900899,0.4823293353125977,0.6116370123769537,0.33567477018628006,0.2930534276598494,0.18812004345288658,0.5591106166137872,0.5074998719868407,0.2520971023603514,0.24539610923271066,0.3077882065709419,0.19947042794887881,0.26405558514736466,0.059811270684754426,0.09145230881748677,0.1736051791451154,0.7344000980037222,1.1634929192838934,0.6742169400619153,0.49829746226461225,0.5950009210515935,0.7751318575331194,0.6552854088322702,0.8709532352958109,0.9092215042828761,0.9845254000979498,0.8184403291118575,1.0716081909069064,1.0264698610736507,1.2310806076955536,7.254328619247669,0.3482557264180784,0.867431170897147,0.763376757650465,0.8050352002741725,1.220709448501815,0.6695326291346673,1.048529315203792,0.6585224520139173,0.8834861273056066,0.8413996980418014,1.0756258834680987,1.4239958469992737,-0.05164373735443083,0.07337744782355164,0.36484758576135934,-0.06784664521550315,0.08677039106365632,0.45013787967566266,0.8033268114893187,0.1988190304564028,0.46021811225625353,0.664883935496582,0.3937245723951144,0.1059686715610879,-0.08668689112201121,0.01246026776397945,0.6534497119223194,0.022016828540342554,0.3665269512041512,0.27415955912081535,0.21885506931049445,0.3394828011866367,-0.09672262646294784,0.04350457026167222
ROI_067,0.10418197735008841,0.20581388783446483,0.27258543063888346,0.043686853101973434,0.0341409174790504,0.10185696232402876,0.23805424165740585,0.004142038681404526,0.326780186183949,0.19082009775705985,0.18230799680267826,0.09604843223691112,0.30441906975157673,0.2659305733653831,0.33078077769532926,0.04154584951421782,0.05858955647185646,0.23437556685330618,0.1354208496872838,0.5463046595771902,0.05306963822203157,0.08448435648625349,0.513865242159246,0.03650226930452585,0.17449582096103738,0.2345643513298239,0.31780180510262934,0.4986874888852281,0.28235671402893087,0.3396696720303541,-0.4029558179860256,0.07105853502278799,0.0424665162157296,0.3934820534025967,0.08489163089130533,0.7998008046020546,0.796156254530914,0.49712586825375316,-0.055166846556328517,0.1975828554062779,0.3027998943640476,0.05674562507053656,0.09045575675557714,0.2876544763219675,-0.0033420602036288377,0.28771401776013894,0.14463466951737897,0.2027184968830384,0.34515911606002714,0.6566977719095376,0.4228457698320134,0.20735427776152834,0.3312715360368395,-0.02549588796634857,0.05684256568229962,0.10213762043807204,0.1700609095826025,0.2747874515108226,0.41346900361016914,0.2941657814891011,0.19506127348061444,0.2920787549897218,0.32248227835770893,0.28448752569918645,0.30813370629457604,0.3482557264180785,7.254328619247669,0.3064528953307304,0.5625855676059176,0.6904267615348506,0.25573872205950055,0.41392755441137064,0.668447506645883,0.8011695875217656,0.22518349763934864,0.39148625091257894,0.6742813650139141,0.46974667780423934,0.22783658610814145,0.12599443473736818,0.9589455211815043,1.00633363583021,0.606372029538841,0.41953352370294594,0.6342707912255611,0.9627254600953443,0.5897721235890028,0.7079272480546668,1.0574202807245363,0.898861425888777,0.2801066751963322,0.11619351768559255,0.5684513086672971,0.08926202068678235,0.32755351710454145,0.5723430084305494,0.6065010137497289,0.9969093598076313,0.7449693115934641,0.6017291654039438
ROI_068,-0.0393039807244811,0.9916524347655311,0.9312292330527309,0.6208493314282135,0.40646899928751984,0.12165374488872803,0.1912032449576119,0.7014077096202642,0.5249158376955445,0.4743427978981284,0.5223822345569912,0.7919404523905322,1.0272202198687994,0.7943066660944755,1.0908449399166833,0.7534778521706031,0.8920622068061296,1.0291364355175274,0.6177810010315309,0.9886783034329629,0.9384072366453241,0.47802777970083593,0.8233240210724814,0.6168737243511011,0.505091679032376,0.7642584227987066,0.6972962223593032,0.546584751237848,0.8566421616569108,0.8620996504563047,-0.4393091970323795,0.045658008209777605,-0.14871977881716755,0.8735969997912172,0.3790406877186621,0.09456822357412809,0.2405429642683391,0.36764191974910965,-0.04044428549893433,0.07744474719669141,-0.09342015393826082,0.17540830180824615,0.2103497180772659,-0.09851219193316971,-0.13228320184178718,-0.05762708912278222,-0.11103461337248767,-0.10594045586711083,-0.2436201483722827,-0.10274386385741553,-0.1254659531218102,0.6241617811352985,1.3169878430562456,0.504098727723669,0.21600794202189727,0.4001904244941775,0.6426169287950797,0.4911569147159937,1.2220154569208685,1.1392670082937781,1.3719225660364123,1.4078208890711832,1.3441446628533427,1.1280458247781833,1.3771248798889189,0.8674311708971468,0.3064528953307304,7.254328619247669,1.1395132223032092,1.1541319285949438,1.307809337708083,1.2824339293748714,0.8625267545948238,0.7069085937970806,1.8188521950480276,1.4332684322458857,0.9745190693477644,0.9701810369759297,-0.16574944286339463,-0.12069791183315069,0.4681105378007523,-0.0565284203765698,-0.0412831576563639,0.8938345732404499,0.6510524304539207,0.16319684880733254,0.1175395265077821,0.27451273557978517,0.3694036135553471,0.018691826842878425,-0.44110864374489395,-0.2450448011451401,0.6873151855696412,0.21594763148842097,0.8235957249456562,-0.01285223997523234,-0.12748702705952283,0.1688734749277725,-0.2249936409680538,-0.06346708239576819
ROI_069,-0.010819480110556237,0.6707032380085117,0.6574227835455811,0.4546348704141459,0.2219571640833315,0.024901613578899993,-0.02766156062703166,0.4642147648371612,0.4741731693641695,0.5480081412143697,0.4025017633864066,0.6302350389710261,0.8499172053476656,0.6549954353765524,0.8512714516813966,0.5811654369046179,0.7671526869024553,0.793847337638125,0.5573365204729558,0.8702239402231595,0.8630014447046329,0.34603748789629685,0.7398658588370972,0.4781731658555561,0.5365123929429366,0.5205761833435474,0.5681009202992832,0.5984755975907917,0.8248252693941048,0.6076220570306112,-0.3312881404606502,0.030107585148532495,-0.07410206547930041,0.9161800102011737,0.3548409038847674,0.19312910187146867,0.3988152199150239,0.19513576849141706,-0.21234566278943942,-0.1218818534459638,-0.17684574069647777,-0.010172395574825344,-0.09546438184078662,-0.09489372592013844,-0.10222739179561656,-0.14695611901837136,-0.23636985221815848,-0.1937890994933574,-0.2912208481590948,-0.1565608913749082,0.14342803796847386,0.5375763448769628,1.0508016652347536,0.32183274522602484,0.15645161591559675,0.30079759307525217,0.5426182481220115,0.3752734663718126,1.0378304688114375,0.9847209829084081,1.1011175246936842,0.8689443411327771,1.0689890969632247,0.8252051985259091,1.2262547728338942,0.763376757650465,0.5625855676059174,1.1395132223032092,7.254328619247669,1.158688410314638,1.0801736198402327,0.7684426123535436,1.0980811173434908,0.625770383718138,1.0439890768488378,1.35403313098305,1.3054230226120742,0.9083227443595241,0.09857289852333302,0.07445760054220214,0.8499632160970213,0.28532150153319186,0.31150049281907893,0.6922054544151869,0.9269742884128095,0.36786394758087715,0.30666373223601195,0.47369645805232985,0.5721135326272131,0.11205926283817468,-0.08481105402865453,0.012706742808345635,0.5305641188726411,0.26364909727122704,0.5226754793493141,0.14419751253692667,-0.014243509896158444,0.5025631149322571,-0.14855505467188715,-0.11527212196239432
ROI_070,-0.026533000739937133,0.6583610304010312,0.6976088832739141,0.38273549698237475,0.19470876820070093,-0.01426630180932346,0.06739675111747208,0.411826353536642,0.3713252598681105,0.37017512396720254,0.37872415923917124,0.5621460841768512,0.8086937054494032,0.6712925871106532,0.8247841371119726,0.524628326224859,0.6525564573776902,0.8551827225581228,0.5078242222563288,0.8584743364866587,0.5989101307092137,0.4360185518786771,0.9412164430802169,0.3845202077967781,0.39851191687543874,0.5762512692650136,0.5181938481865224,0.4967469326801023,0.6584784554975732,0.6358965775423009,-0.5775120564982268,0.09047820635185584,-0.14560476737837763,0.8934140309874664,0.3494882136662495,0.21277360902162296,0.4151670836613955,0.35855723887243623,-0.2191720817273795,-0.027495926328593198,-0.09187009529137292,0.026583488132499094,0.11712379215050356,-0.17083015037805044,-0.20267926724945737,-0.11383879826994936,-0.11274959331126752,-0.041264511477412065,-0.18621210470354183,0.027749641986529867,0.08190751920649533,0.5419132908941242,0.9543534153771004,0.33878318429573656,0.058997000683565184,0.28278570713254847,0.46891692841145893,0.3594227919227263,0.8886097133026539,0.8313131549367478,0.8249502740540201,0.9020798679731927,0.8769767711611697,0.7733937850804018,1.014062617539403,0.8050352002741725,0.6904267615348506,1.154131928594944,1.158688410314638,7.254328619247669,1.001967914430064,0.8776953401896479,1.0081696099972166,0.7108184258898335,0.9902888231774456,1.0789150335555182,1.1253982630058144,0.8760411574364318,-0.03340157204106193,0.029112942365104814,0.6441927293113132,0.256231729653929,0.13535466251677042,0.7858686545565677,0.6419865452434896,0.30303278982389215,0.31880273805717746,0.33861806769239317,0.5963193191326197,0.15995970729189374,-0.2374713344062833,-0.14177270964698532,0.48915841456417414,0.16460027241800676,0.5314450830663326,0.003799812124312395,-0.0547642031830169,0.4212202149057584,-0.021037620185505937,0.010418117969063832
ROI_071,-0.09088457681020168,1.129780237041388,0.9308779301607478,0.8087531405851598,0.5084913393438102,0.2637817472257138,0.28193423545258445,0.9644610728388173,0.7260967580500365,0.5978288294280051,0.6692053018247691,1.0530209748291426,1.2631748914469827,0.9785779413569553,1.3505731788963897,0.997109069219662,1.0130871486367352,1.3382927852654325,0.6703526983025949,1.2211500933881831,1.469238222762784,0.6484666415679655,0.9855713643171451,0.7284568306906314,0.6265996475251051,0.9497427801634986,0.9506004987181114,0.6412643712618129,1.1784257904185613,0.992810845642585,-0.35899889292105136,0.05585243654306256,0.07423594502678399,0.953318020928891,0.5813629791121887,0.10389031775032803,0.2312205708281464,0.3956575215656706,0.05240479558796347,0.11459087372700713,-0.0652655431634532,0.328248891941753,0.30706606336080794,-0.017901538649287625,-0.046622843637282814,-0.0024678220911198466,-0.003997902973052423,-0.013487838023608499,-0.22973583766231542,-0.12796361497568612,-0.0713626169098838,0.6548032797753564,1.3485771064205498,0.6313068342852148,0.30508950254927264,0.5076038103106982,0.6701324650568365,0.5726149968185689,0.9839898585638353,0.9798195670196046,1.2842694044793215,1.2044669490905688,1.2247259998219688,1.0846822142003838,1.5237173695699937,1.220709448501815,0.25573872205950055,1.3078093377080826,1.0801736198402327,1.0019679144300637,7.254328619247669,0.9996553263631495,0.8813969236381398,0.6108850200976335,1.4982085983286755,1.1899160275767449,1.0670262533482793,1.1526012682323723,-0.27627503620040034,-0.184467478956905,0.3401134332186847,-0.09680018405775435,-0.1066884085389599,0.7668232537535952,0.6867370765287015,0.09700144959457167,0.15305695475918227,0.4256929542583661,0.36150911413346737,-0.0340939566573912,-0.4255086633747332,-0.26482225064464515,0.5950786998591647,0.034399186177302296,0.6170388950160851,0.06169998460472399,-0.09710965998447628,0.18032367488828435,-0.2533361188413898,-0.1302520942257773
ROI_072,-0.20473220139738632,0.7752929410505185,0.7406036471455785,0.47227219002585447,0.3454615901054588,0.1685226272102684,0.3724599840321899,0.5589206110076829,0.5385227566414884,0.23809798378684788,0.39173004317770216,0.5261255474316566,0.7344709551692291,0.5646172346986613,0.9560397224376987,0.5228083802420523,0.5277606424116272,0.7432888102246271,0.30271621132400633,0.959925378917847,0.659213119313101,0.39255051633416105,0.681183135558848,0.34199859440225755,0.29999686025242095,0.7341207364145231,0.5863618292445403,0.42537502474787064,0.6630061898592118,0.8063270455362871,-0.6253395869923789,-0.1680585516333736,-0.16931154342310095,0.5310165364506253,0.236920229427217,0.19011840665707924,0.18057732152187,0.5421680028633772,0.030020601814390802,0.24171118707097006,0.050414308693347384,0.29142481418983923,0.40231246917117225,0.015276540875499308,-0.2718743491890409,0.05127180924337079,0.02396699891769059,-0.0659103385292571,-0.042842949908194296,0.14711455713534108,-0.2872929162035522,0.3917773923134429,0.8806613877123517,0.33780298987775514,0.17896372961649729,0.2977058356909553,0.42890022450881016,0.46070074518691395,0.8809913399113802,0.6851095426451657,0.8026992713789232,1.3699663043629149,0.8919304949995052,0.8276105184765404,0.8822892259638715,0.6695326291346672,0.4139275544113705,1.2824339293748714,0.7684426123535436,0.8776953401896481,0.9996553263631495,7.254328619247669,0.6070369933113526,0.7943830085749612,1.310251155343005,0.9730006761139997,0.6992249502055774,0.7480070283032366,-0.3885899306110837,-0.43176864499038553,0.4530985395589386,0.05245769214401938,-0.1645019501926095,1.3836006917007402,0.45790034838729815,0.3345882531411345,0.0009719852412798372,0.292632988019952,0.4157812677217242,0.18488267503621236,-0.6183117904405855,-0.5342804065215053,0.8524320396298486,-0.023296378508465044,1.171359289813445,0.05065913748052289,-0.025426485892771637,0.13763483121122,0.006378685265412674,0.13905377164981847
ROI_073,0.21855879058948285,0.8339937462893474,0.8609542572807456,0.6893637327644663,0.4869570034566881,0.2947527158972963,0.226088040308776,0.6269085603787263,0.644441047068735,0.7217937341663496,0.5491750995346383,0.761648286729714,1.0179835197356621,0.8690784405398924,0.8593475357300802,0.6777089748358015,0.7084653570178804,1.0008719845859861,0.7756652298149819,0.9258375489822154,0.7114473193768207,0.5464120685154513,1.0819958614394283,0.6671032768130377,0.6869707521296087,0.7235476752746711,0.9340435323394571,1.0544761750159368,0.9084768485315409,0.9352829492887478,-0.29381474877779945,0.1708671433223591,0.1824380560607971,1.104610284433378,0.5758887494883616,0.38964038522430905,0.6758139306567523,0.45641439770379544,0.13991660422641836,0.08955640507252223,0.11576619055711283,0.29248530079566,0.19517343804657,0.21908794942892315,0.13065042938209143,0.2680034495252055,0.06642163333926773,0.16492626908639021,0.08316293228728129,0.12386714089505382,0.3895944574762906,0.8611246921704022,1.2022969205369962,0.6142328074816547,0.4929901646221433,0.5573860930729835,0.7904142276882306,0.6276238083196023,1.0313157552338716,1.1265231916718121,0.9492026971226614,0.6903878068828423,1.1172222670268348,1.0348587291232605,1.0086294410562702,1.048529315203792,0.6684475066458833,0.862526754594824,1.0980811173434908,1.0081696099972166,0.8813969236381398,0.6070369933113527,7.254328619247669,0.8854122318461453,0.7581373557386558,1.026291256007345,1.3310802938455486,1.2738404790690705,0.2079760788472094,0.2865313506082121,0.6838295904118695,0.22850121764262074,0.45689153412888145,0.39067266042852716,1.262012018456644,0.4698798843037943,0.5884887796570123,0.7748747665587588,0.601139783113118,0.3266841220519176,0.16600029328142782,0.21814595690098879,0.7154153059692907,0.1641421217400645,0.2941658285928156,0.4001257442941038,0.3387180765702805,0.7480756285111054,0.06428897073839773,0.12036221815736874
ROI_074,-0.019243252051733398,0.8223368190790904,0.7480063409945101,0.5722695088170978,0.4864367038221356,0.26651041662254354,0.4623641726614455,0.49995522432633005,0.6436823989346576,0.3778991642976439,0.4905859890797152,0.48336011986951266,0.6532864791963849,0.5771163252043249,0.6436580513425763,0.36625886330194296,0.2234375950240464,0.6008533424805518,0.4425151203931545,1.028797953429728,0.3936363618619947,0.20676667728673945,0.7513746091124148,0.38128125725024287,0.31204778103453984,0.5885012895415852,0.8172907032004955,0.6960090195587887,0.6118893128533326,0.8348806008726752,-0.5281682083475311,0.016350255014892446,0.022465235256396012,0.4991838225608474,0.16017564525207484,0.5998037642770816,0.6704657266263147,0.6492532803300829,0.28398716717776135,0.4203856127511351,0.27188843220395226,0.39657536949174477,0.3661290962274557,0.40177687454463057,0.015264198648331635,0.45084103332509906,0.19085944651331874,0.10232968042311187,0.2374076118413778,0.5142227259699411,0.21405211994525603,0.6021870833524009,0.8558657710663656,0.4629684876778488,0.35687459025066287,0.31598603884481774,0.604813850262076,0.6174783585268153,0.7533045779563824,0.6243126991961974,0.6533551820529887,0.6111837900217142,0.7850691417757195,0.7820782454866073,0.6030044737209658,0.6585224520139171,0.8011695875217656,0.7069085937970807,0.625770383718138,0.7108184258898335,0.6108850200976335,0.7943830085749615,0.8854122318461453,7.254328619247669,0.6447129511335722,0.7184078736337227,0.865495898638782,0.9615569263550153,-0.013385814781284745,-0.033224670332639955,0.576173469133891,0.24542088691167843,0.24606244794142842,0.46129288606431773,0.9037701961210219,0.5679191681369191,0.4369898805386761,0.6815851153988693,0.7955728594842724,0.7197407962978706,0.04104232803488526,0.04943074578487652,1.5360247156795228,0.1366312265859205,0.6188027477930947,0.47475663965433373,0.5203737158373082,0.4902906142047309,0.34100093644929014,0.5612194104736332
ROI_075,-0.17086288627574175,1.0781272939766782,0.895396170993158,0.742555355456988,0.4774969769023438,0.14745766965344204,0.1915959977197595,0.8043531001274298,0.5851938953166254,0.4709015338349959,0.6021131690106941,0.8900505347517431,1.091080279577823,0.7414192584105945,1.1117516305564654,0.8141428981512283,0.9481761578789907,1.0562695782454274,0.5681596141818858,1.0865033599902052,1.0537310304072256,0.5061276606904244,0.763438707092611,0.6580753925727351,0.4745314537814559,0.8361186099453687,0.7273025695297124,0.4903679622371556,0.8962572156217544,0.856299821512318,-0.43924799968837575,-0.10662582930557461,-0.14157828861682462,0.7703254765570429,0.3885266118788013,0.03163184633071083,0.140489736678426,0.2673383906601061,-0.06323812928881903,0.02470450431781481,-0.14503949807893537,0.19658898646644984,0.20966148851684938,-0.09713360224047221,-0.18934778263351237,-0.10831439634795587,-0.15406661038365732,-0.17052464557438662,-0.3305716794694625,-0.17969589500823815,-0.24219155456598207,0.5912120644934172,1.3404081064841413,0.5740213761988087,0.2657345625657955,0.40006324025638984,0.6676595536065617,0.5282531424520033,1.125704409239848,1.1062811230138192,1.482646010866548,1.5587348324083992,1.277665095914323,1.1447528622321643,1.33344775582004,0.8834861273056064,0.22518349763934867,1.8188521950480265,1.043989076848838,0.9902888231774454,1.498208598328676,1.3102511553430045,0.7581373557386558,0.6447129511335722,7.254328619247669,1.3341194457503716,0.896282498199237,0.9635207764421899,-0.3103116500202971,-0.2927923933219945,0.35514165647123763,-0.15010486325255143,-0.1788780145746113,0.9206074453167871,0.6000517232468967,0.0576658166902354,-0.0009934290541749168,0.26256832074500563,0.3088881466232606,-0.07006277613864845,-0.567923470724104,-0.357841846981044,0.6383688954257546,0.10440004546838534,0.7910438171589824,-0.04426399546263273,-0.20583830909942688,0.059777359634329494,-0.2958996701419288,-0.16175318105342884
ROI_076,-0.0027915162819696876,0.8625335760486501,0.8731131850869536,0.6621703877544578,0.3880475713258285,0.07619447967431715,0.08777849509015434,0.609435157690045,0.5051216309104596,0.6048587988789562,0.5256884631575366,0.7824263881063748,0.8989173919447292,0.7745842862539408,0.9939185214801173,0.7170500776200252,0.7924250170972447,0.938389826268218,0.707964514958631,0.8851212168627589,0.932062097016397,0.4107119761574318,0.8228388021833485,0.5847286947831128,0.5083028108228796,0.7361406700376462,0.6674730582453315,0.5879315744272322,0.8046785680814666,0.7667058831601907,-0.35544503921281684,0.04319611481804827,-0.13843318575816563,0.8254161965216631,0.31566997600453306,0.07645515852578283,0.31662270886906835,0.2059247177984374,-0.11439021788215806,-0.05115743334118297,-0.1974967336730487,0.15074342502064328,0.055436154464421246,-0.017655162720019598,-0.11823337439532684,-0.07696293215143887,-0.26030457943931073,-0.20350427886233532,-0.31206179885100993,-0.13444780047238383,0.07100059888296636,0.7529230503217248,1.302101563010413,0.5672953072705779,0.2777505598273512,0.46190671974671493,0.7242288874854156,0.49562277826231654,1.405254268894817,1.2977840060054189,1.3548362221330563,0.978590175007882,1.2291773240376138,1.147836596209469,1.2918287975283747,0.8413996980418014,0.39148625091257905,1.4332684322458857,1.35403313098305,1.0789150335555182,1.1899160275767449,0.9730006761139997,1.0262912560073447,0.7184078736337227,1.3341194457503716,7.254328619247669,1.0685009758718296,1.0652238397685774,-0.03155837647583926,0.05352837186299598,0.5126583699267551,-0.014372484953462947,0.08629051635579728,0.6963277887354866,0.8125745339053414,0.19250688430102747,0.1844887259381442,0.38040100270572297,0.3759594019952446,0.06436116692923097,-0.20796298343771377,-0.02553216750496624,0.6561733539532097,0.33635952900113897,0.6463653653528487,0.060654265940831086,-0.09458252747444978,0.27641396116241573,-0.2134003878666572,-0.09684587128741441
ROI_077,0.026925836118571744,0.7992771020921708,0.7609091960992868,0.5486193924215887,0.35654704221780936,0.15673179179475533,0.17191718246874554,0.5963987120196307,0.5860729180992879,0.7079682080811611,0.6091226103232777,0.8386252049006246,1.1191644066958684,0.8718455569876393,0.9901650515886852,0.5941025548192591,0.7361341251891604,0.9703587473003725,0.6779369374731284,1.099141628760838,0.8172522906090862,0.439195345221566,1.0499039516514546,0.6146317540519957,0.736484795604944,0.7263154643077897,0.8975422425063942,0.8795418216201879,0.9902090791555046,0.8572951054715914,-0.3274185680097384,0.19263436032356468,0.08870454370406677,0.9681163154177266,0.44411510382229114,0.4023692365313809,0.6622850060352412,0.43322305725698257,-0.012220875106679416,0.06344164620789995,-0.013126875264091975,0.1966572435446791,0.10300448926588308,0.08510331033442409,0.050231446617092765,0.11341723535107102,-0.041466288239444524,0.0017331500486038945,-0.05486294589086356,0.060999650024676715,0.22823826475841497,0.6027322735649606,1.1184885347823221,0.41167064919990126,0.24589002583025305,0.34471142451906894,0.5825920811908909,0.48987201787810664,0.9388915765275245,0.9348692136952949,1.0501533509153596,0.8277444057692184,1.1036024347323614,0.8594766569928662,1.137903530494573,1.0756258834680985,0.6742813650139141,0.9745190693477644,1.3054230226120747,1.1253982630058144,1.0670262533482793,0.6992249502055776,1.331080293845549,0.865495898638782,0.896282498199237,1.0685009758718296,7.254328619247669,1.3919693011742764,0.1379334530432528,0.13601631532721883,0.8008391914539932,0.27337610204068696,0.33090310754519564,0.5404078392911992,1.2004014791838633,0.3932706503977173,0.5854115458146648,0.7478176262730106,0.7798593398979051,0.28072069563135343,0.041032333175111596,0.10214648162698256,0.7238172872091312,0.16216302198889962,0.4212290763183312,0.34631552764209267,0.2464771631234793,0.6314062993529145,0.025801673149254706,0.12382437245965137
ROI_078,0.0492961303142141,1.2015585510320488,1.0147169014673239,0.92978976066921,0.6365237212496331,0.3596161888087869,0.3804304436161888,0.978964072498286,0.8502828025845636,0.9489510910176537,0.9448241158045494,1.2510261976931905,1.3857092768177905,1.2348512865834087,1.2269817862394972,0.8811685722163184,0.8646430464478605,1.3257184246935336,0.9586647499698049,1.3191205797052876,1.0139912627058976,0.6523622392676859,1.226825117617436,0.9239733375615469,0.8820586936367677,1.1955354930217692,1.400142209678625,1.132770644846643,1.286048799041928,1.3174813380983956,-0.2872414979307136,0.2557027467383304,0.21692080159929156,0.9991274113826214,0.6060792660590911,0.37327707204390953,0.6042132394016596,0.5138100966496073,0.24707538047571795,0.2072772009366875,0.11887102994410888,0.5009145260961061,0.3673467317793061,0.30974461666087905,0.17517666513931612,0.28888921659864125,0.11065512794703153,0.1303216224906628,0.0421628399474341,0.10118007559204713,0.181699743067795,0.8194485265984177,1.357041034326953,0.7224822051622077,0.5166462726286184,0.5475538703525793,0.830490504987843,0.7391345406728802,1.0938672381360894,0.9949816339450924,1.1256783065112326,0.8557153877849244,1.2247241835770597,1.1504204308868788,1.1473461546761186,1.4239958469992737,0.4697466778042394,0.9701810369759297,0.9083227443595241,0.8760411574364318,1.1526012682323723,0.7480070283032365,1.27384047906907,0.9615569263550151,0.9635207764421901,1.0652238397685774,1.3919693011742764,7.254328619247669,-0.023126673336512516,0.11251521672825884,0.48714407671449766,0.01596354611438743,0.17007253144441067,0.4350047151756527,1.211210166805099,0.2787857096177949,0.536502648214841,0.8361983197473203,0.5968784247180399,0.25213662988507857,-0.05842506623116824,0.05889089693674677,0.875623482583319,0.06215674735014208,0.44147700657778216,0.36090019852210464,0.276462083242724,0.45906907160138777,-0.03193659875250406,0.14451885798843797
ROI_079,0.37161608772831606,-0.18342269531481223,-0.10365458921050076,-0.16222571367938848,-0.11418870996999358,-0.08368730290557633,-0.22334395923186998,-0.2551961859470123,-0.24539588933329595,0.17512836532334833,-0.13241280675710687,-0.11432469318402358,-0.05453577848946365,-0.11339083539557301,-0.1939073084631232,-0.18913238285512482,-0.08259254915324682,-0.19309667937273378,-0.004113444716860421,-0.2256079749767152,-0.21866023555437503,-0.14257452091798747,-0.08953957773479088,-0.02119542962598988,0.16076046578401632,-0.30241036432142077,-0.09233989468831237,0.15828370283592605,-0.09132151894556514,-0.1201685096564079,0.4381364895607828,0.42887979079832317,0.14395435223472008,0.09419116131767913,0.016493037629326242,0.07320355821575994,0.3703594161738419,0.013002252764006756,-0.034743765433372126,-0.16376126417148837,0.07785809377172806,-0.24026880410616666,-0.3433240882598464,0.16564580561052833,0.3969325459053716,0.1943331541164311,-0.09594621598189992,-0.001581948884126499,0.045968574098781544,0.06472359453660476,0.6013963947262322,0.05215469262723145,-0.08226089476779935,-0.10499200794961511,0.03581831320118137,-0.08437718551962844,0.027768921522763994,-0.11666038908497217,0.025242588976562074,0.08549929935453607,-0.00919702605040827,-0.2943816605852556,0.012854019396126317,-0.03189257237166867,-0.07381201487663215,-0.05164373735443083,0.22783658610814145,-0.16574944286339463,0.09857289852333302,-0.03340157204106193,-0.27627503620040034,-0.3885899306110837,0.2079760788472094,-0.013385814781284746,-0.3103116500202971,-0.03155837647583926,0.13793345304325277,-0.023126673336512516,7.254328619247669,0.9255313267058546,0.3986580515030478,0.3449615122078342,0.98646715861695,-0.43770142927387257,0.3238128026486147,0.25458976821721974,0.4847584829419088,0.16428293639151753,0.10348130547952257,0.200880273998727,1.0214385841345444,1.031217860392234,-0.06414233093035974,0.4483848639412537,-0.34839769671768334,0.31130581925547723,0.41981309863693955,0.5249076806168707,0.09331685072438806,0.14882872262060412
ROI_080,0.5505978968497537,-0.0776539149464354,0.07164117783507207,0.0221972487893894,0.08537193728510047,0.07306811513889637,-0.1015666433138519,-0.05069320705592989,-0.06208387652019987,0.4330483447339649,0.05005830336568252,0.05111130654522885,0.0006985436997668763,0.15803450365509675,-0.08824528233210875,0.04439197621730751,0.04253571846487455,0.011366540992345544,0.3335143444922368,-0.18794679600650224,-0.06162104348322017,0.04558344531771477,0.10467525252939469,0.20440834312524653,0.32897150082242754,-0.07486686491945967,0.07377198164047674,0.2792636359730082,0.02571198431983173,-0.033327214594336456,0.4172496570121197,0.8423093061089386,0.2499288624733792,0.25748823994597053,0.16810862247914807,0.11805967602110685,0.476499221594912,0.0321028152732071,0.0774381817164289,-0.058553262215112624,0.13519767707359506,-0.018662722622311917,-0.1922048010062021,0.22681986413478417,0.5881360703303199,0.2608663820501268,0.061019369983309604,0.2379424925808524,0.13599391915381945,0.08247571149344053,0.7501663141671123,0.2816194474371426,-0.011699649146542257,0.131065006353543,0.26824735733331984,0.23189833612153948,0.2143409226034423,0.09450878033418669,0.1574279202351461,0.15994852280964847,-0.024014772435883555,-0.33496365025156777,0.02820987834160369,0.06328710718270797,0.011169666815497395,0.07337744782355164,0.12599443473736818,-0.12069791183315069,0.07445760054220214,0.029112942365104814,-0.184467478956905,-0.43176864499038564,0.2865313506082121,-0.03322467033263996,-0.29279239332199447,0.05352837186299598,0.1360163153272188,0.11251521672825884,0.9255313267058546,7.254328619247669,0.15287490579441065,0.13810922379874802,0.7414155875542359,-0.5695404801656804,0.34627560268807994,0.13631875153738543,0.6786842177380952,0.22599249985454195,0.10936927475171765,0.12077079640234263,0.7660454353051162,0.9953666887492484,-0.08505851419601868,0.2838748031096334,-0.47209795263843557,0.2768139193819224,0.3358664378632492,0.4767330557643022,0.03539908694668649,0.14511050318741114
ROI_081,0.031393666278262435,0.21472883415408664,0.24398972309669112,-0.05149746580419173,-0.08420025147510618,-0.027277022276985592,0.02418631659217892,0.0139916708049557,0.22753354539691004,0.22632702976462293,0.13457147634589325,0.19966587064602745,0.46101407409552264,0.3072868616590423,0.42490441984347427,0.05061785065904306,0.2423373100993069,0.26632271249042505,0.1255874974471856,0.5017807142698842,0.24937159017776217,0.019363264841189137,0.4219247871612918,0.09995416077460699,0.3075906653022228,0.19944497716941836,0.26883496162007925,0.456513679240794,0.3800633499376821,0.3061029724891632,-0.27018115087943817,0.06011935324455455,0.04575430991835564,0.4361329882894502,0.08495250444395328,0.5614907519411572,0.5495745316676429,0.3505676333163019,-0.14644521294488755,0.06444435276680775,0.1635277106814699,-0.09745856457946296,-0.11358942861258992,0.07150726264031756,0.00014113177884870714,0.07389899803877213,-0.013580259480465104,-0.011334323179091126,0.10429126069621271,0.23626271100669768,0.27981238666481206,0.08376494740855402,0.3924665319245213,-0.17169734086425997,-0.04742835961279853,-0.014372129675912166,0.07156242991453118,0.08423046332259765,0.45677353331020953,0.36443795805149615,0.40946060593026307,0.4803602972738323,0.48017766566747,0.2551067921214051,0.474436759059689,0.36484758576135945,0.9589455211815043,0.4681105378007524,0.8499632160970213,0.6441927293113132,0.3401134332186847,0.4530985395589386,0.6838295904118696,0.576173469133891,0.35514165647123763,0.5126583699267551,0.8008391914539932,0.48714407671449766,0.3986580515030478,0.15287490579441065,7.254328619247669,0.9557031890584183,0.8194209777751736,0.5527626473369486,0.8006313369406552,1.019230860177595,0.5391648792857826,0.630971262011236,0.8976787312487265,0.6141258100398534,0.24869566960675002,0.09519880475598985,0.5318731171269069,0.23794738835048673,0.49546274328861256,0.4176897826814025,0.4432048470053169,0.9399453591294401,0.28518509087457816,0.3117615829322013
ROI_082,0.07836412216677144,-0.2304601944900406,-0.13890574679127396,-0.38253563004129393,-0.3572438350348576,-0.053189032184780084,-0.029372263554824883,-0.3674089397839591,0.0609237697624363,-0.09521935962041592,-0.21713941031929743,-0.2828850545410605,-0.06904128504690121,-0.0740380223078171,-0.055095899382858686,-0.2565947134173378,-0.19589385476797508,-0.14670829205332814,-0.18725325400869625,0.10985000870862724,-0.20999169768505996,-0.23555620839869373,0.0490422206074012,-0.30965103461629545,-0.03196785197054237,-0.19897287716971931,-0.08543320421176515,0.1894594893622872,-0.02838711230045026,-0.11799720160541892,-0.21415660098432485,0.050407976412041686,0.11699115908407727,0.10683119364143327,-0.09344754048557656,0.7285199301897594,0.5476590442423291,0.28732164455721726,-0.22888961937482868,0.039709650385792154,0.29834531879510523,-0.1944932786784415,-0.15404745865990396,0.15555280827304852,0.0008891590044644484,0.10527241745533891,0.14587840283811093,0.18107998346974735,0.3433424378188982,0.4690978813690151,0.3539540803848738,-0.18875254005432723,-0.10305105669285464,-0.49215064498835087,-0.21809445877860612,-0.20418232935782885,-0.2708959964746443,-0.07982041848501796,0.043204252471641336,-0.10981855606166244,-0.17295316231495148,-0.01273528679952129,-0.07511393288528771,-0.18452921982746656,-0.058288225356447766,-0.06784664521550315,1.00633363583021,-0.056528420376569806,0.28532150153319186,0.256231729653929,-0.09680018405775435,0.05245769214401938,0.22850121764262074,0.24542088691167843,-0.15010486325255143,-0.014372484953462947,0.27337610204068696,0.01596354611438743,0.3449615122078342,0.13810922379874802,0.9557031890584186,7.254328619247669,0.8472156534443911,0.2562370479754775,0.3362114143157575,1.107156600029526,0.5324316306140146,0.48424387323246515,0.8197356593138718,0.7752665433864869,0.3578559168793503,0.07962101324228006,0.15193298275872397,0.030332483507364883,0.17170620961037816,0.5269639042785607,0.5258090455379024,1.0367906762693464,0.6807640895393755,0.4815199809722267
ROI_083,0.3900682766851974,-0.009177581916256505,0.0592231575151497,-0.05556034750226162,0.002896263896235778,0.09918961834306003,-0.021067356661750913,-0.13260450476442365,0.12682470560006823,0.24495741651154307,-0.06455203007462564,-0.03605871154766646,0.10272984697327042,0.06596738130901256,-0.009295073987949294,-0.04097176249786282,-0.04122432941018107,-0.02946567465008935,0.08881755470937266,0.06073469897446507,-0.07360247073202919,-0.12249071389025414,0.07086610708416428,0.03167548557927945,0.20542152879071574,-0.1328326831473361,0.11295354852383062,0.40068762587222206,0.0944547767257687,0.017884556084901842,0.1540667836295169,0.354117811835894,0.34654319223269064,0.2583368051357736,0.0726188446931257,0.5167233596163295,0.6880298232498925,0.23112359079312303,0.04002708249832146,0.03849433323981502,0.3929444348467116,-0.04675091117545656,-0.20107805350310323,0.3699558284492341,0.43513524215378846,0.39058513475303924,0.15138828112520702,0.24177430928923102,0.29226164824578793,0.321943678772812,0.8417465657661446,0.188969181777489,0.09648401547552568,-0.0517270338323468,0.1844361894053791,0.0973662302240759,0.1178875439412602,0.11501628668028731,0.22843819219872222,0.15785123087706113,0.04719645161052628,-0.07990352216232899,0.13816398413606715,0.059994265303246704,0.0649613768303155,0.08677039106365632,0.606372029538841,-0.0412831576563639,0.31150049281907893,0.13535466251677042,-0.1066884085389599,-0.16450195019260952,0.45689153412888156,0.24606244794142845,-0.17887801457461133,0.08629051635579726,0.33090310754519564,0.17007253144441067,0.9864671586169502,0.7414155875542358,0.8194209777751736,0.8472156534443913,7.254328619247669,-0.15219785641623892,0.67884810492778,0.8705359330282582,0.7725303404692352,0.6219488966574673,0.5265838924105908,0.6617083525303374,0.8984175290402446,0.6510915177149292,0.21108717126034143,0.27518193164301474,-0.09110580253505617,0.6912801595549595,0.7880067204635297,1.1211744610679495,0.3756835986277251,0.35135116329006055
ROI_084,-0.29577038681784845,0.4019210832334548,0.3821369929909053,0.12883272396352227,0.03693189245615187,-0.00801086738092918,0.18355638220661108,0.2491558276121091,0.3093738889703987,0.01237510333395458,0.16031456501856056,0.2831865785444882,0.508829460006038,0.35901048392531665,0.7148634327133335,0.2742733013745648,0.4009857350637912,0.48233492128519706,0.06161538887356441,0.655512815765902,0.4752175341425661,0.23549438844466503,0.5039379978330908,0.09031946174071567,0.12695779496446125,0.45007124544129384,0.2572688182168119,0.1910038844650095,0.41159159199028156,0.4445964128822045,-0.6642184733501051,-0.30677459553849307,-0.2026417327617185,0.3432145485301838,0.12801738538866805,0.1569953619365729,0.06106621431043134,0.3662589203077691,-0.18647127485648357,0.09094409287198964,-0.05880467810696351,0.04458725420018265,0.20278698060284545,-0.21852963217601548,-0.4443106776537814,-0.18427409140298745,-0.06172032806251978,-0.11417236040601376,-0.1313444552531169,0.04661556595254986,-0.3765765003224629,0.06362868781828836,0.5305702299431944,-0.015782985509364692,-0.11781250956409411,0.06574946348318836,0.07632928936103964,0.1460385503472234,0.5311264559207567,0.4159207607271124,0.5193750013854042,1.0688495453727418,0.5389338259263338,0.4199957265016718,0.6638273522057534,0.45013787967566266,0.41953352370294594,0.8938345732404501,0.6922054544151869,0.785868654556568,0.7668232537535952,1.3836006917007406,0.39067266042852716,0.4612928860643178,0.9206074453167871,0.6963277887354866,0.5404078392911992,0.4350047151756527,-0.4377014292738726,-0.5695404801656804,0.5527626473369486,0.2562370479754775,-0.15219785641623898,7.254328619247669,0.2451711640826108,0.3991223539079613,-0.0683969521139758,0.1727863187579869,0.40491832472104516,0.127027718322642,-0.6613787037237526,-0.7615668905395989,0.49299891045607974,-0.08268252607254505,1.1096270335577911,-0.0530246430187449,-0.13883490232513945,0.15359507940059403,0.0024564616432436017,0.04561981924077091
ROI_085,0.14274821654830172,0.8206665670499652,0.7823409076662858,0.6643186764844277,0.4592935256262865,0.32999028158205296,0.22437253544478047,0.5924674212035379,0.7527314682356246,0.799624911101708,0.5601021346600908,0.7287070990991742,0.9047261298515903,0.7885790134745742,0.7198720246811166,0.5852314297918281,0.5391444618062449,0.7635273364733556,0.7143473267949173,0.9405243122349167,0.6700084139254414,0.30351125805491,0.748141926462739,0.6554814615864024,0.6961477442137303,0.5952033463598232,0.9928103429386439,1.092675646912578,0.9485988680326396,0.7749688524726288,-0.18034858020214056,0.2626384036429239,0.29430353194874215,0.8602699296581585,0.4132612928307968,0.5890124067767976,0.8321910923987281,0.44733503012917936,0.18410170735131978,0.13541936650045494,0.24172594725872265,0.3058463387119758,0.10405297138496285,0.41601287897003725,0.3090869276468192,0.3890035574108776,0.11446553518291754,0.12655499007931698,0.11982117650638288,0.18250592968329507,0.43500004851241997,0.7273399626588367,0.9529765959058866,0.5082627818413337,0.5104317277538698,0.4859801498560275,0.6955331965557137,0.6302853860217931,0.9516119076341925,0.812088843930005,0.8495590615511114,0.5841576730990871,0.9622650854095449,0.8405699027798954,0.8079426097251032,0.8033268114893187,0.6342707912255612,0.6510524304539209,0.9269742884128095,0.6419865452434896,0.6867370765287015,0.4579003483872982,1.2620120184566448,0.9037701961210219,0.6000517232468967,0.8125745339053414,1.2004014791838633,1.2112101668050994,0.3238128026486147,0.34627560268808,0.800631336940655,0.3362114143157575,0.6788481049277801,0.2451711640826108,7.254328619247669,0.5981498298857054,0.7246237784287847,1.0892750012113044,0.8266490324522495,0.507122385108059,0.2470355014642367,0.2986999053138315,0.8164295026174955,0.1384367645574633,0.29798094466474634,0.651299230725113,0.565692218000209,0.9125986498302903,0.1328653809869701,0.25316451258976475
ROI_086,0.14433969688672024,0.13786980385454112,0.1990958838588282,-0.03424308650167483,0.04860789964258577,0.28547662505705806,0.35514185537032217,-0.002435329251209631,0.3757587146827892,0.09974311696572798,-0.010767571738687932,-0.020490920153773517,0.1738573184628919,0.20954467743874988,0.2510803335239768,0.023819336444054182,-0.049546696801955364,0.11325079829880241,0.00932139814257327,0.34958323146669024,0.01027384358793089,-0.005337533129193048,0.28744041605656767,-0.027126536162178895,0.15447432662168764,0.11587230585564158,0.240917801034312,0.5018202417286092,0.20162099117272014,0.2750407971536254,-0.22119290962240876,0.11948138945374892,0.31125284996370184,0.26156935630089195,0.0839042179761551,0.7872663284630931,0.6744207807746293,0.5942711877256159,0.20029940584307496,0.40405242531767016,0.6334567890572494,0.17024620232356996,0.20223028643817414,0.4556143080617783,0.19197985741876555,0.49588470823722697,0.4310115652781425,0.3807610180737152,0.5390442818237797,0.6759516839581924,0.35176071033848133,0.09818211942132374,0.1709621775325351,-0.12164056627768932,0.14165662418285627,0.1420260174981347,0.047595322725606785,0.23809927902608263,0.2927380102683839,0.12716304359517497,0.049507713443201345,0.2099268906850668,0.22432434054436115,0.16983616901821774,0.18013233447208918,0.19881903045640284,0.9627254600953443,0.16319684880733254,0.36786394758087715,0.30303278982389215,0.09700144959457166,0.3345882531411345,0.46987988430379446,0.5679191681369191,0.05766581669023539,0.19250688430102747,0.3932706503977173,0.2787857096177949,0.25458976821721974,0.13631875153738543,1.0192308601775952,1.1071566000295259,0.8705359330282582,0.3991223539079613,0.5981498298857052,7.254328619247669,0.5494865873907018,0.7731159093927388,0.8006869308096634,1.0787993065489307,0.27370016321203494,0.0445180448734757,0.6046242543982875,0.021554816639897778,0.44645202328122024,0.7558058255054392,0.8269360535871828,1.0615936266137023,0.6600933869903632,0.6182108095657491
ROI_087,0.42002154437925593,0.21211380238390606,0.23411266469708014,0.15653740887257206,0.23045822167382443,0.3102427984704476,0.2597337972186651,0.22260945585765488,0.37303495597326775,0.6104541948666983,0.30566876033603746,0.30555731283283777,0.39042595134966307,0.473424238593871,0.2895896106936424,0.17196621955458324,0.17638683463605023,0.3445350747044597,0.3927584469239854,0.32287652695886987,0.1506559014545504,0.2139518653471385,0.4719055037202355,0.31575877601548213,0.5842686781278538,0.26490662595554326,0.4908431913387302,0.7138161729135788,0.4053779918387012,0.34077195677622985,-0.0039901514796588065,0.64373557416746,0.48476790143318776,0.5103271705657695,0.3542374189548547,0.7584206149091709,1.0542711370016393,0.5887773731098723,0.25890762886617846,0.2942931282770381,0.3787434914109592,0.29760722547032814,0.12946000378213876,0.3839397711072536,0.45513536084585526,0.46125940243149277,0.3283007623073777,0.4027497119294473,0.4537456430659457,0.4778029229695217,0.6185195200973894,0.29810283877651134,0.2513003377047079,0.08116316273617552,0.30901844800931977,0.2433701776639039,0.25435386495686774,0.3418915706655542,0.3347392633695955,0.19380360285820186,0.14662786228382924,0.048591142420673306,0.22693456000926862,0.17942986195310823,0.21709329488241527,0.4602181122562537,0.5897721235890028,0.1175395265077821,0.30666373223601195,0.31880273805717746,0.1530569547591823,0.0009719852412798372,0.5884887796570123,0.4369898805386761,-0.0009934290541749168,0.1844887259381442,0.5854115458146648,0.536502648214841,0.4847584829419088,0.6786842177380952,0.5391648792857827,0.5324316306140146,0.7725303404692352,-0.0683969521139758,0.7246237784287849,0.549486587390702,7.254328619247669,0.8023184810096421,0.8115579891520924,0.5195055749115829,0.5555673495833121,0.5173067976814535,0.3850274884369164,-0.030870583131807374,-0.10254608277895912,0.6075755567260012,0.7673524383058935,0.9280823507049138,0.38408440863852866,0.5718029538992997
ROI_088,0.22980078298123685,0.5548542425611879,0.5123759537127686,0.48623019312238813,0.45937948801812417,0.6117895364386318,0.5735184577528906,0.5324081377074102,0.9245512864365962,0.6800733961394587,0.6509804106408001,0.5597743533388985,0.6305409304962512,0.7242804026831211,0.6129528295496162,0.4973795335535157,0.37424329108198784,0.573850007893384,0.5444769707172401,0.7451442893221506,0.48835439349500775,0.35806879029192445,0.7122043671314379,0.5555335226348544,0.6753410013541125,0.6007728390099117,0.9206597594540992,1.109824268709715,0.7557369886476514,0.6700396776742771,-0.03575524328621106,0.32411374547055316,0.5979886247964182,0.6313764217370559,0.49829613513926596,0.9259344516784427,0.8935242342830502,0.6274169589866301,0.4073565930147176,0.43283986815867,0.6183473677878427,0.6057485767874233,0.3729143679824036,0.7591143059144037,0.5196837014458111,0.6934988281144256,0.4840857474914689,0.4853445035111609,0.5298025943475345,0.5025782832664133,0.4838597649672855,0.4710517310963691,0.500741790006811,0.33735427199582807,0.5928812701019339,0.45771032753222257,0.4479943895450655,0.6877683979866417,0.5124846938993526,0.38783207810444825,0.3542758901649292,0.33265649651328016,0.44886967852159404,0.4801276962635158,0.42985486868763695,0.664883935496582,0.7079272480546668,0.2745127355797852,0.47369645805232985,0.33861806769239317,0.425692954258366,0.292632988019952,0.774874766558759,0.6815851153988691,0.2625683207450056,0.38040100270572297,0.7478176262730106,0.8361983197473203,0.16428293639151753,0.22599249985454195,0.6309712620112362,0.48424387323246515,0.6219488966574673,0.1727863187579869,1.0892750012113044,0.7731159093927389,0.8023184810096421,7.254328619247669,0.8313553118296366,0.781605656112956,0.30121851748915945,0.19707097174005878,0.710286234609521,-0.04485419098050804,0.2549273380693737,1.0599359729909172,0.9158760583173154,0.9679200180398322,0.4294379999192632,0.5280656961517105
ROI_089,0.03566603869123474,0.31693295022841567,0.33627522556809997,0.1374242109544587,0.08494537380423625,0.18978198815170325,0.27418041519895603,0.18912099545078495,0.5579497275470938,0.3453317540303798,0.28137346000350083,0.24407175321904698,0.41103438034920403,0.4462322740099003,0.40288620714945533,0.11411769753888239,0.13672935239620124,0.37850618400442665,0.2843930337465168,0.7462133157069972,0.2717101692455822,-0.0026171982910119973,0.5193079223984987,0.17296206388002444,0.31801947136130543,0.31154400307425395,0.4969757089474735,0.5440123632326732,0.5239588493714084,0.35177759524798824,-0.3906280917767084,0.2004979423059845,0.20353064279632652,0.4685466738408448,0.08028293324244803,1.2491535118374508,0.9514114985548304,0.5888630561435815,-0.0015865619318610957,0.28624939298867524,0.32096267285147523,0.15840203428121985,0.063514877253727,0.28369908439758734,0.12938366417685385,0.26728387713040136,0.20592465585818634,0.2066381130826874,0.33347245205027576,0.5606514108316071,0.27175000926806525,0.2135177983643343,0.34620924615594495,-0.03213185133142523,0.13979393440665575,0.15276884303103272,0.16233669518699223,0.3498226262940988,0.4357663423828106,0.23970004013922316,0.2613862542424878,0.372812868454193,0.3276163356402496,0.25391975337295264,0.3945576095230959,0.3937245723951144,1.0574202807245363,0.3694036135553472,0.5721135326272131,0.5963193191326196,0.36150911413346737,0.4157812677217242,0.601139783113118,0.7955728594842724,0.3088881466232606,0.3759594019952446,0.7798593398979051,0.5968784247180399,0.10348130547952257,0.10936927475171765,0.8976787312487268,0.8197356593138716,0.5265838924105908,0.4049183247210453,0.8266490324522495,0.8006869308096632,0.8115579891520924,0.8313553118296365,7.254328619247669,0.8327561855017652,0.10187652057160054,0.003940286847930866,0.6445511588687474,-0.0669506860614612,0.3536851942253271,0.6561366684480664,0.6277945059223157,0.9763775794775269,0.5807042538091958,0.721811934013224
ROI_090,0.12797907635706252,0.14355739980106316,0.15648562758639875,0.021977725078887598,0.09677868573746909,0.2892343746116257,0.5219174608217565,-0.019675502178200025,0.40390060278724715,0.019976517604792184,0.07339127887472122,-0.09009762131940957,0.06337806489668563,0.1848248537587099,0.11773743251001767,-0.07457981823679485,-0.24492321003264209,0.0018553719947830719,0.062078885205033074,0.3648321625909682,-0.10168870279574425,-0.20658772003688183,0.23800213482565538,-0.06088609396588395,0.012282117787022843,0.0466458940646043,0.3036974244092589,0.3866996182629996,0.15107430980258973,0.22243968783352108,-0.1539641847645876,0.152702242706334,0.3011714524143604,0.09564873362111745,-0.13549509106405544,1.0391348291365299,0.7472632411377081,0.5730890915230414,0.2724911950260423,0.5651690655012309,0.7933470041712085,0.34306495943164916,0.25694493494044923,0.7043274421465947,0.3042082725200101,0.7580219627219319,0.5354816692331136,0.48244055729150304,0.7261049925978434,1.0985508582145018,0.36971327364101014,0.17806523777774017,0.08075889155751835,0.001682366294751928,0.18929547907742025,0.16021918677494426,0.09118075677527278,0.33573701898430575,0.15085166814371323,0.017899590678848068,-0.07303385998592596,0.03808551595741061,0.06884017207191657,0.08835435603220985,-0.004656515610763872,0.1059686715610879,0.898861425888777,0.018691826842878432,0.11205926283817468,0.15995970729189374,-0.034093956657391185,0.18488267503621236,0.32668412205191766,0.7197407962978706,-0.07006277613864845,0.06436116692923097,0.28072069563135343,0.25213662988507857,0.200880273998727,0.12077079640234266,0.6141258100398534,0.7752665433864873,0.6617083525303374,0.12702771832264206,0.507122385108059,1.0787993065489307,0.5195055749115829,0.7816056561129557,0.8327561855017653,7.254328619247669,0.35469980653716626,0.16540437662959268,0.7055718174127031,0.1271630560853373,0.3597443782732798,0.9526365764325042,1.1663041630910713,0.7922505871945467,0.9716405648108809,1.056591161700192
ROI_091,0.417230729156282,-0.26590658769959813,-0.2302536466757904,-0.1843279256627975,-0.036787198241423485,-0.014742816228605208,-0.1164239597875875,-0.30512576128548446,-0.17120954798136928,0.13082698911987503,-0.09295258974109433,-0.17052620294167342,-0.139879546234654,-0.18688434462380074,-0.32483737404304047,-0.30477729639616463,-0.32198946499842446,-0.28942742469692717,-0.03982262701135701,-0.28600582659477164,-0.3506230840800676,-0.20289404075624498,-0.1373660473947363,-0.08961951274129394,0.04174151995693816,-0.2769700827741789,-0.0799216236113114,0.14502202894182115,-0.2121884109404977,-0.1829954491422273,0.33824747976122155,0.24333203304464537,0.21537186339901165,-0.08552836061910743,-0.0641267123995937,0.224998772703467,0.3910981668604961,-0.022346769398491898,0.12087800658884444,-0.017506373816705702,0.14861545648592064,-0.11008111936547021,-0.27630748268230326,0.3097833224163578,0.3252709601543581,0.32341698364581434,0.011950496042991381,0.11263354266710386,0.28914440273547193,0.2440778643601471,0.9771464891925714,0.006627111201934621,-0.15880637609035356,-0.08986326715092118,0.08638541167523645,-0.0965420061914202,-0.016018414093639025,-0.10890452282984371,-0.12551931034264044,-0.05976395777463607,-0.18567884996549608,-0.5098850422594882,-0.13115725630939332,-0.19449905796643793,-0.2611822825550846,-0.08668689112201121,0.2801066751963322,-0.4411086437448939,-0.08481105402865453,-0.2374713344062833,-0.4255086633747332,-0.6183117904405855,0.16600029328142782,0.04104232803488526,-0.567923470724104,-0.20796298343771383,0.04103233317511159,-0.05842506623116824,1.0214385841345444,0.7660454353051162,0.24869566960675007,0.3578559168793502,0.8984175290402446,-0.6613787037237526,0.24703550146423672,0.27370016321203494,0.5555673495833121,0.3012185174891595,0.10187652057160054,0.35469980653716626,7.254328619247669,1.1569811976062294,-0.011229539306237636,0.31358685891313176,-0.5660170831334689,0.43122562663540737,0.6303969428548908,0.4838758845253867,0.30685142460047726,0.2771294591834988
ROI_092,0.5261488013994917,-0.08017895265961211,-0.012188382247604523,0.05170586590629789,0.09381448402334809,0.09228626694844173,-0.10671022462613385,-0.08933583431835025,-0.11403267202045021,0.31707074739944635,0.041730902967015836,-0.05176526032249131,-0.06070517720413879,-0.0025811919085779312,-0.1661810130715795,-0.056198400323078115,-0.0902786102247536,-0.11628886241655623,0.2256910524036934,-0.22076900149616607,-0.16269441028634682,-0.050747162393865376,0.00043852110635143063,0.13060682742585986,0.2553995140303422,-0.18484671513427306,0.07218351830606821,0.2515355924763453,-0.04747507717850134,-0.02244480624634423,0.5448372853681558,0.48799920300959904,0.19517394348402425,0.0975231225765559,0.06027433274010046,0.02492838358112236,0.38535644452003737,-0.0732033880135709,0.16872742961919082,-0.04303726928883387,0.03948559150912099,-0.048290349088118335,-0.24975300928703928,0.2765188323522967,0.44494462416830693,0.284287678151069,-0.033369582257753945,0.0678560848242367,0.08507566872942939,0.08487124139690654,0.7415866156741303,0.2553655295551917,-0.023953879511517173,0.14265881072865663,0.22948709902867281,0.12171758850959857,0.24589870131403166,0.0675625603768846,0.03085570933131583,0.1171261623753769,-0.006170320523215389,-0.48708631224569265,-0.017515670848785206,0.018426046111819697,-0.11431359748225053,0.01246026776397945,0.11619351768559255,-0.24504480114514013,0.012706742808345634,-0.14177270964698532,-0.26482225064464504,-0.5342804065215054,0.21814595690098887,0.049430745784876516,-0.35784184698104404,-0.02553216750496624,0.10214648162698257,0.05889089693674677,1.031217860392234,0.9953666887492484,0.09519880475598985,0.07962101324228006,0.6510915177149292,-0.7615668905395987,0.2986999053138315,0.04451804487347571,0.5173067976814536,0.19707097174005883,0.003940286847930866,0.16540437662959268,1.1569811976062294,7.254328619247669,-0.004133058605505073,0.4023988115077404,-0.5210313235649481,0.2750132098239506,0.41880969711511445,0.3104385219951219,0.08632751831020723,0.10334526393632676
ROI_093,-0.02436409314782916,0.872162248726241,0.7174867024132872,0.60354838167242,0.6321501121530586,0.42023003754149785,0.6548612566292283,0.6157209367661262,0.7435526025153493,0.41119304506352,0.500701861390169,0.511577755422108,0.6789105414991284,0.5983955714326834,0.7193163905154947,0.3833418031222138,0.227254417684709,0.57749666309898,0.38285508208176855,0.9440974975230704,0.4596588768544956,0.21901094272722416,0.6465605169183674,0.4360099343424371,0.37516359992669873,0.6289597125284629,0.86946426184786,0.7097450005145169,0.6514476676405715,0.912202306164577,-0.3551565572844109,0.05310301294979393,0.10018028467502688,0.4186813761815559,0.14873398381077385,0.5612382777732209,0.5665353044342426,0.746158314912939,0.48314959539739966,0.6273468053458202,0.39763486364414374,0.5640678942691224,0.48995459978258404,0.4816489936859107,0.13046112484189237,0.5882223541787374,0.3152041853838402,0.1464136743264956,0.30394565288531816,0.5365002418957406,0.0937357330978386,0.5397371083674987,0.7911843537065385,0.48310620703768836,0.4897119587566458,0.4042398572645507,0.6215850863005628,0.7176591553233508,0.7345867025434581,0.5884697546387967,0.6301701795354292,0.6620560120654487,0.7723898992150664,0.776748132641937,0.6061948717964709,0.6534497119223194,0.5684513086672971,0.6873151855696412,0.5305641188726411,0.4891584145641741,0.5950786998591647,0.8524320396298485,0.7154153059692909,1.5360247156795235,0.6383688954257546,0.6561733539532097,0.7238172872091312,0.875623482583319,-0.06414233093035974,-0.08505851419601868,0.531873117126907,0.15193298275872397,0.21108717126034138,0.49299891045607974,0.8164295026174955,0.6046242543982875,0.3850274884369163,0.710286234609521,0.6445511588687474,0.7055718174127031,-0.011229539306237636,-0.004133058605505073,7.254328619247669,0.10936811916052207,0.7603806931899815,0.5327183027651741,0.5855931657728182,0.3830742471066667,0.29274474161009034,0.5881439226880211
ROI_094,0.10401318784331608,0.07136813413272662,0.07493522490311506,0.015515611289976078,-0.04162335567227045,-0.17449615817254868,-0.1686490259404841,-0.07998363496602488,-0.13295510953668715,0.06340988207382071,0.045790666486618344,0.06472473055429583,0.005998484799176407,0.0351647593305195,0.020110159428931858,0.025181335191788078,0.08064792451115026,-0.005077188610821676,0.2239067385104802,-0.028346309672145947,0.05565797099931299,-0.1305796805401957,-0.008332366633466875,0.08120770187693221,-0.01683232607901629,-0.0740775070966484,-0.07484112887355866,0.005972625787307003,-0.019477910860564086,0.0034565301459703658,0.18638528977592528,0.12125114293093571,-0.19625192961837323,0.129311284782898,-0.15701331002545035,-0.15207622800912732,0.1023786139806317,-0.22338267381896046,-0.19410622909561828,-0.09339583672048565,-0.10516987372502391,-0.11524019133162049,-0.2209808822969462,-0.0031172548474861766,0.0801719216734613,-0.11410285759267408,-0.2842459697563839,-0.22532553373312855,-0.22617691845165047,-0.15628925611810662,0.24799509219883914,0.2589474987401826,0.20462035071595253,0.11088964414671819,-0.06282895614485504,-0.04012848694087442,0.19512313267052495,-0.021244698759009847,0.1995947619748312,0.3650595995377156,0.2539230005020859,-0.014448529349445368,0.19589685682083252,0.2077782255189065,0.12722907698383976,0.022016828540342554,0.08926202068678235,0.2159476314884209,0.26364909727122704,0.16460027241800676,0.034399186177302296,-0.023296378508465047,0.1641421217400645,0.1366312265859205,0.10440004546838537,0.33635952900113897,0.16216302198889962,0.06215674735014208,0.4483848639412537,0.2838748031096334,0.23794738835048668,0.030332483507364883,0.27518193164301474,-0.08268252607254505,0.1384367645574633,0.021554816639897778,-0.030870583131807374,-0.04485419098050804,-0.06695068606146122,0.1271630560853373,0.31358685891313176,0.4023988115077404,0.10936811916052208,7.254328619247669,0.23088688040142746,-0.004399438184278347,-0.08586781823743259,0.012079457709976383,-0.148162412300621,-0.14262923416516307
ROI_095,-0.25763909368932936,0.5219264378961087,0.48580684564554194,0.24528077289073347,0.18244675522640294,0.1732644419189424,0.39919953753392384,0.34531173433960355,0.4072302077480338,0.047940052306901126,0.255799178968071,0.3010187499308669,0.4155679314310145,0.41323370447560653,0.6777924084237492,0.3302625678921232,0.346435223813892,0.4150255012109546,0.175722615673692,0.6586512493423263,0.47143769029251575,0.15300975081346926,0.4063967898328459,0.20056930089017874,0.1563433290805558,0.4433217993195491,0.36965429778615394,0.25767497053554433,0.42942700038861775,0.5376843319938859,-0.367754626650059,-0.08485937956181941,-0.10525483490755465,0.2890818268190136,0.05933481038955595,0.21017012205399044,0.128538907164244,0.42580367848905093,0.04093926231362722,0.3594596500900528,0.19048334179870446,0.28515752004963224,0.3915765024918004,0.1029492153646906,-0.12823947693324023,0.07179675023450605,0.13895699937647896,-0.003715389820686031,-0.012288593045607806,0.18697844511070083,-0.33582064345395174,0.18884659749108113,0.5132772023010613,0.11588475231179277,0.049464599395460246,0.1601854679628908,0.2003069445695943,0.3085202292481477,0.5346514248207951,0.42171870691352437,0.5080897055510645,0.8284764392747529,0.5029105692666761,0.4852190627702113,0.5140892349280171,0.3665269512041512,0.32755351710454145,0.8235957249456562,0.5226754793493141,0.5314450830663326,0.6170388950160851,1.1713592898134446,0.29416582859281554,0.6188027477930947,0.7910438171589824,0.6463653653528486,0.42122907631833106,0.44147700657778216,-0.3483976967176834,-0.4720979526384356,0.49546274328861256,0.1717062096103782,-0.09110580253505615,1.1096270335577911,0.29798094466474634,0.44645202328122024,-0.10254608277895913,0.2549273380693737,0.3536851942253271,0.3597443782732798,-0.5660170831334689,-0.5210313235649481,0.7603806931899816,0.23088688040142746,7.254328619247669,0.12918961522321581,0.019493074892771772,0.07663708550133744,0.0498922300769698,0.17673812795990634
ROI_096,0.2362537475578123,0.22102239184067846,0.23900887423558909,0.26498049533275836,0.3546884418363634,0.6019313909628534,0.5912864630260217,0.24758327892932921,0.6393762649303413,0.4037091268041886,0.2697811957643675,0.1656746868381719,0.19828667564385324,0.3282261702415606,0.22864116658385097,0.18776587702431569,0.03700149952273791,0.15163674129539212,0.2525085844117568,0.3894782946808441,0.13664271684760917,0.061662061479379866,0.2620665828521442,0.22947791313032925,0.3885947619595239,0.21742044797346374,0.5069861948697651,0.6752135426063736,0.36563014642324837,0.34210191002390694,0.21487355654771867,0.36614208942606646,0.6417263707588335,0.2709360319152181,0.20711706319238873,0.9953640132549864,0.8124102189850684,0.5805642331974804,0.4026382533580186,0.4357443385573667,0.7555729579405479,0.5189811933641921,0.2873668200115471,1.1016068918604254,0.7369873709654405,0.9011790410802812,0.5321981791325694,0.5977872197166861,0.7583860424818375,0.7086216596876048,0.4419095243242551,0.2664913758822533,0.13545972822368335,0.1565555132215031,0.521344676949376,0.3221720181886835,0.25360312851063277,0.5423181467840875,0.21477829720896524,0.1470816439534054,0.03876477312187322,0.00491604425837521,0.14775149611437358,0.2412167331893707,0.11115443466205976,0.2741595591208153,0.5723430084305494,-0.01285223997523234,0.14419751253692667,0.003799812124312395,0.06169998460472399,0.05065913748052289,0.4001257442941038,0.47475663965433373,-0.04426399546263273,0.060654265940831086,0.34631552764209267,0.36090019852210464,0.31130581925547723,0.2768139193819224,0.4176897826814025,0.5269639042785607,0.6912801595549595,-0.05302464301874489,0.651299230725113,0.7558058255054392,0.6075755567260013,1.0599359729909172,0.6561366684480666,0.9526365764325042,0.43122562663540726,0.2750132098239506,0.532718302765174,-0.004399438184278347,0.12918961522321581,7.254328619247669,1.177660100383418,0.8922424235647709,0.698496684364449,0.7539658812817817
ROI_097,0.33049974865104825,0.15664711965886774,0.1341209368192354,0.11248647009894322,0.3022794869634385,0.5469788922679464,0.6370377457132056,0.11910639942277199,0.4225406039611804,0.24053415702736158,0.17213505494732054,0.035500093547904676,0.17750100936571245,0.20487155150023548,0.12609744247030474,-0.010101700771491463,-0.1435935593862921,0.044050247831633395,0.09334886928502538,0.2656314787878843,-0.06757175819843399,0.005996904881130848,0.24024004413066125,0.13826923691914947,0.2663876971506976,0.11501012821711021,0.4565085847422769,0.5774553598427966,0.2078954159124537,0.3167340178404685,0.10985712824215266,0.3530246133872602,0.5954375744258056,0.14518642404865809,0.1314488847696971,0.9605984784783858,0.807423800779391,0.7272671284408068,0.6156791078237185,0.6727969667062218,0.9622166628857074,0.48150058626209785,0.3460784840761211,0.9077422046238242,0.6386624208296783,1.2651753910484913,0.726071089695998,0.6804012794597213,0.9478608950305603,1.0616812276788896,0.5375837745903294,0.16089155683376044,0.04727285908249645,0.07517366361230958,0.43486745545278843,0.2639297775333175,0.16105243015720186,0.3823464904551012,0.08594756394438763,0.0033277600798928965,-0.07591154077813388,-0.05836422854893002,0.07587146944107548,0.0857841660696093,-0.035231570594250416,0.21885506931049445,0.6065010137497289,-0.12748702705952283,-0.014243509896158444,-0.05476420318301689,-0.09710965998447628,-0.02542648589277164,0.3387180765702805,0.5203737158373082,-0.20583830909942688,-0.09458252747444978,0.2464771631234793,0.276462083242724,0.41981309863693955,0.33586643786324927,0.4432048470053169,0.5258090455379024,0.7880067204635295,-0.13883490232513948,0.565692218000209,0.826936053587183,0.7673524383058933,0.9158760583173154,0.6277945059223154,1.1663041630910718,0.6303969428548906,0.41880969711511445,0.5855931657728183,-0.0858678182374326,0.019493074892771776,1.1776601003834175,7.254328619247669,0.8232732894958964,0.8798799425315109,1.0209839423484255
ROI_098,0.2702314901989167,0.14198794283942218,0.2316250311278626,0.06055062017345309,0.01600562522764171,0.21988000861355883,0.1598874244334638,0.04951099592582409,0.3824650260378137,0.3725023285204912,0.11220092397220852,0.13885728297939015,0.3130141959669987,0.35675190498276604,0.26787653173710313,0.12397816719157664,0.14053927940506067,0.25036727812711834,0.2537980199935044,0.4001508343211106,0.13451451881432339,0.08144124563223848,0.45274708307824885,0.12034181552804192,0.3872044232129772,0.16727946847360223,0.38106205658080666,0.7192830645716405,0.3801259507508006,0.29148703858639274,-0.11959077053259737,0.3055431440885911,0.37057116031026177,0.5264024846221453,0.24973567307515604,0.8978870223675744,0.9415021757558152,0.5117615401528274,0.049234278851639765,0.12343866604102478,0.4157554806094744,0.10906034852518341,0.0048876632823342476,0.41974561074437183,0.33362214064160123,0.4120980524828397,0.26003461267636646,0.37696190236224364,0.44532228901726023,0.4731917194423649,0.5716317146092886,0.2374890151402246,0.24642278645193305,-0.03154768876048721,0.19536535283130116,0.19380116184973784,0.1467503330544061,0.2556242969703621,0.36948584461893264,0.26759748994697824,0.15928743862158615,0.14886733410875766,0.2859853506286303,0.2392627739587735,0.2851280025105845,0.3394828011866367,0.9969093598076313,0.1688734749277725,0.5025631149322571,0.4212202149057584,0.18032367488828435,0.13763483121122,0.7480756285111054,0.4902906142047309,0.059777359634329494,0.2764139611624157,0.6314062993529144,0.4590690716013877,0.5249076806168707,0.476733055764302,0.9399453591294401,1.0367906762693462,1.1211744610679495,0.15359507940059403,0.9125986498302903,1.0615936266137023,0.9280823507049138,0.967920018039832,0.9763775794775269,0.7922505871945469,0.48387588452538666,0.310438521995122,0.3830742471066667,0.012079457709976382,0.07663708550133744,0.8922424235647709,0.8232732894958966,7.254328619247669,0.5607237111537605,0.5368548234576898
ROI_099,0.18687248250225594,-0.12850412771731212,-0.08287501257187037,-0.17256205986098921,-0.01293657704314425,0.3295930114370287,0.4663393256663775,-0.17054214610808996,0.22912565887968675,-0.08975045872559494,-0.09158136280652919,-0.29498760883444536,-0.1485744909039756,-0.09978020073397226,-0.087086143080326,-0.24066901217602513,-0.3730140958737843,-0.15365855862470976,-0.15932503998509287,0.10345848425539858,-0.33087659838892475,-0.1303402206164564,0.05719412477896241,-0.2071791348585571,-0.07283809158556355,-0.05810469071831272,0.08670164488655419,0.19975865294496495,-0.09692156850183999,0.039300319131153595,-0.10673481088097313,0.09684500252715347,0.24129342956658664,-0.04282127770160453,-0.1344852119374325,0.9005938381324998,0.5278948758392992,0.512008497743926,0.24832330207147496,0.5314367219402876,0.6535347469063817,0.2463759723251001,0.2499205881990642,0.5438663770879977,0.19929007073969346,0.6219916092458626,0.49260213541383713,0.5278181660476698,0.9293803125722042,1.1334566049876214,0.32228679418666306,-0.07454903243020539,-0.20649747757177067,-0.20950588328895609,0.08507836144142451,0.091487469880147,-0.10506140604875173,0.20226392495702905,-0.10468466739488477,-0.2296728022679789,-0.38470203409272813,-0.16834016768784563,-0.18405722133517402,-0.1379585897263883,-0.2707976100772422,-0.09672262646294784,0.7449693115934641,-0.22499364096805385,-0.14855505467188715,-0.02103762018550594,-0.2533361188413898,0.006378685265412674,0.06428897073839772,0.34100093644929014,-0.2958996701419288,-0.2134003878666572,0.025801673149254706,-0.03193659875250406,0.09331685072438806,0.03539908694668649,0.28518509087457816,0.6807640895393755,0.3756835986277251,0.0024564616432436012,0.1328653809869701,0.6600933869903634,0.38408440863852866,0.4294379999192632,0.5807042538091955,0.9716405648108809,0.3068514246004773,0.08632751831020724,0.29274474161009034,-0.148162412300621,0.0498922300769698,0.6984966843644488,0.8798799425315109,0.5607237111537603,7.254328619247669,0.9200098361081439
ROI_100,0.1466288415927454,0.005898543706972383,0.039548662190823196,-0.07596347838022424,0.1229576154607824,0.2840481732613468,0.5896634478086626,-0.025869172320885685,0.29616041606632915,0.046926545902165086,0.07336547930909641,-0.11961304900207288,-0.005744336166490565,0.09945348265984735,0.032593234562873434,-0.20005796788279892,-0.3423579373816605,-0.06915710362460155,-0.05341100341889002,0.20641494688849446,-0.1765242468874623,-0.20046504778748722,0.1457490784332713,-0.10965026276853153,0.04790250794371199,0.04942337183272288,0.24532124060889507,0.25833464444595855,0.07554012430139445,0.1436721113544452,-0.11035175882591064,0.2745471125227105,0.22678299397842713,-0.03783085658271274,-0.14288673463045196,1.064328367009544,0.674907251174763,0.7957144010174061,0.34564312418530707,0.6648560317618901,0.6408732611954939,0.3579533795311186,0.30602774854356785,0.6238032146908039,0.3003977056054024,0.7484040348621617,0.5146876629376022,0.45490072838676227,0.8201855416201046,1.2949772572155214,0.26768571927001894,-0.017421672868515117,-0.10221222311152325,-0.12702178636469355,0.17094016423903338,0.04740523479904074,-0.037285375830655575,0.24455979098280736,0.03616466139652957,-0.1379846809272028,-0.20067758314830564,-0.03426158418397828,-0.0770825977336868,-0.05164082041261546,-0.10966975616147326,0.043504570261672225,0.6017291654039438,-0.06346708239576819,-0.11527212196239432,0.010418117969063832,-0.13025209422577727,0.13905377164981847,0.12036221815736874,0.5612194104736334,-0.16175318105342887,-0.09684587128741441,0.12382437245965139,0.14451885798843797,0.1488287226206041,0.14511050318741114,0.3117615829322013,0.4815199809722267,0.35135116329006055,0.04561981924077091,0.25316451258976475,0.6182108095657491,0.5718029538992997,0.5280656961517105,0.7218119340132242,1.056591161700192,0.2771294591834988,0.10334526393632676,0.5881439226880211,-0.14262923416516307,0.17673812795990632,0.7539658812817818,1.0209839423484257,0.5368548234576898,0.9200098361081439,7.254328619247669
