,ROI_001,ROI_002,ROI_003,ROI_004,ROI_005,ROI_006,ROI_007,ROI_008,ROI_009,ROI_010,ROI_011,ROI_012,ROI_013,ROI_014,ROI_015,ROI_016,ROI_017,ROI_018,ROI_019,ROI_020,ROI_021,ROI_022,ROI_023,ROI_024,ROI_025,ROI_026,ROI_027,ROI_028,ROI_029,ROI_030,ROI_031,ROI_032,ROI_033,ROI_034,ROI_035,ROI_036,ROI_037,ROI_038,ROI_039,ROI_040,ROI_041,ROI_042,ROI_043,ROI_044,ROI_045,ROI_046,ROI_047,ROI_048,ROI_049,ROI_050,ROI_051,ROI_052,ROI_053,ROI_054,ROI_055,ROI_056,ROI_057,ROI_058,ROI_059,ROI_060,ROI_061,ROI_062,ROI_063,ROI_064,ROI_065,ROI_066,ROI_067,ROI_068,ROI_069,ROI_070,ROI_071,ROI_072,ROI_073,ROI_074,ROI_075,ROI_076,ROI_077,ROI_078,ROI_079,ROI_080,ROI_081,ROI_082,ROI_083,ROI_084,ROI_085,ROI_086,ROI_087,ROI_088,ROI_089,ROI_090,ROI_091,ROI_092,ROI_093,ROI_094,ROI_095,ROI_096,ROI_097,ROI_098,ROI_099,ROI_100
ROI_001,7.254328619247669,0.24095666377857716,0.3358756825212898,0.27169683263031674,0.44833750643313847,0.6145226768777771,0.5462561139503836,0.3361786789525786,0.4103010441709853,0.5719357512469642,0.4456445402863779,0.2420008840417768,0.19207078850897147,0.369351026556242,0.21321926943994546,0.33702014064276825,0.22617296215762303,0.28558562442963603,0.4581699411677083,0.16292993896426108,0.0975863018196698,0.4207751953168146,0.3192414250912695,0.3848838875437892,0.5231837620828437,0.20455502661627892,0.2961243965179533,0.4241603075919178,0.132076530411804,0.24316795021263715,0.43626004695242726,0.7133109424983337,0.41101448731850404,0.3747541663393173,0.483099624344855,0.46765267885392076,0.6488589978123945,0.5007715820384492,0.5056002054470541,0.4942953906298797,0.4564813701477851,0.44725536039379876,0.3525344600023932,0.5176292856373188,0.7233844910755676,0.5540816865239697,0.4099763754834154,0.5095800071741877,0.5139939941358969,0.5584673515552065,0.5570463925702094,0.4313439618437514,0.07440096468780048,0.23706443990709147,0.4409223101700426,0.6415116185532291,0.34820715330290103,0.4055850386630506,0.24661452942185352,0.167944222815491,0.07018557726489956,-0.13781096756278563,0.07174679175159732,0.1481446572237017,0.09595186893138213,0.27588679734024835,0.3288169788390145,0.021494801697018256,0.032207332660723925,0.10355911353381327,0.021764344445762356,-0.06279485348143882,0.24877880351495563,0.10997119409483845,-0.05267833294599616,0.11641319459511351,0.3188469708589566,0.11176533450743799,0.36594818873378465,0.4968784074357373,0.049840323063055976,0.09575334125396039,0.3748874668096849,-0.10403391645635211,0.17283696335828252,0.3177219995484264,0.6561380787627795,0.386176226673323,0.3122122380253042,0.21441190047310937,0.33710565271609216,0.6345375035984546,0.12714488488526215,0.29025278350918143,-0.04249652931070524,0.30022941411856024,0.5057291010525975,0.2840898039092237,0.5693777954928597,0.5145611358524893
ROI_002,0.24095666377857713,7.254328619247669,1.3346864568565453,1.5638794472811184,1.0183574520120753,0.6119902573585202,0.5749001973584301,1.5047080322536046,1.0066140254641185,0.9076978990000425,1.0585958849002868,1.3439764066259619,1.3456144454044168,1.0842101781197102,1.1842694936678924,1.5355216411685837,1.017643982966639,1.4708507393386863,0.926076170623698,1.1545347785795295,1.0183264127868588,1.069782146651053,1.0879412221059885,1.2167095915380233,0.8027983836498834,1.242400559823902,1.3543625735223987,0.8848843210758854,1.0818030844012037,1.2670063359412935,-0.19829037738083236,0.23230880026506837,0.25507771129587864,1.0554078182133257,0.9200154359825778,0.1299112932175612,0.3779398814196071,0.4476958732389099,0.4172036829197119,0.3405716163955356,0.20134142211490022,0.6454677109132904,0.7522559998797664,0.3086853182524925,0.31621644415296357,0.3696471442584012,0.3408272487598931,0.3142407881165147,0.09120852224278976,0.1117517620846084,0.11190775399464024,1.0401009563323047,1.2236546524423304,1.362561191085072,0.9081339391374487,0.8126526039380527,1.191284071863709,1.1297359886564764,0.9553603664110993,0.8687499276412846,1.050342179816706,0.9094235792050023,1.1855832137678557,1.2413063825183894,1.0416604690413194,1.25347347146658,0.21755005306641786,0.9626592060393844,0.6749857188275064,0.7934528889543808,1.175976946232802,0.8574566528145434,0.7909992709649142,0.8224581750467638,1.0343599742538674,0.8080296662058777,1.0241093094156621,1.1416821890553952,-0.16030973131237347,-0.03876337913521735,0.2655744770944704,-0.4025482631920441,-0.08569167186791223,0.5729483564459439,0.7295836041127651,0.25431927811099825,0.3027286972905739,0.5705801357846216,0.3056771523628188,0.02350926327751239,-0.2944325924541217,0.003334618948397504,0.8764153552548893,0.1626155370830251,0.5937889035729502,0.10984790654888754,0.18568014506104077,0.060883730275775025,0.003502934730673685,0.04017109648017179
ROI_003,0.3358756825212898,1.3346864568565453,7.254328619247669,1.0768134026246121,0.8164524165473176,0.5927311295424484,0.5719650261240699,1.1749155258225115,0.8956709850305543,0.8116285524047548,0.8954336627907957,1.0401678674016712,1.0620670287197302,1.116217503834791,1.036011772270462,1.2722215695660168,0.9276291645567313,1.2555655735969422,0.9780884255854242,0.9894445608937706,0.9820246301258597,0.9440259461248565,1.1152982207260875,1.1418963085929628,0.7723240748902365,1.0590200842175017,1.2418290604049416,0.9361822257238357,0.9858420481241591,1.0874179784876026,-0.14709392877479305,0.3446253010361334,0.18760002548242088,1.082884704830953,0.9692955053714227,0.20592729223260675,0.4469604352729945,0.5235047886124469,0.3354439670948567,0.2917307687210472,0.24626672822062634,0.5548126365737475,0.7306910462872024,0.367319458148991,0.38595245397348066,0.4680371929036873,0.4379792160694601,0.4354261686056951,0.15618510783055783,0.2325751627826607,0.23501655655684256,1.0832527541169685,1.0831625258528623,1.0668407153115156,0.8456550392268423,0.7929613958650626,1.1490188523752172,1.0970805183740195,1.0039115205911742,0.8823691207463876,0.9679408694753061,0.8005629765732265,1.046783092269333,1.2233797749520279,1.0432259009428602,1.0784905506303164,0.3977101233992011,0.9173946879414301,0.7089368065286055,0.8158507858046509,1.0121475403378515,0.807543433384864,0.9177499696557141,0.8887539878108505,0.9304273638436666,0.8081467984766693,0.9849517006513693,1.078807219296742,-0.01640254665888333,0.12819687629368784,0.3700194844899191,-0.23580421330973098,0.049820503676298526,0.5258508745540242,0.822868130030151,0.3781505169838323,0.37091950497711246,0.6819352354982023,0.4008171842032638,0.15336901833111202,-0.2005026293861021,0.09652051129202854,0.8534951025315078,0.14772557063223757,0.5570123189002274,0.23294554788091695,0.2958968055554751,0.2203618131633862,0.04369575838202787,0.1806337507948205
ROI_004,0.27169683263031674,1.5638794472811184,1.076813402624612,7.254328619247669,1.4545106566016883,0.6980498192257171,0.5566697275362635,1.2599058955433116,1.037700010402362,1.0237981570531436,0.9350162921705322,1.1361030451502638,0.9813986067824367,0.7683844190401032,0.9061300809579206,1.2875366515937936,0.7832716169517822,1.0729162040927178,0.6895083883909654,1.107514122468244,0.7087958300778288,0.9890571860051253,0.8292331216459297,1.0276020758202835,0.7399290739881859,1.0301742958102849,1.0883240772244642,0.8566240106504678,0.9340998597927351,1.1163031412555557,-0.09637741205612642,0.2179391031201351,0.2824598840163048,0.8302044978222095,0.7647897302707479,0.12073948793920597,0.40789198122790377,0.34630805693885236,0.4653452721882801,0.2861922360662073,0.1266501751056816,0.6776704783808598,0.6286723656175318,0.3949941820842967,0.3266329351213644,0.4046646005901597,0.21421060837597056,0.23656057440837067,0.10772312199556872,0.13914181129120243,0.09111660291729866,0.9566455156685834,0.9441908007568837,1.586646846135994,1.1426310160051645,0.8077514974520555,1.1439516566612213,1.1432369174709571,0.8517157213136999,0.8155817654403729,0.8846480439485972,0.6205367997295227,0.8825706763796196,0.9348799085396321,0.775640596410317,1.0458998293146757,0.11165668287170377,0.6992788078039053,0.5277176983428534,0.5731548296422332,0.9135851778956454,0.6696798686641905,0.6447262195043693,0.6406642189585465,0.7935709709763047,0.7314957539323971,0.9097097443216494,0.9624115171873725,-0.1522821738745864,-0.029587620003857944,0.07569604174290662,-0.5163029385200427,-0.12975351661041257,0.41260649855305853,0.5866565010775919,0.13326209839683556,0.3076084237278305,0.553616521042582,0.22010191972654908,-0.07850275378250171,-0.22968252117313645,0.12073933938897131,0.7594874638793908,0.10706379984847127,0.42294634316147844,0.1363190106074185,0.20777393053794244,-0.0027793151763965043,0.07321282980865204,0.06146062183267674
ROI_005,0.44833750643313847,1.0183574520120757,0.8164524165473178,1.4545106566016883,7.254328619247669,1.0042969801590385,0.7213935128826279,1.04050470488953,1.0319822481765448,1.0726732330844209,0.8984315901941069,0.9296756090742158,0.6779007122960169,0.626081794855692,0.7397889013198446,1.0192725192806684,0.6368963226859132,0.8016670628849132,0.5563638009692742,0.8876598829357447,0.4624717823668483,1.0631413155902414,0.6374737355590933,0.8626040376350699,0.8218399838655277,0.8914182001590812,0.8071074948240952,0.7972739704507075,0.7132583300866004,0.9344361428867841,0.14250280646200733,0.3667316748137121,0.3397649835940106,0.6683369894539555,0.7307540619248528,0.2364160152715269,0.49365152964245873,0.3889367311590974,0.61074803229709,0.4483437322529628,0.221353898451353,0.8597391850096764,0.683215675509675,0.5480196703319098,0.4954723892351347,0.5130697846669782,0.2601082100442916,0.30786185023714,0.3440775445894921,0.3304297899892399,0.15539497431399202,0.7421741024623165,0.5612356175993826,1.0659275223295412,1.258605466057062,0.9128538438757485,0.8548676343253714,0.9968379183438082,0.652685476006418,0.6089159313650421,0.60734478368199,0.3643625441458223,0.5425471493365912,0.5750441378140867,0.5149587435678966,0.8667871977695363,0.03287231022244943,0.4552212618771987,0.3183780535694466,0.36562277431299667,0.6224145001599907,0.49550440707563875,0.3886174963298064,0.3814276560758008,0.5267543443372371,0.5594815228516821,0.756683515805021,0.6738803567519549,-0.12884103350624446,0.01845676585016013,-0.05653161409651152,-0.5749260937390346,-0.16073740623303048,0.31367911444282176,0.3395916971711259,0.11969515338611028,0.375173244859186,0.5264375941215728,0.18192292587546155,-0.13183707555893284,-0.19049692192229278,0.20902997183716235,0.5730838609659793,0.1633160587878629,0.37125325913733703,0.17642961006469335,0.27750341205360285,-0.08079391918276979,0.31287099800641194,0.2312188663974652
ROI_006,0.6145226768777771,0.6119902573585202,0.5927311295424484,0.6980498192257171,1.0042969801590385,7.254328619247669,1.3537177632379518,0.8845733794817476,1.150982489697426,0.8142794422974952,0.8105219378409247,0.5909420624830884,0.4951052932518094,0.6604438766642906,0.5872619396123511,0.7629795228843673,0.4663772401716198,0.6941909621659901,0.5119063977617327,0.6998643796919009,0.40786718380949327,0.796130204645622,0.6028878810111737,0.6585932390785604,0.815037540486797,0.6203436303122732,0.6822670012609116,0.6364617780749638,0.5024637896604337,0.6230102077237074,0.29945413092044565,0.6228817389053132,0.6733359221475724,0.5735463290079407,0.7830121867093696,0.781358168008107,0.6654470503099252,0.8706125810479662,0.9980601349011644,0.9838367459989925,0.7772195529492768,0.9719216198135849,0.8606591713085512,0.7504736016451901,0.8167425381171405,0.7679812310682052,0.7069180524360836,0.757513541001115,0.9366070489824776,0.7741008149941128,0.22779065382644398,0.4037287391376204,0.18777809001641566,0.46154878832031826,0.9478983204231566,1.1046643902480031,0.4613243522437339,0.8453866080045855,0.331173530319133,0.2214834908437683,0.2019093784601253,0.15516754664184404,0.2321865483612512,0.3057863439664544,0.278772522915973,0.6329095936209651,0.21607037917735508,0.1588983151596546,0.047991093936159634,0.13718994101538465,0.37152770999326434,0.2126720949449954,0.21147054787533845,0.22892297302287318,0.19143774875222444,0.14895463882095306,0.46447234630447143,0.3434796919745295,-0.06377587301965279,0.07852770034672185,-0.09057557760262104,-0.13610947176143487,-0.010345508016726557,0.16168699669999576,0.20881991248725798,0.29521280205637707,0.6087459183934071,0.6014543622195881,0.5227416152207033,0.1109804582514323,-0.08752090982442223,0.1787895703946999,0.3440899713139465,-0.0754161933275983,0.17050631065503558,0.4252992249199839,0.5822445824482119,0.1457296750379786,0.725672906150631,0.6265206862128163
ROI_007,0.5462561139503836,0.5749001973584303,0.57196502612407,0.5566697275362635,0.7213935128826277,1.3537177632379518,7.254328619247669,0.8589286685853279,0.9830902584958328,0.5996818304742918,0.7963431350884672,0.4866472462461949,0.4311106843805276,0.731194023472978,0.5632936693947731,0.6542148621069713,0.34344566036280555,0.6535422526082758,0.5318575358175147,0.5915309560643579,0.40408421007528134,0.6536677002940372,0.6059122181965337,0.5135824425598214,0.59266333909659,0.5755569577233417,0.6429132986529729,0.4266285865961644,0.3839623989928638,0.5476349069167005,0.19643101033969185,0.5966725704144253,0.6491144498217885,0.4300235640384699,0.6359893235416508,0.7652821930740307,0.5345750073921752,1.1479070048735303,1.0482696118942985,1.2853767141102421,0.9624333944713019,1.0692232036152027,1.110702337264022,0.7427826166205423,0.7431029141652024,0.8199002818730386,0.8683554899046925,0.9045464608174543,1.014101495597906,0.9566010917645873,0.1757791394448776,0.38191881260621424,0.14393839556481985,0.40913209290557734,0.7040281258754815,0.9803632506079019,0.39800859832824614,0.862203316289908,0.22444645734252655,0.07372169640829333,0.08186445958642842,0.1706303073733188,0.16983165420358,0.35240633322476517,0.24523837369810755,0.5547567314709192,0.28255396786769477,0.14164065882237173,-0.09535226929634805,0.10640425647572786,0.32168918969747534,0.23847137536393762,0.13728798667803663,0.3132193566381053,0.1461009720639615,0.030036335240228685,0.3112022162154369,0.24934528421150232,-0.1916473923892104,-0.00791327516882665,-0.22201901615920347,-0.13219428219985538,-0.1426219932650896,0.16792248487688796,0.08627085476335644,0.23007652048403976,0.4894635125728091,0.4162072280618005,0.47315981281135594,0.2593819612840716,-0.1677129168243423,-0.0005006967834351559,0.39536748993095305,-0.1400648069639925,0.19561626184257502,0.38660876747699086,0.5383335562796278,0.07710720897381103,0.7158560398241345,0.7907422883972121
ROI_008,0.33617867895257864,1.5047080322536046,1.1749155258225115,1.2599058955433116,1.04050470488953,0.8845733794817476,0.8589286685853279,7.254328619247669,1.2740323312981798,1.12284351907171,1.3232138446136525,1.3901146965240223,1.3168087075796469,1.2745260733515187,1.197426670984965,1.501395110672579,1.0382121342552797,1.657914424085558,1.053860733033133,1.0473446216786264,1.1593741362804324,1.1501694498692965,1.0956261906905915,1.3675670634526556,1.019333952789126,1.2919531465550977,1.4813758838664328,0.9208834954464747,1.088376397007809,1.1389244632025082,-0.036786778130146865,0.4206248820262332,0.4078266917494235,1.0495331108445731,1.131616991196655,0.30925139982392547,0.4861446094700061,0.6814362184073808,0.6113222238079964,0.5346338694902985,0.3791027276942777,0.828706014641209,0.9119366179861597,0.4541835578024808,0.5589648222302934,0.508109427039119,0.5188353081346575,0.47663525082622565,0.29544510589137635,0.2584518894929391,0.14811249262950507,0.8129182836959258,0.87540416762291,0.986667587089452,1.028081015441108,0.9758536836003565,1.0524444328492708,1.3216583763609293,0.7729712975553347,0.6731109301787574,0.8037878138462251,0.7175535199655332,0.8931685091965438,1.0410506777947688,0.8939719465102884,1.2451230003945148,0.22660060291663775,0.7308528908016309,0.49326310349894975,0.5696673305030228,1.0237081784624111,0.6338783215610633,0.6692475056497561,0.6594124803666053,0.8006578581023329,0.5730442471355914,0.9133389361140869,0.9806076130027392,-0.1462708467916388,0.03607590488236084,0.149371016288336,-0.34653985190441894,-0.08878306801389078,0.4110061316626776,0.6404837175314022,0.2031269362558367,0.4677585641995092,0.6674686643422284,0.39497031354881784,-0.01188615921009885,-0.23789833336174077,0.019713011744121246,0.7437473552727382,0.013106475528878078,0.399292608177497,0.25786441026444634,0.28733726652732083,0.11259973229408354,0.11033676551968617,0.20826354562671756
ROI_009,0.41030104417098523,1.0066140254641183,0.8956709850305541,1.037700010402362,1.0319822481765448,1.150982489697426,0.983090258495833,1.2740323312981798,7.254328619247669,0.8843272573196712,0.888333601031061,0.8621877993880052,0.8835585745669563,0.8583157642418607,0.883999746722129,1.1209357873788268,0.6788247123639062,1.080705752504628,0.6833887767961018,1.153608584693918,0.7504822301079198,0.8646514754979386,0.8208422177211198,0.8431805332162992,0.7784462388302418,0.944122382495851,1.0395552003602977,0.873662768553601,0.9000169390782835,0.8973224470275898,-0.08273805208067338,0.35571588737955107,0.4935567023090794,0.8793310714867324,0.8582442756223232,0.6767351067390367,0.671188538115925,0.7957779360074841,0.66853295946918,0.6242659413538655,0.5852624357697335,0.8902645274234656,0.8157317130293577,0.6304951130130283,0.5232373091387824,0.6329150691056129,0.5535187153207264,0.6082477289797986,0.5671927925872968,0.512732511534252,0.17012556738159162,0.6631793863440922,0.6061591771703431,0.788755722404414,1.0514332032961904,1.1032805028916477,0.7698596049006515,1.3111576424095093,0.6797918305759865,0.5102334493755637,0.5273745200664818,0.5818972532804085,0.6434213666820503,0.6716882228781831,0.6570260419373068,0.9325916674161804,0.3656290843646059,0.521498569731775,0.3865352116856696,0.44876519338519927,0.7992881134279406,0.5477271722178985,0.5295213984868627,0.5098939970924977,0.5729360788696832,0.4379387292008567,0.7485092661849767,0.7214290707140444,-0.22070457482474695,-0.022245205644986905,0.09710621431566942,-0.11234963590344293,-0.008824774071266764,0.41070907162810233,0.5155983864496348,0.37926534805917755,0.5060486424153184,0.8099253533360633,0.6446452130342759,0.16204549069879445,-0.2278849123291394,-0.03729092981300045,0.629477244710278,-0.10588984486259741,0.3238857848806005,0.4516763613006914,0.4369575048091478,0.2578138392097924,0.45173893021021216,0.4082038274484169
ROI_010,0.5719357512469642,0.9076978990000425,0.8116285524047548,1.0237981570531438,1.0726732330844213,0.8142794422974952,0.5996818304742918,1.12284351907171,0.8843272573196712,7.254328619247669,1.1717912066762064,1.2828414155619154,0.9552059546824808,0.9316435348671429,0.8772931961597862,1.1445093728265743,1.0263706857135486,1.0221217544401435,0.9388946852967153,0.736203500822123,0.7636753952553227,1.1803140543199764,0.8251024325096535,1.2321155077402735,1.4094012559104503,1.0343716490775592,0.9455328472638687,0.9545570709551953,0.8710420647285326,0.8642012044367612,0.3015668717971493,0.6877577290387548,0.43038890221558224,1.0157476630585214,1.0740256393240974,0.22831521518076595,0.6605918450239063,0.43158318763877485,0.4280316290167407,0.3065399631304739,0.23708061485571422,0.6750478932234601,0.5141691144753302,0.5208140723452857,0.7919609176541607,0.4637507677680375,0.29830804988379594,0.39748978636505294,0.25982419679012164,0.21015546527750337,0.3610320475929106,0.7535907408517083,0.622689934855648,0.8224197104930696,1.0591205864477216,0.9396796431296006,0.948743002747978,0.9049636590141924,0.7750438106357618,0.6773339856424366,0.6979616743842991,0.38461046925656084,0.6998482257076548,0.7195746161784509,0.7086822665232118,1.0552341298794525,0.20151910688585264,0.4918569395836468,0.5012560855049575,0.482493434852236,0.6749461531460808,0.35002508949378924,0.6044600975167602,0.33663086746205567,0.5377206115653085,0.5985233495891094,0.9608791034764984,0.8330634991727147,0.1766017707411469,0.3840283772072593,0.20627605016529854,-0.2993796540893836,0.14096441740153917,0.18944088536226167,0.6250728639267028,0.1917948440620044,0.68927791417407,0.7119893253038946,0.3241326206865695,-0.14811714400819434,0.030488550661582358,0.38285512982121533,0.39266775305576085,0.18304356283962117,0.1730056638667743,0.2772741240822099,0.32447343162633724,0.2087565560961761,0.14668186132070007,0.16646507520374865
ROI_011,0.4456445402863779,1.0585958849002866,0.8954336627907957,0.9350162921705322,0.8984315901941069,0.8105219378409247,0.7963431350884672,1.3232138446136532,0.8883336010310607,1.1717912066762062,7.254328619247669,1.2582441136711369,1.0616836195211286,1.0542340411795628,0.9199752231853467,1.1422542192679435,0.9374407750390641,1.1562045215213739,1.0404863296429618,0.8290672154986359,0.8380128928855,1.1798651510220843,0.9999947142518677,1.2834495153331367,1.0183557010533086,1.204427687200369,1.0782875005706956,0.7972523026463114,0.8117862024646053,0.9155219397806985,0.11316642195811882,0.5260606106295241,0.3016334028893035,0.8447392103559993,1.0753863603491418,0.2860859486036085,0.4984631455048545,0.5378217080355966,0.5084464373480001,0.4764828616191632,0.34858120614294646,0.7541265954091336,0.7809138203077906,0.5479729030698991,0.6056553941593718,0.4898329970116555,0.4441265977010225,0.45013024575117805,0.33046419878542527,0.3184021039345501,0.26639334580987445,0.6994721301402225,0.6551519541236976,0.7861331686381811,0.8234690263191158,0.8525394511043769,0.8434712560810398,0.9054669478104229,0.6921580595020871,0.585701658281705,0.6699339767225635,0.5180268523703855,0.699802114344878,0.7884510377610727,0.6888838232327668,1.0737797489209657,0.31213240566271067,0.5354979336614197,0.39986973412230936,0.49425549261188945,0.7249132949769894,0.45115348624481794,0.5460266057505359,0.5360325035064655,0.6161348510225987,0.5161745754131862,0.8692821888311624,0.8193703744022256,0.004484576485104998,0.13707150355844405,0.13296764133293254,-0.32231427582252,-0.045916556600752174,0.28516127233304317,0.5265094378922683,0.10251688632973169,0.511081814100043,0.6594198250993178,0.36971519351400023,-0.035507276047403134,-0.09054429133128236,0.19235684063066558,0.5225386112059139,0.17761009137415842,0.29959601232314975,0.24642093426355197,0.2933894592879281,0.08119287992430985,0.1955996362023502,0.2465020376054086
ROI_012,0.2420008840417768,1.3439764066259619,1.0401678674016714,1.1361030451502638,0.9296756090742158,0.5909420624830884,0.486647246246195,1.3901146965240228,0.8621877993880049,1.2828414155619154,1.2582441136711364,7.254328619247669,1.5616602500448256,1.1265009505542616,1.2324938160611336,1.3976072700315942,1.451149576731405,1.4088969147563752,0.9979040404737739,1.0143408059929246,1.1392537434734644,1.2928992097231715,0.988733481861481,1.5267501658424971,1.1418369801942965,1.591249949950033,1.2076509301378207,0.9618549968369238,1.1472201890660847,1.1442203605853543,-0.033650614582674536,0.37525819078231054,0.25813406125903104,1.1641051943780742,1.087952240175829,0.07222361599870072,0.3953171759384183,0.34242352177263513,0.30166081579485704,0.21191169318593514,0.1177379838444817,0.6380457339193842,0.6260896790594422,0.3039600845015506,0.451875903197835,0.2982121076055977,0.2509517394384867,0.2721700501765117,0.0887941997768889,0.01329176328403628,0.1628722135730532,0.7924958540544215,1.0278809911168418,0.9681372127116142,0.8189910727771447,0.718322180998756,0.989766188177915,0.8487943710373658,0.8880169370863794,0.8643602199747549,1.109333165115879,0.809812271295952,1.1138275922300236,0.9751280178756683,1.0426321528334919,1.4023451352180891,0.15797274516762994,0.8232394176974224,0.6812790704877112,0.7112621326235271,1.116778091840677,0.6432823332712115,0.7211499666801271,0.5063734152555522,0.9578177283752799,0.8164794880184344,1.1555418160612094,1.2154974721002711,-0.03869894583288505,0.08924378131302398,0.30950925190648076,-0.44235057118180277,-0.060662370041561865,0.44230123864743787,0.7240142252564595,0.12348850453371132,0.38525185210916213,0.6883592713287903,0.22825032944128493,-0.18993425653532672,-0.19645355888579166,0.06844685859833952,0.5591335813632154,0.22068277960152033,0.4298821056290505,0.12956777417154994,0.132517641498868,0.06986266924105779,-0.045459970619267376,-0.0388197371993323
ROI_013,0.19207078850897147,1.3456144454044174,1.0620670287197302,0.9813986067824367,0.677900712296017,0.4951052932518094,0.4311106843805276,1.3168087075796469,0.8835585745669563,0.9552059546824808,1.0616836195211286,1.5616602500448256,7.254328619247669,1.273302727511637,1.3833384700878275,1.3228406574103604,1.4618978037686614,1.6118384211212038,1.0662367430993105,1.0792765786798195,1.4544579944912497,0.995832513664925,1.1724883643093513,1.3811786743571548,1.0097090162959172,1.2915040091407517,1.3502003622158845,0.9595102817269588,1.296373970133451,1.14299509502879,-0.15144638157255721,0.27141570454727404,0.2718248252516903,1.2968462348601586,0.9970122998476824,0.15561704707763596,0.3794086391237302,0.4243537001559117,0.2764553808840695,0.20938589494796664,0.18027139131842118,0.5177859650898986,0.551862868465595,0.20671070083981521,0.3444732488795924,0.26263098000112345,0.2635355717645716,0.2752177479897746,0.050717227681328816,-0.0156447952949611,0.10456298007264217,0.7365743176577718,1.1605566682710045,0.8406918338197983,0.6830207964926178,0.682950224226716,0.8948309451323454,0.8319187119747529,0.8986227451353369,0.9224364358552516,1.1789358813517248,1.0818556497128404,1.3196108638759652,1.0704753382053867,1.287894025155846,1.4360580474401348,0.27617939700632704,1.000330357242966,0.8234444582120578,0.8282970954213517,1.3226995920750242,0.6897469837821697,0.894688090981983,0.5858546834828285,1.0679570008901382,0.8056582716951167,1.1984160225514027,1.2637558180806097,-0.050857166250001425,0.060937706417240785,0.4377984908403303,-0.2385510926814192,0.0495354843928098,0.5185716168458554,0.8859588289485596,0.20764761676016394,0.37946142597616866,0.7193490416874201,0.3757628797292536,-0.05743130730249216,-0.20106091933680886,0.008346957025589604,0.612666172526853,0.09991830987480783,0.4259244640566161,0.18615760151981403,0.1520242287346594,0.22762474557445994,-0.09442788128625536,-0.0696306190318579
ROI_014,0.369351026556242,1.08421017811971,1.1162175038347912,0.7683844190401032,0.626081794855692,0.6604438766642904,0.731194023472978,1.2745260733515187,0.8583157642418607,0.9316435348671429,1.0542340411795623,1.1265009505542616,1.273302727511637,7.254328619247669,1.2313377042194298,1.1729139642659665,1.100552298457382,1.4917604998756397,1.4588291823376471,0.8275055437538579,1.2159720703739647,1.024174823659963,1.4732967725510373,1.2041635245175937,1.021575882866083,1.0719591216417619,1.2593966983157103,0.8502215105057979,0.9578669919400147,0.9605842757750098,-0.010270994992959179,0.5458672213274253,0.38250607836218053,1.181990541540526,1.1596184141458616,0.31002494414125514,0.5478730198220928,0.7170020970407435,0.4334978522606994,0.45179974864109207,0.4197942079353844,0.6715027190166436,0.7991258814127971,0.3573104392297666,0.6133802233431767,0.47244350649282885,0.6302536159750807,0.6772651211031521,0.31622720491991785,0.2787567206463621,0.27885127164567675,0.795804256057819,0.8042809805423035,0.7310543483705078,0.7053236515606649,0.8762037086956352,0.8341834690858848,0.9452203920973647,0.7289848648725803,0.6097611655736244,0.7241714239762274,0.7023718147869302,0.8673083399110265,1.0138261812680842,1.046892845406063,1.2958718458486602,0.39050892958445216,0.7265674401193111,0.5582841000190812,0.7194124423777467,0.9411972200851938,0.5482965551074186,0.801918933289526,0.6237553517289713,0.7126907076231958,0.5559077997883979,0.9623191165532642,0.9525885415241376,0.0008649256201049291,0.23200303206318837,0.3310946154905116,-0.14522891215187927,0.0884339292446054,0.4158851076444575,0.722778159893653,0.35218178190445937,0.6324141951423106,0.6676846044950784,0.48524747299021864,0.13239765152301983,-0.12269413804474509,0.08855902346392347,0.5783086081963292,0.06096468243239121,0.35393891174166076,0.27055606758087586,0.34520560502535075,0.3037809014160209,0.05602578987360868,0.2256540894981941
ROI_015,0.21321926943994546,1.1842694936678928,1.0360117722704618,0.9061300809579206,0.7397889013198446,0.5872619396123511,0.5632936693947732,1.197426670984965,0.883999746722129,0.877293196159786,0.9199752231853465,1.2324938160611336,1.3833384700878275,1.2313377042194298,7.254328619247669,1.290324388602686,1.4021031755049695,1.4080405254914186,0.8815813948883648,1.1366785621898572,1.2967092177266626,1.1557548820787613,1.2459779553458799,1.1221861187184239,0.9650902967804968,1.3393792158725624,1.124596961139486,0.9066148564525897,1.2742579137727144,1.3503991909820032,-0.0950674108316931,0.27962928551497157,0.23758341838791636,1.2318538561951595,0.9759199144490909,0.09411097048750566,0.3700756988569694,0.506978574571226,0.26896294688360944,0.2646347221506299,0.15502544396178108,0.5637189171776563,0.6556571195345444,0.2360784023040356,0.327799072105733,0.30164803883021357,0.28720527822782504,0.3304805961766561,0.10402708062830822,0.10908919194315152,0.05937751075838905,0.7221107389745487,1.0118724669573274,0.74064797241496,0.6531953501141997,0.6964299008091085,0.8687172974746679,0.8425573102882442,0.9117217736863023,0.8882596716233153,1.0869451990642,1.0133233279131737,1.0776968514770335,1.0551944364115555,1.3606621388781805,1.6690410528699342,0.2851973085088113,1.108602253856724,0.8459467303753273,0.8918718552099082,1.4297501427464832,0.9363952356840035,0.789283433892041,0.5531780218842728,1.185609253878655,0.9118081896983292,1.1569687985053196,1.1502858436576113,-0.14389265370589552,-0.05192895339596815,0.4073919750228713,-0.3104469379472414,-0.10120539090748575,0.7723159167619303,0.6498255017955032,0.26191112979131653,0.29171124649094266,0.6541363247043716,0.28131467829887435,-0.06925813403796116,-0.35945903766797827,-0.047716394679943555,0.6614570585759929,0.13108963210373895,0.6615970214754903,0.13307730876462182,0.136822004839975,0.14938124272729011,-0.03224256339775456,-0.012016863597217948
ROI_016,0.33702014064276825,1.535521641168583,1.2722215695660168,1.2875366515937936,1.0192725192806684,0.7629795228843673,0.6542148621069713,1.501395110672579,1.1209357873788266,1.1445093728265743,1.1422542192679435,1.3976072700315942,1.3228406574103604,1.1729139642659663,1.290324388602686,7.254328619247669,1.2394688993857337,1.5815982257144297,0.9565954318119856,1.127461675392993,1.1176443700898782,1.293074336781485,1.1166609532520142,1.2376728583160814,1.0441162343113946,1.2489994109803908,1.2472151859372178,0.9905156816138835,1.1012812923523747,1.1064027264839522,-0.0699089519225781,0.3887541970960903,0.3693816840244823,1.322246450036794,1.20516254764729,0.21532027146023852,0.4395358852381784,0.4976897524514481,0.35304627292356316,0.3302189613312148,0.2475508346948855,0.6242607899789471,0.7040802414232824,0.3518765963701657,0.4467607530576947,0.3622890850391513,0.37972042107861015,0.45015417522123485,0.1848616024718963,0.15876303952466253,0.20472455186327435,0.9121560541427873,1.028026578410088,1.0227287559372396,0.9007505267950126,0.8669238823213913,1.0506170579057832,1.1405552807472583,0.930165929861599,0.8201643859662949,0.9589126693341783,0.7759794645263418,1.0334201537668186,1.0575363223788752,1.0158606410947686,1.3166143925360174,0.28582235280197527,0.8702922037706382,0.701709319208601,0.7831110803201767,1.193269659742297,0.7418943369151944,0.7508445978282254,0.6026005182694693,0.9285093904831391,0.75703865865526,1.0912780081610671,1.0490876573914687,-0.1143805328207892,0.05268657694634393,0.3087176839683232,-0.262566699961975,-0.009994299019036772,0.5629976613856641,0.6844099519819663,0.31899787692053405,0.441266395859698,0.6810361162829808,0.3544611544073711,-0.03814998538196016,-0.2543810574495106,0.05206855191722521,0.6114102946279611,0.12025686464181189,0.511004514117968,0.17548733276379005,0.21310813442148835,0.16299081402851875,0.07662809751169487,0.08322730988455601
ROI_017,0.22617296215762306,1.0176439829666388,0.9276291645567313,0.7832716169517822,0.6368963226859132,0.4663772401716198,0.34344566036280555,1.0382121342552795,0.6788247123639062,1.0263706857135484,0.937440775039064,1.451149576731405,1.4618978037686614,1.1005522984573817,1.40210317550497,1.2394688993857337,7.254328619247669,1.3049110915333193,0.9319651461270956,0.856168377425767,1.2806863720047685,1.2218949861466217,1.0523163885079738,1.265781306461632,1.191233477789615,1.259228671534745,0.9659144276087218,0.9023138929993029,1.1566345600849928,0.9855804712095221,-0.008916093078848336,0.3244274052748927,0.22774704467127999,1.423077872377344,1.219910837212887,-0.004489151601535998,0.35431685974204413,0.28665196031189843,0.09574779280978565,0.054159436588784464,0.03879213924418658,0.39983662341199594,0.4793201662792555,0.13285678946190582,0.36846855190379535,0.14821173482288585,0.21894433276888522,0.25675657852540773,-0.014226212735168752,-0.08710117761559823,0.10310703346548826,0.6428613882409181,0.9803543516129407,0.6314808468069043,0.6224733698216051,0.5882700680036729,0.8173117103847618,0.6718096311569882,0.8826984066326043,0.8828586348838663,1.1247985061043242,0.8900350076994157,1.0640711540599805,0.9208629034285645,1.2063587157789348,1.2866265483167125,0.23082822589840102,0.976041795503224,0.9565350251742334,0.8995091107728665,1.1761991214081822,0.7224111027887323,0.8104390907197334,0.4025194613326434,1.0852761529746644,0.8894223229531226,1.2138364851028174,1.1122211968996052,0.02940205983250631,0.07669055924631463,0.604565330840767,-0.20630299618687933,0.04611460058694456,0.6600919413572149,0.7439422980715172,0.27248586754109533,0.3498722043091945,0.6791391693057596,0.23881211598354873,-0.1922351854040345,-0.2414417205093704,0.02402491470235052,0.4041989800841026,0.19178021876027618,0.5217352764525313,0.09438943780973799,0.06301972256038237,0.18036804447121849,-0.14016898999618943,-0.15304388721768222
ROI_018,0.28558562442963603,1.470850739338687,1.2555655735969422,1.0729162040927178,0.8016670628849132,0.6941909621659901,0.6535422526082758,1.657914424085558,1.080705752504628,1.022121754440144,1.1562045215213739,1.4088969147563757,1.6118384211212038,1.4917604998756397,1.4080405254914192,1.5815982257144297,1.3049110915333189,7.254328619247669,1.2074295215643043,1.1089331858909042,1.3586822122327893,1.1493253198202633,1.376520632687828,1.4257095342500004,1.0123491328590346,1.3309732878037517,1.315448079239309,0.8921384200267614,1.1357312031134341,1.081836235659393,-0.16054161285335072,0.38076202797038533,0.35142258506084695,1.4463661246409727,1.1934288819070866,0.25144561005934735,0.48301025700463207,0.5738045262464879,0.3832346051332607,0.3866194584079634,0.304849075779774,0.6184823134138536,0.747531588157006,0.26754950578655884,0.4233571811251609,0.34667223272809394,0.4497156471468901,0.4661114427437297,0.18699153548552955,0.15557212583732413,0.16636403175593534,0.8682217527250032,1.0207201547870304,0.8975574694921981,0.8015977102308478,0.9281991821963972,1.014056310162116,1.112681367196628,0.8816243372287917,0.7919848607197011,0.9301407702792819,0.8861227055772485,1.0574267076737598,1.1269144916587985,1.1596931276346876,1.4184090073726265,0.3498217948461868,0.9008617983182552,0.6921832369441865,0.8604528218852694,1.223679318607964,0.7027634743751167,0.8570888706440942,0.648879293733262,0.9596503672796681,0.7023477583095041,1.1261230509270033,1.0919873960253001,-0.11396748076839944,0.06991322694220993,0.3393104303926213,-0.19097562826979644,-0.0005900946770367352,0.5580302941496574,0.7451869687110958,0.2994730895958137,0.49025758447789447,0.6797331182415186,0.4789868150270507,0.003664672225492027,-0.2529692014051107,-0.015313378721260887,0.6310803191256402,0.057590076301152,0.4489469647117866,0.15533614033258644,0.1950328425899574,0.2199896962046099,0.0330152915743176,0.07219258826391223
ROI_019,0.4581699411677083,0.926076170623698,0.9780884255854242,0.6895083883909654,0.5563638009692742,0.5119063977617327,0.5318575358175147,1.053860733033133,0.6833887767961017,0.9388946852967155,1.040486329642962,0.9979040404737739,1.0662367430993105,1.4588291823376465,0.8815813948883651,0.9565954318119858,0.9319651461270958,1.2074295215643043,7.254328619247669,0.5967225645047548,0.9948846470198972,0.8568412519271452,1.135547409154862,1.240096427754082,0.9302859225165365,0.929579537763625,1.1296838255105495,0.8202660705770328,0.7486106061353308,0.7619599218115607,-0.011836860173777258,0.5634319636649655,0.2700824059913215,1.0847935150829937,1.0384162989187813,0.24903050330983936,0.6219917582002146,0.5704312413055906,0.35510646064275236,0.32750067314305037,0.34577322365194046,0.573882880118875,0.6353585919090696,0.37890593993843624,0.6024220619912508,0.4714273699871564,0.5415872681845828,0.5824617578181258,0.24103616390924268,0.22954177647935678,0.49405714887073926,0.9212000375606132,0.8163837968450026,0.7382342235278965,0.6875284030462802,0.7779986723777632,0.9603587488052794,0.8661096564417342,0.7806367024866712,0.6458564584976646,0.685492120581451,0.5298240777950992,0.8368970333271348,0.9840203024565085,0.8411725985433196,1.0337977487658134,0.4402834871003655,0.6225435951109809,0.5290197046736799,0.6645617438269237,0.7040961883952468,0.3854539813662241,0.9098909178328762,0.6907468790506802,0.5936711770677228,0.5377916145583574,0.8700943565083136,0.9089171618806865,0.1446376703729398,0.43319678654457605,0.34091398920494864,-0.09386974673257423,0.24232378631545737,0.20742289977949693,0.8323565418025035,0.3132046532269951,0.7163455397057797,0.6632210032039552,0.4371445331425638,0.16788802150980503,0.09495243406361588,0.28108100582346457,0.5467712043716288,0.18236550757934086,0.1955522887106052,0.2779042781720482,0.36777142981537464,0.36788422168051127,0.018632538585571335,0.19880551501977162
ROI_020,0.16292993896426108,1.1545347785795295,0.9894445608937706,1.107514122468244,0.8876598829357447,0.699864379691901,0.5915309560643579,1.0473446216786262,1.153608584693918,0.7362035008221233,0.8290672154986359,1.0143408059929246,1.0792765786798195,0.8275055437538579,1.1366785621898572,1.127461675392993,0.8561683774257668,1.1089331858909046,0.5967225645047548,7.254328619247669,0.857854914815582,0.8663675435636814,0.9319885658405791,0.839712818872344,0.707375240371337,0.9843026935431997,0.9869692109722399,0.835938810996951,1.0922302482248096,1.1628740576492917,-0.24360478061967777,0.1745857925022581,0.24172248745436306,0.932007683432972,0.675481301253711,0.3064691862534038,0.372560134640267,0.47554308887695623,0.38369795904255816,0.33711044370192833,0.21157793718039072,0.638853236539137,0.5876666834253815,0.3173440590987822,0.23770938334291744,0.33648360759863677,0.2226142407481919,0.26588304405994256,0.2000301759127211,0.23431716013609613,-0.03399023948320673,0.6472767602052758,0.8064075704675341,0.8324506982828195,0.667755980949926,0.7423464342020347,0.7112764244804304,0.8171246275123412,0.7699530215194348,0.7682866356910514,0.9038676809370098,0.8916071360731479,0.9246746472221159,0.7423460267263787,0.9537286496224682,1.1323690468072722,0.2940153262463608,0.8491945292872675,0.661851160575636,0.7478614235691078,1.2404385692246285,0.8114321941650726,0.5997744317593763,0.533485298820239,0.9596948036391181,0.7613649144954845,1.0997400199250662,0.9336276698353196,-0.27366582962390734,-0.18979497764730818,0.1847325289807145,-0.3101179156013312,-0.1884123235901515,0.6638226225198187,0.518362499364221,0.15823862183156207,0.23030681281736223,0.5979183088318714,0.5025319068255574,-0.06546859058654796,-0.4651587276561152,-0.09933868360253321,0.6438368963611122,0.047967821526863345,0.5577153503174554,0.15862707954204414,0.13572556425460638,0.10686265907992056,0.17852686495640352,0.0791622495792006
ROI_021,0.0975863018196698,1.0183264127868588,0.9820246301258597,0.7087958300778288,0.46247178236684816,0.4078671838094933,0.40408421007528134,1.1593741362804324,0.75048223010792,0.7636753952553225,0.8380128928855002,1.139253743473464,1.454457994491249,1.215972070373965,1.2967092177266626,1.1176443700898777,1.2806863720047685,1.3586822122327893,0.9948846470198972,0.857854914815582,7.254328619247669,0.7833040162309047,1.0200056454721584,1.0507995323154586,0.8327768369427383,1.0265122957810908,1.0721839752652829,0.7095567548522562,1.1280560932995076,0.8214805361018827,-0.16526169087685222,0.2337070215252218,0.21688702077757155,1.1179083070113227,0.9261658701653982,0.08097324658332143,0.26322066949383544,0.42759884737873904,0.16077884602422243,0.16128715685315867,0.1289420908856489,0.37187898298788147,0.47104327575592064,0.12658782013656514,0.30741522215383466,0.17259882020929146,0.3054991892394356,0.26407010633327954,0.019697654302897164,-0.04137256313116566,0.10628975709004762,0.5971813105463128,0.9868750153426258,0.6144584797529585,0.5573243294835609,0.5687942147886824,0.7680177994796498,0.721567892490558,0.7963182599606012,0.7106885321959117,1.0056350609899793,0.9866481333895766,1.1245119795041951,1.0681860098584819,1.3414297698653748,1.1151849208667128,0.251264852062938,0.9363026316763597,0.8508483962705369,0.7278626213533602,1.3415949837085601,0.6809127976381808,0.7925036867024582,0.5281234141213663,1.0174633958656087,0.7043467696500142,0.9341244697780083,1.0101989190043834,-0.07781107527226176,0.04377534354264475,0.46002261411996165,-0.1664626336446079,0.01206710463199621,0.5442381858843491,0.7920361741711544,0.2152384933782487,0.2947458522705746,0.5977322047343355,0.317690897284285,-0.0960041655934346,-0.22728584008482955,-0.08476255900026601,0.5199394471690999,0.01641794137331775,0.40836248113106766,0.13409226194597054,0.0675254043998922,0.22516741268929918,-0.18822861772256888,-0.07425525894778862
ROI_022,0.42077519531681473,1.069782146651053,0.9440259461248565,0.9890571860051249,1.0631413155902414,0.796130204645622,0.6536677002940372,1.1501694498692965,0.8646514754979389,1.1803140543199764,1.1798651510220848,1.292899209723171,0.995832513664925,1.024174823659963,1.1557548820787613,1.293074336781485,1.2218949861466217,1.1493253198202633,0.8568412519271452,0.8663675435636812,0.7833040162309045,7.254328619247669,1.1162589332746042,1.243732993925176,1.2141920058510582,1.3468002296892765,1.02768894211051,1.022690108169409,0.9882554656850562,1.1393323724463897,0.1126122126625164,0.4741721157497978,0.3288700533968646,1.1882685605619734,1.4427353616949512,0.1386092171178396,0.508742162644198,0.4304269722807107,0.3806684895466112,0.3291865697483024,0.22655368368518114,0.7685468585203599,0.8565917460941085,0.41921930098643784,0.5869457936492352,0.43468373296642826,0.44467587869689124,0.49280922682384115,0.25119540019743347,0.21591484110578557,0.23551106938833635,0.7624329950008384,0.7485048561270575,0.8210181898149791,0.90475108901725,0.7566533655138792,0.8839092000523534,0.9112227603876596,0.7415125171051513,0.6630818672432767,0.7459212619120701,0.5528432328745616,0.7166768212393984,0.7847253895993297,0.7844272369493771,1.2283974328543883,0.2557699970751837,0.639759712031289,0.5832432087574083,0.7182423036435415,0.8452494287468831,0.6461002587219717,0.6367413618601252,0.45547179119173764,0.7408885133543391,0.7200763528812147,1.0362052972658953,0.9366586480015779,-0.014520365511367971,0.08631350065097415,0.32957888102264543,-0.32631327725216946,-0.04526800566584018,0.5306011229127515,0.5298902625021643,0.31822043980489984,0.45958994315782775,0.7514807973976069,0.23390043583816866,-0.047260858658969326,-0.20986387648159865,0.1445104936206759,0.507647320660571,0.27043188699300014,0.5403798800410863,0.1910592309486395,0.2799493268944149,0.09411111457419888,0.16892168601881993,0.11763288447768927
ROI_023,0.3192414250912695,1.0879412221059885,1.1152982207260875,0.8292331216459297,0.6374737355590933,0.6028878810111737,0.6059122181965337,1.0956261906905915,0.8208422177211196,0.8251024325096533,0.9999947142518677,0.988733481861481,1.1724883643093513,1.4732967725510366,1.2459779553458799,1.1166609532520138,1.052316388507974,1.376520632687828,1.135547409154862,0.9319885658405791,1.0200056454721584,1.1162589332746042,7.254328619247669,1.11899278832722,0.9197465601812884,1.0791579295113887,1.2269867556039264,0.9197889315463113,1.0461998585750294,1.1089665858005575,-0.08604610372053764,0.41529084802812666,0.26257848325667243,1.2044466602731179,1.0900575602476976,0.23450121131035212,0.5714316564806193,0.582606378050284,0.3431424745234847,0.3430423692828398,0.28242575816356874,0.607361550463955,0.7270211280744048,0.3330044785479156,0.4520849604450051,0.4635674445404519,0.5060666997543571,0.5714939941099462,0.23247154662619357,0.2610665856853486,0.2546227815693573,0.8704602705182723,0.87265129853752,0.8217563981284929,0.6541472268651556,0.8385815616886441,0.9036208361390832,0.8942369070770734,0.7994945648356698,0.7361119985813286,0.7736376241983896,0.7218974847794145,0.8964150505639614,1.027468701433663,1.0552468152187378,1.3245542374920114,0.49866004028183325,0.8045917777571255,0.7025115654330185,0.9706324684870314,1.0080094662181505,0.674181394716172,0.9782124284707119,0.7552897156104234,0.8193138073376475,0.7392968374565326,1.158283390629604,1.0916543806864036,0.02660348397450751,0.18015772040745012,0.4020858513653207,-0.1558074425776779,0.06243097961287944,0.5270943962628055,0.7534597131043105,0.3518331330774712,0.5019347393246874,0.7515880375803208,0.4878322048959974,0.17312531807057224,-0.1564219285868049,0.14096939837801634,0.6524009843213531,0.15648892674066084,0.4448250299415837,0.26110024305914653,0.329436858706113,0.3314602362469522,0.08958177659459311,0.1738687076509319
ROI_024,0.3848838875437892,1.2167095915380233,1.141896308592963,1.0276020758202835,0.8626040376350699,0.6585932390785602,0.5135824425598214,1.3675670634526556,0.8431805332162992,1.2321155077402735,1.2834495153331371,1.5267501658424971,1.3811786743571552,1.2041635245175937,1.1221861187184243,1.2376728583160814,1.2657813064616315,1.42570953425,1.2400964277540827,0.839712818872344,1.0507995323154584,1.2437329939251758,1.11899278832722,7.254328619247669,1.2235425262420085,1.4016726881216908,1.3843029909045963,1.158514037709585,1.1178607831070577,1.1590142006302675,0.0625117875960108,0.46210596983909674,0.28583604613814034,1.2726062357385608,1.2965521451667648,0.16189171036837072,0.4941057653813264,0.4544491133261554,0.4531430595086984,0.2991437264454687,0.2561658733788602,0.6386772881255673,0.7116041134485654,0.39505305023092574,0.6009131862400829,0.47256153975144977,0.42330146126977575,0.4140838006774263,0.16524877140454844,0.09835802588649165,0.2563244424531952,0.8582722237942506,0.97009793198829,0.8992203881854882,0.9329453704402734,0.7302483524240898,1.1034477896822081,0.9597138057814277,0.8722435213936804,0.8608552205160608,0.9705305441472697,0.6781610040013596,1.0078476869111963,1.0092662329880693,0.9597503312919443,1.2729968862659569,0.24252531762168048,0.7539016347057766,0.6450652045862749,0.6391690000511682,0.8684709814762757,0.547698864068305,0.853968310940185,0.6154796151667982,0.8022130279727508,0.7122804700065427,1.0250526683972712,1.1976971398649827,0.09789226696002944,0.2392509069798411,0.38042287173845085,-0.31540728950229974,0.10727209399026054,0.3281207283786894,0.8640550120913012,0.24413058822199288,0.536269045268962,0.8369180833402343,0.31449741129565645,-0.017728276598676287,-0.03926149225059987,0.22914318637226025,0.6691531215785297,0.18703812394351096,0.35785612053356763,0.2636342069324298,0.3362279998338753,0.2160259276998647,-0.03755979951026362,0.07326530818331216
ROI_025,0.5231837620828437,0.8027983836498837,0.7723240748902366,0.7399290739881859,0.8218399838655277,0.8150375404867971,0.59266333909659,1.0193339527891259,0.7784462388302418,1.4094012559104503,1.0183557010533084,1.1418369801942962,1.0097090162959172,1.0215758828660826,0.9650902967804968,1.0441162343113946,1.1912334777896154,1.0123491328590346,0.9302859225165365,0.7073752403713371,0.8327768369427383,1.214192005851058,0.9197465601812886,1.2235425262420085,7.254328619247669,1.0351843807356194,0.9785565813748196,1.0658911958183772,0.8803953950501475,0.9186349068594397,0.3527487879173757,0.7142384556426848,0.4509563287171016,1.1400035545980212,1.2134196776747717,0.2658920871580462,0.6185744838103975,0.5188059987169951,0.4576917066308081,0.3891657899180259,0.3249303501135644,0.7078007835709561,0.6525986110057883,0.4456718699403785,0.80682015897223,0.48149484512522056,0.45480019904262664,0.4870587142569438,0.3167582487273701,0.22472945894626176,0.23006048814870708,0.5863027620232323,0.5392966249136868,0.5886181603179255,0.7981108309259621,0.7936025158313365,0.7272251507749053,0.7433346900248821,0.6543685604819655,0.6262796335728232,0.663316656489242,0.4388791574447826,0.6673504304590903,0.6097736562044261,0.7248881837473482,1.0633414635599299,0.19072980340008175,0.5155106290278844,0.5162398595326398,0.514438497234951,0.6928560224035227,0.3856262299479327,0.5892314906793368,0.292455723010575,0.5559801458529499,0.56090791875885,0.9989586050477361,0.8216070076897771,0.16591870342988535,0.31878279915661223,0.31438245564780576,-0.20831622736428476,0.13257649267566662,0.27456074604629865,0.5916442520267434,0.2505447122263172,0.642504291225442,0.8180792697296168,0.3410841131538947,-0.08386857870803732,-0.04176556535475328,0.335573701587771,0.3748051788601361,0.14411985009865808,0.2762588769548623,0.33842324594738515,0.357139230223763,0.22925681274335669,0.1511133546172471,0.19125067590283054
ROI_026,0.204555026616279,1.242400559823902,1.059020084217502,1.0301742958102849,0.891418200159081,0.6203436303122732,0.5755569577233417,1.2919531465550982,0.944122382495851,1.0343716490775592,1.204427687200369,1.5912499499500323,1.2915040091407513,1.0719591216417617,1.3393792158725624,1.2489994109803908,1.259228671534745,1.3309732878037517,0.9295795377636249,0.9843026935431997,1.0265122957810908,1.3468002296892765,1.0791579295113887,1.4016726881216908,1.0351843807356194,7.254328619247669,1.2665396787745493,1.025455644079468,1.187011500848685,1.3425891148957865,-0.12270857287627727,0.31483070685846526,0.14822090799211643,1.0868812209380372,1.0446610095769966,0.11319932834809687,0.43500494080042096,0.4328985181206899,0.32935340246408534,0.2742048130313169,0.19452281775278338,0.7693652229654043,0.8394717963083129,0.4055354072990931,0.3863672280403648,0.42109062031672045,0.360912280097895,0.35230510172399526,0.15774442540324662,0.1526538953453178,0.10684700255512598,0.8226256379299736,1.003766022003037,0.9279192752627199,0.8301566707498316,0.7409742978262246,1.0074470228575683,0.9561439323663746,0.9657938249364756,0.8480702388041738,0.9894891417709343,0.883551464677242,1.0605154921276023,1.0031609517556515,1.0109780166024023,1.3648725444320151,0.24976463297494836,0.8769504830565675,0.6732174576744824,0.7660102672528796,1.0802123018389649,0.8694112654933563,0.7474337134530467,0.637522420208819,1.0454792969048985,0.8840487638446448,1.0252506850474117,1.305443651817819,-0.13136514537649624,-0.0017285708204981454,0.33922041370811845,-0.4114939558148492,-0.12078091030254935,0.5961839424790208,0.6919099963862111,0.23386754946110172,0.3077248026814319,0.8325742656455659,0.25456465127455835,-0.01598845559405011,-0.295648797348695,-0.017096879207294257,0.7365530857773357,0.18125853212502022,0.6008835974005933,0.21693129511359166,0.2096839460176229,0.06992786987683754,0.0342006988064963,0.08451742476401584
ROI_027,0.2961243965179533,1.3543625735223987,1.241829060404942,1.0883240772244642,0.8071074948240949,0.6822670012609113,0.6429132986529729,1.4813758838664328,1.0395552003602977,0.9455328472638687,1.0782875005706956,1.2076509301378207,1.350200362215884,1.2593966983157103,1.124596961139486,1.2472151859372178,0.9659144276087218,1.315448079239309,1.1296838255105495,0.9869692109722399,1.0721839752652829,1.02768894211051,1.2269867556039264,1.3843029909045963,0.9785565813748196,1.2665396787745493,7.254328619247669,1.2956071468282475,1.3154520078477083,1.3875642890068574,-0.07712561210640494,0.41642436699358587,0.3271650533582293,1.1253074896980857,1.09219021930056,0.31217836395927906,0.5833175546542738,0.68816815542802,0.5324103268272279,0.40349407108275975,0.3986187700726303,0.8556195798583007,0.8835285913412889,0.5686128006070508,0.578249039983575,0.7064242849150799,0.5891193693581717,0.5389097111361112,0.2623893507628307,0.2737661322172486,0.27558222046238584,0.9886975581214736,1.040220717534785,1.0585751164409456,0.9150746907801972,0.8426496944676606,1.1116463326861061,1.1566251532094076,0.8958983656665594,0.7903853448488727,0.8975184185926898,0.7533674577774984,1.0782099845858089,1.1217628906713752,0.9202749622270636,1.3143489729450637,0.3630488114589239,0.7698510549383535,0.6227359106824567,0.6638232783757224,1.011600378926247,0.6600290418851141,0.9675220505433515,0.9063131612406748,0.8115638319951078,0.6943011497150041,1.0322621778218253,1.3551095807912747,0.023667065954208644,0.1703834773710116,0.33811790035535655,-0.24872564691472843,0.11972944831498662,0.34486882620453496,1.0277908574475751,0.35125917437066634,0.5261247774804024,0.9907867916386387,0.4544317267293924,0.2437378228032705,-0.08411226779330118,0.16396023173988147,0.954896064350836,0.08243471861565065,0.4128822095950738,0.47630978151255543,0.524720226397017,0.3360483538946804,0.07294620314841549,0.24065148027683106
ROI_028,0.4241603075919178,0.8848843210758854,0.9361822257238357,0.8566240106504678,0.7972739704507075,0.6364617780749638,0.4266285865961644,0.9208834954464745,0.8736627685536013,0.954557070955195,0.7972523026463114,0.961854996836924,0.9595102817269588,0.8502215105057979,0.9066148564525897,0.9905156816138835,0.9023138929993029,0.8921384200267616,0.8202660705770328,0.835938810996951,0.709556754852256,1.022690108169409,0.919788931546311,1.1585140377095855,1.0658911958183772,1.0254556440794682,1.2956071468282475,7.254328619247669,1.1998741546473064,1.3013842172703096,0.07765144581239979,0.4496785461297755,0.22619941703113933,1.1478030179271341,1.0244216070133527,0.3230269938070912,0.6995013499955135,0.5205909800767203,0.40759023820592977,0.2142207120164485,0.30952897238075594,0.7164605907912066,0.6371132244288418,0.649851821224729,0.6351003362980294,0.7412111198351463,0.4477488088559714,0.48875682791904435,0.25438575932023305,0.2853819413701705,0.35790541002470266,0.9310741180608318,0.8646673914544658,0.8285227114593047,0.8619897175151888,0.6748437050476357,1.003964673215385,0.9004134611055312,0.9410797365708288,0.9354628687006424,0.8779699020998297,0.5753646856416452,0.9304741728218343,0.8468855451506896,0.8079963907292107,1.144717495513694,0.4080921261910453,0.6947270000121838,0.7348954059058805,0.6593127231483941,0.7817140292659673,0.5688000066153944,1.0089544299161612,0.6843137662413185,0.717696138733894,0.7956861451161541,1.0969841490620922,1.2808927835715123,0.24106343483532583,0.3016178812492588,0.4973124997892082,-0.1548780215698716,0.3107009486231848,0.31282116098296364,1.055051378139779,0.47403455996983157,0.5919108606406616,1.3035613252305103,0.4303197372203296,0.22749075816684863,0.03979600249451714,0.35968089909589274,0.786587092227649,0.24209547970682088,0.38045872398553277,0.616446817957833,0.6236610260848394,0.48349868007322905,0.15077359304808538,0.24543088639567134
ROI_029,0.132076530411804,1.0818030844012039,0.9858420481241591,0.9340998597927351,0.7132583300866002,0.5024637896604337,0.3839623989928638,1.088376397007809,0.9000169390782835,0.8710420647285326,0.8117862024646051,1.1472201890660847,1.296373970133451,0.9578669919400147,1.2742579137727144,1.101281292352375,1.156634560084993,1.1357312031134343,0.7486106061353306,1.0922302482248096,1.1280560932995076,0.9882554656850562,1.0461998585750294,1.1178607831070573,0.8803953950501475,1.187011500848685,1.3154520078477083,1.1998741546473062,7.254328619247669,1.3640913462877604,-0.11247426913528404,0.2728196483986754,0.15281274058721683,1.1723811307690504,0.9352306601096876,0.13838357111128824,0.454196759773869,0.4326885672083001,0.24320291370605995,0.140308657281921,0.12620277793503584,0.5783765365280126,0.5446167340970994,0.34872067383481675,0.3640617633209137,0.38990826145542723,0.2688563068163739,0.2758217122695474,0.057496922673499574,0.06629956890024238,0.10361736392737432,0.7605111348087971,1.0844094018076473,0.8111782239354012,0.7265250899547497,0.6351146058925707,0.924737183607321,0.8248375286993979,0.9691006116174268,0.9225731653104859,1.1454318469879714,0.95788502930051,1.2113928333656243,0.9742236183134598,1.1762333942417842,1.3284334801661124,0.29911355511429244,0.9958052279856545,0.9938204540041615,0.8268377215393848,1.3388721099584635,0.8316468062142479,0.9361972316365685,0.6341250653047461,1.090007211464417,0.9465963830385873,1.1623541557313786,1.4683898679609804,0.02206601010057175,0.06468373360167608,0.5098662370780317,-0.2663298754022274,0.06171175435300167,0.5570118150008694,0.9437484520975132,0.29103996058636916,0.360230523004904,0.8585279390804588,0.37439595251450325,0.004766995044189637,-0.22810824177963807,0.052056879431654345,0.7623588538115232,0.16401884536700492,0.5505507451973433,0.32095925494291355,0.251991606062342,0.2915744808087828,-0.07691539774819549,0.009268613619331515
ROI_030,0.24316795021263715,1.2670063359412935,1.0874179784876026,1.1163031412555557,0.9344361428867841,0.6230102077237074,0.5476349069167005,1.1389244632025082,0.8973224470275898,0.8642012044367612,0.9155219397806985,1.1442203605853547,1.14299509502879,0.9605842757750098,1.3503991909820032,1.1064027264839522,0.9855804712095219,1.081836235659393,0.7619599218115607,1.1628740576492915,0.8214805361018823,1.13933237244639,1.1089665858005575,1.1590142006302675,0.9186349068594395,1.3425891148957865,1.3875642890068574,1.3013842172703096,1.3640913462877604,7.254328619247669,-0.07322753067529622,0.2984784213391577,0.13942887450615682,1.02606184420806,0.8477901549338526,0.1439022527199417,0.4777629075923559,0.5304273663060692,0.4534113886461394,0.3195254177061813,0.20751715282630714,0.7973152407109996,0.8040228944259082,0.47795616360737714,0.3969654609087851,0.5772007541596129,0.3326912191470503,0.32484929679124175,0.1583266215776959,0.22467940462046335,0.08384562829858,0.9005957774866791,1.0273691337149466,1.002805492455587,0.7813008809315183,0.7031577766048639,1.0407413017805611,0.9086340651760979,0.9591520359184833,1.0430731342115396,1.1000100457875501,0.853316836332252,1.1087754801621492,1.0066254967229495,0.9970598357226121,1.4723640861203855,0.26167153902044804,1.0053073311749456,0.7405879325815403,0.7918654204630549,1.100357508323361,0.9289872124485283,0.856606470498358,0.7989620083374853,1.0496771047329974,0.9823265667575176,1.1421985140796471,1.3849376391859753,-0.028913531579682,0.0005066653821063034,0.32955177244951306,-0.4574603898313149,-0.06062190335133217,0.5708951590996744,0.7486650572895753,0.24754006871518555,0.2946654418696245,0.7961400532988614,0.277805263568596,0.08667191352107496,-0.27138941966966396,0.12132127059622295,1.0418932312676312,0.26882919419644813,0.7002847521109968,0.3076930546250296,0.3426599452503778,0.14967148781865086,0.04548744732171562,0.1310158777678946
ROI_031,0.43626004695242726,-0.19829037738083236,-0.14709392877479305,-0.09637741205612642,0.14250280646200733,0.29945413092044565,0.19643101033969187,-0.036786778130146865,-0.08273805208067338,0.3015668717971493,0.11316642195811882,-0.033650614582674536,-0.15144638157255721,-0.010270994992959179,-0.0950674108316931,-0.0699089519225781,-0.008916093078848334,-0.16054161285335072,-0.01183686017377726,-0.24360478061967783,-0.16526169087685216,0.1126122126625164,-0.08604610372053764,0.0625117875960108,0.3527487879173757,-0.12270857287627727,-0.07712561210640492,0.0776514458123998,-0.11247426913528404,-0.07322753067529622,7.254328619247669,0.546696426019605,0.4169140939057373,-0.052809906368045424,0.17788998546042575,0.09146471799865662,0.17922873771995423,0.1027496354952587,0.29431857482964396,0.17479978116602957,0.15946442428127475,0.09267769979923676,-0.016830622175427735,0.32517986638127816,0.6755991178532198,0.27575130092502614,0.12510470579741123,0.2097918983176081,0.3102158367996231,0.186248221988242,0.2600854939374404,-0.1462918801422043,-0.37080806655097964,-0.14988783054375227,0.1803009736267404,0.06657196357062699,-0.08755982016102093,-0.048020941867375884,-0.23352662389269888,-0.19826320282368262,-0.23713172173417135,-0.52178764181408,-0.3050874180661858,-0.21943978723673593,-0.22008943270990675,-0.016522103607610878,-0.17694635776906675,-0.3964915068156395,-0.27814220970173903,-0.4062766242756774,-0.3362553018461363,-0.45409089757926535,-0.19990189089246116,-0.37185449708443497,-0.43242528400753727,-0.28569126097688446,-0.07117649509323193,-0.1782789961578911,0.5641739283989011,0.43496433705849846,-0.08380265416602528,-0.018345409272322075,0.2531416888146398,-0.45576240042109617,-0.13074434706842328,-0.03437077244658063,0.38453065579534157,0.059646827691517613,-0.1278633070587,-0.08890676603494459,0.5027189154639287,0.6486023657058216,-0.25774420188120495,0.08062847214915607,-0.3343883745966785,0.263799723368453,0.3633143528216414,0.05868871664655252,0.1941795635863552,0.24876812550781136
ROI_032,0.7133109424983337,0.23230880026506842,0.34462530103613337,0.21793910312013512,0.3667316748137121,0.6228817389053134,0.5966725704144253,0.4206248820262332,0.355715887379551,0.6877577290387548,0.5260606106295241,0.3752581907823105,0.27141570454727404,0.5458672213274253,0.2796292855149715,0.3887541970960904,0.3244274052748927,0.38076202797038533,0.5634319636649655,0.1745857925022581,0.23370702152522171,0.4741721157497978,0.41529084802812677,0.4621059698390967,0.7142384556426848,0.31483070685846526,0.41642436699358587,0.4496785461297755,0.2728196483986754,0.2984784213391577,0.546696426019605,7.254328619247669,0.4152902591436342,0.42424414585834824,0.5617444781869513,0.49487994561142606,0.8122339639921943,0.7191488721241935,0.44730940140180275,0.548960203915016,0.5507205333713489,0.5555937661381767,0.479355417748967,0.5972088140319317,1.0942828832866462,0.6283471641387438,0.6109209596385429,0.69626544272125,0.5440548731157081,0.6036740935489135,0.5020093969443308,0.36709944073153866,0.0340637110361347,0.2181361910326325,0.4015965829824773,0.6177684892688852,0.280555128170261,0.39066452295076143,0.27585215304683636,0.12967289426595544,0.06131462698404991,-0.06907263714326582,0.09222184328280957,0.178602535160468,0.15026056290687548,0.3905390033050463,0.2675156138264107,0.03965696469947165,-0.0009556438245693678,0.17506987222555115,0.10904325817463587,-0.07290081373886774,0.20009988339541743,0.1231503662377897,-0.044884252324126454,0.07311485912438222,0.3637515074542396,0.23917593525996916,0.4541224538651861,0.7940846634435639,0.032068618392238527,0.05040946912173265,0.3297924195140861,-0.1654185243765643,0.2395020254761843,0.22149326523844137,0.9687542678576162,0.370185273519543,0.4754542223599743,0.16662352630229355,0.21489093580603846,0.521624974454501,0.1129708731351394,0.2195904614379387,-0.013642299709993793,0.3797410842077485,0.5089509203019488,0.3395236815060059,0.40809628459424657,0.6705351022210766
ROI_033,0.41101448731850404,0.25507771129587864,0.18760002548242088,0.2824598840163048,0.33976498359401053,0.6733359221475723,0.6491144498217885,0.40782669174942343,0.4935567023090792,0.4303889022155823,0.3016334028893035,0.25813406125903104,0.2718248252516903,0.38250607836218065,0.23758341838791633,0.3693816840244823,0.22774704467128,0.35142258506084695,0.2700824059913215,0.24172248745436306,0.21688702077757155,0.3288700533968646,0.26257848325667243,0.2858360461381403,0.4509563287171016,0.1482209079921164,0.3271650533582293,0.22619941703113933,0.15281274058721683,0.13942887450615682,0.41691409390573725,0.4152902591436342,7.254328619247669,0.337703757494067,0.5035355308487354,0.5559802989592588,0.3330594467561941,0.4663852617843549,0.6283398995482373,0.5338475468506302,0.6345051487794097,0.3740375489626549,0.3779419043176296,0.31945867110604653,0.6834389575191269,0.40096672498603086,0.5534822969184365,0.6434012721362223,0.5844536360543735,0.32113548843161527,0.2023218864946826,0.04296464831742772,-0.06851932048025147,0.1390046098195468,0.42785352427059936,0.4657165908535113,0.07367958259115064,0.3773253240079328,-0.14278828175428246,-0.1952476961164776,-0.13298453578781716,-0.12833622206479015,-0.037887907368828556,0.04822114396135602,0.024436935432229065,0.2555085821912091,0.02212785993108384,-0.204088812979976,-0.23215845236374558,-0.14712587043073191,0.05203431833885285,-0.22706874260323306,0.007115638729963307,-0.1504517171465007,-0.18746689819054915,-0.2834200113288078,0.11056752804184994,0.021470934639401702,-0.04932803461761737,0.10986595205652684,-0.1532948834314014,0.11956156634811675,0.1319071793002471,-0.16943910846314125,0.05750758272832024,0.22911748914108399,0.5349140700989159,0.27645378367120876,0.2800886574269007,0.1345302950676293,0.12843391699230547,0.0654805499448685,-0.1294075643455746,-0.4084874715612028,-0.2762762170552967,0.32100896740815316,0.4691580580263895,0.21727863271689773,0.4381381490409786,0.27033164102318186
ROI_034,0.3747541663393173,1.0554078182133257,1.0828847048309524,0.8302044978222097,0.6683369894539553,0.5735463290079407,0.4300235640384699,1.0495331108445731,0.8793310714867326,1.0157476630585214,0.8447392103559994,1.1641051943780742,1.2968462348601586,1.181990541540526,1.2318538561951595,1.3222464500367936,1.423077872377344,1.4463661246409734,1.0847935150829937,0.9320076834329718,1.1179083070113223,1.1882685605619738,1.2044466602731183,1.2726062357385612,1.1400035545980214,1.0868812209380372,1.1253074896980855,1.1478030179271341,1.17238113076905,1.02606184420806,-0.052809906368045424,0.42424414585834835,0.3377037574940669,7.254328619247669,1.3437130724011972,0.23096620136196278,0.5934055744572662,0.46401274449569124,0.22683816248753785,0.19465285409653954,0.2517681661252506,0.48606607827808024,0.565289650393664,0.257055428338286,0.5124213641784865,0.3515270993308056,0.42203775080570133,0.48849376286046375,0.1548947344342491,0.10132743120006028,0.305282217668444,0.8692039716218786,1.0101721033758388,0.733483627905154,0.7264211452182209,0.7543275098423393,0.9891397034867053,0.9112944911983126,0.913389344721251,0.8638758119101351,0.9314512274162535,0.7271630736066917,1.0518513129438944,0.9858939535829351,1.162072123618038,1.3093245878394681,0.4587501089446265,0.8830113266294061,0.9418057087873799,0.9968361943796891,1.0716152157670433,0.6290554678224101,1.0546335776654763,0.5588899896692838,0.8793428564284754,0.7992609622279877,1.270865656511023,1.1262835417117025,0.10795511632187653,0.2442293296855237,0.638525849107901,-0.024838666108653432,0.2520415138182425,0.5090539868686828,0.9260895483455195,0.5081381667222077,0.5943332823419338,0.8665907769724608,0.47640756773151693,0.08265433119267261,-0.09691885989366208,0.1510246945680191,0.5211713726299789,0.1856853951164033,0.4117568771069954,0.2741236376843402,0.29956420876594736,0.4411281064022128,0.030568409583764264,0.029053528578131226
ROI_035,0.4830996243448549,0.9200154359825781,0.9692955053714227,0.7647897302707479,0.7307540619248528,0.7830121867093696,0.6359893235416508,1.131616991196655,0.8582442756223232,1.0740256393240977,1.0753863603491423,1.0879522401758288,0.9970122998476827,1.1596184141458616,0.9759199144490909,1.2051625476472905,1.219910837212887,1.1934288819070866,1.0384162989187813,0.6754813012537111,0.9261658701653982,1.4427353616949512,1.0900575602476976,1.296552145166765,1.2134196776747717,1.0446610095769964,1.09219021930056,1.024421607013353,0.9352306601096876,0.8477901549338526,0.17788998546042575,0.5617444781869514,0.5035355308487354,1.3437130724011976,7.254328619247669,0.2902827742622061,0.6154618559555916,0.5403641114446351,0.36613648194269116,0.31356008728644474,0.39037776050601886,0.5996121032722331,0.7963475643527972,0.46851120072769215,0.7806982337389343,0.5082580058272381,0.690879043416545,0.7117189725972195,0.3327594155811969,0.23909956255223472,0.36999657199946484,0.7090337285350765,0.6994445847667979,0.6507538934171664,0.8809808717028114,0.7361482673689946,0.8453282478623335,0.9314094096358329,0.6617965425161522,0.5349580939290972,0.6302183302623714,0.46662240898332114,0.6642803334243292,0.8098487899508644,0.7481299706400666,1.0688398118378069,0.3712381255790496,0.5146417908240949,0.5492399883411269,0.5882821312712849,0.7237187945895822,0.43451326992767203,0.7443681358966934,0.4719646662366152,0.5802523576520072,0.4958849643972837,0.8886245915520713,0.8679111196059712,0.1517441485028827,0.2417209058568016,0.46623352612971414,-0.03278445962271921,0.21646951403174097,0.35540999139316143,0.7351086958118148,0.5060851676733604,0.6931736494391656,0.9349032581759222,0.38131905947895484,0.12175971157118558,0.0028382389420516362,0.19974314529751214,0.4105139973052797,0.1253423176276687,0.32213390441718226,0.39470725148740965,0.46548847705482044,0.36413817826988676,0.14052034527406093,0.19149537210663417
ROI_036,0.46765267885392076,0.12991129321756115,0.20592729223260675,0.12073948793920597,0.23641601527152692,0.781358168008107,0.7652821930740307,0.30925139982392547,0.6767351067390367,0.22831521518076595,0.2860859486036085,0.07222361599870071,0.15561704707763596,0.3100249441412552,0.09411097048750566,0.21532027146023852,-0.004489151601535999,0.25144561005934735,0.2490305033098394,0.3064691862534038,0.08097324658332143,0.13860921711783958,0.23450121131035212,0.16189171036837072,0.26589208715804613,0.1131993283480969,0.31217836395927906,0.32302699380709127,0.13838357111128824,0.1439022527199417,0.09146471799865663,0.49487994561142606,0.5559802989592588,0.23096620136196278,0.2902827742622061,7.254328619247669,0.6986344335430392,0.9920410295903341,0.67789491733317,0.7979473224929741,1.3157357625962318,0.5610726222973994,0.4745224040154866,0.7310786179981179,0.6391229494046424,0.773039978685306,0.7550499491202899,0.8284146791167678,1.1775497306001572,1.0408598785133636,0.3024094895727016,0.11776770754501649,-0.11874675361063129,0.04014675251311444,0.36021928961727906,0.6136099944910863,0.06435757549806069,0.4516763193181704,0.055869452686414404,-0.09989226040456427,-0.19390631192073923,-0.012523377977873701,-0.05042042907324323,0.004828381800348088,-0.030441626051955172,0.158033619442519,0.5248281335354388,-0.12680768320457597,-0.19501252342970996,-0.04270149910277437,-0.008220154256222046,-0.10764152172687859,0.08625309645688581,0.13952068618884217,-0.16206695565799842,-0.22961732748222735,0.10613558537144885,0.02222914740137548,0.057065701982410476,0.22521159520948306,-0.0917471212864129,0.4357850292734951,0.340128320416699,-0.12682181339233387,0.15754428869279186,0.4236426747991319,0.673692812881655,0.47884198032813813,1.0527241933309015,0.5717199074402927,0.11404142305612097,0.05978639480701384,0.14436797557542722,-0.2790502132380629,-0.15755741326934689,0.7771890438794472,0.7569565869040608,0.5705350496653461,0.953025087505668,1.0131274680928393
ROI_037,0.6488589978123945,0.3779398814196071,0.4469604352729946,0.4078919812279039,0.4936515296424587,0.6654470503099252,0.5345750073921751,0.4861446094700061,0.6711885381159249,0.6605918450239064,0.49846314550485443,0.3953171759384183,0.37940863912373024,0.5478730198220928,0.3700756988569694,0.4395358852381784,0.3543168597420442,0.4830102570046322,0.6219917582002147,0.372560134640267,0.26322066949383544,0.5087421626441979,0.5714316564806193,0.4941057653813264,0.6185744838103975,0.43500494080042096,0.5833175546542738,0.6995013499955135,0.454196759773869,0.47776290759235607,0.17922873771995426,0.8122339639921943,0.3330594467561941,0.5934055744572663,0.6154618559555916,0.6986344335430393,7.254328619247669,0.7282089324650949,0.3936848765778374,0.39357296328821284,0.595402575945117,0.6146986839634412,0.48578740421744926,0.8474720855215104,0.8245063272430708,0.8142244283756473,0.5603565950573174,0.694121921744927,0.5901468191701207,0.7155362028300629,0.5899504465282768,0.6515412616997961,0.2846327008161044,0.4294317743211168,0.6325020575074077,0.7962586971417243,0.522789341677881,0.6353431172551723,0.5538172904531529,0.3304501100339682,0.21298695807037749,0.11637766765466204,0.27877107609818347,0.37514130283782027,0.31899515648014937,0.5713056961399671,0.595913368053039,0.18284976078781845,0.23904463558528025,0.37111538512375286,0.24774238076911212,0.1280611885153197,0.55026414772037,0.43380270211718586,0.14719802215145006,0.2632235968925746,0.5698086962542026,0.48235646201616766,0.4259771235666763,0.6036966616467075,0.21619490041778214,0.19818097139093208,0.5053575052336913,-0.005149661964068173,0.5654508439825235,0.5101523527971836,1.0797772312439788,0.7486885322479497,0.8209759720167747,0.45658034602367886,0.25778360581196286,0.46878756556819634,0.3483856817595755,0.18951127898655168,0.03206921655959737,0.7196702515796124,0.7515801718910062,0.6587362999480025,0.5274059853397861,0.6910165859364945
ROI_038,0.5007715820384492,0.4476958732389099,0.5235047886124469,0.34630805693885236,0.3889367311590974,0.8706125810479661,1.1479070048735303,0.6814362184073808,0.7957779360074841,0.43158318763877473,0.5378217080355966,0.34242352177263513,0.42435370015591173,0.7170020970407435,0.5069785745712261,0.4976897524514481,0.28665196031189843,0.5738045262464879,0.5704312413055908,0.47554308887695623,0.42759884737873904,0.4304269722807107,0.582606378050284,0.45444911332615545,0.518805998716995,0.4328985181206899,0.6881681554280202,0.5205909800767203,0.4326885672083001,0.5304273663060691,0.1027496354952587,0.7191488721241935,0.4663852617843549,0.46401274449569124,0.540364111444635,0.9920410295903341,0.7282089324650948,7.254328619247669,0.8028970611538013,1.0216663782646629,1.1368454183233094,0.9324968697894778,0.9619448737772889,0.7844688308155858,0.7691229613202176,0.9764786933827407,0.9834572471519131,0.9062210442768139,0.8896447211610522,0.9912206963430601,0.2706637046965887,0.42531410760961086,0.1882512128129581,0.2826516792540498,0.4926838503862589,0.7861265910866059,0.3675639154963479,0.7332940020936656,0.3309302663543742,0.15345851324734,0.10329493594388257,0.2710152176912588,0.2251087581585333,0.38693032365043367,0.27684433147612564,0.5058288969466076,0.48948714766280954,0.23263332462310987,0.010226666596742205,0.21701142226382297,0.31716156665353396,0.2603676164417385,0.3099564626629998,0.46952318313200436,0.16929119479782645,0.060281194449407875,0.3253498004586946,0.31142525852270897,0.044161282362303496,0.18707082814684015,0.00021435799105274246,0.15447272812557436,0.16802629417191417,0.13695293582797138,0.30681425524826955,0.40930665862068516,0.6482048534658073,0.5296868930567338,0.7710635880997072,0.5353262282179496,-0.07658191814935883,0.0427851432812522,0.5294039448026031,-0.08471339934492761,0.23012373581878434,0.6428784315618339,0.698997932552777,0.44334495158150156,0.5701849359030781,0.9928994727074509
ROI_039,0.5056002054470541,0.41720368291971177,0.3354439670948567,0.4653452721882801,0.61074803229709,0.9980601349011644,1.0482696118942985,0.6113222238079966,0.66853295946918,0.42803162901674074,0.5084464373480001,0.30166081579485704,0.2764553808840695,0.4334978522606994,0.26896294688360944,0.35304627292356316,0.09574779280978564,0.3832346051332607,0.35510646064275236,0.38369795904255805,0.16077884602422243,0.3806684895466111,0.3431424745234847,0.4531430595086984,0.4576917066308081,0.32935340246408534,0.5324103268272279,0.40759023820592977,0.2432029137060599,0.4534113886461393,0.29431857482964396,0.44730940140180275,0.6283398995482373,0.22683816248753785,0.36613648194269116,0.6778949173331701,0.39368487657783746,0.8028970611538016,7.254328619247669,1.2983428568004405,0.8701790055565962,0.9156322609741252,0.7955571551056912,0.6434202710326372,0.7054375319781,0.8869539855821105,0.7229025626496194,0.6351383875294732,0.8294233977812779,0.6858466628459569,0.1290532414075824,0.23359019107286547,0.008128122772592785,0.33702121836344423,0.6141939654917195,0.6318209669404171,0.27408095155948503,0.5786616871220006,0.010803813484533279,-0.01143890787770669,-0.01991056902669083,-0.04283617158614659,0.05715642562299736,0.14751284739978343,0.03168782346452785,0.3092986184195805,-0.014535785893485814,-0.0553187388247093,-0.2760444909812822,-0.1797373300823452,0.06143635448583098,-0.03732292905195815,0.03248097305372674,0.22398477354094756,-0.07958380281979084,-0.13730102738858335,0.11650105241313805,0.13212698662188754,-0.10079238202848285,0.05471105612597178,-0.3801987003172158,-0.27082657165278556,-0.07936043847244872,-0.18502032084824493,0.04779283593378393,0.046316756183733265,0.42641487084567115,0.32505556931839785,0.2945195436206971,0.22802951555560438,0.03719005574056624,0.1989583950740354,0.4181390821151021,-0.18275118467213033,-0.03422910384545859,0.376589193245673,0.6519905048400044,3.644719357451996e-05,0.5307439049029564,0.6533996713303258
ROI_040,0.4942953906298796,0.3405716163955356,0.2917307687210472,0.2861922360662073,0.4483437322529628,0.9838367459989925,1.2853767141102421,0.5346338694902986,0.6242659413538655,0.3065399631304739,0.4764828616191632,0.21191169318593514,0.20938589494796664,0.451799748641092,0.2646347221506299,0.3302189613312148,0.05415943658878447,0.3866194584079634,0.32750067314305037,0.33711044370192833,0.16128715685315867,0.3291865697483024,0.3430423692828398,0.2991437264454687,0.3891657899180259,0.2742048130313169,0.40349407108275964,0.21422071201644843,0.140308657281921,0.3195254177061813,0.17479978116602954,0.548960203915016,0.5338475468506303,0.19465285409653954,0.31356008728644474,0.7979473224929741,0.39357296328821284,1.0216663782646629,1.2983428568004405,7.254328619247669,1.072815134847908,0.8859419956471929,0.8585972392922409,0.5231317631993354,0.5962360165759654,0.6931202966150652,0.8405530947666459,0.70690097516645,0.9715886987851675,0.8734665103434407,0.08854013140712615,0.17015834150636994,-0.0862243138823519,0.18096319458607604,0.3911103870502255,0.7056269047451723,0.15094208753440164,0.5113064268919217,-0.0018238663405656546,-0.11380260376517307,-0.12894112258316687,0.005837332661514328,-0.02679662436193823,0.08193032885301638,0.009258482597864957,0.24355558391826115,0.11994810150578547,-0.0400920226162182,-0.31122055451180153,-0.09671751130148881,0.0763824303907049,0.03672022226217602,-0.08162972191804457,0.17850304601397016,-0.08258795243630689,-0.17906373334581452,0.07667026791956968,0.005880592532162305,-0.19992391775285084,0.00451359581328832,-0.37379611138388,-0.09359084227495293,-0.1338375469810949,-0.026668503395006093,-0.08759351684759674,0.12520775319676533,0.3956895286712844,0.19134275177310606,0.44155308381733716,0.27447169401449467,-0.1312444216531263,0.02779790581075369,0.30843034467055136,-0.15416654557036555,0.09060151175565499,0.25199521803130975,0.4732603207190328,-0.00559356763234351,0.6877032276732324,0.799714103359913
ROI_041,0.4564813701477851,0.20134142211490028,0.2462667282206264,0.1266501751056816,0.221353898451353,0.7772195529492768,0.9624333944713019,0.3791027276942777,0.5852624357697336,0.23708061485571422,0.34858120614294646,0.1177379838444817,0.1802713913184212,0.41979420793538436,0.15502544396178108,0.24755083469488545,0.03879213924418658,0.30484907577977394,0.3457732236519405,0.21157793718039075,0.1289420908856489,0.22655368368518114,0.28242575816356874,0.2561658733788601,0.3249303501135644,0.19452281775278338,0.39861877007263036,0.30952897238075594,0.12620277793503584,0.20751715282630714,0.15946442428127475,0.5507205333713489,0.6345051487794094,0.2517681661252506,0.39037776050601886,1.3157357625962318,0.595402575945117,1.1368454183233094,0.8701790055565962,1.072815134847908,7.254328619247669,0.7009030236215343,0.7730543445027651,0.7549257135919665,0.8216329983397513,0.9582190016261233,1.195665528167354,1.0964405031530486,1.276626142917851,1.054254885082067,0.2887059553765466,0.16721536868098374,-0.09766414252842208,0.08001449654558812,0.4214683105816562,0.5681405547928098,0.13069419327050014,0.5294722287633954,-0.007745976142131606,-0.16796422184928197,-0.23368531525303912,-0.03177766716957082,-0.05738158443427589,0.08317564238341152,-0.04352268823096011,0.19217027620798638,0.4288228163645428,-0.1476087484503069,-0.28027701922516596,-0.10334854425764761,-0.04895802518853166,-0.08996547769663628,0.059424355693607926,0.20095685419755074,-0.2024253440153861,-0.3081616689708115,0.026671960263565945,0.026305657106747916,0.05921228644939993,0.21317766629213422,-0.07662074403290474,0.34032822635056026,0.30469090924841774,-0.14877017043798446,0.14842687883180114,0.47425114120269435,0.619544508480248,0.4526391965569235,0.7169248638144222,0.725331633671928,0.13677726381590888,0.04382677188278747,0.19706222846397792,-0.28206628915016413,-0.10377832122598823,0.7104396549180307,0.9428501148840531,0.45479281273175753,0.8145602866344404,1.012003053775887
ROI_042,0.44725536039379876,0.6454677109132904,0.5548126365737475,0.6776704783808596,0.8597391850096764,0.9719216198135847,1.0692232036152025,0.8287060146412091,0.8902645274234658,0.6750478932234601,0.7541265954091336,0.6380457339193845,0.5177859650898986,0.6715027190166434,0.5637189171776563,0.6242607899789471,0.39983662341199594,0.6184823134138536,0.573882880118875,0.6388532365391368,0.37187898298788147,0.7685468585203599,0.607361550463955,0.6386772881255672,0.7078007835709561,0.7693652229654043,0.855619579858301,0.7164605907912068,0.5783765365280124,0.7973152407109996,0.09267769979923678,0.5555937661381767,0.3740375489626549,0.48606607827808024,0.5996121032722331,0.5610726222973994,0.6146986839634411,0.9324968697894778,0.9156322609741252,0.8859419956471929,0.7009030236215341,7.254328619247669,1.226834736277037,0.8724814082257281,0.7073315189835492,1.0067085499868793,0.7303194913935722,0.6516266363754071,0.7464715859346434,0.7663111100170094,0.1962834716418685,0.5573981101642427,0.29206330451438184,0.6023419699486987,0.7562934981011801,0.8861209150984793,0.5260218941872051,0.8042527526807048,0.4067835015830726,0.2654875036169126,0.2539036544348383,0.2857493822478017,0.3261867122052833,0.36367160732874804,0.25748647811606457,0.6347711322873127,0.17998327005857767,0.24764371763787454,0.038011685296179945,0.21901044953250653,0.38910981754670537,0.3817042932275656,0.28447033574964664,0.42553409226924044,0.28046783530663827,0.27845585674427953,0.47739274897688466,0.5068183283954143,-0.11155620968265476,0.05919423923476834,-0.1237637756329961,-0.3286836250994036,-0.09470684574603984,0.17977442307816513,0.26487100818425857,0.19692978792510463,0.48590680223352856,0.6543276347188065,0.3649536770075508,0.2694429283709095,-0.16990450640521437,0.10539486790574402,0.6235660929574354,0.07761041127282672,0.3402707737264775,0.44446908307728583,0.5971945159007288,0.07500088791053931,0.5634791398297978,0.6980223002644589
ROI_043,0.35253446000239325,0.7522559998797667,0.7306910462872023,0.6286723656175318,0.683215675509675,0.8606591713085512,1.1107023372640215,0.9119366179861599,0.8157317130293577,0.5141691144753302,0.7809138203077908,0.6260896790594422,0.551862868465595,0.7991258814127971,0.6556571195345444,0.7040802414232824,0.47932016627925544,0.7475315881570059,0.6353585919090696,0.5876666834253815,0.4710432757559206,0.8565917460941085,0.7270211280744048,0.7116041134485654,0.6525986110057884,0.8394717963083129,0.8835285913412887,0.6371132244288417,0.5446167340970993,0.8040228944259082,-0.016830622175427735,0.479355417748967,0.37794190431762953,0.565289650393664,0.7963475643527972,0.4745224040154866,0.48578740421744926,0.9619448737772891,0.7955571551056912,0.8585972392922411,0.7730543445027651,1.226834736277037,7.254328619247669,0.6832604874722104,0.6143412653813665,0.8633108140168486,1.0787275975456778,0.8327619227998696,0.6478638623282079,0.685712183290949,0.08658366635919792,0.541749185991846,0.3691175843251234,0.5796695002053639,0.6881193268151872,0.6752698652144615,0.5348081326530225,0.8795066435727826,0.3688661744358787,0.22280307219849757,0.2533862129982894,0.3711722743863386,0.3420375407668719,0.5066710988436719,0.3339047896489578,0.6598290404552489,0.23663749649003318,0.3205090929707887,0.05286022089508909,0.31308657131921563,0.4365648491460146,0.48528584947664133,0.31778327393701905,0.5566638397958532,0.3562855691676311,0.222002250318182,0.41588275433773775,0.5085658486009706,-0.2120380458157458,-0.07054356508556084,-0.016496385285385815,-0.21760573463067462,-0.17186334996289365,0.3246966874894402,0.2636385848148176,0.3136823050440724,0.3752175275171464,0.5891260500369593,0.3252600892804116,0.3715886476487561,-0.2849646935813956,-0.07540688717387332,0.6452721299659583,0.003456096712070559,0.48660920886495795,0.38211992085209356,0.5258137555700381,0.037239180070217356,0.43016478404043995,0.6105316985387457
ROI_044,0.5176292856373188,0.3086853182524925,0.3673194581489909,0.3949941820842967,0.5480196703319098,0.7504736016451901,0.7427826166205423,0.45418355780248076,0.6304951130130283,0.5208140723452857,0.5479729030698992,0.3039600845015506,0.20671070083981521,0.3573104392297667,0.2360784023040356,0.3518765963701657,0.13285678946190582,0.26754950578655884,0.37890593993843624,0.3173440590987822,0.12658782013656514,0.41921930098643795,0.33300447854791554,0.39505305023092574,0.4456718699403785,0.4055354072990931,0.5686128006070508,0.649851821224729,0.34872067383481675,0.4779561636073772,0.32517986638127816,0.5972088140319317,0.31945867110604653,0.257055428338286,0.4685112007276921,0.7310786179981179,0.8474720855215104,0.7844688308155858,0.6434202710326372,0.5231317631993354,0.7549257135919665,0.8724814082257283,0.6832604874722104,7.254328619247669,0.9012066776425939,1.4168009925181462,0.6500737710239229,0.698027324824753,0.84677616618541,1.0372668114483405,0.5065924845135261,0.4632471162998551,0.12191502534906021,0.40593729539550794,0.685057886096846,0.586175845775549,0.41603861912901585,0.5939066704911566,0.3495514500771025,0.17154699948837307,0.09014454391856665,0.0013702397543382016,0.15828819654661894,0.271865551559848,0.06997553958135944,0.39063097102638933,0.4184707226692558,-0.00036080147714560027,-0.036947372699522016,0.017086868989485398,0.08162329456160872,0.10409461998913078,0.29500807920263594,0.45188063695651964,0.01899723173467988,0.10709164432912989,0.27296067937149204,0.3615264740870951,0.30421578587230474,0.3369584712991803,-0.012275555613463206,-0.00885382586812508,0.2973119605224584,-0.12668558589911647,0.3761115788223245,0.37402011180058703,0.6084823402888669,0.7524528485465903,0.44886275619535876,0.5685794263641265,0.27126203917045183,0.3984168398173029,0.46980772091295586,0.1354369866122495,0.06232961809550147,1.0073823993610138,1.065480055035948,0.42444350215989857,0.7028607284762716,1.0694044001666902
ROI_045,0.7233844910755678,0.31621644415296346,0.3859524539734806,0.3266329351213644,0.49547238923513454,0.8167425381171407,0.7431029141652024,0.5589648222302934,0.5232373091387824,0.7919609176541607,0.6056553941593716,0.451875903197835,0.3444732488795924,0.6133802233431764,0.327799072105733,0.4467607530576947,0.36846855190379535,0.4233571811251609,0.6024220619912509,0.2377093833429174,0.30741522215383466,0.5869457936492352,0.4520849604450053,0.6009131862400829,0.80682015897223,0.3863672280403648,0.578249039983575,0.6351003362980294,0.3640617633209137,0.3969654609087851,0.6755991178532197,1.0942828832866465,0.6834389575191269,0.5124213641784864,0.7806982337389343,0.6391229494046425,0.8245063272430706,0.7691229613202176,0.7054375319781,0.5962360165759651,0.8216329983397513,0.7073315189835493,0.6143412653813665,0.9012066776425941,7.254328619247669,0.993602164387326,0.8545714039531538,0.9047994872591424,0.7953494465655632,0.6519018147214228,0.5643500230955445,0.3676022580644494,0.07438863152366748,0.2797624230886352,0.6972458616266902,0.6461099389405363,0.38266197814799263,0.5538861163063529,0.19323123137015347,0.08303529535264319,0.06390088094443858,-0.09433825321003274,0.12474531257818892,0.25336764940971607,0.17756080693041953,0.4574303832287931,0.2537952095907299,-0.03931746527475917,-0.020088625682450376,0.012633994761189617,0.0860224949126802,-0.11402929057140888,0.26350275813767005,0.1532549126515299,-0.0765061961161252,-0.019481773195082788,0.3539957043087718,0.29503882084186395,0.4769132784754725,0.6481450772942978,0.08008173813224735,0.04495406006518054,0.4452114401935654,-0.25013288571692477,0.37803986038299353,0.36298349870505436,0.9911772298109384,0.6422875037225045,0.43565674686727923,0.2953516935249384,0.3697037699334231,0.5092168436171155,0.16618830001541188,0.06052994955550292,-0.14099706209173232,0.7408251300685867,0.9455334812645105,0.4803671520077603,0.4900884290111592,0.704536423267299
ROI_046,0.5540816865239697,0.3696471442584012,0.4680371929036873,0.4046646005901598,0.5130697846669782,0.7679812310682054,0.8199002818730388,0.5081094270391189,0.6329150691056127,0.4637507677680374,0.4898329970116554,0.29821210760559763,0.26263098000112345,0.47244350649282874,0.30164803883021357,0.3622890850391513,0.14821173482288583,0.34667223272809394,0.4714273699871564,0.33648360759863677,0.17259882020929146,0.4346837329664282,0.4635674445404519,0.47256153975144977,0.48149484512522045,0.4210906203167204,0.70642428491508,0.7412111198351465,0.38990826145542723,0.5772007541596129,0.27575130092502614,0.6283471641387438,0.40096672498603086,0.3515270993308056,0.5082580058272381,0.773039978685306,0.8142244283756476,0.9764786933827407,0.8869539855821102,0.6931202966150652,0.9582190016261233,1.006708549986879,0.8633108140168486,1.4168009925181462,0.9936021643873262,7.254328619247669,0.9428777237008206,0.8793862726258077,0.9434365889624479,1.0782899491312576,0.48463227763736416,0.5443680638394449,0.1681561437862738,0.45578598047687546,0.7096901508200306,0.6725512039463911,0.482922313085888,0.7028375284292038,0.30175290885611955,0.1759984462810509,0.08450038710944875,0.021432878507088762,0.19262473332901686,0.3352047578512527,0.11520271492704576,0.43043141759516057,0.3916188181867519,0.03841453517321146,-0.045361089758363435,0.044111072247143994,0.10494784196969266,0.10921630369914127,0.37503471457567883,0.5233226004081228,0.015200628265175358,0.08792854416892781,0.2945629281861997,0.39971781190285455,0.2936194769698113,0.3870474449276842,0.0042657721015744105,-0.035124708105424576,0.3257768945911039,-0.14165179734929267,0.444033389666202,0.4323648105800679,0.6719026465512116,0.8126198440843816,0.454442105212678,0.7394181235144413,0.26396265944985026,0.4049191698579487,0.597963323853364,0.046477418829995905,0.051479524569578,1.0132126376084194,1.4770517472640567,0.4789694986284796,0.6416440842114266,1.0685484149069535
ROI_047,0.4099763754834154,0.3408272487598932,0.4379792160694601,0.21421060837597058,0.2601082100442916,0.7069180524360836,0.8683554899046925,0.5188353081346574,0.5535187153207262,0.2983080498837959,0.4441265977010225,0.2509517394384867,0.2635355717645716,0.6302536159750805,0.28720527822782504,0.3797204210786101,0.21894433276888522,0.44971564714689016,0.5415872681845827,0.22261424074819183,0.30549918923943553,0.44467587869689124,0.5060666997543571,0.42330146126977575,0.45480019904262664,0.360912280097895,0.5891193693581714,0.44774880885597124,0.26885630681637396,0.3326912191470503,0.12510470579741126,0.6109209596385429,0.5534822969184365,0.42203775080570133,0.690879043416545,0.7550499491202899,0.5603565950573174,0.9834572471519129,0.7229025626496194,0.8405530947666459,1.195665528167354,0.7303194913935722,1.0787275975456778,0.6500737710239229,0.854571403953154,0.9428777237008206,7.254328619247669,1.3674913363827859,0.8887862344303907,0.8188080193649762,0.3253701009129456,0.3215333373506509,0.0717170169273836,0.2268691177809017,0.4800800245714471,0.5516821493981198,0.2825695940371191,0.6096376188878723,0.10478003378404531,-0.08380081080995956,-0.08585451694867328,0.027914354786339156,0.0672875949730388,0.2740668762405764,0.10648234504525673,0.31945013305988545,0.354863201241356,-0.018413846145469575,-0.11233498523017636,0.06256367176771721,0.10476131676936719,0.06012505494229253,0.23314263459816947,0.36895638240209194,-0.03360741711447347,-0.12753952467891663,0.1685267074979622,0.21718071456801544,0.049546292714606165,0.22835960947647252,0.05761802116741032,0.21317717114419424,0.2153633798109688,-0.013247354122322532,0.2871338383462915,0.5696659965542242,0.6277325119091463,0.5865096802237009,0.5133089719668809,0.69120500516615,0.0684804712734519,0.06705015508552498,0.3140556782821286,-0.1912207987691233,0.06686269339979681,0.6262932046694552,0.8926274099427395,0.3912941654199753,0.5039162496553874,0.8151479707456413
ROI_048,0.5095800071741877,0.3142407881165148,0.4354261686056951,0.23656057440837067,0.30786185023714,0.757513541001115,0.9045464608174543,0.47663525082622576,0.6082477289797988,0.39748978636505294,0.45013024575117805,0.27217005017651175,0.2752177479897746,0.6772651211031521,0.3304805961766561,0.45015417522123485,0.25675657852540773,0.4661114427437297,0.5824617578181258,0.2658830440599426,0.2640701063332796,0.49280922682384115,0.5714939941099461,0.4140838006774264,0.4870587142569438,0.35230510172399526,0.5389097111361112,0.48875682791904435,0.2758217122695474,0.32484929679124175,0.2097918983176081,0.69626544272125,0.6434012721362223,0.48849376286046375,0.7117189725972195,0.8284146791167678,0.694121921744927,0.9062210442768142,0.6351383875294732,0.70690097516645,1.0964405031530484,0.651626636375407,0.8327619227998696,0.698027324824753,0.9047994872591424,0.8793862726258077,1.3674913363827863,7.254328619247669,0.9359643045640739,0.8418370170788638,0.5096512703233765,0.3925043040416613,0.09782843843798802,0.2429613228631329,0.48954046362521175,0.6115534847310614,0.2899903590414062,0.6385282479509783,0.1589111952296114,-0.006273833959055086,-0.07185105136520237,-0.00821594830558367,0.07638795571962598,0.28159780388741984,0.15826148157155498,0.4043476169055514,0.5341036000651616,0.004823369747487765,-0.05615993525682113,0.14206406757730392,0.11868002524257605,0.015869556895457486,0.30866616578010203,0.3267844335871397,-0.05054295197898196,-0.09384991710894067,0.24219064470101556,0.23563038149084517,0.11656902898600532,0.3463323742766018,0.10732482717893226,0.30134013849008523,0.3282617455132894,-0.014634041226498567,0.28722420248755026,0.6426089655540382,0.808136449059212,0.606657167578166,0.579453360105253,0.6757395878155458,0.19220297946780107,0.17889187682644425,0.2352473578425341,-0.1158387412965105,0.006594589867402689,0.6682682173756205,0.9351787500919002,0.527766957218206,0.5965244048452575,0.7874342630255583
ROI_049,0.5139939941358969,0.09120852224278976,0.15618510783055783,0.10772312199556872,0.3440775445894921,0.9366070489824776,1.0141014955979064,0.29544510589137635,0.5671927925872968,0.25982419679012164,0.3304641987854252,0.0887941997768889,0.050717227681328816,0.31622720491991785,0.10402708062830822,0.18486160247189634,-0.014226212735168752,0.18699153548552952,0.2410361639092427,0.20003017591272107,0.019697654302897164,0.25119540019743347,0.23247154662619354,0.16524877140454844,0.31675824872737,0.15774442540324662,0.2623893507628307,0.254385759320233,0.05749692267349957,0.1583266215776959,0.31021583679962317,0.5440548731157081,0.5844536360543735,0.1548947344342491,0.3327594155811969,1.1775497306001572,0.5901468191701209,0.8896447211610522,0.8294233977812779,0.9715886987851675,1.2766261429178511,0.7464715859346434,0.6478638623282079,0.84677616618541,0.7953494465655632,0.943436588962448,0.8887862344303907,0.9359643045640739,7.254328619247669,1.1878783578000156,0.3565212896418303,0.10487187019621834,-0.2165967346054288,0.06299056546367038,0.4592376255972048,0.6079018135922667,0.07069627440899977,0.43018369368388026,-0.04907749642187275,-0.19457560914906424,-0.2750922279574635,-0.17656379455125676,-0.1503524002393761,-0.040840540368369524,-0.13419393194553952,0.15936727707838888,0.3078763554544936,-0.2482866424295049,-0.3474360616331097,-0.19330089416755045,-0.1037123875851551,-0.1366470609888465,-0.03576665567750024,0.06564260401483289,-0.2634013568066308,-0.2715603737202615,0.03980456588290101,-0.030193847190588034,0.08004038150284715,0.20864999931780534,-0.19749588007635185,0.15193126954453523,0.1820094430074054,-0.17785890513366076,-0.008024523108768833,0.34298250827812443,0.5799442526057479,0.4167170822248139,0.4941284766770977,0.5062364233611588,0.1849907594980976,0.1559246364688665,0.11033484883058417,-0.1232657968923503,-0.12847689563667203,0.6565477201651884,0.8584626884797466,0.3061909094279135,1.0185290324292682,1.1262724925780345
ROI_050,0.5584673515552065,0.11175176208460837,0.2325751627826607,0.1391418112912024,0.33042978998923983,0.7741008149941128,0.9566010917645873,0.2584518894929391,0.512732511534252,0.21015546527750337,0.3184021039345501,0.01329176328403628,-0.0156447952949611,0.2787567206463621,0.10908919194315152,0.15876303952466253,-0.08710117761559824,0.15557212583732413,0.22954177647935675,0.2343171601360962,-0.041372563131165656,0.21591484110578557,0.26106658568534863,0.09835802588649165,0.22472945894626178,0.1526538953453178,0.2737661322172487,0.2853819413701705,0.06629956890024238,0.22467940462046335,0.18624822198824204,0.6036740935489135,0.32113548843161527,0.1013274312000603,0.23909956255223472,1.0408598785133636,0.7155362028300628,0.9912206963430601,0.6858466628459569,0.8734665103434405,1.0542548850820666,0.7663111100170095,0.685712183290949,1.0372668114483405,0.6519018147214228,1.0782899491312576,0.8188080193649763,0.8418370170788638,1.1878783578000156,7.254328619247669,0.37588878579908724,0.2756609925111699,-0.1496043992078727,0.14890716942504886,0.40659764282488026,0.6423890173043026,0.16106353224240258,0.46792633613023027,0.10302794517428425,-0.09132977451678705,-0.22292368826101389,-0.13611007586220716,-0.1336217420994682,0.03950986830325263,-0.08862286054466283,0.1843712593147124,0.5106651134074579,-0.14861183323350527,-0.25951181807368084,-0.021115379607859357,-0.0607069116434608,0.0033631809288971336,0.05289040661256171,0.2725924163605818,-0.1715222421742255,-0.12078364740843743,0.07228736731543738,0.02871242594254026,0.09083672007725092,0.22814481786668805,-0.2042758376455269,0.1622610039159048,0.14638773921230633,-0.08330715868736717,0.02828281886033239,0.3424217789732835,0.5564683560813292,0.4092907325795455,0.6207260867467647,0.6615301609124252,0.09025894590958031,0.2083227997844797,0.26648857835164963,-0.041707651223523684,0.015182859092538999,0.6336110391031126,0.8211474754188666,0.3163774940264043,1.123684860350864,1.5107977892514683
ROI_051,0.5570463925702092,0.11190775399464023,0.23501655655684256,0.09111660291729866,0.15539497431399202,0.22779065382644398,0.1757791394448776,0.14811249262950507,0.17012556738159165,0.3610320475929106,0.26639334580987445,0.1628722135730532,0.10456298007264216,0.27885127164567675,0.05937751075838905,0.20472455186327435,0.10310703346548826,0.16636403175593537,0.49405714887073926,-0.03399023948320673,0.10628975709004762,0.23551106938833635,0.2546227815693573,0.2563244424531952,0.2300604881487071,0.10684700255512598,0.27558222046238584,0.3579054100247027,0.1036173639273743,0.08384562829858003,0.2600854939374404,0.5020093969443308,0.20232188649468258,0.305282217668444,0.36999657199946484,0.3024094895727016,0.5899504465282768,0.2706637046965887,0.1290532414075824,0.08854013140712615,0.2887059553765466,0.19628347164186852,0.08658366635919794,0.5065924845135261,0.5643500230955445,0.48463227763736416,0.3253701009129456,0.5096512703233764,0.3565212896418303,0.37588878579908724,7.254328619247669,0.5465241074609983,0.18768036466757845,0.2546547602909317,0.3392932744166839,0.3768733079359098,0.39574497847519413,0.3122629774841956,0.29995571889929934,0.17539145645338167,0.057987920330257466,-0.19105586041605607,0.12761334112656353,0.27653142488370047,0.08950124256727733,0.2322052703672661,0.5858601055562224,-0.06343949749111182,0.13220333280018273,0.15894277629168038,-0.02074175441155617,-0.17956004807953385,0.4685010632969113,0.3168523219309987,-0.11604130396307938,0.0947113347162092,0.23346407239871786,0.23189392646527543,0.6571980513886023,0.8543270396436424,0.29464118691988034,0.27334381693247417,0.8157554482613203,-0.34275193149854144,0.47449171819323116,0.4726297992849542,0.7254769927260091,0.4710424569068823,0.25736915157943246,0.47167704695122453,0.8645282110450042,0.714703828551273,0.13663644083253326,0.3628179444956754,-0.23738393087896345,0.4627499125043789,0.6713005983805174,0.6518379872677071,0.28288637385444654,0.3731429668469531
ROI_052,0.4313439618437514,1.0401009563323047,1.0832527541169688,0.9566455156685834,0.7421741024623165,0.4037287391376203,0.3819188126062143,0.8129182836959258,0.6631793863440923,0.7535907408517083,0.6994721301402225,0.7924958540544215,0.7365743176577718,0.7958042560578188,0.7221107389745487,0.9121560541427873,0.6428613882409183,0.8682217527250032,0.921200037560613,0.6472767602052758,0.5971813105463128,0.7624329950008386,0.8704602705182722,0.8582722237942508,0.5863027620232324,0.8226256379299736,0.9886975581214736,0.9310741180608316,0.7605111348087971,0.9005957774866791,-0.1462918801422043,0.36709944073153866,0.04296464831742772,0.8692039716218783,0.7090337285350763,0.11776770754501649,0.6515412616997961,0.42531410760961086,0.23359019107286544,0.17015834150636994,0.16721536868098374,0.5573981101642429,0.5417491859918461,0.4632471162998551,0.3676022580644494,0.5443680638394448,0.3215333373506509,0.3925043040416613,0.10487187019621834,0.2756609925111699,0.5465241074609983,7.254328619247669,1.1515057756978888,1.3349117017245276,0.8177789319871839,0.7589508804455375,1.5156803545685882,1.0358080882752794,1.2039933793397641,0.9623939300440439,0.8245171753352567,0.5440940043477844,0.9480032469297964,1.2042814957663674,0.8049427445303345,0.9590446878320465,0.5176084045802566,0.7664452872499897,0.6902349839732226,0.847824204270749,0.7268199515377043,0.6587657575017541,1.1588725015791672,1.1358288841128732,0.7165961525107049,0.8525802702848984,0.9068499542007777,1.0516379483286538,0.22603599756692241,0.3596555583617077,0.4325045045779944,-0.17666488865091545,0.29114885100034404,0.3311454228083682,0.9447315632528422,0.4779886896096185,0.5248446995364772,0.6799199416252567,0.33368416895900144,0.3324142323893643,0.08855259420156407,0.37096855498917747,0.9630223184683843,0.46018693877331535,0.4381318313500203,0.2784624035951567,0.4159262331751775,0.34497798061236035,0.06034800133582214,0.21405192552189925
ROI_053,0.07440096468780048,1.2236546524423308,1.0831625258528623,0.9441908007568837,0.5612356175993826,0.18777809001641566,0.14393839556481985,0.87540416762291,0.6061591771703428,0.622689934855648,0.6551519541236978,1.0278809911168418,1.160556668271004,0.8042809805423032,1.0118724669573274,1.0280265784100882,0.9803543516129407,1.0207201547870304,0.8163837968450026,0.8064075704675341,0.9868750153426258,0.7485048561270575,0.87265129853752,0.97009793198829,0.5392966249136868,1.003766022003037,1.0402207175347848,0.8646673914544657,1.0844094018076469,1.0273691337149466,-0.37080806655097964,0.0340637110361347,-0.06851932048025146,1.0101721033758388,0.6994445847667979,-0.11874675361063129,0.28463270081610437,0.1882512128129581,0.008128122772592785,-0.0862243138823519,-0.09766414252842211,0.29206330451438184,0.3691175843251234,0.12191502534906021,0.07438863152366748,0.16815614378627378,0.0717170169273836,0.09782843843798804,-0.21659673460542883,-0.1496043992078727,0.18768036466757845,1.1515057756978886,7.254328619247669,1.0938867834958572,0.5895551361905258,0.4490349905455989,1.243483226979233,0.7906173541477131,1.2762273761686564,1.2668202653637468,1.5101149812437715,1.1018163528132052,1.7334731391030336,1.487251493597875,1.2940446631383873,1.0978387873123845,0.33478954261844324,1.3531271272785466,1.159316099626878,1.0579172239538166,1.244863024338375,0.9782242704977937,1.2388011970329391,0.9908722217049081,1.3631312884322138,1.1810747232274965,1.0073559840825659,1.4592331939933987,0.013662353224627905,0.05363170259031749,0.6335241228659259,-0.2628437031041402,0.10498322103979876,0.6149217251487851,1.0696942451202582,0.31615882056420647,0.19884222271484742,0.5839523546529078,0.17367406572300317,0.06405454152135202,-0.13623411160288157,0.045083630248808536,0.9252062182814764,0.3469671498081462,0.6247653197148276,0.10776141993713621,0.08437037033183101,0.20838251548220643,-0.29941999631836563,-0.1939746991507346
ROI_054,0.23706443990709147,1.362561191085072,1.0668407153115158,1.5866468461359926,1.0659275223295412,0.46154878832031826,0.40913209290557734,0.986667587089452,0.7887557224044143,0.8224197104930696,0.7861331686381813,0.9681372127116142,0.8406918338197981,0.7310543483705078,0.7406479724149599,1.0227287559372398,0.6314808468069041,0.8975574694921981,0.7382342235278962,0.8324506982828195,0.6144584797529585,0.8210181898149789,0.8217563981284929,0.8992203881854882,0.5886181603179256,0.9279192752627202,1.0585751164409458,0.8285227114593045,0.8111782239354012,1.0028054924555871,-0.14988783054375227,0.2181361910326325,0.13900460981954676,0.733483627905154,0.6507538934171662,0.04014675251311443,0.4294317743211168,0.2826516792540498,0.33702121836344423,0.18096319458607604,0.08001449654558813,0.6023419699486986,0.5796695002053639,0.4059372953955079,0.2797624230886352,0.45578598047687535,0.22686911778090174,0.24296132286313293,0.06299056546367038,0.14890716942504884,0.2546547602909317,1.334911701724528,1.0938867834958572,7.254328619247669,1.0145054547050252,0.7048512435864129,1.3595081538862237,1.0952700618035465,0.9370880712179631,0.8392735330256881,0.8487778798882144,0.5818012880339377,0.9460620620924461,1.0685929008376838,0.7453733461656372,0.968760459579021,0.1935374949508403,0.684047969911185,0.5500145931249947,0.6500255754117957,0.8028534986225642,0.6566706839428215,0.8106718472567125,0.8825965014884355,0.73092771483796,0.7819013177179504,0.8605828873175865,1.0815384285535765,-0.026643117211970362,0.12281687876370205,0.17385687574455924,-0.480982082595325,-0.007946589974734,0.31535094200981184,0.7279830374770134,0.19996283389563013,0.3243456160108708,0.5673235278825233,0.16933642862580606,0.11220761073551841,-0.06475452548518741,0.22817747915471265,0.9169952436379818,0.2590745030662866,0.4009478745569686,0.16799370167071984,0.27992043183252646,0.06395633277221399,0.008709888770336302,0.08168323338093589
ROI_055,0.4409223101700426,0.9081339391374484,0.8456550392268423,1.1426310160051647,1.258605466057062,0.9478983204231564,0.7040281258754815,1.0280810154411077,1.0514332032961904,1.0591205864477211,0.8234690263191158,0.8189910727771447,0.6830207964926178,0.7053236515606647,0.6531953501141997,0.9007505267950123,0.6224733698216053,0.8015977102308478,0.6875284030462802,0.667755980949926,0.5573243294835609,0.90475108901725,0.6541472268651556,0.9329453704402734,0.7981108309259621,0.8301566707498313,0.9150746907801972,0.8619897175151888,0.7265250899547498,0.7813008809315183,0.1803009736267404,0.4015965829824773,0.42785352427059936,0.7264211452182209,0.880980871702811,0.36021928961727906,0.6325020575074077,0.4926838503862589,0.6141939654917193,0.3911103870502255,0.4214683105816562,0.7562934981011801,0.6881193268151872,0.685057886096846,0.6972458616266902,0.7096901508200306,0.4800800245714471,0.4895404636252118,0.4592376255972048,0.40659764282488026,0.3392932744166839,0.817778931987184,0.5895551361905258,1.0145054547050252,7.254328619247669,0.9285226072787075,1.0189449004861149,1.2868940966532643,0.6748839582656343,0.5225004606258972,0.4976928562029987,0.32822820999270796,0.5391373038441263,0.7009649507580388,0.5174381663911554,0.790053195165505,0.19824001569991462,0.35331922276931327,0.32809161483548355,0.3005085589142164,0.5000962577658588,0.3801911269015668,0.5575673777905505,0.49678944570575123,0.40831613652247645,0.4219559043767771,0.6139821847578883,0.7008792762616827,0.08128232814544602,0.2355785832096392,0.15847519176321798,-0.2660877181682555,0.15819063207786424,0.1665873918326123,0.607637261665641,0.3829102889528796,0.5867992248733559,0.7784271028138495,0.3176903668932132,0.1437248519245454,0.06242963503903962,0.27617511889040114,0.5990663144244939,0.031842592253236573,0.18485929583000796,0.43126308405549085,0.5792255344111985,0.20191181152239762,0.29415240905201046,0.34153155673074276
ROI_056,0.641511618553229,0.8126526039380526,0.7929613958650626,0.8077514974520555,0.9128538438757483,1.1046643902480033,0.9803632506079019,0.9758536836003565,1.1032805028916477,0.9396796431296006,0.8525394511043767,0.718322180998756,0.6829502242267158,0.8762037086956352,0.6964299008091085,0.8669238823213913,0.5882700680036731,0.928199182196397,0.7779986723777632,0.7423464342020348,0.5687942147886824,0.7566533655138794,0.8385815616886443,0.7302483524240898,0.7936025158313367,0.7409742978262246,0.8426496944676605,0.6748437050476357,0.6351146058925707,0.7031577766048639,0.06657196357062699,0.6177684892688852,0.4657165908535113,0.7543275098423392,0.7361482673689946,0.6136099944910863,0.7962586971417243,0.7861265910866059,0.6318209669404171,0.7056269047451723,0.5681405547928096,0.8861209150984793,0.6752698652144615,0.586175845775549,0.6461099389405361,0.6725512039463911,0.5516821493981198,0.6115534847310614,0.6079018135922667,0.6423890173043026,0.3768733079359098,0.7589508804455375,0.4490349905455989,0.7048512435864129,0.9285226072787075,7.254328619247669,0.7671521672816285,1.0453767466687263,0.627931719319264,0.4610045596644041,0.3959225960905731,0.33906908681276593,0.49813741793185007,0.5640981778355308,0.5025211775738162,0.7700523363329306,0.42657186240063627,0.40007850008032353,0.29558610285045595,0.455944828592487,0.5701517205168396,0.3744414046824787,0.5234460065126191,0.4651179552726353,0.39233817303713286,0.4154051395167217,0.7301983824695669,0.5762248974556605,0.012805560376811184,0.2769714416886503,0.08178134066957753,-0.12278482274842646,0.1289413682216822,0.24873705312775846,0.4754472961095481,0.37550672506077604,0.6779992997974429,0.6362021986475496,0.6372495270089493,0.19239414709564215,-0.06322439059710434,0.2113426371982597,0.48991027657241204,0.028929088987497943,0.20562722205025274,0.34549067021275615,0.48202021692415764,0.2835963109869531,0.5662098747574099,0.5222140804993598
ROI_057,0.34820715330290103,1.191284071863709,1.1490188523752172,1.1439516566612213,0.8548676343253714,0.4613243522437339,0.39800859832824614,1.0524444328492712,0.7698596049006515,0.948743002747978,0.8434712560810398,0.989766188177915,0.8948309451323452,0.834183469085885,0.8687172974746679,1.0506170579057832,0.8173117103847619,1.014056310162116,0.9603587488052797,0.7112764244804304,0.7680177994796495,0.8839092000523534,0.9036208361390832,1.1034477896822081,0.7272251507749053,1.0074470228575683,1.1116463326861066,1.003964673215385,0.9247371836073209,1.0407413017805611,-0.08755982016102092,0.280555128170261,0.07367958259115064,0.989139703486705,0.8453282478623335,0.06435757549806069,0.522789341677881,0.3675639154963479,0.2740809515594851,0.15094208753440164,0.13069419327050014,0.5260218941872051,0.5348081326530225,0.41603861912901585,0.3826619781479927,0.482922313085888,0.2825695940371191,0.28999035904140613,0.07069627440899977,0.16106353224240258,0.39574497847519413,1.5156803545685882,1.243483226979233,1.3595081538862237,1.0189449004861149,0.7671521672816284,7.254328619247669,1.2608715858247526,1.148678512096545,1.0514845592028548,0.9381435045912629,0.5917503214057729,1.0581174204552968,1.370396057777987,0.8915667547253637,1.0450618507376446,0.4135038182831066,0.8222405787794267,0.7654446707137817,0.7635114830869101,0.8076220837712739,0.6858162339503756,1.1167723922948594,1.0327963766435104,0.8296715636591785,0.8698157435338981,0.8999092984747743,1.2020106484640576,0.15932365401842988,0.2826812417763172,0.41515254128614465,-0.2765260633153993,0.19566762673561441,0.3229020242772354,0.9766248980160602,0.35380055266113714,0.42972329656373226,0.7106087861953269,0.24891557467650383,0.17508081771994904,0.04849152605343256,0.30967172666088283,0.9604871117683573,0.29527810364682217,0.3759729851265015,0.27751127639173,0.35478804311157613,0.2662741884122709,-0.04140484768951441,0.11033781123899741
ROI_058,0.4055850386630506,1.1297359886564766,1.0970805183740195,1.1432369174709571,0.9968379183438082,0.8453866080045856,0.862203316289908,1.3216583763609293,1.3111576424095093,0.9049636590141924,0.9054669478104229,0.848794371037366,0.8319187119747529,0.9452203920973647,0.8425573102882441,1.1405552807472585,0.6718096311569882,1.1126813671966278,0.8661096564417342,0.8171246275123412,0.721567892490558,0.9112227603876596,0.8942369070770734,0.9597138057814277,0.7433346900248821,0.9561439323663746,1.1566251532094078,0.900413461105531,0.8248375286993979,0.9086340651760979,-0.048020941867375884,0.39066452295076143,0.3773253240079328,0.9112944911983126,0.9314094096358329,0.4516763193181704,0.6353431172551722,0.7332940020936656,0.5786616871220006,0.5113064268919219,0.5294722287633954,0.8042527526807048,0.8795066435727826,0.5939066704911565,0.5538861163063526,0.7028375284292038,0.6096376188878723,0.6385282479509781,0.43018369368388026,0.46792633613023027,0.3122629774841955,1.0358080882752798,0.7906173541477128,1.0952700618035465,1.2868940966532643,1.0453767466687263,1.2608715858247526,7.254328619247669,0.8010788402378366,0.6011038851837363,0.5469006504579926,0.5193887184113573,0.6969971343307677,1.0124612742726193,0.6806052639061728,0.9432818652212405,0.4622825663008365,0.5730537476154086,0.42373273865548955,0.5381673146145772,0.7133508071971931,0.5852735437511084,0.7185399784264455,0.7894079923810291,0.5833764341157452,0.4754155140040839,0.7056187194438772,0.836388877386603,-0.058761848301255915,0.1584249543964324,0.19062227251312597,-0.12405950261451826,0.11103022591899712,0.3316119615016073,0.6662913924093872,0.4609234542315359,0.5807902983453347,0.7508745288362788,0.4891781421033497,0.3035356717728213,-0.07423193128708147,0.10384145654417566,0.8338413178163093,-0.04303262991098963,0.3068060323485887,0.4409136812950163,0.5292165551509304,0.2864958696303435,0.27930589211746165,0.4038652954193953
ROI_059,0.24661452942185352,0.9553603664110991,1.003911520591174,0.8517157213137001,0.6526854760064181,0.3311735303191329,0.22444645734252652,0.7729712975553348,0.6797918305759865,0.7750438106357618,0.6921580595020871,0.8880169370863794,0.8986227451353371,0.7289848648725803,0.911721773686302,0.930165929861599,0.8826984066326041,0.881624337228792,0.7806367024866712,0.7699530215194348,0.796318259960601,0.7415125171051513,0.7994945648356698,0.8722435213936804,0.6543685604819653,0.9657938249364756,0.8958983656665594,0.9410797365708288,0.9691006116174268,0.9591520359184833,-0.2335266238926989,0.2758521530468364,-0.14278828175428243,0.913389344721251,0.6617965425161522,0.055869452686414404,0.5538172904531529,0.3309302663543742,0.010803813484533279,-0.0018238663405656546,-0.007745976142131605,0.4067835015830726,0.36886617443587866,0.34955145007710253,0.19323123137015347,0.30175290885611955,0.10478003378404531,0.1589111952296114,-0.04907749642187275,0.10302794517428425,0.29995571889929934,1.2039933793397641,1.276227376168657,0.9370880712179633,0.6748839582656343,0.627931719319264,1.148678512096545,0.8010788402378366,7.254328619247669,1.4283115347369004,1.2523984414904419,0.9616577915408151,1.2501370923440516,1.175070560195944,1.0944631645709368,1.001737346204254,0.4495199718783116,1.2291772512335202,1.1291244302805123,1.0367260810460828,1.0168500625675496,1.0106784535140056,1.1191034424048545,0.8989152613108451,1.1993737407586542,1.4174722047304869,1.102489099692477,1.2606841052062558,0.15430538940039445,0.2311314934329888,0.6205834313079474,-0.16174738164817162,0.2198496698934985,0.6563422894371482,1.028737230310265,0.43918761934311584,0.36105195549419733,0.713434597518814,0.3631430185511199,0.10132086637801573,-0.1312049411561344,0.17667601514479886,0.9161940163922629,0.44237912743786945,0.699713995645301,0.23482066916421993,0.17841555322575578,0.33631572021809136,-0.07944393569620505,0.07169028977014026
ROI_060,0.167944222815491,0.8687499276412846,0.8823691207463876,0.8155817654403729,0.6089159313650422,0.2214834908437683,0.07372169640829333,0.6731109301787574,0.5102334493755636,0.6773339856424366,0.585701658281705,0.8643602199747549,0.9224364358552516,0.6097611655736244,0.8882596716233151,0.8201643859662949,0.8828586348838665,0.7919848607197011,0.6458564584976647,0.7682866356910514,0.7106885321959117,0.6630818672432767,0.7361119985813286,0.8608552205160608,0.6262796335728232,0.8480702388041738,0.7903853448488728,0.9354628687006422,0.9225731653104857,1.0430731342115396,-0.19826320282368262,0.12967289426595546,-0.1952476961164776,0.8638758119101353,0.5349580939290973,-0.09989226040456427,0.3304501100339682,0.15345851324733997,-0.011438907877706692,-0.11380260376517304,-0.167964221849282,0.2654875036169126,0.22280307219849763,0.17154699948837307,0.08303529535264319,0.1759984462810509,-0.08380081080995956,-0.006273833959055085,-0.19457560914906427,-0.09132977451678706,0.1753914564533817,0.9623939300440439,1.2668202653637468,0.8392735330256881,0.5225004606258972,0.461004559664404,1.0514845592028548,0.6011038851837364,1.4283115347369004,7.254328619247669,1.5513745223950675,0.882786380560015,1.3123768466503978,1.0210106466604834,1.0847299633897827,0.9922076382080599,0.34131187077460556,1.3108634531147285,1.1971878230591397,0.9914036861888489,0.9998318938394057,0.8753419858471861,1.1229894409835879,0.7766333243760983,1.2350500016080306,1.4820468066462587,1.1515072920753644,1.2279782989258494,0.17336121760956483,0.1726449364508803,0.590140665520744,-0.28474116600894117,0.16369613491887636,0.5826622133153209,0.9103545107697044,0.24743886520940306,0.18706748468487946,0.5883130083721104,0.18531978282224482,-0.0453552595995788,-0.09848818803622866,0.23562872917087535,0.8340704245279245,0.4815236306726185,0.6063970150027983,0.1525600868252005,0.0775214073227952,0.24979150110378745,-0.2128531970701558,-0.12663374333017383
ROI_061,0.07018557726489957,1.0503421798167059,0.9679408694753061,0.884648043948597,0.60734478368199,0.2019093784601253,0.08186445958642842,0.803787813846225,0.5273745200664819,0.6979616743842991,0.6699339767225635,1.109333165115879,1.1789358813517252,0.7241714239762274,1.0869451990641998,0.9589126693341781,1.1247985061043242,0.9301407702792819,0.685492120581451,0.9038676809370098,1.0056350609899791,0.7459212619120701,0.7736376241983896,0.9705305441472695,0.663316656489242,0.9894891417709343,0.8975184185926898,0.8779699020998295,1.1454318469879714,1.1000100457875501,-0.23713172173417132,0.061314626984049915,-0.1329845357878172,0.9314512274162535,0.6302183302623714,-0.19390631192073918,0.21298695807037746,0.10329493594388259,-0.01991056902669083,-0.1289411225831669,-0.2336853152530391,0.2539036544348383,0.25338621299828934,0.09014454391856665,0.06390088094443856,0.08450038710944875,-0.08585451694867328,-0.07185105136520235,-0.2750922279574635,-0.22292368826101389,0.05798792033025746,0.8245171753352567,1.5101149812437729,0.8487778798882144,0.4976928562029987,0.3959225960905731,0.9381435045912629,0.5469006504579926,1.2523984414904419,1.5513745223950675,7.254328619247669,1.130297469025974,1.6694015502823825,1.0917454241946107,1.3751816249206612,1.1119849391722876,0.16579328386837155,1.4475422839277576,1.3085905494152754,0.9458547962865221,1.3649896905984447,0.9510183594885504,0.9718788314683262,0.6711978805497597,1.5992469900013881,1.4943759212159475,1.2207798766951456,1.3743048755618816,0.04034312491181211,0.008333406174717464,0.5582672482573173,-0.416289092411698,0.007100982639554009,0.6605013239434734,0.8975152176496995,0.137130981467634,0.12159040630527808,0.5386648932148812,0.11121755346946376,-0.19927261561159848,-0.2259914405110089,0.08945133560299204,0.7503014354668623,0.4073362892283106,0.6746552612891265,0.03024426805687722,-0.042982744477852226,0.108983381545772,-0.3499845203107319,-0.2741745259476163
ROI_062,-0.13781096756278563,0.9094235792050023,0.8005629765732263,0.6205367997295227,0.3643625441458223,0.15516754664184404,0.17063030737331875,0.7175535199655332,0.5818972532804085,0.38461046925656084,0.5180268523703854,0.809812271295952,1.0818556497128404,0.7023718147869302,1.0133233279131737,0.7759794645263418,0.8900350076994157,0.8861227055772481,0.5298240777950991,0.8916071360731477,0.9866481333895766,0.5528432328745617,0.7218974847794145,0.6781610040013597,0.43887915744478273,0.8835514646772422,0.7533674577774984,0.5753646856416453,0.9578850293005098,0.853316836332252,-0.52178764181408,-0.06907263714326582,-0.12833622206479015,0.727163073606692,0.46662240898332114,-0.012523377977873701,0.11637766765466204,0.2710152176912588,-0.04283617158614659,0.005837332661514328,-0.03177766716957082,0.2857493822478017,0.3711722743863386,0.0013702397543382016,-0.09433825321003274,0.021432878507088762,0.027914354786339156,-0.00821594830558367,-0.17656379455125673,-0.13611007586220716,-0.19105586041605607,0.5440940043477845,1.1018163528132052,0.5818012880339375,0.3282282099927079,0.3390690868127659,0.5917503214057729,0.5193887184113573,0.9616577915408151,0.882786380560015,1.130297469025974,7.254328619247669,1.2161869708553428,0.9107568460184237,1.163401635348594,0.8328153527653267,0.2236961626629857,1.4353594583625975,0.9383807493254882,0.9313381597825073,1.2586315754808621,1.3158248468722418,0.7079192599110763,0.6173071287501699,1.543722115634033,0.966833196230697,0.8050111621248718,0.9518505637819952,-0.25936554305140813,-0.2567348934380935,0.5358582995075901,-0.18601907236048684,-0.12243902937104688,1.0714329920645858,0.660599801164446,0.24033249928477163,-0.020596863250375814,0.4169829809420749,0.29044640080191375,-0.040109985691721306,-0.5837390989322494,-0.39673516631650985,0.7343096592092417,0.12884979007313652,0.914041707558696,0.013596538703703155,-0.1260326302653886,0.10955817394972371,-0.2624169997041748,-0.18653600719464777
ROI_063,0.07174679175159732,1.1855832137678555,1.046783092269333,0.8825706763796198,0.5425471493365913,0.2321865483612512,0.16983165420357996,0.8931685091965438,0.6434213666820503,0.6998482257076548,0.699802114344878,1.1138275922300234,1.3196108638759652,0.8673083399110263,1.0776968514770335,1.0334201537668186,1.0640711540599808,1.0574267076737598,0.8368970333271348,0.9246746472221159,1.1245119795041951,0.7166768212393985,0.8964150505639616,1.0078476869111963,0.6673504304590903,1.060515492127602,1.0782099845858086,0.9304741728218343,1.2113928333656243,1.1087754801621488,-0.3050874180661858,0.09222184328280957,-0.037887907368828556,1.0518513129438944,0.664280333424329,-0.05042042907324323,0.2787710760981835,0.2251087581585333,0.057156425622997366,-0.02679662436193823,-0.0573815844342759,0.32618671220528317,0.3420375407668719,0.15828819654661894,0.12474531257818892,0.19262473332901686,0.0672875949730388,0.07638795571962598,-0.1503524002393761,-0.1336217420994682,0.12761334112656353,0.9480032469297967,1.7334731391030345,0.9460620620924464,0.5391373038441264,0.4981374179318499,1.0581174204552968,0.6969971343307677,1.2501370923440516,1.3123768466503978,1.6694015502823816,1.2161869708553426,7.254328619247669,1.3646876078947843,1.4361007769476966,1.1250160779279361,0.29278220828295554,1.4347108671719961,1.209499359079903,0.9958395187318558,1.3417949251537558,0.9742364892064739,1.1739787610362662,0.8547148873769109,1.4280371349044774,1.2505780123291588,1.1328804148838463,1.509898730046585,0.03462808795684504,0.0849294041606368,0.6349921788507842,-0.2893931577596379,0.10192020908783192,0.6170759732596166,1.0957410809133732,0.2947640625539045,0.1821790714205686,0.6111867119839829,0.2282307115230734,0.005217330349138807,-0.17745426138816922,0.04229034997854631,0.8790626880854675,0.32449874178109206,0.6116619334205993,0.15345194713893603,0.08585294648231286,0.23850224892305572,-0.26264790902893725,-0.15146131229365914
ROI_064,0.1481446572237017,1.241306382518389,1.2233797749520279,0.9348799085396321,0.5750441378140867,0.3057863439664544,0.35240633322476517,1.0410506777947688,0.6716882228781833,0.7195746161784506,0.788451037761073,0.9751280178756683,1.0704753382053864,1.0138261812680842,1.055194436411556,1.0575363223788752,0.9208629034285645,1.126914491658798,0.9840203024565083,0.7423460267263787,1.0681860098584817,0.7847253895993297,1.0274687014336632,1.0092662329880695,0.6097736562044261,1.003160951755652,1.1217628906713752,0.8468855451506896,0.97422361831346,1.0066254967229498,-0.21943978723673593,0.17860253516046798,0.04822114396135601,0.9858939535829351,0.8098487899508644,0.004828381800348088,0.37514130283782027,0.38693032365043367,0.1475128473997835,0.08193032885301636,0.08317564238341152,0.363671607328748,0.5066710988436719,0.2718655515598479,0.25336764940971607,0.3352047578512527,0.27406687624057646,0.28159780388741984,-0.040840540368369524,0.03950986830325263,0.2765314248837005,1.204281495766367,1.4872514935978742,1.0685929008376838,0.7009649507580388,0.5640981778355308,1.370396057777987,1.0124612742726193,1.1750705601959435,1.0210106466604834,1.0917454241946103,0.9107568460184234,1.3646876078947843,7.254328619247669,1.2700489680983889,1.1162158404093376,0.4352434282294103,1.1018872956298797,0.8890924682838904,0.8923814094086153,1.0415434303524345,0.8844857417794321,1.212925861411198,1.13651090444523,1.0958942361474713,0.8991139237890546,0.9064769444236227,1.2496008396613105,0.07753918714018421,0.14503752805282288,0.5388611470752923,-0.19992295025349574,0.1390959738978908,0.5389227468428761,1.055439409404144,0.4222940943164797,0.2945519634400576,0.5916348643928054,0.2559189194937068,0.17121284759477132,-0.09321243401906647,0.07035767790342819,0.9935028557204713,0.22359287246092355,0.528671575996635,0.23011444386837981,0.232747015276732,0.3119592559633334,-0.20363171952080264,0.019452781555569426
ROI_065,0.09595186893138213,1.0416604690413194,1.0432259009428602,0.775640596410317,0.5149587435678966,0.278772522915973,0.24523837369810755,0.8939719465102884,0.6570260419373068,0.7086822665232119,0.6888838232327666,1.042632152833492,1.287894025155846,1.0468928454060629,1.3606621388781805,1.0158606410947686,1.2063587157789344,1.1596931276346876,0.8411725985433196,0.9537286496224682,1.3414297698653752,0.7844272369493771,1.0552468152187378,0.9597503312919443,0.7248881837473484,1.0109780166024023,0.9202749622270637,0.8079963907292107,1.1762333942417837,0.9970598357226125,-0.22008943270990675,0.15026056290687548,0.024436935432229065,1.1620721236180376,0.7481299706400666,-0.030441626051955172,0.31899515648014937,0.27684433147612564,0.03168782346452785,0.009258482597864956,-0.04352268823096011,0.25748647811606457,0.3339047896489578,0.06997553958135944,0.17756080693041953,0.11520271492704576,0.10648234504525673,0.15826148157155492,-0.13419393194553952,-0.08862286054466283,0.08950124256727733,0.8049427445303348,1.2940446631383873,0.7453733461656372,0.5174381663911554,0.5025211775738162,0.8915667547253637,0.680605263906173,1.0944631645709368,1.084729963389783,1.3751816249206608,1.1634016353485934,1.436100776947696,1.2700489680983884,7.254328619247669,1.2950355336651325,0.32586476593726266,1.3544197541315772,1.2422234595561814,1.054084015820684,1.4891929035862372,0.9129384516554558,1.0092577098919628,0.6441195409134082,1.360859043685057,1.0712448938458508,1.1888883386763902,1.204878297772111,-0.016135484792120826,0.051061528534893805,0.6040970345384676,-0.2007838576245065,0.04270868605937076,0.7293165735453419,0.868285044652849,0.28793787797510867,0.23388602134666184,0.5623844248235182,0.3055569367570768,-0.07633028102637583,-0.2547358204935271,-0.022659986745392015,0.661121728882953,0.21087332796374417,0.5721288699107108,0.10215263225903945,0.013646283382913342,0.24463188436604497,-0.24106295293350388,-0.15555359935289478
ROI_066,0.27588679734024824,1.25347347146658,1.0784905506303168,1.0458998293146757,0.8667871977695365,0.6329095936209652,0.5547567314709192,1.2451230003945153,0.9325916674161804,1.0552341298794525,1.0737797489209657,1.4023451352180891,1.4360580474401354,1.2958718458486598,1.6690410528699342,1.316614392536017,1.286626548316712,1.4184090073726272,1.0337977487658132,1.1323690468072722,1.1151849208667133,1.2283974328543883,1.3245542374920114,1.2729968862659564,1.0633414635599299,1.3648725444320147,1.3143489729450637,1.144717495513694,1.3284334801661124,1.4723640861203855,-0.016522103607610878,0.3905390033050463,0.2555085821912091,1.3093245878394681,1.0688398118378069,0.158033619442519,0.5713056961399671,0.5058288969466076,0.30929861841958056,0.24355558391826115,0.19217027620798638,0.6347711322873125,0.6598290404552487,0.3906309710263893,0.4574303832287931,0.43043141759516057,0.31945013305988545,0.4043476169055514,0.15936727707838885,0.1843712593147124,0.2322052703672661,0.9590446878320465,1.097838787312384,0.968760459579021,0.790053195165505,0.7700523363329304,1.0450618507376446,0.9432818652212405,1.0017373462042538,0.9922076382080602,1.1119849391722878,0.8328153527653265,1.1250160779279361,1.1162158404093379,1.2950355336651325,7.254328619247669,0.3556973367571845,0.9489728826598156,0.825221107524072,0.899231743076406,1.3047106083150861,0.7336714647101366,0.9556501989612622,0.6567385681513328,1.013264992436635,0.8951829031965921,1.407894449751003,1.3918236769788594,0.031103260900170637,0.11916785522314594,0.393333447191207,-0.29434678214924104,0.03434750179442714,0.532388621166379,0.8182925403667306,0.25931353442256155,0.494671360330649,0.8154271999953333,0.36131350776367105,0.014568695439490327,-0.1391935058327496,0.15793267081202514,0.7059227581525103,0.24599226874335658,0.4895152937929712,0.27636824832717977,0.28442209342965324,0.246257040463151,0.024823870010511357,0.05610236895688218
ROI_067,0.32881697883901456,0.2175500530664178,0.3977101233992012,0.11165668287170377,0.03287231022244943,0.21607037917735508,0.2825539678676948,0.22660060291663775,0.3656290843646059,0.20151910688585264,0.31213240566271067,0.15797274516762994,0.27617939700632704,0.39050892958445216,0.2851973085088113,0.28582235280197527,0.23082822589840102,0.3498217948461868,0.4402834871003655,0.2940153262463608,0.251264852062938,0.2557699970751837,0.49866004028183314,0.24252531762168048,0.19072980340008175,0.24976463297494836,0.3630488114589239,0.4080921261910454,0.29911355511429244,0.26167153902044804,-0.17694635776906673,0.2675156138264107,0.022127859931083838,0.4587501089446265,0.3712381255790496,0.5248281335354389,0.595913368053039,0.48948714766280954,-0.014535785893485816,0.11994810150578547,0.4288228163645428,0.17998327005857767,0.23663749649003313,0.4184707226692559,0.2537952095907299,0.3916188181867519,0.354863201241356,0.5341036000651614,0.3078763554544936,0.5106651134074579,0.5858601055562224,0.5176084045802566,0.33478954261844324,0.19353749495084027,0.19824001569991462,0.42657186240063627,0.41350381828310667,0.4622825663008365,0.4495199718783116,0.34131187077460556,0.16579328386837155,0.22369616266298567,0.2927822082829555,0.4352434282294103,0.32586476593726266,0.35569733675718457,7.254328619247669,0.2668985817686256,0.3919712040606375,0.5930889443400698,0.26096951572211696,0.2330606561051022,0.656884846920652,0.5995521622240687,0.22818150844181967,0.24922917435093284,0.3932043032800401,0.3584700845477133,0.308746047017388,0.35349024834412485,0.5200310298900883,0.6108053242701089,0.5795874164476197,0.1751269543401809,0.5298000303628456,0.6852749340265648,0.44666659152877664,0.5506697801667868,0.8083654694415496,0.7033190443906857,0.22916717795617475,0.18661424253560288,0.3060231243780139,0.136502228969149,0.08202251868114378,0.5493592043259155,0.48058526450542877,0.8694361657908458,0.4073434600094446,0.43931187157940044
ROI_068,0.02149480169701826,0.9626592060393844,0.9173946879414303,0.6992788078039055,0.45522126187719875,0.1588983151596546,0.14164065882237173,0.7308528908016309,0.521498569731775,0.4918569395836469,0.5354979336614197,0.8232394176974226,1.000330357242966,0.7265674401193113,1.1086022538567237,0.8702922037706382,0.9760417955032237,0.9008617983182554,0.6225435951109809,0.8491945292872675,0.9363026316763597,0.639759712031289,0.8045917777571255,0.7539016347057766,0.5155106290278845,0.8769504830565675,0.7698510549383533,0.6947270000121838,0.9958052279856545,1.0053073311749456,-0.3964915068156394,0.03965696469947164,-0.204088812979976,0.8830113266294061,0.514641790824095,-0.12680768320457597,0.1828497607878184,0.23263332462310987,-0.0553187388247093,-0.0400920226162182,-0.14760874845030686,0.24764371763787454,0.3205090929707887,-0.0003608014771456002,-0.03931746527475917,0.03841453517321146,-0.018413846145469575,0.004823369747487765,-0.2482866424295049,-0.14861183323350524,-0.06343949749111182,0.7664452872499898,1.353127127278547,0.6840479699111849,0.35331922276931327,0.40007850008032353,0.8222405787794267,0.5730537476154086,1.2291772512335197,1.3108634531147285,1.447542283927758,1.4353594583625975,1.4347108671719968,1.1018872956298802,1.3544197541315777,0.9489728826598153,0.2668985817686256,7.254328619247669,1.2707747709638901,1.1956936459997323,1.3457181705680792,1.3743058946186466,0.9094834711262245,0.757517850536396,1.8926283009113622,1.3683624174411595,0.9947311150094623,1.0907496862733816,-0.0960830141060439,-0.07420805327802667,0.6089614460265024,-0.26777404237443947,-0.05153113173645219,1.0016035183756042,0.7153333057034065,0.25019105816902676,0.0451005240318188,0.3927351239272573,0.20375063105676072,-0.07371341395964966,-0.44876212891097633,-0.12358425756322078,0.8528317910230158,0.35236369963163383,0.9712418797864486,-0.023438548811104735,-0.113252781176677,0.11683367287918432,-0.3040527702203848,-0.18524467679639556
ROI_069,0.03220733266072391,0.6749857188275064,0.7089368065286056,0.5277176983428534,0.31837805356944654,0.047991093936159634,-0.09535226929634806,0.49326310349894975,0.38653521168566957,0.5012560855049575,0.39986973412230936,0.6812790704877112,0.8234444582120578,0.5582841000190812,0.8459467303753273,0.701709319208601,0.9565350251742334,0.6921832369441865,0.5290197046736798,0.6618511605756359,0.8508483962705371,0.5832432087574084,0.7025115654330185,0.6450652045862749,0.5162398595326398,0.6732174576744825,0.6227359106824567,0.7348954059058805,0.9938204540041615,0.7405879325815404,-0.27814220970173903,-0.0009556438245693677,-0.2321584523637456,0.9418057087873799,0.5492399883411269,-0.1950125234297099,0.23904463558528033,0.010226666596742205,-0.2760444909812822,-0.31122055451180153,-0.28027701922516596,0.038011685296179945,0.05286022089508909,-0.036947372699522016,-0.020088625682450376,-0.045361089758363435,-0.11233498523017636,-0.05615993525682113,-0.3474360616331097,-0.25951181807368084,0.1322033328001827,0.6902349839732226,1.159316099626878,0.5500145931249947,0.32809161483548355,0.29558610285045595,0.7654446707137817,0.42373273865548966,1.1291244302805123,1.1971878230591397,1.3085905494152754,0.9383807493254884,1.209499359079903,0.8890924682838904,1.2422234595561814,0.8252211075240721,0.3919712040606375,1.2707747709638906,7.254328619247669,1.197329741359075,1.1160274030976673,0.8832030162703338,1.0881515042847794,0.5710024130072051,1.2596849070912184,1.3682105224340095,1.0818533467232614,1.0508193429872812,0.1542318075231784,0.10871782667083377,0.9814988953936455,-0.05304935923877385,0.22294823391751556,0.732452441704436,0.9336854550225894,0.36734177491334463,0.12706231163184983,0.5443582881309159,0.229118729042919,-0.07185270520136486,-0.1543299913912387,0.09302795740019394,0.5448933969399051,0.38188211828111773,0.5972759521325305,0.06111496872440317,-0.049475400819522924,0.33472422840703425,-0.34286324549547526,-0.32662739114834793
ROI_070,0.10355911353381328,0.7934528889543808,0.8158507858046508,0.5731548296422332,0.3656227743129966,0.13718994101538465,0.10640425647572789,0.5696673305030228,0.4487651933851992,0.48249343485223595,0.4942554926118894,0.711262132623527,0.8282970954213513,0.7194124423777467,0.891871855209908,0.7831110803201767,0.8995091107728668,0.8604528218852694,0.6645617438269237,0.7478614235691078,0.7278626213533604,0.7182423036435415,0.9706324684870318,0.6391690000511682,0.514438497234951,0.7660102672528796,0.6638232783757224,0.6593127231483941,0.8268377215393848,0.7918654204630549,-0.40627662427567734,0.17506987222555115,-0.14712587043073191,0.9968361943796891,0.5882821312712849,-0.042701499102774376,0.3711153851237528,0.21701142226382292,-0.17973733008234516,-0.09671751130148881,-0.1033485442576476,0.2190104495325066,0.3130865713192156,0.017086868989485398,0.012633994761189617,0.044111072247143994,0.06256367176771721,0.14206406757730392,-0.19330089416755045,-0.021115379607859353,0.1589427762916804,0.847824204270749,1.0579172239538166,0.6500255754117957,0.30050855891421635,0.4559448285924871,0.7635114830869101,0.5381673146145772,1.0367260810460828,0.9914036861888487,0.9458547962865221,0.9313381597825073,0.9958395187318558,0.8923814094086151,1.054084015820684,0.899231743076406,0.5930889443400698,1.1956936459997325,1.1973297413590753,7.254328619247669,1.0808337716032592,0.9657666561178319,1.041983709771016,0.7101367846230031,1.1472717787151683,1.1650740293751602,1.0965317230650429,0.9922186573905225,0.02540048693040936,0.09666934037686838,0.7155616037193885,-0.01377646701708417,0.09524030427918007,0.837330426887563,0.7025053455347908,0.3841173982343397,0.22285257177997575,0.4656042946552019,0.4044893395951739,0.07824772249376316,-0.31130713401996757,-0.012798448034097406,0.5645936249512903,0.40272446951668645,0.7133549585415426,0.0018562617616533098,-0.0521613778133672,0.2943132202576012,-0.10885289945264355,-0.11807166864507612
ROI_071,0.021764344445762352,1.1759769462328025,1.0121475403378513,0.9135851778956454,0.6224145001599907,0.37152770999326434,0.32168918969747534,1.0237081784624111,0.7992881134279404,0.6749461531460808,0.7249132949769894,1.116778091840677,1.3226995920750242,0.9411972200851938,1.4297501427464836,1.193269659742297,1.1761991214081824,1.223679318607964,0.7040961883952468,1.240438569224629,1.3415949837085606,0.8452494287468831,1.00800946621815,0.8684709814762757,0.6928560224035227,1.0802123018389649,1.011600378926247,0.7817140292659673,1.338872109958463,1.100357508323361,-0.33625530184613617,0.10904325817463587,0.05203431833885285,1.0716152157670433,0.7237187945895822,-0.008220154256222046,0.24774238076911212,0.31716156665353396,0.06143635448583098,0.0763824303907049,-0.04895802518853166,0.38910981754670537,0.43656484914601457,0.08162329456160872,0.0860224949126802,0.10494784196969265,0.10476131676936722,0.11868002524257608,-0.1037123875851551,-0.060706911643460815,-0.020741754411556165,0.7268199515377043,1.2448630243383754,0.8028534986225642,0.5000962577658588,0.5701517205168396,0.8076220837712739,0.7133508071971931,1.0168500625675498,0.9998318938394057,1.3649896905984447,1.2586315754808621,1.3417949251537553,1.0415434303524347,1.4891929035862372,1.3047106083150861,0.2609695157221169,1.3457181705680792,1.1160274030976673,1.0808337716032592,7.254328619247669,1.0615044252672432,0.8177405305853881,0.6064390946138338,1.5556325817326597,1.1048724623588164,1.238573633713425,1.2160249894802797,-0.2018106756200401,-0.13368994414282695,0.426982733941844,-0.29403311518423264,-0.14371324134726798,0.8646005113469061,0.7075216667982333,0.17590136851849766,0.16339903637557265,0.5473392156241946,0.29557481101736305,-0.1518595358513347,-0.45171954236537887,-0.13852966293058874,0.6652532389139753,0.16593872062851453,0.7003400610047004,0.03680509287221354,-0.054559485681951556,0.11258010410193589,-0.1505973426113086,-0.1620250247880702
ROI_072,-0.06279485348143882,0.8574566528145434,0.8075434333848639,0.6696798686641903,0.49550440707563875,0.21267209494499537,0.23847137536393762,0.6338783215610633,0.5477271722178985,0.35002508949378924,0.4511534862448178,0.6432823332712116,0.6897469837821699,0.5482965551074185,0.9363952356840035,0.7418943369151942,0.7224111027887324,0.7027634743751167,0.3854539813662242,0.8114321941650726,0.6809127976381808,0.6461002587219717,0.6741813947161722,0.5476988640683049,0.3856262299479327,0.8694112654933565,0.6600290418851141,0.5688000066153944,0.8316468062142482,0.9289872124485283,-0.4540908975792654,-0.07290081373886774,-0.22706874260323306,0.6290554678224101,0.43451326992767203,-0.10764152172687859,0.12806118851531967,0.26036761644173845,-0.03732292905195815,0.03672022226217602,-0.08996547769663628,0.3817042932275656,0.48528584947664133,0.10409461998913078,-0.11402929057140888,0.10921630369914127,0.06012505494229253,0.015869556895457486,-0.13664706098884644,0.003363180928897133,-0.17956004807953385,0.6587657575017541,0.9782242704977935,0.6566706839428217,0.3801911269015668,0.3744414046824787,0.6858162339503756,0.5852735437511083,1.0106784535140056,0.8753419858471859,0.9510183594885506,1.3158248468722418,0.9742364892064739,0.8844857417794318,0.9129384516554558,0.7336714647101366,0.2330606561051022,1.3743058946186466,0.8832030162703338,0.9657666561178319,1.0615044252672432,7.254328619247669,0.642603176702415,0.734023568949195,1.5079816294318205,1.1531468985334687,0.7329166798102489,0.8720628098956489,-0.28476833190428713,-0.3127430070480441,0.4822543959540581,-0.2996920633073346,-0.24021287385763038,1.4203401438577832,0.48799983563563204,0.33135146976619617,-0.11476937752808697,0.37243685096507684,0.15201125133033352,0.02917793743927311,-0.7039158108980613,-0.3250581220164984,0.9067540414922461,0.25818795194330835,1.4618391667935893,-0.010357666866993239,-0.08693172030295203,-0.01774572456819334,-0.14162286344638966,-0.05113400450816013
ROI_073,0.24877880351495563,0.7909992709649142,0.9177499696557141,0.6447262195043693,0.3886174963298064,0.21147054787533845,0.13728798667803663,0.6692475056497562,0.5295213984868627,0.6044600975167602,0.5460266057505359,0.7211499666801271,0.894688090981983,0.8019189332895261,0.7892834338920408,0.7508445978282252,0.8104390907197337,0.8570888706440942,0.909890917832876,0.5997744317593763,0.7925036867024582,0.6367413618601252,0.9782124284707119,0.8539683109401848,0.5892314906793367,0.7474337134530467,0.9675220505433515,1.008954429916161,0.9361972316365685,0.856606470498358,-0.1999018908924612,0.20009988339541743,0.007115638729963307,1.0546335776654763,0.7443681358966934,0.08625309645688582,0.55026414772037,0.3099564626629998,0.03248097305372674,-0.08162972191804456,0.05942435569360792,0.28447033574964664,0.31778327393701905,0.29500807920263594,0.26350275813767005,0.37503471457567883,0.23314263459816945,0.30866616578010203,-0.03576665567750024,0.05289040661256171,0.4685010632969113,1.1588725015791672,1.238801197032939,0.8106718472567125,0.5575673777905503,0.5234460065126191,1.1167723922948594,0.7185399784264455,1.1191034424048545,1.1229894409835879,0.971878831468326,0.7079192599110763,1.1739787610362662,1.2129258614111975,1.0092577098919628,0.9556501989612625,0.6568848469206521,0.9094834711262245,1.0881515042847791,1.041983709771016,0.8177405305853881,0.642603176702415,7.254328619247669,1.0251937289334556,0.8530248585607306,0.9559952387962476,1.021114774077704,1.2457409172726646,0.3410643447132034,0.37863152252557375,0.8688681683852595,0.04958077060725041,0.48452402715883447,0.3833251132583176,1.4792119279474505,0.586288106095168,0.4522219526694089,0.8715549127704201,0.38647424438551636,0.3462367788068066,0.15728056455549522,0.30915644215521876,0.8233880432057225,0.3441116485658082,0.37101244260450533,0.4164448241815877,0.3885588425378134,0.6692439637755221,-0.14331651063608505,0.013918441684261101
ROI_074,0.10997119409483845,0.8224581750467637,0.8887539878108505,0.6406642189585467,0.38142765607580087,0.22892297302287312,0.31321935663810535,0.6594124803666053,0.5098939970924978,0.33663086746205567,0.5360325035064655,0.5063734152555524,0.5858546834828287,0.6237553517289713,0.5531780218842728,0.6026005182694693,0.4025194613326434,0.648879293733262,0.6907468790506804,0.533485298820239,0.5281234141213663,0.45547179119173764,0.7552897156104236,0.6154796151667982,0.292455723010575,0.637522420208819,0.9063131612406748,0.6843137662413182,0.6341250653047461,0.7989620083374853,-0.37185449708443497,0.1231503662377897,-0.1504517171465007,0.5588899896692838,0.4719646662366152,0.13952068618884217,0.43380270211718586,0.46952318313200436,0.22398477354094756,0.17850304601397016,0.20095685419755074,0.4255340922692405,0.5566638397958532,0.45188063695651964,0.1532549126515299,0.5233226004081228,0.368956382402092,0.32678443358713977,0.06564260401483286,0.2725924163605818,0.31685232193099866,1.1358288841128732,0.9908722217049081,0.8825965014884355,0.4967894457057512,0.4651179552726353,1.0327963766435104,0.789407992381029,0.8989152613108451,0.7766333243760981,0.6711978805497597,0.6173071287501699,0.8547148873769109,1.13651090444523,0.6441195409134082,0.6567385681513328,0.5995521622240685,0.757517850536396,0.5710024130072051,0.7101367846230029,0.6064390946138338,0.7340235689491947,1.0251937289334558,7.254328619247669,0.7088333170288591,0.6660857039358448,0.5709500375026106,0.892596793919671,0.11211587096088772,0.15434730671194807,0.4101237850119529,-0.09901173865536662,0.18296580006092256,0.3435681710700329,0.8770758536870898,0.4339212792187892,0.23894993357922786,0.5326149880978885,0.35731205960487666,0.5565673051723445,-0.006190480396287953,0.14886205564212193,1.363285082972576,0.3009303510584907,0.5222824502845356,0.36567477395577236,0.3976197331332806,0.34434277933894175,-0.036518103000128095,0.2851151547048132
ROI_075,-0.052678332945996165,1.0343599742538674,0.9304273638436664,0.7935709709763047,0.5267543443372371,0.19143774875222444,0.1461009720639615,0.8006578581023331,0.5729360788696835,0.5377206115653086,0.6161348510225987,0.9578177283752799,1.0679570008901382,0.7126907076231958,1.1856092538786553,0.9285093904831394,1.0852761529746644,0.9596503672796683,0.5936711770677228,0.9596948036391181,1.0174633958656092,0.7408885133543391,0.8193138073376475,0.8022130279727508,0.5559801458529501,1.0454792969048985,0.811563831995108,0.717696138733894,1.090007211464417,1.0496771047329976,-0.4324252840075372,-0.044884252324126454,-0.18746689819054918,0.8793428564284756,0.5802523576520072,-0.16206695565799842,0.14719802215145006,0.16929119479782645,-0.07958380281979084,-0.08258795243630689,-0.20242534401538606,0.28046783530663827,0.3562855691676311,0.01899723173467988,-0.0765061961161252,0.01520062826517536,-0.03360741711447347,-0.050542951978981954,-0.2634013568066308,-0.17152224217422551,-0.11604130396307934,0.7165961525107049,1.3631312884322138,0.73092771483796,0.40831613652247645,0.39233817303713286,0.8296715636591785,0.5833764341157452,1.1993737407586542,1.2350500016080306,1.5992469900013881,1.543722115634033,1.4280371349044774,1.0958942361474713,1.360859043685057,1.0132649924366348,0.22818150844181967,1.8926283009113622,1.2596849070912184,1.1472717787151683,1.5556325817326597,1.5079816294318211,0.8530248585607306,0.7088333170288593,7.254328619247669,1.4479239718039767,1.055898959852407,1.19390188817501,-0.1885480693738999,-0.19711986432082937,0.5454571235165965,-0.34194553847938775,-0.1668910969656926,1.1020274353766004,0.7006982357285122,0.1919789514012408,-0.0049803467532349936,0.4586448569825963,0.17211017427443898,-0.15811677941604846,-0.5337587822073118,-0.1930965137316738,0.791345718907205,0.2807088920359358,0.969956299914561,-0.03760463099777227,-0.15678861475522432,0.03818936545120219,-0.29880620476014463,-0.23420234619273245
ROI_076,0.11641319459511351,0.8080296662058777,0.8081467984766693,0.7314957539323971,0.5594815228516821,0.14895463882095306,0.030036335240228685,0.5730442471355914,0.4379387292008566,0.5985233495891094,0.5161745754131865,0.8164794880184347,0.8056582716951165,0.555907799788398,0.9118081896983292,0.75703865865526,0.8894223229531224,0.7023477583095041,0.5377916145583574,0.7613649144954845,0.7043467696500142,0.7200763528812147,0.7392968374565326,0.7122804700065427,0.56090791875885,0.8840487638446448,0.6943011497150041,0.7956861451161541,0.9465963830385873,0.9823265667575176,-0.28569126097688435,0.07311485912438222,-0.2834200113288078,0.7992609622279879,0.4958849643972837,-0.22961732748222735,0.2632235968925746,0.06028119444940788,-0.13730102738858332,-0.17906373334581452,-0.3081616689708114,0.27845585674427953,0.22200225031818208,0.10709164432912992,-0.019481773195082788,0.08792854416892781,-0.12753952467891663,-0.09384991710894067,-0.2715603737202614,-0.12078364740843743,0.0947113347162092,0.8525802702848984,1.1810747232274965,0.7819013177179506,0.4219559043767771,0.4154051395167217,0.8698157435338983,0.47541551400408383,1.4174722047304869,1.4820468066462587,1.4943759212159469,0.966833196230697,1.2505780123291588,0.8991139237890546,1.071244893845851,0.8951829031965923,0.24922917435093284,1.36836241744116,1.368210522434009,1.1650740293751607,1.1048724623588164,1.1531468985334687,0.9559952387962476,0.6660857039358448,1.4479239718039774,7.254328619247669,1.128950606075961,1.1951554747953432,0.06380228088692176,0.06357099368201784,0.6154074446634509,-0.37493092464271244,0.0059936666701102,0.8119527574685935,0.7611437267985125,0.22898158755807205,0.07726937586966011,0.5286553430478325,0.09762616607288888,-0.1122067200751218,-0.276947339822827,0.12218317760964917,0.7482639047791637,0.556398364451271,0.8463916613434456,0.0009142895392055622,-0.0542246228021728,0.11750581587545242,-0.2191482601896666,-0.18724347230944735
ROI_077,0.31884697085895647,1.0241093094156621,0.9849517006513689,0.9097097443216494,0.7566835158050209,0.46447234630447143,0.31120221621543687,0.9133389361140869,0.7485092661849767,0.9608791034764984,0.8692821888311624,1.1555418160612096,1.1984160225514022,0.9623191165532642,1.1569687985053196,1.0912780081610671,1.2138364851028174,1.126123050927003,0.8700943565083136,1.0997400199250662,0.9341244697780083,1.0362052972658953,1.1582833906296035,1.0250526683972712,0.9989586050477359,1.0252506850474117,1.0322621778218253,1.0969841490620924,1.1623541557313786,1.1421985140796471,-0.07117649509323194,0.3637515074542396,0.11056752804184994,1.270865656511023,0.8886245915520713,0.10613558537144885,0.5698086962542025,0.3253498004586946,0.11650105241313805,0.07667026791956968,0.026671960263565945,0.47739274897688466,0.41588275433773775,0.27296067937149204,0.35399570430877175,0.2945629281861997,0.1685267074979622,0.2421906447010156,0.039804565882901,0.07228736731543739,0.23346407239871786,0.9068499542007781,1.0073559840825657,0.8605828873175865,0.6139821847578881,0.7301983824695669,0.8999092984747743,0.705618719443877,1.1024890996924768,1.1515072920753644,1.2207798766951456,0.8050111621248718,1.1328804148838463,0.9064769444236227,1.1888883386763902,1.407894449751003,0.39320430328004013,0.9947311150094627,1.0818533467232614,1.0965317230650429,1.2385736337134257,0.7329166798102489,1.021114774077704,0.5709500375026106,1.055898959852407,1.1289506060759606,7.254328619247669,1.2939946794939075,0.12654442805152583,0.19038580663888371,0.5149147520089994,-0.21265092181027828,0.13111700666585557,0.5794889684433248,0.862738274782332,0.2812041888884858,0.43482188352787077,0.7803676496004254,0.4261889719327149,-0.059047766167453775,-0.1548512950270443,0.23386964550670938,0.5771646914301009,0.3486464786523769,0.49710693553929647,0.21761596817505646,0.17757088955448533,0.30675142589964266,0.01813973670954904,-0.013846106536062896
ROI_078,0.11176533450743799,1.1416821890553952,1.0788072192967417,0.9624115171873727,0.6738803567519548,0.3434796919745295,0.24934528421150232,0.9806076130027392,0.7214290707140444,0.8330634991727149,0.8193703744022256,1.2154974721002707,1.26375581808061,0.9525885415241376,1.1502858436576113,1.049087657391469,1.1122211968996052,1.0919873960253004,0.9089171618806865,0.9336276698353196,1.0101989190043834,0.9366586480015779,1.0916543806864036,1.1976971398649827,0.821607007689777,1.3054436518178194,1.3551095807912747,1.2808927835715123,1.46838986796098,1.3849376391859758,-0.17827899615789114,0.23917593525996916,0.021470934639401702,1.1262835417117025,0.8679111196059714,0.02222914740137548,0.48235646201616766,0.31142525852270897,0.13212698662188754,0.005880592532162305,0.026305657106747912,0.5068183283954143,0.5085658486009706,0.3615264740870951,0.29503882084186395,0.39971781190285455,0.21718071456801544,0.23563038149084517,-0.030193847190588034,0.028712425942540264,0.23189392646527543,1.0516379483286538,1.4592331939933987,1.081538428553577,0.7008792762616827,0.5762248974556605,1.2020106484640578,0.836388877386603,1.260684105206256,1.2279782989258494,1.3743048755618812,0.9518505637819952,1.5098987300465843,1.2496008396613105,1.204878297772111,1.39182367697886,0.3584700845477133,1.0907496862733816,1.0508193429872814,0.9922186573905225,1.2160249894802797,0.8720628098956489,1.2457409172726641,0.892596793919671,1.19390188817501,1.1951554747953432,1.2939946794939075,7.254328619247669,0.10907788387120133,0.17393356451370057,0.5760506191489048,-0.3146112099763525,0.1271995110843549,0.501939561171442,1.1986461673419546,0.2980717980437206,0.35744904805404387,0.9061318738650785,0.28398070545615933,0.092319099844925,-0.09719865416308052,0.17115563333911346,0.8966649079756209,0.29670298924814675,0.5400648891699233,0.31084089557853667,0.2755263405341148,0.302855345372739,-0.15151625032073374,-0.0144892942909096
ROI_079,0.36594818873378454,-0.16030973131237342,-0.016402546658883334,-0.1522821738745864,-0.12884103350624446,-0.06377587301965279,-0.1916473923892104,-0.1462708467916388,-0.22070457482474695,0.1766017707411469,0.004484576485104998,-0.038698945832885044,-0.05085716625000143,0.000864925620104929,-0.14389265370589552,-0.1143805328207892,0.02940205983250631,-0.11396748076839945,0.1446376703729398,-0.27366582962390734,-0.07781107527226176,-0.014520365511367971,0.02660348397450751,0.09789226696002945,0.16591870342988535,-0.13136514537649624,0.023667065954208647,0.24106343483532577,0.022066010100571746,-0.028913531579682003,0.5641739283989011,0.4541224538651861,-0.04932803461761736,0.10795511632187653,0.1517441485028827,0.05706570198241048,0.42597712356667616,0.044161282362303496,-0.10079238202848285,-0.19992391775285084,0.05921228644939993,-0.11155620968265476,-0.2120380458157458,0.30421578587230463,0.4769132784754725,0.2936194769698113,0.049546292714606165,0.11656902898600532,0.08004038150284715,0.09083672007725092,0.6571980513886023,0.22603599756692247,0.013662353224627905,-0.026643117211970362,0.081282328145446,0.012805560376811182,0.1593236540184299,-0.058761848301255915,0.15430538940039448,0.17336121760956483,0.040343124911812106,-0.25936554305140813,0.034628087956845036,0.07753918714018421,-0.016135484792120822,0.031103260900170644,0.308746047017388,-0.0960830141060439,0.1542318075231784,0.02540048693040936,-0.2018106756200401,-0.28476833190428713,0.3410643447132033,0.11211587096088772,-0.1885480693738999,0.06380228088692178,0.12654442805152588,0.10907788387120133,7.254328619247669,1.0575837903037293,0.47944377288113227,0.3175363714301848,1.0867207212525176,-0.4165873344237837,0.4435294157903115,0.2879269676158396,0.5340227261922762,0.2800672217172811,0.12666894355282002,0.2938463087848408,0.9796120157157273,0.9814197752609025,-0.015532327987582166,0.5147432075473048,-0.26447072883510625,0.4517991070674681,0.5110973612984574,0.6631781748199433,0.004590969031096076,0.2060363694242404
ROI_080,0.49687840743573736,-0.03876337913521735,0.12819687629368784,-0.029587620003857944,0.01845676585016013,0.07852770034672185,-0.007913275168826648,0.03607590488236084,-0.022245205644986905,0.3840283772072593,0.13707150355844405,0.08924378131302395,0.060937706417240785,0.23200303206318837,-0.05192895339596814,0.052686576946343947,0.07669055924631463,0.06991322694220992,0.43319678654457605,-0.18979497764730818,0.04377534354264474,0.08631350065097415,0.1801577204074502,0.2392509069798411,0.31878279915661223,-0.0017285708204981454,0.1703834773710116,0.3016178812492588,0.06468373360167608,0.0005066653821063034,0.43496433705849846,0.7940846634435639,0.10986595205652684,0.2442293296855237,0.24172090585680156,0.22521159520948308,0.6036966616467075,0.18707082814684015,0.05471105612597178,0.00451359581328832,0.21317766629213422,0.05919423923476835,-0.07054356508556084,0.3369584712991803,0.6481450772942977,0.38704744492768417,0.22835960947647244,0.3463323742766018,0.2086499993178054,0.22814481786668808,0.8543270396436424,0.3596555583617077,0.05363170259031749,0.12281687876370204,0.2355785832096392,0.27697144168865023,0.2826812417763172,0.1584249543964324,0.23113149343298875,0.17264493645088028,0.008333406174717464,-0.2567348934380935,0.08492940416063681,0.14503752805282288,0.051061528534893805,0.11916785522314594,0.35349024834412485,-0.07420805327802668,0.10871782667083377,0.09666934037686838,-0.13368994414282695,-0.3127430070480441,0.37863152252557375,0.15434730671194807,-0.19711986432082942,0.06357099368201784,0.19038580663888371,0.17393356451370057,1.0575837903037288,7.254328619247669,0.2883363083039624,0.24185403823051269,0.9449675751961196,-0.490936094486907,0.47122871976878766,0.28881293904884037,0.8599201822522985,0.31620129587806994,0.2882777518660548,0.2957607176972237,0.8542590432296329,0.961807030611192,0.018878356860843958,0.30682189909109187,-0.37967537085315695,0.41872412151310057,0.5370834402317946,0.6504928066571031,0.11134530976682727,0.35979365994610535
ROI_081,0.04984032306305598,0.2655744770944705,0.3700194844899191,0.07569604174290662,-0.05653161409651152,-0.09057557760262104,-0.22201901615920347,0.149371016288336,0.09710621431566943,0.20627605016529854,0.13296764133293257,0.3095092519064807,0.4377984908403303,0.3310946154905116,0.40739197502287133,0.30871768396832316,0.604565330840767,0.3393104303926214,0.34091398920494864,0.1847325289807145,0.46002261411996165,0.32957888102264543,0.40208585136532066,0.38042287173845085,0.31438245564780576,0.33922041370811856,0.3381179003553566,0.4973124997892081,0.5098662370780317,0.32955177244951306,-0.08380265416602528,0.032068618392238527,-0.1532948834314014,0.638525849107901,0.4662335261297141,-0.0917471212864129,0.21619490041778214,0.00021435799105274243,-0.38019870031721575,-0.37379611138388,-0.07662074403290474,-0.1237637756329961,-0.016496385285385815,-0.012275555613463208,0.08008173813224735,0.0042657721015744105,0.057618021167410306,0.10732482717893226,-0.19749588007635183,-0.20427583764552687,0.29464118691988034,0.4325045045779944,0.6335241228659261,0.17385687574455927,0.15847519176321795,0.08178134066957753,0.41515254128614465,0.19062227251312597,0.6205834313079474,0.590140665520744,0.5582672482573173,0.5358582995075901,0.6349921788507842,0.5388611470752923,0.6040970345384676,0.393333447191207,0.5200310298900883,0.6089614460265024,0.9814988953936455,0.7155616037193885,0.426982733941844,0.4822543959540581,0.8688681683852595,0.4101237850119529,0.5454571235165965,0.6154074446634509,0.5149147520089994,0.5760506191489048,0.47944377288113227,0.28833630830396234,7.254328619247669,0.3888199468385943,0.6759292466133828,0.4495129220687811,0.8630241990253251,0.8162909549081406,0.18607013441009623,0.5303989204362108,0.22600942292680584,0.28606394927926876,0.1502579686100127,0.12782151473561626,0.2885680997358276,0.368590743988204,0.39656527056996377,0.24121497991537486,0.18497571568069104,0.6425233631986317,-0.24536204706285325,-0.19729524863913755
ROI_082,0.09575334125396039,-0.4025482631920441,-0.23580421330973098,-0.5163029385200427,-0.5749260937390346,-0.1361094717614349,-0.13219428219985538,-0.34653985190441894,-0.11234963590344293,-0.29937965408938366,-0.32231427582252,-0.44235057118180277,-0.23855109268141922,-0.14522891215187927,-0.3104469379472414,-0.262566699961975,-0.20630299618687933,-0.19097562826979644,-0.09386974673257423,-0.3101179156013312,-0.1664626336446079,-0.32631327725216946,-0.1558074425776779,-0.31540728950229974,-0.20831622736428482,-0.4114939558148492,-0.24872564691472845,-0.15487802156987165,-0.2663298754022274,-0.4574603898313149,-0.018345409272322075,0.05040946912173265,0.11956156634811681,-0.024838666108653432,-0.03278445962271921,0.435785029273495,0.19818097139093208,0.15447272812557436,-0.2708265716527857,-0.09359084227495293,0.34032822635056026,-0.3286836250994036,-0.21760573463067462,-0.00885382586812508,0.04495406006518053,-0.035124708105424576,0.21317717114419424,0.30134013849008523,0.15193126954453523,0.16226100391590478,0.27334381693247417,-0.17666488865091548,-0.26284370310414024,-0.480982082595325,-0.26608771816825555,-0.12278482274842646,-0.2765260633153993,-0.12405950261451826,-0.16174738164817162,-0.28474116600894117,-0.416289092411698,-0.18601907236048684,-0.28939315775963786,-0.19992295025349574,-0.2007838576245065,-0.29434678214924104,0.6108053242701089,-0.26777404237443947,-0.05304935923877385,-0.013776467017084168,-0.29403311518423264,-0.29969206330733467,0.0495807706072504,-0.09901173865536662,-0.34194553847938775,-0.37493092464271244,-0.21265092181027825,-0.31461120997635245,0.3175363714301848,0.24185403823051269,0.3888199468385944,7.254328619247669,0.7447338131413851,-0.1183345314428992,0.08562639507985034,0.6030075059434493,0.2578190811850436,0.09890395507618668,0.5349674602759191,0.5688924602628417,0.3350301320554279,-0.022278765416763383,-0.3291876665991378,-0.22825716105248609,-0.2945690877448382,0.3601349104107213,0.24283046529467872,0.8008622859564803,0.22798029672605874,0.1875055951500405
ROI_083,0.3748874668096849,-0.08569167186791223,0.04982050367629853,-0.12975351661041257,-0.16073740623303048,-0.010345508016726557,-0.1426219932650896,-0.08878306801389078,-0.008824774071266764,0.14096441740153917,-0.04591655660075218,-0.060662370041561865,0.0495354843928098,0.0884339292446054,-0.10120539090748573,-0.009994299019036772,0.04611460058694456,-0.0005900946770367352,0.2423237863154573,-0.1884123235901515,0.01206710463199621,-0.04526800566584019,0.06243097961287944,0.10727209399026054,0.13257649267566662,-0.12078091030254935,0.11972944831498665,0.3107009486231848,0.06171175435300167,-0.06062190335133217,0.2531416888146398,0.3297924195140861,0.1319071793002471,0.2520415138182425,0.21646951403174097,0.34012832041669905,0.5053575052336914,0.16802629417191411,-0.07936043847244871,-0.1338375469810949,0.30469090924841774,-0.09470684574603984,-0.1718633499628937,0.29731196052245834,0.44521144019356534,0.3257768945911039,0.2153633798109688,0.3282617455132894,0.1820094430074054,0.14638773921230636,0.8157554482613204,0.29114885100034404,0.10498322103979875,-0.007946589974734,0.15819063207786424,0.1289413682216822,0.19566762673561441,0.11103022591899712,0.2198496698934985,0.16369613491887638,0.007100982639554009,-0.12243902937104688,0.10192020908783192,0.1390959738978908,0.04270868605937076,0.03434750179442715,0.5795874164476197,-0.05153113173645219,0.22294823391751556,0.09524030427918007,-0.14371324134726798,-0.24021287385763035,0.4845240271588344,0.18296580006092256,-0.1668910969656926,0.005993666670110201,0.13111700666585557,0.12719951108435487,1.0867207212525176,0.9449675751961196,0.6759292466133828,0.7447338131413851,7.254328619247669,-0.3196343918195282,0.639505424363203,0.7360134747305226,0.6441394368376847,0.4535802837079639,0.4058413840965026,0.6113164535202797,0.9331242085049372,0.6300643715384657,0.023200508611103104,0.20478939005557906,-0.3013322952484177,0.6365912662443943,0.6879774229026258,1.2306461548017833,0.1165222643051956,0.2317667684648391
ROI_084,-0.10403391645635211,0.5729483564459439,0.5258508745540241,0.41260649855305853,0.31367911444282176,0.16168699669999576,0.16792248487688796,0.4110061316626776,0.41070907162810233,0.18944088536226164,0.28516127233304317,0.44230123864743787,0.5185716168458553,0.41588510764445763,0.7723159167619303,0.5629976613856641,0.6600919413572149,0.5580302941496574,0.20742289977949693,0.6638226225198187,0.5442381858843492,0.5306011229127515,0.5270943962628055,0.3281207283786894,0.27456074604629865,0.5961839424790207,0.3448688262045349,0.31282116098296364,0.5570118150008695,0.5708951590996744,-0.45576240042109617,-0.16541852437656435,-0.1694391084631413,0.5090539868686826,0.35540999139316143,-0.12682181339233384,-0.005149661964068173,0.1369529358279714,-0.18502032084824488,-0.026668503395006093,-0.14877017043798446,0.17977442307816513,0.3246966874894402,-0.12668558589911647,-0.25013288571692477,-0.14165179734929267,-0.013247354122322532,-0.014634041226498565,-0.1778589051336608,-0.08330715868736714,-0.3427519314985414,0.3311454228083682,0.6149217251487852,0.31535094200981184,0.1665873918326123,0.24873705312775846,0.3229020242772354,0.3316119615016073,0.6563422894371482,0.5826622133153209,0.6605013239434734,1.0714329920645855,0.6170759732596166,0.5389227468428761,0.7293165735453419,0.5323886211663789,0.1751269543401809,1.0016035183756042,0.732452441704436,0.8373304268875629,0.8646005113469061,1.4203401438577832,0.38332511325831753,0.3435681710700329,1.1020274353766004,0.8119527574685935,0.5794889684433248,0.5019395611714421,-0.4165873344237836,-0.49093609448690684,0.44951292206878096,-0.11833453144289921,-0.3196343918195282,7.254328619247669,0.22238389978943135,0.33003085383353525,-0.2072323853492197,0.1980581642817094,0.13863998478419767,-0.11388382341780678,-0.919288195247904,-0.5373338706827745,0.43052306259273476,0.14298397237359278,1.304979394766512,-0.1824475712234538,-0.28439555223027047,-0.07819524449162463,-0.09118302217333944,-0.17974349231682155
ROI_085,0.17283696335828252,0.7295836041127651,0.822868130030151,0.5866565010775922,0.3395916971711259,0.20881991248725798,0.08627085476335644,0.6404837175314022,0.5155983864496348,0.6250728639267029,0.5265094378922683,0.7240142252564595,0.8859588289485596,0.722778159893653,0.6498255017955031,0.6844099519819663,0.7439422980715172,0.7451869687110958,0.8323565418025035,0.518362499364221,0.7920361741711544,0.5298902625021643,0.7534597131043107,0.8640550120913014,0.5916442520267432,0.691909996386211,1.0277908574475756,1.055051378139779,0.9437484520975132,0.7486650572895756,-0.13074434706842328,0.23950202547618427,0.057507582728320246,0.9260895483455195,0.7351086958118148,0.15754428869279186,0.5654508439825235,0.30681425524826955,0.04779283593378393,-0.08759351684759674,0.14842687883180117,0.2648710081842586,0.26363858481481767,0.3761115788223245,0.37803986038299353,0.444033389666202,0.28713383834629147,0.28722420248755026,-0.008024523108768833,0.028282818860332393,0.4744917181932312,0.9447315632528425,1.0696942451202582,0.7279830374770133,0.607637261665641,0.4754472961095481,0.9766248980160602,0.6662913924093872,1.028737230310265,0.9103545107697044,0.8975152176496998,0.660599801164446,1.0957410809133734,1.0554394094041442,0.8682850446528487,0.8182925403667309,0.5298000303628455,0.7153333057034065,0.9336854550225894,0.7025053455347908,0.7075216667982333,0.4879998356356321,1.4792119279474505,0.8770758536870898,0.7006982357285122,0.7611437267985125,0.862738274782332,1.1986461673419546,0.4435294157903115,0.47122871976878766,0.8630241990253253,0.08562639507985034,0.6395054243632028,0.2223838997894314,7.254328619247669,0.5993122274489694,0.5232875295135963,0.9916705363377061,0.4504766874514031,0.3625359191075032,0.2412798933981025,0.31902242322521035,0.7129524675691916,0.21445371961559215,0.23191898325183696,0.5575118237052751,0.5148207885975689,0.7913631178711933,-0.1518161664866473,0.042259043509768675
ROI_086,0.3177219995484264,0.25431927811099825,0.37815051698383234,0.13326209839683556,0.11969515338611028,0.29521280205637707,0.23007652048403976,0.2031269362558367,0.3792653480591776,0.1917948440620044,0.10251688632973169,0.12348850453371132,0.20764761676016394,0.3521817819044593,0.26191112979131653,0.31899787692053405,0.27248586754109533,0.29947308959581376,0.3132046532269951,0.15823862183156207,0.2152384933782487,0.3182204398048998,0.3518331330774712,0.24413058822199288,0.2505447122263173,0.23386754946110178,0.35125917437066634,0.47403455996983157,0.29103996058636916,0.24754006871518555,-0.03437077244658063,0.22149326523844137,0.22911748914108399,0.5081381667222078,0.5060851676733604,0.42364267479913187,0.5101523527971835,0.40930665862068516,0.046316756183733265,0.12520775319676536,0.47425114120269435,0.19692978792510457,0.3136823050440725,0.37402011180058703,0.36298349870505436,0.4323648105800679,0.5696659965542242,0.6426089655540382,0.3429825082781243,0.3424217789732835,0.4726297992849541,0.4779886896096185,0.31615882056420647,0.19996283389563013,0.38291028895287954,0.37550672506077604,0.35380055266113714,0.46092345423153586,0.43918761934311584,0.24743886520940303,0.137130981467634,0.24033249928477163,0.2947640625539045,0.4222940943164797,0.28793787797510867,0.25931353442256155,0.6852749340265648,0.2501910581690268,0.3673417749133447,0.3841173982343397,0.17590136851849766,0.3313514697661962,0.586288106095168,0.4339212792187892,0.1919789514012408,0.22898158755807213,0.2812041888884857,0.2980717980437205,0.2879269676158396,0.28881293904884037,0.8162909549081406,0.6030075059434493,0.7360134747305226,0.33003085383353525,0.5993122274489694,7.254328619247669,0.41097861562831367,0.6068415332522241,0.4932321895143107,0.799881673400123,0.15547617061739513,0.06980875418040446,0.335124930679866,0.08209876037793462,0.29040035615121945,0.5806551518119327,0.6531574068528274,0.8624663897434409,0.2942520742446518,0.3507018267927148
ROI_087,0.6561380787627795,0.3027286972905739,0.37091950497711246,0.3076084237278305,0.375173244859186,0.6087459183934071,0.4894635125728091,0.46775856419950923,0.5060486424153184,0.6892779141740699,0.5110818141000432,0.38525185210916224,0.37946142597616866,0.6324141951423106,0.29171124649094266,0.441266395859698,0.3498722043091945,0.49025758447789447,0.7163455397057797,0.23030681281736223,0.2947458522705746,0.4595899431578278,0.5019347393246874,0.536269045268962,0.642504291225442,0.3077248026814319,0.5261247774804024,0.5919108606406618,0.360230523004904,0.29466544186962457,0.38453065579534157,0.9687542678576159,0.5349140700989158,0.5943332823419338,0.6931736494391656,0.673692812881655,1.0797772312439788,0.6482048534658074,0.4264148708456711,0.3956895286712844,0.619544508480248,0.48590680223352856,0.3752175275171464,0.6084823402888668,0.9911772298109387,0.6719026465512116,0.6277325119091463,0.808136449059212,0.5799442526057479,0.5564683560813293,0.7254769927260091,0.5248446995364774,0.19884222271484736,0.32434561601087075,0.586799224873356,0.6779992997974429,0.42972329656373226,0.5807902983453348,0.36105195549419733,0.18706748468487946,0.12159040630527809,-0.020596863250375814,0.1821790714205686,0.2945519634400576,0.23388602134666184,0.494671360330649,0.44666659152877664,0.045100524031818794,0.12706231163184983,0.2228525717799757,0.16339903637557265,-0.11476937752808697,0.4522219526694089,0.23894993357922786,-0.0049803467532349936,0.07726937586966011,0.4348218835278707,0.35744904805404387,0.5340227261922762,0.8599201822522984,0.18607013441009623,0.2578190811850436,0.6441394368376847,-0.2072323853492197,0.5232875295135963,0.41097861562831367,7.254328619247669,0.6367592033097766,0.7029187311735987,0.3444634802238398,0.4562516342174118,0.6005955708370738,0.162688385050685,0.0934216926171953,-0.20217797970044812,0.5769806793990646,0.7592264501588302,0.6674882073627381,0.3548501315610728,0.5504624981089264
ROI_088,0.38617622667332296,0.5705801357846216,0.6819352354982023,0.553616521042582,0.5264375941215729,0.6014543622195881,0.4162072280618004,0.6674686643422282,0.8099253533360633,0.7119893253038946,0.6594198250993178,0.6883592713287903,0.7193490416874201,0.6676846044950786,0.6541363247043717,0.6810361162829809,0.6791391693057596,0.6797331182415186,0.6632210032039552,0.5979183088318714,0.5977322047343355,0.7514807973976069,0.7515880375803209,0.8369180833402343,0.8180792697296169,0.8325742656455659,0.9907867916386389,1.3035613252305107,0.8585279390804588,0.7961400532988612,0.05964682769151763,0.370185273519543,0.2764537836712088,0.8665907769724608,0.934903258175922,0.4788419803281382,0.74868853224795,0.5296868930567338,0.3250555693183978,0.19134275177310606,0.45263919655692353,0.6543276347188065,0.5891260500369594,0.7524528485465903,0.6422875037225045,0.8126198440843818,0.5865096802237009,0.606657167578166,0.4167170822248139,0.4092907325795455,0.4710424569068823,0.6799199416252567,0.583952354652908,0.5673235278825233,0.7784271028138493,0.6362021986475496,0.7106087861953269,0.7508745288362788,0.713434597518814,0.5883130083721104,0.5386648932148812,0.4169829809420749,0.6111867119839828,0.5916348643928054,0.5623844248235182,0.8154271999953333,0.5506697801667868,0.3927351239272573,0.544358288130916,0.465604294655202,0.5473392156241946,0.37243685096507684,0.8715549127704201,0.5326149880978885,0.45864485698259627,0.5286553430478325,0.7803676496004255,0.9061318738650788,0.2800672217172811,0.31620129587806994,0.5303989204362108,0.09890395507618668,0.4535802837079639,0.19805816428170936,0.9916705363377059,0.6068415332522241,0.6367592033097765,7.254328619247669,0.5128837463349473,0.42418198077327973,0.19131790022824058,0.30829447359348217,0.5461748263672748,0.09339420221509101,0.19209657208884184,0.883318190656935,0.8283127776150633,0.6918130565497631,0.3004546979631711,0.349008674139896
ROI_089,0.3122122380253041,0.3056771523628188,0.4008171842032637,0.22010191972654913,0.18192292587546155,0.5227416152207033,0.47315981281135594,0.39497031354881784,0.6446452130342759,0.3241326206865695,0.3697151935140002,0.22825032944128498,0.3757628797292536,0.4852474729902187,0.28131467829887435,0.3544611544073711,0.2388121159835488,0.4789868150270507,0.4371445331425638,0.5025319068255574,0.317690897284285,0.23390043583816866,0.4878322048959974,0.31449741129565645,0.3410841131538947,0.2545646512745584,0.45443172672939236,0.4303197372203296,0.37439595251450325,0.277805263568596,-0.1278633070587,0.4754542223599743,0.28008865742690064,0.47640756773151693,0.38131905947895484,1.0527241933309015,0.8209759720167747,0.7710635880997072,0.2945195436206971,0.4415530838173372,0.716924863814422,0.3649536770075508,0.3252600892804116,0.44886275619535876,0.43565674686727923,0.454442105212678,0.5133089719668807,0.5794533601052528,0.4941284766770976,0.6207260867467647,0.2573691515794325,0.3336841689590015,0.1736740657230032,0.16933642862580606,0.3176903668932131,0.6372495270089493,0.24891557467650385,0.4891781421033496,0.36314301855111997,0.18531978282224476,0.11121755346946376,0.29044640080191375,0.22823071152307334,0.2559189194937068,0.30555693675707674,0.36131350776367105,0.8083654694415496,0.20375063105676072,0.22911872904291897,0.4044893395951739,0.29557481101736305,0.15201125133033352,0.38647424438551636,0.35731205960487666,0.17211017427443898,0.09762616607288888,0.426188971932715,0.28398070545615933,0.12666894355282002,0.2882777518660548,0.2260094229268058,0.5349674602759191,0.4058413840965026,0.13863998478419767,0.45047668745140307,0.4932321895143107,0.7029187311735987,0.5128837463349473,7.254328619247669,0.4554746871167033,-0.0346735815078721,0.03743342990092448,0.24041260934885608,-0.161241449865492,0.018285088216159377,0.5309968194480393,0.4517599928290409,0.7357873031001038,0.5095678140610886,0.5649136873706476
ROI_090,0.21441190047310937,0.02350926327751239,0.15336901833111205,-0.07850275378250171,-0.13183707555893284,0.1109804582514323,0.2593819612840716,-0.011886159210098852,0.16204549069879445,-0.1481171440081943,-0.03550727604740313,-0.18993425653532675,-0.05743130730249216,0.13239765152301983,-0.06925813403796116,-0.03814998538196016,-0.1922351854040345,0.0036646722254920273,0.16788802150980503,-0.06546859058654796,-0.0960041655934346,-0.047260858658969326,0.17312531807057227,-0.017728276598676287,-0.08386857870803732,-0.01598845559405011,0.24373782280327053,0.22749075816684863,0.004766995044189637,0.08667191352107498,-0.08890676603494459,0.16662352630229357,0.13453029506762929,0.08265433119267261,0.12175971157118555,0.5717199074402924,0.45658034602367886,0.5353262282179496,0.22802951555560438,0.2744716940144948,0.7253316336719282,0.2694429283709095,0.3715886476487561,0.5685794263641265,0.29535169352493845,0.7394181235144413,0.6912050051661499,0.6757395878155458,0.5062364233611588,0.661530160912425,0.47167704695122453,0.3324142323893643,0.06405454152135202,0.11220761073551844,0.14372485192454537,0.19239414709564215,0.17508081771994902,0.3035356717728213,0.10132086637801573,-0.0453552595995788,-0.19927261561159848,-0.040109985691721306,0.005217330349138808,0.17121284759477132,-0.07633028102637583,0.014568695439490329,0.7033190443906857,-0.07371341395964967,-0.07185270520136486,0.07824772249376316,-0.1518595358513347,0.02917793743927311,0.3462367788068067,0.5565673051723443,-0.1581167794160485,-0.1122067200751218,-0.059047766167453775,0.09231909984492499,0.2938463087848408,0.2957607176972237,0.28606394927926876,0.5688924602628418,0.6113164535202797,-0.11388382341780678,0.3625359191075032,0.799881673400123,0.3444634802238398,0.42418198077327973,0.4554746871167034,7.254328619247669,0.3756455506456423,0.1548199813084857,0.3804550698978957,-0.00867995552118014,0.0024721382894124944,0.7858928795993113,0.9523429915477922,0.7189794052950635,0.42146153173307555,0.6968667898619935
ROI_091,0.33710565271609216,-0.29443259245412157,-0.20050262938610214,-0.22968252117313645,-0.19049692192229276,-0.08752090982442223,-0.1677129168243423,-0.2378983333617408,-0.22788491232913938,0.03048855066158235,-0.09054429133128238,-0.19645355888579166,-0.20106091933680886,-0.12269413804474509,-0.35945903766797827,-0.2543810574495106,-0.2414417205093704,-0.2529692014051107,0.09495243406361588,-0.46515872765611516,-0.22728584008482958,-0.20986387648159865,-0.1564219285868049,-0.03926149225059987,-0.04176556535475328,-0.295648797348695,-0.08411226779330118,0.03979600249451714,-0.22810824177963807,-0.27138941966966396,0.5027189154639287,0.21489093580603846,0.12843391699230547,-0.0969188598936621,0.0028382389420516362,0.11404142305612097,0.25778360581196286,-0.07658191814935883,0.03719005574056624,-0.13124442165312628,0.13677726381590893,-0.16990450640521437,-0.2849646935813956,0.2712620391704519,0.36970376993342313,0.26396265944985026,0.0684804712734519,0.19220297946780107,0.1849907594980976,0.09025894590958033,0.8645282110450044,0.08855259420156407,-0.13623411160288157,-0.06475452548518741,0.06242963503903962,-0.06322439059710434,0.04849152605343256,-0.07423193128708147,-0.1312049411561344,-0.09848818803622866,-0.2259914405110089,-0.5837390989322494,-0.17745426138816922,-0.0932124340190665,-0.2547358204935271,-0.1391935058327496,0.22916717795617475,-0.4487621289109764,-0.1543299913912387,-0.3113071340199675,-0.45171954236537887,-0.7039158108980615,0.15728056455549522,-0.006190480396287952,-0.5337587822073118,-0.276947339822827,-0.1548512950270443,-0.09719865416308052,0.9796120157157273,0.8542590432296329,0.1502579686100127,0.335030132055428,0.9331242085049372,-0.9192881952479042,0.2412798933981025,0.15547617061739513,0.4562516342174117,0.19131790022824058,-0.0346735815078721,0.3756455506456423,7.254328619247669,0.9675603443687619,-0.15413134962038652,0.20288615177386782,-0.750196123217067,0.44291053712333145,0.5804014260303635,0.5088730858400352,0.07099730065656933,0.1639575616744486
ROI_092,0.6345375035984546,0.003334618948397504,0.09652051129202854,0.12073933938897131,0.20902997183716235,0.17878957039469992,-0.0005006967834351559,0.019713011744121246,-0.03729092981300045,0.38285512982121533,0.19235684063066558,0.06844685859833952,0.008346957025589604,0.08855902346392346,-0.047716394679943555,0.05206855191722521,0.02402491470235052,-0.015313378721260885,0.28108100582346457,-0.09933868360253319,-0.08476255900026601,0.1445104936206759,0.14096939837801634,0.22914318637226025,0.335573701587771,-0.017096879207294257,0.16396023173988147,0.35968089909589274,0.052056879431654345,0.121321270596223,0.6486023657058216,0.521624974454501,0.0654805499448685,0.15102469456801904,0.19974314529751214,0.05978639480701384,0.46878756556819634,0.0427851432812522,0.1989583950740354,0.027797905810753688,0.04382677188278747,0.10539486790574402,-0.07540688717387335,0.3984168398173028,0.5092168436171155,0.40491916985794874,0.06705015508552498,0.17889187682644428,0.1559246364688665,0.2083227997844797,0.714703828551273,0.37096855498917747,0.045083630248808536,0.22817747915471265,0.27617511889040114,0.2113426371982597,0.3096717266608828,0.10384145654417566,0.17667601514479886,0.23562872917087535,0.08945133560299204,-0.39673516631650985,0.04229034997854631,0.07035767790342819,-0.02265998674539202,0.15793267081202514,0.18661424253560288,-0.12358425756322078,0.09302795740019396,-0.012798448034097404,-0.13852966293058874,-0.3250581220164984,0.30915644215521876,0.14886205564212193,-0.19309651373167383,0.12218317760964917,0.2338696455067094,0.17115563333911346,0.9814197752609025,0.9618070306111922,0.12782151473561623,-0.022278765416763383,0.6300643715384657,-0.5373338706827745,0.3190224232252103,0.06980875418040443,0.6005955708370736,0.3082944735934822,0.03743342990092448,0.1548199813084857,0.9675603443687619,7.254328619247669,0.0862423236877345,0.48581465492214787,-0.3216000571909024,0.30946916978145306,0.5302487634640252,0.3249382541729498,0.12513473108926804,0.23490696924020255
ROI_093,0.12714488488526215,0.8764153552548893,0.8534951025315076,0.7594874638793908,0.5730838609659793,0.3440899713139464,0.39536748993095305,0.7437473552727379,0.6294772447102782,0.39266775305576085,0.5225386112059139,0.5591335813632154,0.6126661725268532,0.578308608196329,0.6614570585759928,0.6114102946279611,0.4041989800841026,0.6310803191256402,0.5467712043716288,0.6438368963611122,0.5199394471690999,0.507647320660571,0.6524009843213531,0.6691531215785297,0.3748051788601361,0.7365530857773357,0.954896064350836,0.786587092227649,0.7623588538115234,1.041893231267631,-0.257744201881205,0.1129708731351394,-0.1294075643455746,0.5211713726299789,0.4105139973052797,0.14436797557542722,0.3483856817595755,0.5294039448026032,0.4181390821151021,0.30843034467055136,0.19706222846397795,0.6235660929574354,0.6452721299659583,0.46980772091295586,0.16618830001541188,0.597963323853364,0.3140556782821286,0.2352473578425341,0.11033484883058417,0.26648857835164963,0.13663644083253326,0.9630223184683845,0.9252062182814764,0.9169952436379818,0.5990663144244939,0.4899102765724121,0.9604871117683573,0.8338413178163092,0.9161940163922629,0.8340704245279245,0.7503014354668623,0.7343096592092415,0.8790626880854675,0.9935028557204713,0.6611217288829528,0.7059227581525103,0.3060231243780139,0.8528317910230158,0.5448933969399051,0.5645936249512901,0.6652532389139753,0.9067540414922464,0.8233880432057222,1.3632850829725756,0.791345718907205,0.7482639047791638,0.577164691430101,0.8966649079756209,-0.015532327987582162,0.018878356860843958,0.2885680997358276,-0.32918766659913773,0.023200508611103104,0.43052306259273476,0.7129524675691916,0.335124930679866,0.162688385050685,0.5461748263672749,0.24041260934885608,0.3804550698978957,-0.15413134962038655,0.08624232368773449,7.254328619247669,0.28131051647511085,0.7078213588133597,0.3548023793551521,0.38138445035740914,0.18141798120748223,-0.04904645238362671,0.2711130291541516
ROI_094,0.29025278350918143,0.16261553708302506,0.14772557063223757,0.10706379984847127,0.1633160587878629,-0.0754161933275983,-0.14006480696399254,0.013106475528878076,-0.10588984486259742,0.18304356283962114,0.17761009137415842,0.22068277960152033,0.09991830987480783,0.06096468243239121,0.13108963210373895,0.12025686464181189,0.19178021876027615,0.057590076301152,0.18236550757934084,0.04796782152686335,0.01641794137331775,0.27043188699300014,0.15648892674066084,0.18703812394351096,0.14411985009865808,0.18125853212502022,0.08243471861565065,0.24209547970682088,0.16401884536700492,0.26882919419644813,0.08062847214915607,0.21959046143793876,-0.4084874715612028,0.1856853951164033,0.1253423176276687,-0.27905021323806295,0.1895112789865517,-0.08471339934492758,-0.18275118467213036,-0.15416654557036555,-0.28206628915016413,0.07761041127282672,0.0034560967120705593,0.1354369866122495,0.06052994955550292,0.046477418829995905,-0.19122079876912326,-0.1158387412965105,-0.1232657968923503,-0.041707651223523684,0.3628179444956754,0.46018693877331535,0.3469671498081462,0.2590745030662866,0.031842592253236573,0.02892908898749794,0.29527810364682217,-0.04303262991098963,0.4423791274378695,0.48152363067261866,0.4073362892283106,0.12884979007313652,0.32449874178109206,0.22359287246092355,0.21087332796374417,0.24599226874335658,0.136502228969149,0.35236369963163383,0.3818821182811177,0.4027244695166865,0.16593872062851453,0.25818795194330835,0.3441116485658082,0.3009303510584907,0.2807088920359358,0.556398364451271,0.34864647865237697,0.29670298924814675,0.5147432075473048,0.3068218990910918,0.3685907439882039,-0.22825716105248609,0.20478939005557906,0.14298397237359278,0.21445371961559215,0.08209876037793462,0.09342169261719532,0.09339420221509101,-0.161241449865492,-0.00867995552118014,0.20288615177386782,0.48581465492214787,0.28131051647511085,7.254328619247669,0.4282161293263578,-0.08828801454920635,-0.015110135649621399,0.01293158093170614,-0.06350381672954143,-0.02353985515199729
ROI_095,-0.04249652931070523,0.5937889035729501,0.5570123189002274,0.42294634316147833,0.371253259137337,0.17050631065503558,0.195616261842575,0.399292608177497,0.3238857848806005,0.1730056638667743,0.29959601232314975,0.4298821056290504,0.42592446405661605,0.35393891174166076,0.6615970214754903,0.511004514117968,0.5217352764525313,0.4489469647117866,0.1955522887106052,0.5577153503174554,0.40836248113106766,0.5403798800410863,0.4448250299415837,0.3578561205335676,0.2762588769548623,0.6008835974005932,0.4128822095950738,0.3804587239855329,0.5505507451973433,0.700284752110997,-0.3343883745966785,-0.013642299709993793,-0.27627621705529676,0.4117568771069954,0.32213390441718226,-0.15755741326934689,0.03206921655959738,0.23012373581878443,-0.03422910384545859,0.09060151175565499,-0.10377832122598823,0.3402707737264775,0.486609208864958,0.06232961809550146,-0.14099706209173232,0.051479524569577995,0.06686269339979681,0.00659458986740269,-0.12847689563667206,0.015182859092538999,-0.2373839308789634,0.43813183135002043,0.6247653197148276,0.4009478745569686,0.18485929583000796,0.20562722205025274,0.3759729851265015,0.3068060323485888,0.699713995645301,0.6063970150027983,0.6746552612891265,0.9140417075586956,0.6116619334205994,0.528671575996635,0.5721288699107108,0.48951529379297126,0.08202251868114378,0.9712418797864486,0.5972759521325306,0.7133549585415427,0.7003400610047004,1.4618391667935893,0.37101244260450533,0.5222824502845356,0.969956299914561,0.8463916613434453,0.4971069355392963,0.5400648891699232,-0.26447072883510625,-0.37967537085315695,0.3965652705699637,-0.2945690877448382,-0.3013322952484177,1.304979394766512,0.23191898325183696,0.29040035615121945,-0.20217797970044815,0.19209657208884184,0.01828508821615937,0.0024721382894124944,-0.750196123217067,-0.3216000571909024,0.7078213588133597,0.4282161293263578,7.254328619247669,-0.12549415400326963,-0.14735957807083713,-0.15276048702139478,-0.10587925824515826,-0.02506784441021803
ROI_096,0.30022941411856024,0.10984790654888754,0.23294554788091695,0.1363190106074185,0.17642961006469335,0.42529922491998395,0.38660876747699086,0.2578644102644463,0.4516763613006914,0.27727412408221,0.24642093426355197,0.12956777417154994,0.18615760151981406,0.27055606758087586,0.13307730876462176,0.17548733276379005,0.09438943780973799,0.15533614033258644,0.2779042781720482,0.15862707954204414,0.1340922619459705,0.1910592309486395,0.26110024305914653,0.26363420693242984,0.3384232459473851,0.21693129511359166,0.4763097815125554,0.6164468179578331,0.32095925494291355,0.3076930546250296,0.263799723368453,0.3797410842077485,0.32100896740815316,0.2741236376843402,0.39470725148740965,0.7771890438794472,0.7196702515796125,0.6428784315618338,0.3765891932456731,0.25199521803130975,0.7104396549180307,0.44446908307728583,0.38211992085209356,1.0073823993610138,0.740825130068587,1.0132126376084196,0.6262932046694552,0.6682682173756205,0.6565477201651884,0.6336110391031126,0.462749912504379,0.27846240359515667,0.10776141993713621,0.16799370167071984,0.43126308405549074,0.3454906702127561,0.27751127639173,0.4409136812950163,0.23482066916421993,0.1525600868252005,0.030244268056877216,0.013596538703703157,0.15345194713893606,0.23011444386837981,0.10215263225903944,0.27636824832717977,0.5493592043259155,-0.023438548811104735,0.06111496872440317,0.0018562617616533098,0.03680509287221355,-0.010357666866993239,0.4164448241815876,0.3656747739557723,-0.037604630997772275,0.0009142895392055622,0.21761596817505646,0.31084089557853667,0.45179910706746806,0.41872412151310057,0.24121497991537483,0.3601349104107213,0.6365912662443941,-0.1824475712234538,0.5575118237052751,0.5806551518119326,0.5769806793990646,0.883318190656935,0.5309968194480393,0.7858928795993113,0.44291053712333145,0.30946916978145306,0.354802379355152,-0.08828801454920635,-0.12549415400326966,7.254328619247669,1.2298251986987572,0.9096596636403305,0.44589526512638517,0.738434184438078
ROI_097,0.5057291010525975,0.18568014506104077,0.2958968055554751,0.20777393053794244,0.27750341205360285,0.5822445824482119,0.5383335562796278,0.28733726652732083,0.43695750480914786,0.32447343162633724,0.2933894592879281,0.132517641498868,0.15202422873465943,0.3452056050253507,0.13682200483997498,0.21310813442148835,0.06301972256038237,0.1950328425899574,0.3677714298153747,0.1357255642546064,0.0675254043998922,0.2799493268944149,0.32943685870611306,0.3362279998338753,0.357139230223763,0.2096839460176229,0.524720226397017,0.6236610260848394,0.251991606062342,0.34265994525037774,0.3633143528216414,0.5089509203019488,0.4691580580263895,0.29956420876594736,0.46548847705482044,0.756956586904061,0.7515801718910062,0.698997932552777,0.6519905048400044,0.47326032071903273,0.9428501148840531,0.5971945159007288,0.525813755570038,1.065480055035948,0.9455334812645103,1.4770517472640567,0.8926274099427395,0.9351787500919002,0.8584626884797464,0.8211474754188668,0.6713005983805174,0.4159262331751775,0.08437037033183101,0.27992043183252646,0.5792255344111983,0.4820202169241577,0.35478804311157613,0.5292165551509305,0.17841555322575578,0.0775214073227952,-0.042982744477852226,-0.12603263026538855,0.08585294648231286,0.232747015276732,0.01364628338291334,0.28442209342965324,0.4805852645054289,-0.11325278117667702,-0.049475400819522924,-0.0521613778133672,-0.054559485681951556,-0.086931720302952,0.3885588425378134,0.3976197331332806,-0.15678861475522432,-0.0542246228021728,0.17757088955448533,0.2755263405341148,0.5110973612984575,0.5370834402317944,0.18497571568069104,0.24283046529467872,0.6879774229026258,-0.28439555223027047,0.5148207885975689,0.6531574068528274,0.75922645015883,0.8283127776150633,0.4517599928290409,0.9523429915477922,0.5804014260303637,0.5302487634640252,0.38138445035740914,-0.015110135649621397,-0.14735957807083713,1.2298251986987567,7.254328619247669,0.7590169254935775,0.5584977527207616,0.8328841914648125
ROI_098,0.28408980390922367,0.060883730275775025,0.2203618131633862,-0.0027793151763965043,-0.08079391918276979,0.1457296750379786,0.07710720897381103,0.11259973229408356,0.2578138392097924,0.2087565560961761,0.08119287992430983,0.06986266924105779,0.22762474557445994,0.3037809014160209,0.14938124272729011,0.16299081402851875,0.18036804447121849,0.2199896962046099,0.36788422168051127,0.10686265907992054,0.22516741268929918,0.09411111457419888,0.3314602362469522,0.2160259276998647,0.22925681274335669,0.06992786987683754,0.3360483538946804,0.48349868007322905,0.2915744808087829,0.14967148781865086,0.05868871664655252,0.3395236815060059,0.21727863271689773,0.4411281064022129,0.36413817826988676,0.5705350496653461,0.6587362999480023,0.4433449515815016,3.644719357451996e-05,-0.005593567632343509,0.45479281273175753,0.07500088791053931,0.03723918007021735,0.42444350215989846,0.4803671520077603,0.4789694986284796,0.3912941654199754,0.5277669572182059,0.30619090942791355,0.3163774940264043,0.6518379872677071,0.34497798061236035,0.20838251548220638,0.06395633277221399,0.20191181152239762,0.2835963109869531,0.2662741884122709,0.2864958696303435,0.3363157202180913,0.2497915011037874,0.108983381545772,0.10955817394972373,0.23850224892305574,0.3119592559633334,0.24463188436604494,0.24625704046315106,0.8694361657908458,0.11683367287918432,0.3347242284070342,0.2943132202576012,0.11258010410193586,-0.01774572456819334,0.6692439637755221,0.34434277933894175,0.03818936545120219,0.11750581587545239,0.3067514258996427,0.302855345372739,0.6631781748199433,0.6504928066571033,0.6425233631986319,0.8008622859564803,1.2306461548017833,-0.07819524449162463,0.7913631178711933,0.8624663897434409,0.6674882073627381,0.6918130565497633,0.7357873031001038,0.7189794052950635,0.5088730858400352,0.3249382541729498,0.18141798120748223,0.01293158093170614,-0.15276048702139478,0.9096596636403301,0.7590169254935775,7.254328619247669,0.20259985586177306,0.33981296085268725
ROI_099,0.5693777954928599,0.0035029347306736844,0.04369575838202786,0.07321282980865204,0.312870998006412,0.725672906150631,0.7158560398241345,0.11033676551968617,0.45173893021021216,0.14668186132070013,0.1955996362023502,-0.04545997061926738,-0.09442788128625536,0.056025789873608685,-0.03224256339775456,0.07662809751169487,-0.14016898999618946,0.0330152915743176,0.018632538585571335,0.17852686495640355,-0.18822861772256888,0.16892168601881993,0.08958177659459311,-0.037559799510263614,0.15111335461724712,0.0342006988064963,0.07294620314841549,0.15077359304808538,-0.07691539774819549,0.04548744732171562,0.1941795635863552,0.40809628459424657,0.4381381490409786,0.030568409583764264,0.14052034527406093,0.953025087505668,0.5274059853397861,0.5701849359030781,0.5307439049029566,0.6877032276732324,0.8145602866344404,0.5634791398297978,0.43016478404043995,0.7028607284762717,0.4900884290111592,0.6416440842114268,0.5039162496553873,0.5965244048452575,1.0185290324292682,1.1236848603508636,0.28288637385444654,0.06034800133582214,-0.2994199963183657,0.008709888770336302,0.29415240905201046,0.5662098747574101,-0.04140484768951441,0.27930589211746165,-0.07944393569620505,-0.21285319707015576,-0.3499845203107319,-0.26241699970417487,-0.2626479090289373,-0.20363171952080264,-0.24106295293350388,0.024823870010511357,0.4073434600094446,-0.30405277022038485,-0.3428632454954753,-0.10885289945264355,-0.1505973426113086,-0.14162286344638966,-0.14331651063608508,-0.036518103000128095,-0.2988062047601446,-0.2191482601896666,0.01813973670954904,-0.15151625032073374,0.004590969031096075,0.11134530976682727,-0.24536204706285325,0.22798029672605866,0.1165222643051956,-0.09118302217333944,-0.15181616648664728,0.2942520742446518,0.3548501315610728,0.30045469796317104,0.5095678140610886,0.42146153173307555,0.07099730065656933,0.12513473108926804,-0.04904645238362672,-0.06350381672954143,-0.10587925824515826,0.4458952651263851,0.5584977527207617,0.20259985586177306,7.254328619247669,0.9562866827436073
ROI_100,0.5145611358524894,0.04017109648017179,0.18063375079482055,0.06146062183267675,0.2312188663974652,0.6265206862128164,0.7907422883972121,0.20826354562671756,0.4082038274484168,0.16646507520374867,0.2465020376054086,-0.0388197371993323,-0.0696306190318579,0.2256540894981941,-0.012016863597217948,0.08322730988455601,-0.15304388721768222,0.07219258826391223,0.19880551501977162,0.0791622495792006,-0.07425525894778862,0.1176328844776893,0.1738687076509319,0.07326530818331216,0.1912506759028305,0.08451742476401584,0.24065148027683106,0.24543088639567134,0.009268613619331513,0.1310158777678946,0.24876812550781136,0.6705351022210764,0.2703316410231819,0.02905352857813123,0.19149537210663412,1.0131274680928393,0.6910165859364947,0.9928994727074507,0.6533996713303258,0.799714103359913,1.012003053775887,0.6980223002644589,0.6105316985387457,1.0694044001666907,0.704536423267299,1.0685484149069537,0.8151479707456413,0.7874342630255583,1.1262724925780345,1.5107977892514683,0.37314296684695314,0.21405192552189928,-0.1939746991507346,0.08168323338093587,0.34153155673074276,0.5222140804993598,0.11033781123899744,0.40386529541939525,0.07169028977014026,-0.12663374333017383,-0.2741745259476163,-0.18653600719464777,-0.15146131229365914,0.01945278155556943,-0.15555359935289478,0.05610236895688218,0.43931187157940044,-0.18524467679639556,-0.32662739114834805,-0.11807166864507612,-0.1620250247880702,-0.05113400450816013,0.013918441684261101,0.28511515470481313,-0.23420234619273245,-0.18724347230944735,-0.013846106536062896,-0.014489294290909598,0.2060363694242404,0.3597936599461053,-0.19729524863913758,0.1875055951500405,0.2317667684648391,-0.17974349231682155,0.042259043509768675,0.3507018267927148,0.5504624981089264,0.349008674139896,0.5649136873706476,0.6968667898619935,0.1639575616744486,0.23490696924020255,0.27111302915415153,-0.02353985515199729,-0.02506784441021803,0.7384341844380777,0.8328841914648125,0.3398129608526873,0.9562866827436073,7.254328619247669
