,ROI_001,ROI_002,ROI_003,ROI_004,ROI_005,ROI_006,ROI_007,ROI_008,ROI_009,ROI_010,ROI_011,ROI_012,ROI_013,ROI_014,ROI_015,ROI_016,ROI_017,ROI_018,ROI_019,ROI_020,ROI_021,ROI_022,ROI_023,ROI_024,ROI_025,ROI_026,ROI_027,ROI_028,ROI_029,ROI_030,ROI_031,ROI_032,ROI_033,ROI_034,ROI_035,ROI_036,ROI_037,ROI_038,ROI_039,ROI_040,ROI_041,ROI_042,ROI_043,ROI_044,ROI_045,ROI_046,ROI_047,ROI_048,ROI_049,ROI_050,ROI_051,ROI_052,ROI_053,ROI_054,ROI_055,ROI_056,ROI_057,ROI_058,ROI_059,ROI_060,ROI_061,ROI_062,ROI_063,ROI_064,ROI_065,ROI_066,ROI_067,ROI_068,ROI_069,ROI_070,ROI_071,ROI_072,ROI_073,ROI_074,ROI_075,ROI_076,ROI_077,ROI_078,ROI_079,ROI_080,ROI_081,ROI_082,ROI_083,ROI_084,ROI_085,ROI_086,ROI_087,ROI_088,ROI_089,ROI_090,ROI_091,ROI_092,ROI_093,ROI_094,ROI_095,ROI_096,ROI_097,ROI_098,ROI_099,ROI_100
ROI_001,7.254328619247669,0.2053560601126682,0.4186303643813579,0.21417109767501694,0.3011398039574548,0.46986189379369236,0.622244925590372,0.27391785053556533,0.24905674819490173,0.24204594113780387,0.2971034424259701,0.1120843071917793,0.09580769682649827,0.30179176610548014,0.30065796050798205,0.30491132596938536,0.20968829788955373,0.2524578266544721,0.2083374457681842,0.09322945441581984,0.06322213134467684,0.3698579663610808,0.35172647705273913,0.3097064722256709,0.3264107250442333,0.19355502915523096,0.1827638947539149,0.26004258687086335,0.09732051291013595,0.2288768399974883,0.3463411023699604,0.573630596571838,0.31139718058166427,0.23010594847937116,0.4528671284176035,0.22475748480635263,0.3092823998224193,0.5139812307419419,0.47615337528324087,0.41252287273938365,0.5101588555436507,0.3298839748823818,0.5891873137765129,0.38233738878804363,0.5491789864414585,0.4569811133228401,0.45007259528710014,0.6320038375880866,0.4969359634434594,0.4141822006324786,0.44370911476640995,0.34267132770436226,0.08636383693725333,0.17524637367884413,0.40116327388102235,0.4009375852668823,0.23869164968881781,0.3502804541622784,0.1001717395626804,0.09144713245839908,-0.004004412595517324,-0.08069863130170248,0.00704156793841941,0.24213501682577404,0.16651591367390353,0.25774984123492606,0.3025711107945123,0.06924587079371265,-0.10553037778902075,0.1368410886702873,0.013544541763523623,0.09206712487794304,0.21580234000080578,0.00866259974657652,-0.027534475885650358,0.02287486610941275,0.013731788336508849,0.043086256693046575,0.20883361578977824,0.31904621795907384,0.09276630750582142,0.14461800142789463,0.21168562348287634,0.118788290172742,-0.06742515344601548,0.2146541775235222,0.35324491050715673,0.25037297084991517,0.05515228048393717,0.2233951706087918,0.13118775451970544,0.2531268962311502,0.0490404970445108,0.12285898071544252,0.19127095064738683,0.21022797596410908,0.329616773126634,0.19266991469324368,0.42308730461311744,0.26489109869501887
ROI_002,0.2053560601126682,7.254328619247669,1.1446604231121857,1.6081721940004323,1.2219178734756435,0.6402147483553915,0.47046559265113325,1.3360290209269212,1.182459399035008,1.139893741790397,0.8133760892719284,1.1694751986548269,1.0742534213175483,0.8304403479777196,1.0530937445454098,1.402878349987346,0.9506725263626749,1.0790504984558413,0.6660879369775459,0.9104904690644665,0.7067497085644598,0.7561518029400429,0.7958894813788971,1.0976929059072311,0.8601969779026778,0.8281248530935379,0.994884286000997,1.005090945231474,0.9327295922016386,1.1192747101155633,0.4880259064280489,0.38618178094151207,0.4634406399245515,0.9834516542420236,0.7023748884550741,0.3135422712761054,0.5708713784198777,0.15286657368181458,0.37964627652931177,-0.08468714828199153,0.37432884828632795,0.5257617515842159,0.4234646117708681,0.673669849163808,0.7338426272031908,0.4389011071462872,0.20728721717410437,0.4438020463281045,0.19850593864020497,0.10887138484542246,0.38864031258627074,1.3567130985618014,1.3536352871928212,1.3462539539990779,1.0363415650880026,0.8960054846564596,1.4436158987862475,1.132221555808034,0.9979476957907681,0.9800108234025132,1.0550611331967388,0.8459652055249932,1.1180968303308332,1.2501408474035283,1.2107176492757183,1.0348096662896429,0.4013939904253362,0.9093483480987469,0.715608589752949,0.7568208158708816,0.9199013470164088,0.7964589681420553,0.9359815749535778,0.22885707948610495,1.0491273871800606,0.7982502501984156,0.9057787059731378,1.111002160904198,0.11277545048294105,0.13662264295425638,0.46248408857390355,0.20745769609703898,0.46393246290177387,0.4562490191742372,0.8515997060420231,0.32662296974431937,0.44648779289231605,0.8929777975367841,0.30114484921411894,0.17317153020492015,-0.10837725267628026,0.09584352915367875,0.40933971329364,0.16320715757791687,0.42798326522625313,0.4257924502455111,0.2967333502975617,0.5359645634712364,0.09516320015020895,-0.021807738645428783
ROI_003,0.4186303643813579,1.1446604231121857,7.254328619247669,1.0073846245877136,0.8022542730572518,0.548542113776823,0.4320997771653622,1.0082017563178411,0.8153013307719157,1.0146366926482853,0.8504067862646033,0.9152264221141382,0.8609012060058467,0.9244892032432622,0.9424677339027407,1.2220577734065656,0.8240639380019469,1.0431302621584293,0.7820730826802035,0.8101781475409425,0.6987606719852419,0.7364757879239839,0.9141542457925762,1.1097512467827984,0.9535661553455669,0.7576151453738036,0.8743915213409591,0.9316977242784142,0.88812592732175,0.8222988976162828,0.3804277651302378,0.6233396272113542,0.3546015223518091,1.0251209704819018,0.8383892938217157,0.2589033004693813,0.5609169323044089,0.2445914275884156,0.2974890327342094,-0.028524511056791636,0.35444152677701996,0.46649856902201875,0.47799799811066773,0.5270784282179507,0.673504565993391,0.34746691863025664,0.22242578871002364,0.4513697727342806,0.1987952000450397,0.09836342508918763,0.45478751619640256,1.0799513902001798,0.9437406132064975,0.8786036798144653,0.9417560134084529,0.692127865962051,0.9706971485791586,0.8522695637134234,0.9053412605896871,0.8798330104941358,0.814325155119257,0.6691976278943976,0.8500325720396642,1.0689689096040103,0.9711941507224349,0.8106890465002959,0.4471781855143754,0.8033271703704795,0.5989903234779804,0.732207717956906,0.7980755269681141,0.6784861958552266,0.8079993776155902,0.31923222798399414,0.8203760039966685,0.8160535711175898,0.7965960756975786,0.8722777486981438,0.16104992408126917,0.45196994710905963,0.38445935852763535,0.16289917409180008,0.4260560534408183,0.3393713069762537,0.7068709457811214,0.25982226884318926,0.5112233576971605,0.7898795638922906,0.3420954033857715,0.14127822905078088,-0.04476460058405931,0.2682723645812896,0.3281086109907769,0.24261207296787163,0.3769573237976405,0.3651498614442654,0.18442244598723903,0.5298827863577384,0.09674192222310225,0.009944426182198375
ROI_004,0.21417109767501694,1.608172194000433,1.0073846245877136,7.254328619247669,1.4363236017176224,0.7144851791091428,0.4446694767204113,1.4048812287286858,1.353922013908829,1.2029525945738866,0.678809928899387,1.1132071141652748,0.7783143421789297,0.7212610685303101,0.8135373898060759,1.6052340165611947,0.9672407318338291,1.062316289255008,0.7215794912985714,0.8128443592510224,0.6651840370376964,0.8501849123549556,0.6870739661257811,1.0005548350420685,0.8012150738268445,0.869499343985779,0.9248470630532446,0.9664103542209281,0.8780284159333132,1.0287664028854968,0.5555505849309452,0.3690764022199004,0.4626661388161976,0.9978375288346079,0.7003996341400764,0.26622703693861055,0.5112164325659528,0.08846651549789543,0.35062193558433075,-0.18630193624999297,0.2961428238563721,0.6083320092762592,0.41320047821549205,0.7339114536473625,0.7430442588885938,0.3958479872508449,0.15141022892592151,0.42815808672527655,0.2420564856809981,0.06495654698930863,0.3045717570023673,1.5507074599702375,1.2635795341820935,1.8145090558274677,1.2937102140979535,0.9833193326910342,1.9768807392499186,1.4352325877211942,0.9229707709669943,0.8921018046884372,0.9028559153669652,0.5928119356511343,0.8685566477026698,1.1965841188065645,0.9599927697406215,0.8145114568177519,0.3041010507072551,0.7978308941048498,0.6789873335479093,0.6774112188082839,0.8272089598634401,0.7777814520849908,0.9126194014676017,0.10012055510271661,0.9393987445972211,0.7633418155530377,0.7475266516492473,0.9840478547482053,-0.02382139679267367,0.10252987148837542,0.3020203202071118,0.13815206568772112,0.32147977386058524,0.37893866400870563,0.7158402125377871,0.25246111256013326,0.3613467527372141,0.7726242037709375,0.18673302248878362,0.07756089193964245,-0.26186151102942573,0.006443387296688767,0.2717710991974191,0.05678051095812636,0.31752694752156013,0.42438716753361605,0.1977598228125426,0.4696417266531207,0.08404235914615242,-0.05756761251945777
ROI_005,0.3011398039574548,1.2219178734756435,0.8022542730572516,1.4363236017176229,7.254328619247669,0.8387365846413714,0.7103342245120281,1.1603904492910624,1.080282889031548,0.9630804119986267,0.6310425723153095,0.825588317152494,0.686488028553446,0.5338848091697391,0.7612549863393816,1.1095310203023365,0.6730442800191136,0.7290586455249973,0.409203576159768,0.5758895825783664,0.4570817073887399,0.7896654664140529,0.5608515449836157,0.8209385857116133,0.6673562587023629,0.7011669922376241,0.7336533633911809,0.8114728073908845,0.6182276956289895,0.8804481156724037,0.6602690575016998,0.4215650838289039,0.4871627277000039,0.6670122357476498,0.5989426111208486,0.28761240993198667,0.5552475274768127,0.3159611599231749,0.5388173548737795,0.06382490689045899,0.5200072656830631,0.7214288242879244,0.5986578517068857,0.9093777102581982,0.9010281196677428,0.6859621568587372,0.33866946499383455,0.6080357950178362,0.4205273960292433,0.35202465327146687,0.37479557135397146,1.087884972545987,0.8894465959202204,1.3471964896880408,1.4493008431629206,0.9477714433281045,1.3856865239583103,1.2819955822219524,0.7664525590120026,0.7392240954223107,0.6626741315718309,0.5359295676138599,0.6776694630123314,0.9344886980116873,0.7259121037610791,0.7448581870044978,0.33968861783391513,0.5856652857316073,0.44661962898590724,0.5222027374011847,0.5779728819071241,0.6771175337931662,0.650186008017726,0.0316705068974844,0.6622474045717683,0.5304341798011568,0.5273387042227331,0.6840646267323438,0.031452652993303236,0.14886596199988572,0.2850849272740564,0.16142796306399074,0.3557461943561067,0.35469159995675387,0.44417156978229305,0.34895034669359626,0.40395567861123344,0.7338560654773089,0.12000858507120628,0.16462132973927113,-0.108930265555187,0.0020584200449174457,0.34250392427939125,0.07498108524045494,0.3804983539597612,0.48719412599371203,0.39366793097857833,0.3805672090154824,0.2604149102515645,0.15308268007325068
ROI_006,0.46986189379369236,0.6402147483553913,0.548542113776823,0.7144851791091428,0.8387365846413715,7.254328619247669,1.0497098115435357,0.8582464410502922,0.9610809183322039,0.6292042568900182,0.5467939103124442,0.4939458352433718,0.3539814847778584,0.5690112605534288,0.642475619587207,0.781704006760118,0.5148839697349569,0.565300126561966,0.46467205150296925,0.4702564418661533,0.44852497543653197,0.7254893310211005,0.5056577174311615,0.67068794775093,0.60632376385388,0.58522619774956,0.7294335965486171,0.7087180902092484,0.46601978885443557,0.6891359118720185,0.812842412519394,0.49210441266949767,0.7554835904950173,0.5454833307884946,0.7003262965827988,0.36802420627588345,0.37350551681246086,0.4762295905927526,0.9863076524706331,0.5052849217029162,0.7692051603266521,0.9527213973355153,0.7693131958098733,0.8973369236371542,1.0176075444508956,0.6969975259735602,0.62121685564865,0.8029270468762973,0.6678360757733711,0.449737882104019,0.39776219658955514,0.6569235365610989,0.3203967964733864,0.6033931049575728,1.024780241293664,1.0688851006060354,0.7044982718343096,0.9729299310059728,0.24062976599594127,0.3003451908753497,0.1892353526472232,0.07985437641130626,0.2088127265128554,0.5140154176952122,0.33742910718432767,0.5278773085359993,0.2613691989777764,0.13061860247530865,0.11062774904404699,0.15332921911250355,0.3561089314538165,0.2332663858640773,0.31455878949049315,-0.057592341490339434,0.21903690634116937,0.15220250933888155,0.2199179391734033,0.3377448112291858,-0.14930146743182174,-0.016412876250936577,0.06995901001565405,0.12520778119873793,0.1295248622287118,0.11200610840188492,0.19866391025150337,0.2694427866700534,0.20583692887778424,0.6729203983155652,0.11555945212531893,0.23370478813208828,-0.13360947551574556,0.06366503550690066,0.14860444396996716,-0.08948041114232136,0.2419477506084701,0.47895197928572203,0.426812867757585,0.25484509392148436,0.47828181950846976,0.17864488240030652
ROI_007,0.622244925590372,0.4704655926511333,0.4320997771653622,0.4446694767204113,0.710334224512028,1.0497098115435357,7.254328619247669,0.5839377328002517,0.6534319140967574,0.5092029506176727,0.6445665419875134,0.330220894873471,0.2605053743670693,0.5066204346249237,0.6043222741023995,0.4530561956077573,0.2157860812115637,0.2681155315191225,0.19004543403071084,0.31860881584699574,0.20357347448572913,0.45248054708020136,0.46622364282902745,0.47598140403012906,0.4959422750820734,0.43818318897377834,0.5029820781881269,0.4935293111267513,0.26926712540413605,0.5088253839304944,0.8142197426799029,0.7787477124405375,0.6314971997084127,0.19795792757400632,0.4478177011813903,0.4781338669741651,0.5363323095537467,0.7468716019929968,1.1425634206047022,0.9405785301203315,1.2934157764833565,1.1183029556485273,1.1047339428454768,1.103912040660545,1.277765147619137,1.2106162562758092,1.0282907831863568,1.180816647286937,1.0056124038541228,0.9790721528379065,0.3855238565266711,0.4553347102161724,0.10986972122050263,0.3806238810109955,0.7764161061638859,0.7406919623175723,0.41764878477587153,0.7001099236152049,0.12361085903296389,0.09962963534824953,0.0017668558689230111,0.020677509168200492,0.051215892624029515,0.3039845736215877,0.2147157551670664,0.4693790521644738,0.36706226112820306,-0.016604467641983565,-0.15701819748832593,0.020134604804300647,0.11870382539744084,0.1203309592279472,0.09119596957715871,-0.010634354930491613,-0.009331474790202809,-0.013108313469589065,0.12560283366911926,0.20734048571724947,-0.04505131327103048,0.10455345649491954,0.11202878227210808,0.19240361046518112,0.17951167256263534,0.10724433052827984,-0.021076674726702105,0.38453758646910075,0.3814625700456405,0.684669327618154,0.18625398602087975,0.5064135778250083,0.05670977710295245,0.09006727795474861,0.30589510342662585,0.06649169354806858,0.38497743250300775,0.577811664948884,0.7735085018758484,0.1990276712685178,0.7528068795655135,0.6199900370816438
ROI_008,0.27391785053556533,1.3360290209269208,1.008201756317841,1.4048812287286858,1.1603904492910624,0.8582464410502925,0.5839377328002517,7.254328619247669,1.3327043432600294,1.3842942736040107,0.9769110575448565,1.2725187580385704,0.9626690196063311,0.9632733427967991,1.056580838998546,1.5425159201179262,1.0545985261946538,1.1718947362565775,0.8224614270326248,0.9028690314872702,0.9832335664817242,0.8699409157675411,0.7081452661732262,1.2635216011907402,0.9453761148049088,0.9720065796334133,1.1802771627150144,0.9099329834288256,1.109628644442277,0.977516111291381,0.5029153799871798,0.41872997151647584,0.6525702815111946,0.8749707507133392,0.8865624945943015,0.19248783572453518,0.3822807031550351,0.17035376264793495,0.5228850399808828,0.03218643364343234,0.35739542905971144,0.7544063995315575,0.5048042425856162,0.6425168774126498,0.7541701570126353,0.379576305050112,0.23960783424635884,0.4345948203654474,0.2025420070461998,0.024506473629108946,0.2943791656030461,1.1075981583819225,0.9005025600839968,1.0430241566763618,1.1708720879236747,1.0766316222304724,1.1728774767557641,1.1314466746524805,0.7247898540873858,0.722965486491697,0.7550491831607821,0.6256764194968685,0.7333613190957845,1.004910563091757,0.9330847479514177,1.026516463348988,0.1405748080506257,0.6191445909253293,0.47786386399068037,0.4448578430881606,0.9803330389508601,0.5316923836374208,0.6632778142033356,0.07218379100960622,0.8246090481227183,0.5870811866302104,0.6473809870484117,0.9020049041954002,-0.1744537407946408,0.007915921573874087,0.14102319813261846,-0.06513178698390706,0.11891053947079193,0.2443478735067545,0.5741141906944243,0.0837370566314747,0.3171747818443821,0.7710887606221841,0.15407698883451626,-0.03321461175681891,-0.2925242766290615,-0.0782980769671623,0.21613364188039252,-0.0626421679690717,0.19765686570198424,0.32842657267959036,0.13478607053706304,0.2612154776946956,0.004931737764886198,-0.10855508091894608
ROI_009,0.24905674819490173,1.182459399035008,0.8153013307719157,1.3539220139088295,1.0802828890315481,0.9610809183322039,0.6534319140967574,1.3327043432600294,7.254328619247669,1.160955310468657,0.7143134926886141,0.8838541786651841,0.5845343294859726,0.794016220305879,0.8214077200929556,1.1391994925302724,0.7338099481625969,0.8702700929735568,0.7656330867087408,0.8877841777204553,0.7213511762196126,0.5658004127276083,0.5765455169290377,0.8331296204232136,0.7162781527210438,0.7581739656304495,0.9637215682825248,0.827496149680288,0.9268729137988564,0.8364195668516058,0.6421497788777153,0.4280037559652204,0.6348893529026153,0.773198536765364,0.5466021051550581,0.5213860793507888,0.5868027985233057,0.1656846289106717,0.46256378357416483,0.08342051807267728,0.41710927381645235,0.7196149883767808,0.3740986680311185,0.8563950430148106,0.8788155730508334,0.4197221346990957,0.23652092890670182,0.4535204451443035,0.3535909146447294,0.18119117078022706,0.36415451224045914,1.1397832635156369,0.7727899143459498,0.9737347745383654,1.144544329720879,1.1540818088677944,1.2239238438550069,1.4855086449381183,0.6355993255320903,0.578500906034958,0.57440517615334,0.3381716897274509,0.5271381770770137,0.8061635609937506,0.7379622442193456,0.6999117415526077,0.33502713279194,0.5129063900444389,0.5159632336300366,0.422560480959244,0.741332588605476,0.5137658746395769,0.6296382672593585,0.1943542327970371,0.6377961810874899,0.5486759398783764,0.6215133724175127,0.7996022019738749,-0.1531169328271427,-0.019970107458401668,0.27526759449007343,0.20531757619450172,0.2881321658762454,0.2639461814538973,0.6648678029671868,0.30232273364599543,0.37664259603353945,0.9075961216334204,0.4105147247994942,0.2632998642640737,-0.22755735295463922,0.0012871872577658926,0.3585783398451645,0.018322127537969007,0.355166219310351,0.5844492721196628,0.3137498292271452,0.47427561105516086,0.24938149184984224,0.11680240324717865
ROI_010,0.24204594113780387,1.139893741790397,1.0146366926482853,1.202952594573887,0.9630804119986267,0.6292042568900184,0.5092029506176727,1.3842942736040107,1.160955310468657,7.254328619247669,1.0201021237126553,1.2833052217058523,0.8767523584574564,0.9796481443764838,1.1303390169485295,1.1505906183907142,0.8897302815373342,1.0724682387737923,0.818654148559709,0.8806398617732075,0.7838078561744619,0.7394321497090729,0.7969969234784936,1.0682751670221853,1.1918639518250362,1.1115317173572052,0.9931546052315484,1.0103308209020045,0.9594455855399207,0.9449828313911716,0.45130393480664477,0.5482263479296569,0.4220588996297855,0.8173142956145127,0.7149434316242603,0.3851341443274426,0.6202496344484628,0.20136937371684596,0.3348663789714459,-0.043111212251729904,0.2456681526835189,0.6531764968751659,0.426664700597707,0.6658445847732726,0.6660136983223156,0.32124887815703734,0.12292567973228152,0.35138041257485214,0.2236112648751975,0.10260991666978715,0.3743944941019639,1.0393032504709696,0.8647959602890818,0.847552705664942,0.9855636443672603,0.8098018654703083,1.0402773005365864,1.0106516793148719,0.8949805591061456,0.7485438040080103,0.777604741281701,0.5934600692494751,0.7214675761388255,0.929917487754656,0.9857166603472961,1.0584662119463664,0.36727970179439673,0.6821347758294141,0.5602069689055952,0.5615499126278763,0.8717602368483961,0.7443566861034633,0.7238734817295939,0.2793593224073383,0.850366871230629,0.7763175587161902,0.8640369981469752,1.1334847738922609,-0.08932177291191186,0.14538536915832168,0.329675446185082,0.11351818043832732,0.19848762384550378,0.4479184259878864,0.693239997468789,0.19862007164675752,0.56989023973562,0.9214749584399542,0.4131151174028009,0.08938300944614906,-0.17469417924674469,0.05689531380393668,0.39592819507853627,0.03383682007230858,0.32651341486637014,0.42083683032081637,0.20776732619354388,0.4258163795165245,0.10994848387106998,0.07574936700022522
ROI_011,0.29710344242597014,0.8133760892719284,0.8504067862646033,0.678809928899387,0.6310425723153095,0.5467939103124442,0.6445665419875134,0.9769110575448565,0.7143134926886141,1.0201021237126553,7.254328619247669,0.9783963327447567,0.9416682728157738,1.2232375754617486,1.0702977746882858,0.7584528621428095,0.7243997751497,0.8231385535667525,0.8094435079097971,0.908498445401671,0.7801578943558474,0.6617420219317636,0.9915956075374204,1.210982783561901,0.9769647118816367,1.0358072803915923,1.154533868321579,0.8695795817275752,0.8767538125800532,0.8394899243593403,0.26848879052638425,0.6572087315272939,0.3081230436065935,0.5951331097992067,0.7563952981879222,0.34737765858444003,0.46002295800563503,0.39548528558503215,0.4885007415983742,0.2940664878463799,0.47621636617739294,0.7418491674748428,0.6203191581811391,0.5615841015335167,0.6884265303183179,0.4381384317858369,0.4076254429432886,0.5334134766605079,0.2553409320552495,0.2529524373636235,0.2263151271911963,0.6424924986573165,0.558542231265964,0.5210414181115373,0.7268409563689011,0.5044177663705475,0.5776246055386951,0.6317344261606596,0.5822111856218904,0.5198198264734865,0.5581088828337687,0.6032122271263353,0.5541462086254618,0.6578747504521808,0.7276698330429046,1.0113921448440415,0.3596886255075808,0.5242925805165951,0.34148224544817074,0.43669551572732707,0.7143064010581078,0.4336148623591496,0.48925210555680976,0.2957622468502379,0.5931246980385014,0.4968974454697389,0.676765625072049,0.8711236360315263,-0.077833729837703,0.21714723624566903,0.19769812834166064,0.0026062941043870184,0.0716152883461921,0.19929252543011308,0.4486953694357039,0.0703721465985884,0.47129199898129004,0.8536500670386017,0.36664470836869656,0.11548351320464155,-0.07312957149897602,0.07420741588026787,0.3271495290800798,0.030243310808017523,0.2602233922933023,0.2838559812328035,0.23862983516955905,0.31322079017723986,0.12042715280021281,0.20820467098852966
ROI_012,0.1120843071917793,1.1694751986548269,0.9152264221141382,1.1132071141652748,0.825588317152494,0.4939458352433718,0.330220894873471,1.2725187580385704,0.8838541786651841,1.2833052217058523,0.9783963327447563,7.254328619247669,1.3814998553880182,1.121181416684639,1.096044171517005,1.1900568322642096,1.4669594723788808,1.5764365656565429,0.9598092745509206,1.0872616898584289,1.099342700025121,0.9984105621269922,1.0176747160912831,1.3510427820384765,1.0362655600866133,1.5264246942167756,1.222393919154706,0.9309786431606982,1.0723214464973954,1.1028174586014685,0.2656278673367795,0.31892240937744537,0.3738471898257922,1.069419336120516,0.9029678044870293,0.1542460423091507,0.31096080924869207,0.058274905623825334,0.24111144956446223,-0.13796394423223243,0.11512021749402056,0.5113940789175496,0.3480124971805357,0.38705202140173495,0.4865670423667383,0.14093242214712692,0.045242176918098724,0.303180195989336,0.056509010407697846,-0.11326631518891461,0.234681254135412,0.8134666898438992,1.119416647085948,0.8671398042146138,0.7763923250654913,0.5763579126613548,0.8921903738385847,0.7148489706579427,0.7087936014840666,0.8197337052448116,1.0865647236170275,0.8766194493813004,0.9352999059597106,0.9010573161612503,1.2824211272809276,1.261147462551265,0.2820595475168818,0.8888550265166919,0.746460211971919,0.7345792117479744,1.2849348949800865,0.725455416527211,0.884947279909095,0.17209361818478372,1.150521098560266,0.8689500706960561,1.0445573671049262,1.3749418771902215,-0.190691395012577,-0.015005300582499355,0.301679742801722,-0.011261411070763913,0.09285301637365198,0.500581675086247,0.7225780495454024,0.05103878666428052,0.36834896715290727,0.7937475112888045,0.25930075851088547,-0.1274540503296904,-0.20163363496438433,-0.15288943991040438,0.16392007047257845,-0.05823220988317422,0.18666727771847041,0.17858190557503928,0.006925423436023555,0.3648291430404076,-0.08462397128076576,-0.14931141163375605
ROI_013,0.09580769682649827,1.0742534213175488,0.8609012060058467,0.7783143421789297,0.6864880285534459,0.3539814847778584,0.2605053743670693,0.9626690196063313,0.5845343294859726,0.8767523584574564,0.9416682728157738,1.3814998553880187,7.254328619247669,0.8971500701553644,1.131470206451116,0.8415218240279356,1.1433951853631552,1.102123473585339,0.6693101615642117,0.9990478125526849,0.9811019431046918,0.7588571568909896,0.9227565014608514,1.2055850964282118,0.9011091509245313,0.9985605586343569,1.139922941104543,0.8252476181894165,0.9451331773821171,1.0269498508600108,0.11169188974812046,0.20779550101830566,0.25397019005063376,0.8275816610261539,0.7667535493110577,0.10854166007892183,0.26147230157981144,0.15708399566172168,0.22730207208529984,-0.07219976692715203,0.1320909843771225,0.3155277070351333,0.2783526231745307,0.25133761868520743,0.3565135193754623,0.17648720890711356,0.05373066856404405,0.24181384106415138,-0.0013680416747920256,-0.09466749163453243,0.2009644878850817,0.6106265517591506,1.0859624976740843,0.6506691735595975,0.5800513901261706,0.40169625729600145,0.6797026700547233,0.47901010075084305,0.7373286644910049,0.9213506704767067,1.2808861508109064,1.4421179522006722,1.204351876780199,0.8609430701832759,1.2877721923806829,1.2923603775477854,0.28821625077108903,1.0041185428660284,0.7256034968761864,0.7171935681896918,1.1696162408010002,0.696764913864764,0.8750326593681282,0.2751328184329507,1.2035279345078034,0.8192201819864072,1.0161400368401048,1.1662600540867956,0.03680563051616269,0.043857798306452665,0.38700598661742697,-0.028767108076003665,0.2016792256287652,0.43492010253966656,0.7336400388594722,0.03960032899575804,0.3463078556542164,0.6457125991901553,0.23810458038764826,-0.11152185735678119,0.008419581250279952,0.023156374893437488,0.28774025039961015,0.05239819553696678,0.23139367450251153,0.10121884432829834,0.07365039475027368,0.36447872070695037,-0.11866185481962638,-0.14407679682472016
ROI_014,0.3017917661054802,0.8304403479777196,0.9244892032432622,0.7212610685303104,0.5338848091697391,0.5690112605534288,0.5066204346249237,0.9632733427967993,0.794016220305879,0.9796481443764838,1.2232375754617486,1.1211814166846386,0.8971500701553644,7.254328619247669,1.1397776674551048,0.9252176519547243,0.8980075346113991,1.102548251560791,1.1984187802546242,0.968362099509636,0.9424572073611961,0.7278509646053052,1.2776277391879196,1.2498443438037712,0.9454744719936635,1.135193589836332,1.1909114492991948,0.9466627594506202,0.8725963060879437,0.9508777245462746,0.22599692480037395,0.5777214016891373,0.35686851844067813,0.8607395880750481,0.867577727388758,0.3362676130697784,0.4791504817965088,0.25879866731651924,0.3830788708256741,0.15761511545790902,0.34568286035369117,0.6402953842745276,0.5294713778909794,0.4721456334380559,0.6454207296638358,0.2725770713562446,0.3029192887847998,0.4861818907512115,0.22474633897143428,0.07435207290164672,0.2729674933682206,0.753615462824036,0.6599801948936647,0.5604354415619545,0.5879373063758886,0.5514504599514429,0.5752016815237101,0.6029141567091956,0.5217648321219778,0.5389030797105158,0.6336617982195887,0.512027973118192,0.5771875559677725,0.692605129051492,0.9047845818549758,1.0960786238685873,0.34769805969134826,0.6127328582679682,0.4829104423203713,0.5806582747237298,0.8983864802665765,0.40759146674955876,0.6512915365148594,0.28793719319774874,0.6384864808616318,0.674230644205024,0.7578388757570325,1.064724039393954,-0.14025752599666633,0.2298367783487463,0.21088492357437358,0.011734128290210645,0.09027485224403542,0.23903384033053765,0.5679028154094415,0.08602705692867993,0.4178405788167691,0.8372453215337781,0.39413177047564396,0.0874822002272716,-0.123081176716782,-0.02174883938216542,0.216512863126505,0.08711851932579324,0.24692197323366905,0.2531159572302196,0.11607907583933477,0.4455074405906735,0.04857819755520621,0.07071695715050148
ROI_015,0.30065796050798205,1.0530937445454098,0.9424677339027405,0.8135373898060759,0.7612549863393814,0.642475619587207,0.6043222741023995,1.0565808389985463,0.8214077200929553,1.1303390169485295,1.070297774688286,1.096044171517005,1.131470206451116,1.1397776674551046,7.254328619247669,0.9169656938441746,0.8254547807744845,0.9787242208749211,0.6833075956737985,0.958872143042752,0.8828434924667298,0.7396189012179832,1.035783012936119,1.0685092599021748,1.154733764187323,1.0299452322916742,1.1922725202501798,1.0677071357502963,0.8555394682363303,1.282162655529908,0.3805969080881615,0.5333402297926817,0.4723184101790428,0.6847764314025724,0.8089200960898585,0.2857977736182846,0.5462624902994268,0.4442539943776063,0.5350588383612638,0.18543351831752555,0.38931315025514285,0.623051716792965,0.5578076976937074,0.6105108782402116,0.7145837446492311,0.4802757029032194,0.2659900286343304,0.4715365914163824,0.2792413004768126,0.1648300539712639,0.40482374845205943,0.8107933298456964,0.8152691142187263,0.6330666043234062,0.7228934750658114,0.6179367673586988,0.7331955379870114,0.6687498046298225,0.7178813694071684,0.7420140116734171,0.7775660528953977,0.7547996571268439,0.7872328764646742,0.8543649693222113,1.123011286805576,1.522094151678786,0.41673332925271034,0.6904805886745782,0.49170676504981203,0.5363575032848726,0.9322423085412395,0.6128747564849761,0.7259487661193628,0.30418872211037346,0.7198552363219036,0.6985366248620423,0.8757120476340224,1.0600127484423914,0.07315313138466353,0.16630096519315493,0.35852134782659467,0.06479195344758118,0.29818287892097345,0.3573627097338605,0.6313517025248633,0.23237577185369127,0.4626724271995535,0.9088337093039438,0.31332030980176706,0.11330216622105291,0.058465752743106815,0.1355404453679398,0.4321713568929066,0.1224722156303006,0.4022068631136174,0.3603391312527753,0.30812466569206237,0.4762697948091503,0.1461339912588263,0.07086745358176662
ROI_016,0.3049113259693853,1.4028783499873465,1.2220577734065656,1.6052340165611938,1.1095310203023365,0.781704006760118,0.4530561956077573,1.5425159201179255,1.1391994925302724,1.1505906183907144,0.7584528621428093,1.1900568322642098,0.8415218240279356,0.9252176519547243,0.9169656938441746,7.254328619247669,1.15170040022531,1.3080786406425693,0.8622449935307862,0.7863941367128472,0.8610927415037823,1.0208648324583212,0.780125761126089,1.2401381931062185,0.9628004724204762,0.9265326443427384,1.026018724065533,1.0433008910193267,0.9200671847110797,1.000564125811133,0.5657921668719796,0.45650152402562905,0.5706912566860767,1.2050031150514011,0.9912284392986404,0.16881366930301592,0.40219846700379475,0.08825186613203796,0.414349529257666,-0.11079882955589897,0.3247259239536073,0.6548677671166164,0.5155578897914991,0.6280550482142271,0.7726097658751931,0.35638031385714447,0.2264412197091212,0.47660007112446134,0.20403640834263384,-0.015113978516038965,0.3793741207021559,1.3042729283374415,1.0898671007145868,1.3524724087396653,1.180912243472162,0.9997813246663617,1.3019995693140594,1.1301798841996877,0.8050973421316937,0.8411812073596037,0.8324808607926327,0.5960373758049746,0.840459566335791,1.1481332834981848,0.9974773740000029,0.8728875487163901,0.2351837799867947,0.7497935597096539,0.6233156045592446,0.6218905311239392,0.9197467782078069,0.6562462194596159,0.8197360404759696,0.04309990592972249,0.8819711561928368,0.7438776998172721,0.6688164391687991,0.9253505701173323,-0.0639051990542876,0.17928162788542268,0.2466529477890802,0.04832568720120636,0.27657606636352317,0.34867783843106565,0.667408139853656,0.19425937218196365,0.3382817644626706,0.8130697816072878,0.11875171362843465,-0.005790018938435977,-0.2610926820800927,0.0038647108337965326,0.16180444194002835,0.0727289705852871,0.2908877795215595,0.363288690063022,0.12490707241024766,0.4083483094893848,0.014641203734662005,-0.17292305625282334
ROI_017,0.2096882978895537,0.9506725263626749,0.8240639380019469,0.9672407318338294,0.6730442800191136,0.5148839697349569,0.2157860812115637,1.0545985261946538,0.7338099481625969,0.8897302815373342,0.7243997751497001,1.4669594723788808,1.1433951853631552,0.8980075346113989,0.8254547807744844,1.15170040022531,7.254328619247669,1.5572398202247517,1.0024570531563655,0.972223119154786,1.0587070078901355,1.1155329259705125,0.9543998716049639,1.3627609793127553,0.8802399982057361,1.1843934812041026,1.149902772809084,0.8557080700190448,0.9857907560827412,1.0271422085821493,0.20429283563935138,0.17318114911508176,0.3408015371831263,1.3193508872158262,1.038515007145452,0.0675898815516576,0.14386092919182678,-0.0037782525093829787,0.1920422622542268,-0.21023038664225424,0.037737960498200114,0.3645289239234471,0.26364613436652046,0.24001200919167964,0.3823424080417468,0.03715854292192137,-0.0018168203960521106,0.24973124245177672,0.021671138980383878,-0.22817764448491085,0.1419263362429214,0.6932646545068887,1.0350092027055067,0.7880867134456243,0.7499102978291969,0.5742841086746839,0.8377692783634679,0.6416291877508852,0.5708288878769509,0.8058906029726365,1.014439349259565,0.7773170490599035,0.8510273103838473,0.8639474855010103,0.978599516931654,0.9011074230748407,0.2189354830231227,0.9053795875721921,0.802533208649458,0.7054819442068252,1.0984592365450747,0.6857510979265842,0.9834298491196398,0.10606341819307728,1.1419563372152106,0.7980819329754963,0.8303632543374038,1.0548434627538863,-0.18615339658236657,-0.06278686139056805,0.2213754124550982,-0.07557438718974138,0.046629906361219095,0.4026026214157949,0.6783636888306366,-0.0377641862430893,0.20629711824041472,0.6097288964057356,0.1408373725656684,-0.24977730986548538,-0.27633960089082515,-0.14269570495798914,0.002923556254838281,-0.13565990762638322,0.0924733163446049,0.06451239239956787,-0.10692312818403102,0.37344531677770815,-0.10972090134340674,-0.32921569312843857
ROI_018,0.2524578266544721,1.0790504984558413,1.0431302621584293,1.0623162892550078,0.7290586455249973,0.565300126561966,0.2681155315191225,1.171894736256577,0.8702700929735566,1.072468238773792,0.8231385535667527,1.5764365656565436,1.102123473585339,1.102548251560791,0.9787242208749211,1.3080786406425697,1.5572398202247517,7.254328619247669,1.1387182673068477,1.122250285786708,1.1294959852962463,1.0380287892936606,1.057349027794286,1.3421709161079094,0.9647120479177244,1.2526908670010986,1.187078908975657,0.9285078820923385,1.0819493412242305,1.0246271746297613,0.22208243722500673,0.32429180793501744,0.3580000318061647,1.4943872618857605,1.0646772718797903,0.1609401772784679,0.2995100009331025,0.05486406617840717,0.17907571335925507,-0.16578426375849464,0.06547285113364762,0.39449526274838287,0.2888611313722874,0.2873791685057076,0.44664362191378504,0.05205442591047186,0.0009000252166159904,0.2937455197310964,0.03287620042501534,-0.16140529826726507,0.29338741529891177,0.8850025855214608,1.1057410178394487,0.8541771744551806,0.7809114078124009,0.6431488625046443,0.941693855454016,0.7483789925731934,0.7001811479822426,0.8892944440702993,1.0071629932444286,0.7257372165637366,0.8576338294471122,0.9472782633122264,1.2222373517898841,1.0727856033777872,0.32890260611420324,0.967359224944627,0.842437033165125,0.8862455530749158,1.3388828820378549,0.6986731462731903,1.0283858052637798,0.17565320153245395,1.1307355244890236,0.9226701429273082,0.9791447888186415,1.200379967732489,-0.1415722299038918,0.07014084058488491,0.2596409535914648,0.01084987177752441,0.12454504993607507,0.42699017224295943,0.728564915481123,0.011021031943682678,0.3582803236651435,0.6863718875053985,0.29314383577217007,-0.18219230684848065,-0.19126118868533762,-0.056780555231874745,0.06817901485895067,-0.05246421113134483,0.12015188441671808,0.11780634451233227,-0.0844335234531274,0.4441868614064714,-0.06334364401223429,-0.2292340920086926
ROI_019,0.2083374457681842,0.6660879369775459,0.7820730826802037,0.7215794912985714,0.409203576159768,0.4646720515029692,0.19004543403071084,0.8224614270326247,0.7656330867087405,0.8186541485597092,0.8094435079097971,0.9598092745509202,0.6693101615642117,1.1984187802546238,0.6833075956737985,0.8622449935307862,1.0024570531563655,1.1387182673068472,7.254328619247669,0.9253128816425624,0.9213378564289983,0.6447571290876516,0.8541844035073335,1.0586496118107376,0.7356688752652597,0.9995594560384651,1.0144907537948566,0.7638446404237943,0.8905298498247782,0.7514475481133116,0.09963077450019715,0.332570716322559,0.19823519240243978,0.9925486883587958,0.7053493221640659,0.2230841732612887,0.2696316653620438,0.013740092372172266,0.09510696096740406,-0.10435388737067192,0.053627237953347485,0.37326371287846327,0.2148397050009269,0.28122205322350424,0.3752655583512488,-0.030399745496367495,-0.02252453205683847,0.1925842727677495,0.03397548952130964,-0.19379133525265935,0.13890760362272728,0.7157131553537347,0.6876473356659244,0.554007680994567,0.5556751796471235,0.46421457404402844,0.6366506023932182,0.6050988700424057,0.5601237321770081,0.6427316287748642,0.6547683006308118,0.4189355688162361,0.5734134093021485,0.7177353181831216,0.7695376388982651,0.7381109055147271,0.24379807080572316,0.7100800095660533,0.6199168606048803,0.5886535906192395,0.8734435074636284,0.4873105486341969,0.7470618206601716,0.3294189627820744,0.7708843624185411,0.781747482901086,0.7040449240390997,0.9413730723560989,-0.2156669381847514,0.1513782342612019,0.07910529223379652,-0.09664069867251564,-0.0279320605232521,0.16326500241219424,0.6500102122104804,-0.09760726002439801,0.1881756833077565,0.569003999999946,0.31687255269850745,-0.07666254409063,-0.21604840309278464,-0.0023815938054753513,0.08331150002203341,0.007104256357316286,0.07472020597500993,0.1707685151186268,-0.14338708872623465,0.38151632113008005,-0.09781400963945217,-0.15543399491188042
ROI_020,0.09322945441581984,0.9104904690644665,0.8101781475409425,0.8128443592510225,0.5758895825783664,0.4702564418661533,0.3186088158469958,0.9028690314872702,0.8877841777204553,0.8806398617732075,0.908498445401671,1.0872616898584286,0.9990478125526846,0.968362099509636,0.9588721430427518,0.7863941367128472,0.9722231191547858,1.1222502857867076,0.9253128816425624,7.254328619247669,1.081343588325655,0.5645587540155692,0.9542702627654599,0.9850429427335611,0.7320639889100823,0.938622976809503,1.3496753775284052,0.831115226840239,1.1055603852474938,0.9424962203313965,0.10549884936242196,0.3163626946706854,0.31912991891804166,0.9067652177299295,0.5883737084935945,0.33389864148584114,0.3793003882785649,0.14367858715581963,0.17384207579141797,0.023783158206938153,0.1356051889124771,0.3077646748714955,0.14019563382670167,0.3284127338429058,0.4521994176170384,0.10530607440643945,0.019721080014777813,0.22270439771924427,0.05657451705828631,-0.038454409537715666,0.1509052915318039,0.6807850786377448,0.8861611625934285,0.6053550875317654,0.6120590055732937,0.47559391962100833,0.75987888578871,0.6624036190983796,0.6201624922179964,0.6780525068657942,0.8988201565488954,0.7053879701553758,0.7597866890926991,0.7810071465886516,1.0578630221485714,0.8660017396316372,0.47861030389135445,0.8915007203973483,0.8859399427152762,0.7300855272774422,1.2137297889930398,0.6115746614987273,0.853694705015256,0.4618173670202127,0.9679936159886184,0.8264145269829285,1.1258565715837021,1.1313501995462478,-0.08608232921054572,-0.014191496669241108,0.33687216353153,0.12150681223403484,0.18882594903984679,0.267693456875662,0.8492886627157619,0.08235689490019285,0.33744422980588523,0.7243999875264235,0.5720349031647325,0.0323660981878952,-0.07194639059640015,0.038898120553175035,0.3145181624082434,-0.02879367677693717,0.22301132941549986,0.22762000269131608,0.040367804868734196,0.5742879626834259,0.057140450294081484,-0.03202065223337754
ROI_021,0.06322213134467684,0.7067497085644598,0.6987606719852419,0.6651840370376964,0.4570817073887398,0.44852497543653186,0.20357347448572913,0.9832335664817242,0.7213511762196126,0.7838078561744619,0.7801578943558476,1.0993427000251212,0.9811019431046916,0.9424572073611961,0.8828434924667298,0.8610927415037826,1.058707007890135,1.129495985296246,0.9213378564289986,1.081343588325655,7.254328619247669,0.5879617046709834,0.6754634902713815,1.0256942978899726,0.7332504687240532,0.9130716922694252,1.2692593509833165,0.5916166026038552,1.1405349890664298,0.7085120008873658,0.0786779033493646,0.17781566430370047,0.42896592837207415,0.7813923424154519,0.7312304744282203,0.06122681153029713,0.09764553807018142,0.027977568523741763,0.16646908661201756,-0.01278337549278338,-0.014162593731589113,0.36188095358078093,0.13229089955348072,0.1747955047899367,0.2963253074476804,-0.03216736751110578,-0.03461302637256794,0.11895229282083696,-0.11681081651120462,-0.302641602809064,0.16278177033788752,0.4930472935094999,0.7103610377760887,0.47392487432299973,0.5384444678828428,0.48824199260644974,0.5340641773743808,0.452968818491559,0.4769590781365668,0.5898771826783443,0.7539975221068257,0.6695798911621811,0.6377378076273122,0.6185537805142878,0.9401905336878134,0.8380273689803956,0.05917991766630126,0.6192627883228071,0.6182193820399419,0.36842865816706477,1.4361169849086866,0.36946810718958206,0.590034898492751,0.177049172972462,0.8230564157176976,0.6436984198146042,0.6755042375198653,0.8502510353971948,-0.29166488852953104,-0.09061840331065014,0.05222570139348059,-0.21998492440344405,-0.04202114979874321,0.12174711861573513,0.6091036065527767,-0.16498297479223645,0.11757132808309911,0.5358374542538856,0.22073459922385724,-0.2735973233969152,-0.18820205298570836,-0.13231200278248575,0.06065865689250858,-0.1568863689731258,0.03355004113152271,0.0689467081448879,-0.18209696899877956,0.19964390276027466,-0.20235255986919948,-0.28432753991433907
ROI_022,0.3698579663610808,0.7561518029400429,0.7364757879239839,0.8501849123549556,0.7896654664140529,0.7254893310211007,0.45248054708020136,0.8699409157675411,0.5658004127276083,0.7394321497090729,0.6617420219317636,0.9984105621269922,0.7588571568909896,0.7278509646053052,0.7396189012179831,1.0208648324583212,1.1155329259705125,1.0380287892936606,0.6447571290876517,0.5645587540155693,0.5879617046709834,7.254328619247669,0.9817979400737408,1.0426067332297695,0.8665535219083852,1.1151967817337063,0.7908624544102464,0.9161381231786163,0.591911864451899,1.0284992006756284,0.35232442632170113,0.37508093576068724,0.3722170930361955,1.0017724803910855,1.4277327374040099,-0.006508258136023419,0.15620525624006293,0.27722856195155265,0.5500607466673519,0.005774961992813924,0.29025504135035746,0.5997920749686435,0.7217654733826347,0.40206609451391784,0.5426681667732672,0.30760131275877883,0.3129584857239481,0.5995456426263578,0.3100865848435011,0.06235269554059224,0.24377057982042866,0.6515950225167089,0.7121382517621715,0.7784506510216551,0.8276812701878172,0.5540618540725378,0.7413133210263549,0.601726901416159,0.3973861040629251,0.5336878343330741,0.5607418007566981,0.4383691245711346,0.5740871672529348,0.6945989623353737,0.6881679624208676,0.8337108178866934,0.27053987676738095,0.535681302450156,0.4580826477290141,0.6283555072604727,0.6384664844204458,0.5177243971061217,0.6945427669444946,-0.16176521977676864,0.5740148184784388,0.47906669363719445,0.5159003582572271,0.687067744776882,-0.13749457382079794,0.08495825007597643,0.11533693852730786,-0.013070872931215588,0.000242482158238939,0.3621225868084948,0.24591360134067733,0.07266440173419719,0.2336592800976203,0.5262670211234015,-0.06945696454662455,-0.23620446566496178,-0.21764237439857698,-0.1337464237159845,-0.1395182152535861,-0.14662333150825632,0.04031224129614046,0.03454527900983144,0.012344754749150196,0.2829179664017216,0.09068505122039117,-0.16200718439323675
ROI_023,0.35172647705273913,0.7958894813788971,0.9141542457925762,0.6870739661257811,0.5608515449836157,0.5056577174311615,0.46622364282902756,0.7081452661732262,0.5765455169290377,0.7969969234784938,0.9915956075374204,1.0176747160912831,0.9227565014608512,1.2776277391879192,1.035783012936119,0.780125761126089,0.9543998716049641,1.0573490277942863,0.8541844035073336,0.9542702627654601,0.6754634902713815,0.981797940073741,7.254328619247669,1.1085526418082154,0.9148250519631645,1.1500240972140274,1.0161997582274678,1.0233610993584514,0.7087947533918462,1.112045559679611,0.16123107896668587,0.5369019099569464,0.24680047095912655,0.9911751590215038,0.9815908910970991,0.34050464178492984,0.475408366034081,0.37780647668717154,0.3448164439896362,0.11334535414261673,0.3230492932141467,0.4522078415605596,0.5425536873964816,0.3970162098778309,0.5799998629458095,0.2982726944659388,0.31636422087337407,0.5867029069082945,0.31038425882836057,0.18598354691407534,0.26757203767087406,0.659053600677718,0.7339198285727623,0.5675699801995159,0.5941152691701528,0.3865626548973393,0.5948700609317217,0.5203454183014494,0.4976035634556522,0.605569789813448,0.697890287551329,0.5436129879320968,0.6235725457177534,0.6800272701783902,0.8971203340048948,1.0435090728972425,0.6254362992521874,0.7531503256333859,0.6107680546056373,0.9176616457502393,0.7803282238872132,0.5570416850629867,0.879369272351157,0.2728236879853193,0.6703831742652633,0.7314693035981372,0.9205041431253141,1.043859766073451,-0.004108168059209527,0.28976443778913824,0.3509077575432462,0.1851196940616383,0.1801468021893799,0.4062501819603982,0.49811339094283374,0.19076594282632398,0.4777138912696533,0.7954688671169735,0.4146433966890168,0.06424049429233926,-0.03941725067080396,0.022265057989593467,0.15897197089716128,0.05055699664347639,0.24732690242316338,0.1458772211018048,0.1419921099047866,0.6779974873803774,0.19150384055971617,0.14156665178963368
ROI_024,0.3097064722256709,1.0976929059072307,1.1097512467827984,1.0005548350420685,0.8209385857116134,0.67068794775093,0.47598140403012906,1.2635216011907402,0.8331296204232136,1.068275167022185,1.2109827835619014,1.3510427820384774,1.205585096428212,1.2498443438037712,1.0685092599021748,1.2401381931062185,1.3627609793127553,1.3421709161079094,1.0586496118107376,0.9850429427335611,1.0256942978899724,1.0426067332297695,1.1085526418082154,7.254328619247669,1.0771714913043116,1.1673003227751657,1.3177600703709513,0.986352031505521,0.9746513560171407,1.012034840558907,0.3212615545211508,0.4960735614315751,0.38512628911876595,1.1051861270556997,1.147207295982824,0.20382299302626908,0.3909218307037015,0.2081684241210716,0.3892251663799165,0.045665670893616735,0.3448937550378296,0.6276667876909132,0.5635391310530944,0.46038686195708284,0.6517644881874475,0.32329426016668855,0.28242106160895947,0.4954109612879065,0.14555568806461755,0.043753111904068824,0.2819771953124578,0.8580888213032939,0.8972784536513096,0.8185895586356831,0.9471569460353791,0.6964921595696388,0.8610174848037053,0.7971215048878587,0.7095028194190434,0.8064926593594743,0.8570672768879225,0.7840397049779655,0.8208299561343786,0.9671162832922706,0.9940493866723614,1.1130650409350864,0.32899285439183507,0.7646892219536154,0.587765103128044,0.6502019472696885,0.9602074909593148,0.5882835956584727,0.7749690988439468,0.1946447968382752,0.9488521296226274,0.7204154353005205,0.7677706785314511,1.0158499638636032,-0.0778927695867278,0.19569853158612416,0.22556925602661707,-0.030249083535818948,0.12899123060405177,0.33152674766002016,0.6118591636127866,0.055618055030806635,0.3736074783585454,0.8001841764307437,0.24237431673453746,-0.04307335423898319,-0.16747045118742038,0.027710771155469216,0.1664362179460911,0.03770762245516951,0.2329100226830585,0.2297263485849365,0.11564354886874624,0.35551797169555976,0.03655519251799595,-0.0821631243947541
ROI_025,0.3264107250442333,0.8601969779026776,0.9535661553455669,0.8012150738268445,0.6673562587023629,0.60632376385388,0.4959422750820733,0.9453761148049088,0.7162781527210439,1.1918639518250362,0.9769647118816367,1.0362655600866133,0.9011091509245313,0.9454744719936635,1.154733764187323,0.9628004724204763,0.8802399982057361,0.9647120479177244,0.7356688752652597,0.7320639889100823,0.7332504687240532,0.8665535219083852,0.9148250519631648,1.0771714913043116,7.254328619247669,1.0266004846986088,1.0146954195477558,1.1802683336331201,0.8745375875439325,0.9102105173124857,0.5182405659103686,0.6070021787188608,0.3975353908877449,0.8702689978383001,0.9244559290172205,0.3710979053535659,0.5505357610971802,0.35690873708298443,0.4129838437537749,0.08433195070496258,0.334238561464796,0.6433872577261981,0.5706609562505673,0.5769036759839966,0.6783354032010707,0.4004697236081174,0.28565409271496234,0.4945916849180304,0.32724696512940693,0.16436270890972998,0.38560776804699765,0.7442551630626565,0.6753720191570903,0.6028490601969435,0.7868302383140818,0.5555114530214257,0.6916858141633947,0.6523954264470729,0.6550479510834814,0.6786138459587299,0.6837593076952765,0.5830155737998962,0.6830932794929411,0.6919665135020865,0.8671091910655159,1.0110717643785925,0.4410934122117311,0.6040363294229492,0.4937494964903313,0.5376329735247983,0.7237363097869689,0.694867316693696,0.6800962488099733,0.21556116755601085,0.7099833110072515,0.6798350413437724,0.8739647411184488,0.9473760029964143,0.01615187912020063,0.20841081787490684,0.4209991471758686,0.17307940274883696,0.24293264798803432,0.48120245897392155,0.5950539501990192,0.22211242754315794,0.549204273956211,1.0250837507328838,0.35836629960821054,0.11185262728531473,-0.026892087573447864,0.23803644311643518,0.28724311887528775,0.050617460517853374,0.32847898088666555,0.41326060051443797,0.3052393872544252,0.4641146964718294,0.2028907826478815,0.10368549246127486
ROI_026,0.19355502915523096,0.8281248530935379,0.7576151453738036,0.869499343985779,0.7011669922376241,0.58522619774956,0.43818318897377834,0.9720065796334133,0.7581739656304495,1.1115317173572052,1.0358072803915919,1.5264246942167756,0.9985605586343572,1.135193589836332,1.0299452322916742,0.9265326443427384,1.184393481204103,1.2526908670010983,0.9995594560384651,0.9386229768095032,0.9130716922694252,1.1151967817337063,1.1500240972140274,1.1673003227751655,1.0266004846986088,7.254328619247669,1.1969655562306178,0.943598222006982,0.8591224859786556,1.1822745907628427,0.2324951833717143,0.4102501540154355,0.2630939259579452,0.9011513506545136,0.9497781224039081,0.17783185615170827,0.26300927422923875,0.22773560253527328,0.3480961488317422,0.02794216413660242,0.177893082710102,0.591715012289073,0.48166741148376374,0.43758242725275515,0.5112999051919818,0.1858548596963156,0.14056654267438262,0.4111191726363335,0.2344547947018321,0.014153207610332109,0.17731039703509935,0.653216592709939,0.7806830958281524,0.6772580327956148,0.7318850060503818,0.5079141080202838,0.7099715049464831,0.6200665390552035,0.5601325521887792,0.6389350277416348,0.7717739673851619,0.5806829632330098,0.6597022628627506,0.7269702172408364,0.9297536331901977,1.1456944551535533,0.31776403944386583,0.6994644867125127,0.5747347257903264,0.6217893039659783,0.9740150674555311,0.6359009550685665,0.7463285244432886,0.15462925332778338,0.7958337491959298,0.7244810960000869,0.8128787182108336,1.1613955646052296,-0.28246149557281836,0.004674162573652086,0.1712714333694141,-0.050827978577925655,-0.03849693605663933,0.3601761306189221,0.5085394255890342,0.01397031540658115,0.2730516044742806,0.715927184050317,0.22557478217228416,-0.13508904192273724,-0.20797020446175116,-0.13789327897469922,0.10244454565667979,-0.17163442335610438,0.11667472906160643,0.1513600183082773,0.004262278133763951,0.35546393180327196,0.044551671939161645,-0.032071225655324394
ROI_027,0.1827638947539149,0.994884286000997,0.8743915213409591,0.9248470630532446,0.7336533633911809,0.7294335965486171,0.5029820781881269,1.1802771627150144,0.9637215682825245,0.9931546052315484,1.154533868321579,1.222393919154706,1.1399229411045426,1.190911449299195,1.1922725202501794,1.026018724065533,1.149902772809084,1.1870789089756568,1.0144907537948566,1.3496753775284056,1.2692593509833165,0.7908624544102464,1.0161997582274682,1.3177600703709513,1.0146954195477558,1.1969655562306178,7.254328619247669,1.060026697631263,1.2076795817736377,1.1982567336271335,0.2840027005938184,0.3801274004970355,0.4144599095677933,0.883899803948338,0.8393822447293701,0.2911018484165181,0.3334196374249727,0.2762559240065159,0.41374599143450214,0.13450060292604646,0.2802567736441468,0.603993558414472,0.3776064802982212,0.5203831301593258,0.6319282948882656,0.3022537452593016,0.19230161801567386,0.4050166003932928,0.22745038529466635,0.02737138515060567,0.18319494237396575,0.7537865392631167,0.8445336240321462,0.707084707339306,0.8314687824893817,0.633102363770992,0.794833565750647,0.743764837594774,0.6400674813268944,0.7590940640839207,0.8593222520842725,0.71725041050452,0.7650585972458456,0.8342783175729721,0.9813535944178052,1.0497008397030845,0.3142286851453123,0.7732913290228038,0.6398042113471969,0.5405642957047846,1.1332986798585891,0.5904875580812468,0.8003483613106558,0.2798111410902487,0.9062185797062372,0.7462350261101707,0.8704444750896497,1.1090963687096609,-0.14196165569974417,0.01273634140961775,0.19156800715563443,-0.05089000464442812,0.09835774054331975,0.16944507952538782,0.7191136258907186,0.0233516953800319,0.25114165477712813,0.8588001357413848,0.3085282309825297,-0.01219141833191658,-0.12886571102890526,0.05015226033800854,0.2593899099501981,-0.0896278092558197,0.2126060959367032,0.28347881183803825,0.11233357375374582,0.4492257670288175,0.06551202480870819,-0.019756075910795052
ROI_028,0.26004258687086335,1.005090945231474,0.9316977242784142,0.9664103542209279,0.8114728073908845,0.7087180902092483,0.4935293111267513,0.9099329834288256,0.8274961496802877,1.0103308209020048,0.8695795817275752,0.9309786431606982,0.8252476181894165,0.9466627594506202,1.0677071357502965,1.0433008910193264,0.8557080700190448,0.9285078820923385,0.7638446404237943,0.8311152268402392,0.5916166026038552,0.9161381231786163,1.0233610993584517,0.9863520315055212,1.1802683336331201,0.943598222006982,1.0600266976312631,7.254328619247669,0.8157849658717511,1.2922858155979564,0.4559431773790643,0.4779271633966105,0.32877297167575475,0.9750215524699367,0.8200348043610279,0.43215888096706895,0.5822791390898463,0.3544468304592465,0.49775016385893345,0.033880840340099645,0.41138309708658194,0.6235745398512704,0.5636516731392346,0.7533088931497228,0.7384296741887021,0.5038847115804815,0.30080123801188285,0.5273996018259403,0.41592793252026805,0.21041006013051344,0.3804289002547733,0.957816081083707,0.8920204030148103,0.8125937028819716,0.8549175546710267,0.5831532768332677,0.8917266109760176,0.7936396772840463,0.7956672018883473,0.8587089774930323,0.7961294203012758,0.5875634070791046,0.8417919021408783,1.0075750675386639,0.8958144487146348,0.9299400767312915,0.5618568558708875,0.7998045186981911,0.673747595373196,0.7151380849140936,0.7042629513451724,0.8347799498803622,0.9735162008397834,0.2916372395044666,0.7718732132826657,0.8376645115662585,0.9155631347669604,1.0761668586546986,0.14955730647302873,0.24169876588200162,0.5039607249921283,0.29985410589879347,0.4109354125644775,0.4291323637476205,0.7466387516839924,0.4291090736728974,0.48255261821158724,1.086588412621213,0.3296918676580257,0.23118530265890203,0.031387910700531235,0.2612294526219404,0.4348783053259008,0.23550140478202988,0.5122733127095469,0.5012756675697733,0.3506641402708544,0.8075555385045494,0.2265876858665953,0.09293936391744959
ROI_029,0.09732051291013595,0.9327295922016386,0.88812592732175,0.8780284159333134,0.6182276956289894,0.46601978885443557,0.26926712540413605,1.109628644442277,0.9268729137988564,0.959445585539921,0.8767538125800532,1.0723214464973958,0.9451331773821171,0.8725963060879437,0.8555394682363303,0.9200671847110797,0.9857907560827412,1.0819493412242305,0.8905298498247785,1.1055603852474938,1.1405349890664296,0.591911864451899,0.7087947533918462,0.9746513560171404,0.8745375875439325,0.8591224859786556,1.2076795817736377,0.8157849658717511,7.254328619247669,0.7879108430414571,0.22497544759530697,0.2632364369845739,0.40103290117212514,0.8970763336082256,0.6472416724840252,0.2755928358692525,0.3112879325951279,0.10707492831033132,0.18631607442139328,-0.07595905618780373,0.1137038837509473,0.4380465441115442,0.1652508078919982,0.3732647878393477,0.42306139609976906,0.10876614021314632,0.019363888398225716,0.19052431317784507,0.04831896480894624,-0.10567811343227775,0.1797029384105171,0.721505285502735,0.8419104455650588,0.663772381790669,0.7370258486767831,0.5744617166936481,0.8001403411074873,0.6306562208668874,0.6679072366320324,0.7155348391114512,0.8308883611858295,0.6961581668731877,0.7456767457400375,0.7575606856522028,0.8725966168842759,0.7921857583113638,0.2071857923395166,0.7430215247622926,0.7303685109396488,0.5287029818717004,1.0563005998996835,0.6039371335366124,0.7737665659487342,0.25578158793779315,0.9257975241881778,0.7238788133581041,0.8526158798564459,1.0355817163842842,-0.12380506477267704,-0.02151593830787873,0.2461852673367759,0.004733052825031657,0.1471880540484182,0.20875824618328082,0.7927314994219536,0.03990537391476806,0.30588625318993307,0.7891144403383181,0.36833252175167747,-0.025400071917954518,-0.19602005485659615,0.034091074757310366,0.22003990601879128,-0.06319397188483027,0.1886294778933573,0.2264134702385969,0.020507762185634403,0.4159398316772526,-0.08003335826754313,-0.09678234988776008
ROI_030,0.22887683999748826,1.1192747101155633,0.8222988976162828,1.0287664028854968,0.8804481156724037,0.6891359118720183,0.5088253839304944,0.977516111291381,0.8364195668516058,0.9449828313911712,0.8394899243593403,1.1028174586014685,1.0269498508600108,0.9508777245462744,1.2821626555299075,1.0005641258111333,1.0271422085821493,1.024627174629761,0.7514475481133116,0.9424962203313965,0.7085120008873658,1.0284992006756284,1.1120455596796113,1.0120348405589075,0.9102105173124859,1.182274590762843,1.198256733627133,1.2922858155979569,0.7879108430414571,7.254328619247669,0.3399116923425398,0.33692628905987476,0.35543583031816517,0.8741770325007611,0.8200672757327282,0.21548035312010727,0.3850881782403725,0.3879630111602287,0.5333415602514999,0.0360660681432305,0.323076064211751,0.5738748085117346,0.5396366933301392,0.6461294933971129,0.6198937460600401,0.4297084747363314,0.2099953865293946,0.46157380364469197,0.36042229127182196,0.129806677019838,0.2484591452600774,0.8847581702919344,1.0616510147977616,0.8947205011503594,0.8060316113816702,0.5879648270852091,0.9519691698229241,0.763699795169795,0.71574232934414,0.8419449278495907,0.8954049545113668,0.6850184440742364,0.9307591299708203,1.0025067221323605,1.0114056320541989,1.2101445377591449,0.42693588063337895,0.8459994835347036,0.6659593896347556,0.7059432879182932,0.8552204200632896,0.8019948181640904,1.0300513991190714,0.23071878501295048,0.8006851439621445,0.7971918133891631,0.8646539853997756,1.2203460407921343,0.06075149905009264,0.07165877361306405,0.3298902425175237,0.07972812089852095,0.2547890907599707,0.32075658776584165,0.631057342349777,0.24343575458198635,0.285289139255404,0.7604936961091001,0.15715400058610668,0.04684916660357797,-0.0111057909104595,0.07090917739620377,0.3314725491531976,0.06639808805851398,0.3414279171681454,0.2817882882491791,0.20483905431405763,0.5907158845119028,0.1475212020560143,-0.014820854835841751
ROI_031,0.34634110236996046,0.48802590642804883,0.3804277651302378,0.5555505849309452,0.6602690575017,0.812842412519394,0.8142197426799029,0.5029153799871798,0.6421497788777153,0.45130393480664466,0.26848879052638425,0.2656278673367795,0.11169188974812046,0.22599692480037395,0.3805969080881615,0.5657921668719796,0.20429283563935138,0.22208243722500673,0.09963077450019718,0.10549884936242196,0.0786779033493646,0.35232442632170125,0.16123107896668587,0.32126155452115085,0.5182405659103686,0.2324951833717143,0.2840027005938183,0.4559431773790643,0.224975447595307,0.3399116923425398,7.254328619247669,0.4394802673121415,0.6881083353528218,0.2882149919846162,0.3362667008075105,0.42195408971898685,0.49107909676006883,0.31090398962816485,0.6469280732692617,0.30482705121600634,0.7449345854551804,0.8935717902838488,0.660915155513627,0.9923759654143735,1.0478102130453553,0.8514175170243709,0.5646531904464754,0.6904983089483361,0.687411481084339,0.5404119669237856,0.4546381581453356,0.5733564137452898,0.20117483621865614,0.5387897162194738,0.7604822075704218,0.7178529829774976,0.5466158053032304,0.782269680357924,0.2023868738982438,0.1924743079331631,0.06765883186163041,-0.0029737651332359294,0.11693792520076186,0.3244667583767473,0.16199979326426245,0.27000692713288094,0.21872918224073737,-0.02853035473924403,-0.08453429959775097,-0.03528612533335754,0.033354900808995336,0.25867272277374564,0.10500835966841765,-0.13092438311238744,0.06927657766827028,0.018936864591876,0.10486881042094943,0.14504059342931233,0.1227152880420933,0.02417225402791677,0.2918700414252163,0.30457096568817743,0.4121273872182887,0.2898153088875742,0.1558756193181009,0.5071418879457662,0.3254487385594953,0.6945252617252033,0.061722450388276465,0.5306047087797713,0.009893008596464112,0.21333624256490594,0.2818604361416824,0.2124846846676428,0.4882722513913098,0.8458712202842747,0.8202819264646208,0.2022520706924145,0.5506316734709034,0.31319121752912893
ROI_032,0.5736305965718381,0.3861817809415121,0.6233396272113542,0.3690764022199004,0.4215650838289039,0.49210441266949767,0.7787477124405375,0.41872997151647584,0.4280037559652204,0.548226347929657,0.6572087315272939,0.31892240937744537,0.20779550101830566,0.5777214016891371,0.5333402297926817,0.45650152402562905,0.17318114911508176,0.32429180793501744,0.332570716322559,0.3163626946706854,0.1778156643037005,0.37508093576068724,0.5369019099569464,0.49607356143157505,0.6070021787188605,0.4102501540154355,0.38012740049703553,0.47792716339661045,0.2632364369845739,0.33692628905987476,0.4394802673121415,7.254328619247669,0.3314407155415187,0.2957037595995613,0.4497321308295606,0.43213981871353613,0.707445968146549,0.5499668524589328,0.5144035215733306,0.508409091645921,0.7804341858968615,0.6372718784628869,0.8674062156886357,0.6851243600316865,0.8770804971186779,0.7190027317805769,0.7218649267549428,0.8871699788944003,0.5151947739404639,0.6765785443563241,0.5010185012827099,0.522690317080168,0.14846513659472904,0.35908279809352334,0.5376929843833861,0.5041593709398332,0.323901269166111,0.47359714554079646,0.35861483344734196,0.15562299346257089,0.06172058142441395,0.06993261454023976,0.13997005604724017,0.31508255717849526,0.30310182730189383,0.42832017690559615,0.4925432178654037,0.15722945942828184,-0.0023856067193679326,0.29266266153142284,0.13629833739041364,0.14317470850173353,0.15300846221595074,0.1332318557253421,0.06597418247215953,0.214537332155609,0.24830044414515148,0.29158225695290363,0.07380509533811362,0.6649030193798136,0.17566259866187756,0.24117276699310178,0.22835513567025814,0.15354064254602126,0.08005288000459677,0.329790387382367,0.5369772884714578,0.5825131877614015,0.3181592595033721,0.44240674173053995,0.01349323783782309,0.2559059319723679,0.2220342809567729,0.2662954915386142,0.38127096080726336,0.41943106786002055,0.48438935950806167,0.26377365961190957,0.5531906163856034,0.516158881641815
ROI_033,0.3113971805816642,0.4634406399245513,0.35460152235180914,0.4626661388161977,0.4871627277000039,0.7554835904950171,0.6314971997084129,0.6525702815111946,0.6348893529026153,0.4220588996297855,0.3081230436065935,0.3738471898257922,0.2539701900506338,0.3568685184406782,0.4723184101790428,0.5706912566860766,0.3408015371831263,0.3580000318061647,0.19823519240243978,0.31912991891804166,0.42896592837207415,0.3722170930361955,0.24680047095912652,0.385126289118766,0.39753539088774487,0.2630939259579452,0.4144599095677933,0.32877297167575475,0.40103290117212514,0.35543583031816517,0.6881083353528218,0.3314407155415187,7.254328619247669,0.32485664900398414,0.36877288111244316,0.18151405191258987,0.21481534640797673,0.22954111166119645,0.6924839832615827,0.3693731968754432,0.5347114129556145,0.6655683633321241,0.4834981889520464,0.5664249736447845,0.6675384289743709,0.5019974984973332,0.44546708945523905,0.48798320161368636,0.4064808789310685,0.2040504183944743,0.324819344729309,0.4206756953236535,0.206320991088444,0.37380066853494365,0.5325179478552156,0.6637713812956239,0.39692662549692076,0.5253347048125486,0.05941697644519851,0.11646425838620814,0.05818061006531051,0.03166004687667107,0.10131080524069076,0.24429000372920903,0.2582499090099925,0.3391133652149408,0.04602731825925645,0.0038019067267452246,-0.002326773475376663,-0.04376800137256139,0.2655548797486104,0.020494385024187847,0.12028532164204435,-0.1975960325746445,0.060363681489967375,0.009068909121256234,0.08196257732230043,0.15895699016938664,-0.1457597175680257,-0.08464810290377241,0.12047557624581239,0.08877185982132993,0.15867593518114617,0.13311423268969347,0.0956888457446355,0.27365813490774,0.2291067013184441,0.5139782372243785,0.007660273176682462,0.22408791214586266,-0.08181029476095589,-0.10890376335451224,0.07175263981078961,0.023176850700922725,0.2979195736872629,0.38076947221371765,0.3363933233944466,0.11016265935179352,0.21039974113612753,0.019550434035479798
ROI_034,0.23010594847937116,0.9834516542420239,1.0251209704819022,0.9978375288346079,0.6670122357476498,0.5454833307884945,0.19795792757400632,0.8749707507133392,0.773198536765364,0.8173142956145127,0.5951331097992067,1.0694193361205153,0.8275816610261539,0.8607395880750484,0.6847764314025722,1.2050031150514011,1.3193508872158257,1.4943872618857599,0.9925486883587958,0.9067652177299292,0.781392342415452,1.001772480391085,0.9911751590215038,1.1051861270556997,0.8702689978383004,0.9011513506545136,0.883899803948338,0.9750215524699367,0.8970763336082256,0.8741770325007608,0.2882149919846162,0.2957037595995613,0.32485664900398414,7.254328619247669,0.9852984636255828,0.2630773935110757,0.36225980860425117,0.05342749935101083,0.14228467008199794,-0.21143564183105149,0.12018348727525735,0.32183066453321657,0.28046025526789015,0.2927028500326106,0.44823802402520835,0.0745486902880505,0.06272781236198757,0.3326133451324951,0.10423056308579713,-0.09124595334106611,0.32662652173385504,0.8715806281588939,1.0090095314120562,0.8651083295526621,0.7621373640207203,0.5939259277890288,0.9228832658046195,0.7293597548927224,0.6386331486512241,0.824187366953567,0.8888254060054205,0.5917767033184631,0.821027720963833,0.8842253154196833,0.9777003131716977,0.7351215677896659,0.44748639949656827,0.9499328172497059,0.9486343333327852,0.9885838741916343,0.9490358792463157,0.7307278660741117,1.0577291837695884,0.17876246024091777,0.9989503472620624,0.8871068648809703,0.9127368991519605,0.9823406279731722,-0.02787888363039815,0.152485820070346,0.3834853297168835,0.19957106407431335,0.25309120253614237,0.47646430095871634,0.7210458746318438,0.1580485570262353,0.3680794614737033,0.6914305903391369,0.3463742746680478,-0.0498851179626461,-0.1753558419491939,0.03800203380554754,0.05067601368582004,0.06505446387875356,0.18417377014046885,0.18093170949373222,-0.015330376778326025,0.6153086920395308,0.042190394851591824,-0.16400779474840033
ROI_035,0.4528671284176035,0.7023748884550742,0.8383892938217157,0.7003996341400762,0.5989426111208485,0.7003262965827988,0.44781770118139036,0.8865624945943015,0.5466021051550581,0.7149434316242603,0.7563952981879222,0.9029678044870293,0.7667535493110575,0.867577727388758,0.8089200960898585,0.9912284392986404,1.0385150071454523,1.0646772718797903,0.7053493221640659,0.5883737084935945,0.7312304744282203,1.4277327374040099,0.9815908910970991,1.147207295982824,0.9244559290172205,0.9497781224039081,0.8393822447293701,0.8200348043610279,0.6472416724840252,0.8200672757327279,0.3362667008075104,0.4497321308295606,0.36877288111244316,0.9852984636255825,7.254328619247669,0.00931337631449481,0.19329484403014022,0.2691820297879884,0.5153027906554003,0.0884357792418388,0.3141523354209766,0.5522572582965718,0.694048183362757,0.3160223825701964,0.570733997994046,0.2649299556669322,0.38466630378828853,0.5912175562525395,0.19118787733683862,0.007488975135305122,0.2918045563114397,0.6078263320957529,0.577237786963344,0.597144581901335,0.7363076297399159,0.5919427850233643,0.5879694327762209,0.5362469359629455,0.3971084762956217,0.48214337421553594,0.5340050547145138,0.4473094253916086,0.5142843208708546,0.6394330703278185,0.6941286193694216,0.883716528617478,0.2056337426627304,0.4672642912879933,0.3869548186195712,0.506328540949928,0.7276085088647534,0.3801769359723296,0.5949232782442906,-0.06533423799073794,0.551190543790554,0.4537632563562636,0.49606155659071927,0.6334133764114062,-0.0897675517736304,0.15511191487564718,0.09206966941429542,-0.06079111045832366,0.02789722785531279,0.2939211949706174,0.2898291586026538,0.02413287128403425,0.2346017182248512,0.5461720302847124,0.014418821405679782,-0.22994249528337182,-0.20894805259368396,-0.03855138735403212,-0.12052234355317919,-0.11805359352098106,0.0269365095293439,0.02611975914083876,0.009255301407995678,0.24618509224045873,-6.386960502100342e-05,-0.18056703660530776
ROI_036,0.22475748480635263,0.31354227127610546,0.2589033004693813,0.2662270369386105,0.28761240993198667,0.36802420627588345,0.4781338669741651,0.19248783572453515,0.5213860793507891,0.3851341443274427,0.34737765858444003,0.1542460423091507,0.10854166007892184,0.3362676130697784,0.2857977736182846,0.16881366930301592,0.0675898815516576,0.16094017727846788,0.2230841732612887,0.33389864148584114,0.06122681153029713,-0.006508258136023419,0.34050464178492984,0.20382299302626908,0.3710979053535659,0.17783185615170827,0.29110184841651815,0.43215888096706895,0.27559283586925243,0.21548035312010727,0.42195408971898685,0.43213981871353613,0.18151405191258987,0.2630773935110757,0.00931337631449481,7.254328619247669,0.8590803393960974,0.33101074236783545,0.1340830517480249,0.2883420132747322,0.4260909265776589,0.3547741422227545,0.1629221904796034,0.56077489950708,0.551386662568632,0.4221979694629842,0.2992067613550349,0.4007690435925799,0.5447790110085402,0.6701631897948567,0.47376587774129214,0.33302950048319574,0.14630085113222951,0.1537160586164405,0.31580697980468336,0.30334518860758136,0.2745621232692616,0.46703366537011903,0.21159272082764125,0.1717840295146752,0.12238187514916096,-0.0009313955823056471,0.05949595427323519,0.14588377451584006,0.18945289846246657,0.17407437197998143,0.7396990786644598,0.1834191514172481,0.2478345274309994,0.3082964767084605,0.060808385812876176,0.2818658219260699,0.2803823132765109,0.4425825391787822,0.14462629995450751,0.24119164394676826,0.409120881114374,0.32773347691182153,0.16819366088968912,0.19164988066640753,0.607676984572324,0.7552821482001706,0.5022866255560001,0.36566679263568985,0.384532618789756,0.5743686029724193,0.6501302341232765,0.7616334618401651,1.059925666512774,0.9120578203143358,0.19925214575418146,0.29528319009739873,0.5563835773686603,0.312949615650457,0.5977872229645365,0.7893498287305343,0.7711002003759783,0.7057111409077452,0.7707246486752375,0.8809450934480032
ROI_037,0.3092823998224192,0.5708713784198777,0.5609169323044089,0.5112164325659528,0.5552475274768128,0.37350551681246086,0.5363323095537467,0.3822807031550351,0.5868027985233056,0.6202496344484628,0.46002295800563503,0.31096080924869207,0.26147230157981144,0.4791504817965088,0.5462624902994268,0.4021984670037947,0.14386092919182678,0.2995100009331025,0.2696316653620438,0.37930038827856494,0.09764553807018142,0.15620525624006293,0.4754083660340811,0.3909218307037015,0.5505357610971802,0.26300927422923875,0.33341963742497277,0.5822791390898463,0.3112879325951279,0.3850881782403725,0.4910790967600687,0.7074459681465489,0.21481534640797673,0.36225980860425117,0.19329484403014022,0.8590803393960974,7.254328619247669,0.3639131837642688,0.22601566718158808,0.16479099478421008,0.5037938482500711,0.4293725969945133,0.39803374026950916,0.798639350292346,0.6983216836956446,0.6326469641637427,0.3585346805600152,0.503884549555593,0.4235566151477738,0.6772541585856746,0.6468712983206731,0.6626172842910113,0.3975167957669548,0.44183159860671295,0.49360266593014707,0.4066135250027569,0.5167065499391573,0.6312658089099137,0.6132178197368732,0.4067072686778794,0.325514444236521,0.21712498231822266,0.3551009278134476,0.49493539078398635,0.4540620301761783,0.43521637008843533,0.8546253891309612,0.3712710019216656,0.29278004292594256,0.4577852792952507,0.18394291411922203,0.4817350405652753,0.395187666651808,0.5099839937561171,0.3122831180232101,0.44834458473207045,0.5211427737919664,0.49884228313562123,0.3479820172806018,0.5344907175861151,0.6532955566665763,0.6672770442213727,0.6566852957670554,0.49424740483674867,0.4910212550838104,0.6802664733227065,0.924167209986634,0.8002419896024955,0.7414003372217515,0.7591410180715472,0.2604045640109665,0.4627605295519107,0.7050572666104801,0.5377524321409053,0.7598450831632243,0.7912136575940992,0.7836327867854516,0.6589297686295228,0.574378092094183,0.6888395384874298
ROI_038,0.5139812307419419,0.15286657368181458,0.2445914275884156,0.08846651549789546,0.3159611599231749,0.4762295905927526,0.7468716019929966,0.17035376264793492,0.1656846289106717,0.20136937371684596,0.39548528558503215,0.058274905623825334,0.15708399566172168,0.25879866731651924,0.4442539943776063,0.08825186613203796,-0.0037782525093829782,0.054864066178407174,0.013740092372172268,0.14367858715581963,0.027977568523741767,0.27722856195155265,0.37780647668717154,0.2081684241210716,0.35690873708298443,0.22773560253527328,0.2762559240065159,0.3544468304592466,0.1070749283103313,0.3879630111602287,0.3109039896281649,0.549966852458933,0.22954111166119637,0.05342749935101083,0.2691820297879884,0.33101074236783545,0.36391318376426884,7.254328619247669,0.7257585542048179,0.7573376404093831,0.607703892918938,0.44079525668339603,0.6113367748643939,0.524966152669757,0.48535835731507837,0.7487826417535095,0.4984063956831405,0.5803496771310672,0.6592309332411063,0.7424545852377011,0.43600937266946194,0.1906118932806021,0.010054580166573198,0.07713681169534746,0.3026688268108794,0.1837627576762336,0.12140988354104874,0.16120128432982866,0.11397845657944915,0.08340623137532542,-0.04063158277464381,0.0343153974768751,0.057909639859408016,0.14749659665515213,0.12600802195137628,0.36679418083044946,0.3226445902110592,0.0391479174453121,-0.13925423930648867,0.06701933557396365,0.01711648380153611,0.14501730659298426,0.12011249200953616,0.18069204936995492,-0.09949597735383703,0.029519908064033176,0.09960264914697578,0.12736438641632386,0.3049102848632635,0.2937524229308482,0.03297812177717245,0.044500563479554674,0.14582593399758156,-0.09625925188994575,-0.1419080404963102,0.20312767448571245,0.20673564994612356,0.28603949690594027,0.10251878583736258,0.29724796164050354,0.3649453268210175,0.3205936851423533,0.28718775956120635,0.10899170957582606,0.18171177259961,0.22624944429133242,0.467732891517266,0.22427286611166827,0.5315769549024596,0.6415386226526021
ROI_039,0.47615337528324087,0.37964627652931177,0.29748903273420935,0.35062193558433086,0.5388173548737796,0.9863076524706331,1.1425634206047022,0.5228850399808829,0.46256378357416483,0.3348663789714459,0.4885007415983742,0.24111144956446226,0.22730207208529984,0.3830788708256741,0.5350588383612637,0.41434952925766605,0.1920422622542268,0.17907571335925504,0.09510696096740406,0.17384207579141797,0.16646908661201756,0.5500607466673519,0.3448164439896362,0.3892251663799165,0.41298384375377484,0.3480961488317422,0.41374599143450214,0.49775016385893334,0.18631607442139328,0.5333415602515,0.6469280732692616,0.5144035215733307,0.6924839832615827,0.14228467008199794,0.5153027906554002,0.1340830517480249,0.22601566718158808,0.7257585542048179,7.254328619247669,0.765840796556993,1.038448399817388,0.953172502973818,1.1413105245334465,0.8135523224431821,0.8436478804223584,1.0027798982189324,0.9390956400796396,0.8829901801408303,0.8228014431008317,0.5735209062406722,0.28225391992041315,0.3562579471111574,0.073473681805745,0.31486341122819594,0.5902418408265685,0.5941728548853339,0.32331214467352504,0.4714533583152676,0.023680888596225795,0.014473904818416952,-0.06512234504138882,-0.02825345292390016,0.07100775071336915,0.247750137187413,0.1338550770017696,0.410330326806375,0.11601654290084694,-0.10176821976774635,-0.2052553495516494,-0.10752380994537485,0.06818548424241347,-0.01072009468711587,0.027472302246046996,-0.20708114821038776,-0.12348815283293094,-0.13311728845756585,-0.019220231649932074,0.09171574621224107,-0.017885219025024268,-0.0016548920173876137,0.0018340087508839644,0.04493369135511782,0.08369436768200353,-0.02708258911352481,-0.1398717937576008,0.3176958908011433,0.12798566163667235,0.4273336830292032,-0.16814389898736767,0.2624083470881705,0.014344848785106293,0.0684392989023528,0.13906376941624476,-0.014882479885864469,0.23566983723338283,0.3087212237283308,0.5277469434671003,0.06133775296641188,0.4425322935430675,0.266269167373339
ROI_040,0.41252287273938365,-0.08468714828199153,-0.028524511056791636,-0.18630193624999297,0.06382490689045899,0.5052849217029162,0.9405785301203315,0.03218643364343234,0.08342051807267728,-0.043111212251729904,0.2940664878463799,-0.13796394423223243,-0.07219976692715203,0.157615115457909,0.18543351831752555,-0.11079882955589894,-0.21023038664225424,-0.16578426375849467,-0.10435388737067192,0.023783158206938153,-0.01278337549278338,0.005774961992813924,0.11334535414261673,0.04566567089361675,0.08433195070496258,0.027942164136602422,0.13450060292604646,0.033880840340099645,-0.07595905618780373,0.0360660681432305,0.3048270512160064,0.508409091645921,0.3693731968754432,-0.21143564183105149,0.08843577924183882,0.2883420132747322,0.16479099478421008,0.7573376404093831,0.765840796556993,7.254328619247669,0.9383441063277191,0.5266799821059137,0.6390134751951992,0.4158542937398651,0.512703148495886,0.6793750226163191,0.942143141453665,0.6874659355405137,0.6617290996424846,0.822396590563578,0.17789143773047492,-0.11790043869685146,-0.4042621243920936,-0.22489795913453614,0.13398425341306125,0.18849239550288852,-0.18469264027693585,0.06650694968349942,-0.2999291661543905,-0.30434591762059954,-0.42449712987140015,-0.2534377049374091,-0.3198115294471866,-0.19400305188239106,-0.18973922676112046,0.0757790639538544,0.19889175764974648,-0.38941873083963785,-0.47225134411259506,-0.319061600756705,-0.1673272405786617,-0.32528232419521264,-0.3327416663004158,-0.014793886247795703,-0.4501723071118831,-0.38569033573083117,-0.19414024637000604,-0.22231642884087646,-0.07579008571253741,0.01964105788366799,-0.08074894579010389,0.0976245888769029,-0.0083212789239588,-0.2024589343087235,-0.37370006737683253,0.20208947869324442,0.0782497321649181,0.22177292299085516,0.10075159421801441,0.43417945071562414,0.23870378448156715,0.09992497353016683,0.13445272714723505,0.008086747839165593,0.15893281583676516,0.2544733176361016,0.5140055086736435,-0.05880039375966936,0.6598726775014649,0.5880414357836324
ROI_041,0.5101588555436507,0.37432884828632795,0.35444152677701996,0.2961428238563721,0.5200072656830632,0.769205160326652,1.2934157764833565,0.35739542905971144,0.41710927381645235,0.24566815268351894,0.4762163661773929,0.11512021749402056,0.1320909843771225,0.34568286035369117,0.3893131502551429,0.3247259239536073,0.03773796049820011,0.0654728511336476,0.0536272379533475,0.13560518891247705,-0.01416259373158911,0.29025504135035746,0.3230492932141467,0.3448937550378295,0.33423856146479597,0.17789308271010199,0.2802567736441468,0.41138309708658205,0.1137038837509473,0.323076064211751,0.7449345854551804,0.7804341858968615,0.5347114129556145,0.12018348727525735,0.3141523354209766,0.4260909265776589,0.5037938482500711,0.607703892918938,1.038448399817388,0.9383441063277191,7.254328619247669,0.8894800487099143,1.16507364342417,0.9649891127170692,1.1713188803589039,1.4207615416673518,1.546716321180476,1.289568100595156,0.9058826174328162,1.0624524141321716,0.32084902129202353,0.3860361382577995,0.0018955572170151489,0.3168858657292374,0.5997868590625313,0.5564540396296804,0.2857594189629095,0.5122456990613762,0.06558462470855163,0.015595692029131894,-0.10389696136351786,-0.021666385525956837,0.021073717571677027,0.2036888775016331,0.07035227654150233,0.2779889764062326,0.3409485955089545,-0.10528197709310604,-0.21134924963959825,-0.006730919349621231,-0.09246707286907087,-0.0058584626593118725,-0.00801056156134483,-0.05883447139569231,-0.13836332077102445,-0.14554626533112122,0.010167375883586707,0.036835775328410814,0.11060743205829865,0.2509962672946152,0.21453987901339705,0.335809546790141,0.35481874539105507,0.06750296871136928,-0.06380305091812713,0.5705449492223461,0.326792388674762,0.582878685001478,0.1263668895723117,0.7282740461040299,0.08165075199703241,0.1982372312329934,0.2899997169064585,0.27056843651213425,0.5031965106466836,0.5864892645483873,0.9274697325897869,0.2112671291498917,0.7037733269769955,0.5698781825791293
ROI_042,0.3298839748823818,0.5257617515842159,0.46649856902201886,0.6083320092762593,0.7214288242879244,0.9527213973355153,1.1183029556485269,0.7544063995315575,0.7196149883767808,0.6531764968751659,0.7418491674748425,0.5113940789175496,0.3155277070351333,0.6402953842745276,0.6230517167929652,0.6548677671166164,0.36452892392344705,0.39449526274838287,0.37326371287846327,0.3077646748714955,0.36188095358078093,0.5997920749686433,0.4522078415605596,0.6276667876909132,0.643387257726198,0.5917150122890729,0.603993558414472,0.6235745398512704,0.4380465441115442,0.5738748085117346,0.8935717902838488,0.6372718784628867,0.6655683633321241,0.32183066453321657,0.5522572582965716,0.35477414222275455,0.4293725969945133,0.440795256683396,0.953172502973818,0.5266799821059137,0.8894800487099143,7.254328619247669,1.1261429140728796,1.077743400485184,1.1107353084942548,0.9259675433863762,0.7932693870621993,0.9275395030820651,0.7464797666656713,0.5509860160495098,0.2691133387343539,0.5843357731505161,0.22261448470640333,0.5411060984187557,0.8821103571773162,0.7384948155632015,0.5221616645337624,0.7659199342276919,0.2012022480733802,0.1784572199106196,0.07175890612097711,0.08640422210974959,0.14704441803379872,0.39820401588603965,0.23540896091802493,0.493692730182065,0.14855922088376983,0.021200191561380574,-0.068684202267644,0.010822358085355853,0.20358499371205324,0.17428317365600154,0.12434774635075925,-0.13924221907444756,0.10211303530917905,0.07147842862477734,0.15232974982488995,0.32217478898887736,-0.17103865687385675,0.0708656017473911,0.04287351558441573,0.04701742682609532,0.06574264682912484,0.10679220955403908,0.05251505398625736,0.25462366454446217,0.324816039622914,0.7419099497084564,0.011578054819328106,0.3143143785778175,-0.1457608966081472,-0.02582296357182463,0.1787529243024192,0.08547130639959173,0.35051634761364775,0.5893342311331856,0.5353781799370707,0.09179431207303339,0.4474674278113983,0.3245449689301331
ROI_043,0.5891873137765129,0.4234646117708681,0.4779979981106677,0.41320047821549205,0.5986578517068857,0.7693131958098733,1.1047339428454763,0.5048042425856161,0.3740986680311185,0.426664700597707,0.6203191581811393,0.3480124971805357,0.2783526231745307,0.5294713778909794,0.5578076976937074,0.5155578897914991,0.26364613436652046,0.2888611313722875,0.2148397050009269,0.14019563382670167,0.13229089955348072,0.7217654733826347,0.5425536873964816,0.5635391310530944,0.5706609562505673,0.48166741148376363,0.3776064802982212,0.5636516731392346,0.1652508078919982,0.5396366933301393,0.660915155513627,0.8674062156886357,0.4834981889520464,0.2804602552678901,0.694048183362757,0.1629221904796034,0.39803374026950916,0.6113367748643939,1.1413105245334465,0.6390134751951992,1.1650736434241697,1.1261429140728796,7.254328619247669,0.8459423375211566,0.9984078353608071,1.0857756932630651,1.204712121527451,1.3131923073580163,0.779103484783131,0.7180974801993945,0.3210505121142409,0.47230311660532404,0.14245040071575893,0.43937387348361856,0.6816118437518239,0.5683584327465031,0.35203844586250993,0.5019887424107574,0.15940257979933112,0.12226256682089007,0.011918445561827987,0.06810638029325695,0.14163756218695056,0.3334355223072526,0.21503951237801758,0.5104076965950513,0.2639708811373768,-0.005350224743085464,-0.16350904959959356,0.10415175157259139,0.07118830419967198,0.09183915844008264,0.10974197706393952,-0.20802386694125452,-0.030690315715987633,0.0017158983537267209,0.06602616200277106,0.1875275319230713,0.011784099432300767,0.2978561507010172,0.07312787711858013,0.11440396621824352,0.11673572330469917,0.13158743196708944,-0.13692067458352217,0.34041295323179616,0.318926615150498,0.5151283900090955,-0.10992884160845584,0.28860743102721903,-0.005549101232398316,0.07521574390536812,0.07677061529508186,0.16387600572893957,0.3156802279964198,0.3486179127295798,0.5416601020776451,0.0862729722696527,0.48952178924311623,0.3254441503276973
ROI_044,0.38233738878804363,0.673669849163808,0.5270784282179507,0.7339114536473623,0.9093777102581985,0.8973369236371542,1.103912040660545,0.6425168774126497,0.8563950430148106,0.6658445847732724,0.5615841015335167,0.38705202140173506,0.25133761868520743,0.472145633438056,0.6105108782402116,0.6280550482142271,0.24001200919167964,0.2873791685057076,0.2812220532235043,0.32841273384290576,0.1747955047899367,0.4020660945139178,0.3970162098778309,0.4603868619570829,0.5769036759839966,0.43758242725275515,0.5203831301593258,0.7533088931497228,0.37326478783934774,0.6461294933971129,0.9923759654143735,0.6851243600316865,0.5664249736447844,0.29270285003261054,0.31602238257019644,0.56077489950708,0.7986393502923462,0.5249661526697569,0.8135523224431823,0.415854293739865,0.9649891127170692,1.077743400485184,0.8459423375211566,7.254328619247669,1.2474227970282896,1.2530123825850565,0.6734832701702447,0.8414289491059732,0.8605545426201576,0.8104923460003458,0.46590989303015623,0.7758641821353228,0.37084146311759797,0.6983179806908414,0.9365113328513834,0.7257132684849978,0.7084412976425911,0.9382904515795947,0.4941575532150178,0.35172010001591775,0.2277977144193778,0.12556607329622596,0.3011147850687109,0.5722378468917677,0.3287016430242141,0.4600302287497576,0.41755828050345317,0.1869296088207417,0.07962440716067994,0.13680363457790604,0.14350910676660134,0.43668180501790044,0.30835867633279057,0.15336276912855026,0.18858830229062998,0.25744069647712625,0.25706161387193754,0.4138429491489033,0.15695072991780784,0.24611583792994235,0.3347686109615865,0.3484227180856187,0.46516260363138,0.20882435342430708,0.30863856881877294,0.6590636049981932,0.44962824001683055,0.9321650351235454,0.20073381786108968,0.70497137637548,0.10397249144626829,0.30287031172201057,0.5953465464447678,0.3204702279517085,0.7415004925719524,1.0299091497893893,0.9120377257015703,0.440340000175419,0.6096426716552442,0.5435121104482526
ROI_045,0.5491789864414585,0.7338426272031907,0.673504565993391,0.7430442588885938,0.901028119667743,1.0176075444508956,1.277765147619137,0.7541701570126353,0.8788155730508331,0.6660136983223156,0.6884265303183181,0.4865670423667383,0.3565135193754623,0.6454207296638358,0.714583744649231,0.7726097658751931,0.38234240804174674,0.4466436219137849,0.3752655583512488,0.4521994176170384,0.2963253074476804,0.5426681667732672,0.5799998629458097,0.6517644881874475,0.6783354032010707,0.5112999051919819,0.6319282948882656,0.7384296741887021,0.42306139609976895,0.6198937460600399,1.0478102130453553,0.8770804971186779,0.6675384289743711,0.44823802402520835,0.570733997994046,0.551386662568632,0.6983216836956446,0.4853583573150784,0.8436478804223584,0.512703148495886,1.1713188803589039,1.1107353084942548,0.9984078353608071,1.2474227970282896,7.254328619247669,1.1732623373231248,0.9201352391920372,1.2322190926040806,0.7721055871822955,0.6915322451816562,0.39612689507341736,0.8011571284092648,0.34239583286473774,0.7019650280068392,1.0175093978604492,0.8805797631169366,0.6747390275718884,0.9533514848683341,0.36101507712841424,0.3010864283041071,0.21957335597782213,0.15920402689045254,0.25508529649275924,0.5122322461114694,0.41588759988080704,0.5464212371585312,0.4018521943687755,0.19558502524942625,0.07817969648098247,0.21780377855751276,0.24767719179991302,0.2882790555982727,0.28675524671378105,0.016045157409870097,0.2156200815930715,0.2095037755217029,0.3084394048144876,0.3856992852075593,0.06469142828420897,0.2680058405983817,0.2709205727513422,0.2818365246054578,0.39949120847633973,0.24388970659737177,0.2563026354458896,0.4967030796406852,0.43382467490939397,0.9577450417413387,0.2443993651881738,0.5708624792039576,-0.07813914619914736,0.12385147951002339,0.3329694295919888,0.21807121680804023,0.5496759253204914,0.8146475938359772,0.7950709941572973,0.4055706851943978,0.5727886897251984,0.42281103209130394
ROI_046,0.4569811133228401,0.4389011071462872,0.3474669186302567,0.3958479872508449,0.6859621568587372,0.6969975259735604,1.2106162562758092,0.3795763050501119,0.41972213469909564,0.32124887815703734,0.4381384317858369,0.14093242214712692,0.17648720890711356,0.2725770713562446,0.4802757029032194,0.35638031385714447,0.03715854292192137,0.05205442591047186,-0.0303997454963675,0.10530607440643945,-0.03216736751110578,0.30760131275877883,0.2982726944659388,0.32329426016668855,0.4004697236081174,0.1858548596963156,0.3022537452593016,0.5038847115804816,0.10876614021314633,0.4297084747363314,0.8514175170243709,0.7190027317805769,0.5019974984973334,0.07454869028805051,0.2649299556669322,0.4221979694629842,0.6326469641637427,0.7487826417535095,1.0027798982189324,0.6793750226163191,1.4207615416673518,0.9259675433863762,1.0857756932630651,1.2530123825850565,1.173262337323125,7.254328619247669,1.061535212354545,1.1194183861940983,0.9400082970665312,1.1102748270779115,0.3811375958005237,0.4893340323192947,0.1380607011853935,0.44638969382482235,0.6612676404267076,0.5361178963223664,0.39840505759018197,0.5606821005765217,0.2546133643437827,0.186405260833832,0.023678661382073862,0.10148767125432455,0.15612810177976086,0.34135205447700084,0.15067955891525678,0.3313444585183285,0.36267924418403674,0.019050363992636585,-0.1680539683159608,0.024801158845043813,-0.08430598513916703,0.17974255120905333,0.0880450852391654,-0.02854864795127076,-0.03847005859498112,-0.0015829252175588678,0.05914153298587712,0.11526995030983474,0.3044222909595732,0.32929311117466853,0.24914068045083268,0.29064526650873557,0.44101112864209424,0.11167844684005172,-5.592818752992199e-06,0.6014885244835944,0.3443294666901779,0.6239424118514841,0.035802723538503424,0.6902203304466459,0.1884925213849777,0.2884212158265769,0.44312861042261026,0.3817396901626082,0.6398448268008234,0.7415674079349709,1.1050420324588688,0.2838191630926261,0.7138920750898253,0.6236693182144564
ROI_047,0.45007259528710014,0.20728721717410437,0.22242578871002366,0.15141022892592154,0.3386694649938346,0.6212168556486501,1.0282907831863568,0.23960783424635884,0.23652092890670173,0.12292567973228152,0.4076254429432887,0.045242176918098724,0.05373066856404405,0.30291928878479973,0.26599002863433036,0.2264412197091212,-0.0018168203960521108,0.0009000252166159903,-0.02252453205683847,0.019721080014777813,-0.03461302637256793,0.3129584857239481,0.3163642208733741,0.28242106160895947,0.28565409271496234,0.1405665426743826,0.19230161801567386,0.30080123801188274,0.019363888398225716,0.2099953865293946,0.5646531904464752,0.7218649267549428,0.4454670894552391,0.06272781236198757,0.38466630378828853,0.2992067613550349,0.3585346805600152,0.4984063956831405,0.9390956400796397,0.9421431414536647,1.546716321180476,0.7932693870621993,1.204712121527451,0.6734832701702447,0.9201352391920369,1.0615352123545445,7.254328619247669,1.3764984394758815,0.7581351539543969,0.888615457724693,0.17779184443071785,0.20004563591952762,-0.13515781681922004,0.18081340865900442,0.4163255043762936,0.41810561510106886,0.09412694450937208,0.30847272349864013,-0.09349259644206649,-0.13942462761198876,-0.2211434093357065,-0.129466661745089,-0.11382663770928297,0.032275551956573896,-0.0390440110943199,0.18691403501784537,0.22699650913884328,-0.2464043685070597,-0.30499898841002016,-0.07682978806812565,-0.13348509252353105,-0.20518375848676532,-0.13356194817807143,-0.2398284369387328,-0.26480094614586763,-0.26178812817425057,-0.10197021835393909,-0.05694125129167958,-0.032054999089308464,0.23479285309904024,0.07634168666505065,0.26084810891424376,0.16557156706173196,0.0045243921526312205,-0.23524938954332378,0.4216981080222596,0.23890992739268221,0.43504658220347026,0.032379858779845866,0.4893516547281458,-0.0306849998135701,0.030034770044090085,0.0542135912802161,0.1270923970988736,0.3065016254944321,0.36646263813989405,0.6814156883962896,0.08940883519056715,0.6021107495842832,0.46899727117329454
ROI_048,0.6320038375880868,0.4438020463281045,0.4513697727342805,0.4281580867252765,0.6080357950178362,0.8029270468762973,1.1808166472869375,0.4345948203654474,0.4535204451443035,0.35138041257485214,0.5334134766605078,0.303180195989336,0.24181384106415138,0.4861818907512116,0.4715365914163824,0.47660007112446134,0.24973124245177672,0.2937455197310964,0.1925842727677495,0.22270439771924427,0.11895229282083696,0.5995456426263577,0.5867029069082945,0.4954109612879065,0.49459168491803035,0.4111191726363335,0.4050166003932928,0.5273996018259403,0.19052431317784502,0.46157380364469197,0.6904983089483361,0.8871699788944003,0.4879832016136864,0.332613345132495,0.5912175562525396,0.40076904359258003,0.5038845495555931,0.5803496771310672,0.8829901801408303,0.6874659355405137,1.2895681005951565,0.9275395030820651,1.3131923073580163,0.8414289491059732,1.2322190926040806,1.1194183861940983,1.376498439475881,7.254328619247669,0.8954046855145046,0.866933636726877,0.30856166902964877,0.48808056372652175,0.13819549302996834,0.45768780080875676,0.6861008168851027,0.6029600601926499,0.36934835494555285,0.5351362982734357,0.1121817671738248,0.11725959275254917,0.010456804288790512,0.020797164105262222,0.09524553422654095,0.2751294993624116,0.24805912056245097,0.41953588734708125,0.3798478339123199,0.03152451141056633,-0.09040749256521617,0.2054163259365434,0.07305524050523535,0.038959883503073216,0.1608075377749738,-0.2166742424571433,-0.0015581367716252744,-0.013014846601665188,0.12817184930208372,0.17212985216941926,-0.0028489066881449746,0.3113630215881847,0.1398579708775561,0.27065185925853746,0.2026100705888009,0.13904271658857012,-0.08847524405212831,0.3901144614981145,0.3619180868268376,0.5792026246290098,0.11021145346469627,0.41280912231803313,-0.07681492041338543,0.01780346613636781,0.03100334816152475,0.14178223261329315,0.30185742918813696,0.41357023029670337,0.6361775474514494,0.2768513274595481,0.7342631985094724,0.47249639931222004
ROI_049,0.4969359634434594,0.19850593864020497,0.1987952000450397,0.24205648568099802,0.4205273960292433,0.6678360757733711,1.0056124038541228,0.2025420070461998,0.3535909146447294,0.2236112648751975,0.2553409320552495,0.05650901040769784,-0.0013680416747920256,0.22474633897143428,0.2792413004768126,0.20403640834263384,0.02167113898038388,0.03287620042501534,0.03397548952130964,0.05657451705828631,-0.11681081651120462,0.3100865848435011,0.31038425882836057,0.14555568806461755,0.32724696512940693,0.2344547947018321,0.22745038529466632,0.4159279325202681,0.04831896480894624,0.36042229127182196,0.687411481084339,0.5151947739404639,0.4064808789310685,0.10423056308579712,0.19118787733683862,0.5447790110085402,0.4235566151477739,0.6592309332411063,0.8228014431008317,0.6617290996424846,0.9058826174328162,0.7464797666656713,0.779103484783131,0.8605545426201576,0.7721055871822955,0.9400082970665312,0.7581351539543969,0.8954046855145044,7.254328619247669,0.9383279103342304,0.2660371468213162,0.27913408104374154,-0.022034101323267954,0.2225005038022666,0.4709212474844287,0.3749227367818239,0.2475770149253595,0.4412151224904699,-0.04440779916202865,-0.0003723590092174253,-0.151321194242971,-0.20622977164593725,-0.06909842540692489,0.08360406835338376,-0.018951340415431638,0.15750405759618114,0.4000933351737903,-0.07834357541069703,-0.17534829859813342,0.00879844232231191,-0.15423199047040256,0.06353187552978203,0.05943611356537543,-0.1122578710262368,-0.21270987967272847,-0.10952303463681363,0.04364951915881053,0.047421845374226335,0.00919741546643132,0.09239138835621445,0.18268287207383704,0.35856280627918485,0.2058588866785703,0.02709223948901714,-0.15243491471618578,0.4624890468863836,0.28834215172673133,0.4838100052371526,0.11522285449138425,0.5613364455047389,0.12945068772972584,0.18334659515915738,0.18773169392160755,0.12305232245898376,0.346552384052061,0.5046592277918597,0.7234963065079988,0.28223023802180613,0.9597059498287075,0.6511225941292408
ROI_050,0.4141822006324786,0.10887138484542246,0.09836342508918763,0.06495654698930863,0.35202465327146687,0.449737882104019,0.9790721528379067,0.024506473629108946,0.18119117078022703,0.10260991666978715,0.2529524373636235,-0.11326631518891461,-0.09466749163453243,0.07435207290164672,0.16483005397126385,-0.015113978516038965,-0.22817764448491085,-0.16140529826726507,-0.19379133525265935,-0.03845440953771565,-0.302641602809064,0.06235269554059224,0.18598354691407532,0.043753111904068824,0.16436270890972998,0.01415320761033211,0.02737138515060567,0.21041006013051344,-0.10567811343227777,0.129806677019838,0.5404119669237856,0.6765785443563244,0.2040504183944743,-0.09124595334106611,0.007488975135305122,0.6701631897948567,0.6772541585856746,0.7424545852377011,0.5735209062406722,0.8223965905635776,1.0624524141321718,0.5509860160495098,0.7180974801993946,0.8104923460003461,0.6915322451816562,1.110274827077911,0.8886154577246932,0.8669336367268772,0.9383279103342304,7.254328619247669,0.37103381074890124,0.1445197972465335,-0.1501765794610661,0.09263867332078567,0.3418095407831665,0.2410448037928456,0.10474516278095201,0.31059995580289484,0.019860187194626237,-0.0822156963162674,-0.22659153471404575,-0.17086823598047327,-0.14725151215722185,0.0038562180292920412,-0.11178118624090001,0.07461161948239181,0.5909426108242674,-0.16797362952661712,-0.2412739941696226,0.016614634914454404,-0.32656077349999624,0.051255345260785845,-0.08874751113325088,0.08228993255334091,-0.2666288550040764,-0.15690579950439273,-0.033257151874697,-0.055088335257147694,0.2392350770175562,0.3250573243778611,0.2853459031584747,0.5348567592404311,0.34785235671635345,0.1221757676013397,-0.16964383138401803,0.6032024574159794,0.48379292148416314,0.438302738190269,0.32068249722610853,0.8571353444408311,0.3179122981283275,0.3096287154212443,0.3948626037379952,0.29276778276324,0.5224723877053808,0.5893276979849333,1.059032235865448,0.27611988857324066,1.129807293275842,1.2105221504772459
ROI_051,0.44370911476640995,0.38864031258627074,0.45478751619640256,0.3045717570023673,0.37479557135397146,0.39776219658955514,0.3855238565266711,0.29437916560304617,0.36415451224045914,0.3743944941019639,0.2263151271911963,0.234681254135412,0.20096448788508167,0.27296749336822057,0.4048237484520595,0.3793741207021559,0.14192633624292142,0.29338741529891177,0.13890760362272728,0.1509052915318039,0.16278177033788752,0.24377057982042866,0.26757203767087406,0.2819771953124578,0.3856077680469977,0.1773103970350993,0.18319494237396575,0.3804289002547732,0.1797029384105171,0.2484591452600774,0.4546381581453356,0.50101850128271,0.324819344729309,0.32662652173385504,0.2918045563114397,0.47376587774129214,0.6468712983206731,0.436009372669462,0.28225391992041315,0.17789143773047492,0.32084902129202353,0.2691133387343539,0.3210505121142409,0.46590989303015623,0.3961268950734175,0.38113759580052375,0.17779184443071785,0.30856166902964877,0.2660371468213162,0.3710338107489013,7.254328619247669,0.389969073237421,0.31694189495278213,0.25990016406233524,0.34861447393216094,0.32176558437487474,0.3070118972417149,0.34472455010079134,0.3637159623867262,0.3289677235937763,0.2156616303770677,0.154631925917041,0.26602702969294484,0.40628585915887766,0.3993051416136266,0.38304562529125685,0.5176040351619403,0.22511133231927685,0.16344054354158535,0.30392891612192047,0.19051425741592368,0.35705948885345407,0.30963946756704364,0.36144871845996474,0.18543874110222988,0.2943185750655137,0.27039692488981737,0.28653961054604077,0.36938833602710636,0.378685493448616,0.47509966222863975,0.42557487820832124,0.5776285200570701,0.4727164596930028,0.3031815393713731,0.538227180567112,0.5299168647806145,0.5020055219920839,0.34358107032013874,0.41857317566388563,0.45089561019238483,0.4417222199432039,0.40460076423458186,0.48421988498539076,0.5384572354082916,0.5075427008764529,0.5038029809870151,0.36722782267983667,0.37842930587838325,0.35984227850778755
ROI_052,0.34267132770436215,1.3567130985618014,1.0799513902001798,1.5507074599702375,1.087884972545987,0.6569235365610989,0.4553347102161724,1.1075981583819223,1.1397832635156369,1.0393032504709696,0.6424924986573165,0.8134666898438992,0.6106265517591505,0.7536154628240362,0.8107933298456964,1.3042729283374415,0.6932646545068888,0.885002585521461,0.7157131553537347,0.6807850786377448,0.49304729350949983,0.6515950225167089,0.6590536006777182,0.8580888213032939,0.7442551630626565,0.6532165927099391,0.7537865392631166,0.957816081083707,0.721505285502735,0.8847581702919344,0.5733564137452899,0.5226903170801681,0.42067569532365345,0.8715806281588939,0.6078263320957529,0.33302950048319574,0.6626172842910113,0.1906118932806021,0.35625794711115744,-0.11790043869685146,0.3860361382577995,0.5843357731505161,0.47230311660532404,0.7758641821353228,0.8011571284092648,0.4893340323192947,0.20004563591952762,0.48808056372652175,0.27913408104374154,0.1445197972465335,0.389969073237421,7.254328619247669,1.0493472014530774,1.49519084864748,1.0672753672528619,1.0138919763283891,1.5782916064242676,1.3110551726175153,1.0137470232409453,0.9156995006575684,0.7389291683409352,0.4941538340972918,0.8042526887898626,1.2705020853934663,0.888822106731952,0.7803285349190188,0.3594946277767016,0.7458738314896654,0.5448332960797522,0.6860397690891362,0.6612514722927441,0.6717258676933747,0.8915145662010676,0.18949313691301603,0.7622448619188802,0.7414069028724685,0.6677539752608543,0.8253060973329153,0.1592345603374246,0.31953107224955746,0.2972638171108528,0.17756686184951934,0.42843878647393485,0.2854289263855042,0.656108924726245,0.3018825244609222,0.40161050756738464,0.7177766899222086,0.21567805112696453,0.2267602451905657,-0.1406239304117859,0.18775639548662978,0.35948637109116915,0.2715315567462447,0.3841698451868893,0.5093410474369243,0.2689945634929848,0.5420323770168967,0.13603925155134725,0.024305773724412703
ROI_053,0.08636383693725332,1.3536352871928208,0.9437406132064975,1.2635795341820935,0.8894465959202204,0.3203967964733864,0.10986972122050263,0.9005025600839968,0.7727899143459497,0.8647959602890818,0.5585422312659639,1.119416647085948,1.0859624976740838,0.6599801948936647,0.815269114218726,1.0898671007145868,1.0350092027055067,1.1057410178394487,0.6876473356659244,0.8861611625934285,0.7103610377760887,0.7121382517621715,0.7339198285727623,0.8972784536513099,0.6753720191570903,0.7806830958281524,0.8445336240321462,0.8920204030148101,0.841910445565059,1.0616510147977618,0.20117483621865614,0.148465136594729,0.206320991088444,1.009009531412056,0.577237786963344,0.14630085113222946,0.3975167957669547,0.010054580166573198,0.07347368180574501,-0.4042621243920936,0.001895557217015149,0.2226144847064033,0.14245040071575893,0.37084146311759797,0.3423958328647377,0.1380607011853935,-0.13515781681922004,0.13819549302996834,-0.02203410132326795,-0.1501765794610661,0.31694189495278213,1.0493472014530774,7.254328619247669,1.1790006390514296,0.7058750285468055,0.4883409022762732,1.2184031738896668,0.759666981225579,1.119482343342737,1.3114272468681099,1.6097771378906522,1.0237303858267415,1.5302109310689285,1.329673348271743,1.3019580339810508,0.8931680188231778,0.39261610603992525,1.3845808048383876,1.1094290610202497,1.0190370850332475,1.0501293060988972,1.0495482108258867,1.4406778159060292,0.3281357895470838,1.4164438685643426,1.2137886868450398,1.0595073770897347,1.2866171039791205,0.20797737747891465,0.16280597180203857,0.4990431089426954,0.1577128991264217,0.46613186856165645,0.515949815306198,1.0307592876656198,0.23528633323970233,0.3674038687258395,0.6171050340869084,0.20599772513445927,-0.014546045113548105,0.036158825815940016,0.1232650972434149,0.37551637890117545,0.23626291817639983,0.3797278043548238,0.25619853930561115,0.06759731394721326,0.6091771132899316,-0.10261874529675723,-0.20841666669254036
ROI_054,0.1752463736788441,1.3462539539990779,0.8786036798144651,1.8145090558274666,1.3471964896880404,0.6033931049575728,0.3806238810109955,1.0430241566763618,0.9737347745383657,0.8475527056649422,0.5210414181115374,0.8671398042146138,0.6506691735595975,0.5604354415619545,0.6330666043234062,1.352472408739665,0.7880867134456241,0.8541771744551806,0.5540076809945671,0.6053550875317653,0.4739248743229998,0.778450651021655,0.5675699801995159,0.8185895586356831,0.6028490601969435,0.6772580327956148,0.707084707339306,0.8125937028819719,0.6637723817906688,0.8947205011503597,0.5387897162194739,0.3590827980935233,0.37380066853494365,0.8651083295526619,0.597144581901335,0.1537160586164405,0.44183159860671295,0.07713681169534746,0.314863411228196,-0.22489795913453614,0.3168858657292374,0.5411060984187557,0.43937387348361856,0.6983179806908414,0.7019650280068391,0.4463896938248224,0.18081340865900444,0.45768780080875676,0.2225005038022666,0.09263867332078565,0.25990016406233524,1.49519084864748,1.1790006390514296,7.254328619247669,1.1449895131088499,0.9071530104963553,1.683050279542714,1.1765750752912416,0.9094287683562006,0.8907001247390534,0.8212645152364314,0.5879081420785871,0.8623814851669238,1.1484175196420912,0.8104261205190545,0.6736288337849308,0.23907646685477466,0.7554560796715787,0.5941690490519228,0.6769757227856732,0.653449429939826,0.7162806411483161,0.8391093845707626,0.014119660062028038,0.8255600849553146,0.6940279540917559,0.578185043544314,0.7989218083845693,0.055294514889800354,0.20394488454290388,0.23947748336112024,0.09468216005652998,0.3437986254005797,0.29373435500979406,0.5858470934236041,0.23383027270815726,0.2636707710706627,0.6061943920071343,0.03886090719682924,0.07480788558087853,-0.24313260184631708,0.009093211705229922,0.21503145291915582,0.13575055555049537,0.30354463643772894,0.3795519316761695,0.18382727509716873,0.400244226407996,0.045631660591333285,-0.08359890743968933
ROI_055,0.40116327388102235,1.0363415650880028,0.9417560134084527,1.2937102140979535,1.4493008431629206,1.024780241293664,0.7764161061638859,1.1708720879236747,1.1445443297208786,0.9855636443672603,0.7268409563689011,0.7763923250654913,0.5800513901261706,0.5879373063758886,0.7228934750658114,1.1809122434721615,0.7499102978291969,0.7809114078124009,0.5556751796471238,0.6120590055732937,0.5384444678828428,0.8276812701878172,0.5941152691701528,0.9471569460353791,0.786830238314082,0.7318850060503818,0.8314687824893817,0.8549175546710268,0.7370258486767831,0.8060316113816702,0.7604822075704218,0.5376929843833861,0.5325179478552156,0.7621373640207203,0.7363076297399159,0.31580697980468325,0.49360266593014707,0.30266882681087937,0.5902418408265685,0.13398425341306125,0.5997868590625315,0.8821103571773162,0.6816118437518242,0.9365113328513837,1.0175093978604492,0.6612676404267075,0.4163255043762936,0.6861008168851026,0.47092124748442876,0.3418095407831665,0.34861447393216094,1.0672753672528614,0.7058750285468055,1.1449895131088499,7.254328619247669,1.0928249179817326,1.3125223838446711,1.4246075315675584,0.6584192167272205,0.668283783823172,0.5103475063424722,0.392690319052121,0.5287569967450872,0.8748749891328628,0.5922701409572404,0.6346769889817169,0.3313035246012192,0.4594772786224346,0.3815808535764528,0.4109922580158336,0.5130822601432865,0.6194266174554944,0.5997164395129045,0.05053543733013576,0.5873717092387905,0.45669482633284164,0.4737751092517681,0.597779086232954,-0.01945423314257487,0.1718893601385297,0.22992232352195346,0.1556588179098265,0.3043118910224203,0.2775245582830716,0.42911036670941644,0.30841257521231036,0.38818826945737583,0.8266940408131038,0.16188407861634002,0.1979308501815644,-0.18868828731252124,0.12043270268085172,0.2728247199658156,0.04223970350998004,0.35363967783745875,0.5236045006616531,0.37794809035625004,0.36803291627281276,0.3101086064611648,0.14544324313825216
ROI_056,0.4009375852668823,0.8960054846564596,0.692127865962051,0.9833193326910346,0.9477714433281041,1.0688851006060354,0.7406919623175722,1.0766316222304726,1.1540818088677947,0.8098018654703083,0.5044177663705475,0.5763579126613548,0.40169625729600145,0.5514504599514429,0.6179367673586988,0.999781324666362,0.5742841086746839,0.6431488625046443,0.46421457404402844,0.47559391962100833,0.48824199260644985,0.5540618540725378,0.3865626548973393,0.6964921595696388,0.5555114530214256,0.5079141080202838,0.633102363770992,0.5831532768332677,0.5744617166936481,0.5879648270852091,0.7178529829774976,0.5041593709398332,0.6637713812956239,0.5939259277890288,0.5919427850233643,0.30334518860758136,0.4066135250027569,0.18376275767623362,0.5941728548853341,0.18849239550288852,0.5564540396296804,0.7384948155632015,0.5683584327465032,0.725713268484998,0.8805797631169366,0.5361178963223664,0.41810561510106886,0.6029600601926499,0.3749227367818239,0.2410448037928456,0.3217655843748747,1.013891976328389,0.4883409022762732,0.9071530104963553,1.0928249179817326,7.254328619247669,0.9850189803251107,1.2009283513073257,0.4781889465675577,0.45989139327670264,0.3249702047417971,0.2216779978840718,0.3418038404434116,0.6984833732382602,0.47182068873404337,0.5356426981322151,0.136056229374721,0.2573414437582052,0.18686035312019672,0.22357010375857947,0.4803497156582021,0.2689622059888162,0.3916399857919603,-0.0822049346498378,0.38664530794884117,0.2818149424020999,0.266061986931089,0.4158277754277201,-0.1620818340295225,0.04286759346443838,0.04052348898420252,0.0491575210609167,0.15240851161847857,0.1196291939960421,0.3043639531242184,0.17915581491088298,0.19828051711496467,0.5607174064712435,0.11443919339227468,0.17721447653668823,-0.3570863847093423,-0.03547266885736662,0.15761369836120817,-0.024436774347341258,0.2003243659424723,0.42634904537744306,0.2856693431219989,0.20913797620590782,0.27447171810484033,0.030771629849006703
ROI_057,0.23869164968881781,1.443615898786248,0.9706971485791588,1.9768807392499186,1.3856865239583107,0.7044982718343096,0.41764878477587153,1.172877476755764,1.2239238438550069,1.0402773005365864,0.5776246055386951,0.8921903738385847,0.6797026700547231,0.5752016815237101,0.7331955379870114,1.3019995693140598,0.8377692783634679,0.9416938554540162,0.6366506023932182,0.7598788857887098,0.5340641773743808,0.7413133210263549,0.5948700609317217,0.8610174848037053,0.6916858141633946,0.7099715049464832,0.794833565750647,0.8917266109760176,0.8001403411074873,0.9519691698229241,0.5466158053032303,0.323901269166111,0.39692662549692076,0.9228832658046195,0.5879694327762209,0.27456212326926155,0.5167065499391574,0.12140988354104874,0.32331214467352504,-0.18469264027693585,0.2857594189629095,0.5221616645337624,0.35203844586250993,0.7084412976425909,0.6747390275718884,0.39840505759018197,0.09412694450937206,0.36934835494555296,0.2475770149253595,0.10474516278095201,0.30701189724171496,1.578291606424267,1.2184031738896668,1.6830502795427131,1.3125223838446716,0.9850189803251107,7.254328619247669,1.5498622802397009,0.9712834055429594,0.9773869245198128,0.8408706304491324,0.5605574905388966,0.8526331370157992,1.2624832158394945,0.8406435932664161,0.6933334895037448,0.3767102160593462,0.8046934418595965,0.6937958884837329,0.7080600985199669,0.7047030097210062,0.8617145880679932,0.9516432126118493,0.17146161125750117,0.9002177628888309,0.753093195327213,0.7066775205737006,0.8664494142917367,0.0869441095910707,0.13921661956673576,0.33804969539590657,0.19050758185417957,0.41010744232749846,0.359411374396546,0.7127118548875293,0.29612017929977597,0.34840257781029166,0.703753882765345,0.1906604997202002,0.12808560102506827,-0.16719862442795969,0.12320468186440649,0.3473276095421028,0.09599755796459139,0.3454308557793099,0.4366331120969635,0.22328706487757272,0.512817484966097,0.13931415133697636,-0.030183841500355076
ROI_058,0.3502804541622784,1.132221555808034,0.8522695637134232,1.4352325877211936,1.2819955822219524,0.9729299310059728,0.7001099236152046,1.1314466746524805,1.4855086449381183,1.0106516793148719,0.6317344261606596,0.7148489706579427,0.4790101007508431,0.6029141567091956,0.6687498046298225,1.1301798841996873,0.6416291877508852,0.7483789925731934,0.6050988700424057,0.6624036190983796,0.452968818491559,0.601726901416159,0.5203454183014493,0.7971215048878587,0.652395426447073,0.6200665390552033,0.743764837594774,0.7936396772840465,0.6306562208668874,0.7636997951697952,0.782269680357924,0.4735971455407964,0.5253347048125486,0.7293597548927224,0.5362469359629455,0.46703366537011903,0.6312658089099137,0.16120128432982866,0.47145335831526763,0.06650694968349942,0.5122456990613762,0.7659199342276919,0.5019887424107574,0.9382904515795947,0.9533514848683341,0.5606821005765218,0.30847272349864013,0.5351362982734357,0.44121512249046985,0.31059995580289496,0.3447245501007912,1.311055172617515,0.759666981225579,1.1765750752912418,1.4246075315675584,1.2009283513073257,1.5498622802397009,7.254328619247669,0.7012684921002138,0.6570302188298842,0.5219448169728392,0.3113922827549819,0.5148728398911541,0.9215736468457356,0.5858342141187557,0.5627348925009527,0.4191300538708572,0.49783670575317,0.42215339858841117,0.45726288402545956,0.5136907567267279,0.5965893104932497,0.6068053349424143,0.16172242504861467,0.5916395730494495,0.5040534667738656,0.5209431182709123,0.6390495857545725,-0.0036575882035371583,0.11574878810842909,0.29939115532747823,0.26714524309697807,0.3788914706134811,0.3071073562813071,0.5530930337643123,0.3647711803070152,0.43440125882085256,0.8172742337039882,0.28746704389143424,0.3170914339097515,-0.17133719957096671,0.1268323533382075,0.39616395062918536,0.10029303547956157,0.4172265930654289,0.6433394136351116,0.40593652635395955,0.4300782013511774,0.35965075316112594,0.16002852969252868
ROI_059,0.10017173956268043,0.9979476957907681,0.9053412605896873,0.9229707709669943,0.7664525590120026,0.24062976599594127,0.12361085903296389,0.7247898540873858,0.6355993255320903,0.8949805591061458,0.5822111856218904,0.7087936014840666,0.7373286644910051,0.5217648321219778,0.7178813694071684,0.8050973421316937,0.5708288878769509,0.7001811479822426,0.5601237321770081,0.6201624922179964,0.4769590781365669,0.3973861040629251,0.4976035634556522,0.7095028194190434,0.6550479510834814,0.5601325521887792,0.6400674813268944,0.7956672018883473,0.6679072366320323,0.71574232934414,0.2023868738982438,0.3586148334473419,0.05941697644519853,0.6386331486512241,0.39710847629562157,0.21159272082764125,0.6132178197368732,0.11397845657944913,0.023680888596225795,-0.2999291661543904,0.06558462470855164,0.20120224807338022,0.1594025797993311,0.4941575532150178,0.3610150771284143,0.2546133643437827,-0.09349259644206648,0.1121817671738248,-0.04440779916202865,0.019860187194626237,0.3637159623867262,1.0137470232409451,1.119482343342737,0.9094287683562006,0.6584192167272205,0.4781889465675578,0.9712834055429594,0.7012684921002138,7.254328619247669,1.3003490979502446,1.1095667828493336,0.8754308085071777,1.1679260214735014,1.2700667307643703,0.9443525330620473,0.7354660350703679,0.39774041925621845,1.0865025138907418,0.7261558194015753,0.713469968113278,0.6990557406362222,1.0252824000324843,0.8912495418632012,0.5459967460000222,1.0927831853800998,1.18451406643329,0.7611723350959512,0.9830093739897969,0.3627490767140143,0.48401637833650124,0.41561282246273806,0.12852181665265114,0.5131789252289323,0.3418020397747156,0.952500261822872,0.2499170391211036,0.4262162299676608,0.5827206609632545,0.2847732065917676,0.1341677828778905,0.11041215303529175,0.41532320245887383,0.6523919070260962,0.3804412486997015,0.48779550893332113,0.42330389036171273,0.17812020010187807,0.5348802387490246,-0.0606224247640288,-0.00828239306134772
ROI_060,0.09144713245839907,0.9800108234025132,0.8798330104941358,0.8921018046884372,0.7392240954223106,0.3003451908753497,0.09962963534824955,0.722965486491697,0.578500906034958,0.7485438040080101,0.5198198264734865,0.8197337052448116,0.9213506704767067,0.5389030797105158,0.7420140116734171,0.8411812073596034,0.8058906029726363,0.8892944440702993,0.6427316287748642,0.6780525068657942,0.5898771826783443,0.5336878343330741,0.605569789813448,0.8064926593594746,0.6786138459587299,0.6389350277416348,0.7590940640839207,0.8587089774930327,0.7155348391114512,0.8419449278495907,0.1924743079331631,0.15562299346257089,0.11646425838620814,0.824187366953567,0.48214337421553594,0.1717840295146752,0.4067072686778794,0.08340623137532542,0.01447390481841695,-0.30434591762059954,0.015595692029131898,0.1784572199106196,0.1222625668208901,0.3517201000159177,0.3010864283041071,0.186405260833832,-0.13942462761198876,0.11725959275254917,-0.00037235900921742533,-0.0822156963162674,0.3289677235937763,0.9156995006575684,1.3114272468681099,0.8907001247390531,0.668283783823172,0.45989139327670264,0.977386924519813,0.6570302188298841,1.300349097950245,7.254328619247669,1.2809080729824007,1.016185040593586,1.301467793323017,1.2922496671575143,1.0284498308209538,0.7782805187171941,0.4107714968521981,1.246460893040916,0.8361685858198868,0.8367222410303083,0.8413384020804858,1.0642067422820343,1.2167928123565905,0.44915188924957633,1.2767208922259226,1.2181512232088387,0.9097104249371257,0.9857082197077979,0.2940504986260352,0.3149309606985465,0.42712628100035926,0.10208209614382209,0.45817279127178767,0.40922844322307333,0.9337578386388554,0.19252353001056186,0.2944030310899771,0.5836532191230159,0.21198865366932612,0.04330852898270278,0.1557172095936808,0.30201537212932983,0.4788812696597553,0.3364464115536589,0.39870404426152256,0.34523191169511874,0.10111633515734346,0.6056956290470179,-0.05972243190974428,-0.13584608278457252
ROI_061,-0.0040044125955173236,1.0550611331967392,0.814325155119257,0.9028559153669652,0.6626741315718306,0.1892353526472232,0.0017668558689230114,0.7550491831607821,0.5744051761533401,0.777604741281701,0.5581088828337687,1.0865647236170275,1.2808861508109064,0.6336617982195887,0.7775660528953975,0.8324808607926327,1.0144393492595647,1.0071629932444286,0.6547683006308118,0.8988201565488954,0.7539975221068258,0.5607418007566981,0.6978902875513289,0.8570672768879225,0.6837593076952764,0.7717739673851619,0.8593222520842723,0.7961294203012758,0.8308883611858295,0.895404954511367,0.06765883186163041,0.06172058142441395,0.05818061006531051,0.8888254060054205,0.5340050547145136,0.12238187514916096,0.325514444236521,-0.04063158277464381,-0.06512234504138882,-0.42449712987140015,-0.10389696136351788,0.07175890612097711,0.011918445561827985,0.2277977144193778,0.21957335597782218,0.023678661382073862,-0.2211434093357065,0.010456804288790512,-0.151321194242971,-0.2265915347140458,0.2156616303770677,0.7389291683409352,1.6097771378906522,0.8212645152364314,0.5103475063424721,0.3249702047417971,0.8408706304491324,0.5219448169728392,1.1095667828493336,1.2809080729824007,7.254328619247669,1.3541577448603375,1.6336315205169816,1.0978171999499735,1.3168866714967862,0.8927137206243875,0.33532529985664605,1.5007965792705347,1.12496209538267,0.9064625311681501,1.1184081537267496,1.0608716463212053,1.2610898364989385,0.4380458128738582,1.8347815667563458,1.336279553990383,1.1598745782962834,1.305775883610186,0.21255641984147128,0.10351922515602521,0.5112486409951786,0.08483705263122272,0.3936977583118284,0.5145344749488211,1.1919526020922986,0.13889360754717625,0.29801259699952837,0.577452311972076,0.2676144979278167,-0.07271667794470299,0.06666365752481448,0.16258810648242963,0.40662166237112596,0.1743256111038834,0.33413493226571317,0.2065976753456044,0.019616196700604945,0.5739780249927353,-0.2128033630588483,-0.21866489311842846
ROI_062,-0.08069863130170249,0.8459652055249929,0.6691976278943976,0.5928119356511343,0.53592956761386,0.07985437641130626,0.020677509168200492,0.6256764194968685,0.3381716897274509,0.5934600692494751,0.6032122271263353,0.8766194493813004,1.4421179522006717,0.5120279731181919,0.7547996571268439,0.5960373758049746,0.7773170490599035,0.7257372165637366,0.418935568816236,0.7053879701553758,0.6695798911621811,0.43836912457113447,0.5436129879320968,0.7840397049779655,0.5830155737998962,0.5806829632330098,0.71725041050452,0.5875634070791048,0.6961581668731877,0.6850184440742364,-0.0029737651332359294,0.06993261454023976,0.03166004687667107,0.591776703318463,0.4473094253916086,-0.0009313955823056472,0.21712498231822266,0.0343153974768751,-0.028253452923900156,-0.25343770493740914,-0.021666385525956837,0.08640422210974959,0.06810638029325695,0.12556607329622596,0.15920402689045254,0.10148767125432455,-0.129466661745089,0.020797164105262222,-0.20622977164593725,-0.17086823598047327,0.154631925917041,0.4941538340972917,1.0237303858267415,0.5879081420785871,0.392690319052121,0.2216779978840718,0.5605574905388966,0.3113922827549819,0.8754308085071779,1.0161850405935857,1.3541577448603375,7.254328619247669,1.340096971291059,0.8350930153555953,1.0132323730972974,0.8316762270470061,0.2036519852480467,1.104440218966627,0.6928439489141693,0.6456688471990922,0.868715708229111,0.7676141360489517,0.7566045029186321,0.34285670313694344,1.254689948616249,0.8337998203220757,0.8473434099796238,0.8909160957875841,0.24125658082605764,0.10937880726376577,0.39788703364236633,-0.07186487446805115,0.2953791037378707,0.37375103155008177,0.7782680996793695,0.011179432107126602,0.23461304141317507,0.44087080857230115,0.15622958428838507,-0.11875533424913039,0.09952406278328703,0.1217188253375703,0.3638650257435378,0.21878623708519584,0.2723585839084772,0.09012174411763635,0.040663579649447605,0.28814703674947506,-0.24760547443393263,-0.21869004081875804
ROI_063,0.00704156793841941,1.1180968303308332,0.8500325720396644,0.86855664770267,0.6776694630123314,0.2088127265128554,0.051215892624029515,0.7333613190957845,0.5271381770770137,0.7214675761388255,0.5541462086254618,0.9352999059597108,1.2043518767801986,0.5771875559677726,0.787232876464674,0.840459566335791,0.8510273103838475,0.8576338294471122,0.5734134093021485,0.7597866890926991,0.6377378076273122,0.5740871672529348,0.6235725457177533,0.8208299561343784,0.6830932794929409,0.6597022628627504,0.7650585972458454,0.8417919021408783,0.7456767457400375,0.9307591299708201,0.11693792520076186,0.13997005604724017,0.10131080524069076,0.821027720963833,0.5142843208708546,0.05949595427323519,0.3551009278134476,0.05790963985940801,0.07100775071336915,-0.31981152944718666,0.021073717571677024,0.14704441803379878,0.14163756218695053,0.3011147850687109,0.25508529649275913,0.15612810177976086,-0.11382663770928297,0.09524553422654095,-0.0690984254069249,-0.14725151215722185,0.26602702969294484,0.8042526887898623,1.5302109310689278,0.8623814851669237,0.5287569967450872,0.3418038404434116,0.8526331370157995,0.5148728398911541,1.167926021473501,1.301467793323017,1.6336315205169807,1.3400969712910586,7.254328619247669,1.2406026906861496,1.2802541737551532,0.8902062310307495,0.3395216985166543,1.3604043801633594,0.9533436125495609,0.8366312873127925,0.936737326506054,0.9823814030497947,1.1089917602576649,0.3922100991850871,1.3721753705780961,1.117415864091613,1.0329973819006135,1.105351701556202,0.3240018558974112,0.1982743019768812,0.49642267530708767,0.09666781152346259,0.4495751084019103,0.44479183938676264,0.9484889498529082,0.2006229036472133,0.2928064974686057,0.5380579859730782,0.1456075868761477,-0.02056609195753998,0.1435431367270745,0.2619112270019857,0.432869028842513,0.3354366056420185,0.3878854484308023,0.21809804089593338,0.06835217150157333,0.5100789102524435,-0.13815525318915056,-0.22254107026165937
ROI_064,0.24213501682577404,1.2501408474035283,1.0689689096040098,1.1965841188065645,0.9344886980116873,0.5140154176952122,0.3039845736215877,1.004910563091757,0.8061635609937506,0.9299174877546563,0.6578747504521806,0.9010573161612502,0.8609430701832756,0.692605129051492,0.8543649693222113,1.1481332834981848,0.8639474855010103,0.9472782633122264,0.7177353181831215,0.7810071465886513,0.6185537805142878,0.6945989623353737,0.6800272701783902,0.9671162832922703,0.6919665135020865,0.7269702172408364,0.8342783175729721,1.0075750675386639,0.7575606856522028,1.0025067221323607,0.32446675837674727,0.31508255717849526,0.24429000372920903,0.8842253154196833,0.6394330703278186,0.1458837745158401,0.49493539078398635,0.14749659665515216,0.247750137187413,-0.19400305188239106,0.20368887750163311,0.39820401588603965,0.3334355223072526,0.5722378468917675,0.5122322461114696,0.34135205447700084,0.032275551956573896,0.2751294993624116,0.08360406835338376,0.0038562180292920412,0.4062858591588776,1.2705020853934659,1.329673348271743,1.1484175196420912,0.8748749891328628,0.6984833732382602,1.2624832158394945,0.9215736468457356,1.2700667307643703,1.2922496671575148,1.0978171999499735,0.8350930153555953,1.2406026906861494,7.254328619247669,1.0778162116847774,0.8559399880727911,0.3631761285268582,1.0485013759908712,0.7017868590125403,0.7333193082571956,0.8136501361194446,0.946266829215364,1.0396668465018106,0.3891430012561027,1.1329421522410006,0.9923478469856469,0.7548344522222601,0.9870630793429392,0.25475554405725115,0.2751376308817337,0.3276459276098447,0.07494469217717382,0.42068296908543695,0.35677206454877597,0.8540526543169592,0.24217827364365244,0.31266168833765107,0.6322440283554766,0.14205950420208702,0.06627479161788176,0.007716820941062316,0.2605667768677315,0.4635915140218497,0.3188888480213773,0.43438647950520115,0.41628504728693183,0.15898265257757388,0.5346277188137838,0.003598079193826382,-0.12229194553362029
ROI_065,0.16651591367390353,1.2107176492757183,0.9711941507224349,0.9599927697406215,0.7259121037610791,0.33742910718432767,0.21471575516706634,0.9330847479514177,0.7379622442193459,0.9857166603472961,0.7276698330429046,1.2824211272809276,1.2877721923806829,0.9047845818549758,1.123011286805576,0.9974773740000029,0.9785995169316537,1.2222373517898841,0.7695376388982651,1.0578630221485714,0.9401905336878134,0.6881679624208676,0.8971203340048948,0.9940493866723614,0.8671091910655161,0.9297536331901977,0.9813535944178052,0.8958144487146346,0.8725966168842759,1.0114056320541989,0.16199979326426248,0.30310182730189383,0.2582499090099925,0.9777003131716974,0.6941286193694216,0.18945289846246657,0.4540620301761783,0.12600802195137628,0.1338550770017696,-0.18973922676112048,0.07035227654150235,0.23540896091802496,0.21503951237801758,0.3287016430242141,0.41588759988080704,0.15067955891525678,-0.039044011094319896,0.24805912056245094,-0.018951340415431634,-0.11178118624090001,0.3993051416136266,0.888822106731952,1.3019580339810501,0.8104261205190545,0.5922701409572404,0.47182068873404337,0.8406435932664161,0.5858342141187557,0.9443525330620473,1.0284498308209535,1.3168866714967862,1.0132323730972974,1.2802541737551527,1.077816211684777,7.254328619247669,1.251153289513378,0.4049863935159558,1.1545380561800913,0.8871715778613606,0.8929554429501648,1.309168392387745,0.7836841702925799,1.0613020217956537,0.34039182433371623,1.2427603676709007,1.0497743838216507,1.1732592662309915,1.2861443090338835,0.1290925386347148,0.1703842477690309,0.42295841958260116,0.09157631108250357,0.3271532174308575,0.47043784208484535,0.8638504995164596,0.14691227618769434,0.3975543579554279,0.6593913038175375,0.3543891049020723,-0.046304457294717924,0.01811951862336843,0.0812215761871683,0.3028244878343153,0.16946272696134754,0.27170618866242924,0.20859661229654852,0.051005095493797684,0.5491130804438502,-0.0581729307766357,-0.11264601807160074
ROI_066,0.25774984123492606,1.0348096662896429,0.8106890465002962,0.8145114568177519,0.7448581870044978,0.5278773085359993,0.4693790521644738,1.0265164633489885,0.6999117415526077,1.0584662119463666,1.0113921448440415,1.2611474625512646,1.2923603775477854,1.0960786238685876,1.5220941516787854,0.8728875487163898,0.9011074230748405,1.0727856033777872,0.7381109055147272,0.8660017396316372,0.8380273689803953,0.8337108178866934,1.0435090728972425,1.1130650409350868,1.0110717643785923,1.145694455153553,1.0497008397030845,0.9299400767312915,0.7921857583113638,1.2101445377591449,0.27000692713288094,0.42832017690559615,0.3391133652149408,0.735121567789666,0.883716528617478,0.17407437197998143,0.43521637008843533,0.36679418083044946,0.41033032680637493,0.07577906395385442,0.2779889764062327,0.4936927301820649,0.5104076965950514,0.4600302287497576,0.5464212371585312,0.3313444585183285,0.18691403501784537,0.41953588734708125,0.15750405759618114,0.07461161948239178,0.38304562529125685,0.7803285349190188,0.893168018823178,0.6736288337849308,0.634676988981717,0.5356426981322151,0.6933334895037446,0.5627348925009527,0.7354660350703679,0.7782805187171941,0.8927137206243873,0.8316762270470061,0.8902062310307497,0.8559399880727914,1.2511532895133777,7.254328619247669,0.31810402946869687,0.733772505689373,0.49882847242863665,0.6220405268272166,1.0344476373163807,0.6055623065129583,0.8150676018774939,0.258545218442543,0.8235439078319686,0.7246388253292687,0.8970253900074702,1.163606316595538,0.028388887921192305,0.13266761837026994,0.27857049812692986,-0.0193798324605631,0.17208201816715993,0.40026439052494817,0.5664235476181129,0.10104498515302196,0.40759313580909734,0.6906036931511875,0.24249989076194434,-0.022480817093537803,0.03527387701075055,0.053852326373428724,0.3135646712686402,0.08226102680222522,0.2402998515381954,0.18440371502579356,0.16599773172686172,0.3663950740016616,-0.00015203195526035303,-0.019817634929140952
ROI_067,0.3025711107945123,0.40139399042533624,0.4471781855143754,0.3041010507072551,0.33968861783391513,0.2613691989777764,0.36706226112820306,0.1405748080506257,0.33502713279194,0.36727970179439673,0.3596886255075808,0.2820595475168818,0.28821625077108903,0.3476980596913483,0.41673332925271034,0.2351837799867947,0.21893548302312266,0.32890260611420324,0.24379807080572313,0.47861030389135456,0.05917991766630126,0.27053987676738095,0.6254362992521876,0.32899285439183507,0.44109341221173115,0.31776403944386583,0.3142286851453124,0.5618568558708875,0.20718579233951667,0.42693588063337895,0.21872918224073737,0.4925432178654037,0.04602731825925645,0.4474863994965683,0.2056337426627304,0.7396990786644598,0.854625389130961,0.3226445902110591,0.11601654290084694,0.19889175764974648,0.3409485955089545,0.14855922088376983,0.2639708811373768,0.41755828050345317,0.4018521943687755,0.3626792441840368,0.22699650913884328,0.3798478339123199,0.4000933351737903,0.5909426108242676,0.5176040351619403,0.3594946277767016,0.39261610603992525,0.23907646685477466,0.3313035246012192,0.136056229374721,0.3767102160593462,0.4191300538708572,0.3977404192562184,0.410771496852198,0.33532529985664605,0.2036519852480467,0.3395216985166544,0.36317612852685827,0.4049863935159558,0.31810402946869687,7.254328619247669,0.47695511674957036,0.5370047830350749,0.779756376397321,0.18627998771098678,0.6010016766188555,0.5469104481179928,0.6131251365976883,0.309408698506841,0.5218404934887751,0.6702268545288154,0.46471148736876416,0.37530051980720525,0.40128076798945295,0.9244579662036979,1.0444640860348717,0.6996647794071369,0.679661289125469,0.4672040527859722,0.7802343574183727,0.7939034234430955,0.7207011461616808,0.8158065902931111,0.6508917895290959,0.506739455356328,0.5090289136711496,0.5745736696590916,0.4246992400191085,0.7066542123540995,0.49672735870393625,0.5797471177026339,0.9833212531982612,0.706793265015674,0.5938153792717266
ROI_068,0.06924587079371265,0.9093483480987469,0.8033271703704795,0.7978308941048498,0.5856652857316073,0.13061860247530865,-0.016604467641983565,0.619144590925329,0.5129063900444388,0.6821347758294141,0.5242925805165951,0.8888550265166921,1.0041185428660284,0.6127328582679682,0.690480588674578,0.7497935597096541,0.9053795875721923,0.967359224944627,0.7100800095660531,0.8915007203973483,0.6192627883228071,0.535681302450156,0.7531503256333857,0.7646892219536154,0.6040363294229492,0.6994644867125127,0.7732913290228038,0.7998045186981911,0.7430215247622926,0.8459994835347036,-0.02853035473924403,0.15722945942828184,0.003801906726745225,0.9499328172497057,0.4672642912879933,0.1834191514172481,0.37127100192166557,0.0391479174453121,-0.10176821976774633,-0.38941873083963785,-0.10528197709310605,0.021200191561380574,-0.005350224743085463,0.1869296088207417,0.19558502524942625,0.019050363992636585,-0.2464043685070597,0.03152451141056633,-0.07834357541069703,-0.16797362952661712,0.22511133231927685,0.7458738314896654,1.3845808048383872,0.7554560796715788,0.4594772786224345,0.2573414437582052,0.8046934418595965,0.49783670575317,1.0865025138907418,1.246460893040916,1.5007965792705347,1.104440218966627,1.3604043801633598,1.0485013759908712,1.1545380561800913,0.7337725056893728,0.47695511674957036,7.254328619247669,1.160575832002271,1.1650049194862044,0.924763683370358,1.0810490399601458,1.3083070010671296,0.5030403805473617,1.5045200035331403,1.4845571711379641,1.1003940346522472,1.1663711037859046,0.23787413042465205,0.25232367853048854,0.4736780915160164,0.10735819796378235,0.3978672205522937,0.44547877464675195,0.9932768662957763,0.12784006816502363,0.3263837675774871,0.5071532933231339,0.3168448097830658,-0.046968182789507144,0.07675881188083987,0.18807057406923283,0.3716203119237313,0.25035955323292036,0.32077558894639085,0.15885105404417113,-0.033060313649691454,0.6822615980849615,-0.10334609002942194,-0.132550111186183
ROI_069,-0.10553037778902075,0.715608589752949,0.5989903234779804,0.6789873335479091,0.44661962898590724,0.11062774904404699,-0.1570181974883259,0.47786386399068037,0.5159632336300366,0.5602069689055952,0.34148224544817074,0.7464602119719188,0.7256034968761866,0.4829104423203713,0.49170676504981203,0.6233156045592444,0.802533208649458,0.842437033165125,0.6199168606048805,0.8859399427152762,0.6182193820399419,0.4580826477290141,0.6107680546056373,0.5877651031280441,0.49374949649033123,0.5747347257903264,0.6398042113471969,0.673747595373196,0.730368510939649,0.6659593896347558,-0.08453429959775097,-0.0023856067193679326,-0.0023267734753766624,0.9486343333327852,0.3869548186195711,0.24783452743099949,0.29278004292594256,-0.13925423930648867,-0.2052553495516494,-0.4722513441125951,-0.21134924963959825,-0.068684202267644,-0.16350904959959348,0.07962440716067994,0.07817969648098247,-0.16805396831596087,-0.30499898841002016,-0.09040749256521617,-0.1753482985981334,-0.2412739941696226,0.16344054354158535,0.5448332960797522,1.1094290610202497,0.5941690490519228,0.3815808535764528,0.18686035312019672,0.6937958884837329,0.4221533985884111,0.7261558194015755,0.8361685858198868,1.12496209538267,0.6928439489141693,0.9533436125495609,0.7017868590125403,0.8871715778613606,0.4988284724286366,0.5370047830350749,1.160575832002271,7.254328619247669,1.1482255680804927,0.8741223896106585,0.9090512034600646,1.2114128509859925,0.4789683631638824,1.1188733089042513,1.186034073807635,1.0942082444860106,1.0075032382498612,0.13820630969846592,0.12347011612650406,0.6191707722046543,0.3541597294742207,0.4471023314061529,0.5292677125339794,1.1032267740889112,0.2557415535906706,0.354252068923964,0.5180703114326254,0.4800930501541281,-0.02607502481863883,0.06985351901840917,0.12497778028757683,0.29409896054641704,0.11485590086814838,0.31011898761260714,0.14945230344824703,-0.07925956067510104,0.8190434365579611,-0.11576649828242556,-0.17877294374738106
ROI_070,0.1368410886702873,0.7568208158708816,0.7322077179569058,0.6774112188082839,0.5222027374011847,0.15332921911250355,0.020134604804300647,0.4448578430881606,0.422560480959244,0.5615499126278761,0.43669551572732707,0.7345792117479744,0.717193568189692,0.5806582747237298,0.5363575032848726,0.6218905311239392,0.7054819442068252,0.886245553074916,0.5886535906192395,0.7300855272774422,0.36842865816706477,0.6283555072604727,0.9176616457502393,0.6502019472696887,0.5376329735247983,0.6217893039659783,0.5405642957047846,0.7151380849140934,0.5287029818717005,0.7059432879182931,-0.035286125333357524,0.29266266153142284,-0.04376800137256139,0.988583874191634,0.5063285409499279,0.3082964767084605,0.4577852792952507,0.06701933557396365,-0.10752380994537485,-0.319061600756705,-0.006730919349621231,0.010822358085355853,0.10415175157259139,0.13680363457790604,0.21780377855751273,0.024801158845043813,-0.07682978806812565,0.2054163259365434,0.00879844232231191,0.016614634914454404,0.30392891612192047,0.6860397690891362,1.0190370850332473,0.6769757227856732,0.4109922580158336,0.22357010375857947,0.7080600985199667,0.45726288402545956,0.7134699681132782,0.8367222410303085,0.9064625311681501,0.6456688471990922,0.8366312873127925,0.7333193082571954,0.8929554429501648,0.6220405268272166,0.779756376397321,1.1650049194862042,1.1482255680804927,7.254328619247669,0.6694540172265581,0.8019133783448164,1.2085453460705349,0.37924290292826246,0.9081310361661312,1.0121837077962468,1.0506325130741172,0.9409551138168883,0.20797222073947155,0.3767524436967668,0.5835062579118903,0.4085896384572438,0.42771513176111886,0.5889004680368822,0.6958763977121125,0.2739678241605122,0.5047967110517438,0.5019564411554562,0.4733538894091093,0.04668325490983794,0.07350648541481575,0.11865378571160984,0.1983518610655967,0.20759906534891037,0.2704154098796772,0.0863984349458276,0.021062063322224905,0.8232986692718424,0.08039495091075853,0.020695263660596912
ROI_071,0.013544541763523623,0.9199013470164088,0.798075526968114,0.8272089598634401,0.5779728819071241,0.3561089314538165,0.11870382539744084,0.9803330389508601,0.741332588605476,0.8717602368483961,0.7143064010581078,1.284934894980087,1.169616240801,0.8983864802665765,0.9322423085412392,0.9197467782078069,1.0984592365450747,1.3388828820378553,0.8734435074636284,1.2137297889930398,1.4361169849086866,0.6384664844204458,0.780328223887213,0.9602074909593146,0.7237363097869689,0.9740150674555311,1.133298679858589,0.7042629513451723,1.0563005998996837,0.8552204200632896,0.033354900808995336,0.13629833739041364,0.2655548797486104,0.9490358792463154,0.7276085088647534,0.060808385812876176,0.18394291411922203,0.01711648380153611,0.06818548424241347,-0.16732724057866166,-0.09246707286907087,0.20358499371205324,0.07118830419967198,0.14350910676660134,0.24767719179991302,-0.08430598513916703,-0.13348509252353105,0.07305524050523537,-0.15423199047040256,-0.3265607734999963,0.19051425741592368,0.6612514722927441,1.0501293060988972,0.653449429939826,0.5130822601432864,0.4803497156582021,0.7047030097210064,0.5136907567267279,0.6990557406362222,0.841338402080486,1.1184081537267496,0.868715708229111,0.936737326506054,0.8136501361194446,1.3091683923877455,1.0344476373163807,0.18627998771098683,0.924763683370358,0.8741223896106585,0.6694540172265581,7.254328619247669,0.542442745833454,0.8790934138903183,0.2680323516797014,1.1306035496783118,0.9265465379666225,1.021298267587848,1.1494334619100715,-0.18767013337714133,-0.05337463480973214,0.17102640883751155,-0.10468875405133574,0.0653594937257718,0.2473469901875586,0.7595863221763662,-0.09746626744815101,0.19582577769866585,0.5090819259388312,0.2767965323149777,-0.277913589034317,-0.11768786129164774,-0.11000863269733048,0.1391073828417668,-0.09986345866988461,0.0359997300371511,0.029646756366098682,-0.2166185517625137,0.33682314703542554,-0.24402083405561967,-0.31179981318103794
ROI_072,0.09206712487794304,0.7964589681420553,0.6784861958552266,0.7777814520849908,0.6771175337931663,0.2332663858640773,0.1203309592279472,0.5316923836374208,0.5137658746395769,0.7443566861034633,0.4336148623591496,0.725455416527211,0.696764913864764,0.40759146674955876,0.6128747564849761,0.6562462194596159,0.685751097926584,0.6986731462731903,0.4873105486341969,0.6115746614987275,0.36946810718958206,0.5177243971061217,0.5570416850629867,0.5882835956584727,0.694867316693696,0.6359009550685665,0.5904875580812468,0.8347799498803624,0.6039371335366124,0.8019948181640906,0.25867272277374564,0.1431747085017335,0.020494385024187847,0.7307278660741114,0.38017693597232954,0.2818658219260699,0.4817350405652754,0.14501730659298429,-0.010720094687115872,-0.32528232419521264,-0.005858462659311872,0.17428317365600154,0.09183915844008264,0.43668180501790044,0.2882790555982727,0.17974255120905333,-0.20518375848676532,0.038959883503073216,0.06353187552978203,0.051255345260785845,0.35705948885345407,0.6717258676933747,1.0495482108258865,0.7162806411483161,0.6194266174554944,0.2689622059888162,0.8617145880679931,0.5965893104932497,1.0252824000324843,1.0642067422820343,1.0608716463212056,0.7676141360489517,0.9823814030497949,0.946266829215364,0.7836841702925799,0.6055623065129584,0.6010016766188555,1.0810490399601458,0.9090512034600646,0.8019133783448164,0.5424427458334539,7.254328619247669,1.0694169324881755,0.6159938097981756,1.0696606188484907,1.170646892712303,0.8970541618420882,0.9980030124730866,0.4239048657583466,0.23668729724977366,0.6930144617606006,0.31220665885376764,0.5981976946422329,0.7135099466635445,1.01642617832977,0.3931876131886796,0.48499184121014904,0.7040550591409486,0.3375774190309629,0.18875129783195338,0.2532933247060513,0.4315480678996575,0.6561178584143973,0.286750678341301,0.5647904849795152,0.4553124589309191,0.2629407439762565,0.7397731641698481,0.06162588023876701,0.07634713933206205
ROI_073,0.21580234000080578,0.935981574953578,0.8079993776155902,0.9126194014676017,0.650186008017726,0.31455878949049326,0.09119596957715871,0.6632778142033358,0.6296382672593585,0.7238734817295939,0.48925210555680976,0.8849472799090953,0.8750326593681282,0.6512915365148594,0.7259487661193628,0.8197360404759693,0.9834298491196398,1.0283858052637798,0.7470618206601716,0.8536947050152563,0.590034898492751,0.6945427669444946,0.8793692723511568,0.7749690988439468,0.6800962488099733,0.7463285244432886,0.8003483613106559,0.9735162008397834,0.7737665659487339,1.0300513991190714,0.10500835966841766,0.1530084622159508,0.12028532164204435,1.0577291837695884,0.5949232782442906,0.28038231327651086,0.3951876666518079,0.12011249200953616,0.027472302246046996,-0.3327416663004158,-0.00801056156134483,0.12434774635075925,0.10974197706393952,0.30835867633279057,0.28675524671378105,0.0880450852391654,-0.13356194817807143,0.1608075377749738,0.05943611356537543,-0.08874751113325088,0.30963946756704364,0.8915145662010678,1.440677815906028,0.8391093845707626,0.5997164395129045,0.3916399857919603,0.9516432126118493,0.6068053349424141,0.8912495418632014,1.216792812356591,1.2610898364989385,0.7566045029186321,1.1089917602576649,1.0396668465018106,1.0613020217956537,0.8150676018774942,0.5469104481179927,1.3083070010671296,1.2114128509859925,1.2085453460705349,0.8790934138903183,1.0694169324881755,7.254328619247669,0.4434489701462247,1.1609242435102227,1.252586679083222,1.1141008145149214,1.181474799210101,0.25808381229593824,0.2214638126130173,0.5504942971248941,0.2644051591176674,0.47207082434283404,0.5224178934456143,0.9607670926099717,0.2816317212194117,0.3813932243007006,0.6153346995270492,0.3208650947847844,0.051548800979600726,0.13112686592991082,0.22966794180805172,0.3574873963654144,0.21543401983125807,0.358395328957045,0.21491634109789098,0.06095285840418897,0.8999336674173118,-0.018907235119303843,-0.0976763857132856
ROI_074,0.00866259974657652,0.2288570794861049,0.31923222798399414,0.10012055510271661,0.031670506897484414,-0.057592341490339434,-0.010634354930491613,0.07218379100960622,0.19435423279703715,0.2793593224073383,0.2957622468502379,0.1720936181847837,0.27513281843295073,0.28793719319774874,0.30418872211037346,0.04309990592972248,0.10606341819307727,0.17565320153245395,0.3294189627820744,0.4618173670202126,0.17704917297246198,-0.16176521977676864,0.2728236879853193,0.1946447968382752,0.2155611675560109,0.15462925332778338,0.2798111410902487,0.2916372395044666,0.25578158793779315,0.23071878501295046,-0.13092438311238744,0.1332318557253421,-0.19759603257464453,0.17876246024091771,-0.06533423799073794,0.4425825391787822,0.5099839937561171,0.18069204936995492,-0.20708114821038776,-0.014793886247795705,-0.05883447139569231,-0.13924221907444753,-0.20802386694125452,0.15336276912855026,0.016045157409870097,-0.028548647951270763,-0.23982843693873276,-0.2166742424571433,-0.11225787102623683,0.08228993255334091,0.36144871845996474,0.18949313691301603,0.3281357895470838,0.014119660062028036,0.05053543733013576,-0.08220493464983779,0.17146161125750117,0.16172242504861467,0.5459967460000221,0.4491518892495764,0.4380458128738582,0.34285670313694344,0.392210099185087,0.3891430012561027,0.3403918243337163,0.2585452184425431,0.6131251365976881,0.5030403805473617,0.4789683631638824,0.37924290292826246,0.26803235167970146,0.6159938097981756,0.4434489701462247,7.254328619247669,0.44913728686781035,0.639099287263443,0.5420148820365329,0.5023849568415679,0.4443054641982138,0.3328869368286413,0.5421470901660147,0.34383297994258416,0.5311304817619836,0.29643881927529975,0.7705703697452495,0.3210456346168653,0.40393342776275376,0.3839893613066687,0.7307455555585738,0.4544218652169846,0.5677262262930864,0.6723579601966496,1.010670394960466,0.41398955713545943,0.5339491541045088,0.4134154836654594,0.23926938649532606,0.5698296773621572,0.056168413746629536,0.3138165753881059
ROI_075,-0.027534475885650354,1.0491273871800608,0.8203760039966685,0.9393987445972211,0.6622474045717684,0.21903690634116943,-0.00933147479020281,0.8246090481227183,0.6377961810874898,0.850366871230629,0.5931246980385013,1.150521098560266,1.2035279345078034,0.6384864808616318,0.7198552363219036,0.8819711561928371,1.1419563372152108,1.130735524489024,0.7708843624185411,0.9679936159886184,0.8230564157176976,0.5740148184784388,0.6703831742652633,0.9488521296226278,0.7099833110072515,0.7958337491959298,0.906218579706237,0.7718732132826656,0.9257975241881778,0.8006851439621445,0.06927657766827029,0.06597418247215953,0.060363681489967375,0.9989503472620624,0.551190543790554,0.14462629995450751,0.3122831180232101,-0.09949597735383701,-0.12348815283293092,-0.4501723071118831,-0.13836332077102448,0.10211303530917908,-0.030690315715987633,0.18858830229062998,0.21562008159307144,-0.03847005859498112,-0.26480094614586763,-0.0015581367716252744,-0.2127098796727285,-0.26662885500407646,0.18543874110222988,0.7622448619188802,1.4164438685643426,0.8255600849553146,0.5873717092387903,0.3866453079488411,0.9002177628888309,0.5916395730494495,1.0927831853800998,1.276720892225922,1.8347815667563458,1.2546899486162495,1.3721753705780968,1.1329421522410006,1.2427603676709007,0.8235439078319686,0.309408698506841,1.5045200035331403,1.1188733089042513,0.9081310361661312,1.1306035496783118,1.0696606188484905,1.1609242435102223,0.44913728686781035,7.254328619247669,1.2875115380866142,1.1103624158748058,1.258628365904601,0.10015628502270832,0.085610125892044,0.40914770706120573,0.028992000098775297,0.2913834305303707,0.4872055641308034,1.1708532355340937,0.030336072394919467,0.3081788285888272,0.5654240552178135,0.32655270028357203,-0.12686351374756924,-0.06915876997055535,0.10558347475762424,0.3328955076846354,0.0926648643521362,0.24048346261312806,0.19130158111625803,-0.057148951074242046,0.49873366450466217,-0.2070226790461002,-0.2366978152709863
ROI_076,0.02287486610941275,0.7982502501984156,0.8160535711175897,0.7633418155530377,0.5304341798011568,0.15220250933888155,-0.013108313469589067,0.5870811866302102,0.5486759398783764,0.7763175587161905,0.4968974454697388,0.8689500706960563,0.819220181986407,0.674230644205024,0.6985366248620424,0.7438776998172724,0.7980819329754961,0.9226701429273082,0.781747482901086,0.8264145269829283,0.6436984198146042,0.47906669363719445,0.7314693035981372,0.7204154353005205,0.6798350413437724,0.7244810960000869,0.7462350261101707,0.8376645115662583,0.7238788133581039,0.7971918133891629,0.018936864591876004,0.214537332155609,0.009068909121256236,0.8871068648809703,0.4537632563562636,0.24119164394676823,0.4483445847320704,0.02951990806403318,-0.13311728845756585,-0.38569033573083117,-0.14554626533112122,0.07147842862477735,0.0017158983537267209,0.25744069647712625,0.2095037755217029,-0.001582925217558868,-0.2617881281742506,-0.013014846601665188,-0.10952303463681363,-0.15690579950439273,0.2943185750655137,0.7414069028724685,1.2137886868450403,0.6940279540917561,0.45669482633284164,0.2818149424020999,0.7530931953272132,0.5040534667738656,1.1845140664332896,1.2181512232088392,1.336279553990383,0.8337998203220754,1.117415864091613,0.9923478469856469,1.0497743838216507,0.7246388253292687,0.5218404934887751,1.4845571711379641,1.1860340738076347,1.0121837077962468,0.9265465379666225,1.1706468927123035,1.252586679083222,0.639099287263443,1.2875115380866142,7.254328619247669,1.0916336683119114,1.28534902094214,0.22736464494966593,0.3559643716761926,0.4986859426822572,0.16255878005270885,0.42421159877445286,0.521201752892044,1.1578731491980978,0.20222003187699877,0.3888493456883997,0.6096466323768349,0.3977832542016761,0.03915973632849633,0.1454631903402061,0.2673706109450274,0.49138416010837777,0.30031644200516716,0.43123926375513727,0.30382169663705805,0.0026657671730293277,0.7883960784871126,-0.1127562431438795,-0.06816958124479763
ROI_077,0.013731788336508849,0.9057787059731378,0.7965960756975786,0.7475266516492473,0.5273387042227331,0.21991793917340333,0.12560283366911923,0.6473809870484117,0.6215133724175127,0.8640369981469752,0.676765625072049,1.0445573671049262,1.0161400368401048,0.7578388757570322,0.8757120476340224,0.6688164391687988,0.8303632543374038,0.9791447888186415,0.7040449240390997,1.1258565715837021,0.6755042375198653,0.5159003582572272,0.9205041431253141,0.7677706785314509,0.8739647411184486,0.8128787182108337,0.8704444750896495,0.9155631347669604,0.8526158798564459,0.8646539853997753,0.10486881042094941,0.24830044414515143,0.0819625773223004,0.9127368991519604,0.4960615565907193,0.40912088111437406,0.5211427737919664,0.09960264914697578,-0.019220231649932074,-0.19414024637000604,0.010167375883586708,0.15232974982488998,0.06602616200277106,0.2570616138719375,0.3084394048144876,0.059141532985877106,-0.10197021835393909,0.12817184930208372,0.04364951915881053,-0.033257151874697,0.27039692488981737,0.6677539752608541,1.0595073770897347,0.5781850435443141,0.47377510925176813,0.266061986931089,0.7066775205737007,0.5209431182709123,0.7611723350959512,0.9097104249371257,1.1598745782962836,0.8473434099796238,1.032997381900614,0.7548344522222601,1.173259266230992,0.8970253900074702,0.6702268545288154,1.1003940346522474,1.0942082444860106,1.0506325130741172,1.021298267587848,0.8970541618420882,1.1141008145149212,0.5420148820365328,1.1103624158748058,1.0916336683119119,7.254328619247669,1.3206206824323572,0.13542627508550772,0.09334346967001883,0.6749453978236085,0.3621438778405821,0.4005531014912647,0.6254615777832179,1.0125454516046803,0.27147795150936765,0.5216614840099729,0.803031805190562,0.6456777387164435,0.1169434837140583,0.11507387239434465,0.17919554824470504,0.4269684760597166,0.16347209646267613,0.34523160720070184,0.26221050893329306,0.11775578473688034,0.7844227554296702,0.07283224364769188,0.0221145601530252
ROI_078,0.04308625669304658,1.1110021609041985,0.8722777486981438,0.9840478547482057,0.684064626732344,0.33774481122918576,0.20734048571724947,0.9020049041954002,0.7996022019738749,1.1334847738922607,0.8711236360315263,1.3749418771902215,1.1662600540867958,1.064724039393954,1.060012748442391,0.9253505701173326,1.054843462753886,1.200379967732489,0.9413730723560989,1.1313501995462478,0.8502510353971948,0.687067744776882,1.0438597660734512,1.015849963863603,0.9473760029964143,1.1613955646052296,1.1090963687096609,1.0761668586546986,1.0355817163842846,1.2203460407921343,0.14504059342931233,0.29158225695290363,0.15895699016938664,0.9823406279731722,0.633413376411406,0.32773347691182153,0.4988422831356213,0.12736438641632386,0.09171574621224106,-0.22231642884087646,0.03683577532841081,0.32217478898887736,0.1875275319230713,0.4138429491489033,0.3856992852075593,0.11526995030983475,-0.05694125129167958,0.17212985216941926,0.047421845374226335,-0.055088335257147694,0.2865396105460409,0.8253060973329153,1.2866171039791205,0.7989218083845693,0.597779086232954,0.41582777542772004,0.8664494142917367,0.6390495857545725,0.9830093739897967,0.9857082197077979,1.3057758836101865,0.8909160957875844,1.105351701556202,0.9870630793429392,1.2861443090338835,1.1636063165955377,0.4647114873687642,1.1663711037859041,1.0075032382498612,0.9409551138168883,1.1494334619100712,0.9980030124730866,1.181474799210101,0.5023849568415679,1.2586283659046014,1.2853490209421399,1.3206206824323568,7.254328619247669,0.03977571528147757,0.16195113709748404,0.4753852783735217,0.1394608058548136,0.29708688491103863,0.4846111629355191,1.0712060905929464,0.17995335028595216,0.4602935846339284,0.8368723046284514,0.46259219202187335,0.04533555759032159,-0.010263389442058844,0.08676334241138979,0.4334362555980321,0.1212671130862547,0.35942226387920934,0.2760589107603918,0.08703619348215323,0.6565175179055087,-0.050028565435436496,-0.012319435546054103
ROI_079,0.20883361578977824,0.11277545048294108,0.16104992408126917,-0.023821396792673675,0.031452652993303236,-0.14930146743182174,-0.04505131327103048,-0.1744537407946408,-0.1531169328271427,-0.08932177291191185,-0.077833729837703,-0.190691395012577,0.03680563051616269,-0.14025752599666633,0.07315313138466353,-0.0639051990542876,-0.18615339658236657,-0.1415722299038918,-0.2156669381847514,-0.08608232921054572,-0.29166488852953104,-0.13749457382079794,-0.004108168059209527,-0.0778927695867278,0.016151879120200635,-0.28246149557281836,-0.14196165569974417,0.14955730647302873,-0.12380506477267703,0.06075149905009264,0.12271528804209333,0.07380509533811362,-0.1457597175680257,-0.02787888363039815,-0.0897675517736304,0.16819366088968912,0.34798201728060185,0.3049102848632635,-0.017885219025024268,-0.07579008571253741,0.11060743205829864,-0.17103865687385675,0.011784099432300766,0.15695072991780784,0.06469142828420897,0.3044222909595732,-0.032054999089308464,-0.0028489066881449746,0.00919741546643132,0.23923507701755614,0.36938833602710636,0.1592345603374246,0.20797737747891465,0.055294514889800354,-0.01945423314257487,-0.1620818340295225,0.0869441095910707,-0.0036575882035371583,0.3627490767140143,0.2940504986260352,0.21255641984147128,0.2412565808260577,0.3240018558974112,0.2547555440572512,0.1290925386347148,0.028388887921192305,0.3753005198072053,0.23787413042465205,0.13820630969846592,0.2079722207394716,-0.18767013337714136,0.4239048657583466,0.25808381229593824,0.4443054641982138,0.10015628502270832,0.22736464494966596,0.13542627508550772,0.03977571528147757,7.254328619247669,0.5367504674558257,0.5685734777956306,0.3963936671321925,0.8706863844934911,0.2788558769653423,0.2840019992849682,0.5159498667917368,0.31215297151833366,0.1261185657639378,0.09993911670221807,0.4722011130103098,0.7786104880695415,0.9005438173538776,0.6142622171025809,0.8240587489904878,0.5852157534245521,0.3327990972029667,0.5106469090621754,0.44727702013687504,0.1607065640171906,0.2439013060409425
ROI_080,0.31904621795907384,0.13662264295425638,0.45196994710905963,0.10252987148837542,0.14886596199988572,-0.016412876250936577,0.10455345649491954,0.007915921573874087,-0.019970107458401668,0.14538536915832168,0.21714723624566903,-0.015005300582499355,0.04385779830645266,0.2298367783487463,0.16630096519315493,0.17928162788542268,-0.06278686139056804,0.07014084058488491,0.1513782342612019,-0.014191496669241108,-0.09061840331065014,0.0849582500759764,0.2897644377891383,0.19569853158612416,0.20841081787490684,0.004674162573652087,0.012736341409617751,0.24169876588200162,-0.02151593830787873,0.07165877361306408,0.02417225402791677,0.6649030193798133,-0.08464810290377238,0.152485820070346,0.15511191487564716,0.19164988066640753,0.534490717586115,0.2937524229308482,-0.0016548920173876135,0.01964105788366799,0.2509962672946152,0.07086560174739111,0.29785615070101723,0.24611583792994224,0.2680058405983817,0.32929311117466853,0.2347928530990402,0.3113630215881847,0.09239138835621444,0.32505732437786106,0.378685493448616,0.31953107224955746,0.16280597180203857,0.20394488454290388,0.1718893601385297,0.04286759346443837,0.13921661956673576,0.11574878810842909,0.48401637833650124,0.3149309606985465,0.10351922515602521,0.10937880726376575,0.1982743019768812,0.27513763088173376,0.1703842477690309,0.13266761837026989,0.40128076798945295,0.25232367853048854,0.12347011612650406,0.3767524436967668,-0.05337463480973214,0.23668729724977366,0.2214638126130173,0.3328869368286413,0.085610125892044,0.3559643716761926,0.09334346967001883,0.16195113709748404,0.5367504674558257,7.254328619247669,0.21115435631457502,0.21201956107655814,0.42901205629946665,0.11603962093730526,0.1397538551169707,0.2753322192343445,0.46860005914951014,0.21236130039243445,0.18875309309480554,0.32743308514053027,0.29733416969155574,0.48534393531954506,0.3051252010708992,0.6334060959406842,0.3874532872470388,0.25474439020899264,0.2471238229737381,0.3698156337705572,0.1417827109619664,0.33878710189075095
ROI_081,0.09276630750582142,0.46248408857390355,0.3844593585276354,0.3020203202071118,0.28508492727405643,0.06995901001565405,0.11202878227210808,0.14102319813261846,0.27526759449007343,0.329675446185082,0.19769812834166064,0.301679742801722,0.38700598661742697,0.21088492357437358,0.35852134782659467,0.2466529477890802,0.2213754124550982,0.2596409535914648,0.07910529223379652,0.33687216353153,0.05222570139348059,0.11533693852730786,0.35090775754324627,0.22556925602661707,0.42099914717586856,0.1712714333694141,0.19156800715563443,0.5039607249921284,0.24618526733677581,0.3298902425175237,0.2918700414252163,0.17566259866187756,0.12047557624581239,0.3834853297168836,0.09206966941429542,0.607676984572324,0.6532955566665763,0.03297812177717245,0.0018340087508839646,-0.08074894579010392,0.214539879013397,0.04287351558441573,0.07312787711858013,0.3347686109615865,0.2709205727513421,0.24914068045083262,0.07634168666505065,0.13985797087755614,0.18268287207383702,0.2853459031584747,0.47509966222863986,0.2972638171108528,0.4990431089426953,0.23947748336112024,0.22992232352195346,0.04052348898420252,0.33804969539590657,0.29939115532747823,0.4156128224627381,0.42712628100035915,0.5112486409951786,0.39788703364236633,0.49642267530708767,0.3276459276098447,0.42295841958260116,0.27857049812692986,0.9244579662036979,0.4736780915160164,0.6191707722046543,0.5835062579118903,0.17102640883751155,0.6930144617606004,0.5504942971248941,0.5421470901660146,0.40914770706120573,0.4986859426822571,0.6749453978236085,0.4753852783735217,0.5685734777956306,0.21115435631457502,7.254328619247669,1.2025367154413054,1.2318259688719628,1.0516628295137673,0.7635450124034479,1.115260218720099,0.7933324108812484,0.7612709379133982,0.6717592462114867,0.7247264772075018,0.5354648206142434,0.519139411226022,0.7585031023227784,0.5858191732368959,1.05545519044881,0.590645611690689,0.7045455010503543,0.9081367154949955,0.33900616491141217,0.313322703265321
ROI_082,0.14461800142789463,0.20745769609703898,0.16289917409180008,0.13815206568772112,0.16142796306399074,0.12520778119873793,0.19240361046518112,-0.06513178698390705,0.20531757619450172,0.11351818043832732,0.0026062941043870184,-0.011261411070763911,-0.028767108076003665,0.011734128290210644,0.06479195344758118,0.04832568720120637,-0.07557438718974138,0.01084987177752441,-0.09664069867251564,0.12150681223403484,-0.219984924403444,-0.013070872931215588,0.1851196940616383,-0.030249083535818948,0.17307940274883696,-0.050827978577925655,-0.050890004644428125,0.29985410589879347,0.004733052825031657,0.07972812089852095,0.30457096568817743,0.24117276699310178,0.08877185982132993,0.19957106407431338,-0.06079111045832366,0.7552821482001706,0.6672770442213727,0.04450056347955467,0.044933691355117815,0.0976245888769029,0.335809546790141,0.04701742682609531,0.11440396621824352,0.3484227180856187,0.2818365246054578,0.29064526650873557,0.26084810891424365,0.27065185925853746,0.3585628062791848,0.5348567592404311,0.42557487820832124,0.17756686184951936,0.15771289912642167,0.09468216005652998,0.1556588179098265,0.0491575210609167,0.19050758185417957,0.26714524309697807,0.12852181665265114,0.10208209614382209,0.08483705263122272,-0.07186487446805115,0.09666781152346259,0.07494469217717382,0.09157631108250357,-0.0193798324605631,1.0444640860348713,0.10735819796378233,0.35415972947422075,0.4085896384572438,-0.10468875405133574,0.31220665885376764,0.2644051591176674,0.3438329799425841,0.0289920000987753,0.16255878005270885,0.3621438778405821,0.1394608058548136,0.3963936671321925,0.21201956107655814,1.2025367154413054,7.254328619247669,0.9405014395275244,0.7218243104934633,0.35136321290722006,1.2753351899141054,0.7439957603067979,0.5639041805903595,0.7241781728383389,0.9176242101990602,0.4424586270619433,0.4489660781866405,0.5155952191709889,0.4678241894101156,0.7897685545734096,0.5815646338337965,0.7373281964316941,0.8065253912074818,0.6527174059117035,0.5171008123232879
ROI_083,0.21168562348287634,0.4639324629017738,0.4260560534408183,0.32147977386058524,0.3557461943561067,0.1295248622287118,0.17951167256263534,0.1189105394707919,0.2881321658762454,0.19848762384550378,0.0716152883461921,0.09285301637365198,0.2016792256287652,0.09027485224403542,0.29818287892097345,0.27657606636352317,0.046629906361219095,0.12454504993607507,-0.0279320605232521,0.1888259490398468,-0.04202114979874322,0.000242482158238939,0.1801468021893799,0.12899123060405177,0.24293264798803432,-0.03849693605663933,0.09835774054331975,0.4109354125644775,0.1471880540484182,0.2547890907599707,0.4121273872182886,0.22835513567025814,0.15867593518114617,0.25309120253614237,0.027897227855312793,0.5022866255560001,0.6566852957670554,0.14582593399758156,0.08369436768200353,-0.0083212789239588,0.35481874539105507,0.06574264682912485,0.11673572330469917,0.46516260363138,0.39949120847633973,0.44101112864209424,0.16557156706173196,0.20261007058880087,0.20585888667857027,0.34785235671635345,0.5776285200570701,0.42843878647393485,0.46613186856165645,0.3437986254005797,0.3043118910224203,0.15240851161847857,0.41010744232749846,0.37889147061348105,0.5131789252289323,0.4581727912717876,0.39369775831182835,0.2953791037378707,0.4495751084019104,0.420682969085437,0.32715321743085757,0.1720820181671599,0.6996647794071369,0.3978672205522936,0.4471023314061529,0.42771513176111897,0.0653594937257718,0.5981976946422329,0.47207082434283404,0.5311304817619835,0.2913834305303707,0.42421159877445286,0.4005531014912647,0.29708688491103863,0.8706863844934911,0.42901205629946665,1.2318259688719633,0.9405014395275243,7.254328619247669,0.6319763098701925,0.6672641261371003,1.239128943543319,0.5986244992240382,0.6191437765687949,0.4368154648931927,0.8736341801660087,0.6117471324252046,0.7129874471198281,0.9007877743519724,0.8233478427789473,1.2278373153850466,0.7673499267000917,0.8224754740963701,0.8263792776086769,0.3268106568284134,0.30561625252699975
ROI_084,0.118788290172742,0.4562490191742372,0.3393713069762537,0.37893866400870563,0.35469159995675387,0.11200610840188492,0.10724433052827984,0.2443478735067545,0.2639461814538973,0.4479184259878864,0.19929252543011308,0.5005816750862468,0.4349201025396665,0.23903384033053765,0.3573627097338605,0.34867783843106565,0.402602621415795,0.42699017224295943,0.16326500241219424,0.267693456875662,0.12174711861573513,0.36212258680849474,0.4062501819603981,0.33152674766002016,0.48120245897392155,0.3601761306189221,0.16944507952538782,0.42913236374762037,0.20875824618328082,0.32075658776584165,0.2898153088875742,0.15354064254602126,0.13311423268969347,0.47646430095871634,0.29392119497061736,0.36566679263568985,0.49424740483674867,-0.09625925188994573,-0.02708258911352481,-0.2024589343087235,0.06750296871136931,0.10679220955403908,0.13158743196708944,0.20882435342430708,0.24388970659737177,0.11167844684005172,0.0045243921526312205,0.13904271658857012,0.027092239489017136,0.1221757676013397,0.4727164596930028,0.2854289263855042,0.5159498153061981,0.29373435500979406,0.2775245582830716,0.1196291939960421,0.359411374396546,0.3071073562813071,0.3418020397747156,0.4092284432230734,0.5145344749488211,0.37375103155008177,0.44479183938676276,0.35677206454877597,0.47043784208484524,0.40026439052494817,0.679661289125469,0.44547877464675195,0.5292677125339795,0.5889004680368822,0.2473469901875586,0.7135099466635445,0.5224178934456144,0.29643881927529975,0.4872055641308034,0.521201752892044,0.6254615777832179,0.4846111629355192,0.2788558769653422,0.11603962093730526,1.0516628295137673,0.7218243104934633,0.6319763098701925,7.254328619247669,0.5706725635984666,0.6784889834480586,0.728647081787842,0.6233602014556491,0.42848063199100794,0.3359535562190308,0.28489721690900466,0.1878431254468589,0.4069360401287653,0.34805881261217325,0.646123868942015,0.40088134832263145,0.43809219493411045,0.5869224197855162,0.19632412582778064,0.14655556637105344
ROI_085,-0.06742515344601546,0.8515997060420231,0.7068709457811216,0.7158402125377868,0.44417156978229305,0.19866391025150337,-0.021076674726702105,0.5741141906944242,0.6648678029671871,0.693239997468789,0.4486953694357038,0.7225780495454024,0.7336400388594722,0.5679028154094417,0.6313517025248633,0.667408139853656,0.6783636888306365,0.728564915481123,0.6500102122104804,0.8492886627157619,0.6091036065527767,0.24591360134067733,0.49811339094283363,0.6118591636127865,0.5950539501990192,0.5085394255890341,0.7191136258907186,0.7466387516839924,0.7927314994219536,0.6310573423497771,0.1558756193181009,0.08005288000459676,0.09568884574463549,0.7210458746318438,0.2898291586026538,0.38453261878975586,0.4910212550838104,-0.14190804049631017,-0.1398717937576008,-0.37370006737683253,-0.06380305091812713,0.05251505398625736,-0.13692067458352217,0.30863856881877283,0.2563026354458896,-5.592818752992199e-06,-0.23524938954332378,-0.08847524405212831,-0.15243491471618578,-0.16964383138401806,0.3031815393713731,0.6561089247262448,1.03075928766562,0.5858470934236041,0.42911036670941644,0.3043639531242184,0.7127118548875293,0.5530930337643124,0.952500261822872,0.9337578386388554,1.1919526020922986,0.7782680996793695,0.9484889498529082,0.8540526543169592,0.8638504995164596,0.5664235476181129,0.4672040527859722,0.9932768662957763,1.1032267740889112,0.6958763977121125,0.7595863221763665,1.0164261783297701,0.9607670926099717,0.7705703697452495,1.1708532355340937,1.1578731491980978,1.0125454516046803,1.071206090592946,0.2840019992849682,0.13975385511697067,0.7635450124034479,0.3513632129072201,0.6672641261371003,0.5706725635984666,7.254328619247669,0.3816518492368526,0.4097301521804171,0.7803096254141717,0.5946378572599162,0.2620398499025291,0.12906951965715677,0.36569064532913786,0.7017801923668937,0.2948698475474647,0.6164261985207705,0.5046812032985509,0.20440623313642717,0.8028132517961527,-0.10580477558642015,-0.08976030766770222
ROI_086,0.2146541775235222,0.32662296974431937,0.25982226884318926,0.2524611125601333,0.34895034669359626,0.2694427866700534,0.38453758646910075,0.0837370566314747,0.30232273364599543,0.19862007164675755,0.0703721465985884,0.05103878666428052,0.03960032899575804,0.08602705692867996,0.23237577185369127,0.19425937218196365,-0.0377641862430893,0.011021031943682678,-0.09760726002439801,0.08235689490019285,-0.16498297479223645,0.07266440173419719,0.19076594282632398,0.05561805503080663,0.22211242754315794,0.013970315406581148,0.0233516953800319,0.4291090736728974,0.03990537391476806,0.24343575458198635,0.5071418879457661,0.329790387382367,0.27365813490774,0.1580485570262353,0.02413287128403425,0.5743686029724194,0.6802664733227065,0.20312767448571245,0.3176958908011433,0.20208947869324442,0.570544949222346,0.25462366454446217,0.34041295323179604,0.6590636049981933,0.4967030796406852,0.6014885244835944,0.4216981080222596,0.3901144614981145,0.46248904688638365,0.6032024574159792,0.5382271805671122,0.3018825244609222,0.23528633323970233,0.2338302727081572,0.3084125752123103,0.17915581491088298,0.29612017929977597,0.3647711803070153,0.24991703912110355,0.19252353001056186,0.13889360754717628,0.011179432107126604,0.20062290364721333,0.24217827364365244,0.14691227618769434,0.10104498515302196,0.7802343574183729,0.12784006816502363,0.2557415535906706,0.2739678241605122,-0.097466267448151,0.3931876131886796,0.2816317212194117,0.3210456346168652,0.030336072394919467,0.20222003187699872,0.27147795150936765,0.17995335028595216,0.5159498667917368,0.2753322192343445,1.115260218720099,1.2753351899141059,1.239128943543319,0.6784889834480586,0.3816518492368526,7.254328619247669,0.582379827567741,0.6958046176108593,0.39306750342017205,1.0647960527329021,0.4885603732772461,0.46752923890309933,0.7327873724402305,0.6429731251236375,1.254874638268371,0.8025825506116917,0.991367826506484,0.7971443268196411,0.5828136760225224,0.48070001316694166
ROI_087,0.3532449105071568,0.44648779289231605,0.5112233576971605,0.3613467527372141,0.40395567861123344,0.20583692887778424,0.3814625700456405,0.3171747818443822,0.37664259603353945,0.56989023973562,0.47129199898129004,0.36834896715290727,0.34630785565421646,0.4178405788167691,0.4626724271995535,0.3382817644626707,0.20629711824041466,0.3582803236651435,0.18817568330775655,0.3374442298058852,0.11757132808309911,0.2336592800976203,0.4777138912696533,0.3736074783585454,0.549204273956211,0.2730516044742806,0.25114165477712813,0.4825526182115873,0.30588625318993307,0.285289139255404,0.3254487385594953,0.5369772884714578,0.2291067013184441,0.3680794614737033,0.2346017182248512,0.6501302341232765,0.924167209986634,0.2067356499461235,0.12798566163667235,0.07824973216491808,0.326792388674762,0.32481603962291405,0.318926615150498,0.44962824001683055,0.4338246749093941,0.3443294666901779,0.23890992739268221,0.3619180868268376,0.28834215172673133,0.48379292148416314,0.5299168647806145,0.40161050756738464,0.3674038687258395,0.2636707710706628,0.3881882694573759,0.19828051711496464,0.34840257781029166,0.43440125882085256,0.42621622996766073,0.2944030310899771,0.29801259699952837,0.23461304141317507,0.2928064974686057,0.3126616883376511,0.3975543579554279,0.40759313580909734,0.7939034234430953,0.3263837675774871,0.3542520689239639,0.5047967110517438,0.19582577769866585,0.48499184121014904,0.3813932243007005,0.40393342776275376,0.3081788285888273,0.3888493456883997,0.521661484009973,0.4602935846339283,0.31215297151833366,0.46860005914951014,0.7933324108812485,0.7439957603067981,0.598624499224038,0.728647081787842,0.4097301521804171,0.5823798275677408,7.254328619247669,0.7239025931043236,0.7380462810709807,0.5457678138374791,0.3608094116895323,0.4064773184442545,0.5613399354948814,0.41489003624805987,0.657014895783567,0.4787163936952424,0.5960514227042337,0.5398104457927111,0.4272209637934563,0.5319741387330879
ROI_088,0.25037297084991517,0.8929777975367843,0.7898795638922906,0.7726242037709375,0.7338560654773089,0.6729203983155652,0.684669327618154,0.7710887606221841,0.9075961216334202,0.9214749584399545,0.8536500670386017,0.7937475112888045,0.6457125991901553,0.8372453215337781,0.9088337093039438,0.8130697816072877,0.6097288964057356,0.6863718875053987,0.569003999999946,0.7243999875264235,0.5358374542538856,0.5262670211234016,0.7954688671169735,0.8001841764307437,1.0250837507328836,0.715927184050317,0.8588001357413848,1.0865884126212133,0.7891144403383181,0.7604936961091001,0.6945252617252031,0.5825131877614015,0.5139782372243785,0.6914305903391369,0.5461720302847123,0.7616334618401651,0.8002419896024955,0.28603949690594016,0.4273336830292032,0.22177292299085516,0.5828786850014781,0.7419099497084564,0.5151283900090955,0.9321650351235454,0.9577450417413385,0.623942411851484,0.43504658220347026,0.5792026246290098,0.4838100052371526,0.43830273819026905,0.5020055219920839,0.7177766899222086,0.6171050340869084,0.6061943920071344,0.826694040813104,0.5607174064712435,0.703753882765345,0.817274233703988,0.5827206609632545,0.5836532191230162,0.5774523119720759,0.44087080857230115,0.5380579859730782,0.6322440283554766,0.6593913038175375,0.6906036931511875,0.7207011461616808,0.5071532933231339,0.5180703114326254,0.5019564411554561,0.5090819259388311,0.7040550591409486,0.6153346995270492,0.38398936130666883,0.5654240552178135,0.6096466323768349,0.803031805190562,0.8368723046284514,0.12611856576393782,0.21236130039243445,0.7612709379133982,0.5639041805903595,0.6191437765687949,0.6233602014556491,0.7803096254141717,0.6958046176108591,0.7239025931043237,7.254328619247669,0.6189747392344463,0.6087136476309581,0.14128257119778187,0.2796437895220805,0.6256157206398555,0.28574794030232215,0.8501432005372576,0.8605004240160489,0.7146521664277177,0.7965324547557204,0.3977497401528334,0.38951980627825217
ROI_089,0.05515228048393717,0.30114484921411894,0.3420954033857715,0.18673302248878368,0.12000858507120628,0.11555945212531893,0.18625398602087975,0.1540769888345163,0.4105147247994942,0.413115117402801,0.36664470836869656,0.25930075851088547,0.23810458038764823,0.3941317704756439,0.31332030980176706,0.11875171362843465,0.1408373725656684,0.2931438357721702,0.31687255269850745,0.5720349031647325,0.22073459922385724,-0.06945696454662453,0.4146433966890168,0.2423743167345375,0.35836629960821054,0.2255747821722842,0.3085282309825296,0.3296918676580257,0.36833252175167747,0.15715400058610668,0.061722450388276465,0.3181592595033721,0.0076602731766824625,0.3463742746680479,0.014418821405679783,1.059925666512774,0.7414003372217515,0.10251878583736258,-0.16814389898736765,0.10075159421801441,0.1263668895723117,0.011578054819328106,-0.10992884160845584,0.20073381786108968,0.24439936518817384,0.035802723538503424,0.032379858779845866,0.11021145346469627,0.11522285449138425,0.32068249722610853,0.3435810703201386,0.21567805112696453,0.20599772513445927,0.03886090719682924,0.16188407861634002,0.11443919339227468,0.1906604997202002,0.2874670438914342,0.2847732065917676,0.21198865366932612,0.2676144979278167,0.15622958428838507,0.1456075868761477,0.14205950420208702,0.3543891049020723,0.24249989076194434,0.8158065902931111,0.3168448097830658,0.4800930501541282,0.4733538894091093,0.2767965323149777,0.3375774190309629,0.32086509478478453,0.7307455555585738,0.32655270028357203,0.3977832542016762,0.6456777387164435,0.46259219202187324,0.09993911670221807,0.18875309309480554,0.6717592462114867,0.724178172838339,0.4368154648931926,0.4284806319910079,0.5946378572599161,0.39306750342017205,0.7380462810709807,0.6189747392344463,7.254328619247669,0.5721289897626665,0.183434529457271,0.27597375581202327,0.5271102932606936,0.18823928405173684,0.40897448382736945,0.4429161884324431,0.37652213583360994,0.693841432845297,0.39847876137945276,0.5454860312991784
ROI_090,0.2233951706087918,0.17317153020492015,0.14127822905078088,0.07756089193964245,0.16462132973927115,0.23370478813208828,0.5064135778250083,-0.03321461175681891,0.2632998642640737,0.08938300944614906,0.11548351320464152,-0.1274540503296904,-0.11152185735678119,0.0874822002272716,0.11330216622105291,-0.005790018938435977,-0.24977730986548538,-0.18219230684848065,-0.07666254409063,0.0323660981878952,-0.2735973233969152,-0.23620446566496178,0.06424049429233926,-0.043073354238983196,0.1118526272853147,-0.1350890419227373,-0.01219141833191658,0.23118530265890203,-0.025400071917954518,0.04684916660357797,0.5306047087797713,0.4424067417305399,0.22408791214586266,-0.0498851179626461,-0.22994249528337182,0.912057820314336,0.7591410180715472,0.2972479616405036,0.2624083470881704,0.43417945071562414,0.7282740461040301,0.3143143785778175,0.28860743102721903,0.70497137637548,0.5708624792039577,0.6902203304466459,0.4893516547281458,0.412809122318033,0.5613364455047389,0.8571353444408308,0.4185731756638856,0.2267602451905657,-0.014546045113548105,0.07480788558087853,0.19793085018156445,0.1772144765366882,0.12808560102506827,0.3170914339097514,0.1341677828778905,0.04330852898270278,-0.07271667794470302,-0.11875533424913036,-0.02056609195753998,0.06627479161788176,-0.04630445729471793,-0.022480817093537803,0.6508917895290959,-0.046968182789507144,-0.026075024818638833,0.04668325490983795,-0.2779135890343169,0.1887512978319534,0.05154880097960072,0.4544218652169846,-0.12686351374756924,0.03915973632849633,0.1169434837140583,0.045335557590321596,0.4722011130103098,0.32743308514053027,0.7247264772075018,0.9176242101990602,0.8736341801660089,0.3359535562190308,0.2620398499025291,1.0647960527329021,0.5457678138374791,0.6087136476309581,0.5721289897626665,7.254328619247669,0.4846212541143115,0.5710226194061476,0.8587109118227855,0.7007864712081688,1.0639988010006827,1.0476288721577094,1.3107932006639855,0.5627750584307094,0.7233318840651094,0.8734844081718344
ROI_091,0.13118775451970546,-0.10837725267628025,-0.04476460058405931,-0.26186151102942573,-0.10893026555518702,-0.13360947551574556,0.056709777102952455,-0.2925242766290615,-0.22755735295463922,-0.17469417924674469,-0.073129571498976,-0.20163363496438433,0.008419581250279952,-0.123081176716782,0.05846575274310681,-0.2610926820800927,-0.27633960089082515,-0.19126118868533762,-0.21604840309278467,-0.07194639059640015,-0.18820205298570833,-0.21764237439857698,-0.03941725067080396,-0.16747045118742038,-0.02689208757344786,-0.20797020446175116,-0.1288657110289052,0.031387910700531235,-0.19602005485659615,-0.0111057909104595,0.009893008596464112,0.01349323783782309,-0.08181029476095589,-0.1753558419491939,-0.20894805259368396,0.19925214575418146,0.2604045640109665,0.3649453268210176,0.014344848785106291,0.23870378448156715,0.08165075199703241,-0.1457608966081472,-0.005549101232398316,0.1039724914462683,-0.07813914619914736,0.18849252138497774,-0.0306849998135701,-0.07681492041338543,0.12945068772972584,0.3179122981283275,0.4508956101923847,-0.1406239304117859,0.036158825815940016,-0.24313260184631713,-0.18868828731252127,-0.3570863847093423,-0.16719862442795966,-0.17133719957096671,0.11041215303529175,0.1557172095936808,0.06666365752481448,0.09952406278328703,0.14354313672707453,0.007716820941062315,0.01811951862336843,0.035273877010750555,0.506739455356328,0.07675881188083987,0.06985351901840917,0.07350648541481576,-0.11768786129164771,0.25329332470605137,0.13112686592991082,0.5677262262930867,-0.06915876997055538,0.1454631903402061,0.11507387239434465,-0.010263389442058844,0.7786104880695415,0.29733416969155574,0.5354648206142434,0.4424586270619433,0.6117471324252046,0.28489721690900466,0.12906951965715674,0.4885603732772461,0.3608094116895323,0.14128257119778187,0.18343452945727096,0.4846212541143115,7.254328619247669,0.8104652573759478,0.6689886525176291,0.6756134493700867,0.57146825861151,0.3095991113729945,0.47538343233242075,0.30160842084391143,0.22903671144268703,0.38284602806627166
ROI_092,0.2531268962311502,0.09584352915367873,0.2682723645812896,0.006443387296688767,0.0020584200449174457,0.06366503550690064,0.09006727795474861,-0.07829807696716229,0.0012871872577658926,0.05689531380393668,0.07420741588026787,-0.15288943991040438,0.02315637489343749,-0.02174883938216542,0.13554044536793977,0.003864710833796533,-0.14269570495798914,-0.05678055523187474,-0.0023815938054753513,0.03889812055317503,-0.13231200278248575,-0.13374642371598452,0.02226505798959347,0.027710771155469216,0.23803644311643518,-0.13789327897469922,0.05015226033800855,0.2612294526219404,0.034091074757310366,0.07090917739620377,0.21333624256490594,0.2559059319723679,-0.10890376335451225,0.03800203380554754,-0.03855138735403212,0.29528319009739873,0.4627605295519107,0.32059368514235326,0.0684392989023528,0.09992497353016684,0.1982372312329934,-0.025822963571824627,0.0752157439053681,0.30287031172201057,0.12385147951002336,0.2884212158265769,0.030034770044090085,0.01780346613636781,0.18334659515915738,0.3096287154212443,0.4417222199432039,0.18775639548662978,0.1232650972434149,0.00909321170522992,0.12043270268085171,-0.03547266885736662,0.12320468186440649,0.1268323533382075,0.41532320245887383,0.30201537212932983,0.16258810648242963,0.1217188253375703,0.26191122700198566,0.2605667768677315,0.0812215761871683,0.053852326373428724,0.5090289136711496,0.18807057406923283,0.12497778028757683,0.11865378571160981,-0.11000863269733048,0.4315480678996576,0.22966794180805178,0.6723579601966496,0.10558347475762424,0.2673706109450274,0.179195548244705,0.08676334241138979,0.9005438173538776,0.48534393531954506,0.519139411226022,0.4489660781866405,0.7129874471198281,0.1878431254468589,0.3656906453291378,0.4675292389030994,0.4064773184442545,0.2796437895220805,0.27597375581202327,0.5710226194061476,0.8104652573759475,7.254328619247669,0.750659443969552,0.6017194364150852,0.5893033859324546,0.47463109592879626,0.5314805941583723,0.403262466433631,0.28597084305575615,0.3377271586202186
ROI_093,0.04904049704451081,0.40933971329363994,0.3281086109907769,0.2717710991974191,0.34250392427939125,0.14860444396996716,0.30589510342662585,0.21613364188039252,0.3585783398451645,0.39592819507853627,0.3271495290800798,0.16392007047257845,0.28774025039961015,0.216512863126505,0.4321713568929066,0.16180444194002835,0.002923556254838281,0.06817901485895067,0.08331150002203341,0.3145181624082434,0.06065865689250858,-0.1395182152535861,0.15897197089716128,0.1664362179460911,0.28724311887528775,0.10244454565667979,0.2593899099501981,0.4348783053259008,0.2200399060187913,0.33147254915319774,0.2818604361416824,0.2220342809567729,0.07175263981078961,0.05067601368582003,-0.12052234355317916,0.5563835773686603,0.7050572666104801,0.28718775956120635,0.13906376941624476,0.13445272714723505,0.2899997169064585,0.1787529243024192,0.07677061529508188,0.5953465464447676,0.3329694295919888,0.44312861042261026,0.05421359128021609,0.03100334816152475,0.18773169392160755,0.3948626037379952,0.40460076423458186,0.35948637109116915,0.37551637890117545,0.21503145291915582,0.2728247199658156,0.15761369836120814,0.3473276095421028,0.39616395062918547,0.6523919070260962,0.47888126965975536,0.40662166237112596,0.3638650257435378,0.432869028842513,0.4635915140218497,0.3028244878343153,0.3135646712686402,0.5745736696590916,0.37162031192373124,0.29409896054641704,0.1983518610655967,0.13910738284176685,0.6561178584143973,0.3574873963654145,1.010670394960466,0.3328955076846354,0.49138416010837777,0.4269684760597166,0.4334362555980322,0.6142622171025809,0.30512520107089924,0.7585031023227784,0.515595219170989,0.9007877743519724,0.4069360401287653,0.7017801923668938,0.7327873724402303,0.5613399354948814,0.6256157206398555,0.5271102932606937,0.8587109118227855,0.6689886525176293,0.750659443969552,7.254328619247669,0.6428360646919484,1.0798478919289647,0.8573472772003732,0.7731322779850796,0.5996616543476034,0.2597522750538684,0.48769286657987176
ROI_094,0.12285898071544252,0.16320715757791687,0.24261207296787163,0.056780510958126355,0.07498108524045494,-0.08948041114232136,0.06649169354806858,-0.06264216796907168,0.018322127537969007,0.03383682007230858,0.03024331080801752,-0.05823220988317423,0.05239819553696678,0.08711851932579324,0.12247221563030061,0.0727289705852871,-0.1356599076263832,-0.052464211131344814,0.007104256357316286,-0.028793676776937175,-0.1568863689731258,-0.14662333150825632,0.05055699664347638,0.037707622455169516,0.050617460517853374,-0.1716344233561044,-0.0896278092558197,0.23550140478202988,-0.06319397188483027,0.06639808805851398,0.2124846846676428,0.26629549153861426,0.023176850700922725,0.06505446387875355,-0.11805359352098108,0.312949615650457,0.5377524321409054,0.10899170957582606,-0.014882479885864469,0.008086747839165593,0.2705684365121342,0.08547130639959172,0.16387600572893954,0.3204702279517085,0.21807121680804023,0.3817396901626081,0.1270923970988736,0.14178223261329315,0.12305232245898376,0.29276778276324,0.48421988498539076,0.2715315567462447,0.2362629181763998,0.13575055555049537,0.04223970350998004,-0.024436774347341258,0.09599755796459139,0.10029303547956157,0.3804412486997015,0.33644641155365895,0.1743256111038834,0.21878623708519584,0.3354366056420185,0.3188888480213773,0.16946272696134754,0.08226102680222522,0.4246992400191085,0.2503595532329203,0.11485590086814838,0.20759906534891037,-0.0998634586698846,0.286750678341301,0.21543401983125804,0.4139895571354594,0.0926648643521362,0.3003164420051672,0.16347209646267613,0.12126711308625468,0.8240587489904878,0.6334060959406841,0.5858191732368959,0.4678241894101156,0.8233478427789476,0.34805881261217325,0.29486984754746476,0.6429731251236375,0.4148900362480598,0.28574794030232215,0.18823928405173687,0.7007864712081688,0.6756134493700867,0.6017194364150852,0.6428360646919483,7.254328619247669,0.9172195973695536,0.6119573738754579,0.5675000016866033,0.4568880165032987,0.22612865215691885,0.26238559674750744
ROI_095,0.1912709506473868,0.42798326522625313,0.37695732379764046,0.31752694752156013,0.3804983539597613,0.24194775060847004,0.38497743250300775,0.1976568657019842,0.355166219310351,0.32651341486637014,0.2602233922933023,0.18666727771847044,0.23139367450251153,0.24692197323366905,0.40220686311361753,0.2908877795215595,0.09247331634460491,0.12015188441671808,0.07472020597500993,0.22301132941549986,0.03355004113152271,0.04031224129614046,0.24732690242316338,0.23291002268305844,0.32847898088666566,0.1166747290616064,0.2126060959367032,0.5122733127095471,0.1886294778933573,0.3414279171681454,0.4882722513913098,0.3812709608072634,0.2979195736872629,0.18417377014046887,0.0269365095293439,0.5977872229645363,0.7598450831632241,0.18171177259961,0.23566983723338275,0.15893281583676516,0.5031965106466836,0.35051634761364786,0.3156802279964198,0.7415004925719524,0.5496759253204914,0.6398448268008233,0.3065016254944321,0.30185742918813696,0.346552384052061,0.5224723877053808,0.5384572354082916,0.3841698451868893,0.3797278043548238,0.30354463643772894,0.3536396778374588,0.20032436594247235,0.34543085577930993,0.4172265930654289,0.48779550893332113,0.3987040442615225,0.33413493226571317,0.2723585839084772,0.3878854484308023,0.43438647950520115,0.2717061886624291,0.2402998515381954,0.7066542123540995,0.32077558894639085,0.31011898761260714,0.2704154098796772,0.0359997300371511,0.5647904849795151,0.358395328957045,0.5339491541045088,0.24048346261312803,0.43123926375513727,0.34523160720070184,0.35942226387920934,0.5852157534245521,0.3874532872470388,1.0554551904488103,0.7897685545734096,1.2278373153850468,0.646123868942015,0.6164261985207705,1.254874638268371,0.657014895783567,0.8501432005372576,0.4089744838273694,1.0639988010006827,0.57146825861151,0.5893033859324548,1.0798478919289651,0.9172195973695539,7.254328619247669,1.0808082501499723,1.0375502380843757,0.7419508070475779,0.4189063817251047,0.43649809656346017
ROI_096,0.21022797596410908,0.42579245024551116,0.3651498614442654,0.42438716753361605,0.48719412599371203,0.4789519792857221,0.577811664948884,0.3284265726795903,0.5844492721196628,0.42083683032081637,0.2838559812328035,0.17858190557503928,0.10121884432829834,0.2531159572302197,0.3603391312527753,0.36328869006302206,0.06451239239956788,0.11780634451233227,0.1707685151186268,0.22762000269131605,0.06894670814488792,0.03454527900983144,0.1458772211018048,0.2297263485849365,0.41326060051443797,0.1513600183082773,0.2834788118380383,0.5012756675697733,0.22641347023859693,0.28178828824917923,0.845871220284275,0.41943106786002055,0.38076947221371765,0.18093170949373222,0.02611975914083876,0.7893498287305342,0.7912136575940992,0.22624944429133245,0.3087212237283308,0.2544733176361016,0.5864892645483873,0.5893342311331856,0.3486179127295798,1.0299091497893893,0.8146475938359772,0.7415674079349711,0.36646263813989405,0.4135702302967034,0.5046592277918598,0.5893276979849333,0.5075427008764529,0.5093410474369243,0.25619853930561115,0.37955193167616946,0.523604500661653,0.4263490453774431,0.43663311209696337,0.6433394136351116,0.42330389036171273,0.34523191169511874,0.20659767534560444,0.09012174411763633,0.21809804089593343,0.41628504728693183,0.20859661229654852,0.18440371502579356,0.49672735870393625,0.1588510540441711,0.149452303448247,0.08639843494582759,0.029646756366098682,0.4553124589309191,0.21491634109789098,0.4134154836654593,0.19130158111625803,0.30382169663705805,0.26221050893329306,0.2760589107603918,0.3327990972029667,0.25474439020899264,0.590645611690689,0.5815646338337965,0.7673499267000915,0.40088134832263145,0.5046812032985509,0.8025825506116918,0.47871639369524244,0.8605004240160486,0.4429161884324431,1.0476288721577094,0.30959911137299445,0.4746310959287962,0.8573472772003732,0.6119573738754579,1.080808250149972,7.254328619247669,1.0810863893508504,0.5597902195022858,0.5610410854838456,0.5364472461617464
ROI_097,0.329616773126634,0.2967333502975617,0.18442244598723903,0.1977598228125426,0.39366793097857844,0.426812867757585,0.7735085018758482,0.13478607053706304,0.3137498292271452,0.20776732619354388,0.23862983516955905,0.006925423436023556,0.07365039475027368,0.11607907583933477,0.30812466569206237,0.12490707241024766,-0.10692312818403102,-0.0844335234531274,-0.14338708872623465,0.040367804868734196,-0.18209696899877956,0.012344754749150198,0.14199210990478658,0.11564354886874624,0.3052393872544252,0.00426227813376395,0.1123335737537458,0.35066414027085446,0.020507762185634403,0.20483905431405763,0.8202819264646206,0.4843893595080616,0.3363933233944465,-0.015330376778326025,0.00925530140799568,0.7711002003759783,0.7836327867854516,0.467732891517266,0.5277469434671004,0.5140055086736435,0.9274697325897869,0.5353781799370707,0.5416601020776451,0.9120377257015703,0.7950709941572973,1.1050420324588688,0.6814156883962896,0.6361775474514494,0.7234963065079988,1.059032235865448,0.5038029809870151,0.2689945634929848,0.06759731394721327,0.18382727509716873,0.37794809035625015,0.2856693431219988,0.22328706487757272,0.4059365263539596,0.17812020010187807,0.10111633515734346,0.019616196700604948,0.040663579649447605,0.06835217150157333,0.15898265257757388,0.051005095493797684,0.16599773172686172,0.5797471177026339,-0.033060313649691454,-0.07925956067510104,0.021062063322224905,-0.2166185517625137,0.2629407439762565,0.060952858404188986,0.23926938649532611,-0.05714895107424205,0.0026657671730293277,0.11775578473688034,0.08703619348215322,0.5106469090621754,0.2471238229737381,0.7045455010503543,0.7373281964316941,0.8224754740963701,0.4380921949341105,0.20440623313642717,0.9913678265064844,0.5960514227042337,0.7146521664277179,0.37652213583360994,1.3107932006639855,0.47538343233242075,0.5314805941583723,0.7731322779850796,0.5675000016866033,1.0375502380843757,1.0810863893508504,7.254328619247669,0.4505345555396893,0.8177234661899242,0.8388975550980136
ROI_098,0.19266991469324374,0.5359645634712364,0.5298827863577386,0.46964172665312065,0.3805672090154824,0.25484509392148436,0.19902767126851786,0.26121547769469566,0.47427561105516086,0.4258163795165245,0.31322079017723975,0.3648291430404076,0.3644787207069504,0.4455074405906735,0.4762697948091503,0.4083483094893848,0.3734453167777081,0.4441868614064713,0.38151632113008005,0.5742879626834259,0.1996439027602746,0.2829179664017216,0.6779974873803775,0.35551797169555976,0.46411469647182935,0.35546393180327196,0.44922576702881756,0.8075555385045494,0.4159398316772526,0.5907158845119028,0.2022520706924145,0.26377365961190957,0.11016265935179352,0.6153086920395308,0.24618509224045873,0.7057111409077452,0.6589297686295228,0.22427286611166825,0.06133775296641188,-0.058800393759669355,0.2112671291498917,0.09179431207303339,0.0862729722696527,0.440340000175419,0.4055706851943978,0.2838191630926261,0.08940883519056715,0.2768513274595481,0.282230238021806,0.27611988857324066,0.36722782267983667,0.5420323770168967,0.6091771132899317,0.4002442264079961,0.36803291627281276,0.20913797620590782,0.5128174849660971,0.4300782013511774,0.5348802387490245,0.6056956290470179,0.5739780249927355,0.28814703674947506,0.5100789102524435,0.5346277188137837,0.5491130804438503,0.36639507400166166,0.9833212531982612,0.6822615980849615,0.8190434365579614,0.8232986692718424,0.33682314703542554,0.7397731641698483,0.8999336674173116,0.5698296773621572,0.4987336645046622,0.7883960784871124,0.7844227554296702,0.6565175179055086,0.44727702013687504,0.3698156337705572,0.9081367154949955,0.8065253912074818,0.826379277608677,0.5869224197855162,0.8028132517961527,0.7971443268196411,0.539810445792711,0.7965324547557204,0.693841432845297,0.5627750584307094,0.30160842084391143,0.40326246643363095,0.5996616543476034,0.45688801650329863,0.7419508070475779,0.5597902195022858,0.4505345555396892,7.254328619247669,0.37312746766948246,0.3271694545513439
ROI_099,0.42308730461311744,0.09516320015020895,0.09674192222310225,0.08404235914615239,0.26041491025156444,0.47828181950846976,0.7528068795655135,0.004931737764886198,0.24938149184984224,0.10994848387107,0.12042715280021281,-0.08462397128076576,-0.11866185481962638,0.04857819755520621,0.1461339912588263,0.014641203734662007,-0.10972090134340677,-0.06334364401223429,-0.09781400963945217,0.057140450294081484,-0.20235255986919948,0.09068505122039117,0.1915038405597162,0.03655519251799595,0.2028907826478815,0.04455167193916165,0.06551202480870819,0.2265876858665953,-0.08003335826754313,0.1475212020560143,0.5506316734709034,0.5531906163856034,0.2103997411361275,0.04219039485159183,-6.386960502100344e-05,0.7707246486752375,0.5743780920941832,0.5315769549024595,0.4425322935430675,0.6598726775014648,0.7037733269769955,0.4474674278113982,0.48952178924311623,0.6096426716552442,0.5727886897251984,0.7138920750898253,0.6021107495842832,0.7342631985094724,0.9597059498287075,1.129807293275842,0.37842930587838325,0.13603925155134725,-0.10261874529675723,0.045631660591333285,0.31010860646116484,0.2744717181048404,0.13931415133697636,0.35965075316112594,-0.06062242476402881,-0.05972243190974428,-0.21280336305884834,-0.24760547443393263,-0.13815525318915056,0.003598079193826382,-0.058172930776635705,-0.00015203195526035303,0.706793265015674,-0.10334609002942194,-0.11576649828242559,0.08039495091075852,-0.24402083405561975,0.06162588023876701,-0.018907235119303843,0.05616841374662953,-0.20702267904610017,-0.11275624314387951,0.07283224364769188,-0.050028565435436496,0.1607065640171906,0.1417827109619664,0.33900616491141217,0.6527174059117035,0.3268106568284134,0.19632412582778064,-0.10580477558642015,0.5828136760225224,0.4272209637934563,0.3977497401528334,0.39847876137945276,0.7233318840651096,0.229036711442687,0.28597084305575615,0.2597522750538684,0.22612865215691894,0.4189063817251047,0.5610410854838456,0.817723466189924,0.3731274676694825,7.254328619247669,0.865221247916079
ROI_100,0.2648910986950188,-0.021807738645428783,0.009944426182198377,-0.05756761251945778,0.15308268007325068,0.17864488240030652,0.6199900370816439,-0.1085550809189461,0.11680240324717865,0.07574936700022523,0.20820467098852968,-0.14931141163375608,-0.14407679682472016,0.07071695715050148,0.07086745358176662,-0.1729230562528233,-0.32921569312843857,-0.2292340920086926,-0.15543399491188048,-0.03202065223337754,-0.28432753991433907,-0.16200718439323677,0.14156665178963368,-0.0821631243947541,0.10368549246127486,-0.032071225655324394,-0.019756075910795055,0.0929393639174496,-0.0967823498877601,-0.01482085483584175,0.3131912175291288,0.516158881641815,0.019550434035479795,-0.16400779474840033,-0.18056703660530776,0.8809450934480032,0.6888395384874298,0.6415386226526021,0.266269167373339,0.5880414357836327,0.5698781825791293,0.3245449689301332,0.3254441503276973,0.5435121104482525,0.42281103209130394,0.6236693182144566,0.4689972711732945,0.47249639931222004,0.6511225941292408,1.2105221504772459,0.35984227850778744,0.0243057737244127,-0.20841666669254036,-0.08359890743968933,0.14544324313825222,0.030771629849006703,-0.03018384150035508,0.16002852969252865,-0.008282393061347721,-0.13584608278457252,-0.2186648931184285,-0.21869004081875804,-0.22254107026165937,-0.12229194553362027,-0.11264601807160074,-0.019817634929140952,0.5938153792717266,-0.132550111186183,-0.1787729437473811,0.020695263660596912,-0.31179981318103794,0.07634713933206203,-0.0976763857132856,0.31381657538810603,-0.2366978152709863,-0.06816958124479763,0.0221145601530252,-0.012319435546054103,0.24390130604094248,0.33878710189075095,0.313322703265321,0.517100812323288,0.3056162525269997,0.14655556637105346,-0.08976030766770224,0.48070001316694166,0.5319741387330879,0.38951980627825217,0.5454860312991784,0.8734844081718344,0.3828460280662716,0.3377271586202186,0.48769286657987176,0.26238559674750744,0.43649809656346017,0.5364472461617464,0.8388975550980133,0.32716945455134394,0.865221247916079,7.254328619247669
