,ROI_001,ROI_002,ROI_003,ROI_004,ROI_005,ROI_006,ROI_007,ROI_008,ROI_009,ROI_010,ROI_011,ROI_012,ROI_013,ROI_014,ROI_015,ROI_016,ROI_017,ROI_018,ROI_019,ROI_020,ROI_021,ROI_022,ROI_023,ROI_024,ROI_025,ROI_026,ROI_027,ROI_028,ROI_029,ROI_030,ROI_031,ROI_032,ROI_033,ROI_034,ROI_035,ROI_036,ROI_037,ROI_038,ROI_039,ROI_040,ROI_041,ROI_042,ROI_043,ROI_044,ROI_045,ROI_046,ROI_047,ROI_048,ROI_049,ROI_050,ROI_051,ROI_052,ROI_053,ROI_054,ROI_055,ROI_056,ROI_057,ROI_058,ROI_059,ROI_060,ROI_061,ROI_062,ROI_063,ROI_064,ROI_065,ROI_066,ROI_067,ROI_068,ROI_069,ROI_070,ROI_071,ROI_072,ROI_073,ROI_074,ROI_075,ROI_076,ROI_077,ROI_078,ROI_079,ROI_080,ROI_081,ROI_082,ROI_083,ROI_084,ROI_085,ROI_086,ROI_087,ROI_088,ROI_089,ROI_090,ROI_091,ROI_092,ROI_093,ROI_094,ROI_095,ROI_096,ROI_097,ROI_098,ROI_099,ROI_100
ROI_001,7.254328619247669,0.35085360665098836,0.38595451130838,0.3950514655088192,0.4123423274954312,0.53130216683295,0.49558770353478393,0.31937604926162605,0.5150448034800095,0.5011652493857647,0.4671827025538144,0.37877489162920874,0.4346661967968704,0.4824367905626619,0.4976422303256205,0.45063121831400527,0.32884827759209107,0.2909375800897967,0.33128440033068474,0.46594557471615233,0.36344260362143965,0.07027676978240667,0.4318431220041046,-0.10750960464843529,0.4120278942588121,0.07190188481577499,0.02373765713659492,0.3011986316446205,0.2832597013523386,0.2291324257610222,0.4355345592204923,0.4559384327157922,0.29362067800932373,0.268594137554881,0.13061670516373153,0.08828837842129895,0.44961368718299904,0.12366288377890838,-0.2698270139023898,-0.36125787915307644,0.09042463011102464,-0.17447320300891975,-0.23457711835162132,0.6881946357544362,0.44644484361326553,0.07928353973954796,-0.19467687410958037,0.5010404592540963,0.6706211593419228,0.29447103194466745,0.4157535000311574,0.39264854250845377,0.3949886236294789,0.3842107807866474,0.48566141020340836,0.5959531413724277,0.2589841877515923,0.4525866912186972,0.43039033655722,0.5253535440023374,0.4139480460805579,0.4299895316540085,0.4586311986373303,0.5169526837126057,0.4302006868789331,0.48588184514762345,0.6014131128229363,0.4483207130830489,0.3886842277252022,0.3224413648443837,0.3052658409194897,0.12687298452812298,0.4248942731926537,0.10200952503811922,0.23621070851372364,0.2337561928490728,0.4137221903698807,0.2143754272917276,0.16682481492557566,0.14864520765295391,0.2545580989621987,0.1641497319952255,0.14479897619896626,0.34080632381387915,0.09162072446174534,-0.056792080509507674,0.44336911228299164,0.3020331432877779,0.20652915121483595,-0.030392165291282903,0.018691957128527226,0.30735323459128566,-0.13505557445535174,0.06898916342812877,-0.09492598861012992,0.588013192366539,0.06330092111632818,0.5820751974269723,0.6921382650935295,0.15110503211058465
ROI_002,0.35085360665098836,7.254328619247669,1.5407104802052993,1.798312238025472,1.1483802415641662,0.9914587650350242,0.3302211273493897,1.5688563965822058,1.185274083474574,1.7668452583878165,1.2370732236212814,1.693265984025175,1.254864611536816,0.8506885166648762,0.7266024100995861,1.639809391292888,1.0443592541481392,1.3199208240460172,1.005689940035103,1.2920931314108834,1.1779389746314248,0.6418218359577865,0.8790006873028416,0.7044228302801485,1.2304051367851416,0.4206969427963686,0.44190090603576543,0.7822389882220264,0.9940093645154325,0.9668663361580407,0.9930311772471098,0.6597706164053423,0.43783195719403506,0.7750466687567535,0.24005217769947393,-0.1902444379696686,0.8034238757935591,0.11954964395778071,-0.08197801346419258,-0.21536929640759894,-0.07600531665244431,-0.10766684619082814,-0.37112121254463165,0.4100943322648674,0.3248551405689918,-0.42308969197695023,-0.5023073382220764,0.08049155072401919,0.23714701697772417,-0.19209868326423668,0.698922925268638,1.560959279599549,1.7700220560396005,1.6574491751521176,1.0176391385109707,1.170479254500053,1.5545091576022472,1.3672241617337972,1.1614097495418563,1.3482825400334542,1.4718517301933625,0.9113106153031678,1.3693450411546515,1.1397858579868525,1.1873852240050429,0.755482758038287,0.6208192392763527,1.240854499333439,1.1103969745793705,1.4671894573877295,1.2677719885889545,0.7020263226619007,0.8953797568709292,0.7141106454483347,1.3531349396962524,0.7511981259387124,1.2757790550098618,1.1258207037166261,0.3686928817269449,0.5381305368112609,0.37457324081955523,0.12958487308610517,-0.152080021025312,-0.040201979118608754,0.2779409688075189,-0.4769997457947905,0.8040440587965435,0.4374206698414694,0.47759698437928305,-0.48709176363898254,0.09458430798922188,0.6223917746632511,0.2357385869056166,0.1266718652794332,-0.16222363401537584,0.40640527996334386,-0.5398792171693233,0.2962440102136837,0.2632216433374253,-0.19199468957115076
ROI_003,0.38595451130838,1.5407104802052987,7.254328619247669,1.4003977556210212,1.1075710904286276,1.0877409493335453,0.4782138976392716,1.5460885943876481,1.2823850690241683,1.6547160623778228,1.1584960350364515,1.5091625847472463,1.3178689145976783,1.0354640338150083,0.88462582492695,1.4241157265652344,1.172522507528444,1.3728433307699297,1.1504934275616037,1.205736180089561,1.2481490040904595,0.762919549683158,1.1228379849159498,0.6043917604877521,1.0462197306924017,0.31320789419454076,0.38276718797764026,0.6425663842989621,0.9460810408635151,1.0319662977108714,0.9107899110352285,0.698824059271922,0.5235477456687649,0.8641450318975467,0.2911708563013482,-0.19961057673231739,0.7549212984423531,0.1478009585643464,-0.018243956222953217,-0.20174934072587516,0.03876520736383893,-0.15531249694534435,-0.3073331146581351,0.4458043631022401,0.373699277094346,-0.31818044465671275,-0.35296379433647207,0.20433542450108239,0.27667927756324767,-0.10138087646241639,0.6463953919552824,1.3104550005079019,1.2567103537905484,1.2814372637640317,1.0342115038819777,1.2580135455225079,1.242127751625166,1.3450326932939018,1.0316547834992638,1.2321806581216723,1.19381153890854,0.9856058192993364,1.247077587665075,1.1238119731415461,1.0971543224537657,0.8898899294537627,0.5677324269486285,1.2449987535493887,1.0702413924727512,1.2848811288173694,1.1580129895117854,0.6226748203602988,0.8826629505868214,0.5032607476112818,0.9313641037391359,0.5785259102480477,1.1524659313846406,0.9314359591773053,0.24762844087338276,0.4725328172373481,0.36124020644443594,0.17110761342713163,-0.12707248725932113,-0.01727883327796743,0.18532053008096783,-0.3641846847201972,0.7233532686682822,0.34973052605853305,0.3574320933776274,-0.44519009490153083,0.049174495794791405,0.5179053895826147,0.16459642355894305,0.02071454282921335,-0.20830938985891007,0.4127221756429003,-0.4448557630688873,0.35798799178391727,0.2821701137196504,-0.1517468561734726
ROI_004,0.3950514655088192,1.798312238025472,1.4003977556210205,7.254328619247669,1.5456556219839261,1.1469227355285676,0.3914451791207474,1.531560152945473,1.3566471419321502,1.5654872720272042,1.1653779444792471,1.4258583799798692,1.2333666938944983,0.9383884226768073,0.7962492088281888,1.6722218001570288,1.1256185811026502,1.233146608811721,0.9919759101190049,1.307545700713139,1.0070806488812332,0.6991513701679574,0.8560887832250711,0.5009907765130184,1.100697875202146,0.41068027178125,0.4185727449093597,0.7859259207995615,0.991438821374353,0.9080549593287839,0.9511825407983868,0.6340109075619628,0.5486623709163854,0.8128451333167753,0.3852903657390133,-0.19402076949818728,0.7500249973597869,0.10163403459355497,-0.037891588773909184,-0.32549373319525315,-0.04645393053041238,-0.05891178997466353,-0.2931082738406276,0.4454272396101593,0.4127524324563848,-0.40525745643376426,-0.4396566552573754,0.17222553156682643,0.3070475806692478,-0.21012669971593578,0.6002273984140846,1.3723397019812424,1.6636311005567879,1.9942320793903607,1.2924813751457698,1.19385950449122,1.4968850735687713,1.6188805884342554,1.0435620510067605,1.3168308189331608,1.3379703227815813,0.9381378926634183,1.254866149443091,1.3277204393977853,1.137301298042026,0.823693239299952,0.6276354323749264,1.3064668124934766,1.1049792991229914,1.3109744684530154,1.1230022340414498,0.69910918468216,0.9620056705591563,0.5953077785192441,1.0672356995913568,0.671753574304671,1.1544667373826571,0.9676832212526617,0.3227427831172799,0.4171933178610785,0.3642091856969977,0.16734219776099676,-0.0642328023616419,0.0882642837896536,0.2925606184673442,-0.37073700909672436,0.6912754890097325,0.415012024941729,0.3958208064215089,-0.48092509548818985,0.055999686647533874,0.615270076834715,0.19204897083866287,0.08684279728222867,-0.13416807289625468,0.4686368316334615,-0.44045170652381066,0.38297212857648927,0.3293974316180571,-0.2809100918296284
ROI_005,0.4123423274954312,1.1483802415641666,1.1075710904286276,1.5456556219839261,7.254328619247669,1.2788371962886298,0.6415383166251453,1.2447799424780892,1.2594609284036689,1.1228380961238258,0.914202787447815,0.9906456338638765,1.037108467958334,0.9819964239170229,0.834954504687031,1.2134804619036916,1.0888421679951859,1.072715958244977,1.0571151413480988,1.2111422047554572,0.7875652841871043,0.7308464937484065,0.8375383139116545,0.34615704175319806,0.745274916718342,0.3050936979814606,0.45506585875245337,0.574048892968081,0.7604530067816326,0.7558797629285395,0.8024231477887415,0.5195368124216959,0.5971698885635418,0.8579288540827371,0.5384432130151215,-0.1427249312474813,0.5877031789818701,0.11307523610346482,0.14482918521027727,-0.167306187997857,0.18294031616735526,-0.019326174896912424,-0.11359017979690622,0.4189311384113181,0.5430793372635638,-0.22606805023031645,-0.17893901361505082,0.30741203280648155,0.4157518091895454,-0.04959007090490538,0.41352006502766686,0.9691356617704564,1.0781802173172792,1.4867208592543237,1.6336944909525797,1.1038412678315885,1.1028082536746355,1.3802872661417118,0.7405919006128909,0.9621368987844019,0.8983126050378866,0.854652464394388,0.9123806735559566,1.2037779903596035,0.814887846118192,0.900552460882652,0.6540566452541333,1.1751595566191144,0.8868484077414373,0.9586083705522395,0.8180295477149602,0.6655179972824798,0.8688895177709913,0.5249885937256117,0.6414924779964776,0.3614322183889306,0.8454700256589043,0.5875974092062023,0.18966006263316337,0.23949477579835143,0.32513887205682135,0.2587960486140636,0.04409648528404409,0.15555790035780967,0.2852401657654644,-0.12543604049978047,0.5717903572708846,0.3920187337334525,0.3234435916561646,-0.2737093621660737,0.10632390070478057,0.4718361436768533,0.2630476199115259,-0.0017521595041253286,-0.11211866171377466,0.4584609473610188,-0.20821261127340607,0.45923075944827907,0.42328307325015774,-0.14702186650028948
ROI_006,0.5313021668329501,0.9914587650350245,1.0877409493335453,1.1469227355285678,1.2788371962886294,7.254328619247669,0.7923289773480131,1.110313585274748,1.646540395476644,1.1790397110104154,1.038353570769191,1.0289702650283723,1.1543714994667413,1.1222438916548492,1.0618071284823785,1.16293965809672,1.2218540915419371,1.1859518639263438,1.141998231044498,1.1740288525547729,0.8872412063035511,0.743510091493188,0.9654239676110259,0.26397039475721756,0.8624468882728832,0.2340459711394923,0.3722022115071994,0.6970057064926934,0.8198256484356481,0.8148481784434115,0.8944270323530958,0.4995325744514213,0.6014698640835386,1.0010090726974936,0.4488745253732813,0.05133744492593492,0.710736942395391,0.03624366390588912,0.046798258529122734,-0.20642491733773646,0.22625150635102592,-0.039544290592625965,-0.269656729003261,0.6035783345612021,0.5603903510961776,-0.18907977341300256,-0.1868149603165481,0.49022470853905464,0.6352157308708578,0.10207525838162357,0.531592477419981,0.9720732055177892,0.89005018302676,1.0653106152808822,1.580316011421495,1.5910654726026152,0.9440187428708943,1.3560344755393603,0.7938879642184337,1.1056925291760462,0.9236590920964365,1.0426727538673783,0.9860028180702235,1.2511832781958514,0.879858471636124,1.0745980212062447,0.7703657343704311,1.2029252137340054,0.9353377099021091,0.9781643847019273,0.8357094084836697,0.6586794513308564,0.9271316643436062,0.32920157535457073,0.6057087619430441,0.43602670241486996,1.0300935450068638,0.6152069401559463,0.1885125518919487,0.18364062007718293,0.42265206540041134,0.3568336150000062,0.05175066344978372,0.2308828067815365,0.30754506485491573,-0.10651653849661938,0.7224424227973627,0.5339506025219674,0.39506267649496984,-0.268006441847993,0.08619746262230008,0.5586681523109596,0.10473532583950856,-0.04400202554130186,-0.08740442198039497,0.5121792583132634,-0.1913768990945384,0.642438334158683,0.6412008476504333,-0.07153543454617842
ROI_007,0.49558770353478393,0.3302211273493897,0.4782138976392716,0.3914451791207474,0.6415383166251454,0.7923289773480129,7.254328619247669,0.5279927923939078,0.6487693210023828,0.4870322101762998,0.629984316353591,0.3894311962968569,0.5726389972104806,0.7489682547456252,0.7791652097482213,0.44593967842882987,0.5907428609957074,0.5432264505234526,0.6779984557998969,0.5196050861362574,0.4863480731273215,0.4868508962057644,0.6560510733107211,0.04885409729111533,0.3787127744795156,0.07316745969597266,0.11880600909051911,0.2246593658467487,0.27574717100765783,0.3067480440536117,0.443333161612607,0.3485261327380666,0.5931615414781654,0.5298554691344686,0.5500890475203446,0.03151758616143873,0.3723642467227832,0.026171193100124297,0.30233867011580157,0.12431028825305765,0.7008039007765742,0.049217543443332755,0.21331307285278764,0.5756304310329933,0.6240568883582409,0.3389364916988345,0.3798844166424043,0.8431791957452691,0.656617602794382,0.5384104531695797,0.17339910727135488,0.291086028416187,0.2460929770803627,0.3403529333209659,0.6306635863660597,0.7321238915767261,0.2346153690302413,0.5152822901768895,0.19239191698842964,0.3471855726115018,0.24153743257943647,0.5086285388526597,0.30417706151751484,0.5001102201607706,0.2940156936106681,0.7361889357833283,0.4710957619835075,0.48761748564907065,0.34493196648691027,0.30249504627658447,0.2957187498307265,0.1758752297530839,0.39671406632342227,-0.04724829018526763,-0.007647588847611706,-0.16542531109876724,0.40173653669454784,0.0638816278944654,-0.16024369793707416,-0.11120988916106993,0.32301301436522195,0.3549860242859767,0.16134772253906113,0.40285392601008607,0.028745730755699646,0.27586195706564975,0.44750235364672847,0.40648082736688984,0.13210028218657505,0.1379932866319291,0.07410511563355995,0.04970473414290969,-0.017595580562819887,-0.2065200280558017,-0.07387321461656687,0.47104689084516255,0.3284084817568807,0.548243438753058,0.5278887095944248,0.24882193332394284
ROI_008,0.319376049261626,1.5688563965822058,1.546088594387649,1.531560152945473,1.2447799424780892,1.1103135852747479,0.527992792393908,7.254328619247669,1.1930574049155722,1.5572402296593784,1.2242531555060037,1.4959717605500356,1.2609293331235425,1.0108078480767582,0.8666413424388535,1.3467250421718842,1.094843180131519,1.4403349500488913,1.0591215136367573,1.0555049479566194,1.1879903009948363,0.7211391394522372,0.9831436999734644,0.5927397355238119,1.0599142784598448,0.4232577932407778,0.45290582861686157,0.6420971832210964,0.980069654080957,0.8901559467663017,0.8243947189985958,0.6134090403991068,0.5466777637251472,0.7270695724757997,0.320636986974243,-0.2936591363693918,0.5764140929832973,0.11850530816916338,0.05908059505973355,-0.1803695121823065,-0.02695109548919719,-0.06530205693068136,-0.2070873151459259,0.4054503026505215,0.32457113787442754,-0.30125688866326683,-0.3403754365498657,0.17194863845378194,0.266882925809305,-0.16496296900013346,0.4785912398005018,1.231539174455607,1.1390513423163346,1.2440947008095045,1.002385710247171,1.214637430318406,1.3973022753285453,1.2361399824989527,0.8195072908725903,1.1444480043154541,1.1060799681014504,0.8750348699677564,1.0670234888262669,1.0559608742020226,0.9576715877299102,0.8716233193983965,0.4370286354670961,1.1170205615270767,0.8470662103134586,1.1599086869878175,1.0590708192856317,0.5623445553234039,0.7591497449003881,0.4344681891923047,0.8868678342122459,0.44870726337426925,1.0227951673506381,0.8284138249142032,0.10747344601724934,0.29746044381064174,0.21145255705063454,0.01738926312015117,-0.25817044753969276,-0.04605232290255788,0.08211753361764626,-0.4501630257660531,0.5619884467327854,0.30509451050642117,0.25049689733440134,-0.5592653237901996,-0.04431201464789695,0.3740908393285141,0.11382001637359715,-0.10707175749753266,-0.32030703225221746,0.30561871737419627,-0.4595530410580756,0.25590632630052584,0.2398134226347199,-0.21970446145684283
ROI_009,0.5150448034800095,1.185274083474574,1.2823850690241685,1.3566471419321497,1.2594609284036684,1.6465403954766447,0.6487693210023828,1.1930574049155722,7.254328619247669,1.4186135374484568,1.3289739533639162,1.2315342449121889,1.4873696434614192,1.21327616964704,1.126932546364568,1.45047754129816,1.333266443512285,1.2743750657827153,1.1457882136451345,1.404224011142029,1.1189102683984273,0.793631204113151,1.004742740989344,0.3560988524138014,1.0265794623469913,0.2802570906457385,0.39867125988154933,0.8552487175003188,0.9502855163996623,0.9328971783146943,1.1090978121022588,0.5667720661089234,0.6776348836224367,1.0369826813167988,0.4987600812092228,0.04716977008883317,0.8920711294261489,-0.024794752180062003,-0.03565048014410284,-0.30880382695683917,0.16304955955787773,-0.05265783625353088,-0.33064149291513295,0.6661272081794671,0.5973581217123233,-0.2475127337682839,-0.25008075117768924,0.47062809002616834,0.5652927771272761,0.017527065306758672,0.6207616766216478,1.1309976299726272,1.1792268919779192,1.2858643768178752,1.4469051573340088,1.7469809455876257,1.0488936637795228,1.8321248458659805,1.0023331639065411,1.3234465571004683,1.2014022537726419,1.2405720627033048,1.2615775152060524,1.4802653498732008,1.1696444628465708,1.1195662374895847,0.7651038451522403,1.2832406566137002,1.2033755743942862,1.1626857235997605,1.0809280792283598,0.6766272548195336,1.0290109117203141,0.3751985379225676,0.7721027948892928,0.5997413832005196,1.241062487647639,0.8537928649891736,0.24447477387002123,0.2729150042364575,0.5513953015902848,0.38992585308079536,0.05763092646143185,0.26966047701362894,0.36470464018515314,-0.1780395734495416,0.8844276907184352,0.6717064488354672,0.4637998590952986,-0.35575879553155865,0.1024217772803306,0.5444067927862367,0.09750350830082043,0.05703064625404943,-0.05525945442327003,0.6437439220100052,-0.27562209297347745,0.6719643450375583,0.555492678076658,-0.14610942455222958
ROI_010,0.5011652493857648,1.7668452583878165,1.6547160623778219,1.5654872720272055,1.1228380961238258,1.1790397110104154,0.4870322101762998,1.5572402296593775,1.4186135374484568,7.254328619247669,1.534455117425915,1.937806578737544,1.669433341021618,1.190571879582179,1.0112393143297573,1.6657808052843013,1.2800568980842253,1.4033455678799576,1.1985690933103061,1.355175182900457,1.412554264449231,0.7515370828030882,1.1507990662079666,0.571140008646591,1.3786787684912978,0.37669268930287975,0.40158723109609284,0.7842785993178446,1.0530521516887106,1.021759298632494,1.1245530325646447,0.7406655954465423,0.6182996778719676,0.8361731375360067,0.33754935322163465,-0.18758634744894942,0.8346975926061617,0.06170580488973702,-0.11006988893300222,-0.3183078046758266,0.004538962442635074,-0.1480527629420837,-0.38635801334462255,0.5290651237628953,0.45926926429104836,-0.35573827092255944,-0.420995470431713,0.27592733004726405,0.3489387129878956,-0.1473843468855126,0.768139247543777,1.4600471569762772,1.4238507979099233,1.4216253446614362,1.1305267880599665,1.4888925012602934,1.267550974283073,1.461524152836655,1.1445281089690513,1.4888423333936054,1.5005138023051021,1.126838846726995,1.514836401263604,1.3299093143996015,1.3363004465253083,1.0238650271343888,0.6830568259810963,1.4030220246809884,1.1624446636412635,1.4075117243566058,1.3039915269296722,0.665031542719808,0.9470628316101277,0.5120421831506052,1.1110320575683386,0.6842078071901286,1.4704161200391968,1.0876075385068669,0.3178034024273098,0.45089946599524644,0.4522814139825601,0.19918740207031027,-0.09305294980730963,0.08556672726348126,0.24648379909986134,-0.36651345537261704,0.8800727923535927,0.5147120383153826,0.4104581800280752,-0.46881241484179753,0.0653035511801525,0.5540538646486065,0.11718627649607244,0.05345615498034839,-0.17479631305810278,0.5249454727994144,-0.4662203325178706,0.46670885857799593,0.33520617648847223,-0.24076828474177783
ROI_011,0.4671827025538144,1.2370732236212814,1.1584960350364517,1.1653779444792471,0.914202787447815,1.0383535707691909,0.629984316353591,1.2242531555060034,1.3289739533639162,1.534455117425915,7.254328619247669,1.4050764014703445,1.5919167455242225,1.16699643840723,1.0486488625813544,1.256697327419313,1.1118101976528245,1.2086311684863122,1.0336950955362414,1.1357119061135768,1.2764551718977444,0.7117960214211719,1.0782517434212255,0.5220653047926467,1.3499584197132835,0.42999769625827783,0.29986879353439594,0.7960980576295574,0.8475285758701498,0.8766548552567882,1.1150950715739025,0.739830417941493,0.6106799429763735,0.7494117278499529,0.45315708461187776,-0.12313562570576445,0.8528274043974128,-0.07369873944848959,-0.07243225907800344,-0.28151246202087093,0.12811293558379008,-0.03697367324945428,-0.22682408844789195,0.6438804745496967,0.5127220103054991,-0.20126263450972917,-0.2335308076496913,0.43560047085626197,0.41025245708515523,-0.027090323677509378,0.6395633771327436,1.056500861988397,1.084957324822988,1.0290545202761858,0.8966021511769493,1.2944677942608547,0.891473108782987,1.1996854068171259,0.8941189900346791,1.164574805107965,1.1565643370720442,1.0808195409417993,1.1731540463311505,1.1583450113735845,1.1523234244822294,1.035141361364937,0.6472107726353727,1.0573396792226348,0.9919293011050642,1.0939878350572307,1.0514038991461496,0.5123722671660986,0.8382222017872563,0.32273065613950325,0.8290450167630158,0.564654361914788,1.3105195195795327,0.9997296642711525,0.24604466661314536,0.3874861712545973,0.5564924246512872,0.255720862807197,-0.02907957834760602,0.28216891558344354,0.23846119193246348,-0.2467744553227256,0.8923500931253345,0.7074842387509566,0.373369530075178,-0.379896262292977,0.07027491405271277,0.42971337134765564,0.02303135138863404,0.06452418164559602,-0.09998368029880307,0.6102694513821634,-0.29105824955430315,0.5178153771442169,0.35009390593358686,-0.19519396832863856
ROI_012,0.37877489162920863,1.693265984025174,1.5091625847472463,1.4258583799798692,0.9906456338638765,1.0289702650283725,0.3894311962968569,1.495971760550035,1.2315342449121887,1.937806578737544,1.405076401470345,7.254328619247669,1.470478326592215,1.0076492878265269,0.8261827881850355,1.3729900257620422,1.1531854843708758,1.371026361948037,1.0912614056440335,1.1971633300614668,1.2990501645174835,0.7574194531285778,1.05029838186844,0.6175149523587278,1.4516913873571704,0.49192444578725647,0.3615637126147159,0.7483131212933528,0.937654139058377,1.03496865296717,0.9747389966034291,0.7030188476400401,0.47406773264502505,0.7686515960920725,0.2625749716790854,-0.1764192244769085,0.7290206668449797,0.04722498165932689,-0.09936433005572065,-0.2627802400811437,-0.08454667507018827,-0.03974173046676723,-0.3907031542794058,0.42735749467499123,0.33841468632427885,-0.47388062283495874,-0.5067663974372585,0.16831362892016538,0.33129556220395345,-0.18519061488604166,0.6837841998265857,1.305403156673602,1.2780265392136194,1.2361670776187716,0.9390641353331439,1.2710012508029027,1.1529262663251079,1.2211939220133443,0.9986923132565033,1.3034729031525758,1.3612252262714841,0.9737453069685889,1.2933824962967084,1.1183254128209712,1.1397279236264832,0.8549568785920879,0.5387818057430749,1.1238265025073397,0.9734050964743972,1.2154695486039229,1.2067742448076866,0.6332825744548987,0.8354653424507644,0.5435441565450084,1.1351466534103494,0.7143329393990997,1.325547408257396,1.1978814952289716,0.24838389071849942,0.4806152478849246,0.344233818743477,0.10259349743839291,-0.22084023720844326,-0.010123761750797659,0.16712950459429782,-0.47826052020689225,0.796107967898468,0.467855898212905,0.3903878775829219,-0.5961091136282936,0.004213451258257282,0.5383304466718866,0.10689962938821021,0.0014550885551796418,-0.21962539101923798,0.4042357794610167,-0.5846770068544646,0.3217721391397642,0.28972723410551593,-0.2631658575169931
ROI_013,0.4346661967968705,1.254864611536816,1.3178689145976779,1.2333666938944983,1.037108467958334,1.1543714994667413,0.5726389972104806,1.2609293331235427,1.4873696434614188,1.669433341021618,1.5919167455242216,1.470478326592215,7.254328619247669,1.4651592803091402,1.250088979843956,1.3954689441045944,1.4382133433991016,1.271092501280344,1.3157727743328653,1.1339865543901204,1.3548020554984037,0.8666418004989108,1.277719604572549,0.4971914742117085,1.1294412916020753,0.25350580837196024,0.30367479662823776,0.706412348900484,0.8989335862866283,1.0290905231897998,1.377479167429469,0.7218670140996178,0.7598910580499446,0.8634477286604039,0.4360551950053316,-0.2169029471667044,0.7745766971732021,-0.07647994800518745,-0.044331118685555504,-0.34627783301045445,0.1889526424126108,-0.1296499148019465,-0.2977767735736527,0.642765725520684,0.593502691183759,-0.2026204672583914,-0.22852813884921108,0.4045281537123375,0.34723529704733364,-0.12910374554773232,0.7704290115493072,1.217317104920739,1.1878780204604908,1.2008008060950985,1.1057682505253315,1.3654158565569259,0.9653064687692544,1.443634051993543,1.0004598592234344,1.339888027321736,1.236703818874975,1.4829936820662537,1.4614332253810314,1.51531395924895,1.288613684181482,1.3025091769692814,0.6327502578923526,1.3374553925315884,1.188759145914966,1.223587786423583,1.085244837046121,0.7066273453204136,1.0333337991016653,0.3497969672916013,0.8093471214725936,0.5349131059906185,1.3457781521609107,0.9832335770649013,0.343352046064488,0.3846462060892169,0.6336455938630904,0.3636257380059829,0.03822367544659543,0.20353707016803896,0.27361285232817945,-0.1735665300416705,0.8769562449546429,0.6488985861181965,0.2799859680791579,-0.30445009006579904,0.19064653141383042,0.5029478798772776,0.13861122366946874,0.08589650933050033,-0.048159773971771,0.6385229638286583,-0.28215315995189133,0.6055706974671958,0.30703336435718137,-0.26421866905285013
ROI_014,0.4824367905626619,0.8506885166648762,1.0354640338150078,0.9383884226768073,0.9819964239170229,1.1222438916548492,0.7489682547456252,1.0108078480767586,1.2132761696470398,1.1905718795821785,1.16699643840723,1.0076492878265269,1.4651592803091391,7.254328619247669,1.731242121149798,1.093506686950512,1.3679354523912028,1.1671177526101353,1.3973482824481858,1.0023388266877735,1.2139874852151145,0.9281762635329307,1.6207157871503257,0.29233074526037406,0.7901356737410534,0.15638532980944722,0.25777656776694513,0.5500711266659178,0.7749974304527925,0.9473172151215619,1.0097060852695021,0.6280532642943549,0.8783062830625912,0.9106451401261629,0.5776109024244996,-0.27971611709843913,0.6322227133376557,-0.12758250738337137,0.06816363815512587,-0.2941779556789955,0.3466409379059503,-0.1369548163705169,-0.13817275340599194,0.5903179124682585,0.6510614650225454,-0.03517290245547537,0.008132460745610207,0.6559995664146977,0.3423040565559011,-0.03618103830870214,0.6290558475157114,0.8763651378985232,0.8162644401256176,0.9366386495719942,1.0632895253963193,1.1847569316271462,0.7181614545865072,1.118965541511822,0.7370011871608891,1.0023048106955483,0.8385042029188873,1.2446905049019155,1.0269447841658792,1.3565568543638744,1.0765025750734063,1.7533226116491982,0.5689569469068663,1.1767463414252577,1.0004011900566858,1.0083262215900686,0.9391842059097149,0.5624226218782102,0.9735348407974965,0.14199002853798254,0.47877529393850654,0.3245948774773719,1.0434556251499172,0.7250762050303486,0.17565651669563082,0.2396035568855702,0.586680988466638,0.42226980797687386,0.12241204701998744,0.29291773081957345,0.24281733487780877,0.038126788124057794,0.664227807907747,0.576906571519423,0.13198515519822906,-0.16749591218392057,0.15712827309383712,0.36035002744697586,0.04850006987734892,0.01099804168178952,-0.03865168376943949,0.59959178206748,-0.09521364872780387,0.7498554545209066,0.32554846282350863,-0.2668767906903896
ROI_015,0.4976422303256205,0.7266024100995863,0.88462582492695,0.7962492088281888,0.834954504687031,1.0618071284823785,0.7791652097482213,0.8666413424388536,1.126932546364568,1.0112393143297573,1.0486488625813544,0.8261827881850355,1.2500889798439563,1.731242121149798,7.254328619247669,0.9230837778121733,1.1141330478663662,0.9546720298921377,1.1476370541916738,0.9745397960341325,1.1206356080439042,0.7155713512490264,1.262824973725356,0.20575677080582344,0.6879285277439945,0.020880596672000387,0.23910131488174974,0.6269267327665567,0.8731470908096165,0.9551875898500333,1.0295007168703048,0.47218758468188315,0.7760667378178846,0.7162834698176826,0.4735078697784662,-0.3096421897852038,0.6588531713852323,-0.1318134334625786,0.01594437961030263,-0.36166223438370876,0.34102916419237156,-0.19410177292795328,-0.20800157841122974,0.796364252868496,0.5858310277186911,0.12359642058921688,0.017798918728092403,0.661605141219952,0.37793050058751787,0.044127740363740175,0.6911105732360736,0.848994850856066,0.7575400959784986,0.797275472518519,1.0134529349047467,1.1387611057859013,0.667979056315751,1.0409196496441688,0.8075277574951428,1.0348872588785354,0.8402312831057717,1.4816628522331141,1.0330550564665282,1.3628211343508743,1.1020500090284038,1.994457981647632,0.6400337280783228,1.1808614576414256,0.9454166250817715,0.8809156190805919,0.9424759178164244,0.6534970235866413,1.0842990707711833,0.08975129071458121,0.4499245504263184,0.36278168148189116,1.0991363098688065,0.6879176439092973,0.23607016432988503,0.1805674255260127,0.6515210234252832,0.4323189327299271,0.19405436376564295,0.36311157309149006,0.32543922014606813,0.11081953609003191,0.6346040143309981,0.7040892494060361,0.07100045467093845,-0.055666885259349694,0.2854964326642077,0.4133721052296439,0.13898402354902648,0.07499263374743254,0.07275390643333329,0.7146639633667028,0.05805594158704297,0.956021291379032,0.40147422133835164,-0.23075439666446923
ROI_016,0.4506312183140053,1.639809391292888,1.4241157265652344,1.672221800157028,1.2134804619036914,1.16293965809672,0.44593967842882987,1.3467250421718842,1.4504775412981608,1.6657808052843013,1.2566973274193132,1.3729900257620422,1.395468944104594,1.0935066869505117,0.9230837778121733,7.254328619247669,1.3974495470073296,1.4849293064442075,1.1910805121613566,1.2894266039191216,1.3080490223846368,0.8823358713912075,1.0029757333670248,0.6531354773133227,1.1432954267384563,0.33159932121303515,0.4156415462218241,0.8049594126623147,1.0200960661082954,0.992920360039078,1.1505490392067996,0.7030624971358997,0.7125708824849841,1.0690703526088785,0.48568435341766497,-0.13708163208109134,0.822776001904613,0.03691108334934717,-0.004730607244579048,-0.26291281541240313,0.1079970592358372,-0.1331879436033097,-0.2686045431758269,0.4368860525431002,0.5677006096373465,-0.35116471156488815,-0.3047240328471239,0.26364054972536366,0.23488428374190304,-0.21821492674182902,0.7259756884780244,1.3068812265828398,1.531167998916722,1.6082813274409689,1.1513347914787222,1.2902545578159037,1.2588766132800202,1.5917723955391507,1.0715645616763674,1.2901032419164016,1.3166970640171152,1.0329971988245963,1.4206787197104023,1.2993919048948623,1.318525002293641,0.9061357057751183,0.655219426717104,1.3727497623756297,1.3723319962781928,1.4779410571817178,1.238666868521175,0.7406085857860526,1.0002306454142358,0.48870262407639237,1.0382770151537686,0.69309154288446,1.2219559793189327,1.0368276052612233,0.38626038171970695,0.4346623894288356,0.5790622859760572,0.3314387629238674,0.0423740423792149,0.1261075186458484,0.3899922717350945,-0.23867696375657485,0.8309492150069208,0.5509064968001707,0.4421151198850908,-0.37874161654370947,0.14875162205128453,0.5619383275043044,0.18747128695501528,0.15472148215638268,-0.003625661934086129,0.5345663246357261,-0.40376197615454035,0.46402765237978977,0.25261708267685806,-0.3119039215109586
ROI_017,0.328848277592091,1.0443592541481392,1.172522507528444,1.1256185811026507,1.0888421679951856,1.2218540915419371,0.5907428609957072,1.094843180131519,1.3332664435122845,1.2800568980842253,1.1118101976528245,1.1531854843708758,1.4382133433991016,1.3679354523912028,1.1141330478663662,1.3974495470073292,7.254328619247669,1.5435272640010542,1.7303035228217227,1.0640689051632457,1.2154255308438964,1.3015472286196523,1.3141391420116788,0.577898546386741,0.8939456785033612,0.19178076684603365,0.3133670885800477,0.5727687468106206,0.8871153696596163,1.0502527823722883,1.0928267380305938,0.5279974212599567,0.8104119306265253,1.3641637401250684,0.5772301475469818,-0.12179402842300059,0.6960217748283731,-0.14109988981599528,0.12705347953036916,-0.1774909653380298,0.34682626003856487,-0.1271116629120801,-0.213452632465588,0.3562572557884955,0.581480997190347,-0.316201462503681,-0.0951601110486643,0.35689066227816796,0.21941554189071885,-0.18940422977060126,0.6690610258444587,1.0196582852730438,0.9787695614133799,1.1176046096225831,1.1663691295124259,1.1763274234933967,0.9050892700834473,1.3402299391974672,0.8235637490339446,1.0384213237343922,0.9447970604789376,1.1425264158056947,1.1045507837735886,1.2138064520028233,1.0151407087830755,1.116158201497145,0.5487042591728838,1.2009081346851973,1.2615287373868522,1.2416675357251903,0.9432765164928326,0.8110368309925406,1.008658019061698,0.2957371484888362,0.7043757182955162,0.45180735981257736,1.0792780482859607,0.8126234026990717,0.30540079086733374,0.3124963986598467,0.6754404473173634,0.5450354423614758,0.09199083492853062,0.18305410308389083,0.3242260382477114,-0.025592646653184937,0.7645274472156032,0.5394526249367897,0.366952051651645,-0.22743572843871676,0.22496454490607476,0.4595888219005284,0.1798854913938126,0.027981248147577516,0.0677173988258457,0.44404123860655526,-0.301383266550633,0.5331515230393751,0.17849651197777666,-0.36800562516450935
ROI_018,0.2909375800897967,1.3199208240460172,1.3728433307699297,1.233146608811721,1.072715958244977,1.1859518639263438,0.5432264505234528,1.4403349500488913,1.2743750657827153,1.4033455678799576,1.2086311684863122,1.371026361948037,1.271092501280344,1.1671177526101353,0.9546720298921377,1.4849293064442075,1.5435272640010542,7.254328619247669,1.408813601487295,1.1247592472318135,1.3006211002735524,1.076920852500034,1.2849075563149297,0.7402730438496353,1.057744662298787,0.38990527605324765,0.43459374918138916,0.6782328564354702,0.8872563139381837,1.0804429297014522,0.9346559504729626,0.6075512799351178,0.6309941249079882,1.2659020818676319,0.48489161038278555,-0.11621076405536677,0.6931633399786841,0.019934906591210836,0.17047510873719862,-0.04003274252098824,0.19452082064167092,-0.03278430250396225,-0.1621408111175718,0.29480722593427333,0.44244231632006054,-0.3521844895285745,-0.17875439631469173,0.2535346984283967,0.22591870206599385,-0.14774941568872818,0.6019490061842714,1.0818167240564127,1.0342002306115847,1.116357460067142,0.9996563179078577,1.2267290301001725,1.1001584721137632,1.19919334977505,0.7741937757504767,1.058091684173467,0.9584754855241641,0.8998042337768641,1.059677219817302,1.038692086538213,1.02364854944129,0.961523657309272,0.503719466626843,1.1003220898141293,1.0941392117707491,1.4188140135787894,1.0586376287976802,0.6879624324485648,0.8652997697974939,0.37355275661258874,0.805119102535043,0.5153570330891021,1.0568373147358496,0.9470644061260092,0.22487978464935465,0.40529698611870196,0.4283487825941953,0.26193714134000096,-0.11456433663640789,0.02163034942508044,0.2397232882140513,-0.25777587282925357,0.7008592820390201,0.46008914841944065,0.3864932759246639,-0.4044563897431109,0.07464264871462091,0.4239566762837626,0.14520835574439317,-0.0061436949369633575,-0.10408811178491871,0.3033737978140771,-0.4312635963769368,0.3305451805690069,0.20153096519566596,-0.25894906720613675
ROI_019,0.33128440033068474,1.005689940035103,1.1504934275616032,0.9919759101190052,1.0571151413480986,1.1419982310444976,0.6779984557998967,1.0591215136367576,1.1457882136451347,1.1985690933103061,1.0336950955362418,1.0912614056440335,1.3157727743328653,1.3973482824481858,1.1476370541916738,1.1910805121613561,1.7303035228217218,1.4088136014872945,7.254328619247669,1.0336672606128252,1.1327498289337283,1.1693560419645377,1.4570401303977705,0.5515804314596878,0.7819124065423199,0.16174253591454527,0.34311688212514674,0.5037654051596197,0.7617428067019979,1.0233241897021426,1.002676096784313,0.5281609288782427,0.7223435588514817,1.2152768924204989,0.5056197184348109,-0.21411883945181107,0.6838975907785845,-0.08299063561087361,0.17843718967049507,-0.06427647044467377,0.43316381710209007,-0.14548683006708113,-0.13845168857525372,0.37605290364525873,0.5667135763497066,-0.15822923084015625,-0.004843878939894631,0.39626957439067695,0.24207128922303323,-0.07172030544294075,0.6815459517059493,1.0171262440411961,0.8972151635577171,1.0656453273796924,1.1492063148616893,1.1299765508937476,0.8937989730478814,1.1924769556401975,0.811241938355441,0.996006790122978,0.8344845297271888,1.114310808024101,1.042988023223422,1.1676189375674384,0.9198570969815902,1.2455557416767793,0.581389213647617,1.290829159082807,1.1178936249756188,1.206220538631266,0.8998117992027895,0.8344685700276104,0.9974033283771649,0.38162574114695075,0.6339506812195617,0.3756738600969897,1.0286383201570963,0.6999813852920633,0.27360963566879126,0.32668211045209755,0.6141928231336576,0.5190672532200372,0.11399150889442858,0.13292018289774016,0.30802014275206785,0.045606512090536525,0.7336794992013962,0.5135754829774909,0.2831940363229903,-0.09646372373526639,0.2986316353685018,0.4886674337493728,0.27579715417478784,0.054396794788970144,0.059522608885715506,0.42729213245623443,-0.17269221119736589,0.5563858069859831,0.18316591927422726,-0.2233816104494726
ROI_020,0.46594557471615233,1.2920931314108834,1.205736180089561,1.307545700713139,1.2111422047554576,1.1740288525547729,0.5196050861362574,1.0555049479566194,1.4042240111420283,1.355175182900457,1.135711906113577,1.1971633300614668,1.1339865543901206,1.0023388266877735,0.9745397960341325,1.2894266039191216,1.0640689051632457,1.1247592472318135,1.0336672606128254,7.254328619247669,1.1241187488559918,0.6440860695646512,0.9369703124407318,0.43987959342125044,1.0557625913080302,0.3108680633579607,0.45698514097384846,0.9445496850650164,1.0432516138958237,1.0505033829636403,0.9748209770114944,0.580185108056388,0.47817990016754114,0.8490525281707165,0.3681436915391105,0.00718966266653222,0.9007271409848577,0.10575000172016759,-0.02887160220428871,-0.19971283437729134,0.09943522031708257,-0.09372842493381808,-0.37446247416109696,0.5580623867347494,0.4711703428253168,-0.2386081810669245,-0.307131309402965,0.33853560785458375,0.4726511948317015,0.04526282850508521,0.6639549380878244,1.0999617317598895,1.283187612750306,1.3452107897169625,1.2708162748975051,1.311364294262094,1.0287737632999596,1.4463170179100304,1.1138518472742927,1.211316263845565,1.2681243164673743,1.049686626103641,1.2452366277045321,1.2925231619515525,1.2906424817404163,0.9839380157153389,0.8706979642645534,1.240534284818751,1.1773603281659843,1.1384284843577588,1.4532376942223817,0.6913243073297265,0.9958137209210859,0.6340199807562762,0.9201052478530957,0.7270158589530406,1.4200274930305932,1.0032734183489855,0.33858947148351937,0.4203198196935171,0.5245622940655955,0.33642427851816686,0.0447524993578468,0.15475850390791648,0.5052696425703896,-0.1861199521292478,0.9327647167705116,0.7465252730086516,0.595555861390062,-0.2810743722891374,0.18204567380857697,0.6585242642335717,0.2758892660600894,0.14443585950016766,-0.02390190628367221,0.6427400599006956,-0.27042966989368306,0.6022566447198184,0.5280176555388969,-0.059374781641557905
ROI_021,0.3634426036214397,1.1779389746314248,1.2481490040904595,1.0070806488812334,0.787565284187104,0.8872412063035511,0.4863480731273215,1.1879903009948367,1.1189102683984273,1.4125542644492317,1.2764551718977444,1.299050164517484,1.3548020554984037,1.2139874852151145,1.1206356080439042,1.3080490223846368,1.2154255308438964,1.3006211002735524,1.1327498289337283,1.1241187488559918,7.254328619247669,0.7941695392596564,1.1368987809178928,0.6634498400675812,1.0706304698382427,0.2871070905944406,0.3613871960912814,0.7054991494178458,1.0843762513208686,1.0865697817894686,1.0462246457851077,0.5850849660156652,0.6983260177167507,0.8172751735923055,0.377664333490003,-0.19014941279453826,0.6884523603763228,-0.09447849081209818,-0.03368318018326176,-0.21271290437405121,0.09965537521477102,-0.20444437542245325,-0.32371956688910497,0.44962410571337846,0.4445284495067415,-0.23542943137823324,-0.23053666251444482,0.29631950996123513,0.20903616840734623,-0.16760778293787873,0.6667646848566123,1.045960275347508,1.0457453078775063,0.9543021357561904,0.8219661945123846,1.145099374429947,0.9290584840998338,1.126636390973999,0.969355283833865,1.0840540274227068,1.1741799680429919,1.0627119081450513,1.1975399246260316,1.0388348712337074,1.3228426247718215,1.0045563722788795,0.48393079775854614,1.0327819123993351,1.0516420179854786,1.1254414105576174,1.4332616541023206,0.5822340572387401,0.8590157931553501,0.3238216864350866,0.9035820780201274,0.5700891328694772,1.2747075514906807,1.052184550417178,0.24538891071320765,0.30938780981431674,0.536007910923631,0.2709048413563849,-0.06546370459280472,0.07568111711256724,0.27292543215076626,-0.24045120822499985,0.7990629335675256,0.6176119557348702,0.3619301789106997,-0.37814154076393114,0.14165730303696336,0.3763982475488374,0.10576322796216825,0.007376826288183014,-0.054618070188036584,0.5221643870354639,-0.35041778871854834,0.44784842117446033,0.17581603782250546,-0.28312570275902044
ROI_022,0.07027676978240667,0.6418218359577865,0.762919549683158,0.6991513701679576,0.7308464937484066,0.7435100914931883,0.4868508962057644,0.7211391394522372,0.793631204113151,0.7515370828030883,0.7117960214211719,0.7574194531285776,0.8666418004989108,0.9281762635329313,0.7155713512490264,0.8823358713912075,1.3015472286196523,1.0769208525000338,1.1693560419645377,0.6440860695646512,0.7941695392596562,7.254328619247669,1.0005575292607962,0.6634925537895204,0.5716881763254886,0.282716184451495,0.32175162953662495,0.41149510730566996,0.5666664296262095,0.8525050872308064,0.7104565723574531,0.4276724788853911,0.843342545897003,1.2087553494953631,0.8161995765142623,-0.10473020703724924,0.38817524313635066,-0.11663779037636658,0.4457522779432459,0.0798158059936115,0.47153631549681013,0.1147977262384782,0.13205379599501219,0.1037305285030361,0.6134863460137795,-0.2538225394597661,0.1451036575753961,0.2544029151817809,0.032048374181252934,-0.2889672148331421,0.3923862924351484,0.5584788158018805,0.5634157205571784,0.6788021515891293,0.7049037703341445,0.6610604073710352,0.5633629061029608,0.7680956375120719,0.43622171870089477,0.5393580972015749,0.5219242921428732,0.6732006025719743,0.6075400155352556,0.6728857928313238,0.5871275511008508,0.7137950597957559,0.2615224782330463,0.725044489572444,0.7932619090155102,0.7645823706116208,0.5996712240625917,0.6621405424898227,0.6193998542217558,0.19516473423369837,0.39962623066075953,0.29548164354397544,0.6402094835474443,0.6084916741701237,0.1964462363076838,0.2431294738466937,0.5464246953240771,0.4903173306886353,0.1699820000005896,0.16705219089961174,0.3014344097268803,0.14909378502629206,0.4478529152941067,0.4516762746247262,0.20564445281100352,-0.16256508012008547,0.2170122991458498,0.3002269504755957,0.24683306078857895,0.04268468929248328,0.24172541095690464,0.2955092277847567,-0.18996300570826988,0.2909507165835288,-0.06917718453937123,-0.4181611641016238
ROI_023,0.43184312200410463,0.8790006873028416,1.1228379849159498,0.8560887832250711,0.8375383139116542,0.9654239676110261,0.6560510733107211,0.9831436999734644,1.0047427409893437,1.1507990662079668,1.0782517434212255,1.05029838186844,1.277719604572549,1.6207157871503264,1.2628249737253565,1.0029757333670248,1.3141391420116788,1.2849075563149297,1.4570401303977711,0.9369703124407318,1.1368987809178928,1.000557529260796,7.254328619247669,0.44443013379490826,0.7960911878749226,0.1817543913935754,0.22197384133923628,0.49331222366675953,0.6849625546368733,1.042450461842934,0.9269760456059326,0.6969723650496067,0.712904567352712,0.9632173619304855,0.4769477210882769,-0.28754426610470746,0.6470896193439652,-0.0357943762252069,0.09808663721565632,-0.12648800628956916,0.38970067652247226,-0.12848155242407072,-0.08988404367856263,0.4818321692205698,0.5550995907643036,-0.056357061681385184,0.023948377729897566,0.5210931333324963,0.23131074010678163,-0.01775909227160534,0.7217112127575359,0.9215399770607037,0.7874297935719472,0.8483445643509949,0.8809706280410224,1.0485045494367602,0.7219192388318467,0.9544173673974005,0.7248665349104575,0.9361035160595232,0.7613578901906398,1.0673926582682662,0.9594263815729708,1.10170037279514,0.9781455559241159,1.391740090402812,0.5101515203008887,1.1037398061860015,1.0005583091411723,1.0941537060994606,0.8464234045263804,0.6079639818496282,0.9860593968019933,0.20711301805000873,0.5040215420964772,0.34401988848981907,1.017085776760007,0.782368634913631,0.2510347564892079,0.4421378121786508,0.550244073390702,0.3856654931165877,0.08405636375480105,0.2024591892852297,0.19069332343076953,-0.004832548519434891,0.6662185010973527,0.4734258104598467,0.14466234924718277,-0.1250583510895832,0.1914589127953539,0.41997830123333807,0.10491617887563902,0.07711643018991217,-0.03915409164943739,0.4578230756592756,-0.1386693903178213,0.5825669126056248,0.21510323446697377,-0.19947043736501663
ROI_024,-0.1075096046484353,0.7044228302801483,0.6043917604877519,0.5009907765130185,0.34615704175319806,0.26397039475721756,0.04885409729111533,0.5927397355238119,0.3560988524138014,0.571140008646591,0.5220653047926467,0.6175149523587278,0.4971914742117085,0.29233074526037406,0.20575677080582344,0.6531354773133227,0.577898546386741,0.7402730438496353,0.5515804314596878,0.43987959342125044,0.6634498400675812,0.6634925537895205,0.44443013379490837,7.254328619247669,0.5741944991165874,0.4634524729470162,0.5297200540798029,0.4310985425657026,0.49433294782554726,0.6454764459697927,0.451738227884789,0.32999596566346395,0.26378007011643284,0.5558264136534798,0.24444272618200202,-0.11436820564366279,0.23153977273172524,0.00643860053612332,0.35841183959763456,0.3657215095076209,0.1092407907593455,0.07450789368470695,0.03507327217276213,-0.12502302682460856,0.17474577652097212,-0.3297288461703992,-0.09902956686908901,-0.298501799901749,-0.2637788415795603,-0.4054187183155901,0.2749478984266465,0.48288543824094526,0.5246349946853123,0.4691453130599711,0.2450479364001668,0.3267233292279463,0.5668933188682288,0.4098091195789424,0.3873540498142328,0.3367967543075228,0.4654849415973331,0.30755320468565617,0.47493089715724063,0.25505158317299714,0.42108240956563564,0.19516199669674777,0.05582460467446764,0.35857598838645743,0.49203765695283536,0.6167760142901134,0.5679170284727751,0.4970951629532601,0.27165067017596534,0.520545707177068,0.6556260758581471,0.44091157760117883,0.44976586329023055,0.686875024504453,0.2923798954461163,0.3733899785542503,0.3003377559102813,0.043743127780403186,-0.16246355194513,-0.26363200182746127,0.26487666492564843,-0.265110828410184,0.36107890456319564,0.28804837590170007,0.3196912087638348,-0.3018228376300966,0.16344621533162582,0.1837273470724258,0.43125849268267186,0.09800540674316428,0.14579923149645693,0.08061421729639694,-0.44671534188415035,-0.19659811111210215,-0.36923428971052963,-0.24949236181523027
ROI_025,0.4120278942588122,1.2304051367851416,1.0462197306924013,1.1006978752021463,0.7452749167183422,0.8624468882728835,0.3787127744795156,1.0599142784598443,1.026579462346991,1.3786787684912978,1.3499584197132835,1.4516913873571704,1.1294412916020753,0.7901356737410534,0.6879285277439947,1.143295426738456,0.8939456785033614,1.0577446622987874,0.7819124065423201,1.0557625913080302,1.0706304698382423,0.5716881763254886,0.7960911878749226,0.5741944991165874,7.254328619247669,0.5767462936440081,0.27524165341180884,0.8696982611144813,0.8011348170788175,0.7365075757679748,0.8786744549271529,0.7275642201177803,0.4543054944563438,0.6626388417184719,0.283435397921217,-0.014497322863289447,0.7506727897537708,0.02102221733461019,-0.14668860087016325,-0.27655835137024,-0.09859214759736641,-0.015718707837013794,-0.33513572127546304,0.40941860583922995,0.33345480541971106,-0.44408071538495986,-0.4478886859083234,0.24449444895916264,0.39509497379491315,-0.12493611152213997,0.5658191619708093,0.9157512826148875,1.01317857523175,0.9551540844375177,0.7306394674895313,1.038757860750095,0.8447779609469672,0.9768476468124802,0.7850356021431413,1.0432162757699237,1.0894206124444143,0.7716376587088739,1.004976428438737,0.8982535610833311,1.026489138272803,0.6777795724815164,0.5364947883648314,0.8268477967123502,0.8467944767923608,0.9604764590317962,1.0394550130104623,0.4466455386497677,0.6386686926938927,0.407807248971496,1.0073846176743402,0.7385906362947935,1.1797340970681263,1.0995182195854283,0.23646652257181217,0.4617499919448534,0.4011533865334223,0.10307208674293816,-0.21500465620959475,0.11926182451415318,0.18034743585346508,-0.48539526144341455,0.8918973423670763,0.5973439655851243,0.4914465305351797,-0.5732369957042087,-0.11885220274683313,0.44350674992840133,-0.0035156984816378132,0.002120686185259146,-0.19075935128370608,0.4036665376378564,-0.5331709594488281,0.2889166846127111,0.3323553987156426,-0.20698023864766746
ROI_026,0.07190188481577499,0.4206969427963686,0.31320789419454076,0.41068027178125,0.3050936979814606,0.2340459711394923,0.07316745969597267,0.4232577932407778,0.2802570906457385,0.37669268930287975,0.42999769625827783,0.49192444578725647,0.25350580837196024,0.15638532980944722,0.020880596672000384,0.33159932121303515,0.19178076684603365,0.38990527605324765,0.16174253591454524,0.31086806335796074,0.2871070905944406,0.282716184451495,0.1817543913935754,0.4634524729470162,0.5767462936440081,7.254328619247669,0.5287564528704433,0.49000164674485724,0.2985698512380331,0.2496649478077513,0.11287932770690695,0.4432331666111713,0.126390392190965,0.1639507962338608,0.38382387107898375,0.059003141193239184,0.08630269124218472,0.059532794328880034,0.19739499213632486,0.13607417456716328,-0.3118267521315637,0.6239891657804839,0.201363873447812,0.0042199188263073685,0.16245508501481223,-0.362591699324581,-0.24543797776166537,-0.05585776200963204,0.21297163343051925,-0.18514913433824104,-0.06608639169124621,0.1361280457810894,0.2629395179778362,0.2772665343478417,0.19832267229342265,0.24410677311503653,0.34159088606726085,0.22964304449651993,0.07532652074181918,0.16374694825651573,0.2653492497175712,7.975527550637704e-05,0.15202459118245806,0.10577607295126887,0.18238093650284393,0.053794139656118484,-0.045185038583146785,0.09051196277451186,0.04443088628111896,0.18729443101701895,0.30077247497070064,0.03963561014333106,-0.016571790289414117,0.29973378822785895,0.35027767512789426,0.3518329923072968,0.20176854223181775,0.4632544851216587,-0.1496878243621326,0.09949817584026643,-0.20865769273077242,-0.4372896405932184,-0.32728584589169346,-0.015888543268386637,0.02515426593748716,-0.5185927939825442,0.07433266391248647,0.20890630418479422,0.15615998397390657,-0.7759694973838686,-0.41228202522614205,-0.0011324471877292084,-0.07808547666737295,-0.1915729759741287,-0.20080288118801992,0.08947210184148541,-0.36105010892676986,-0.2863787839390784,0.037520461733422036,-0.12410986847112096
ROI_027,0.02373765713659492,0.44190090603576543,0.3827671879776403,0.4185727449093597,0.4550658587524534,0.3722022115071994,0.11880600909051911,0.45290582861686157,0.39867125988154933,0.40158723109609284,0.29986879353439594,0.3615637126147159,0.30367479662823776,0.25777656776694513,0.23910131488174974,0.4156415462218241,0.3133670885800476,0.43459374918138916,0.34311688212514674,0.45698514097384846,0.3613871960912814,0.32175162953662484,0.22197384133923628,0.5297200540798028,0.27524165341180884,0.5287564528704434,7.254328619247669,0.6547372883086774,0.5776048135416878,0.527268927797746,0.2543621050055369,0.16009372200482938,0.2008751295026617,0.30479874585831174,0.29209237038739866,0.03138714300788319,0.12108114151845882,0.2137973739536699,0.43877814812183585,0.24391938710752614,-0.0801050703715086,0.3731650931037823,0.00466942925873618,0.12464209319304749,0.29464066456703225,-0.09018673163337987,-0.14284430181971658,-0.10298799544124315,0.16691860083032078,-0.14316359826346892,0.11396654829955649,0.31735422219555,0.3415869680746163,0.39637570390943566,0.45477527150244135,0.35454657715894644,0.540473727095144,0.3730511046665571,0.31500560909091035,0.2452898271479186,0.35206066227592914,0.2543992085667283,0.35577384007054547,0.26148077072564757,0.30161628749823616,0.24457140097735006,0.10149917183276329,0.32402052212139054,0.23906621093352876,0.334375453891993,0.503897802241461,0.45790102911882374,0.22115832403812313,0.6073997324755471,0.39620579274126394,0.3394492096592499,0.2885791834241683,0.39059500809842734,0.12131250949007323,0.0032191002258745386,-0.04761284046016179,-0.23158583982625958,-0.02939911759340124,-0.13881778297521602,0.4972474010292307,-0.2518536007604148,0.027184603106981665,0.28329761536017123,0.18129200755154645,-0.43452581969073784,0.053003284194803504,0.21030308865628333,0.5063367877989916,0.04932413156435285,0.04474768917116324,0.24442451627783066,-0.17588847047145537,0.007195547881507961,0.08139705149007957,-0.015928464479574345
ROI_028,0.3011986316446205,0.7822389882220264,0.6425663842989623,0.7859259207995615,0.574048892968081,0.6970057064926934,0.2246593658467487,0.6420971832210964,0.8552487175003188,0.7842785993178448,0.7960980576295574,0.748313121293353,0.706412348900484,0.5500711266659178,0.6269267327665567,0.8049594126623147,0.5727687468106206,0.6782328564354702,0.5037654051596197,0.9445496850650164,0.7054991494178458,0.41149510730567007,0.49331222366675953,0.4310985425657028,0.8696982611144815,0.49000164674485724,0.6547372883086774,7.254328619247669,0.9256475975958143,0.8702908181602967,0.684315617229066,0.3775297082235192,0.30727726819746387,0.4841060252363323,0.3068775225479891,0.07076005489253356,0.6404688065174019,0.062043776871502275,-0.001811874085822649,-0.19758716527093925,-0.11401979338926223,0.20777942085772552,-0.28660355243944885,0.6188233275449034,0.3624525628475315,-0.12955595692484323,-0.34609854668948614,0.18166652583100157,0.4082187775085483,-0.03887976216855499,0.48897485620025155,0.683691273109612,0.8015365978605079,0.7121888340317473,0.6769782368929778,0.7504250195994768,0.7341998413597681,0.8181708857381148,0.8298471082316411,0.8232140245836529,0.9197679763422235,0.7596589071767322,0.8662425743131733,0.7552887288717502,0.8941789066771691,0.5775290136776234,0.5166611655163664,0.7111498552562134,0.7066188464546441,0.7024916579160349,0.9502823498223403,0.6454426882862613,0.6871451154247251,0.48502104306465127,0.8003683288052988,0.9896866918153535,0.9280074329756935,1.018039694085359,0.3724411908828433,0.27481865647801235,0.4005412344876701,0.06960792654174588,0.07717006452581869,0.2652451706498772,0.655366540652542,-0.2573319602087001,0.534587091429339,0.8965205963333818,0.38429644672720037,-0.41885183670719517,0.11026943600702284,0.6302811637535343,0.3069557874071441,0.29343933030786173,0.17700514431744488,0.6927957374141601,-0.18232141891778442,0.4424374850579952,0.4153594239412159,-0.13700773314555598
ROI_029,0.2832597013523386,0.9940093645154328,0.9460810408635153,0.9914388213743536,0.7604530067816326,0.8198256484356481,0.27574717100765783,0.9800696540809574,0.9502855163996626,1.0530521516887106,0.8475285758701498,0.9376541390583768,0.8989335862866283,0.7749974304527925,0.8731470908096163,1.020096066108295,0.8871153696596161,0.8872563139381837,0.7617428067019979,1.0432516138958239,1.0843762513208683,0.5666664296262095,0.6849625546368733,0.49433294782554726,0.8011348170788175,0.29856985123803315,0.5776048135416876,0.9256475975958143,7.254328619247669,1.0384665556373853,0.7348607947947668,0.4232771127222527,0.4586966539499467,0.5704488229069329,0.24997442695973293,-0.22356673707557587,0.6597142252571173,-0.017206198607051186,-0.04767276066910244,-0.33453338853550385,-0.11460736247521254,-0.11389396668219483,-0.44382487736736487,0.4814723866100482,0.2994088300223726,-0.2336001601599587,-0.40054546272035163,0.1258862776107555,0.19785444557413556,-0.2312954532314277,0.5928727714745489,0.9950675484229187,1.012514973252986,0.9291257820524076,0.8732475854481812,0.9394739608994488,1.050905283874549,1.0154828922325905,1.078840875501821,1.0161607221710958,1.144900273100291,0.9349162092963557,1.0704327630288986,0.9560471638961412,1.116006488220867,0.7687945061484042,0.46582163313093494,0.9903527928932924,0.8868856146803696,0.9161454585688419,1.2653060019405957,0.8133696916846941,0.8634692284903029,0.45575021270110366,0.974072530569566,0.8129522882374111,1.1634841793002417,1.0190854568166707,0.3348155240718256,0.29837880383522675,0.3908748367012337,0.11944158051814972,-0.01029032672943545,0.06671859248511386,0.5009417674647932,-0.2823928675252923,0.5314981832115153,0.5853144464950792,0.3281767775066252,-0.4170775325584661,0.17051857958600813,0.5588443331933297,0.3339001753038094,0.11779341744618707,0.05693614866033216,0.48409079816919365,-0.31546540357200775,0.43544443538026373,0.24870594538909171,-0.35706184214055314
ROI_030,0.22913242576102222,0.9668663361580411,1.0319662977108714,0.9080549593287841,0.7558797629285395,0.8148481784434113,0.30674804405361183,0.8901559467663017,0.9328971783146941,1.0217592986324937,0.8766548552567882,1.03496865296717,1.0290905231897998,0.947317215121562,0.9551875898500333,0.992920360039078,1.0502527823722883,1.080442929701452,1.023324189702143,1.0505033829636405,1.0865697817894686,0.8525050872308064,1.0424504618429338,0.6454764459697927,0.7365075757679745,0.24966494780775123,0.527268927797746,0.8702908181602965,1.038466555637385,7.254328619247669,0.9115198079162804,0.49389296093063795,0.4576931620551892,0.8011367495652619,0.2843035208133583,-0.20996914408213502,0.6447456208994554,0.053489810209011564,0.17794295842361993,-0.07205518822944071,0.13521246135194734,0.029904699295740446,-0.25589683082689224,0.4774839162833627,0.3925349089095343,-0.1207921412849403,-0.20662894817142896,0.1359964723314005,0.1889855599807362,-0.14081568890440957,0.6685814794317513,0.9440672676722458,0.9241646565664418,0.8597888837871157,0.834900480792612,0.828108700597675,0.8495636970195217,0.9324099921568307,0.9618714449279478,0.9576358562827233,0.9611615672991306,1.0323542251139948,1.0706046414807118,0.9749566477114091,1.0727905930630712,0.8797700882763193,0.3772084970466386,1.0258137968322285,0.9571019975056536,1.0500804495615588,1.1557204726810513,0.8954960475250248,0.9765381868061862,0.4707945481298832,0.751397883185489,0.6751177280179125,1.087370020108087,1.1511471422473343,0.4354202779999288,0.430592136607093,0.48902898117122523,0.23026924185768227,0.048466417347850156,-0.012239270796271288,0.4438079760729271,-0.15140866031294278,0.533893551754098,0.6107803671755714,0.2610285350888815,-0.26852241341996647,0.3211048566112723,0.6728872791408751,0.42399574843207327,0.21369279826730206,0.17623956108030298,0.5529865586422169,-0.20749035535510008,0.41152904138617813,0.18761364928044721,-0.24724569437039834
ROI_031,0.4355345592204923,0.9930311772471098,0.9107899110352285,0.9511825407983867,0.8024231477887415,0.8944270323530958,0.443333161612607,0.8243947189985958,1.1090978121022588,1.1245530325646447,1.1150950715739025,0.9747389966034291,1.377479167429469,1.0097060852695021,1.0295007168703048,1.1505490392068,1.0928267380305938,0.9346559504729626,1.0026760967843127,0.9748209770114944,1.0462246457851074,0.7104565723574531,0.9269760456059328,0.45173822788478907,0.8786744549271527,0.11287932770690695,0.2543621050055369,0.684315617229066,0.7348607947947668,0.9115198079162804,7.254328619247669,0.5476195184157233,0.7656407681365915,0.7397604719781543,0.4317372986691364,-0.1490288343470182,0.6962940932739774,-0.08391182651364129,-0.10115842873640266,-0.34297780839497344,0.2343313506662259,-0.13483414521326675,-0.29031502469910964,0.6963911234323139,0.6922899241046853,-0.10736440466057794,-0.20394106559329245,0.37773582138500555,0.2590995654402835,-0.14571227993520433,0.9452999367878848,1.0624935737304133,1.12947716955134,1.0227353704718878,0.9470932483112122,0.9663896997128835,0.8127566812514058,1.155235901193235,1.0515090259146478,1.1430114829993818,1.1127541781164494,1.2470378451859143,1.2937037562433154,1.2428468528539367,1.261000186392965,1.0064160337127388,0.6825344858648862,1.1363746607179872,1.2355170428040472,1.0804323543934855,0.925752177635713,0.7547116173289113,1.062686269190485,0.34225390583474374,0.801035744851875,0.5447422209618409,1.1362265426420688,0.9082034570666889,0.6239930170270316,0.37594590428234126,0.815188963839511,0.5201187252364169,0.2647328791746311,0.29424257118656344,0.43467261788722894,-0.029054631385529658,0.9041630186821323,0.7182307190615268,0.30982847868097385,-0.08682809106959302,0.459137853040265,0.6098001463664546,0.2513110659035602,0.30534113064549195,0.22369633655204577,0.8023883076085612,-0.10542960402849327,0.66237651925988,0.23421472297002247,-0.2408215963827043
ROI_032,0.4559384327157922,0.6597706164053423,0.698824059271922,0.6340109075619628,0.5195368124216959,0.4995325744514212,0.3485261327380666,0.6134090403991066,0.5667720661089234,0.7406655954465423,0.739830417941493,0.70301884764004,0.7218670140996181,0.6280532642943549,0.4721875846818831,0.7030624971358997,0.5279974212599567,0.6075512799351179,0.5281609288782427,0.580185108056388,0.5850849660156652,0.42767247888539117,0.6969723650496067,0.32999596566346395,0.7275642201177805,0.4432331666111713,0.16009372200482938,0.3775297082235192,0.4232771127222527,0.49389296093063795,0.5476195184157233,7.254328619247669,0.46757120403688357,0.4454535519451419,0.39467865417208037,-0.14699944144067756,0.5814701259809577,0.26463362819951564,0.007942298817535911,-0.12348121813981518,0.11592742993361005,0.03826739299376147,0.06321573833993402,0.4084728423098189,0.6388326855405286,-0.04784308443331024,-0.09065103436796022,0.38503415296207943,0.23194287026656707,0.04293629754076937,0.539048318166209,0.5352587541555356,0.6040186890327318,0.6055970605090195,0.486202435041966,0.6281242187621877,0.4459092177707874,0.5533500789263146,0.4302898281190138,0.5686101231137725,0.5276596697181682,0.4512259974639793,0.6198663200370009,0.5805614622949294,0.6330636235531603,0.4826208254203265,0.37809602803701153,0.6073606107292554,0.5281165628075688,0.5780961505111628,0.4972485549795408,0.20961316056777396,0.4336816858464983,0.25790143153177925,0.3969811173935901,0.31878920038993064,0.5199603346856221,0.5740833871214703,0.28273702545678153,0.6842162459837966,0.2935698980646009,0.09985318144156177,0.08762022830004079,0.12992023623654453,0.15589393736302365,-0.17257905430869938,0.5216005744790324,0.29014881005351484,0.19560258885002577,-0.21300132613022255,-0.10341337370423977,0.2910865453898973,-0.03349926177431444,0.19061273356963884,-0.14933176075022028,0.46002567911998654,-0.13833532947043894,0.280441636646548,0.2460146867196641,-0.05586868036669507
ROI_033,0.29362067800932373,0.43783195719403506,0.5235477456687649,0.5486623709163853,0.5971698885635418,0.6014698640835384,0.5931615414781654,0.5466777637251473,0.6776348836224367,0.6182996778719676,0.6106799429763735,0.47406773264502505,0.7598910580499446,0.8783062830625912,0.7760667378178846,0.7125708824849841,0.8104119306265253,0.6309941249079885,0.7223435588514818,0.47817990016754114,0.6983260177167507,0.843342545897003,0.712904567352712,0.2637800701164328,0.4543054944563438,0.126390392190965,0.2008751295026617,0.307277268197464,0.4586966539499467,0.4576931620551892,0.7656407681365915,0.46757120403688357,7.254328619247669,0.6738675930270459,0.9329386283433712,-0.11067287936105258,0.3086302998668344,-0.1414670968156854,0.17143267296640943,-0.16363359031980887,0.4410497311201799,-0.06002240006248869,0.1319077420326626,0.3261168256081423,0.8883283357025109,0.01156645551897026,0.21478575129298735,0.546563595918156,0.15340636786970682,-0.15775811636842624,0.3129851279424273,0.4186620086267447,0.4606463799745517,0.542419375338963,0.6404213244902452,0.5641500861812098,0.40042655533076105,0.6730958936585186,0.34492418575679196,0.45778982755561587,0.44532901375214173,0.5712487710973502,0.5174976770614148,0.6555405416752752,0.6024451124098589,0.7116610973038733,0.25261658407271553,0.5989266230091345,0.6092998335043213,0.5204920974300221,0.45385075529498575,0.27980343629709026,0.47548606003194593,-0.0729352731266709,0.2166213299499414,0.07228410180128696,0.4663508375614136,0.3581354993691056,0.16464684840501545,-0.02170871289440497,0.5070254733669544,0.4735894399131689,0.2989112351300832,0.37368463081027786,0.18005667224064867,0.21466272473531992,0.4315009903545059,0.3832872284134899,0.09204283390111086,-0.03698763020662382,0.13451181050372693,0.05386532187682485,-0.04796889703817241,0.01658960367412716,0.1275576959970597,0.5199796086487405,0.040654631553881285,0.4698546089509584,0.023441022267165698,-0.2856966178259199
ROI_034,0.268594137554881,0.7750466687567535,0.8641450318975469,0.8128451333167753,0.8579288540827373,1.0010090726974938,0.5298554691344686,0.7270695724757997,1.0369826813167986,0.8361731375360067,0.7494117278499529,0.7686515960920725,0.8634477286604036,0.9106451401261627,0.7162834698176828,1.0690703526088783,1.3641637401250684,1.2659020818676319,1.2152768924204989,0.8490525281707165,0.8172751735923055,1.2087553494953636,0.9632173619304855,0.5558264136534801,0.6626388417184719,0.1639507962338608,0.30479874585831174,0.4841060252363322,0.5704488229069329,0.8011367495652617,0.7397604719781543,0.4454535519451419,0.6738675930270459,7.254328619247669,0.613943232399668,0.18665222218314143,0.698991855538654,-0.09534318364616537,0.24618166751498685,0.06710229369349353,0.5057630723581502,-0.06028960856415244,-0.10490907209418265,0.16375125246534505,0.5868922049050433,-0.33620886847483444,0.05968350660932785,0.3491380596618022,0.2398052104827384,-0.04558194461896953,0.4950668911682121,0.6796297426776771,0.7060458544174892,0.8456389614695504,0.9090438073533149,0.8920869127114744,0.6600630029920407,0.9703580775014936,0.5860268419496756,0.6906908747737002,0.6127297554043806,0.7164767770423544,0.7368637465145877,0.801168089498256,0.68479872470112,0.7188373646219506,0.5338677357942546,0.8543258619511197,1.074444295511632,1.0089910930242634,0.6560884190292735,0.6761174149369242,0.7515293866081273,0.2977560666011272,0.49465242594630243,0.3965002316667277,0.7364233905453512,0.5870411987338632,0.27669458340430186,0.3534032961168478,0.6546297919065672,0.6822236513805668,0.16804486086737394,0.1488545282356757,0.3826141354022997,0.07385023304871254,0.7372704958885841,0.49231056417357993,0.569880722908129,-0.11500147420342667,0.1559739900524417,0.4219608130574658,0.16684282348503202,0.08681915445825744,0.15687712491174907,0.30180043453143923,-0.2657334383133096,0.4181382564595658,0.20936137764676424,-0.19494918213824045
ROI_035,0.13061670516373153,0.24005217769947396,0.2911708563013482,0.3852903657390133,0.5384432130151215,0.4488745253732813,0.5500890475203446,0.32063698697424303,0.4987600812092228,0.33754935322163476,0.45315708461187776,0.2625749716790854,0.4360551950053316,0.5776109024244998,0.4735078697784661,0.4856843534176649,0.5772301475469818,0.48489161038278555,0.5056197184348109,0.3681436915391104,0.37766433349000306,0.8161995765142623,0.4769477210882769,0.24444272618200197,0.283435397921217,0.38382387107898375,0.29209237038739866,0.3068775225479891,0.24997442695973293,0.2843035208133584,0.4317372986691364,0.3946786541720805,0.9329386283433712,0.613943232399668,7.254328619247669,0.03232084736579545,0.1990691598705468,-0.16858272380784564,0.39182417748402987,0.046850019861225355,0.5566130911158415,0.30270631720963015,0.5040426315198845,0.15243203508234884,1.047775454694392,0.057426144275628074,0.46603048521744345,0.6028789330274353,0.09416126027918167,-0.0886273275118638,0.11599183143900792,0.15801915575368314,0.26446666423279513,0.36272102402929035,0.5074517673888267,0.38084054514821664,0.2268154461081832,0.45307376470548094,0.10158594831804564,0.2015708814676351,0.20237382828742126,0.31325650611824335,0.246838773062005,0.394246100041459,0.32651952234622933,0.47122565176267883,0.2338329275199942,0.3631167009081005,0.40525902075507364,0.30208750430377607,0.2288922497977239,0.2492884695338008,0.33780942068861886,-0.08044526004386063,0.04251613965640759,0.040297670139060625,0.2260321890992859,0.2246182483726911,0.09575873981632048,-0.008573580580270548,0.4434956929905595,0.4198679696936017,0.5113552397332566,0.6865034403376821,0.3690888979917896,0.4289732094312856,0.2642251387851191,0.47368676944741167,0.07755604871561085,0.014694639945394645,0.09160395947912017,-0.027383828484935865,0.022579168998390582,0.10634837986365378,0.3161776788045411,0.46889048915525305,0.2130828383910223,0.37259827590751704,0.0021040995344507444,-0.28724817235360306
ROI_036,0.08828837842129897,-0.19024443796966858,-0.19961057673231739,-0.19402076949818728,-0.1427249312474813,0.05133744492593493,0.03151758616143873,-0.2936591363693918,0.04716977008883317,-0.18758634744894948,-0.12313562570576442,-0.17641922447690847,-0.2169029471667044,-0.27971611709843913,-0.3096421897852038,-0.13708163208109134,-0.1217940284230006,-0.11621076405536676,-0.21411883945181107,0.007189662666532221,-0.19014941279453826,-0.10473020703724924,-0.28754426610470746,-0.11436820564366279,-0.014497322863289445,0.059003141193239184,0.03138714300788319,0.07076005489253358,-0.22356673707557587,-0.20996914408213502,-0.1490288343470182,-0.14699944144067756,-0.11067287936105258,0.18665222218314143,0.03232084736579545,7.254328619247669,0.12107655245970013,0.03997307063941474,-0.007861935471532617,0.2803563562990488,0.09448203388107242,0.19396865566397267,-0.12961934424250743,-0.11743105200879801,0.07953403099047597,-0.23046825684292482,0.00275447510066576,0.07395420838167485,0.46578458772623976,0.4276864663744802,-0.2258724705970183,-0.28713398286725067,-0.20618502001694985,-0.19538337969331018,-0.04707630069089341,-0.019459805584733113,-0.2574063231664708,-0.07405653108396018,-0.17766481701498268,-0.2003975904046855,-0.14670597589557427,-0.27089976153167394,-0.21830339258501805,-0.24265326594030984,-0.20796928560363806,-0.3350412859570577,0.10501288202492454,-0.283518752663125,-0.08592867711932838,-0.1949180860188318,-0.1772696590073684,-0.2470221183439905,-0.2755048525216663,0.027133266703494266,-0.11848518900950952,0.013719134384648835,-0.15212330070387917,-0.19969362642372,-0.08000410905088494,-0.1474000205175866,0.00125214145216493,0.2250114133095429,0.0369084788918072,0.06741559597301991,0.11856758530068887,0.004566416234790492,0.2056040152912207,0.14255971831420278,0.8021737198826466,-0.028785124317291556,-0.227931385735609,-0.0585053861780553,-0.22457984765460215,-0.07627302519908027,0.03311431665437896,-0.030030941973997024,-0.09385053122745508,-0.05166098074429638,0.3817214907807892,0.46627819974022783
ROI_037,0.44961368718299904,0.8034238757935591,0.7549212984423533,0.7500249973597868,0.5877031789818702,0.710736942395391,0.3723642467227832,0.5764140929832973,0.8920711294261491,0.8346975926061617,0.8528274043974129,0.7290206668449797,0.7745766971732021,0.6322227133376557,0.6588531713852323,0.8227760019046129,0.6960217748283734,0.693163339978684,0.6838975907785845,0.9007271409848577,0.6884523603763228,0.38817524313635066,0.6470896193439652,0.2315397727317252,0.7506727897537708,0.08630269124218472,0.12108114151845882,0.6404688065174019,0.6597142252571173,0.6447456208994554,0.6962940932739774,0.5814701259809577,0.3086302998668344,0.6989918555386537,0.1990691598705468,0.12107655245970013,7.254328619247669,0.10843381464220357,-0.25467295442182963,-0.2653923559295726,0.15934282758079468,-0.18651913363341535,-0.4092883622419646,0.5905345564164065,0.39683152096282687,-0.13560259079609038,-0.23463546654626885,0.41326925652918334,0.3876742352370712,0.21954482807078787,0.7812145162737815,0.8883215595142042,0.9210685164476475,0.8117402532712108,0.7160452361413039,0.8942473094745168,0.6627116606374676,0.8714491545294087,0.9497434456550693,0.9228081629838958,0.8526728467714897,0.7686216578862954,0.9440646017495136,0.8697049963244577,0.8974584315503809,0.6355013336592459,0.8304564493784999,0.8884870918308035,0.9819024117491615,0.933989571835886,0.7638286779671957,0.5213827370153848,0.8693163786457948,0.3906283824632232,0.693877155766581,0.6400895716520515,0.9705864399528452,0.7138305844586346,0.46859963017410994,0.6515810629749991,0.6388588680687144,0.4642487691339855,0.16854330321678235,0.26794214793314935,0.405671371870489,-0.11698164319150718,1.0459979204151213,0.6309177962815972,0.6428131201909543,-0.05339418035048404,0.18660172404900371,0.6905434336570663,0.08536560836490284,0.40966658711773163,0.013616005492829954,0.5231945634062662,-0.18128063450568016,0.6557166805026367,0.5145799043802998,0.06371561911719399
ROI_038,0.1236628837789084,0.11954964395778071,0.1478009585643464,0.10163403459355497,0.11307523610346482,0.03624366390588911,0.026171193100124293,0.11850530816916338,-0.024794752180062003,0.06170580488973702,-0.07369873944848959,0.04722498165932689,-0.07647994800518745,-0.12758250738337137,-0.1318134334625786,0.03691108334934716,-0.1410998898159953,0.019934906591210836,-0.08299063561087361,0.10575000172016759,-0.09447849081209816,-0.11663779037636658,-0.03579437622520689,0.00643860053612332,0.02102221733461019,0.05953279432888002,0.2137973739536699,0.06204377687150229,-0.017206198607051186,0.05348981020901156,-0.08391182651364129,0.26463362819951564,-0.1414670968156854,-0.09534318364616537,-0.16858272380784564,0.03997307063941474,0.10843381464220357,7.254328619247669,0.22381367489992304,0.26983725446075,-0.16370774900374785,0.15425821546601107,0.11222816109258017,0.05543983469170312,-0.027067546933320797,0.1033401009935679,-0.22768759557122978,-0.19765972443838148,0.15681525971574872,0.2814253140474772,0.036600504775578975,0.10713853447389313,0.07430601573169895,0.04791278356584822,0.03751906025063151,0.002026996369146187,0.08835729068252006,-0.045617933895657235,-0.03510477681598023,0.02836368353804576,-0.0028740716486203447,-0.16984436116620638,0.021675205901040596,-0.06786211614775672,-0.008016955276717789,-0.1464522273655905,0.009898630196480204,0.04994906577709916,-0.09460477425407594,0.019934439182551455,0.03798781262831931,-0.09584315497539461,-0.057798623301295995,0.33343040553875847,0.028584634210954543,-0.039744033771461906,-0.04753078012756926,-0.05762463297945147,0.09040074427140384,0.2549470598421253,-0.3934777119281044,-0.4000521464986987,-0.15586590804666184,-0.3563058786269415,-0.092616492116467,-0.3125184206501815,-0.09932675747943828,-0.2430739989527421,0.05561521933745355,-0.11263713935768489,-0.12114148839746028,0.2150939622579583,0.17733160597029565,0.1479918123169945,-0.29229269559601245,-0.021710186833088348,-0.07040504801273437,-0.18292606921614823,0.2615249903321527,0.4221353359706133
ROI_039,-0.26982701390238983,-0.08197801346419256,-0.018243956222953217,-0.037891588773909184,0.14482918521027727,0.046798258529122734,0.30233867011580157,0.059080595059733544,-0.03565048014410283,-0.11006988893300222,-0.07243225907800344,-0.09936433005572065,-0.04433111868555551,0.06816363815512587,0.01594437961030263,-0.004730607244579048,0.1270534795303691,0.17047510873719862,0.17843718967049507,-0.02887160220428871,-0.03368318018326176,0.4457522779432458,0.09808663721565632,0.3584118395976345,-0.14668860087016322,0.19739499213632486,0.43877814812183585,-0.001811874085822649,-0.047672760669102435,0.17794295842361987,-0.10115842873640266,0.007942298817535911,0.17143267296640943,0.24618166751498685,0.39182417748402987,-0.007861935471532617,-0.25467295442182963,0.22381367489992304,7.254328619247669,0.9118338145628001,0.49410598000326333,0.560537616967203,0.8072774095342641,-0.230381733372155,0.18434394633935014,0.26272618679395937,0.5806279446187135,-0.09626806686366908,-0.05029569957425814,0.04785115952239089,-0.3590782311595947,-0.23503809802006947,-0.22965854722303286,-0.09352398439258545,0.041616962959198124,-0.1225526795792912,-0.10282636114670132,-0.09736314756865633,-0.378924916604751,-0.2879741085963794,-0.3402500424057832,-0.13467642255758466,-0.25365314252225296,-0.16324674681736362,-0.25528529811964745,-0.0044703419696665294,-0.33498954567558786,-0.10593880991431484,-0.15856835748323253,-0.10413235124212326,-0.07779105951648459,0.0770068503994027,-0.16667538185337305,0.05502010460579431,-0.33843823669840695,-0.3718476440771905,-0.20137706479914358,-0.14634030875254783,-0.22138330932255576,-0.18816360214265687,-0.12529762786520277,-0.05195066807098984,0.006049862974193973,-0.1900833242134087,0.06405812665723334,0.23647773058349225,-0.26340420247285773,0.004044555891491992,-0.14598654115543103,0.07396044286206378,0.025637070647047067,-0.15814579529653786,0.40171383916060593,-0.19411923823321725,0.19868564265380173,-0.08756717369084108,0.2538820455658138,-0.2889654057469904,-0.18764812781788778,0.10963167872462842
ROI_040,-0.36125787915307644,-0.21536929640759894,-0.20174934072587516,-0.32549373319525315,-0.167306187997857,-0.20642491733773646,0.12431028825305765,-0.1803695121823065,-0.30880382695683917,-0.31830780467582664,-0.28151246202087093,-0.2627802400811437,-0.3462778330104544,-0.2941779556789955,-0.3616622343837087,-0.26291281541240313,-0.1774909653380298,-0.04003274252098824,-0.06427647044467377,-0.19971283437729132,-0.21271290437405113,0.0798158059936115,-0.12648800628956916,0.3657215095076209,-0.27655835137024,0.13607417456716325,0.2439193871075261,-0.19758716527093925,-0.33453338853550385,-0.07205518822944072,-0.34297780839497344,-0.12348121813981516,-0.16363359031980887,0.06710229369349353,0.046850019861225355,0.2803563562990488,-0.26539235592957267,0.26983725446075,0.9118338145628001,7.254328619247669,0.4260927350315014,0.39678609870290277,0.6180757142208669,-0.42786189063197383,-0.05018707452661363,0.2237188234813987,0.5204823591181459,-0.223756082605038,-0.08998730132357799,0.32731892646803395,-0.4255725291337008,-0.38560188741496343,-0.4033251500369896,-0.34584427584849736,-0.26712645175527,-0.3137070304767089,-0.2740957725686668,-0.3722648601614095,-0.4986603384946006,-0.5280650185679882,-0.5088264725229896,-0.4609141098533819,-0.4708501255247139,-0.5228967822818703,-0.5009340174927762,-0.3615401140148889,-0.3800792378380964,-0.38399438508393213,-0.3563243555935026,-0.26150084031461285,-0.2772372840927299,-0.1552860495552871,-0.41720229947800425,0.12610231759098117,-0.36056621200184735,-0.4235191159378296,-0.39712191544979475,-0.3025719285808791,-0.2542035309952951,-0.12211006569531353,-0.24968499822559861,-0.09252805001847979,-0.12353779735679905,-0.3786128966787731,-0.08376828842844403,0.1410235253367001,-0.20017366791959612,-0.15518057727007492,0.08876341931967081,0.21527904031477507,-0.02862571832572776,-0.27238136041237465,0.26131136719376785,-0.1378893642180786,0.06827637828977545,-0.30512238200646474,0.1707674759539959,-0.5211073305365895,-0.23740088770588824,0.4917937829467029
ROI_041,0.09042463011102464,-0.07600531665244432,0.03876520736383893,-0.04645393053041238,0.18294031616735526,0.22625150635102592,0.7008039007765742,-0.02695109548919719,0.16304955955787773,0.004538962442635075,0.12811293558379008,-0.08454667507018827,0.1889526424126108,0.3466409379059503,0.3410291641923716,0.10799705923583722,0.34682626003856487,0.19452082064167092,0.43316381710209007,0.09943522031708256,0.09965537521477102,0.47153631549681013,0.3897006765224723,0.1092407907593455,-0.09859214759736641,-0.3118267521315637,-0.08010507037150863,-0.11401979338926224,-0.11460736247521251,0.13521246135194734,0.2343313506662259,0.11592742993361005,0.4410497311201799,0.5057630723581502,0.5566130911158415,0.09448203388107242,0.15934282758079468,-0.16370774900374788,0.49410598000326333,0.4260927350315014,7.254328619247669,-0.013107173586163395,0.5060162291453044,0.16050526872457227,0.645967313571159,0.5351048421500845,1.1035438989444772,0.6067732167702421,0.08592182795408929,0.40958558973431364,0.10079482242285658,-0.04275143539012058,-0.06467201346257806,0.020041570634478024,0.21966405071836412,0.1384220112381788,-0.1419242671961569,0.12960782630198,-0.06719356814879583,-0.05098413558902067,-0.1546185868451959,0.23495708708935634,0.0009256877396062458,0.1563185348272258,0.004894369095699062,0.352847377173039,0.20118585657526913,0.1792148945255159,0.2481749611943645,0.10418913434684358,-0.08328665407025118,0.17649345312408138,0.2296576219470948,-0.17505075241279203,-0.3451889281477427,-0.33859971807729605,0.03377378275618738,-0.16261487827684268,0.12096075962145984,0.0005098911338259044,0.6516288058109011,0.871762252010376,0.6330220688188315,0.40423610151854505,0.23988736243575526,0.9952993895230647,0.2900558702397957,0.3343119481555144,0.053354291175931566,0.8323891944870445,0.42722092576355275,-0.03600364841651271,0.18689210000462267,0.13846603770453625,0.4555296952190591,0.3019671628634711,0.6426911709996873,0.4192935634807759,0.005237966062728177,0.203389828499115
ROI_042,-0.17447320300891975,-0.10766684619082814,-0.15531249694534432,-0.05891178997466353,-0.01932617489691242,-0.039544290592625965,0.049217543443332755,-0.06530205693068136,-0.05265783625353088,-0.1480527629420837,-0.03697367324945428,-0.03974173046676723,-0.1296499148019465,-0.1369548163705169,-0.19410177292795328,-0.1331879436033097,-0.1271116629120801,-0.03278430250396225,-0.14548683006708113,-0.09372842493381811,-0.2044443754224533,0.1147977262384782,-0.12848155242407072,0.07450789368470694,-0.015718707837013787,0.6239891657804839,0.3731650931037823,0.20777942085772552,-0.11389396668219483,0.02990469929574045,-0.13483414521326673,0.03826739299376148,-0.06002240006248869,-0.06028960856415244,0.30270631720963015,0.19396865566397264,-0.18651913363341535,0.15425821546601107,0.560537616967203,0.39678609870290277,-0.013107173586163395,7.254328619247669,0.5534650924578345,-0.031448068873932485,0.1266945432341516,0.05121941895012504,0.14567788895565234,-0.0328223108218397,0.12502998675242025,0.012682865485947752,-0.3010908923946113,-0.26701826997100253,-0.2034944419641041,-0.1511255592952141,-0.05855328225213907,-0.1401277733884299,-0.17722284344502956,-0.19496473694178565,-0.34437571086534197,-0.2753858255367374,-0.2568692729439586,-0.23798510410539805,-0.2617504047115594,-0.20201368970383607,-0.24015391630790928,-0.19184674986929517,-0.31811746559244275,-0.28427155082790156,-0.29594967592990506,-0.23159415812025966,-0.1576367085546176,-0.06418552530259045,-0.2570794860612336,0.11558070879150852,-0.22324117645031233,-0.09303744323161477,-0.2090203701541222,0.007590504126493781,-0.20528470349501907,-0.09607088339449155,-0.3169939577454536,-0.38536425641114164,-0.08797008380491585,0.04618206327895374,0.01654137978035929,-0.06327191016773707,-0.19803632108615565,0.0974525728044445,-0.10001799044179673,-0.2511731175717334,-0.25349518453086417,-0.09950928852753463,0.1013749753431806,-0.046460421700241054,0.09588039304148105,-0.003988057186950042,0.1058856356118832,-0.3301143116010928,0.030380612161263205,0.11708065338613687
ROI_043,-0.23457711835162132,-0.37112121254463165,-0.3073331146581351,-0.2931082738406276,-0.11359017979690622,-0.2696567290032609,0.21331307285278764,-0.2070873151459259,-0.3306414929151329,-0.3863580133446226,-0.2268240884478919,-0.39070315427940583,-0.2977767735736526,-0.13817275340599194,-0.20800157841122974,-0.26860454317582694,-0.213452632465588,-0.1621408111175718,-0.13845168857525372,-0.37446247416109696,-0.32371956688910497,0.13205379599501219,-0.08988404367856263,0.03507327217276213,-0.33513572127546304,0.20136387344781198,0.00466942925873618,-0.28660355243944885,-0.44382487736736476,-0.25589683082689224,-0.29031502469910964,0.063215738339934,0.1319077420326626,-0.10490907209418265,0.5040426315198845,-0.12961934424250746,-0.40928836224196463,0.11222816109258017,0.8072774095342641,0.6180757142208669,0.5060162291453045,0.5534650924578345,7.254328619247669,-0.20313024000027402,0.2684533366875697,0.5322231730498769,0.9322996035236851,0.1437428606189973,-0.198936793080199,0.12185838836617173,-0.45734465828310217,-0.515124114404275,-0.44127086745646843,-0.33139992070174473,-0.25302455237691385,-0.38621107161686025,-0.36289223073061516,-0.36405369201852994,-0.6788179438056298,-0.5333498900483441,-0.6124559744283494,-0.4100383723591862,-0.5509461098445799,-0.37249904747469303,-0.45553800040950854,-0.1871661257907247,-0.4366130706255758,-0.35622751437010003,-0.39229204510837234,-0.35661791838721507,-0.44927724016525555,-0.3030737849826217,-0.359514989515306,-0.30303760805910573,-0.6773209587633222,-0.6057774746900602,-0.5274944703400573,-0.39358276805382053,-0.2889676941703757,-0.20197733416654245,-0.15564669171769852,-0.10654651580328314,0.19396856647183328,0.17039923337994267,-0.15254881314940275,0.4350267924263348,-0.3936923846297356,-0.1407288402072199,-0.44227400255246424,0.2981619843554052,-0.08883312030630502,-0.4641546421074095,0.015127026110247289,-0.07100645276392974,0.172398112533945,-0.09410534461698015,0.5660829924098588,-0.29780929886157337,-0.35610822905576933,0.11384588061733471
ROI_044,0.6881946357544362,0.41009433226486747,0.4458043631022401,0.4454272396101593,0.418931138411318,0.603578334561202,0.5756304310329933,0.40545030265052145,0.6661272081794671,0.5290651237628953,0.6438804745496967,0.42735749467499135,0.642765725520684,0.5903179124682585,0.796364252868496,0.4368860525431002,0.3562572557884955,0.29480722593427333,0.37605290364525873,0.5580623867347493,0.4496241057133784,0.1037305285030361,0.4818321692205698,-0.12502302682460856,0.40941860583923,0.0042199188263073685,0.12464209319304749,0.6188233275449034,0.4814723866100482,0.47748391628336256,0.6963911234323139,0.4084728423098189,0.32611682560814226,0.16375125246534505,0.15243203508234884,-0.11743105200879801,0.5905345564164064,0.05543983469170312,-0.23038173337215498,-0.42786189063197383,0.16050526872457227,-0.031448068873932485,-0.20313024000027402,7.254328619247669,0.5286549211764024,0.44799189050659577,-0.10600624746482569,0.6320797557596913,0.692327326217674,0.4125021352505376,0.5694226690116487,0.5428491165001507,0.5199124065765637,0.42855516943807903,0.5852129880445666,0.6883771940122743,0.3713871784981252,0.6049415596182746,0.6724362470477696,0.6957910276624646,0.6058360998883083,0.8499800657026754,0.6460712996961122,0.7536048667078544,0.6362795246208965,0.737974148896529,0.6323041274054637,0.6436346881158961,0.4831402575759739,0.39600175843604835,0.4606094602081915,0.3300887630603683,0.7197240278656482,0.09316091474890416,0.2755001338421057,0.3268094865369135,0.6569163367462028,0.40530566465263695,0.324153024240201,0.132984652182659,0.4704503741445027,0.21937726723870837,0.34307931780217943,0.5233492278282829,0.3266506501550103,0.06031538812624154,0.5096794171442139,0.6599807007923831,0.041788720822095914,0.07276110176846716,0.30134533733482366,0.5077873606437949,0.08676514441664149,0.2871808642460909,0.11705021514327386,1.1879405520006352,0.35519462865028006,0.8940845405694494,0.7231543406513867,0.1590296107692703
ROI_045,0.44644484361326553,0.3248551405689918,0.373699277094346,0.4127524324563848,0.5430793372635638,0.5603903510961776,0.6240568883582411,0.3245711378744275,0.5973581217123235,0.45926926429104836,0.512722010305499,0.33841468632427885,0.593502691183759,0.6510614650225454,0.5858310277186911,0.5677006096373465,0.581480997190347,0.44244231632006054,0.5667135763497066,0.4711703428253168,0.4445284495067415,0.6134863460137795,0.5550995907643036,0.17474577652097212,0.3334548054197111,0.16245508501481223,0.29464066456703225,0.3624525628475314,0.2994088300223725,0.3925349089095343,0.6922899241046853,0.6388326855405284,0.8883283357025109,0.5868922049050432,1.0477754546943923,0.07953403099047597,0.3968315209628268,-0.027067546933320794,0.18434394633935014,-0.05018707452661363,0.6459673135711589,0.12669454323415158,0.2684533366875697,0.5286549211764024,7.254328619247669,0.25112314249443246,0.34417453189745445,0.7936350789376408,0.31835945627373036,0.12921714944037327,0.4500776155961382,0.33056512891347345,0.4030537344357614,0.45772447557765095,0.6350980185557129,0.5457198750411479,0.28089054089225823,0.5747584460195636,0.3317753300305979,0.3801297095032832,0.3684835755058932,0.5251090578180276,0.46785701093579535,0.5754685064981647,0.49724775861949005,0.5946799498476015,0.482865007832554,0.5548078692347016,0.5778543110928552,0.40729864500108537,0.3013988070140592,0.3442992513418597,0.5263398652279905,0.0787278299270699,0.14235727304045667,0.11205245638852765,0.3633298007058335,0.26567521407150574,0.4235103195395208,0.16678937790022333,0.6550817735019773,0.5622152346778917,0.7805791500071663,0.6622771436232244,0.5281619687889418,0.4447299399387169,0.5063375878637282,0.6001423342670625,0.18109462993406916,0.1953929420988174,0.2778068519305978,0.22483579978051604,0.12187570773337768,0.3402062119332759,0.35371138911323663,0.880691694180147,0.3475589472488257,0.6766184031542052,0.21880579441907272,-0.0673025006759407
ROI_046,0.07928353973954796,-0.42308969197695023,-0.31818044465671275,-0.4052574564337643,-0.22606805023031645,-0.18907977341300256,0.3389364916988344,-0.30125688866326683,-0.2475127337682839,-0.3557382709225594,-0.20126263450972917,-0.47388062283495874,-0.20262046725839136,-0.035172902455475365,0.12359642058921688,-0.35116471156488815,-0.316201462503681,-0.35218448952857456,-0.1582292308401563,-0.2386081810669245,-0.23542943137823324,-0.2538225394597661,-0.056357061681385184,-0.3297288461703992,-0.44408071538495986,-0.362591699324581,-0.09018673163337987,-0.12955595692484323,-0.2336001601599587,-0.1207921412849403,-0.10736440466057794,-0.04784308443331024,0.011566455518970259,-0.33620886847483444,0.057426144275628074,-0.23046825684292485,-0.13560259079609038,0.1033401009935679,0.26272618679395937,0.22371882348139865,0.5351048421500845,0.05121941895012504,0.5322231730498769,0.44799189050659577,0.25112314249443246,7.254328619247669,0.766955612909355,0.43340909559133023,0.08611147719659341,0.5994466151906737,-0.10152182178853703,-0.2893854690354131,-0.3500501058578069,-0.37337007827708873,-0.17489713560121725,-0.21148772900424534,-0.36843461279803524,-0.27947444000342303,-0.23165963740600856,-0.2565040961628759,-0.3699494679165032,-0.023349806617269462,-0.26346051334963916,-0.13200148521900346,-0.1981996579663053,0.09370432240529701,-0.06598908096671519,-0.12622351016558328,-0.25825612446744145,-0.32315694327433464,-0.27441792715471663,-0.16333019614341956,-0.03950598768190654,-0.3368773628071093,-0.6099081491599486,-0.47291514712775506,-0.23857056528242795,-0.38673937492532895,-0.015825279402955767,-0.21873835345948778,0.09627094108477792,0.06430047732945153,0.47509082745140535,0.311908037681334,0.07166117524878755,0.6341228142308961,-0.19036160526647275,0.12122379082994128,-0.48799034719715734,0.7887263603037896,0.31804533691566766,-0.13596607589763862,0.14636418751867672,0.20692976344532518,0.27681493900492027,0.34165551573858916,1.4447919977677826,0.28730489914364277,0.08858772396937756,0.4275748444685893
ROI_047,-0.19467687410958037,-0.5023073382220763,-0.3529637943364721,-0.4396566552573754,-0.17893901361505077,-0.1868149603165481,0.3798844166424043,-0.3403754365498657,-0.25008075117768924,-0.4209954704317129,-0.23353080764969128,-0.5067663974372585,-0.22852813884921108,0.008132460745610207,0.017798918728092406,-0.3047240328471239,-0.0951601110486643,-0.17875439631469173,-0.004843878939894631,-0.307131309402965,-0.23053666251444485,0.1451036575753961,0.023948377729897566,-0.09902956686908904,-0.4478886859083234,-0.24543797776166537,-0.14284430181971658,-0.34609854668948614,-0.40054546272035163,-0.20662894817142896,-0.20394106559329245,-0.09065103436796022,0.21478575129298733,0.05968350660932785,0.46603048521744345,0.0027544751006657606,-0.23463546654626885,-0.22768759557122978,0.5806279446187135,0.5204823591181459,1.1035438989444775,0.1456778889556523,0.9322996035236855,-0.10600624746482568,0.34417453189745445,0.766955612909355,7.254328619247669,0.46378247996353233,-0.1554082020520647,0.31755356201113377,-0.29372534069930634,-0.5000067880579941,-0.5093715453160708,-0.38294038468685293,-0.1937641984499673,-0.27697386063817525,-0.4836218253573425,-0.2964681218626883,-0.5136287960661357,-0.4940880577550301,-0.6090852660259206,-0.17133999000607367,-0.45081673355606344,-0.24590392720454815,-0.37167960040728754,0.019839392633252722,-0.21614502693319113,-0.24181785740043535,-0.19996886792219093,-0.3086061510441658,-0.41011373279752567,-0.1807941511234689,-0.18766131343027792,-0.48214505888275844,-0.8148810357753631,-0.6630892081360235,-0.3907808092446218,-0.4837785056194349,-0.20155194719392067,-0.2453269347800908,0.2156056820651262,0.3744591677168479,0.46785937738597416,0.3293448800751349,0.020576335978090665,1.0215079059388479,-0.15698894432468272,0.07501222068747394,-0.29141828832965005,0.7674014786289668,0.14624356795108118,-0.44518309739274065,0.007254881711754668,-0.010968102391791567,0.34792640353077153,0.007909665509523803,0.8726148137962269,0.09563719062196199,-0.24684022970861746,0.19321812334799363
ROI_048,0.5010404592540963,0.0804915507240192,0.20433542450108239,0.17222553156682643,0.30741203280648155,0.49022470853905464,0.8431791957452691,0.17194863845378194,0.4706280900261683,0.275927330047264,0.4356004708562621,0.16831362892016535,0.4045281537123375,0.6559995664146979,0.661605141219952,0.26364054972536366,0.35689066227816796,0.25353469842839665,0.39626957439067695,0.33853560785458375,0.29631950996123513,0.2544029151817809,0.5210931333324963,-0.298501799901749,0.2444944489591627,-0.05585776200963206,-0.10298799544124312,0.18166652583100162,0.1258862776107555,0.1359964723314005,0.37773582138500555,0.38503415296207943,0.546563595918156,0.3491380596618022,0.6028789330274356,0.07395420838167487,0.41326925652918334,-0.19765972443838145,-0.09626806686366908,-0.223756082605038,0.606773216770242,-0.032822310821839694,0.1437428606189973,0.6320797557596913,0.7936350789376408,0.43340909559133023,0.4637824799635324,7.254328619247669,0.4880040676197763,0.4618413397560154,0.24628208353894054,0.15990150297837652,0.14347980067394095,0.1971913724432956,0.42185027942035613,0.5107797207538946,0.03802224832041609,0.3529257019749128,0.18033861495040154,0.2673069568175095,0.157656624221821,0.4417524557326589,0.25128800839983095,0.4841101151653855,0.34859817740284454,0.6715037141875809,0.48035448713913076,0.3702443584570795,0.3561040710806215,0.2146439367696685,0.1674229384914104,0.023468362472969483,0.4121858522456196,-0.31847365529947247,-0.13110857883892266,-0.07637028734653149,0.29889298566367184,0.06510298459017531,0.008244741069105003,-0.0004903611271986808,0.511959997935304,0.5153389542215843,0.5201110087248108,0.8663488455250058,0.1922074312366418,0.5000233726482688,0.4563164312569487,0.4976771003367304,0.026163306354954237,0.30014836872278605,0.070202994451913,0.03740707040279389,-0.28632063186422335,0.09424497700500958,0.05919369346384623,0.5802246797857339,0.487113141181783,0.9064710811292643,0.4907979483808321,0.11510829521154037
ROI_049,0.6706211593419228,0.23714701697772417,0.27667927756324767,0.3070475806692478,0.4157518091895455,0.6352157308708578,0.656617602794382,0.266882925809305,0.565292777127276,0.3489387129878955,0.4102524570851553,0.33129556220395345,0.34723529704733375,0.3423040565559011,0.3779305005875179,0.23488428374190304,0.21941554189071885,0.22591870206599385,0.24207128922303323,0.4726511948317015,0.20903616840734626,0.032048374181252934,0.23131074010678163,-0.2637788415795603,0.39509497379491315,0.21297163343051928,0.16691860083032078,0.4082187775085483,0.19785444557413556,0.1889855599807362,0.2590995654402835,0.2319428702665671,0.1534063678697068,0.2398052104827384,0.09416126027918167,0.4657845877262399,0.3876742352370712,0.1568152597157487,-0.05029569957425814,-0.08998730132357799,0.08592182795408929,0.12502998675242027,-0.19893679308019901,0.692327326217674,0.31835945627373036,0.08611147719659341,-0.1554082020520647,0.4880040676197763,7.254328619247669,0.7304203672745654,0.0806111770934869,0.18692543737069411,0.19891135227075693,0.24539745790675277,0.5194947162612152,0.5636424439619309,0.17132518526943977,0.40506070028874297,0.223951487152438,0.3548213922117184,0.28820660883127724,0.3366726690326693,0.23476139644163418,0.3819862436079478,0.21172466632492623,0.3581413752616369,0.48193361749030167,0.3029792171410753,0.1467805859088733,0.12057905328505918,0.22152776276776168,0.015906194415439993,0.21467199952749266,0.11652493033601122,0.0858501817238842,0.11856415284954398,0.35060516524806656,0.08369711642895207,-0.11786305055376396,-0.10788315297575092,0.05179506306214362,0.0802323026008879,-0.018034915920293448,0.23443999281218747,0.06204151074641693,-0.12070009842413272,0.37046558122353157,0.3990339699489118,0.3720209537395344,-0.14720206722362755,-0.1956743388020584,0.24526302356383817,-0.15289513354122453,-0.20462302432797816,-0.21626110127043538,0.49602688475476675,0.09713291346059828,0.4397110121271326,1.3187795291414088,0.4629888291604619
ROI_050,0.29447103194466745,-0.19209868326423668,-0.10138087646241639,-0.21012669971593578,-0.04959007090490538,0.10207525838162355,0.5384104531695797,-0.16496296900013344,0.017527065306758672,-0.14738434688551258,-0.02709032367750938,-0.18519061488604172,-0.12910374554773232,-0.03618103830870214,0.04412774036374018,-0.21821492674182907,-0.18940422977060126,-0.14774941568872818,-0.07172030544294075,0.04526282850508522,-0.16760778293787873,-0.2889672148331421,-0.01775909227160534,-0.4054187183155901,-0.12493611152213997,-0.18514913433824104,-0.14316359826346892,-0.03887976216855499,-0.2312954532314277,-0.14081568890440957,-0.14571227993520433,0.04293629754076938,-0.15775811636842627,-0.04558194461896952,-0.0886273275118638,0.4276864663744802,0.2195448280707879,0.2814253140474772,0.04785115952239089,0.32731892646803395,0.4095855897343135,0.012682865485947752,0.12185838836617176,0.4125021352505376,0.12921714944037327,0.5994466151906737,0.31755356201113366,0.4618413397560154,0.7304203672745654,7.254328619247669,-0.08217889089097599,-0.1779362345410273,-0.21522858792132232,-0.21677437373879638,0.006125947091977338,0.07487848405410817,-0.269451743253759,-0.08689890769556993,-0.14503826424025068,-0.08752227285992667,-0.19007552568513217,-0.07120333874703823,-0.181123283010317,-0.08259115511596465,-0.17370073622981191,0.0341298231591632,0.20797741388686156,-0.06936562713032898,-0.16064473983557664,-0.20481386184390157,-0.17458564750777267,-0.29483353246045874,-0.0657247926520914,-0.10869010667802044,-0.3670826282816804,-0.3034941565587052,-0.07808495911729922,-0.3363848013942179,-0.19449983698853912,-0.10384455697227916,-0.009444106539089786,0.14444911210017294,0.12234882082543506,0.16372555773883468,-0.06344666282345932,0.2151649946906105,0.16012033401635234,0.11349685249335847,0.21797987469660945,0.40250893602323556,-0.0837376204191185,-0.055287012056434603,-0.16345813472934537,-0.06616399069884592,-0.14270554665783264,0.21515358645886346,0.5176146767595793,0.2703762624453763,0.6489765270540117,1.0460108066217109
ROI_051,0.4157535000311574,0.698922925268638,0.6463953919552824,0.6002273984140846,0.4135200650276669,0.531592477419981,0.17339910727135488,0.4785912398005018,0.6207616766216478,0.768139247543777,0.6395633771327436,0.6837841998265857,0.770429011549307,0.6290558475157114,0.6911105732360736,0.7259756884780244,0.6690610258444585,0.6019490061842714,0.6815459517059496,0.6639549380878244,0.6667646848566122,0.3923862924351484,0.7217112127575357,0.2749478984266465,0.5658191619708093,-0.06608639169124621,0.11396654829955646,0.48897485620025155,0.5928727714745489,0.6685814794317513,0.9452999367878848,0.539048318166209,0.3129851279424273,0.49506689116821206,0.11599183143900792,-0.2258724705970183,0.7812145162737816,0.036600504775578975,-0.3590782311595947,-0.4255725291337008,0.10079482242285659,-0.3010908923946114,-0.45734465828310217,0.5694226690116487,0.4500776155961381,-0.10152182178853703,-0.2937253406993063,0.24628208353894054,0.0806111770934869,-0.08217889089097599,7.254328619247669,0.9370973617098755,0.8851606316369312,0.7115939978495381,0.5756167182817562,0.7270677270763765,0.618581408160927,0.7190988691281548,1.036705596320112,0.942591894970883,0.8727244618666217,0.92094039108646,1.1008792225780686,0.8364725507425451,0.9626073765659532,0.7243926464617024,0.8090867403225311,0.930686221994916,1.0193040628341152,0.9095738794794053,0.7010122560073468,0.793071683175416,1.017827690706644,0.39812623996270746,0.7643315861750072,0.6801682892500321,0.9021202688770694,0.7479953920434119,0.9112475626303723,0.7357029063211135,0.7257114417333851,0.44991505309488916,0.33518715123539045,0.22503056804057237,0.4819244746291836,-0.01593333962619199,0.7041866655628066,0.47430430039300187,0.2820606513324133,0.0474962809843111,0.5122107373960407,0.7954582828129941,0.28482375738668686,0.5990007859713772,0.2164243261321146,0.5735407597866211,-0.11637176720993009,0.7143736286259782,0.19496915184646196,-0.23381889557861213
ROI_052,0.39264854250845377,1.560959279599549,1.3104550005079019,1.3723397019812424,0.9691356617704564,0.972073205517789,0.291086028416187,1.231539174455607,1.1309976299726272,1.4600471569762778,1.0565008619883969,1.305403156673602,1.2173171049207394,0.8763651378985232,0.8489948508560662,1.3068812265828398,1.0196582852730434,1.0818167240564127,1.0171262440411961,1.0999617317598895,1.045960275347508,0.5584788158018805,0.9215399770607039,0.48288543824094526,0.9157512826148877,0.13612804578108942,0.31735422219555,0.6836912731096121,0.9950675484229187,0.9440672676722458,1.0624935737304133,0.5352587541555356,0.4186620086267447,0.6796297426776772,0.15801915575368314,-0.28713398286725067,0.8883215595142042,0.10713853447389314,-0.23503809802006947,-0.38560188741496343,-0.04275143539012058,-0.26701826997100253,-0.515124114404275,0.5428491165001507,0.33056512891347334,-0.2893854690354131,-0.5000067880579941,0.15990150297837652,0.18692543737069417,-0.1779362345410273,0.9370973617098755,7.254328619247669,1.6840361549750975,1.4295400672475556,1.0315759462963936,1.17728006763476,1.4939319646615592,1.3330802833827882,1.4649420873777494,1.6592128276573233,1.4977438025430476,1.1289441524245023,1.6815832354215725,1.3390262814431138,1.3323523773503074,0.8928818710958045,0.7214376924973981,1.4818794435022855,1.2826784837947676,1.6307116560038952,1.1050542718911889,0.8330790693539133,1.257106677069445,0.5920408291142573,1.266885888835139,0.7426918805880034,1.3294786239636867,0.9936219300933633,0.5384349576486062,0.575257346321619,0.4633323368395557,0.22980820929168502,0.007136131705247127,0.07166959508067884,0.32433096932336253,-0.3304899054102037,0.7885923495835457,0.40373241038408036,0.3411885569616079,-0.29397713864298664,0.2726677384039032,0.8048444181246064,0.25900304614191705,0.3018981922370489,-0.09078225788874227,0.4682297145506579,-0.4078879315669901,0.5201863777096243,0.28716673076192967,-0.2300100767145241
ROI_053,0.39498862362947884,1.7700220560396014,1.2567103537905484,1.6636311005567872,1.0781802173172792,0.8900501830267598,0.2460929770803627,1.1390513423163346,1.1792268919779192,1.4238507979099233,1.084957324822988,1.278026539213619,1.1878780204604908,0.8162644401256176,0.7575400959784988,1.531167998916722,0.9787695614133797,1.0342002306115845,0.8972151635577171,1.2831876127503064,1.0457453078775065,0.5634157205571784,0.7874297935719472,0.5246349946853124,1.0131785752317497,0.2629395179778362,0.34158696807461636,0.8015365978605079,1.012514973252986,0.9241646565664418,1.12947716955134,0.6040186890327318,0.4606463799745517,0.706045854417489,0.26446666423279513,-0.20618502001694985,0.9210685164476475,0.07430601573169894,-0.22965854722303286,-0.4033251500369896,-0.06467201346257806,-0.2034944419641041,-0.44127086745646843,0.5199124065765637,0.4030537344357614,-0.3500501058578069,-0.5093715453160708,0.14347980067394095,0.19891135227075696,-0.21522858792132232,0.8851606316369312,1.6840361549750975,7.254328619247669,1.839806430559405,1.0543616298329983,1.1002422514540935,1.4547817784445514,1.5179709040956284,1.5130198132781452,1.5175020966505488,1.7117756598316856,1.029284662543423,1.6059451864134797,1.3324018643508158,1.4623097923419606,0.7906374281105567,0.7553567357352369,1.349660813060391,1.385766290297283,1.5224411600940086,1.268178997926446,0.7880586219169167,1.1518679935207168,0.6707111239438658,1.3774022315410792,0.8850737268413188,1.3131673348714483,1.1488830268110457,0.5666090268154114,0.5838236480174779,0.5421787584121763,0.27001750221683746,0.049102043176772886,0.12187104578810834,0.4258235757749545,-0.3325756053209861,0.8489112266745157,0.5163026123016381,0.46738792885153535,-0.32703630111034976,0.2697925010502848,0.767468923460272,0.2828293432776208,0.3422596871351788,-0.0053382760995630335,0.5751521057549759,-0.4040547875541127,0.47778846397940955,0.2798790748673822,-0.2519637866656286
ROI_054,0.38421078078664744,1.6574491751521176,1.2814372637640312,1.9942320793903607,1.4867208592543248,1.0653106152808822,0.3403529333209659,1.2440947008095045,1.2858643768178757,1.4216253446614358,1.0290545202761858,1.2361670776187716,1.2008008060950985,0.9366386495719944,0.797275472518519,1.6082813274409689,1.1176046096225831,1.1163574600671422,1.0656453273796924,1.345210789716963,0.9543021357561907,0.6788021515891293,0.8483445643509949,0.46914531305997104,0.9551540844375177,0.27726653434784165,0.3963757039094357,0.712188834031747,0.9291257820524079,0.8597888837871157,1.022735370471888,0.6055970605090196,0.5424193753389631,0.8456389614695504,0.3627210240292903,-0.19538337969331016,0.811740253271211,0.04791278356584823,-0.09352398439258545,-0.34584427584849736,0.02004157063447802,-0.1511255592952141,-0.3313999207017447,0.428555169438079,0.457724475577651,-0.37337007827708873,-0.38294038468685293,0.1971913724432956,0.24539745790675277,-0.2167743737387964,0.7115939978495379,1.4295400672475556,1.8398064305594062,7.254328619247669,1.3549814074578637,1.1470301339368567,1.4710347813144284,1.696482792070602,1.1827506220298007,1.33327177738069,1.3431646174216936,1.0056816588704247,1.3705978430301469,1.473469389266665,1.200184057299789,0.8720106339402441,0.7408470174130237,1.428617949263817,1.2968700294668645,1.438214882328854,1.1330142278422144,0.7956200758126573,1.0565005943180976,0.6925721238225058,1.0752878178516534,0.6909625847565464,1.1701748329461346,0.9270886198811871,0.41326617144245337,0.4849674931832946,0.4786786197806951,0.30483501690985587,0.03973582957101385,0.10901425107785186,0.3965117305420828,-0.252405702378845,0.7862260315033562,0.4595860618709469,0.4307456304198361,-0.32231363394667206,0.17912065319323484,0.6734579529584176,0.2824095796956565,0.20743169460407065,-0.056682240235573764,0.48277752058431095,-0.38586451722445225,0.4758781570924701,0.293107023228597,-0.2482619392475646
ROI_055,0.4856614102034085,1.0176391385109702,1.0342115038819777,1.2924813751457698,1.6336944909525797,1.580316011421495,0.6306635863660596,1.002385710247171,1.4469051573340088,1.1305267880599665,0.8966021511769491,0.9390641353331439,1.1057682505253312,1.0632895253963193,1.0134529349047465,1.1513347914787222,1.1663691295124259,0.9996563179078574,1.1492063148616898,1.2708162748975051,0.8219661945123848,0.7049037703341443,0.8809706280410224,0.2450479364001668,0.7306394674895313,0.19832267229342268,0.45477527150244135,0.6769782368929776,0.8732475854481812,0.834900480792612,0.9470932483112122,0.486202435041966,0.6404213244902452,0.9090438073533152,0.5074517673888266,-0.04707630069089343,0.7160452361413039,0.03751906025063151,0.04161696295919813,-0.26712645175526994,0.21966405071836412,-0.05855328225213908,-0.25302455237691385,0.5852129880445666,0.6350980185557129,-0.17489713560121722,-0.1937641984499673,0.4218502794203562,0.5194947162612151,0.006125947091977338,0.5756167182817563,1.0315759462963936,1.0543616298329983,1.354981407457864,7.254328619247669,1.2771991214040717,1.053051227448023,1.522955379865166,0.9201171294182525,1.123859136933724,0.9787051814314784,1.0820546701697742,1.0336636522013212,1.4477938535279007,0.9552270463654842,1.076806110690565,0.8023893859311089,1.353065180653298,1.0265935471937664,0.9941719852546992,0.8585308197081002,0.8169603980229736,1.083955288366298,0.4942754232095052,0.6651927867411807,0.4749907619823727,0.9833986507524146,0.6251384531356374,0.3240066187259159,0.22102283309169138,0.47219899582166414,0.4071527960768493,0.19461897475656761,0.2709367040410351,0.451004641489853,-0.028328835249249534,0.7096240655299972,0.5369334561239226,0.37698661535422845,-0.17738169943516352,0.22680981998646726,0.6470619416695385,0.2880265850769193,0.08258665258046796,0.03577730014885499,0.6139514590601581,-0.1161251788955229,0.7038578255766562,0.5451448618781615,-0.14357578223775375
ROI_056,0.5959531413724277,1.170479254500053,1.2580135455225083,1.1938595044912195,1.1038412678315885,1.5910654726026152,0.7321238915767259,1.2146374303184062,1.7469809455876257,1.488892501260294,1.2944677942608547,1.2710012508029032,1.3654158565569259,1.1847569316271465,1.1387611057859017,1.2902545578159041,1.176327423493397,1.2267290301001725,1.1299765508937476,1.311364294262094,1.1450993744299465,0.6610604073710352,1.0485045494367604,0.3267233292279464,1.0387578607500945,0.2441067731150366,0.35454657715894644,0.7504250195994768,0.939473960899449,0.828108700597675,0.9663896997128835,0.6281242187621877,0.5641500861812098,0.8920869127114744,0.3808405451482166,-0.01945980558473311,0.8942473094745168,0.002026996369146187,-0.12255267957929121,-0.3137070304767089,0.1384220112381788,-0.14012777338842988,-0.38621107161686036,0.6883771940122742,0.5457198750411479,-0.21148772900424534,-0.27697386063817525,0.5107797207538944,0.5636424439619308,0.07487848405410817,0.7270677270763762,1.17728006763476,1.1002422514540928,1.1470301339368567,1.2771991214040717,7.254328619247669,1.0352311740122067,1.469254606460512,1.0161577684827434,1.311463939738414,1.180036030334458,1.1875942622506184,1.2477770294640518,1.3407702108136552,1.1135155788909874,1.1354538266832443,0.9064935177110052,1.3006071070981169,1.0798556056706186,1.121846550992627,1.0764059677844384,0.6538264491055106,1.023823139172667,0.3751302108961721,0.7885586772336426,0.591136235304887,1.2746157890000878,0.8019590689652186,0.22160778418166566,0.3227423851095451,0.49885171314906696,0.3169062009317966,0.02437709852896142,0.25148059709692827,0.32555802657537275,-0.18766009401225336,0.905719100522381,0.6063485604973949,0.4351342272378426,-0.31666864705825154,0.10186924004398348,0.5435097738661474,0.08453890012500438,0.035628901734670045,-0.13288667190708894,0.5908128788351131,-0.26758325187659887,0.711707564267144,0.6171942329849354,-0.1132258446709411
ROI_057,0.2589841877515923,1.5545091576022463,1.2421277516251656,1.4968850735687713,1.1028082536746355,0.9440187428708943,0.23461536903024127,1.3973022753285453,1.0488936637795228,1.2675509742830726,0.891473108782987,1.1529262663251079,0.9653064687692547,0.7181614545865072,0.667979056315751,1.2588766132800202,0.9050892700834473,1.1001584721137632,0.8937989730478814,1.0287737632999596,0.9290584840998342,0.5633629061029608,0.7219192388318466,0.5668933188682288,0.8447779609469672,0.34159088606726085,0.5404737270951439,0.7341998413597681,1.0509052838745492,0.8495636970195217,0.812756681251406,0.4459092177707874,0.40042655533076105,0.6600630029920405,0.2268154461081832,-0.2574063231664708,0.6627116606374676,0.08835729068252006,-0.1028263611467013,-0.2740957725686668,-0.1419242671961569,-0.1772228434450296,-0.36289223073061516,0.3713871784981252,0.28089054089225823,-0.36843461279803524,-0.48362182535734255,0.0380222483204161,0.17132518526943977,-0.269451743253759,0.618581408160927,1.4939319646615592,1.4547817784445514,1.471034781314429,1.053051227448023,1.0352311740122067,7.254328619247669,1.3173315129035101,1.1630101101655517,1.2705585962394557,1.3188947409587852,0.8491121658020772,1.1708092858843555,1.0615436260836937,1.037308065327083,0.7094562386510761,0.5642460576216607,1.229000560337462,0.9856030327768758,1.3463426674620194,1.0768090468706966,0.7681666683806303,0.9380045969718611,0.610624891213398,1.2476424401698174,0.7250059975702132,1.0203913143057133,0.9067006868394969,0.36614272439624024,0.37356868999334975,0.281610078735654,0.08072305001171873,-0.08774938487929346,-0.009648807542429395,0.32145765648242947,-0.4226027160200195,0.553347264734132,0.3171841930749813,0.344387456205423,-0.45422505950926084,0.1453947115751234,0.6288996265808207,0.27346380029500783,0.13492302172798393,-0.1355791211684112,0.33822654918514405,-0.4567294368764652,0.31236350666150714,0.1981422758640086,-0.25413325016064653
ROI_058,0.4525866912186972,1.3672241617337972,1.3450326932939025,1.6188805884342554,1.3802872661417118,1.3560344755393599,0.5152822901768895,1.2361399824989527,1.8321248458659813,1.4615241528366545,1.1996854068171259,1.2211939220133443,1.443634051993543,1.118965541511822,1.040919649644169,1.5917723955391507,1.340229939197468,1.19919334977505,1.1924769556401975,1.4463170179100304,1.126636390973999,0.7680956375120718,0.9544173673974005,0.4098091195789424,0.9768476468124798,0.22964304449651993,0.3730511046665571,0.8181708857381148,1.0154828922325905,0.9324099921568307,1.155235901193235,0.5533500789263146,0.6730958936585186,0.9703580775014936,0.45307376470548094,-0.07405653108396018,0.8714491545294087,-0.045617933895657235,-0.09736314756865631,-0.3722648601614096,0.12960782630198,-0.19496473694178565,-0.36405369201852994,0.6049415596182746,0.5747584460195635,-0.27947444000342303,-0.2964681218626883,0.3529257019749128,0.40506070028874286,-0.08689890769556992,0.719098869128155,1.3330802833827882,1.5179709040956284,1.6964827920706012,1.522955379865166,1.4692546064605114,1.317331512903511,7.254328619247669,1.2322793645473833,1.5299219918795826,1.4686277057213577,1.2987915058045716,1.467940491426524,1.6641844342059815,1.2991381803051536,1.0732737532069647,0.8331172115018997,1.562727663696454,1.4381066669499658,1.35832922574574,1.1581067067224693,0.7739544529300331,1.1671505377302924,0.46855911004078465,0.9643513620267055,0.6827033101453152,1.2945838161885108,0.8836265089963381,0.3835471425917084,0.3325725555493837,0.6196513494974706,0.44726929132317006,0.12676166343114517,0.25885243543787023,0.4432758919160181,-0.14794672795504496,0.854890253413282,0.6140681707391946,0.4684283611068754,-0.2832515547199125,0.2082818464802747,0.634885067984267,0.19476955038498817,0.14370372143940088,0.002124257121669836,0.6529609171639748,-0.27820957239138816,0.6732842898021396,0.4047109757503697,-0.22728124842066946
ROI_059,0.43039033655721987,1.1614097495418558,1.0316547834992638,1.0435620510067605,0.7405919006128909,0.7938879642184337,0.19239191698842964,0.8195072908725903,1.0023331639065411,1.1445281089690518,0.8941189900346791,0.9986923132565036,1.0004598592234344,0.7370011871608891,0.8075277574951428,1.0715645616763674,0.8235637490339446,0.7741937757504767,0.811241938355441,1.1138518472742924,0.9693552838338648,0.43622171870089477,0.7248665349104576,0.3873540498142329,0.7850356021431413,0.07532652074181918,0.31500560909091035,0.8298471082316411,1.0788408755018213,0.9618714449279478,1.0515090259146482,0.43028982811901384,0.3449241857567919,0.5860268419496756,0.10158594831804567,-0.17766481701498268,0.949743445655069,-0.03510477681598023,-0.378924916604751,-0.4986603384946006,-0.06719356814879583,-0.344375710865342,-0.6788179438056299,0.6724362470477695,0.3317753300305979,-0.23165963740600856,-0.5136287960661357,0.18033861495040154,0.223951487152438,-0.14503826424025068,1.0367055963201117,1.464942087377749,1.5130198132781452,1.182750622029801,0.9201171294182523,1.0161577684827436,1.1630101101655517,1.2322793645473833,7.254328619247669,1.4563507217773348,1.6299421776639489,1.2048176793079706,1.5916113760414612,1.210440025787756,1.3740564896150522,0.8035426772676594,0.8711111166280915,1.309651842538756,1.3240152056272465,1.2321872935889975,1.1822313838951606,0.9052018918287956,1.2747558459137474,0.6076892793543092,1.2853007471183493,1.0273271204930694,1.4321086659908375,1.0609032816149742,0.6705622253283979,0.5376512824558686,0.6549027210184719,0.3597261166861685,0.17639259671360533,0.17772168066998026,0.5718744971885733,-0.20136218973840242,0.84279712746415,0.6144051126822234,0.4432613518997783,-0.18941014564680597,0.43864360584935197,0.9656286394906635,0.34276099077821304,0.4216852295326564,0.13254453647619382,0.684628452993681,-0.2657641530361558,0.6803462886574183,0.3280725234558263,-0.21361537872976227
ROI_060,0.5253535440023376,1.3482825400334546,1.2321806581216723,1.3168308189331608,0.9621368987844019,1.1056925291760462,0.34718557261150174,1.1444480043154543,1.3234465571004688,1.4888423333936054,1.1645748051079652,1.3034729031525758,1.339888027321736,1.0023048106955483,1.0348872588785354,1.290103241916402,1.0384213237343922,1.058091684173467,0.996006790122978,1.2113162638455648,1.0840540274227068,0.5393580972015749,0.936103516059523,0.3367967543075228,1.0432162757699235,0.16374694825651573,0.24528982714791858,0.8232140245836531,1.0161607221710953,0.9576358562827233,1.1430114829993818,0.5686101231137725,0.4577898275556159,0.6906908747737002,0.2015708814676351,-0.2003975904046855,0.9228081629838958,0.02836368353804576,-0.2879741085963794,-0.5280650185679882,-0.05098413558902067,-0.27538582553673735,-0.5333498900483441,0.6957910276624646,0.38012970950328323,-0.2565040961628759,-0.49408805775503023,0.2673069568175095,0.3548213922117184,-0.08752227285992667,0.9425918949708828,1.6592128276573241,1.5175020966505488,1.3332717773806904,1.1238591369337245,1.3114639397384136,1.270558596239456,1.5299219918795819,1.4563507217773353,7.254328619247669,1.720663314183308,1.3124417143111804,1.7315850862493116,1.5761756469191834,1.5285467919261728,1.0617478383992003,0.8296149775549205,1.575131767190894,1.2943267978605608,1.4337377765756232,1.159312398629254,0.768125285181473,1.262880819317724,0.44078834348054896,1.1300838981944044,0.8305489777620763,1.4860869103048269,1.0360145460571606,0.4892610494587982,0.47159467432424645,0.5330906184005025,0.28789417703830283,0.029945508418828988,0.1870477349739505,0.3360578567727477,-0.2891740676342386,0.8406060605778436,0.5498899340286203,0.3680369251182506,-0.3191647284478883,0.2035603589772122,0.7559004561041037,0.1551520232095164,0.20814815518877755,-0.06147391937617947,0.5889138316719738,-0.32829295300548106,0.6624794018121674,0.43049738775699375,-0.24087041396561726
ROI_061,0.4139480460805579,1.4718517301933618,1.19381153890854,1.3379703227815813,0.8983126050378866,0.9236590920964365,0.24153743257943647,1.1060799681014506,1.2014022537726419,1.5005138023051021,1.1565643370720444,1.3612252262714841,1.2367038188749746,0.838504202918887,0.8402312831057717,1.3166970640171147,0.9447970604789376,0.9584754855241641,0.8344845297271888,1.2681243164673748,1.1741799680429919,0.5219242921428732,0.76135789019064,0.46548494159733317,1.0894206124444143,0.2653492497175712,0.35206066227592914,0.9197679763422235,1.1449002731002906,0.9611615672991306,1.1127541781164494,0.5276596697181682,0.4453290137521418,0.6127297554043806,0.20237382828742126,-0.14670597589557427,0.8526728467714897,-0.0028740716486203447,-0.3402500424057832,-0.5088264725229896,-0.15461858684519592,-0.2568692729439586,-0.6124559744283494,0.6058360998883083,0.3684835755058932,-0.3699494679165032,-0.6090852660259206,0.157656624221821,0.2882066088312772,-0.19007552568513217,0.8727244618666217,1.497743802543048,1.7117756598316856,1.3431646174216931,0.9787051814314782,1.1800360303344581,1.3188947409587852,1.4686277057213573,1.6299421776639489,1.720663314183308,7.254328619247669,1.1553525086586507,1.7572020509042454,1.2846417225655071,1.5476530489495561,0.8191241204110188,0.7788543048489379,1.3094533442842535,1.2301655276421892,1.2649390887698984,1.3823407822251064,0.7364456863417549,1.057580065862127,0.5572184548142421,1.4800988587623207,1.0042993889916374,1.523648193555477,1.2072488659166953,0.5023467290377315,0.45155044459156735,0.5355641610844435,0.24282995073772068,0.012371655985018208,0.14646862689425685,0.43074709179602144,-0.354252122243299,0.8225471110325508,0.612248565246147,0.4790729614031448,-0.41928426357983106,0.2110689308843488,0.6937448850277329,0.1927290043518187,0.2268992079060592,-0.027692225082323628,0.6234820747005951,-0.43858411146928133,0.55583970920678,0.32689595441635116,-0.28560107667338974
ROI_062,0.4299895316540085,0.9113106153031678,0.9856058192993367,0.9381378926634186,0.854652464394388,1.0426727538673783,0.5086285388526597,0.8750348699677561,1.2405720627033048,1.1268388467269954,1.0808195409417993,0.9737453069685892,1.482993682066253,1.244690504901915,1.4816628522331146,1.0329971988245965,1.1425264158056947,0.8998042337768641,1.1143108080241007,1.0496866261036408,1.0627119081450516,0.6732006025719741,1.0673926582682662,0.30755320468565617,0.7716376587088737,7.975527550637704e-05,0.2543992085667283,0.7596589071767322,0.9349162092963557,1.0323542251139948,1.2470378451859143,0.4512259974639793,0.5712487710973502,0.7164767770423544,0.31325650611824335,-0.27089976153167394,0.7686216578862954,-0.16984436116620635,-0.13467642255758466,-0.4609141098533818,0.23495708708935634,-0.23798510410539805,-0.4100383723591862,0.8499800657026756,0.5251090578180275,-0.023349806617269462,-0.17133999000607367,0.4417524557326589,0.3366726690326693,-0.07120333874703823,0.9209403910864598,1.1289441524245025,1.0292846625434235,1.0056816588704247,1.0820546701697742,1.1875942622506184,0.8491121658020774,1.2987915058045711,1.2048176793079706,1.31244171431118,1.1553525086586511,7.254328619247669,1.4510006497280905,1.6462272993295608,1.2233810858533285,1.4478712275443182,0.8057123306024688,1.4231946281199708,1.2177100291179785,1.0463064269428377,0.9957972133468664,0.958388854879692,1.371440428525963,0.3159471854055524,0.7149863626794367,0.6150028449754177,1.3994998686417535,0.8728019663873057,0.4800207605330011,0.351575679703946,0.8314204951649764,0.5055205118823615,0.24345451159217382,0.3381298369643374,0.49022625969038847,0.0393521272207361,0.7923443265805319,0.8065642064563776,0.18536580251069024,-0.0765751219921739,0.4207730932144313,0.7015367572515002,0.3133988603122507,0.2488506371008952,0.17412177405633866,0.8012741361597465,-0.06323230599714098,0.9667507557181761,0.38055655182229187,-0.2885412770664647
ROI_063,0.4586311986373302,1.369345041154651,1.2470775876650744,1.254866149443091,0.9123806735559569,0.9860028180702237,0.30417706151751484,1.0670234888262673,1.2615775152060524,1.5148364012636033,1.17315404633115,1.2933824962967084,1.461433225381032,1.0269447841658792,1.0330550564665282,1.4206787197104023,1.1045507837735886,1.0596772198173017,1.042988023223422,1.2452366277045326,1.1975399246260316,0.6075400155352556,0.959426381572971,0.47493089715724063,1.004976428438737,0.15202459118245806,0.35577384007054547,0.8662425743131731,1.0704327630288983,1.0706046414807122,1.2937037562433158,0.6198663200370009,0.5174976770614148,0.7368637465145876,0.24683877306200502,-0.21830339258501805,0.9440646017495138,0.021675205901040596,-0.25365314252225296,-0.4708501255247139,0.000925687739606246,-0.2617504047115594,-0.5509461098445799,0.646071299696112,0.46785701093579546,-0.26346051334963916,-0.4508167335560635,0.251288008399831,0.2347613964416342,-0.181123283010317,1.1008792225780684,1.6815832354215732,1.6059451864134788,1.3705978430301469,1.033663652201321,1.2477770294640518,1.1708092858843555,1.467940491426524,1.5916113760414612,1.7315850862493125,1.7572020509042434,1.45100064972809,7.254328619247669,1.5515937429427782,1.6779504766012776,1.0383556537960716,0.8241422951531273,1.5457567513017265,1.472970486361925,1.486415524076156,1.2913523098912658,0.9067112937717631,1.2772727716928411,0.5526918530469394,1.1965824212379852,0.8732696190290252,1.541724119314013,1.1620204848437925,0.6047785350006095,0.5636516417621947,0.6455739540495568,0.342152216423442,0.10935421133734934,0.15922460675251698,0.47214581403408384,-0.22841297880471326,0.8651623334590889,0.6332699642972787,0.3632545639712729,-0.27992668655919717,0.3071377237276896,0.774502382499564,0.26823969872389075,0.3413369842473574,0.0272294439300244,0.6603017248954397,-0.35176267258594085,0.680687085406122,0.3123174934558668,-0.2947818906266603
ROI_064,0.5169526837126057,1.139785857986852,1.123811973141546,1.3277204393977853,1.203777990359604,1.2511832781958514,0.5001102201607706,1.0559608742020226,1.4802653498732008,1.3299093143996015,1.1583450113735845,1.1183254128209712,1.51531395924895,1.3565568543638749,1.3628211343508743,1.2993919048948623,1.2138064520028233,1.0386920865382132,1.1676189375674384,1.2925231619515525,1.0388348712337074,0.6728857928313238,1.10170037279514,0.2550515831729971,0.8982535610833309,0.10577607295126887,0.2614807707256477,0.7552887288717502,0.9560471638961411,0.9749566477114093,1.2428468528539367,0.5805614622949294,0.655540541675275,0.801168089498256,0.394246100041459,-0.24265326594030984,0.8697049963244577,-0.06786211614775672,-0.16324674681736362,-0.5228967822818703,0.1563185348272258,-0.20201368970383604,-0.37249904747469315,0.7536048667078544,0.5754685064981647,-0.13200148521900346,-0.24590392720454815,0.4841101151653855,0.3819862436079478,-0.08259115511596465,0.8364725507425453,1.3390262814431142,1.3324018643508162,1.473469389266665,1.4477938535279014,1.3407702108136557,1.0615436260836937,1.6641844342059815,1.2104400257877554,1.576175646919184,1.2846417225655071,1.6462272993295624,1.5515937429427782,7.254328619247669,1.4572762369486945,1.4486756854869534,0.8443095599373407,1.7114468847517599,1.3623355327409175,1.286176201454786,1.0781904590921436,0.8163115082746575,1.433029141064146,0.3793335394414364,0.7902732616212428,0.62624890066299,1.399484807951664,0.910549259071129,0.4471650090022469,0.4080037601031665,0.6713398102043636,0.4373336314369642,0.18770496551234514,0.3222369020791052,0.4291206007906253,-0.06104774982351644,0.8419687655574113,0.6717286298419501,0.25867641180188305,-0.16658063307907978,0.27202839321365296,0.6996744553297854,0.20550651494833228,0.23401856379982283,0.03198542281892061,0.7085191590956207,-0.15447113051697337,0.8824034344989853,0.45545402131419754,-0.2675964391243049
ROI_065,0.43020068687893304,1.1873852240050429,1.0971543224537659,1.1373012980420256,0.814887846118192,0.8798584716361242,0.2940156936106681,0.9576715877299105,1.1696444628465705,1.3363004465253088,1.1523234244822294,1.1397279236264828,1.288613684181482,1.0765025750734063,1.102050009028404,1.3185250022936414,1.0151407087830755,1.02364854944129,0.91985709698159,1.2906424817404163,1.322842624771822,0.5871275511008508,0.9781455559241159,0.4210824095656357,1.026489138272803,0.18238093650284393,0.30161628749823616,0.8941789066771691,1.1160064882208671,1.0727905930630712,1.261000186392965,0.6330636235531603,0.6024451124098589,0.68479872470112,0.3265195223462294,-0.2079692856036381,0.8974584315503811,-0.008016955276717789,-0.25528529811964745,-0.5009340174927762,0.004894369095699062,-0.24015391630790922,-0.4555380004095085,0.6362795246208965,0.49724775861949005,-0.1981996579663053,-0.37167960040728754,0.34859817740284454,0.21172466632492623,-0.17370073622981191,0.9626073765659534,1.3323523773503072,1.4623097923419601,1.200184057299789,0.9552270463654842,1.1135155788909874,1.0373080653270828,1.2991381803051536,1.3740564896150522,1.5285467919261728,1.5476530489495568,1.2233810858533285,1.6779504766012776,1.457276236948694,7.254328619247669,1.080223063479799,0.7203072114326025,1.3189932144449268,1.4211459339968688,1.3868228776666829,1.4877223326981168,0.6970113254825457,1.2435975798462926,0.390747332827109,1.0484848204312347,0.8586184754516857,1.4988215894128964,1.2853405504054876,0.5683794982136666,0.5026563796733637,0.6737418629847161,0.3353603473102244,0.1347509992003489,0.23709432430817373,0.47903287166742453,-0.202328486254276,0.8834272896496873,0.7012532574769467,0.3616283849835859,-0.26819654017576905,0.2785120371817441,0.6557438915205895,0.16390879712290973,0.325397701162437,0.04956219222523514,0.6964390604284802,-0.27957826560711163,0.6893467638711219,0.29981623161276927,-0.2978331655559762
ROI_066,0.48588184514762345,0.755482758038287,0.8898899294537627,0.823693239299952,0.900552460882652,1.0745980212062443,0.7361889357833284,0.8716233193983965,1.1195662374895843,1.023865027134389,1.035141361364937,0.8549568785920877,1.3025091769692818,1.7533226116491982,1.9944579816476333,0.906135705775118,1.116158201497145,0.961523657309272,1.2455557416767793,0.9839380157153386,1.0045563722788793,0.7137950597957559,1.3917400904028117,0.19516199669674777,0.6777795724815165,0.05379413965611848,0.2445714009773501,0.5775290136776237,0.7687945061484042,0.8797700882763193,1.0064160337127388,0.48262082542032664,0.7116610973038733,0.7188373646219508,0.47122565176267883,-0.3350412859570577,0.6355013336592459,-0.1464522273655905,-0.0044703419696665294,-0.3615401140148889,0.352847377173039,-0.1918467498692952,-0.1871661257907247,0.737974148896529,0.5946799498476015,0.09370432240529701,0.019839392633252722,0.6715037141875809,0.3581413752616369,0.034129823159163214,0.7243926464617024,0.8928818710958045,0.7906374281105565,0.8720106339402441,1.076806110690565,1.1354538266832443,0.7094562386510761,1.0732737532069652,0.8035426772676594,1.0617478383992003,0.8191241204110188,1.4478712275443177,1.0383556537960716,1.4486756854869534,1.080223063479799,7.254328619247669,0.6815024178883163,1.2318363372879133,0.9699616996906748,0.9420899289541724,0.8838656968608586,0.6785538615229095,1.1447920586958924,0.15696527260347048,0.4528245761624952,0.34903735410215725,1.0784769127762082,0.6727165678686059,0.25517908931075095,0.22330548120624283,0.6252810914894545,0.4335165838865732,0.20007276584153297,0.3759291040953802,0.31101120330243115,0.10004594580978843,0.6524753380519525,0.6472976894102951,0.055911472059283936,-0.04227839085297222,0.302167327978282,0.4389214582987371,0.14677386507952941,0.09334678251614263,0.020990847553226104,0.6479266140724252,0.03505968866466675,0.938680110260079,0.37544809169457105,-0.2047008868778533
ROI_067,0.6014131128229363,0.6208192392763525,0.5677324269486285,0.6276354323749264,0.6540566452541331,0.7703657343704311,0.4710957619835076,0.4370286354670962,0.7651038451522403,0.6830568259810965,0.6472107726353727,0.5387818057430749,0.6327502578923527,0.5689569469068663,0.640033728078323,0.655219426717104,0.5487042591728838,0.503719466626843,0.581389213647617,0.8706979642645531,0.48393079775854614,0.2615224782330463,0.5101515203008887,0.05582460467446764,0.5364947883648314,-0.045185038583146785,0.10149917183276326,0.5166611655163664,0.46582163313093494,0.37720849704663856,0.6825344858648862,0.37809602803701153,0.25261658407271553,0.5338677357942546,0.2338329275199942,0.10501288202492454,0.8304564493784999,0.009898630196480204,-0.33498954567558786,-0.3800792378380964,0.20118585657526913,-0.3181174655924428,-0.4366130706255758,0.6323041274054639,0.48286500783255404,-0.06598908096671519,-0.21614502693319113,0.4803544871391308,0.48193361749030167,0.20797741388686156,0.8090867403225311,0.7214376924973981,0.7553567357352367,0.7408470174130237,0.8023893859311089,0.906493517711005,0.5642460576216607,0.8331172115018997,0.8711111166280915,0.8296149775549204,0.7788543048489379,0.8057123306024686,0.8241422951531273,0.8443095599373407,0.7203072114326025,0.6815024178883163,7.254328619247669,0.8938605021567569,0.8655194494689449,0.6948130348907426,0.5650241174890583,0.5679021096957049,0.843162281701964,0.4183395121849399,0.5753211406753127,0.5820281815952777,0.8508182335884893,0.4412328618725248,0.5683017200596066,0.4779433035163192,0.7036673514981544,0.5795472254150753,0.4189723116290585,0.4986159588538636,0.6434501079298048,0.14292717951565453,0.8645539477642779,0.6695516526250752,0.5349183296862675,0.13217479846832655,0.3888261342140288,0.7425243464650667,0.23713247478643254,0.3927771508301932,0.14820261226967554,0.6629645324265419,0.013171015672144617,1.0094732508651274,0.7074952126723909,0.01918604652257741
ROI_068,0.44832071308304877,1.2408544993334385,1.2449987535493883,1.3064668124934766,1.175159556619114,1.2029252137340054,0.48761748564907065,1.1170205615270765,1.2832406566137007,1.403022024680988,1.0573396792226348,1.1238265025073397,1.3374553925315886,1.1767463414252575,1.1808614576414256,1.3727497623756293,1.2009081346851973,1.100322089814129,1.290829159082807,1.240534284818751,1.0327819123993351,0.725044489572444,1.1037398061860015,0.35857598838645743,0.8268477967123502,0.09051196277451184,0.32402052212139054,0.7111498552562134,0.9903527928932924,1.025813796832229,1.1363746607179872,0.6073606107292556,0.5989266230091345,0.8543258619511197,0.3631167009081005,-0.283518752663125,0.8884870918308038,0.04994906577709916,-0.10593880991431484,-0.38399438508393213,0.17921489452551587,-0.28427155082790156,-0.35622751437010003,0.6436346881158961,0.5548078692347016,-0.12622351016558328,-0.24181785740043535,0.3702443584570795,0.3029792171410753,-0.06936562713032898,0.9306862219949162,1.481879443502286,1.3496608130603907,1.4286179492638165,1.353065180653298,1.3006071070981169,1.229000560337462,1.562727663696454,1.309651842538756,1.5751317671908933,1.309453344284254,1.4231946281199708,1.5457567513017265,1.7114468847517599,1.3189932144449268,1.2318363372879138,0.8938605021567573,7.254328619247669,1.3572380577914644,1.4054215365060287,1.0555001215723845,0.927976324061941,1.3912447285627907,0.45407184472472867,0.8842208358345419,0.6498769208726406,1.3667171721693798,0.838789992543439,0.525614985898594,0.48646676243620673,0.6456878354781628,0.42844414045619644,0.22325255925769844,0.22112124778942235,0.4671978361637583,-0.047038427687301425,0.7773106539161312,0.5678387624301218,0.2899771295766881,-0.12498132566314868,0.32657369279650034,0.7652970650561094,0.29385839914427037,0.26136648567334897,0.057872046926888604,0.6387704421259264,-0.16395601977004842,0.7912310819481887,0.3838368142813495,-0.2519534829642492
ROI_069,0.3886842277252022,1.110396974579371,1.0702413924727514,1.1049792991229914,0.8868484077414373,0.9353377099021091,0.34493196648691027,0.8470662103134586,1.2033755743942862,1.1624446636412638,0.9919293011050638,0.9734050964743972,1.1887591459149658,1.0004011900566858,0.9454166250817715,1.3723319962781928,1.2615287373868522,1.0941392117707491,1.1178936249756184,1.1773603281659843,1.0516420179854782,0.79326190901551,1.0005583091411723,0.4920376569528354,0.8467944767923605,0.044430886281118964,0.23906621093352876,0.7066188464546439,0.8868856146803694,0.9571019975056538,1.2355170428040474,0.5281165628075688,0.6092998335043212,1.074444295511632,0.40525902075507364,-0.08592867711932835,0.9819024117491613,-0.09460477425407596,-0.15856835748323256,-0.3563243555935026,0.24817496119436455,-0.295949675929905,-0.39229204510837234,0.4831402575759739,0.5778543110928552,-0.25825612446744145,-0.19996886792219096,0.3561040710806215,0.14678058590887327,-0.16064473983557664,1.0193040628341152,1.2826784837947676,1.3857662902972834,1.2968700294668645,1.0265935471937664,1.0798556056706186,0.985603032776876,1.4381066669499654,1.3240152056272467,1.2943267978605604,1.2301655276421897,1.2177100291179785,1.472970486361925,1.362335532740918,1.4211459339968682,0.9699616996906748,0.8655194494689447,1.3572380577914644,7.254328619247669,1.633180450402954,1.0608944162526834,0.8790054137272734,1.340609415222981,0.4287631978197509,0.9488826772345637,0.7780593121246129,1.2636177183427626,0.9800716087539951,0.6760765568375895,0.6083115365441848,0.9617830883749777,0.6715290722291579,0.28915198130237607,0.2866616640141521,0.5918728648596328,-0.007969186751892825,0.9925683647082966,0.6722064674919014,0.5065187274792557,-0.08248475803983484,0.4025257630099717,0.7430973885551005,0.26015043228776624,0.4025676607164007,0.19954799529820882,0.6026841972171826,-0.24692396034414624,0.7353246591086029,0.22886966853120624,-0.29105072139818333
ROI_070,0.3224413648443837,1.4671894573877295,1.284881128817369,1.3109744684530154,0.9586083705522395,0.9781643847019273,0.3024950462765845,1.1599086869878175,1.16268572359976,1.4075117243566053,1.0939878350572307,1.2154695486039224,1.223587786423583,1.0083262215900686,0.8809156190805919,1.4779410571817178,1.2416675357251898,1.4188140135787901,1.2062205386312663,1.1384284843577583,1.1254414105576172,0.7645823706116208,1.0941537060994606,0.6167760142901135,0.9604764590317962,0.18729443101701898,0.3343754538919931,0.7024916579160346,0.9161454585688419,1.050080449561559,1.0804323543934855,0.5780961505111629,0.5204920974300222,1.0089910930242634,0.30208750430377607,-0.1949180860188318,0.933989571835886,0.019934439182551455,-0.10413235124212326,-0.2615008403146129,0.10418913434684358,-0.2315941581202597,-0.3566179183872151,0.3960017584360483,0.40729864500108537,-0.32315694327433464,-0.3086061510441658,0.2146439367696685,0.12057905328505918,-0.20481386184390152,0.9095738794794053,1.6307116560038961,1.5224411600940086,1.438214882328854,0.9941719852546994,1.1218465509926268,1.3463426674620198,1.35832922574574,1.2321872935889975,1.4337377765756232,1.2649390887698984,1.0463064269428382,1.486415524076156,1.2861762014547864,1.3868228776666829,0.9420899289541727,0.6948130348907426,1.4054215365060287,1.633180450402954,7.254328619247669,1.1409963046949443,0.807213702840482,1.18037233155056,0.5046437689978867,1.0884939294079776,0.7426322867663383,1.2679236823218243,1.068411417353608,0.5435838327174026,0.6329291492630195,0.5974125634449656,0.3630228927113737,0.040031612266455685,0.08660633337219371,0.376187429368215,-0.2410319904110272,0.8449248558590223,0.47231300538211757,0.4336447433321435,-0.2552290989636904,0.2463845652340969,0.6949425747062187,0.21357209078406392,0.29651371503486507,-0.017708964547239532,0.4098321682410336,-0.4159563303729702,0.47833684364061535,0.190165840418179,-0.26948917135063266
ROI_071,0.3052658409194897,1.2677719885889545,1.1580129895117854,1.1230022340414498,0.8180295477149602,0.8357094084836697,0.2957187498307265,1.059070819285632,1.0809280792283595,1.3039915269296727,1.0514038991461496,1.2067742448076866,1.0852448370461207,0.9391842059097151,0.9424759178164244,1.238666868521175,0.9432765164928326,1.0586376287976804,0.8998117992027895,1.4532376942223821,1.4332616541023206,0.5996712240625917,0.8464234045263802,0.5679170284727751,1.0394550130104623,0.30077247497070064,0.5038978022414609,0.9502823498223398,1.2653060019405957,1.1557204726810508,0.925752177635713,0.49724855497954074,0.45385075529498575,0.6560884190292735,0.2288922497977239,-0.17726965900736838,0.7638286779671957,0.03798781262831931,-0.07779105951648459,-0.2772372840927299,-0.08328665407025118,-0.1576367085546176,-0.44927724016525555,0.4606094602081915,0.3013988070140593,-0.27441792715471663,-0.41011373279752567,0.1674229384914104,0.22152776276776168,-0.1745856475077727,0.7010122560073468,1.105054271891189,1.2681789979264455,1.1330142278422144,0.8585308197081002,1.0764059677844384,1.0768090468706961,1.1581067067224693,1.1822313838951604,1.1593123986292542,1.382340782225106,0.9957972133468667,1.2913523098912658,1.0781904590921436,1.4877223326981168,0.8838656968608586,0.5650241174890583,1.0555001215723845,1.0608944162526832,1.1409963046949447,7.254328619247669,0.6616341216426772,0.8941396555713225,0.5492280395477178,1.093166718965567,0.8423658804225166,1.4288237940826953,1.300668057244108,0.3046734934665261,0.3696603114702365,0.46465931310203656,0.1762823031380138,-0.09364728519747342,0.011271890490829238,0.4379753500764866,-0.33737392687871504,0.7217764258407456,0.6505303934741028,0.4287576908513349,-0.42889095836713037,0.18656547747928692,0.5589510172437475,0.2627382157121963,0.13320819172469267,-0.038507866787961344,0.5260823529139391,-0.40073711291846775,0.4399863351518653,0.25707558112281803,-0.20649064466850608
ROI_072,0.12687298452812298,0.7020263226619007,0.6226748203602988,0.69910918468216,0.6655179972824796,0.6586794513308564,0.1758752297530839,0.5623445553234039,0.6766272548195338,0.665031542719808,0.5123722671660987,0.6332825744548987,0.7066273453204136,0.5624226218782101,0.6534970235866413,0.7406085857860526,0.8110368309925404,0.6879624324485648,0.8344685700276101,0.6913243073297267,0.5822340572387401,0.6621405424898227,0.6079639818496284,0.49709516295326023,0.4466455386497677,0.03963561014333106,0.45790102911882374,0.6454426882862613,0.8133696916846941,0.8954960475250248,0.7547116173289113,0.20961316056777396,0.27980343629709026,0.6761174149369242,0.2492884695338008,-0.2470221183439905,0.5213827370153847,-0.09584315497539461,0.07700685039940268,-0.1552860495552871,0.17649345312408138,-0.06418552530259045,-0.3030737849826217,0.33008876306036816,0.34429925134185957,-0.16333019614341956,-0.1807941511234689,0.023468362472969483,0.015906194415439993,-0.29483353246045874,0.793071683175416,0.8330790693539133,0.7880586219169164,0.7956200758126573,0.8169603980229736,0.6538264491055106,0.7681666683806303,0.7739544529300333,0.9052018918287957,0.768125285181473,0.7364456863417549,0.958388854879692,0.9067112937717631,0.8163115082746573,0.6970113254825457,0.6785538615229094,0.5679021096957049,0.927976324061941,0.8790054137272734,0.8072137028404822,0.6616341216426771,7.254328619247669,1.0811523077368872,0.6394087192933101,0.7158080326561711,0.7078420409838933,0.8229025677178119,0.720570048840243,0.6640966124406289,0.4268969587117761,0.6008304552323249,0.3999990370120446,0.3152063771418866,0.14552075004801124,0.6945590691331358,0.08483584712986317,0.45144358512342975,0.5608330422946235,0.17503015765009555,-0.007758754126301423,0.633184412529416,0.876088868489727,0.861505342359398,0.4157727648306992,0.487380250927105,0.4147505804918637,-0.09502694759565442,0.4991085803039963,0.09349056463210019,-0.41944020519271075
ROI_073,0.4248942731926537,0.8953797568709292,0.8826629505868214,0.9620056705591563,0.8688895177709913,0.9271316643436062,0.3967140663234222,0.7591497449003883,1.0290109117203141,0.9470628316101277,0.8382222017872563,0.8354653424507644,1.0333337991016653,0.9735348407974965,1.0842990707711835,1.0002306454142358,1.008658019061698,0.8652997697974939,0.9974033283771649,0.9958137209210859,0.8590157931553501,0.6193998542217559,0.986059396801993,0.27165067017596534,0.6386686926938927,-0.016571790289414117,0.22115832403812308,0.6871451154247252,0.8634692284903029,0.9765381868061865,1.062686269190485,0.4336816858464983,0.4754860600319459,0.7515293866081275,0.3378094206886188,-0.2755048525216663,0.8693163786457948,-0.057798623301295995,-0.16667538185337305,-0.4172022994780043,0.22965762194709488,-0.2570794860612336,-0.359514989515306,0.7197240278656482,0.5263398652279905,-0.03950598768190653,-0.18766131343027792,0.41218585224561954,0.2146719995274926,-0.0657247926520914,1.017827690706644,1.2571066770694446,1.1518679935207168,1.0565005943180978,1.083955288366298,1.023823139172667,0.9380045969718609,1.167150537730292,1.274755845913747,1.2628808193177243,1.057580065862127,1.3714404285259638,1.2772727716928411,1.433029141064146,1.2435975798462926,1.1447920586958926,0.843162281701964,1.3912447285627902,1.340609415222981,1.18037233155056,0.8941396555713225,1.081152307736887,7.254328619247669,0.3673667241049854,0.7525783602968125,0.6830668224185675,1.1741603012555666,0.8767107397152972,0.6662301115249919,0.4855476730099621,0.7914874936063198,0.5215734090614377,0.3835384605085139,0.40826232992504075,0.5628400985968299,0.06345275115982474,0.7413723766200215,0.6403422474745079,0.2174315528429514,0.007682160263429523,0.5463196490723611,0.9272996951016621,0.3671977883086491,0.4513615862299739,0.25000443675319245,0.7287676786441729,-0.030778537375205226,0.9272723047864004,0.34401879705892535,-0.2798002287564077
ROI_074,0.10200952503811922,0.7141106454483347,0.5032607476112818,0.595307778519244,0.5249885937256117,0.32920157535457073,-0.04724829018526763,0.4344681891923047,0.3751985379225677,0.5120421831506052,0.32273065613950325,0.5435441565450084,0.3497969672916013,0.14199002853798254,0.0897512907145812,0.4887026240763923,0.2957371484888362,0.37355275661258874,0.3816257411469508,0.6340199807562762,0.3238216864350867,0.19516473423369837,0.20711301805000876,0.520545707177068,0.407807248971496,0.29973378822785907,0.6073997324755471,0.48502104306465127,0.45575021270110366,0.4707945481298832,0.34225390583474385,0.25790143153177925,-0.0729352731266709,0.2977560666011272,-0.08044526004386061,0.027133266703494266,0.3906283824632232,0.33343040553875847,0.05502010460579431,0.12610231759098117,-0.17505075241279203,0.11558070879150852,-0.30303760805910573,0.09316091474890416,0.07872782992706992,-0.3368773628071092,-0.4821450588827585,-0.3184736552994726,0.11652493033601122,-0.10869010667802044,0.39812623996270746,0.5920408291142573,0.6707111239438658,0.6925721238225058,0.49427542320950524,0.3751302108961721,0.6106248912133982,0.46855911004078465,0.6076892793543094,0.44078834348054885,0.5572184548142421,0.31594718540555233,0.5526918530469395,0.37933353944143633,0.39074733282710905,0.15696527260347048,0.4183395121849399,0.4540718447247287,0.4287631978197509,0.5046437689978867,0.5492280395477178,0.6394087192933101,0.3673667241049854,7.254328619247669,0.7581324843116681,0.5686678361422954,0.5179705628536683,0.4970903943704648,0.39839972316481004,0.4922161008082513,0.07243320702284253,-0.026845851987181108,-0.07388147790040904,-0.26778638525982074,0.4415543544831971,-0.3436831478704661,0.40901115877765853,0.257458499027984,0.5115288927600209,-0.2361892857335442,0.21477374344989136,0.6649334375435406,0.7567998830461077,0.3023523209998642,0.04209113151231511,0.19598061033666425,-0.35831608827283995,0.007502038384762024,0.1471680765984638,0.08278749624825801
ROI_075,0.23621070851372364,1.3531349396962524,0.9313641037391356,1.0672356995913568,0.6414924779964775,0.6057087619430442,-0.007647588847611706,0.8868678342122459,0.772102794889293,1.1110320575683386,0.8290450167630158,1.1351466534103494,0.8093471214725936,0.47877529393850654,0.44992455042631835,1.0382770151537686,0.7043757182955162,0.805119102535043,0.6339506812195617,0.9201052478530957,0.9035820780201276,0.39962623066075953,0.5040215420964771,0.6556260758581471,1.00738461767434,0.3502776751278942,0.39620579274126394,0.8003683288052986,0.974072530569566,0.751397883185489,0.801035744851875,0.3969811173935901,0.21662132994994146,0.49465242594630243,0.04251613965640759,-0.11848518900950952,0.693877155766581,0.028584634210954547,-0.338438236698407,-0.36056621200184735,-0.3451889281477428,-0.2232411764503123,-0.6773209587633222,0.27550013384210575,0.14235727304045664,-0.6099081491599486,-0.8148810357753631,-0.13110857883892266,0.0858501817238842,-0.3670826282816804,0.764331586175007,1.266885888835139,1.3774022315410792,1.0752878178516534,0.6651927867411807,0.7885586772336426,1.2476424401698174,0.9643513620267057,1.2853007471183493,1.1300838981944044,1.4800988587623207,0.7149863626794367,1.1965824212379852,0.7902732616212429,1.0484848204312347,0.4528245761624952,0.5753211406753127,0.8842208358345419,0.9488826772345637,1.0884939294079774,1.093166718965567,0.7158080326561711,0.7525783602968125,0.7581324843116679,7.254328619247669,1.104051042089545,1.089529678937567,1.1282351335623837,0.548512856274705,0.5380509811003995,0.3566734917485059,0.09364165870441059,-0.11438631149947114,-0.045182573867912995,0.399098504105598,-0.546329659705983,0.6787519687864306,0.41628632953254946,0.5688389489586552,-0.5166509224294897,0.1871987626721557,0.7364346271177111,0.27977982911037813,0.2648621564892064,-0.035090094924087316,0.33096348199953973,-0.6673067722332777,0.24018569820014646,0.12886360238645608,-0.3345511499574536
ROI_076,0.2337561928490728,0.7511981259387124,0.5785259102480477,0.6717535743046711,0.36143221838893064,0.43602670241486996,-0.16542531109876724,0.44870726337426914,0.5997413832005196,0.6842078071901286,0.564654361914788,0.7143329393990997,0.5349131059906185,0.3245948774773719,0.36278168148189105,0.69309154288446,0.4518073598125773,0.5153570330891021,0.3756738600969897,0.7270158589530406,0.5700891328694772,0.29548164354397544,0.34401988848981907,0.44091157760117883,0.7385906362947935,0.3518329923072968,0.3394492096592499,0.9896866918153535,0.8129522882374111,0.6751177280179126,0.5447422209618408,0.31878920038993064,0.07228410180128696,0.39650023166672765,0.040297670139060625,0.013719134384648833,0.6400895716520515,-0.039744033771461906,-0.3718476440771905,-0.4235191159378297,-0.33859971807729605,-0.09303744323161477,-0.6057774746900602,0.3268094865369135,0.11205245638852765,-0.47291514712775506,-0.6630892081360233,-0.07637028734653148,0.11856415284954396,-0.3034941565587053,0.6801682892500323,0.7426918805880032,0.8850737268413188,0.6909625847565464,0.4749907619823727,0.591136235304887,0.7250059975702132,0.6827033101453152,1.0273271204930694,0.8305489777620763,1.0042993889916372,0.6150028449754177,0.8732696190290252,0.6262489006629898,0.8586184754516857,0.34903735410215725,0.5820281815952777,0.6498769208726405,0.7780593121246129,0.7426322867663383,0.8423658804225166,0.707842040983893,0.6830668224185675,0.5686678361422954,1.104051042089545,7.254328619247669,0.8750567459021382,1.152461839854947,0.5877951420170161,0.5781017451978551,0.46406167298048673,0.12040840643660933,0.05916869592572244,0.12857449844629204,0.648199675189892,-0.32855586703169715,0.5373556404221852,0.6212127928162053,0.4421099292495657,-0.3996519043580751,0.19109762999217275,0.7724727316488338,0.2976942134236199,0.4311889559355338,0.23827597414795026,0.4373548165034592,-0.4612861413467898,0.33949214692362584,0.23309465256344614,-0.36524719972570036
ROI_077,0.4137221903698807,1.2757790550098613,1.1524659313846408,1.1544667373826567,0.8454700256589043,1.0300935450068638,0.40173653669454795,1.0227951673506384,1.241062487647639,1.4704161200391968,1.3105195195795327,1.3255474082573955,1.3457781521609107,1.0434556251499172,1.0991363098688065,1.2219559793189327,1.0792780482859607,1.0568373147358492,1.0286383201570963,1.4200274930305932,1.2747075514906805,0.6402094835474441,1.017085776760007,0.4497658632902305,1.1797340970681263,0.20176854223181773,0.2885791834241683,0.9280074329756933,1.1634841793002417,1.087370020108087,1.1362265426420688,0.519960334685622,0.4663508375614136,0.7364233905453513,0.2260321890992859,-0.15212330070387917,0.9705864399528452,-0.04753078012756927,-0.2013770647991436,-0.39712191544979486,0.03377378275618738,-0.2090203701541222,-0.5274944703400573,0.6569163367462028,0.3633298007058335,-0.238570565282428,-0.3907808092446218,0.2988929856636719,0.35060516524806656,-0.07808495911729922,0.9021202688770694,1.3294786239636867,1.3131673348714488,1.1701748329461346,0.9833986507524146,1.2746157890000873,1.0203913143057133,1.29458381618851,1.432108665990837,1.4860869103048275,1.523648193555477,1.3994998686417535,1.541724119314013,1.399484807951664,1.4988215894128971,1.0784769127762082,0.8508182335884891,1.3667171721693798,1.2636177183427628,1.2679236823218243,1.4288237940826953,0.8229025677178119,1.1741603012555666,0.5179705628536683,1.0895296789375672,0.8750567459021382,7.254328619247669,1.2272372172240336,0.4672262304252547,0.518561653054245,0.6681712994104018,0.3511415419379516,0.04641452136446899,0.20186355552569465,0.46596199125835375,-0.21093643492565456,1.0136310308346606,0.8256719924304218,0.45431145463174993,-0.2685697013945537,0.25934939543043684,0.7882656455559545,0.2546502779089256,0.2202369129053597,0.04383336547081301,0.629682177999951,-0.30370846634900023,0.6698369229359277,0.40280859142412423,-0.22286403888406184
ROI_078,0.2143754272917276,1.1258207037166261,0.9314359591773055,0.9676832212526617,0.5875974092062023,0.6152069401559463,0.0638816278944654,0.8284138249142032,0.8537928649891736,1.0876075385068673,0.9997296642711523,1.1978814952289711,0.9832335770649017,0.7250762050303484,0.6879176439092973,1.0368276052612233,0.8126234026990717,0.947064406126009,0.6999813852920636,1.0032734183489855,1.0521845504171783,0.6084916741701237,0.782368634913631,0.6868750245044531,1.0995182195854283,0.4632544851216587,0.39059500809842734,1.0180396940853589,1.0190854568166705,1.1511471422473347,0.9082034570666889,0.5740833871214703,0.3581354993691056,0.5870411987338631,0.2246182483726911,-0.19969362642372002,0.7138305844586346,-0.05762463297945148,-0.14634030875254783,-0.3025719285808791,-0.16261487827684268,0.007590504126493782,-0.3935827680538204,0.40530566465263695,0.26567521407150574,-0.38673937492532895,-0.4837785056194349,0.06510298459017531,0.08369711642895207,-0.3363848013942179,0.7479953920434121,0.9936219300933635,1.1488830268110461,0.9270886198811873,0.6251384531356374,0.8019590689652186,0.9067006868394971,0.8836265089963381,1.0609032816149742,1.0360145460571608,1.2072488659166953,0.8728019663873057,1.1620204848437925,0.9105492590711293,1.2853405504054876,0.6727165678686061,0.44123286187252475,0.838789992543439,0.9800716087539949,1.0684114173536083,1.300668057244108,0.720570048840243,0.8767107397152972,0.497090394370465,1.1282351335623841,1.1524618398549467,1.2272372172240336,7.254328619247669,0.48660001125155766,0.6032537849518446,0.5034330217725993,0.11782843708678949,-0.06298828666840661,0.06523906927692547,0.44237417147794156,-0.3835534852824769,0.6966812757059089,0.6713364896737085,0.3319338677839913,-0.48272865483192634,0.17266213662754434,0.6414119514204124,0.25397288116948724,0.288048073718747,0.0967804929970651,0.4900787122016869,-0.47549653670762576,0.3208672359020585,0.1270090907278046,-0.3964542422543403
ROI_079,0.16682481492557566,0.3686928817269449,0.24762844087338276,0.3227427831172799,0.1896600626331634,0.1885125518919487,-0.1602436979370742,0.10747344601724933,0.24447477387002123,0.31780340242730976,0.24604466661314534,0.24838389071849942,0.343352046064488,0.17565651669563082,0.23607016432988503,0.38626038171970684,0.30540079086733374,0.22487978464935465,0.27360963566879126,0.33858947148351937,0.2453889107132076,0.1964462363076838,0.25103475648920787,0.2923798954461163,0.23646652257181217,-0.1496878243621326,0.12131250949007323,0.3724411908828433,0.3348155240718256,0.43542027799992883,0.6239930170270316,0.28273702545678153,0.16464684840501545,0.27669458340430186,0.09575873981632048,-0.08000410905088495,0.46859963017410994,0.09040074427140382,-0.22138330932255573,-0.2542035309952951,0.12096075962145984,-0.20528470349501907,-0.2889676941703757,0.324153024240201,0.4235103195395209,-0.015825279402955767,-0.20155194719392067,0.008244741069105003,-0.11786305055376396,-0.19449983698853912,0.9112475626303723,0.5384349576486062,0.5666090268154114,0.4132661714424533,0.3240066187259159,0.2216077841816657,0.36614272439624024,0.38354714259170836,0.6705622253283979,0.4892610494587983,0.5023467290377314,0.4800207605330011,0.6047785350006095,0.4471650090022469,0.5683794982136666,0.255179089310751,0.5683017200596066,0.5256149858985941,0.6760765568375895,0.5435838327174025,0.3046734934665261,0.6640966124406287,0.666230111524992,0.39839972316481004,0.5485128562747049,0.5877951420170161,0.4672262304252547,0.48660001125155766,7.254328619247669,0.7219294215949573,0.7082555343799056,0.4509092324086804,0.657985320263748,0.2400722428815199,0.7701865214423431,0.1559613701880535,0.4476669517175885,0.4238614009258579,0.2726057495464245,0.2699274206091304,0.7373025532064846,0.8702601002442896,0.5228450845474691,1.0135401105641955,0.5855556507942101,0.5191933575485478,0.051504271136095764,0.4626149775872378,0.0306274292406758,-0.23281830462622696
ROI_080,0.14864520765295391,0.5381305368112609,0.4725328172373481,0.4171933178610785,0.23949477579835146,0.18364062007718293,-0.1112098891610699,0.29746044381064163,0.2729150042364575,0.45089946599524644,0.38748617125459717,0.4806152478849246,0.3846462060892169,0.2396035568855702,0.1805674255260127,0.4346623894288356,0.3124963986598467,0.405296986118702,0.32668211045209755,0.4203198196935171,0.3093878098143167,0.24312947384669373,0.4421378121786508,0.37338997855425027,0.4617499919448534,0.09949817584026643,0.003219100225874538,0.2748186564780124,0.29837880383522675,0.4305921366070929,0.37594590428234126,0.6842162459837966,-0.02170871289440497,0.3534032961168478,-0.008573580580270548,-0.1474000205175866,0.6515810629749991,0.2549470598421253,-0.18816360214265687,-0.12211006569531353,0.0005098911338259044,-0.09607088339449156,-0.20197733416654248,0.132984652182659,0.16678937790022333,-0.21873835345948778,-0.2453269347800908,-0.0004903611271986808,-0.10788315297575092,-0.10384455697227916,0.7357029063211136,0.5752573463216191,0.5838236480174779,0.4849674931832946,0.22102283309169138,0.3227423851095452,0.37356868999334975,0.3325725555493837,0.5376512824558686,0.47159467432424645,0.45155044459156735,0.3515756797039459,0.5636516417621947,0.4080037601031665,0.5026563796733636,0.22330548120624283,0.47794330351631914,0.48646676243620657,0.6083115365441846,0.6329291492630197,0.3696603114702365,0.42689695871177613,0.48554767300996216,0.4922161008082513,0.5380509811003996,0.5781017451978551,0.518561653054245,0.6032537849518446,0.7219294215949573,7.254328619247669,0.391064665699295,0.17471865349076196,0.12162597314161648,0.003944557179415259,0.3427411721385741,-0.1581423759554926,0.49266589505153785,0.26012469322073833,0.2904653015751993,-0.00014811117525787696,0.18432758382942338,0.6404225997396084,0.27970127421145174,0.6465211451575362,0.06398039790755673,0.14709964366172332,-0.27522995521167515,0.20508086241003873,0.0813445691754969,-0.12209298225496108
ROI_081,0.2545580989621987,0.37457324081955523,0.3612402064444359,0.3642091856969977,0.32513887205682135,0.42265206540041134,0.32301301436522195,0.21145255705063454,0.5513953015902848,0.4522814139825601,0.5564924246512872,0.344233818743477,0.6336455938630904,0.586680988466638,0.6515210234252832,0.5790622859760572,0.6754404473173636,0.4283487825941953,0.6141928231336579,0.5245622940655954,0.536007910923631,0.5464246953240771,0.550244073390702,0.3003377559102812,0.40115338653342225,-0.20865769273077242,-0.04761284046016179,0.4005412344876701,0.39087483670123363,0.4890289811712253,0.815188963839511,0.2935698980646009,0.5070254733669544,0.6546297919065671,0.4434956929905595,0.00125214145216493,0.6388588680687144,-0.3934777119281045,-0.12529762786520277,-0.24968499822559861,0.6516288058109011,-0.3169939577454536,-0.15564669171769854,0.4704503741445026,0.6550817735019773,0.09627094108477792,0.2156056820651262,0.5119599979353039,0.05179506306214362,-0.009444106539089786,0.7257114417333851,0.4633323368395557,0.5421787584121764,0.4786786197806951,0.4721989958216642,0.49885171314906696,0.281610078735654,0.6196513494974705,0.6549027210184717,0.5330906184005025,0.5355641610844435,0.8314204951649764,0.6455739540495568,0.6713398102043636,0.6737418629847161,0.6252810914894545,0.7036673514981546,0.6456878354781628,0.9617830883749774,0.5974125634449656,0.46465931310203673,0.6008304552323249,0.7914874936063198,0.07243320702284252,0.3566734917485058,0.46406167298048673,0.6681712994104018,0.5034330217725992,0.7082555343799056,0.391064665699295,7.254328619247669,1.2390684666709562,0.737419284116476,0.6244184112692223,0.7484367352929172,0.5285863803248242,0.8351896397441779,0.94540141202898,0.3391679657355426,0.41376169868796964,0.6865111073684734,0.455691412571244,0.27202184033601884,0.5434826431975113,0.6900379146967719,0.7487797209402164,0.19761805127706386,0.8903256072560518,0.09271942842308241,-0.24135449331983033
ROI_082,0.1641497319952255,0.12958487308610517,0.17110761342713163,0.16734219776099676,0.25879604861406363,0.3568336150000062,0.3549860242859766,0.01738926312015117,0.38992585308079536,0.1991874020703103,0.255720862807197,0.10259349743839291,0.3636257380059829,0.42226980797687375,0.432318932729927,0.3314387629238673,0.5450354423614758,0.26193714134000096,0.5190672532200372,0.3364242785181669,0.2709048413563849,0.4903173306886353,0.3856654931165877,0.043743127780403186,0.10307208674293818,-0.4372896405932184,-0.23158583982625958,0.0696079265417459,0.11944158051814972,0.23026924185768227,0.5201187252364168,0.09985318144156176,0.4735894399131689,0.6822236513805668,0.4198679696936017,0.22501141330954294,0.4642487691339856,-0.4000521464986988,-0.05195066807098984,-0.09252805001847979,0.8717622520103763,-0.38536425641114164,-0.10654651580328314,0.21937726723870837,0.5622152346778917,0.06430047732945153,0.37445916771684795,0.5153389542215844,0.0802323026008879,0.14444911210017294,0.44991505309488916,0.22980820929168502,0.27001750221683757,0.30483501690985587,0.4071527960768493,0.3169062009317966,0.08072305001171873,0.44726929132317006,0.3597261166861686,0.2878941770383029,0.24282995073772068,0.5055205118823615,0.342152216423442,0.4373336314369642,0.33536034731022446,0.4335165838865732,0.5795472254150753,0.42844414045619644,0.6715290722291579,0.3630228927113738,0.1762823031380138,0.39999903701204453,0.5215734090614377,-0.026845851987181105,0.09364165870441059,0.12040840643660933,0.3511415419379516,0.11782843708678949,0.45090923240868047,0.17471865349076196,1.2390684666709557,7.254328619247669,0.7796368355066848,0.5291312741058775,0.5198524995347144,0.7786980798561379,0.6341312696120172,0.5336667842107521,0.4128955851702642,0.6376184573103921,0.6094706329896239,0.3048544169303234,0.15332649571686344,0.35162236999655044,0.5988520923413471,0.4376119797184272,0.27146701216759855,0.7613085141384033,0.09124927909643926,-0.0772540206488773
ROI_083,0.14479897619896626,-0.152080021025312,-0.12707248725932113,-0.06423280236164192,0.04409648528404409,0.05175066344978372,0.16134772253906113,-0.25817044753969276,0.05763092646143185,-0.09305294980730963,-0.029079578347606015,-0.22084023720844326,0.038223675446595426,0.12241204701998747,0.1940543637656429,0.0423740423792149,0.0919908349285306,-0.11456433663640789,0.11399150889442859,0.04475249935784681,-0.0654637045928047,0.1699820000005896,0.08405636375480104,-0.16246355194513,-0.21500465620959477,-0.32728584589169346,-0.02939911759340124,0.07717006452581869,-0.01029032672943545,0.048466417347850156,0.2647328791746311,0.08762022830004079,0.2989112351300832,0.16804486086737397,0.5113552397332566,0.0369084788918072,0.16854330321678235,-0.15586590804666184,0.0060498629741939725,-0.12353779735679903,0.6330220688188314,-0.08797008380491585,0.19396856647183328,0.34307931780217943,0.7805791500071663,0.47509082745140535,0.4678593773859741,0.5201110087248108,-0.018034915920293444,0.12234882082543505,0.3351871512353905,0.007136131705247127,0.049102043176772886,0.03973582957101385,0.19461897475656764,0.02437709852896142,-0.08774938487929344,0.12676166343114517,0.17639259671360533,0.029945508418828985,0.012371655985018208,0.2434545115921738,0.10935421133734934,0.1877049655123452,0.1347509992003489,0.20007276584153297,0.4189723116290585,0.22325255925769844,0.28915198130237607,0.04003161226645569,-0.09364728519747342,0.31520637714188665,0.3835384605085139,-0.07388147790040904,-0.11438631149947114,0.05916869592572246,0.04641452136446898,-0.06298828666840664,0.6579853202637482,0.12162597314161645,0.7374192841164758,0.7796368355066848,7.254328619247669,0.8619858741061199,0.7835341761873783,1.0830268761041693,0.1703830871805323,0.4269466465836589,-0.001856718602220628,0.7948520031446444,0.7207616258153822,0.3283113762439369,0.3188690890613081,0.7285936776215625,0.9734425189494241,0.6566831504242864,0.7797430634875508,0.7259857626773243,0.056306463032111856,-0.10458761132129853
ROI_084,0.34080632381387915,-0.040201979118608754,-0.01727883327796743,0.08826428378965359,0.15555790035780967,0.2308828067815365,0.4028539260100861,-0.04605232290255788,0.26966047701362894,0.08556672726348126,0.28216891558344354,-0.010123761750797657,0.2035370701680389,0.2929177308195735,0.36311157309149,0.1261075186458484,0.1830541030838909,0.02163034942508044,0.13292018289774016,0.1547585039079165,0.07568111711256724,0.1670521908996117,0.2024591892852297,-0.26363200182746127,0.11926182451415318,-0.015888543268386637,-0.138817782975216,0.2652451706498772,0.06671859248511387,-0.012239270796271288,0.29424257118656344,0.12992023623654453,0.37368463081027786,0.1488545282356757,0.686503440337682,0.06741559597301991,0.26794214793314935,-0.3563058786269415,-0.1900833242134087,-0.3786128966787731,0.40423610151854505,0.04618206327895373,0.17039923337994267,0.5233492278282829,0.6622771436232244,0.3119080376813341,0.3293448800751349,0.866348845525006,0.23443999281218753,0.1637255577388347,0.22503056804057242,0.07166959508067883,0.12187104578810831,0.10901425107785186,0.2709367040410351,0.25148059709692827,-0.009648807542429395,0.25885243543787023,0.17772168066998026,0.1870477349739505,0.14646862689425685,0.33812983696433746,0.159224606752517,0.3222369020791052,0.23709432430817373,0.3759291040953802,0.4986159588538636,0.22112124778942235,0.2866616640141521,0.08660633337219371,0.011271890490829238,0.1455207500480112,0.40826232992504075,-0.26778638525982074,-0.045182573867912995,0.12857449844629204,0.2018635555256946,0.06523906927692547,0.2400722428815199,0.003944557179415259,0.6244184112692223,0.5291312741058775,0.8619858741061199,7.254328619247669,0.4331630423542047,0.6158536072590994,0.292239100709351,0.5839573230103849,0.001271208969713245,0.33374335020746887,0.27124377150934964,0.16027675442600664,-0.07234803381402714,0.3742901478862538,0.4564188425250683,0.6649612734425241,0.532097053432312,0.8249793939071899,0.2568158113017958,-0.1493027559112425
ROI_085,0.09162072446174534,0.2779409688075189,0.18532053008096783,0.2925606184673442,0.2852401657654644,0.30754506485491573,0.028745730755699642,0.08211753361764626,0.36470464018515314,0.24648379909986126,0.23846119193246348,0.16712950459429782,0.2736128523281795,0.24281733487780877,0.32543922014606813,0.3899922717350945,0.3242260382477114,0.2397232882140513,0.30802014275206785,0.5052696425703896,0.27292543215076626,0.3014344097268803,0.19069332343076953,0.2648766649256484,0.18034743585346508,0.02515426593748716,0.4972474010292307,0.6553665406525422,0.5009417674647932,0.4438079760729271,0.43467261788722883,0.15589393736302365,0.18005667224064867,0.3826141354022997,0.3690888979917895,0.11856758530068887,0.405671371870489,-0.09261649211646701,0.06405812665723334,-0.08376828842844403,0.23988736243575526,0.01654137978035929,-0.15254881314940275,0.32665065015501027,0.5281619687889417,0.07166117524878754,0.020576335978090665,0.19220743123664183,0.06204151074641693,-0.06344666282345933,0.4819244746291836,0.3243309693233626,0.4258235757749544,0.3965117305420828,0.45100464148985303,0.32555802657537275,0.32145765648242947,0.4432758919160181,0.5718744971885734,0.3360578567727477,0.43074709179602144,0.49022625969038847,0.47214581403408395,0.4291206007906253,0.4790328716674244,0.31101120330243115,0.6434501079298051,0.4671978361637583,0.5918728648596329,0.376187429368215,0.4379753500764866,0.6945590691331358,0.56284009859683,0.4415543544831971,0.3990985041055979,0.648199675189892,0.46596199125835375,0.44237417147794156,0.7701865214423431,0.34274117213857413,0.7484367352929174,0.5198524995347145,0.7835341761873784,0.4331630423542048,7.254328619247669,0.3808657391808892,0.38162715671311526,0.860001077886723,0.3656294224496114,0.22075674583113675,0.6500519722125335,0.6522761101933332,0.6993070303753761,0.6893289161811728,0.8089909419569682,0.6543375896914247,0.21149722323300182,0.6308663018115115,0.17729037532306047,-0.1673470838635745
ROI_086,-0.056792080509507674,-0.47699974579479043,-0.36418468472019727,-0.37073700909672436,-0.12543604049978044,-0.10651653849661938,0.27586195706564975,-0.4501630257660532,-0.1780395734495416,-0.3665134553726171,-0.2467744553227256,-0.47826052020689225,-0.1735665300416705,0.038126788124057794,0.11081953609003191,-0.23867696375657485,-0.025592646653184937,-0.25777587282925357,0.045606512090536525,-0.18611995212924784,-0.24045120822499985,0.14909378502629206,-0.00483254851943489,-0.265110828410184,-0.48539526144341455,-0.5185927939825442,-0.2518536007604148,-0.2573319602087,-0.2823928675252923,-0.15140866031294278,-0.029054631385529658,-0.17257905430869938,0.21466272473531992,0.07385023304871252,0.42897320943128564,0.004566416234790492,-0.11698164319150718,-0.3125184206501815,0.2364777305834923,0.1410235253367001,0.9952993895230651,-0.06327191016773706,0.4350267924263348,0.06031538812624154,0.4447299399387169,0.6341228142308961,1.0215079059388477,0.5000233726482688,-0.12070009842413272,0.2151649946906105,-0.01593333962619199,-0.3304899054102037,-0.3325756053209862,-0.252405702378845,-0.028328835249249534,-0.18766009401225336,-0.4226027160200196,-0.14794672795504496,-0.20136218973840242,-0.2891740676342386,-0.354252122243299,0.03935212722073609,-0.22841297880471326,-0.06104774982351644,-0.202328486254276,0.10004594580978844,0.14292717951565453,-0.04703842768730143,-0.007969186751892825,-0.2410319904110272,-0.3373739268787149,0.08483584712986318,0.06345275115982475,-0.34368314787046617,-0.546329659705983,-0.32855586703169726,-0.21093643492565456,-0.38355348528247685,0.1559613701880535,-0.1581423759554926,0.5285863803248241,0.7786980798561379,1.0830268761041693,0.6158536072590995,0.38086573918088906,7.254328619247669,-0.02685867783361954,0.25288359831185486,-0.19926542479386378,1.1887330867928565,0.5569129967040308,-0.06121641680148149,0.22020245602830643,0.2930107201052262,0.8071347548565375,0.2659226194444491,1.0187995240251253,0.48581966017722766,-0.09322070849174419,-0.011570990084122728
ROI_087,0.44336911228299164,0.8040440587965435,0.7233532686682823,0.6912754890097325,0.5717903572708846,0.7224424227973627,0.44750235364672847,0.5619884467327851,0.8844276907184352,0.8800727923535927,0.8923500931253348,0.796107967898468,0.8769562449546431,0.664227807907747,0.6346040143309979,0.8309492150069205,0.764527447215603,0.70085928203902,0.733679499201396,0.9327647167705116,0.7990629335675258,0.4478529152941067,0.6662185010973527,0.36107890456319564,0.8918973423670763,0.07433266391248647,0.02718460310698166,0.5345870914293389,0.5314981832115153,0.533893551754098,0.9041630186821323,0.5216005744790324,0.4315009903545059,0.737270495888584,0.2642251387851191,0.2056040152912207,1.045997920415121,-0.09932675747943828,-0.26340420247285773,-0.20017366791959612,0.2900558702397957,-0.19803632108615565,-0.3936923846297355,0.5096794171442139,0.5063375878637282,-0.19036160526647275,-0.15698894432468272,0.4563164312569487,0.3704655812235315,0.16012033401635234,0.7041866655628066,0.7885923495835455,0.8489112266745157,0.7862260315033562,0.7096240655299975,0.905719100522381,0.553347264734132,0.8548902534132816,0.8427971274641501,0.8406060605778437,0.8225471110325508,0.7923443265805319,0.8651623334590887,0.841968765557411,0.8834272896496875,0.6524753380519527,0.8645539477642779,0.7773106539161312,0.9925683647082966,0.8449248558590223,0.7217764258407456,0.4514435851234298,0.7413723766200215,0.40901115877765865,0.6787519687864307,0.5373556404221852,1.01363103083466,0.6966812757059089,0.4476669517175885,0.49266589505153785,0.8351896397441779,0.6341312696120169,0.17038308718053227,0.292239100709351,0.3816271567131152,-0.02685867783361954,7.254328619247669,0.7782708549850004,0.7736398758289778,0.008321649921679754,0.20182129092165832,0.5050834257563063,0.07486059659509024,0.26258249907589565,0.07478303262260437,0.5991399827342809,-0.17875684081858068,0.6021395473797602,0.41330015065043146,0.0524954512032985
ROI_088,0.3020331432877779,0.4374206698414695,0.34973052605853305,0.415012024941729,0.3920187337334525,0.5339506025219674,0.4064808273668898,0.30509451050642117,0.6717064488354674,0.5147120383153825,0.7074842387509566,0.467855898212905,0.6488985861181965,0.5769065715194229,0.7040892494060359,0.5509064968001707,0.5394526249367898,0.4600891484194407,0.5135754829774909,0.7465252730086518,0.6176119557348702,0.4516762746247262,0.4734258104598467,0.28804837590170007,0.5973439655851243,0.20890630418479425,0.28329761536017123,0.896520596333382,0.5853144464950792,0.6107803671755712,0.7182307190615268,0.29014881005351484,0.3832872284134899,0.49231056417357993,0.47368676944741167,0.14255971831420278,0.6309177962815972,-0.24307399895274212,0.004044555891491992,-0.15518057727007487,0.3343119481555144,0.0974525728044445,-0.1407288402072199,0.6599807007923832,0.6001423342670625,0.12122379082994128,0.07501222068747394,0.49767710033673035,0.3990339699489118,0.1134968524933585,0.47430430039300175,0.40373241038408036,0.516302612301638,0.4595860618709469,0.5369334561239226,0.6063485604973949,0.31718419307498136,0.6140681707391946,0.6144051126822234,0.5498899340286203,0.612248565246147,0.8065642064563774,0.6332699642972787,0.6717286298419501,0.7012532574769467,0.6472976894102951,0.6695516526250752,0.5678387624301217,0.6722064674919013,0.47231300538211757,0.6505303934741028,0.5608330422946235,0.6403422474745079,0.257458499027984,0.41628632953254946,0.6212127928162056,0.8256719924304218,0.6713364896737085,0.4238614009258579,0.2601246932207383,0.9454014120289799,0.5336667842107521,0.4269466465836589,0.5839573230103849,0.860001077886723,0.25288359831185486,0.7782708549850006,7.254328619247669,0.38622397586751644,0.07800228771533099,0.40338238614455785,0.46622544139259453,0.3283880479121969,0.37646024227514435,0.5234437792454288,0.9069266031906884,0.1845191004283797,0.7503036793104821,0.38864802533681314,-0.07920946973526036
ROI_089,0.20652915121483595,0.47759698437928305,0.3574320933776274,0.3958208064215089,0.3234435916561646,0.3950626764949699,0.13210028218657505,0.25049689733440134,0.4637998590952986,0.41045818002807516,0.373369530075178,0.3903878775829219,0.2799859680791579,0.13198515519822906,0.07100045467093845,0.4421151198850908,0.3669520516516451,0.38649327592466404,0.28319403632299023,0.5955558613900621,0.36193017891069973,0.20564445281100352,0.14466234924718277,0.31969120876383483,0.49144653053517984,0.15615998397390657,0.18129200755154645,0.3842964467272003,0.3281767775066252,0.2610285350888815,0.30982847868097385,0.19560258885002577,0.09204283390111086,0.569880722908129,0.07755604871561084,0.8021737198826466,0.6428131201909543,0.05561521933745355,-0.14598654115543103,0.08876341931967081,0.053354291175931566,-0.10001799044179674,-0.44227400255246424,0.041788720822095914,0.18109462993406916,-0.48799034719715734,-0.29141828832965005,0.026163306354954237,0.3720209537395344,0.21797987469660945,0.28206065133241337,0.34118855696160794,0.46738792885153535,0.4307456304198361,0.37698661535422845,0.4351342272378425,0.344387456205423,0.4684283611068754,0.4432613518997783,0.36803692511825065,0.4790729614031448,0.18536580251069024,0.3632545639712729,0.25867641180188305,0.36162838498358596,0.055911472059283936,0.5349183296862675,0.2899771295766881,0.5065187274792557,0.4336447433321435,0.4287576908513349,0.17503015765009558,0.2174315528429514,0.5115288927600209,0.5688389489586553,0.4421099292495657,0.4543114546317499,0.3319338677839913,0.2726057495464245,0.2904653015751993,0.3391679657355426,0.4128955851702643,-0.0018567186022206282,0.001271208969713245,0.36562942244961144,-0.1992654247938638,0.7736398758289778,0.38622397586751644,7.254328619247669,-0.1540300654162865,0.0004943895983117994,0.3460029095740348,0.04448281387378548,0.09531616826593943,-0.0026752893103479253,0.18086687518892045,-0.3895876286821609,0.14673169057950564,0.351999544134909,0.23916227992467282
ROI_090,-0.030392165291282903,-0.4870917636389825,-0.44519009490153083,-0.48092509548818985,-0.2737093621660737,-0.268006441847993,0.13799328663192909,-0.5592653237901996,-0.35575879553155865,-0.46881241484179753,-0.379896262292977,-0.5961091136282936,-0.30445009006579904,-0.16749591218392057,-0.055666885259349694,-0.37874161654370947,-0.22743572843871676,-0.4044563897431109,-0.09646372373526639,-0.2810743722891374,-0.37814154076393103,-0.16256508012008547,-0.1250583510895832,-0.3018228376300966,-0.5732369957042087,-0.7759694973838688,-0.4345258196907378,-0.41885183670719517,-0.4170775325584661,-0.26852241341996647,-0.08682809106959302,-0.21300132613022255,-0.03698763020662382,-0.11500147420342667,0.014694639945394645,-0.02878512431729156,-0.05339418035048404,-0.11263713935768492,0.07396044286206378,0.21527904031477507,0.8323891944870445,-0.2511731175717334,0.2981619843554052,0.07276110176846716,0.1953929420988174,0.7887263603037898,0.7674014786289668,0.3001483687227861,-0.14720206722362755,0.4025089360232355,0.0474962809843111,-0.29397713864298664,-0.3270363011103498,-0.32231363394667206,-0.17738169943516352,-0.3166686470582516,-0.45422505950926084,-0.2832515547199125,-0.18941014564680597,-0.3191647284478882,-0.4192842635798311,-0.0765751219921739,-0.27992668655919717,-0.16658063307907978,-0.26819654017576905,-0.04227839085297223,0.13217479846832653,-0.12498132566314872,-0.08248475803983485,-0.2552290989636904,-0.4288909583671304,-0.007758754126301423,0.007682160263429523,-0.2361892857335442,-0.5166509224294897,-0.399651904358075,-0.2685697013945537,-0.4827286548319264,0.2699274206091304,-0.00014811117525787693,0.4137616986879697,0.6376184573103921,0.7948520031446444,0.3337433502074689,0.22075674583113675,1.1887330867928565,0.008321649921679754,0.07800228771533099,-0.1540300654162865,7.254328619247669,0.6616345333979252,0.009337192103268572,0.2552091666804295,0.41841150186882003,0.595369083381005,0.13838446044694633,1.0153608538008876,0.34425563862655184,-0.07412399431828623,0.2699310513279376
ROI_091,0.01869195712852723,0.09458430798922188,0.049174495794791405,0.055999686647533874,0.10632390070478057,0.08619746262230008,0.07410511563355995,-0.04431201464789694,0.1024217772803306,0.0653035511801525,0.07027491405271277,0.004213451258257282,0.19064653141383042,0.15712827309383712,0.2854964326642077,0.14875162205128453,0.22496454490607473,0.0746426487146209,0.2986316353685018,0.18204567380857697,0.14165730303696336,0.2170122991458498,0.1914589127953539,0.16344621533162582,-0.11885220274683311,-0.41228202522614205,0.053003284194803504,0.11026943600702284,0.17051857958600813,0.3211048566112723,0.459137853040265,-0.10341337370423977,0.13451181050372693,0.1559739900524417,0.09160395947912017,-0.227931385735609,0.18660172404900371,-0.12114148839746028,0.02563707064704707,-0.028625718325727762,0.42722092576355275,-0.25349518453086417,-0.08883312030630502,0.30134533733482366,0.2778068519305978,0.31804533691566766,0.14624356795108118,0.070202994451913,-0.1956743388020584,-0.0837376204191185,0.5122107373960407,0.2726677384039032,0.2697925010502848,0.17912065319323484,0.22680981998646726,0.10186924004398348,0.1453947115751234,0.20828184648027476,0.43864360584935197,0.2035603589772122,0.2110689308843488,0.4207730932144312,0.3071377237276896,0.27202839321365296,0.2785120371817441,0.302167327978282,0.3888261342140288,0.3265736927965004,0.4025257630099718,0.24638456523409694,0.18656547747928692,0.6331844125294158,0.5463196490723611,0.2147737434498914,0.1871987626721557,0.1910976299921728,0.25934939543043684,0.17266213662754437,0.7373025532064849,0.18432758382942338,0.6865111073684734,0.6094706329896239,0.7207616258153821,0.27124377150934964,0.6500519722125335,0.5569129967040309,0.20182129092165832,0.40338238614455774,0.0004943895983117995,0.6616345333979252,7.254328619247669,0.5650662257437404,0.7907754595065499,0.7040897813635218,0.8373866346872887,0.44521174662655133,0.4361585548316897,0.49593234392512014,-0.09548880643747507,-0.11467690292723749
ROI_092,0.30735323459128555,0.6223917746632511,0.5179053895826147,0.6152700768347148,0.4718361436768533,0.5586681523109596,0.04970473414290969,0.3740908393285141,0.5444067927862367,0.5540538646486065,0.42971337134765564,0.5383304466718867,0.5029478798772774,0.36035002744697586,0.413372105229644,0.5619383275043044,0.4595888219005284,0.4239566762837626,0.4886674337493728,0.6585242642335717,0.3763982475488374,0.3002269504755957,0.41997830123333807,0.18372734707242575,0.44350674992840133,-0.0011324471877292084,0.2103030886562833,0.6302811637535343,0.5588443331933297,0.6728872791408751,0.6098001463664544,0.29108654538989726,0.05386532187682485,0.42196081305746586,-0.027383828484935868,-0.05850538617805529,0.6905434336570663,0.21509396225795832,-0.15814579529653786,-0.27238136041237465,-0.03600364841651271,-0.09950928852753461,-0.4641546421074095,0.5077873606437949,0.22483579978051604,-0.13596607589763862,-0.44518309739274065,0.03740707040279388,0.24526302356383814,-0.055287012056434603,0.7954582828129941,0.8048444181246064,0.767468923460272,0.6734579529584175,0.6470619416695383,0.5435097738661474,0.6288996265808209,0.634885067984267,0.9656286394906635,0.7559004561041035,0.6937448850277329,0.7015367572515002,0.774502382499564,0.6996744553297854,0.6557438915205894,0.4389214582987371,0.7425243464650667,0.7652970650561094,0.7430973885551005,0.6949425747062187,0.5589510172437475,0.8760888684897268,0.9272996951016621,0.6649334375435408,0.7364346271177113,0.7724727316488338,0.7882656455559545,0.6414119514204124,0.8702601002442896,0.6404225997396082,0.455691412571244,0.30485441693032334,0.3283113762439369,0.16027675442600664,0.652276110193333,-0.06121641680148149,0.5050834257563063,0.46622544139259453,0.3460029095740348,0.009337192103268572,0.5650662257437405,7.254328619247669,0.5888843395430395,0.643022562168831,0.32378559387438394,0.511625557259911,-0.08117164738737634,0.5296267588430382,0.4080190381139189,-0.12358150403296549
ROI_093,-0.13505557445535174,0.2357385869056166,0.16459642355894302,0.19204897083866287,0.2630476199115259,0.10473532583950856,-0.017595580562819887,0.11382001637359715,0.09750350830082043,0.11718627649607244,0.02303135138863404,0.10689962938821021,0.13861122366946876,0.04850006987734893,0.13898402354902648,0.18747128695501533,0.1798854913938126,0.14520835574439314,0.27579715417478784,0.2758892660600894,0.10576322796216826,0.24683306078857895,0.10491617887563902,0.43125849268267186,-0.0035156984816378137,-0.07808547666737295,0.5063367877989916,0.306955787407144,0.3339001753038094,0.42399574843207316,0.2513110659035602,-0.03349926177431444,-0.04796889703817241,0.16684282348503196,0.022579168998390582,-0.22457984765460207,0.08536560836490284,0.17733160597029565,0.40171383916060593,0.26131136719376785,0.18689210000462267,0.10137497534318059,0.015127026110247289,0.08676514441664149,0.12187570773337772,0.14636418751867672,0.007254881711754669,-0.28632063186422335,-0.15289513354122455,-0.16345813472934537,0.28482375738668686,0.2590030461419171,0.2828293432776208,0.2824095796956565,0.2880265850769193,0.08453890012500438,0.27346380029500783,0.19476955038498817,0.34276099077821304,0.15515202320951643,0.1927290043518187,0.31339886031225067,0.26823969872389075,0.20550651494833228,0.16390879712290973,0.14677386507952941,0.23713247478643254,0.29385839914427037,0.26015043228776624,0.21357209078406392,0.2627382157121963,0.861505342359398,0.367197788308649,0.7567998830461079,0.27977982911037813,0.2976942134236199,0.2546502779089256,0.25397288116948724,0.5228450845474691,0.27970127421145174,0.27202184033601884,0.15332649571686344,0.31886908906130806,-0.07234803381402714,0.699307030375376,0.22020245602830643,0.07486059659509024,0.328388047912197,0.04448281387378548,0.2552091666804295,0.7907754595065499,0.5888843395430395,7.254328619247669,0.5031514153071878,0.6411100591771806,0.23450949063945326,0.18715482060667532,0.12754169843158453,-0.07226655344789908,-0.08142913369424574
ROI_094,0.06898916342812877,0.1266718652794332,0.02071454282921335,0.08684279728222868,-0.0017521595041253288,-0.04400202554130186,-0.2065200280558017,-0.10707175749753264,0.05703064625404943,0.05345615498034839,0.06452418164559602,0.0014550885551796416,0.08589650933050033,0.01099804168178952,0.07499263374743254,0.15472148215638268,0.027981248147577516,-0.006143694936963358,0.054396794788970144,0.14443585950016766,0.007376826288183015,0.04268468929248328,0.07711643018991217,0.09800540674316428,0.002120686185259146,-0.1915729759741287,0.049324131564352856,0.29343933030786173,0.11779341744618707,0.21369279826730211,0.305341130645492,0.19061273356963884,0.016589603674127158,0.08681915445825746,0.1063483798636538,-0.07627302519908027,0.40966658711773163,0.1479918123169945,-0.19411923823321725,-0.1378893642180786,0.1384660377045362,-0.046460421700241054,-0.07100645276392975,0.2871808642460909,0.3402062119332759,0.20692976344532518,-0.010968102391791565,0.09424497700500958,-0.20462302432797816,-0.06616399069884592,0.5990007859713772,0.30189819223704895,0.3422596871351788,0.20743169460407068,0.08258665258046796,0.035628901734670045,0.13492302172798393,0.14370372143940086,0.4216852295326564,0.20814815518877755,0.2268992079060592,0.2488506371008952,0.3413369842473574,0.23401856379982283,0.32539770116243705,0.09334678251614263,0.3927771508301932,0.26136648567334886,0.4025676607164007,0.29651371503486507,0.13320819172469267,0.4157727648306992,0.4513615862299739,0.3023523209998642,0.26486215648920647,0.43118895593553386,0.2202369129053597,0.2880480737187471,1.0135401105641955,0.6465211451575361,0.5434826431975113,0.35162236999655055,0.7285936776215626,0.37429014788625387,0.6893289161811728,0.2930107201052262,0.26258249907589565,0.37646024227514435,0.09531616826593944,0.41841150186882,0.7040897813635221,0.643022562168831,0.5031514153071878,7.254328619247669,0.6229029453985037,0.4453729221534808,0.22714023273644302,0.41810662787557884,0.005797639517180002,-0.07493238358042628
ROI_095,-0.09492598861012992,-0.16222363401537584,-0.20830938985891007,-0.13416807289625468,-0.11211866171377466,-0.08740442198039498,-0.07387321461656685,-0.32030703225221746,-0.05525945442327003,-0.17479631305810273,-0.09998368029880307,-0.21962539101923798,-0.04815977397177099,-0.03865168376943949,0.07275390643333329,-0.0036256619340861293,0.0677173988258457,-0.10408811178491871,0.0595226088857155,-0.023901906283672208,-0.05461807018803659,0.24172541095690456,-0.03915409164943739,0.14579923149645693,-0.19075935128370602,-0.20080288118801992,0.04474768917116324,0.17700514431744488,0.05693614866033216,0.17623956108030298,0.22369633655204574,-0.14933176075022028,0.1275576959970597,0.15687712491174907,0.3161776788045411,0.03311431665437896,0.013616005492829956,-0.29229269559601245,0.19868564265380173,0.06827637828977548,0.45552969521905906,0.09588039304148108,0.172398112533945,0.11705021514327385,0.3537113891132365,0.2768149390049203,0.34792640353077153,0.05919369346384623,-0.21626110127043538,-0.14270554665783264,0.21642432613211465,-0.09078225788874225,-0.005338276099563033,-0.05668224023557376,0.03577730014885499,-0.13288667190708894,-0.1355791211684112,0.0021242571216698357,0.13254453647619382,-0.06147391937617947,-0.02769222508232363,0.17412177405633866,0.027229443930024404,0.03198542281892061,0.049562192225235134,0.020990847553226104,0.14820261226967554,0.057872046926888604,0.19954799529820882,-0.01770896454723954,-0.03850786678796135,0.487380250927105,0.25000443675319245,0.04209113151231511,-0.03509009492408732,0.23827597414795026,0.04383336547081301,0.0967804929970651,0.5855556507942099,0.06398039790755673,0.6900379146967719,0.5988520923413468,0.9734425189494241,0.4564188425250683,0.8089909419569682,0.8071347548565375,0.07478303262260437,0.5234437792454287,-0.0026752893103479257,0.595369083381005,0.8373866346872887,0.32378559387438394,0.6411100591771806,0.6229029453985037,7.254328619247669,0.43372723187611734,0.5494970134961772,0.31387839917199495,-0.179642269757884,-0.27641611427714297
ROI_096,0.5880131923665388,0.40640527996334386,0.41272217564290037,0.4686368316334616,0.4584609473610188,0.5121792583132634,0.47104689084516255,0.30561871737419627,0.6437439220100052,0.5249454727994144,0.6102694513821635,0.4042357794610167,0.6385229638286583,0.59959178206748,0.714663963366703,0.5345663246357261,0.44404123860655537,0.3033737978140771,0.42729213245623454,0.6427400599006956,0.5221643870354639,0.2955092277847567,0.4578230756592756,0.08061421729639694,0.4036665376378564,0.08947210184148541,0.24442451627783068,0.6927957374141601,0.48409079816919365,0.5529865586422171,0.8023883076085614,0.46002567911998654,0.5199796086487405,0.30180043453143923,0.46889048915525305,-0.030030941973997024,0.5231945634062662,-0.021710186833088348,-0.08756717369084108,-0.3051223820064648,0.3019671628634712,-0.003988057186950043,-0.09410534461698015,1.1879405520006354,0.880691694180147,0.34165551573858916,0.007909665509523803,0.5802246797857339,0.49602688475476675,0.21515358645886346,0.5735407597866211,0.4682297145506579,0.5751521057549757,0.48277752058431095,0.6139514590601582,0.590812878835113,0.33822654918514405,0.6529609171639748,0.6846284529936809,0.5889138316719738,0.6234820747005951,0.8012741361597465,0.6603017248954397,0.7085191590956207,0.6964390604284802,0.6479266140724252,0.6629645324265419,0.6387704421259264,0.6026841972171827,0.4098321682410336,0.5260823529139391,0.4147505804918637,0.7287676786441729,0.19598061033666422,0.3309634819995398,0.4373548165034592,0.629682177999951,0.4900787122016869,0.5191933575485478,0.14709964366172332,0.7487797209402164,0.4376119797184272,0.6566831504242864,0.6649612734425241,0.6543375896914247,0.2659226194444491,0.5991399827342809,0.9069266031906884,0.18086687518892045,0.13838446044694633,0.44521174662655133,0.511625557259911,0.2345094906394533,0.4453729221534808,0.4337272318761174,7.254328619247669,0.3731437784607584,0.908182983033297,0.479190899321294,0.0006964908269620226
ROI_097,0.06330092111632818,-0.5398792171693234,-0.4448557630688873,-0.44045170652381066,-0.20821261127340607,-0.19137689909453837,0.32840848175688075,-0.45955304105807554,-0.27562209297347745,-0.4662203325178706,-0.29105824955430315,-0.5846770068544646,-0.2821531599518914,-0.09521364872780386,0.05805594158704297,-0.40376197615454035,-0.301383266550633,-0.4312635963769368,-0.17269221119736583,-0.27042966989368306,-0.35041778871854834,-0.18996300570826985,-0.1386693903178213,-0.44671534188415035,-0.5331709594488281,-0.36105010892676986,-0.17588847047145537,-0.18232141891778442,-0.31546540357200775,-0.20749035535510008,-0.10542960402849329,-0.13833532947043894,0.040654631553881285,-0.2657334383133096,0.2130828383910223,-0.09385053122745508,-0.18128063450568016,-0.07040504801273437,0.2538820455658138,0.17076747595399588,0.6426911709996871,0.1058856356118832,0.5660829924098588,0.3551946286502802,0.3475589472488256,1.444791997767783,0.8726148137962271,0.487113141181783,0.09713291346059828,0.5176146767595793,-0.11637176720993009,-0.4078879315669901,-0.4040547875541127,-0.3858645172244522,-0.1161251788955229,-0.26758325187659887,-0.4567294368764651,-0.27820957239138816,-0.26576415303615586,-0.32829295300548095,-0.4385841114692814,-0.06323230599714098,-0.35176267258594085,-0.15447113051697337,-0.27957826560711163,0.03505968866466675,0.013171015672144617,-0.16395601977004845,-0.24692396034414626,-0.4159563303729702,-0.40073711291846775,-0.09502694759565442,-0.030778537375205226,-0.35831608827283995,-0.6673067722332775,-0.46128614134678975,-0.30370846634900023,-0.4754965367076259,0.05150427113609577,-0.2752299552116751,0.19761805127706386,0.27146701216759855,0.7797430634875508,0.5320970534323121,0.21149722323300185,1.018799524025125,-0.17875684081858068,0.18451910042837968,-0.3895876286821609,1.015360853800888,0.4361585548316897,-0.08117164738737634,0.18715482060667532,0.22714023273644302,0.5494970134961772,0.3731437784607584,7.254328619247669,0.3612602872860332,0.08676740873806295,0.30166989788038256
ROI_098,0.5820751974269722,0.2962440102136837,0.3579879917839174,0.3829721285764892,0.45923075944827907,0.642438334158683,0.5482434387530581,0.25590632630052584,0.6719643450375584,0.46670885857799593,0.517815377144217,0.3217721391397642,0.605570697467196,0.7498554545209069,0.956021291379032,0.4640276523797897,0.5331515230393751,0.3305451805690069,0.5563858069859831,0.6022566447198184,0.4478484211744602,0.2909507165835288,0.5825669126056248,-0.1965981111121022,0.2889166846127111,-0.28637878393907845,0.007195547881507961,0.44243748505799524,0.43544443538026373,0.41152904138617813,0.6623765192598798,0.280441636646548,0.46985460895095854,0.4181382564595658,0.37259827590751704,-0.05166098074429638,0.6557166805026369,-0.1829260692161482,-0.2889654057469904,-0.5211073305365895,0.4192935634807759,-0.3301143116010928,-0.29780929886157337,0.8940845405694496,0.676618403154205,0.28730489914364277,0.09563719062196199,0.9064710811292643,0.4397110121271326,0.2703762624453763,0.7143736286259782,0.5201863777096242,0.47778846397940966,0.4758781570924701,0.7038578255766563,0.711707564267144,0.31236350666150714,0.6732842898021396,0.6803462886574183,0.6624794018121675,0.55583970920678,0.9667507557181761,0.680687085406122,0.8824034344989853,0.6893467638711219,0.938680110260079,1.0094732508651274,0.7912310819481886,0.7353246591086029,0.47833684364061524,0.43998633515186525,0.4991085803039963,0.9272723047864004,0.007502038384762024,0.24018569820014649,0.33949214692362584,0.6698369229359277,0.3208672359020585,0.46261497758723774,0.20508086241003876,0.8903256072560516,0.7613085141384031,0.7259857626773243,0.8249793939071899,0.6308663018115115,0.48581966017722766,0.6021395473797602,0.7503036793104823,0.14673169057950564,0.34425563862655184,0.49593234392512014,0.5296267588430381,0.12754169843158453,0.41810662787557884,0.31387839917199506,0.9081829830332968,0.3612602872860332,7.254328619247669,0.5863620315143884,-0.08801274652936546
ROI_099,0.6921382650935295,0.2632216433374253,0.28217011371965034,0.3293974316180571,0.42328307325015774,0.6412008476504333,0.5278887095944249,0.2398134226347199,0.555492678076658,0.33520617648847223,0.35009390593358686,0.28972723410551593,0.3070333643571813,0.32554846282350863,0.40147422133835164,0.252617082676858,0.17849651197777666,0.20153096519566596,0.18316591927422726,0.5280176555388969,0.17581603782250546,-0.06917718453937122,0.2151032344669738,-0.36923428971052963,0.33235539871564257,0.03752046173342203,0.08139705149007957,0.4153594239412159,0.24870594538909174,0.18761364928044721,0.23421472297002247,0.2460146867196641,0.023441022267165698,0.20936137764676419,0.002104099534450745,0.3817214907807892,0.5145799043802998,0.2615249903321527,-0.18764812781788778,-0.2374008877058882,0.005237966062728177,0.030380612161263205,-0.3561082290557692,0.723154340651387,0.21880579441907272,0.08858772396937756,-0.24684022970861746,0.4907979483808321,1.3187795291414088,0.6489765270540115,0.19496915184646196,0.2871667307619296,0.2798790748673822,0.293107023228597,0.5451448618781615,0.6171942329849354,0.1981422758640086,0.4047109757503697,0.3280725234558263,0.4304973877569938,0.32689595441635116,0.38055655182229187,0.31231749345586673,0.45545402131419754,0.2998162316127692,0.37544809169457105,0.7074952126723907,0.3838368142813495,0.22886966853120624,0.190165840418179,0.25707558112281803,0.09349056463210019,0.3440187970589254,0.1471680765984638,0.12886360238645608,0.23309465256344614,0.40280859142412423,0.1270090907278046,0.030627429240675793,0.0813445691754969,0.09271942842308244,0.09124927909643923,0.05630646303211185,0.2568158113017958,0.17729037532306047,-0.0932207084917442,0.41330015065043146,0.38864802533681314,0.351999544134909,-0.07412399431828623,-0.09548880643747505,0.4080190381139189,-0.07226655344789908,0.005797639517180002,-0.17964226975788403,0.47919089932129405,0.08676740873806295,0.5863620315143885,7.254328619247669,0.40687426572049645
ROI_100,0.15110503211058465,-0.19199468957115076,-0.1517468561734726,-0.28091009182962834,-0.14702186650028948,-0.07153543454617842,0.24882193332394284,-0.21970446145684283,-0.14610942455222958,-0.24076828474177792,-0.19519396832863856,-0.2631658575169932,-0.26421866905285013,-0.26687679069038955,-0.23075439666446926,-0.3119039215109586,-0.36800562516450935,-0.25894906720613675,-0.2233816104494726,-0.059374781641557905,-0.2831257027590204,-0.4181611641016238,-0.19947043736501663,-0.24949236181523027,-0.20698023864766746,-0.12410986847112097,-0.015928464479574345,-0.13700773314555598,-0.3570618421405532,-0.24724569437039834,-0.24082159638270428,-0.05586868036669507,-0.2856966178259199,-0.19494918213824045,-0.28724817235360295,0.46627819974022783,0.06371561911719398,0.4221353359706133,0.10963167872462841,0.4917937829467029,0.203389828499115,0.11708065338613684,0.11384588061733471,0.1590296107692703,-0.06730250067594068,0.4275748444685893,0.19321812334799363,0.11510829521154037,0.46298882916046186,1.0460108066217109,-0.23381889557861213,-0.23001007671452414,-0.2519637866656286,-0.24826193924756465,-0.14357578223775375,-0.1132258446709411,-0.25413325016064653,-0.22728124842066944,-0.21361537872976227,-0.24087041396561717,-0.28560107667338974,-0.2885412770664647,-0.2947818906266604,-0.2675964391243049,-0.2978331655559762,-0.20470088687785334,0.01918604652257741,-0.2519534829642492,-0.29105072139818333,-0.26948917135063266,-0.20649064466850603,-0.41944020519271086,-0.2798002287564077,0.08278749624825801,-0.3345511499574536,-0.36524719972570036,-0.22286403888406184,-0.3964542422543403,-0.23281830462622696,-0.12209298225496107,-0.24135449331983033,-0.0772540206488773,-0.10458761132129853,-0.14930275591124248,-0.1673470838635745,-0.01157099008412273,0.0524954512032985,-0.07920946973526036,0.23916227992467282,0.26993105132793754,-0.11467690292723749,-0.12358150403296549,-0.08142913369424574,-0.07493238358042628,-0.27641611427714297,0.0006964908269620226,0.30166989788038256,-0.08801274652936543,0.4068742657204965,7.254328619247669
