,ROI_001,ROI_002,ROI_003,ROI_004,ROI_005,ROI_006,ROI_007,ROI_008,ROI_009,ROI_010,ROI_011,ROI_012,ROI_013,ROI_014,ROI_015,ROI_016,ROI_017,ROI_018,ROI_019,ROI_020,ROI_021,ROI_022,ROI_023,ROI_024,ROI_025,ROI_026,ROI_027,ROI_028,ROI_029,ROI_030,ROI_031,ROI_032,ROI_033,ROI_034,ROI_035,ROI_036,ROI_037,ROI_038,ROI_039,ROI_040,ROI_041,ROI_042,ROI_043,ROI_044,ROI_045,ROI_046,ROI_047,ROI_048,ROI_049,ROI_050,ROI_051,ROI_052,ROI_053,ROI_054,ROI_055,ROI_056,ROI_057,ROI_058,ROI_059,ROI_060,ROI_061,ROI_062,ROI_063,ROI_064,ROI_065,ROI_066,ROI_067,ROI_068,ROI_069,ROI_070,ROI_071,ROI_072,ROI_073,ROI_074,ROI_075,ROI_076,ROI_077,ROI_078,ROI_079,ROI_080,ROI_081,ROI_082,ROI_083,ROI_084,ROI_085,ROI_086,ROI_087,ROI_088,ROI_089,ROI_090,ROI_091,ROI_092,ROI_093,ROI_094,ROI_095,ROI_096,ROI_097,ROI_098,ROI_099,ROI_100
ROI_001,7.254328619247669,-0.47011414813427027,-0.2510865739792711,-0.40560399171426326,-0.19866068412935514,-0.17427281419485763,0.7984551280669754,-0.4597481485008478,-0.35867467879833254,-0.48490871792034324,-0.42909311356681906,-0.4857837739534707,-0.32898597813186164,-0.4050357503092842,-0.4745941853239299,-0.012598742611167767,-0.28300833127252706,-0.3717262755813249,-0.5312503029039151,-0.11275094461782845,-0.4872954404986978,0.07617897210468852,-0.09606025246880337,-0.1521542417885257,-0.28406420548988714,-0.38160806119932544,0.18771554748918584,-0.19440446936676636,-0.4067014338701331,-0.3707801190829667,0.33546697497060923,0.6412675592836555,0.8265943778523546,-0.0537912690568419,0.6094548398057887,0.3917419779591378,0.27543327229668957,0.46357187716296866,0.32908290782211974,0.4523570955490395,0.5689141835880117,0.1646235416654799,0.48959079923874815,0.38549046825654487,0.6680133243273261,0.4020821430665259,0.5220523595552096,0.7610511657832778,0.6956964338838407,0.5480352492953121,0.4670074942877547,-0.49525841204055343,-0.3484213936988238,-0.3882434863785625,-0.272188552641162,-0.25661883092181664,-0.4854340675259086,-0.43835318603475176,-0.5002399607454215,-0.5865943626724271,-0.5720492412361762,-0.49564910069908286,-0.48055673695446727,-0.5205205037253458,-0.47978848458759904,-0.5508478269323877,0.5297196854642886,-0.4911749994208538,-0.5159721785374408,-0.48647609950359955,-0.5770884894945392,-0.5555446667507136,-0.48454229593454706,-0.11859557152603735,-0.6497569302817926,-0.5437354991526064,-0.2350372092177634,-0.6769685725662861,0.6733752469208749,0.5540926409645115,-0.19604917888028128,0.3040290069344187,0.6262710212477931,0.27650051650104496,0.022115894416521672,0.2056923923247399,0.21593240890910503,-0.3207882826377565,0.3418873104052605,0.26940020861297365,0.5161726770065823,-0.1052547915894194,-0.32580901785265065,0.3652732201778783,-0.1944090142945588,0.235195949514522,0.40448953045235525,0.3556432757479141,0.5779814425279677,0.35481356778552836
ROI_002,-0.47011414813427016,7.254328619247669,1.1854265621590914,1.5492258979172722,0.7836334363012706,0.8825088471122462,-0.7409138593165218,1.559456683727746,1.3421730140662569,1.084509299873918,1.0223267703227223,1.0608331572322311,0.8242131693025744,0.9482582611162004,0.9774241966051894,0.6722683563348366,0.7677846561363002,1.1677935604309067,1.1155515455559073,0.6525683349294031,1.1758677361363175,0.1564605801557997,0.36985833557642317,0.07944973590396628,0.5265627089123889,0.5775295690468487,-0.13593082197535997,0.1857658709224819,0.6917957050647339,0.4427892615627986,-0.5395014371300829,-0.779708865106085,-0.8558785357225976,0.6728947027635536,-0.7548817810824443,-0.2260095188147119,-0.06433205642584519,-0.7538267424606744,-0.545650815486045,-0.8107593180011009,-0.8570396245751875,-0.4277958982142916,-1.1330188987887653,-0.5695623763609642,-0.9376177426600686,-0.9001658061938363,-1.0424535482301183,-0.795968217440867,-0.3408815955734842,-0.8256136609428147,-0.13951504372365614,1.5713673374471488,1.400853703061532,1.653485580469224,1.0497655964439412,1.159201934100783,1.6603765423949148,1.3851366695684793,1.0387994233054518,1.1200663459700841,1.1059414620805863,1.0831762857892704,0.8721271174774802,1.1327364906036863,1.0812455095994828,1.0420567601765924,-0.19048827945820573,1.0697611340750397,1.2107406439362045,1.3492297676455465,1.2132618496865204,0.528743445145974,0.850910085195765,0.06683490729912252,1.0990598091156758,0.6994155014687911,0.7127464286391887,0.6817506739074406,-0.9577494064963055,-0.7277164810249366,0.2722301626007953,-0.09776684366836201,-0.9352653291256993,-0.5371264090841681,-0.05112008499837916,-0.48829364322230623,-0.060255485172345115,0.2472393170598021,-0.0836445602351293,-0.5664574887345856,-0.7608743937282155,-0.004176167339070075,-0.01469117116995452,-0.5994331436062407,-0.18369773881382703,-0.4968518837996899,-0.9194856599347757,-0.13741921305085514,-0.23293245162367607,-0.4964564514809792
ROI_003,-0.2510865739792711,1.1854265621590916,7.254328619247669,1.1564441630171731,0.5941834587728444,0.9676204971323651,-0.5524928052206127,1.2900366829187526,1.2717605712318456,1.111620901297134,1.0108125344974732,1.05818331474187,0.809149418328844,0.9540555918339787,0.988829346249603,0.9590216225520263,0.8894080134525164,1.2215430062810584,1.1002568918407185,0.7054385028141194,1.117429263560334,0.2958293679885043,0.4401553842292168,0.15303830408827318,0.6342804213293858,0.5783133653478006,-0.25344379324808647,0.07353761842448792,0.6059298339088586,0.3098260641208716,-0.5064262595124649,-0.7259039257568435,-0.5973057554311866,0.8163071726789702,-0.5103618884840508,-0.22987317276075558,-0.08530312377279024,-0.7947913373104937,-0.5194205721362383,-0.760687266382735,-0.7583399757926534,-0.4386262204823434,-1.0025985338854588,-0.645453208600584,-0.8602606037783029,-1.0267990717195552,-0.9436319689676327,-0.6771306143104169,-0.2069939544545996,-0.7878529014238591,-0.06667756251058578,1.2521598271430394,1.2228139107525131,1.345076317349959,1.035891567432062,1.230641392226338,1.3619680318058023,1.3502965558655105,0.9454179731210831,0.9660296989518814,0.9244460302084349,0.9371780653546586,0.7876947066905494,1.0976557815754255,0.9821151675452839,0.9690140990642532,-0.03468848811384334,0.9929052439537154,1.0177115488583717,1.208048447273782,1.0476686056017517,0.4618965703251043,0.66383364504562,0.033799561462806015,0.9298287731320451,0.5673062623347513,0.8738409417079214,0.5480929453816791,-0.8291171625930192,-0.6201346270655536,0.2767336364701612,0.029035442790061834,-0.8516703130602422,-0.3427723842992527,-0.1896529844061142,-0.455153901381121,0.030972779584238073,0.056595838742927694,-0.017105147066177002,-0.5607869830518623,-0.6420137671221571,-0.10292655396328661,-0.13125511148070884,-0.5703297558942851,-0.22677715980609667,-0.5872746774524958,-0.9394509896721517,-0.18198095280802992,-0.0850594135369824,-0.5391140428729504
ROI_004,-0.40560399171426326,1.5492258979172722,1.1564441630171736,7.254328619247669,0.9937679429916235,1.1561906912432853,-0.7419160462206817,1.6175677587615713,1.6225005843794127,0.9190370540232023,1.0642705794841467,0.9712954971204811,0.9277423815306037,1.071922729227765,1.0438336763817047,0.7026789356162473,0.8304932496830454,1.2502273186996922,1.1444172487824333,0.7664623998923196,1.1092192266290615,0.24385987447576124,0.31704574387252893,0.08670327718657174,0.5050462362932429,0.559345279908551,-0.20187243319876766,0.19636855714726167,0.6932824645071324,0.4584865007095786,-0.578094766812782,-0.9144967570058671,-0.8302662843950159,0.7605508287387222,-0.7043728828360258,-0.12798811717044148,-0.17787156621084363,-0.7835171639023504,-0.49984900917671593,-0.7905219706719513,-0.8196869926857353,-0.4330530870482035,-1.1439790310546132,-0.6115336934968258,-1.0011366693998396,-0.9769786093394833,-1.0189334334745106,-0.8812206157256653,-0.2388893115085182,-0.8359820063002051,-0.16549817890488874,1.2556721318734338,1.3494504106098468,1.875757122168365,1.3583144286157827,1.2382550676022421,1.5372636867794407,1.6422603844383434,0.8506849816087669,1.0685748540092537,0.9609006587142971,1.18981257559802,0.9428231509653701,1.245760667985544,1.0198308139666998,1.0805805166538975,-0.17360520806557894,0.9552249296313073,1.1505667582379862,1.2546688921922664,1.2250645009914993,0.5004239788785293,0.7134885208962977,0.00535104523232379,0.9227384450822017,0.5932464000691666,0.836115121768128,0.6392720922814308,-1.05822166962112,-0.8350040260045088,0.30980842493321525,0.03158863545554222,-0.9740273526315569,-0.5026041911925332,-0.11509399363168514,-0.40127776706490403,-0.08749616274019953,0.20290774550709054,0.014014229484928592,-0.563761203413242,-0.7896375891016771,-0.1082866871636372,-0.08333517159892823,-0.6777040525763843,-0.13854157556260688,-0.5240329878293188,-0.931923825111446,-0.21466501564150928,-0.1606705720928544,-0.4910934735196437
ROI_005,-0.19866068412935511,0.7836334363012706,0.5941834587728444,0.9937679429916237,7.254328619247669,0.6971443704019875,-0.35098960923354366,0.6888915035199163,0.8070126676194489,0.33547278934825686,0.5845307393171328,0.43265347888255756,0.6709066547864894,0.7431532168360542,0.7094467614753545,0.3590460349888242,0.3616713707098579,0.602756132251239,0.6252738243239456,0.8141514397808468,0.6669938293688311,0.15394600057465083,0.33802157968160534,0.11989361844820008,0.16254716683791484,0.22215418751373472,0.09215547238074576,0.31205390566234803,0.5452353200765788,0.5124162629644287,-0.2632647707144195,-0.3934053128093529,-0.3529919769817677,0.5302456714121851,-0.3157527529417418,0.21617647888258604,0.059839519652166655,-0.253909220562741,-0.1447124033026634,-0.26032158239081327,-0.1941754157112422,-0.08979189232080284,-0.40038024283089135,-0.13246970107868988,-0.3641399077242084,-0.28097556862095063,-0.30121111608667855,-0.3672793532413967,0.015268179341464986,-0.26297288025364185,-0.07483327159731268,0.6297614452683222,0.6601414115564022,0.8635610589206583,1.064009115449403,0.5974842499333105,0.6337630460817918,0.7352377720332481,0.36750979706803794,0.5850525227816723,0.48851211236070613,0.7664568819643474,0.6822962636495973,0.7117826517572159,0.6939061613797344,0.6343898015866343,-0.017695708576812807,0.5375428745589762,0.7045225999392829,0.6154983269092871,0.7164090683128288,0.3314972123293717,0.5781057091492061,0.09630981161900415,0.41964286873043577,0.3541744703190157,0.6460328853838975,0.4869147027266329,-0.4509953928442109,-0.46087909363787716,0.44780217163999153,0.2739906280915448,-0.2891408869569974,-0.24415702147713145,0.18824625681928078,0.1321652874253867,-0.01751319487020173,0.36654275100800493,0.28230833215926665,-0.0353542510542471,-0.3330725624873297,-0.04654768840168859,0.05307057711701708,-0.20366035833234736,0.13965591893124327,-0.08546342365072808,-0.2451712739491713,0.09359045880983179,-0.0845115661561723,0.0024867546661542827
ROI_006,-0.17427281419485763,0.8825088471122462,0.9676204971323649,1.1561906912432853,0.6971443704019873,7.254328619247669,-0.3607377610955417,1.1006201920574896,1.3914688051244044,0.5859399755545238,0.86777157280706,0.6961385580395238,0.8062968347857453,0.8779986353103775,0.8414711588590377,0.754539845990939,0.672673591147833,0.9312291043390032,0.7512930709991802,0.944675151567522,0.8712724018583964,0.3036490563857552,0.28479193035078987,0.048565482070590325,0.295390118172675,0.39297893453284044,-0.16924040015008615,0.1533170809553542,0.4772727690727736,0.4310580349149162,-0.5863339014904799,-0.7973755231168339,-0.599915028977871,0.7004537570234439,-0.5203436066188656,0.06126843498621048,-0.14160522915389806,-0.6510619735580634,-0.31626499247255774,-0.517421951186187,-0.5516607122209161,-0.3624151222044839,-0.8837741717115217,-0.49256930881536864,-0.7391462454278265,-0.8522097597531021,-0.767958934509503,-0.5831737590452813,0.06084680237790164,-0.5866532253093503,-0.11163704908146925,0.8711751691594836,0.857944155427377,1.1157103307216532,1.2130544321497667,1.296028875399551,0.9718119770884335,1.228921121317044,0.4927138349370053,0.7267677578725625,0.6188703903628716,0.903688324125123,0.7642346250031927,0.9819024326494913,0.8382671599380318,0.8470872302594694,0.04517705848030368,0.684591994494839,0.7584629326713976,0.8184614674549827,0.86616446668163,0.3020046860275742,0.4510968600224427,-0.04885017665119789,0.5095779388998866,0.2953981282793661,0.8511477918186549,0.48354919249222666,-0.8124551545095912,-0.6792389429651692,0.20273886343507544,0.21430102570293244,-0.7569284496551038,-0.44386922184777294,-0.15889326263114403,-0.3333516993464676,0.06829666893283141,0.09667823225636826,0.3131803989923394,-0.48745672296817344,-0.6659648304034654,-0.17352169819419186,-0.24101830694097306,-0.703839349978763,-0.22751588308039702,-0.5470566612520072,-0.7896181989683515,-0.04659977255348245,0.2271726669738954,-0.4322444416986941
ROI_007,0.7984551280669754,-0.7409138593165218,-0.5524928052206127,-0.7419160462206817,-0.3509896092335436,-0.3607377610955417,7.254328619247669,-0.7730514655027285,-0.6033950540262796,-0.796716320850958,-0.5935535422262508,-0.7769187110922312,-0.5177892022069915,-0.6491285748665823,-0.7569568134544101,-0.21301184716449828,-0.5819434282871238,-0.74209987833938,-0.7480290517342334,-0.2232955564013232,-0.6587627071869445,-0.126513499128443,-0.11069904838906812,-0.2760885771129906,-0.46498217801377034,-0.6426252986061005,0.27429536000131505,-0.2836782985416438,-0.7268044381833938,-0.46130187166169956,0.3475146283008457,0.8142471445305802,1.0670279681624504,-0.3801384963304617,0.6992144066702132,0.4924513055496158,0.34249261252188296,0.7245799206135399,0.49825811251693386,0.7763879781856402,1.0616802052629708,0.31054783713437906,0.7827152174538643,0.5718724088388388,1.0054263999090625,0.7615124433704324,1.0175471681285877,1.341813585069595,0.7884525361226778,1.0698734551927338,0.31720308083363064,-0.6502857565482233,-0.6501026777476163,-0.6931560366980662,-0.5341590668288302,-0.5435832290894151,-0.821661249694119,-0.7704713418400018,-0.8432725802325092,-0.8487951017511219,-0.8991749863602796,-0.7429777581286028,-0.8160250886731362,-0.8873710848040385,-0.6855889960752114,-0.822269811202209,0.5347304960820808,-0.7875203262583444,-0.9298990260507899,-0.8777480492971358,-0.7414031581547862,-0.8789165663789629,-0.6639140175738206,-0.2123409952134529,-0.9840796552934891,-0.8914092200829427,-0.4905343584572649,-0.8795104025195313,0.850025251908772,0.6208198805069918,-0.4383972885852155,0.26254580622085094,0.9262744778681341,0.28603470648691587,0.04550896264825343,0.3077413897697626,0.21858737325242758,-0.35784137596717097,0.3448833680117391,0.5070745238405946,0.6516953625472771,-0.01967959424429038,-0.25590203995110145,0.40390777692829194,-0.21571769848728306,0.30671608104536546,0.770106817128774,0.4064216087183412,0.6037008634521744,0.7576974084758964
ROI_008,-0.4597481485008478,1.559456683727746,1.2900366829187526,1.6175677587615722,0.6888915035199163,1.1006201920574892,-0.7730514655027285,7.254328619247669,1.6263950406807544,1.2232508686582961,1.2853054502511256,1.245516988979602,1.0209480139446188,1.198237432246091,1.1725545995029798,0.8178357954335258,0.9813905884559292,1.574319964312012,1.2767047285116997,0.6484488394276652,1.3893404919873007,0.3052958414935134,0.3592404705653411,0.12116204711160813,0.5838500267443936,0.7073628857913185,-0.2623218961007528,0.12793695247540202,0.7108074923416914,0.45461442122997625,-0.5203685619742539,-1.0540068593392304,-0.8687071840474242,0.7407049082454719,-0.6885479291623327,-0.2894821371807036,-0.2549193333427598,-1.0070441566116923,-0.5136083563743594,-0.9286451509339585,-1.0791006283057134,-0.4981163294768735,-1.2868834451439257,-0.7288275246480387,-1.0879197253412882,-1.255694464226654,-1.2571778815996588,-0.9496257748608844,-0.32645588489750715,-1.1061462571514211,-0.2935085678507706,1.3254569659104698,1.2866307799063639,1.536622162209632,1.1535080816553602,1.353772561219185,1.9661018530698053,1.802973793852411,0.8996539452756676,1.0267582392661811,1.0382739186968,1.1040645764435173,0.9150455356291701,1.2881022785886234,1.1693313309743354,1.2753998094358594,-0.28659426399506716,0.9979986760508134,1.0980731501475027,1.3304388944183443,1.2925033094643654,0.4847233566619755,0.6711009070857523,-0.0678921249366071,1.0207240674883327,0.5276227726301544,0.7864325482389068,0.6401705603881447,-1.1857008009381007,-1.0602312240127765,0.21864171635346505,-0.1503798539689441,-1.2820988705981753,-0.5416690789475664,-0.267598764360806,-0.6368826552060567,-0.14113080113832305,0.09941936052569317,-0.12685868564856273,-0.8662776720563841,-1.010487106941877,-0.23308285664652403,-0.17026908510945976,-0.8473295924230575,-0.2900586599130287,-0.6556774427031041,-1.2618705331815177,-0.3302605994737679,-0.21879948400335844,-0.7094111516411019
ROI_009,-0.3586746787983324,1.3421730140662569,1.271760571231846,1.6225005843794127,0.8070126676194489,1.391468805124405,-0.6033950540262796,1.6263950406807544,7.254328619247669,0.9228133531317945,1.1890764510432512,1.0542831498016445,1.0724217032991192,1.2069926714839527,1.2153962446176274,0.7877527833959349,0.8099763030362953,1.2398632311191466,1.1675166089735414,0.8990450172417118,1.287076757325917,0.31139342911486073,0.37807636071415,0.10478509520198274,0.36769099812124006,0.507821476721168,-0.16851832620147708,0.14544496326523162,0.6445153682118624,0.55401567072162,-0.6115680453977157,-1.00771477346075,-0.7950165061191724,0.7518782447679653,-0.7518477169919301,-0.09612601414273964,-0.23193785029455036,-0.8236571283889597,-0.4628780067958445,-0.6665262319177073,-0.7689395244987594,-0.4428392191131032,-1.1881434625691727,-0.6071043393120488,-0.9646307299979394,-1.0085914388500832,-0.9794432313407351,-0.7987591272407758,-0.1579820047276109,-0.8118119413962628,-0.21485435855611776,1.284859265477582,1.2102531249481416,1.6353658848863746,1.3611770193140529,1.5441342790630492,1.4671474264712892,1.8905900459826006,0.8065568656603801,1.0237229123431237,0.9570625464997405,1.2222497407999326,1.0183680155282253,1.323503194085356,1.2144056742148448,1.1958009412867672,-0.15746850627962689,0.9847207693365487,1.089802004640809,1.1799998633656243,1.3131436296098808,0.4186376697576804,0.6674258782059274,-0.06062582385478263,0.8137095998601562,0.4983577302198949,0.9018899487701381,0.6366922230273935,-1.0678783655233115,-0.8839435443256622,0.23748485602700714,0.05620527414838182,-0.9923006195895301,-0.6086426643821813,-0.14775129628125888,-0.4222837964982932,-0.07271234896041529,0.15087181313586423,0.11244030233372208,-0.6046809841646139,-0.8342060739769458,-0.1992455836111633,-0.15730327149247916,-0.7130606484550722,-0.2080789242488371,-0.5689617385789963,-0.976663451931776,-0.13324965231584626,-0.025323965949089845,-0.49416884306977626
ROI_010,-0.48490871792034335,1.0845092998739176,1.1116209012971343,0.9190370540232023,0.33547278934825686,0.5859399755545238,-0.796716320850958,1.2232508686582961,0.9228133531317945,7.254328619247669,1.2297329469166056,1.6157307650789838,0.8534050300047269,0.962349667563016,0.9952393638632322,0.8784262059938857,1.2780008465369304,1.3073016058863152,1.2287510777938409,0.4045398801485554,1.1508955946332575,0.41527872105070185,0.3708192219671242,0.39198410609932294,0.7758640099347095,0.9020384910853783,-0.3535213539836415,-0.0014096126230436047,0.7278664919535103,0.35473008894778185,-0.392388154829949,-0.8606477909339494,-0.7701292945209322,0.7451469967497045,-0.4954833600553475,-0.600047403587864,-0.289507070705259,-1.0011533344065644,-0.5334019363177305,-0.9008352651927806,-1.0697007488220018,-0.4626065818433267,-0.9769534980839961,-0.9229857961340253,-1.0315806587181755,-1.171834072204391,-1.1615484361118493,-0.8629635469659962,-0.6688031126187118,-1.3133441397604284,-0.2978014329055895,1.116168664537678,1.0330181206491944,0.9643508991484124,0.6829384746828289,0.9573404329854167,1.3563288234313697,1.1431592691828976,1.1924394329707162,0.9304359847900289,1.1035359189009044,0.8787244710260113,0.7909200587431929,1.0486464956805885,1.0228793753879326,1.0879727576018534,-0.2993756348906575,1.020714733700503,0.9876392257944693,1.2049887866727127,1.0622206592082792,0.6234384293482994,0.7324359526315064,0.029286588497101262,1.376566368638143,0.6515157113079781,0.6934679173795082,0.5992423690487859,-1.0034195615788088,-0.8540477416347293,0.2891876025314537,-0.21556368420044525,-1.1535482952075486,-0.3195564700011373,-0.3262393359706742,-0.6201830434648398,-0.18191291896538947,0.026929381848996323,-0.2860182492169272,-0.7266908024231415,-0.8501250918024548,-0.19920041725089316,-0.039349307750445206,-0.7166430094211192,-0.18869064199737526,-0.695191602715629,-1.109739760088559,-0.41711322462590217,-0.47653283691277826,-0.8299693599562452
ROI_011,-0.42909311356681906,1.0223267703227223,1.0108125344974732,1.0642705794841467,0.5845307393171328,0.86777157280706,-0.5935535422262508,1.285305450251126,1.189076451043251,1.2297329469166052,7.254328619247669,1.4147894739331779,1.317154984093632,1.3091291497156197,1.1535339133950047,0.8119760067190851,1.1993349808267855,1.325176628304821,1.3659707395880358,0.6884198037410887,1.4624719486228954,0.4987220231366297,0.469325159430767,0.38253290375779225,0.5288795097701384,0.7156357340588118,-0.36924641208908,-0.08645452098304889,0.6777719433781905,0.5322912571832761,-0.4910307906356449,-0.9742088027777825,-0.8123681045237513,0.7965764911738745,-0.515438578786951,-0.350045892932958,-0.4099174078728835,-0.9438371457726028,-0.3825506797820559,-0.6556376623672086,-0.7362616197157127,-0.38886831794677135,-0.865961794886794,-0.8126545332803646,-0.9548159715053112,-1.0408209769243215,-0.8903265848608788,-0.8133699538999166,-0.43372819982918936,-0.9495687604753837,-0.4636063638026913,1.053987957663912,0.8909887772482991,1.003988340735704,0.972410277222593,1.1235944941968843,1.2405270149919965,1.383985982712424,0.8438457005709438,0.9687958119110295,0.9498212125477371,1.1245825908517983,0.9175880547407637,1.181334883650009,1.192001636954303,1.264683907006992,-0.24607771389962874,1.0243708294135663,1.0029833845277665,1.0904367984287073,1.1289361944620138,0.44401626896703034,0.6500382470227875,-0.10053773132927256,0.9435357196572932,0.4238427275572646,0.8766289442382084,0.6286053265834369,-1.026209605718347,-1.0546199872545738,0.25228355806099145,-0.03213493146977962,-1.0766114891629301,-0.45406927858610235,-0.38332835503087176,-0.45832819777703565,-0.2139198201391948,0.02022722688283692,-0.037349581583537655,-0.6211187980811766,-0.9591294044519838,-0.32326033401437476,-0.18866733009855768,-0.739840716410045,-0.21474595888136191,-0.734748089369858,-0.9851507870555275,-0.3917708397867423,-0.24944270999410817,-0.5918896859809609
ROI_012,-0.4857837739534707,1.0608331572322311,1.05818331474187,0.9712954971204811,0.43265347888255756,0.6961385580395238,-0.7769187110922312,1.245516988979602,1.0542831498016445,1.6157307650789838,1.4147894739331779,7.254328619247669,1.263729563494337,1.1769961678805845,1.1273998504255889,0.902964655786982,1.4133893909965696,1.4568236798573162,1.392298351308001,0.5235631509303028,1.1784641718118871,0.6171218840513009,0.4633822138397464,0.44343790004571576,0.6357613344503629,0.8719652197908336,-0.4104790114785896,-0.06779423029878993,0.6335038024676063,0.4615651937605082,-0.4581052818550252,-1.0263908836809836,-0.8463713829323233,0.8487277357369274,-0.5542885523449005,-0.5231435401099074,-0.41388915053287473,-1.053537902234727,-0.4724413615916259,-0.83183594038226,-0.99560749073661,-0.4289697958529053,-0.9180817140556626,-0.9706832559675511,-1.1138654415228544,-1.2869576944370527,-1.1597926026030443,-0.9840354970564648,-0.6247385338397252,-1.324827735532912,-0.3500836853092006,1.140491321507496,0.9726821823283495,0.9846552209315063,0.7442949566396386,1.0930920449234112,1.3935014833042212,1.2946309028579193,1.0892296999919229,1.0645819644754153,1.1911709086812383,1.0678291475975785,1.0147349933369207,1.2603561741879812,1.176287915303621,1.3422516493400711,-0.26363259651723375,1.1524207519764196,1.0589227673793187,1.3041505785989969,1.116887695892437,0.5760784657882918,0.7436644513366817,-0.027399150147780552,1.1811173989373214,0.5473175804948763,0.8691983884207573,0.7329415215758021,-1.1396526925356327,-1.0662632080866752,0.25029626155962664,-0.12540496880156035,-1.3062006759244502,-0.43048736882816796,-0.44458830816165823,-0.6096495227531994,-0.20930786257498257,-0.03148553127446115,-0.19003811528627718,-0.7909131318741889,-0.9772117366835891,-0.295274764780928,-0.15439524640909053,-0.7172044264305517,-0.21758499614061436,-0.7907408459206964,-1.2902313570167059,-0.4541336329716108,-0.37567467267356375,-0.8809726217893429
ROI_013,-0.32898597813186164,0.8242131693025744,0.809149418328844,0.927742381530604,0.6709066547864894,0.8062968347857452,-0.5177892022069917,1.0209480139446188,1.0724217032991192,0.8534050300047269,1.3171549840936325,1.263729563494337,7.254328619247669,1.3221250005954774,1.1042362379845718,0.7411203975253138,0.9888531255183056,1.1850488273471649,1.2301637544464483,0.7210514120880265,1.0636666872436713,0.68127673709474,0.5808676289722903,0.45564669977844724,0.4378053386060447,0.5959602377110731,-0.3485818939479511,-0.12163483979058867,0.5440448083576469,0.6301638595060706,-0.2719557446388149,-0.8592070754385458,-0.6302977997538268,0.8475661629869113,-0.48034686792401154,-0.26502840938136735,-0.46160542701390644,-0.6827469139277393,-0.21884296657064298,-0.46597965306501066,-0.5555404712596591,-0.25911516571203624,-0.6048631263099064,-0.6664989809477679,-0.7491225848617137,-0.8481566671729803,-0.7069166619753331,-0.7764689651486242,-0.3648834314786118,-0.8095790141798128,-0.433557919573053,0.8060664522705555,0.6922345772341094,0.8185304917127225,0.8519116335599458,0.9635182106320915,0.9580128109039302,1.1331571298524015,0.6265806344698092,0.8427673703329825,0.8195465792725327,1.1309142313769223,1.029834139009231,1.1514921517308405,1.0765401339349234,1.2493887382485496,-0.21917943757099123,1.0000188226563673,0.9406894065570301,0.9991995810616026,0.914698202451319,0.38196618855405795,0.6205520975642754,-0.11536394125932549,0.6882077125409461,0.28339388609247834,0.8914346072228279,0.7040107423947807,-0.792765815863436,-1.0303462734723041,0.24239606940587882,0.062057508395666344,-0.8786899602525751,-0.4787356494529563,-0.43698507234731454,-0.3471849440290053,-0.2938377356592061,-0.07335126165978824,0.024806749752811927,-0.5640763907244923,-0.9315173756092723,-0.38886673567928376,-0.25871082209239576,-0.5804958782206802,-0.1536800685063929,-0.5715096087996158,-0.8549656687944492,-0.3771150124135023,-0.23401511652731216,-0.5184414543700937
ROI_014,-0.40503575030928424,0.9482582611162002,0.9540555918339785,1.071922729227765,0.7431532168360542,0.8779986353103775,-0.6491285748665823,1.198237432246091,1.2069926714839527,0.962349667563016,1.30912914971562,1.1769961678805847,1.322125000595477,7.254328619247669,1.6715498502772677,0.7993716536412023,0.9607626041957404,1.4597512413568794,1.3808619048090427,0.9109774858675467,1.4074834299680288,0.6157307826132326,0.6925161233091184,0.4504655494668298,0.5441276864017561,0.7174564854918596,-0.2286208935784906,0.09262867851243202,0.6871062546033301,0.7655728735886275,-0.3053344930735952,-0.8781029181662254,-0.6827582811795169,1.0001868120477722,-0.4224157400588231,-0.18534793936285007,-0.27674306504443363,-0.7014007765457598,-0.28365104140467173,-0.5189996394092645,-0.6354410964115175,-0.25968127792020407,-0.7117599386660391,-0.6364088787292516,-0.8292874207167882,-0.9010911513425487,-0.7749820578968225,-0.769667617751145,-0.32616309919963316,-0.8595807211735482,-0.35102490311774354,0.8843862175780544,0.8296599528220502,0.9578715756311714,1.035216851220538,1.0058168064209914,1.0691638169873314,1.2750179180082084,0.6335860567223941,0.8261410907021952,0.7559818271001841,0.9438565756104136,0.9835214398580217,1.3868786385452372,1.3186964579650076,1.623013605600832,-0.24080114879129066,0.9301961492591828,1.0721670232818448,1.1375359004497243,1.1337169863799554,0.4772581805291796,0.7218079016110776,0.012735063178291837,0.7475821281733601,0.3920047773356846,0.9460705262928336,0.7472927870645792,-0.9555313667675259,-1.0561785166267683,0.3871431473939427,0.03596608656881466,-0.9470188701326793,-0.38302710115027727,-0.3085060469061606,-0.284919449615231,-0.1965574506741563,0.14565655127218496,0.07939723480535706,-0.5127675226641343,-0.917539238572131,-0.39847134365079506,-0.12111456472321136,-0.567661563819867,-0.08380989595594644,-0.4941503009427081,-0.8299369468554256,-0.2882432744649691,-0.2491163450183291,-0.4810810286540839
ROI_015,-0.4745941853239299,0.9774241966051896,0.9888293462496026,1.0438336763817047,0.7094467614753545,0.8414711588590374,-0.75695681345441,1.1725545995029798,1.2153962446176274,0.995239363863232,1.1535339133950047,1.1273998504255893,1.1042362379845718,1.6715498502772677,7.254328619247669,0.7549451575127699,0.8990688572405285,1.391113397604315,1.2878975461970532,0.8569226910224358,1.421570168963857,0.453385785325853,0.5066597196231732,0.39534677376206107,0.5063280281787049,0.6483213144404101,-0.21253485900190314,0.18204774088729647,0.810918207708351,0.8217363315277675,-0.2873551488771201,-0.8787049698478526,-0.7532453103279886,0.8666366023070126,-0.5470043308541243,-0.2900642833603384,-0.2521107113258115,-0.7023462064020134,-0.33993837032388136,-0.5970682435185645,-0.7427962475594468,-0.2399342698920253,-0.8130509762297319,-0.6622151692468955,-0.9520329801618425,-0.8689886270736465,-0.9065859893434692,-0.9224853490344102,-0.40993882785038127,-0.9327704942209107,-0.2837551198682126,1.0126373622047435,0.9787397974567865,1.0184288062765288,1.0639063765283119,1.0388024702264254,1.175041440406836,1.3551712969076182,0.7869665488539457,1.0230899986189155,0.9590471095323546,1.1250578465661187,1.2316413923006146,1.7256037495778733,1.5819190106665149,1.7992108796553061,-0.20806451871544215,1.159210570559805,1.2307344210357496,1.252843305925073,1.339797770737045,0.7308539260696625,0.8888901463856886,0.15589468732748404,0.9406274031029,0.6140684834172395,1.0041960461635044,0.8054793984921785,-0.9156106962595466,-0.8868318137143975,0.4788069876977719,0.04274299634636553,-0.9378085304106035,-0.35127103710440083,-0.1814286375987235,-0.2176526169089543,-0.20615954623082614,0.22579731342713283,0.02027201652272419,-0.44682667645074287,-0.7106513516682846,-0.18167844272888226,0.0866054318390688,-0.45115972427854445,0.09626604136464047,-0.4686498130182709,-0.7658677027628961,-0.23079641825113786,-0.2749486977489618,-0.5233079529960506
ROI_016,-0.012598742611167765,0.6722683563348366,0.9590216225520263,0.7026789356162473,0.35904603498882415,0.754539845990939,-0.21301184716449825,0.8178357954335258,0.7877527833959347,0.8784262059938857,0.8119760067190849,0.902964655786982,0.7411203975253138,0.7993716536412023,0.7549451575127699,7.254328619247669,1.0777818798716707,1.0263015948080427,0.7217159204238428,0.5889132197476249,0.7720673371097352,0.6625855506438618,0.39962434903235006,0.2554521464917087,0.5832520234681458,0.43112894463518653,-0.40869404104009377,-0.14565498590877343,0.38895328823307745,0.14149861771154135,-0.3379426818899834,-0.5723715451147735,-0.2822388052461804,0.9965330583756773,-0.12060267771382045,-0.2855931704222965,-0.17136020184545728,-0.7058778731132607,-0.46990656356468685,-0.7040813263949625,-0.5638941715772302,-0.5001262336755823,-0.6652963105306394,-0.8314065933258128,-0.6162266623678161,-0.9108135602486892,-0.6621303451718382,-0.39637547085040864,-0.19359040659448068,-0.7358555009354021,0.0882090816793612,0.7794612135899122,0.8390806723338158,0.7714862429873293,0.6526642379590277,0.960437377310687,0.9043932854237561,0.8863501768883972,0.6694489439188288,0.6296627418585704,0.6416974098778133,0.6514184058895596,0.6254258750327268,0.8155402520419643,0.8066792839575094,0.8068640205720001,0.22043598133960807,0.663140514245429,0.5997382347614686,0.8238719986779718,0.7422735605233078,0.3171431860755266,0.4304149823007588,-0.10656596643107416,0.6346036058361934,0.25721700169247397,0.7925230320599506,0.2353047754062989,-0.6322371315009039,-0.5767032657397427,0.20858683994320612,0.24588005567798055,-0.6808132250892857,-0.08044338264615025,-0.47826556247697816,-0.3820086779945718,-0.04630173086434224,-0.27356849837712827,0.003748614252922811,-0.5250518075196656,-0.43295998873577185,-0.3104502794948716,-0.3461948791415111,-0.577308551759598,-0.3667103003265925,-0.7959538525723597,-0.7810198239078564,-0.21230281467242207,0.00873718463437616,-0.6454378549758684
ROI_017,-0.28300833127252706,0.7677846561363002,0.8894080134525166,0.8304932496830454,0.36167137070985783,0.6726735911478329,-0.5819434282871238,0.981390588455929,0.8099763030362951,1.2780008465369304,1.1993349808267855,1.4133893909965691,0.9888531255183056,0.9607626041957404,0.8990688572405288,1.0777818798716707,7.254328619247669,1.3298894570512987,1.1277639698142001,0.5170401421920365,0.936518781892553,0.7911913210411053,0.4113762072147,0.5323245084189072,0.7308039328466159,0.8289205659108827,-0.5861715565587886,-0.18038734996288933,0.573627844697045,0.27208966677062396,-0.3894479434914213,-0.8406777957020574,-0.6276070881071434,1.0465953780553987,-0.2984450944618876,-0.5149356493883256,-0.4187428421574584,-1.0399089396713894,-0.43298656496828525,-0.7816167628130969,-0.8109530955669312,-0.48734709902057094,-0.7457015234723302,-1.2223582843072607,-0.9562271439316704,-1.274232284899318,-0.9305083807778709,-0.832511050693512,-0.5569268533705889,-1.207055625645439,-0.2424509540957475,0.846739606412941,0.85553297912073,0.7961721478585623,0.6713120819857393,0.9631731489010852,1.0766682375880847,1.07047915808089,0.8528983255800487,0.7904648784588675,0.8566502734202671,0.8357802056843036,0.8175448534735592,1.0483008694580067,0.9082040150787847,1.0433197971259214,-0.10079197071884255,0.9309104220072015,0.8418201308488642,1.0409761651247087,0.8290989217698901,0.5407490177000411,0.5935191318560387,0.00026689860329549505,0.9675020861600633,0.3969512730326797,0.8885495540839216,0.4437054410243253,-0.8854964929230925,-0.897224682292511,0.31786900777888677,0.050780666894102065,-1.0727969008714004,-0.22633192978217598,-0.5589352231971945,-0.458334397027091,-0.16650961801274727,-0.17557051649627486,-0.14881994544245522,-0.629712808568749,-0.7240707206929404,-0.3036371949593022,-0.20084282170062445,-0.7200807365837631,-0.18295151731722137,-0.9655239213571073,-1.064381639530538,-0.5478561775147355,-0.33957929224811767,-0.909698390476387
ROI_018,-0.3717262755813249,1.1677935604309067,1.2215430062810588,1.2502273186996922,0.602756132251239,0.9312291043390032,-0.74209987833938,1.574319964312012,1.2398632311191466,1.3073016058863147,1.3251766283048205,1.4568236798573162,1.1850488273471649,1.4597512413568794,1.391113397604315,1.0263015948080427,1.3298894570512987,7.254328619247669,1.4790439613092268,0.7627692989644811,1.3214473327655774,0.5822564595411854,0.5506187109374782,0.36489003695023897,0.7347463490141474,0.8315597363377004,-0.37232947424359836,0.023640216884168196,0.6660162307515928,0.502904428087023,-0.3307193258665039,-0.9409268684793078,-0.7388985565331841,1.152790829515236,-0.47895268064666047,-0.32349378187235184,-0.2776807014485053,-0.9160856465381957,-0.423450686411917,-0.7780681404945814,-0.9023170775603668,-0.4038197973671851,-0.9478188639479443,-0.8516891480691229,-1.03276223554673,-1.3664035855573216,-1.1513683700356392,-0.9352194160815959,-0.4003778147675407,-1.1667986730150426,-0.2172031978306028,1.0912349718464538,1.125843188218246,1.2017215064126172,1.0192945750535096,1.2683957155084493,1.5473261811877048,1.5199821931111877,0.8425200323850617,0.9672889662736226,0.9513348217303071,1.005658924475183,0.983663754039322,1.465317362133958,1.2350096645234,1.5270724384695027,-0.17343358249777854,1.1295553128769122,1.1867899580945522,1.5740910422351502,1.1353001336761817,0.5721049947696825,0.7443118635154197,0.037124049119524175,1.0226016339322959,0.49778652878649876,0.9912254040461074,0.6725054423481492,-1.0314317977529177,-1.0487625003259187,0.3506123016177108,-0.011137314518256326,-1.2198471379482707,-0.3810139862284366,-0.40313562758883253,-0.5233387227624987,-0.15046950691840694,0.027400859310593394,-0.07493454171025356,-0.7421467163966652,-0.9467055416649416,-0.2853651528796429,-0.1591663090736488,-0.6851376617264122,-0.19793189038715034,-0.7012077898106718,-1.2193902820238398,-0.4208065839103829,-0.2697070686831678,-0.7512117237865565
ROI_019,-0.5312503029039151,1.1155515455559073,1.1002568918407183,1.1444172487824333,0.6252738243239456,0.75129307099918,-0.7480290517342334,1.2767047285116997,1.1675166089735414,1.2287510777938404,1.3659707395880358,1.3922983513080014,1.2301637544464483,1.3808619048090434,1.2878975461970532,0.7217159204238428,1.1277639698142004,1.4790439613092268,7.254328619247669,0.7316566274524765,1.2853203856106183,0.49676418922243154,0.6159629173603708,0.40245730071109104,0.6375904034207476,0.7758016764164782,-0.3232854165800875,0.023779086709361165,0.6445627544488741,0.5782888117152739,-0.38709177688350455,-0.8778520673272892,-0.8391495323205852,0.9424943584377805,-0.6187209614657708,-0.3045871934349134,-0.2625237193629826,-0.7720066603544924,-0.35619113023590715,-0.6009738291902809,-0.7394728482025884,-0.3287927089646703,-0.8474197730497941,-0.7929218309511138,-0.9910771733544121,-1.0424667356346293,-0.9216454600044948,-0.9395462230775206,-0.4711898806476312,-0.9503462124540487,-0.34351717718358804,1.0757124235543987,0.9627523996106411,1.0685814366061468,0.8843488692865079,0.9634762140164197,1.2515387513921254,1.3013276025699503,0.8364603365133676,0.9696827126638108,0.9203984859775176,1.0582197114548855,0.961891882415457,1.3080048090628804,1.1449262841909604,1.346096302772927,-0.30760732772070115,1.1998111702813685,1.2791382241544633,1.3757121035688156,1.081464161306692,0.533456159690616,0.8171021830015149,0.04513187293871034,1.0343377012856323,0.5282424779165121,0.8483269771285421,0.7306898727716433,-1.0178106624403063,-0.9660580221389681,0.33640711486735675,-0.05046897436222467,-1.0989279589049106,-0.5127370926710569,-0.3047626483964776,-0.41189349749106324,-0.10876309515935478,0.08891006365820901,-0.05602765729860826,-0.5362057062030847,-0.979255411055233,-0.22240076714326656,-0.06917924132311233,-0.5978844470450378,-0.09132179987613667,-0.5820056049263118,-0.9580801173537542,-0.37842946919848247,-0.3840146217071601,-0.5083260329145648
ROI_020,-0.11275094461782845,0.6525683349294032,0.7054385028141194,0.7664623998923197,0.8141514397808468,0.9446751515675218,-0.2232955564013232,0.6484488394276651,0.8990450172417118,0.4045398801485554,0.6884198037410889,0.5235631509303028,0.7210514120880265,0.9109774858675467,0.8569226910224355,0.5889132197476249,0.5170401421920365,0.7627692989644811,0.7316566274524765,7.254328619247669,0.7127559012096615,0.4046140692233934,0.6752081816653155,0.37761245992098796,0.3080852680941393,0.3109230856098875,0.037359037964665484,0.22787897424452389,0.4499975017559979,0.6206126759131753,-0.28932182541163476,-0.3925740801539936,-0.37413772970948195,0.9501463199115563,-0.2560122799225188,0.3170727699474528,0.1196153126498284,-0.28487291196890197,-0.14309407637124438,-0.14757940678081533,-0.1437365959149705,-0.10181141320293205,-0.4614861530245168,-0.24909933030812445,-0.40572681671241306,-0.4933831094654741,-0.4040090524197638,-0.329149170028004,0.13736397692302663,-0.28969718006663187,-0.00879261226535833,0.6662073700215282,0.6516229900022762,0.7778870141952519,1.0302642468642702,0.7951081056781597,0.6087264910579264,0.7926515117752735,0.33107829762887664,0.5313087499151576,0.4362049172253201,0.6464901295190089,0.7022612629660492,0.8656018042104066,0.7749473503958423,0.787373441948912,0.25299031745651906,0.5916997573195051,0.8466713832428859,0.7796638387697136,0.6196993855182126,0.37316432577433695,0.6935187154051393,0.3027863275838428,0.4166090617876556,0.31492596322327115,0.9528671286836299,0.5373111017451079,-0.45656554607685573,-0.4948418448405236,0.5993482070915466,0.5453488164139971,-0.35537227952582173,-0.1499303108268976,0.06801110591975577,0.07643073966394243,0.22176138448476787,0.2345094454799721,0.6851051130821607,-0.04825655430856579,-0.3959614833317389,-0.06033906629031246,0.008998515291067198,-0.273096561217204,0.06882192005698883,-0.2396571665620079,-0.36715669921562594,0.17141443346676308,0.2230607564020173,-0.056468343048241845
ROI_021,-0.4872954404986978,1.1758677361363175,1.117429263560334,1.1092192266290617,0.6669938293688313,0.8712724018583964,-0.6587627071869445,1.3893404919873007,1.2870767573259174,1.1508955946332575,1.4624719486228948,1.1784641718118871,1.0636666872436713,1.4074834299680292,1.4215701689638576,0.7720673371097354,0.936518781892553,1.321447332765577,1.2853203856106183,0.7127559012096613,7.254328619247669,0.33056066163076525,0.46825752548047805,0.24197327288128656,0.5473243625243273,0.6714674520746041,-0.21358368474684897,0.05709063394950597,0.7718008193602856,0.5963660482121773,-0.36609790348247045,-0.8203526916985159,-0.7186057803342676,0.7044966244535925,-0.5523833147375167,-0.3201985542210566,-0.26693483866401846,-0.7473449551196848,-0.35318224296362877,-0.6501798056823218,-0.7635250011257483,-0.3165550422245551,-0.8914102287405935,-0.6480270977289835,-0.8553090101750127,-0.8819880052912669,-0.8831811063567176,-0.7744621024162349,-0.4177351483800352,-0.8651530149516157,-0.36097316136920465,1.120104016432584,0.998476407499559,1.0920761085745392,1.0371806450114778,1.0951651759284655,1.3072987659371917,1.378389808351699,0.8349896076252966,0.9453492923539156,0.9697283562202577,1.0448467009627387,0.8894521071764624,1.2754812256570363,1.4444268223693064,1.3126641349414374,-0.299395376243028,1.0526935244211129,1.0587860993680314,1.1595083076601311,1.3600175457727584,0.5092487738236636,0.7301429488995189,-0.016507252956906537,0.9558009531257777,0.5241783991793196,0.7893348442529391,0.6725737340511649,-0.9224289342897306,-0.8575557867290603,0.29699891278558843,-0.12510654019755982,-0.9325342508834005,-0.46492988872172675,-0.20847919464884676,-0.38698066052551794,-0.17902726207393513,0.1897867570789935,-0.07565267441811882,-0.5486403433925444,-0.8445409716735025,-0.23706276351089153,-0.040067293401145634,-0.6080193796903793,-0.133792749028143,-0.5037794416435134,-0.8296550454422417,-0.2850529563304698,-0.29470017788575725,-0.48133955388302563
ROI_022,0.07617897210468849,0.1564605801557997,0.29582936798850434,0.2438598744757613,0.15394600057465083,0.30364905638575523,-0.126513499128443,0.3052958414935134,0.31139342911486073,0.4152787210507018,0.4987220231366297,0.6171218840513009,0.6812767370947402,0.6157307826132326,0.453385785325853,0.6625855506438618,0.7911913210411056,0.5822564595411854,0.49676418922243154,0.4046140692233933,0.33056066163076525,7.254328619247669,0.5696997948533319,0.8013095802428079,0.32900897456087513,0.507358630505647,-0.32841245509959593,-0.2185539777791874,0.18774296033298174,0.3663824296893422,-0.08830032221602149,-0.37934719564642444,-0.15778329062779645,0.8662999388939546,0.1640909231797555,-0.10180204092953367,-0.28068716496252016,-0.37432267570412064,-0.04620702697361233,-0.16501812634297003,-0.19466602379161177,-0.18430867787009478,-0.09887089239600243,-0.5207330382785231,-0.2971927908304303,-0.5192662650195196,-0.2624657248904316,-0.2545574650984647,-0.1610044556109558,-0.47152058695303717,-0.14760822060165152,0.2063101243943725,0.19873551186599406,0.185177039675751,0.2662743434152649,0.4062310771406128,0.29470717620859754,0.3667709400084937,0.23706135869227293,0.22973004981636608,0.22115662597798103,0.2758092137490555,0.4360944177785632,0.4527615792010105,0.39438705495113047,0.5657288685857015,0.10834731327086226,0.34694673949526855,0.3234739477148989,0.4065788238959162,0.2701667534494111,0.18930770126332172,0.2528495268285198,-0.028259948134563454,0.23560481793657312,-0.041521888980808455,0.6287180338992967,0.23526482834899176,-0.3442188706879802,-0.5176870740869174,0.2530498781617369,0.29263337913954457,-0.4225277499449792,-0.0036062156015521183,-0.5579387371917919,-0.12244279080101074,-0.020050867189262352,-0.3255509785524574,0.18799178232496447,-0.30355853809599265,-0.3879241470283114,-0.5164954873422859,-0.34760863179977053,-0.28534748301791363,-0.1600254032031408,-0.48025463989136713,-0.46781983220334755,-0.24814809229184434,-0.06479378778040899,-0.4593050356621302
ROI_023,-0.09606025246880338,0.36985833557642317,0.44015538422921685,0.3170457438725289,0.33802157968160534,0.2847919303507899,-0.11069904838906812,0.3592404705653411,0.37807636071414996,0.3708192219671242,0.469325159430767,0.4633822138397464,0.5808676289722903,0.6925161233091183,0.5066597196231732,0.39962434903235,0.4113762072147001,0.5506187109374782,0.6159629173603708,0.6752081816653155,0.4682575254804781,0.5696997948533319,7.254328619247669,0.5487473956376805,0.37613004282643786,0.3424351548826442,-0.0029218203283287287,-0.040691541293889695,0.1752540789234698,0.4341304331855771,0.06262402775101032,-0.12397490450265802,-0.15745321478443217,0.7648345499605745,0.06940110907268113,0.1773488946263516,0.21337249784838902,-0.12801825720578897,-0.009969515700546468,0.0017517071044106695,0.02783493655254989,-0.032766330683056226,-0.05655205588377914,-0.16634490292328635,-0.1377923017148402,-0.2969559894537202,-0.1076626443220658,-0.1165465470393073,-0.06637760172611794,-0.1448358974178291,-0.1394443677364306,0.3358904043111591,0.22305395610450943,0.2765699580280824,0.3558865867408967,0.3170478427976681,0.30420655854183304,0.34216714580021146,0.18419117134564078,0.20952204231297478,0.14768762873631172,0.23669690026794193,0.3055370530209572,0.4115023976430755,0.45258928927073827,0.5516139541229685,-0.0054079054477470636,0.38072277360467166,0.49601852899088755,0.5512343090528194,0.26398416334606756,0.1144495567940204,0.49112115328400496,0.09812842891201165,0.22796116691015514,-0.010738143754520773,0.43203513392717724,0.3696172608156182,-0.18857150230338135,-0.35509410797109486,0.2725778801115354,0.1754840117830528,-0.22450669693871167,-0.11885348537331218,-0.1727272111956377,-0.05104898789134323,0.145932414859407,-0.013333455507639506,0.30569185490532763,-0.0672914650254487,-0.4204116167481288,-0.20047353431834122,-0.1731843899070903,-0.15241951374512602,-0.14541617646645916,-0.1727604412522942,-0.2529170327220757,-0.033146034149373796,-0.12434493736622317,0.006331996923989177
ROI_024,-0.1521542417885257,0.07944973590396628,0.15303830408827318,0.08670327718657174,0.11989361844820008,0.048565482070590325,-0.2760885771129906,0.12116204711160813,0.10478509520198273,0.39198410609932294,0.3825329037577922,0.4434379000457159,0.45564669977844724,0.4504655494668298,0.395346773762061,0.2554521464917087,0.5323245084189072,0.36489003695023897,0.4024573007110911,0.37761245992098796,0.2419732728812865,0.8013095802428081,0.5487473956376804,7.254328619247669,0.40965060283783256,0.5775232506104175,-0.06451614154844733,0.0585050912785847,0.35860295837260414,0.5281575557506726,0.12834062773877192,-0.15763515110916407,-0.1581034416297811,0.5533094340482714,0.1965499637188095,-0.1663191025267986,-0.14295011194685267,-0.17761768151455248,0.15445690280349963,0.053252170550366955,-0.0720677263484247,0.11781515649660822,0.06323708377868006,-0.26840468354586294,-0.18256724717438338,-0.25055915699181824,-0.16027330267871256,-0.2705453415445093,-0.359584739398303,-0.3751022240573708,-0.3264650743204261,0.11261551802211153,0.07825928814339655,0.0388446735932816,0.19030434239645694,0.12266228308896562,0.12089045404623512,0.17712132018050236,0.2208427576081541,0.16279220406786318,0.19573450095506592,0.18044323339978474,0.32390287957807795,0.34998676184296734,0.2893048750981463,0.43051863410591684,-0.0042210091099465575,0.28363217633828325,0.38545574735883686,0.3181741463252532,0.1905236567366318,0.48065340372584675,0.46462410407033516,0.4576125808270727,0.338962932121073,0.21624986842860044,0.45360285944482914,0.4915515414503141,-0.17454091983011527,-0.32254220489799995,0.6425145996738727,0.21652825160942002,-0.18314378671593518,0.25726617607753927,-0.05135974946839157,0.14283940305368437,-0.024939869777807582,0.12307239218809236,0.2219775559744436,0.04024085153583903,-0.21173512202551115,-0.12151497552393818,0.22169159110878914,0.00782265399826847,0.3606511208480579,-0.12997907030172143,-0.16061195050452912,-0.09846715068782932,-0.3149542413402108,-0.23688264570487821
ROI_025,-0.2840642054898872,0.5265627089123889,0.6342804213293858,0.5050462362932429,0.16254716683791484,0.29539011817267513,-0.46498217801377034,0.5838500267443936,0.36769099812124006,0.7758640099347095,0.5288795097701384,0.6357613344503626,0.43780533860604476,0.5441276864017562,0.5063280281787049,0.5832520234681455,0.7308039328466158,0.7347463490141474,0.6375904034207477,0.3080852680941393,0.5473243625243274,0.32900897456087513,0.3761300428264379,0.40965060283783256,7.254328619247669,0.9963954201855442,-0.17118721107475438,0.16714856775473885,0.4575176929755356,0.2049726599450205,0.013109278587698866,-0.2894990420210759,-0.25869185698943725,0.6133169319821586,-0.03715810867377549,-0.38353777761609503,-0.045771690624680846,-0.3716807615330897,-0.15221705836168967,-0.535820646002089,-0.5700698078040872,-0.05617939143596556,-0.37728432381870186,-0.4640020134409305,-0.4448844899269351,-0.6272575004399726,-0.6424463924117128,-0.46893792294511805,-0.38744399488737047,-0.658797011156439,-0.11174049755719327,0.48566802357510475,0.5248940163085867,0.45731692160357595,0.3684332620902772,0.3992862237988909,0.6153515330468241,0.4871067152241582,0.48224926524012407,0.41665498756635927,0.48921102584477627,0.31875832272331733,0.311747375083517,0.5286077802736706,0.37696228412104993,0.5430907682317955,-0.043474564322880556,0.47142435357801166,0.518853581253192,0.6568340796053562,0.44475993376005357,0.45827283093471055,0.46148641832040993,0.27686470100185673,0.663055845473526,0.4487109656425743,0.4474562766853487,0.46785765157354503,-0.38912827752955453,-0.42324254051347565,0.30956421114111937,-0.16140703517885951,-0.5271340311268145,0.04371501169061683,-0.2052701769358267,-0.41661188535877997,-0.009106723637128833,0.07840863241176285,-0.18626087130590513,-0.4532860845782,-0.46252550600207615,-0.0018249918788705846,0.08079362924337467,-0.30468019344330544,-0.052640342034481785,-0.2932651694344268,-0.5327571445446042,-0.3411132470187884,-0.33961712367299857,-0.4656976865500134
ROI_026,-0.38160806119932555,0.5775295690468487,0.5783133653478005,0.559345279908551,0.22215418751373472,0.39297893453284044,-0.6426252986061005,0.7073628857913187,0.507821476721168,0.9020384910853783,0.7156357340588118,0.8719652197908339,0.5959602377110732,0.7174564854918594,0.6483213144404101,0.43112894463518653,0.8289205659108827,0.8315597363377004,0.7758016764164782,0.3109230856098875,0.6714674520746041,0.507358630505647,0.3424351548826442,0.5775232506104174,0.9963954201855442,7.254328619247669,-0.07998924666238429,0.25784381997235306,0.5284201358688602,0.482328611187968,-0.095608387269617,-0.5060856845653907,-0.4596073218298056,0.5493791749462983,-0.18779923460030895,-0.36304182993644374,-0.25054930095203903,-0.47408058708705386,-0.010766078186049863,-0.42252011100471043,-0.7319621361448988,-0.002123198403157201,-0.4307244836724013,-0.46376553922803965,-0.5790103335985618,-0.7416712035043158,-0.788337260095379,-0.663149270201992,-0.46945393242438416,-0.8443872489417905,-0.446648469109326,0.4723391360104687,0.45365938566621955,0.4504996627844004,0.4009820782088594,0.501962652651617,0.6514213009827443,0.5869911374486453,0.4776004942961805,0.48307166271657925,0.537135845814412,0.39226544219840453,0.39125252445710457,0.6026535549254258,0.5112874151727762,0.6742857151792059,-0.3584553938788147,0.4959708507989517,0.5635887534862968,0.6253508492717127,0.5290013012532792,0.41240212695755724,0.41215488013129975,0.20514513326126488,0.6671901121589704,0.43513672504365836,0.45648425541112075,0.6100897345544203,-0.6502398616312739,-0.7259037193025307,0.22917154333815495,-0.348226369334766,-0.7614576871307933,-0.244987578783503,-0.21588622771033839,-0.5261075867367146,-0.1043007290282544,0.19919461220357115,-0.10436982505821892,-0.6021585400002785,-0.77966349672328,-0.2480223901307598,0.07353114802611736,-0.3934541717768308,-0.04345353530663967,-0.2957967873182345,-0.7244331796104747,-0.39353970334008254,-0.4278775477027058,-0.576019286428822
ROI_027,0.18771554748918584,-0.13593082197535997,-0.25344379324808647,-0.2018724331987677,0.09215547238074576,-0.16924040015008615,0.27429536000131505,-0.26232189610075285,-0.16851832620147708,-0.3535213539836415,-0.36924641208907993,-0.4104790114785896,-0.34858189394795114,-0.22862089357849055,-0.21253485900190314,-0.4086940410400937,-0.5861715565587884,-0.37232947424359847,-0.32328541658008764,0.037359037964665484,-0.21358368474684897,-0.3284124550995959,-0.0029218203283287282,-0.06451614154844733,-0.17118721107475435,-0.07998924666238429,7.254328619247669,0.71446033963248,-0.01647017331522786,0.27994871794967946,0.39280020904479745,0.5443558065602077,0.4058240081719953,-0.33984826880495195,0.24561309824415603,0.7087431497591355,0.6724406148287795,0.668702914839462,0.5994852073307352,0.5959579621114198,0.4322223016036485,0.5990413497480953,0.3462880206431733,1.1070732139683386,0.6441169330353999,0.6183111240884028,0.3554989718867841,0.5367277146572994,0.4952203522255711,0.5233248521008278,0.09082479103715865,-0.2511084300618923,-0.2505491753803078,-0.2119637941794139,-0.09326290490515166,-0.3470637468377027,-0.34779330229862415,-0.36807577459473717,-0.3528337155560618,-0.40238550876301526,-0.30580070918061764,-0.3930172213776169,-0.4034175127916566,-0.3786827319925007,-0.24774586651170621,-0.35019564510096285,0.013086104273403393,-0.3945718347150286,-0.24597411561749927,-0.36437644554391563,-0.21839263418839977,-0.20841095517211528,-0.07437608042765313,0.2758249316210985,-0.3248632917525071,-0.05828547877308128,-0.3179064927571366,-0.00843319745583837,0.41493381648964217,0.33280437043621214,0.027652391358971577,-0.1543264292703183,0.5863501177635447,-0.003684211171397914,0.9719601719365591,0.22772151142714167,0.37694377472802143,0.5910390455829906,0.5507721914093391,0.34854654234655164,0.25320562941701447,0.20332951403676752,0.39267506548604997,0.4131393997561943,0.16494978076306985,0.9846559759224586,0.5151789748962726,0.87977028904744,0.2841371468352228,0.7440789714539668
ROI_028,-0.19440446936676636,0.1857658709224819,0.07353761842448792,0.19636855714726167,0.3120539056623481,0.1533170809553542,-0.2836782985416438,0.12793695247540207,0.14544496326523162,-0.0014096126230436047,-0.08645452098304889,-0.06779423029878993,-0.12163483979058867,0.09262867851243202,0.18204774088729647,-0.14565498590877343,-0.18038734996288933,0.023640216884168196,0.02377908670936116,0.22787897424452389,0.05709063394950597,-0.21855397777918742,-0.04069154129388969,0.0585050912785847,0.16714856775473888,0.25784381997235317,0.71446033963248,7.254328619247669,0.4100648136003506,0.4793564009988057,0.06349115555219521,0.05331780951112738,-0.11225277806979542,-0.058967146061334554,-0.04245024221842628,0.31049435148969295,0.37975259295763025,0.14955904302901504,0.15139700551695218,-0.012863235519077835,-0.11394354692972776,0.28366226530346256,-0.09009605777617831,0.35290215437054745,0.01377155405157834,0.08830444050670506,-0.14817625336218468,-0.06478692027906112,0.19530587724751303,-0.025953145286310386,0.002944311330750336,0.1012993599485199,0.12663082414026064,0.15644821398317096,0.269410396596827,-0.011828408052510068,0.08448939030126547,0.0746219057271635,0.05560604958346494,0.0757419114259651,0.12828546393045517,0.03972535910796099,0.06772197587469643,0.1181066822272299,0.07258553113224865,0.09549382906093815,-0.027566356272890537,-0.0533522820532496,0.1647787444912708,0.07825419229743588,0.15481183833850992,0.29146985068761766,0.1955423459999395,0.4996720727203563,0.13288847706588022,0.41333082342444327,0.10333656296276926,0.36194107502289224,-0.03998736003138319,-0.004327504066897547,0.337504370564132,-0.07532933460026861,0.0491657046897887,0.06346465074134802,0.774425000142056,0.14445959494797242,0.30348772867214474,0.7559680296322377,0.31798121630027704,0.0702520103974249,-0.03188397387270497,0.3211635873400854,0.5211373995754794,0.1663838982235808,0.3568796414983694,0.4032748287630632,0.09329971128554877,0.48149851638665464,0.10192997114462497,0.13311380875152873
ROI_029,-0.406701433870133,0.6917957050647338,0.6059298339088586,0.6932824645071324,0.5452353200765788,0.47727276907277344,-0.7268044381833938,0.7108074923416914,0.6445153682118624,0.7278664919535103,0.6777719433781907,0.6335038024676063,0.5440448083576469,0.6871062546033301,0.810918207708351,0.38895328823307745,0.5736278446970449,0.6660162307515928,0.6445627544488741,0.4499975017559979,0.7718008193602856,0.1877429603329817,0.17525407892346984,0.35860295837260414,0.4575176929755356,0.5284201358688602,-0.016470173315227855,0.4100648136003506,7.254328619247669,0.5621904039096808,-0.26606322260149906,-0.5183952507765278,-0.6023100148480967,0.469888834870928,-0.3750438989628464,-0.29188601880641907,-0.13374619478583308,-0.5290508297737797,-0.29306327074208527,-0.5099858315699558,-0.589872224111739,-0.2325032851110919,-0.6086933996272644,-0.4144592429317522,-0.6436196084570113,-0.49213140806350564,-0.6784482688773269,-0.6250975725875426,-0.34677401751790016,-0.698066008132993,-0.2780950219811665,0.6629880910876298,0.6977600262559434,0.6722433273702888,0.6931177117454462,0.5326759430994201,0.7210363538594393,0.7390122230082254,0.720156324035884,0.7049404006859331,0.7919050586800637,0.7357646854014599,0.6262484414881809,0.7912839943215869,0.7326434471479607,0.8037707719105556,-0.18299723807944465,0.666196231568076,0.7686667011565591,0.6564453483114321,0.7955413540950849,0.7791655935474816,0.7241794369585481,0.2759915074585922,0.8363746699904289,0.6931593909081464,0.6294595693561437,0.6488779632982333,-0.5304460806705218,-0.44576789012836354,0.5245171286171981,-0.028827190660898974,-0.5475928348109095,-0.15143742144528663,0.16250348195235062,-0.06761365904088586,0.004276667996173132,0.34088493752064364,0.02571999919768948,-0.24061258622188206,-0.4185669796588692,0.09295282259488993,0.30492714208199695,-0.38363616986509136,0.25321538576684627,-0.2547824602954717,-0.4321798605040618,-0.025818165295576397,-0.30920159469743586,-0.3988908496854621
ROI_030,-0.3707801190829668,0.4427892615627987,0.3098260641208716,0.4584865007095786,0.5124162629644288,0.4310580349149162,-0.46130187166169956,0.4546144212299762,0.55401567072162,0.35473008894778185,0.532291257183276,0.4615651937605082,0.6301638595060706,0.7655728735886276,0.8217363315277675,0.14149861771154135,0.27208966677062396,0.502904428087023,0.5782888117152739,0.6206126759131753,0.5963660482121774,0.36638242968934226,0.43413043318557715,0.5281575557506726,0.2049726599450205,0.48232861118796794,0.27994871794967946,0.4793564009988057,0.5621904039096808,7.254328619247669,-0.029286029372840586,-0.38247039521189335,-0.4864951242403689,0.3515367063615566,-0.32708345751106155,0.08337426884334927,-0.06283788945258874,-0.12711706592506075,0.15233143954635442,0.004706035429518708,-0.24153602109310804,0.20892581220355363,-0.23124605319278918,-0.04714549947435316,-0.3253157915480566,-0.2255578150729557,-0.34493410310697104,-0.431201349542725,-0.16072087742844232,-0.33618838230841297,-0.46341716136334893,0.38368350914521493,0.2863662296910953,0.3685081607140569,0.551312952344164,0.37942549269411296,0.38414139436035266,0.4833107083978624,0.2821494641880892,0.44810639801958785,0.42854952207651953,0.5347384471243203,0.5891153130715164,0.6457188534198082,0.6916537551540131,0.7249230734397882,-0.25613947622249333,0.5404412368478654,0.624652891116596,0.4755236394853202,0.5873477158115894,0.4717984488513425,0.6001650880674837,0.3237485970456874,0.38578731401872923,0.403020624458447,0.5076373387148494,0.8369804127310748,-0.38381580876641536,-0.4946506858623393,0.4257967534544996,0.01620149744367308,-0.3513733651661685,-0.3326689465771551,0.21438663187152934,0.05160895558348575,-0.07233704661926572,0.5000499737689544,0.3602818347183574,-0.09314808860097708,-0.49697045503426907,-0.034161174207002945,0.31195485023540576,-0.08812600284423656,0.31543754838984905,0.04090735877810127,-0.241546557013847,0.1309078074590106,-0.1622121591223584,-0.08264535547082663
ROI_031,0.3354669749706093,-0.5395014371300829,-0.5064262595124649,-0.578094766812782,-0.2632647707144195,-0.58633390149048,0.34751462830084573,-0.5203685619742541,-0.6115680453977157,-0.392388154829949,-0.4910307906356449,-0.4581052818550252,-0.2719557446388149,-0.3053344930735952,-0.2873551488771201,-0.3379426818899834,-0.3894479434914213,-0.3307193258665039,-0.38709177688350466,-0.28932182541163476,-0.36609790348247045,-0.0883003222160215,0.06262402775101032,0.12834062773877192,0.013109278587698866,-0.095608387269617,0.39280020904479745,0.06349115555219521,-0.26606322260149906,-0.029286029372840586,7.254328619247669,0.7494183781472677,0.7900807363248828,-0.2250726781300943,0.6282103046147457,0.16905089004102627,0.24638363301584879,0.7858315284146842,0.7011090525663789,0.597800214284664,0.5175271733392728,0.6269892151819954,0.7693225304537196,0.6198057099442915,0.8105299425244743,0.5760684939587473,0.5148895988885913,0.47956754259728357,0.15150069155787543,0.43622800259710426,0.10476711799554313,-0.6716748698119587,-0.5433679112055867,-0.650586608773935,-0.4620725949366747,-0.641687793820829,-0.5841383326042021,-0.6386693716924752,-0.6128417425059707,-0.6307057064548882,-0.5171925973717327,-0.5950627757429784,-0.4597823060407865,-0.47708401991511545,-0.3944958808783879,-0.3928764062222188,0.0031890037417396707,-0.37702505018979876,-0.418640657920173,-0.416872843131758,-0.5369856201952297,-0.20486609433370107,-0.23316386048886895,0.211333301195568,-0.45324362655385536,-0.32872158461312967,-0.42291039718666723,-0.2534327526248661,0.8033825991116034,0.3923131797331426,0.0012790579519546335,-0.13226892281787098,0.6347576763375449,0.33978715457667436,0.17334888360095088,0.26662113072290267,-0.07534264174314215,-0.008788478180263359,0.008445767792646254,0.315648765467106,0.36080917370865045,0.023363365303659574,0.18580711869952027,0.6492973111019914,0.22754462799077585,0.7423349809479898,0.5726259747606701,0.09473373092791205,-0.09819613184268224,0.46533695318486606
ROI_032,0.6412675592836555,-0.779708865106085,-0.7259039257568437,-0.9144967570058671,-0.393405312809353,-0.7973755231168339,0.8142471445305802,-1.0540068593392304,-1.00771477346075,-0.8606477909339492,-0.9742088027777825,-1.0263908836809839,-0.8592070754385458,-0.8781029181662258,-0.8787049698478526,-0.5723715451147735,-0.8406777957020574,-0.9409268684793078,-0.8778520673272892,-0.39257408015399353,-0.8203526916985155,-0.3793471956464246,-0.12397490450265802,-0.15763515110916407,-0.28949904202107596,-0.5060856845653907,0.5443558065602077,0.05331780951112738,-0.5183952507765278,-0.38247039521189335,0.7494183781472679,7.254328619247669,1.1654029182393615,-0.483445886535445,0.7969165188354446,0.4590156088739379,0.6617257484678216,1.2644906312684907,0.6150792775069347,0.8919220341503783,1.029557122231376,0.5680970874823482,1.1123827116739502,0.990824344882439,1.4514641529192227,1.150336856648667,1.0440321640255064,1.0899300806210284,0.48180285671180295,1.1759399925539218,0.43284920977854485,-0.921077563125881,-0.783829232530832,-0.9096106619090742,-0.7587474131988575,-0.9833027184512685,-1.0796383484021366,-1.2143444663388854,-0.7902413564269408,-1.0008132810207433,-0.8894086959293059,-1.0031568295265738,-0.939881626544835,-1.064882851944074,-0.9216532077656355,-1.07240051158854,0.35780520922371084,-0.8003906686299178,-0.7332297815553255,-0.8457481865155634,-0.9984029182154518,-0.48419683595152596,-0.49170693363628065,0.20014635390253352,-0.8312584542559119,-0.4097308110398232,-0.7539726785609738,-0.5839969904971891,1.4674416917774178,1.2377910341850158,-0.14134083213009846,0.09646021290174736,1.4455721620066349,0.4875453135038235,0.4430558369849919,0.51827066917606,0.3416539440499242,0.02139096094491475,0.24019797621701539,0.7712751880320182,0.9042148987340926,0.2807893997474677,0.1777743041947888,0.9931587842982503,0.17416421854426045,0.8750948071134776,1.150755187440538,0.5234940091035905,0.2424109112272357,0.9627388309694211
ROI_033,0.8265943778523546,-0.8558785357225974,-0.5973057554311864,-0.8302662843950159,-0.35299197698176776,-0.599915028977871,1.0670279681624504,-0.8687071840474242,-0.7950165061191724,-0.7701292945209322,-0.8123681045237512,-0.8463713829323233,-0.6302977997538269,-0.6827582811795169,-0.7532453103279884,-0.2822388052461804,-0.6276070881071434,-0.7388985565331841,-0.839149532320585,-0.37413772970948195,-0.7186057803342678,-0.1577832906277965,-0.1574532147844321,-0.1581034416297811,-0.25869185698943725,-0.45960732182980557,0.40582400817199527,-0.11225277806979539,-0.6023100148480967,-0.4864951242403689,0.7900807363248828,1.1654029182393615,7.254328619247669,-0.38463063709544676,1.0107922619478429,0.450759369389513,0.4187304084338957,0.9768820625858934,0.6182356605449236,0.75616121876835,0.9199947090805739,0.43734838158927053,0.9805316723627251,0.7533606420737368,1.3560445996645336,0.8502310739477178,1.0081939467682508,1.2166169846622368,0.6284996474577744,0.9445170170160927,0.40152930827351724,-0.9292301309249622,-0.7129589219855773,-0.8163714730307255,-0.681386075763951,-0.7784259656141433,-0.9564395334171858,-0.9893614491179255,-0.9226404050430478,-1.0512903509437617,-0.9537977932682973,-1.0071558029417031,-0.8941072868013338,-0.9737934276855461,-0.8226886713202581,-0.920906588858305,0.39931898289672807,-0.8706835845866978,-0.9244166974466947,-0.8974079594642809,-0.8341017212313555,-0.637001757412849,-0.6339108629803186,-0.023282018798113428,-0.9609129173304128,-0.6620093038471138,-0.6155034563290599,-0.7919777371238365,1.079079457372459,0.8126709534346018,-0.23551161654011593,0.14510507944878046,1.1403126956362557,0.5247500887920924,0.1768866160030765,0.39254186504177746,0.2183940149756136,-0.17991509018388835,0.20695865718910153,0.5176524108068218,0.8066144993374753,-0.041983311527738994,-0.07231263559572018,0.6754136156798213,-0.002851918809311828,0.6513979511328746,0.8798723982214198,0.3729731546651567,0.34115247029060175,0.7298423816577098
ROI_034,-0.0537912690568419,0.6728947027635536,0.8163071726789701,0.7605508287387222,0.5302456714121851,0.700453757023444,-0.3801384963304617,0.7407049082454719,0.7518782447679655,0.7451469967497043,0.7965764911738745,0.8487277357369276,0.8475661629869113,1.0001868120477722,0.8666366023070126,0.9965330583756773,1.0465953780553987,1.1527908295152365,0.9424943584377803,0.9501463199115565,0.7044966244535927,0.8662999388939548,0.7648345499605744,0.5533094340482714,0.6133169319821588,0.5493791749462982,-0.339848268804952,-0.058967146061334554,0.469888834870928,0.3515367063615566,-0.2250726781300942,-0.48344588653544507,-0.3846306370954468,7.254328619247669,-0.13402219810196733,-0.052982445501876564,-0.06581411159769826,-0.5510065433519814,-0.35300591661695074,-0.41574333296709615,-0.36137744826337664,-0.3699877202877303,-0.5055402894496546,-0.6658999964987453,-0.590636930621503,-0.8621046869915459,-0.5895082296292328,-0.5009446376155636,-0.17754575948513526,-0.6380742760119484,0.07833680421178323,0.6385393922171061,0.7317777484720114,0.7625883128612285,0.7513583046307817,0.8325263653772005,0.7724148931438306,0.83585313075961,0.5238554909223393,0.5700312229822029,0.5194406592371058,0.620121262180475,0.7669031442286016,0.9325835659265684,0.7420820126050596,0.9353354463126698,0.19981775512443398,0.7481996688379682,0.8998742985471124,1.0369990915256404,0.6067875939364586,0.464307169719543,0.6400530874925369,0.17802373062380744,0.5958270729421363,0.3041068079082962,0.9942955756328642,0.44352615101915754,-0.5402826447227647,-0.5436970402473982,0.5356772205849301,0.4182022671924089,-0.6141157480254583,-0.08885897870991533,-0.3415001765447288,-0.15681123460478627,0.11596890092064097,-0.07541433607898364,0.26125297324240304,-0.31461741996743725,-0.5082090507370449,-0.23017436926038698,-0.20653323292249573,-0.40301455319464535,-0.08629939795688342,-0.5633917128087609,-0.6892368608537549,-0.18298770808760495,-0.08589600827190079,-0.4458435029897145
ROI_035,0.6094548398057887,-0.7548817810824443,-0.5103618884840508,-0.7043728828360258,-0.3157527529417418,-0.5203436066188656,0.6992144066702131,-0.6885479291623327,-0.7518477169919301,-0.4954833600553475,-0.515438578786951,-0.5542885523449006,-0.48034686792401154,-0.4224157400588232,-0.5470043308541243,-0.12060267771382044,-0.2984450944618876,-0.47895268064666047,-0.6187209614657708,-0.2560122799225188,-0.5523833147375167,0.1640909231797555,0.06940110907268113,0.1965499637188095,-0.03715810867377549,-0.18779923460030892,0.245613098244156,-0.042450242218426276,-0.3750438989628464,-0.32708345751106155,0.6282103046147457,0.7969165188354446,1.0107922619478429,-0.1340221981019673,7.254328619247669,0.30147537441298794,0.3714068370534941,0.53487510028475,0.48327620452757,0.47473891620672776,0.6851722953828036,0.3747267912137132,0.9625533753317014,0.46421966616090465,0.9166271883666102,0.5747460885505532,0.7814115227870856,0.8822754322024948,0.41694462966134654,0.5400317478180873,0.26867497853955347,-0.7584671783800948,-0.6699085195309495,-0.763674002320892,-0.4711696980064409,-0.631428657842191,-0.7440860711987092,-0.7507456178683476,-0.6893725548832251,-0.8770441909725356,-0.8192535242188927,-0.8845607207019841,-0.6896711981814333,-0.7024249131900183,-0.6399022771485827,-0.5874308047690304,0.370985447589506,-0.7763222322343709,-0.7492481049919177,-0.659715387708853,-0.7287932779576639,-0.42126757437220774,-0.5337352090969479,0.021919680049268826,-0.6654433174940222,-0.6256769088947745,-0.34331050797177354,-0.5707542598831559,0.7668386595464227,0.46328595181145843,-0.028913793552524058,0.19619672086482584,0.7650432008406511,0.792357343978172,0.027815322486468622,0.3876488980842196,0.20619147554732004,-0.13199168241072973,0.19347359195935102,0.41659189268326496,0.5813226907678279,-0.13825235902056845,-0.12482235110734982,0.4324041456541149,0.008628467693357404,0.38551272122830643,0.6591444842444372,0.20032663651725993,0.21935931710235135,0.4029303424401173
ROI_036,0.3917419779591378,-0.2260095188147119,-0.22987317276075558,-0.12798811717044142,0.2161764788825861,0.06126843498621048,0.4924513055496158,-0.2894821371807036,-0.09612601414273964,-0.600047403587864,-0.350045892932958,-0.5231435401099074,-0.26502840938136735,-0.1853479393628501,-0.2900642833603384,-0.2855931704222965,-0.5149356493883257,-0.3234937818723519,-0.30458719343491336,0.31707276994745276,-0.3201985542210566,-0.10180204092953365,0.1773488946263516,-0.1663191025267986,-0.383537777616095,-0.3630418299364437,0.7087431497591358,0.31049435148969284,-0.29188601880641907,0.08337426884334928,0.16905089004102627,0.4590156088739379,0.45075936938951305,-0.05298244550187657,0.30147537441298794,7.254328619247669,0.6746206687508678,0.6257919355330072,0.4080113854488558,0.6698747433085666,0.7368215434968978,0.25058901602565814,0.358010092942664,0.8110611985720244,0.6217444785799957,0.4545312770363303,0.526882408058546,0.6029025057158229,1.0935104164897564,0.7943970401269073,0.25682793127142195,-0.3248039110114008,-0.29637177666122105,-0.15463544179999963,-0.0022308459319072688,-0.2287226685008685,-0.4056505279983786,-0.30715362128694307,-0.5729696631999834,-0.44870479024431753,-0.5063924356586439,-0.34436195318936497,-0.31976668412309045,-0.3374185124443483,-0.3138560316425408,-0.3432717761592391,0.35578851913954335,-0.42898911501087106,-0.23451110307580944,-0.3110936416526615,-0.36682342220071984,-0.43840560487731933,-0.19728665423180144,0.0988135969159897,-0.5870363782437052,-0.3407931908576899,-0.152664729926241,-0.22020483827680679,0.3984621840421913,0.311056212686223,0.01797489584601725,0.4318824908813928,0.5784866557201715,0.05607190556291417,0.4888513757521126,0.40220904815737313,0.6271580350418315,0.21009556017400577,1.0724008555767492,0.4429883809153103,0.23655160578570075,0.07009523745381319,-0.06243059930633278,0.2948688395951941,-0.017161614703202335,0.5772292891641114,0.4457150894184237,0.7407086262954127,0.6587228444571085,0.8498279986474837
ROI_037,0.27543327229668957,-0.0643320564258452,-0.08530312377279026,-0.1778715662108436,0.059839519652166655,-0.14160522915389806,0.34249261252188307,-0.2549193333427598,-0.23193785029455036,-0.289507070705259,-0.4099174078728835,-0.4138891505328748,-0.46160542701390644,-0.27674306504443363,-0.2521107113258115,-0.17136020184545728,-0.4187428421574584,-0.2776807014485053,-0.2625237193629826,0.1196153126498284,-0.2669348386640184,-0.28068716496252016,0.21337249784838902,-0.14295011194685267,-0.045771690624680846,-0.25054930095203903,0.6724406148287797,0.37975259295763025,-0.1337461947858331,-0.06283788945258874,0.2463836330158488,0.6617257484678216,0.41873040843389564,-0.06581411159769826,0.3714068370534941,0.674620668750868,7.254328619247669,0.5774916049070347,0.2703077662429608,0.34971575566772506,0.4809689026832807,0.3088737532506727,0.31259443749355525,0.6449664272664137,0.5151763841076246,0.4438412637856007,0.3605998107607855,0.5603375349704697,0.47785552875980136,0.5713909257819348,0.5113787422989959,-0.12261105164498172,-0.11840016367948175,-0.12275015760140019,-0.13353771045799612,-0.2663255786685084,-0.2677351256589905,-0.3461319259280676,-0.23686558726272916,-0.32616501369072415,-0.3279150007215642,-0.3854036942758194,-0.32154367706599923,-0.3195713866618497,-0.2911027609098767,-0.3451631208380444,0.35163813397675736,-0.28719470965192034,-0.137982766611397,-0.16082539447795893,-0.27936240349727365,-0.14805898136419404,0.04940927660576197,0.3260948804690531,-0.2595076274079233,-0.010593035761828044,-0.2033402189901716,-0.21321077611157468,0.4102193449002568,0.5039558265644221,0.11090429868117845,0.17226660439437547,0.5467442921328255,0.27780195280842124,0.5814170226081377,0.29869823953037355,0.7364341330273299,0.29469212322144855,0.40853558826143604,0.4984501116147233,0.3830185965575435,0.37650670032071964,0.23834242932906172,0.4183182827467988,0.058921784184843874,0.5370599427084473,0.4590287433746922,0.6957848448100952,0.3070702612442363,0.6390871644982941
ROI_038,0.46357187716296866,-0.7538267424606744,-0.7947913373104938,-0.7835171639023504,-0.253909220562741,-0.6510619735580634,0.7245799206135402,-1.0070441566116923,-0.8236571283889597,-1.0011533344065646,-0.9438371457726026,-1.053537902234727,-0.6827469139277393,-0.70140077654576,-0.7023462064020134,-0.7058778731132604,-1.0399089396713894,-0.9160856465381958,-0.7720066603544926,-0.28487291196890197,-0.747344955119685,-0.37432267570412064,-0.128018257205789,-0.17761768151455248,-0.3716807615330897,-0.47408058708705386,0.668702914839462,0.14955904302901504,-0.5290508297737796,-0.12711706592506075,0.7858315284146842,1.2644906312684907,0.9768820625858934,-0.5510065433519814,0.53487510028475,0.6257919355330072,0.5774916049070347,7.254328619247669,0.831740203013423,1.143264170475411,1.114092374112186,0.8320367384385223,1.0647176782131307,1.2140519705768196,1.2510323675013715,1.2699853143821198,1.0272424235879691,0.9459291305297011,0.5095979713277604,1.3025618648828698,0.25920174201414375,-0.8855143501455269,-0.8240198183757034,-0.8555357765438084,-0.6732352870998796,-0.970281081449251,-1.1080022079478193,-1.1014704872562577,-0.92377379501529,-0.8402363106971524,-0.87632351558908,-0.826088972437455,-0.7452284483964023,-0.8767325060706899,-0.7603687359439374,-0.8688496071091112,0.22425148667503667,-0.7215712380113029,-0.6649762700373858,-0.8326992240867078,-0.8114095310159388,-0.470190763231144,-0.39152260475025513,0.20326698289395606,-0.8825046763377303,-0.37332149461230063,-0.6865863093471904,-0.4124190847274048,1.132637153821724,0.9170955629594495,-0.1324867232137683,0.08197498241362096,1.2954478141138095,0.32129043232430243,0.5261109240319555,0.6106216425630978,0.25574413994001555,0.13606113596788597,0.35640525437463627,0.8729216353802793,0.7107154940703768,0.2665668462681747,0.297851583194337,1.0392956268188276,0.29691320389058573,1.2054765965842549,1.2107119862048696,0.5881044987468335,0.22423514478730544,1.2034778372915074
ROI_039,0.32908290782211963,-0.545650815486045,-0.5194205721362383,-0.49984900917671593,-0.1447124033026634,-0.3162649924725577,0.49825811251693386,-0.5136083563743594,-0.4628780067958445,-0.5334019363177305,-0.38255067978205604,-0.4724413615916259,-0.21884296657064298,-0.2836510414046717,-0.33993837032388136,-0.46990656356468685,-0.43298656496828525,-0.42345068641191713,-0.35619113023590715,-0.14309407637124438,-0.35318224296362877,-0.04620702697361233,-0.00996951570054647,0.15445690280349963,-0.15221705836168967,-0.010766078186049863,0.5994852073307352,0.15139700551695215,-0.29306327074208527,0.15233143954635442,0.7011090525663789,0.6150792775069347,0.6182356605449236,-0.35300591661695074,0.48327620452757,0.4080113854488558,0.2703077662429608,0.8317402030134231,7.254328619247669,1.0562631959834112,0.6596877014697672,1.0821051533310813,0.8594461628702447,0.7692318460366692,0.7427439302142886,0.6741281499304537,0.594159684953873,0.4958419471210204,0.377654182237156,0.5897524992138888,-0.17548643602997907,-0.6729957786824011,-0.6859988002803245,-0.6366155303272205,-0.38490172245424836,-0.5875413706441865,-0.6683493122536434,-0.5968962915246172,-0.8186718274225238,-0.6951896832660575,-0.650597303060788,-0.5464383236856274,-0.6004863991704682,-0.5399974439814375,-0.4851322797143357,-0.46679340087173765,-0.09730502321796558,-0.4982833936896317,-0.5110756984753102,-0.6292690869302066,-0.5168835933067087,-0.45822393535752043,-0.3929209382191207,0.10423452053267042,-0.6730396127082698,-0.489589255362507,-0.4742529611798261,-0.20003267516124826,0.5327756926401378,0.2829002073680062,-0.19964516588184958,-0.13345968328762156,0.580139194964603,0.04099295812590334,0.2368873843837084,0.2751269324143301,0.08308869300676018,0.23538306339875661,0.34141284520414433,0.41051295937989307,0.22680158939201678,-0.05719061670446088,0.18931062632945553,0.5358142532658793,0.21555234991644978,0.7036032642494896,0.6051425058808683,0.21230917139095917,0.10688979588908108,0.6736570351223148
ROI_040,0.4523570955490395,-0.8107593180011009,-0.760687266382735,-0.7905219706719513,-0.26032158239081327,-0.517421951186187,0.7763879781856402,-0.9286451509339582,-0.6665262319177073,-0.9008352651927806,-0.6556376623672088,-0.83183594038226,-0.46597965306501077,-0.5189996394092646,-0.5970682435185645,-0.7040813263949625,-0.7816167628130969,-0.7780681404945814,-0.6009738291902809,-0.14757940678081533,-0.6501798056823218,-0.16501812634297003,0.0017517071044106693,0.053252170550366955,-0.535820646002089,-0.42252011100471043,0.5959579621114198,-0.012863235519077835,-0.5099858315699558,0.004706035429518708,0.597800214284664,0.8919220341503783,0.75616121876835,-0.41574333296709615,0.47473891620672776,0.6698747433085666,0.349715755667725,1.143264170475411,1.0562631959834117,7.254328619247669,1.3221166976165843,0.7613173037306059,1.0699994109478386,0.9913783231589967,1.047659163124939,1.0250337181006863,1.074236148338256,0.8335671432633264,0.5307905126858264,1.134143869173597,0.06792732161976557,-0.9042569657924602,-0.9011308006091122,-0.8289161650162733,-0.5546319970647401,-0.7916171064631894,-1.1081812298486575,-0.9047262770537214,-1.0391400468488547,-0.9330088548983071,-0.9691570716311767,-0.7571482393872381,-0.7235903566574702,-0.7836591046520736,-0.674640157296412,-0.738105967550251,0.14497837940040825,-0.6602550630119707,-0.5977004005921513,-0.8343235815906866,-0.79267149167894,-0.5226208247583759,-0.4235167041531186,0.15614620834347973,-0.9764427674511545,-0.5627462894346436,-0.5762963352714946,-0.3540762722630172,0.8502039205205068,0.6341499459618702,-0.10976857540389766,0.1670906591325283,1.03109589274299,0.17663827550935327,0.39394828423723727,0.6100883362893768,0.20707410728969386,0.12354110791309704,0.559491035953037,0.8463247151962877,0.5154958206748288,0.07669266598124251,0.19020360081152857,0.7559998668841229,0.28781322258627967,0.8404245507223609,0.9903256173199189,0.47376811366041566,0.2618775602255985,1.1214800029028136
ROI_041,0.5689141835880117,-0.8570396245751877,-0.7583399757926534,-0.8196869926857353,-0.19417541571124214,-0.551660712220916,1.0616802052629708,-1.0791006283057132,-0.7689395244987594,-1.0697007488220023,-0.7362616197157127,-0.99560749073661,-0.5555404712596591,-0.6354410964115175,-0.7427962475594468,-0.5638941715772302,-0.8109530955669314,-0.902317077560367,-0.7394728482025884,-0.1437365959149705,-0.7635250011257483,-0.1946660237916118,0.027834936552549885,-0.07206772634842469,-0.5700698078040874,-0.7319621361448986,0.4322223016036485,-0.11394354692972776,-0.5898722241117392,-0.2415360210931081,0.5175271733392727,1.029557122231376,0.9199947090805739,-0.36137744826337664,0.6851722953828033,0.7368215434968978,0.48096890268328063,1.114092374112186,0.6596877014697672,1.322116697616584,7.254328619247669,0.5311304958329265,1.1993714274090332,0.9170659189519941,1.2474817421562938,1.2140651338852484,1.6519725997534347,1.1834851095191445,0.634252355204617,1.5596315893809574,0.25688986384850143,-0.8657141789379439,-0.8880059229267484,-0.8135997335646873,-0.537046319031869,-0.8423547093972636,-1.163741308385134,-0.9648115067493821,-0.9756217648277574,-0.9523727813998403,-1.0483340321630494,-0.7701735370344813,-0.7179349617351779,-0.8828549918204742,-0.7600122295586658,-0.8499388109498018,0.3652358847337425,-0.7591555795014546,-0.7209539278777558,-0.8648669585420844,-0.8677792927761276,-0.6045685884407088,-0.44995161442321613,0.030794885901602467,-1.0605651219319707,-0.6827016616599908,-0.5224975473029848,-0.5547897366315221,1.0815908402104446,0.7853499023570277,-0.10405558134032504,0.3874469697596056,1.3719864310172916,0.36724861791900937,0.33158644932411624,0.7917366627566135,0.27314260331182244,-0.03982584730967994,0.5200066775760902,1.0673912895712891,0.7204300688721375,0.12196281391065716,0.030379003661231176,0.7178100072699706,0.1920054494852192,0.6945794492637214,1.264728221450602,0.4922985297195988,0.3487030813230797,1.261188860127949
ROI_042,0.16462354166547985,-0.4277958982142916,-0.4386262204823433,-0.4330530870482036,-0.08979189232080284,-0.3624151222044839,0.31054783713437906,-0.4981163294768736,-0.4428392191131032,-0.4626065818433267,-0.38886831794677135,-0.4289697958529053,-0.25911516571203624,-0.25968127792020407,-0.23993426989202535,-0.5001262336755823,-0.48734709902057094,-0.40381979736718515,-0.3287927089646703,-0.10181141320293205,-0.3165550422245551,-0.18430867787009478,-0.03276633068305623,0.11781515649660823,-0.05617939143596556,-0.0021231984031572005,0.5990413497480953,0.28366226530346256,-0.23250328511109186,0.20892581220355363,0.6269892151819956,0.5680970874823482,0.43734838158927053,-0.3699877202877303,0.3747267912137132,0.25058901602565814,0.3088737532506726,0.8320367384385223,1.082105153331081,0.7613173037306059,0.5311304958329265,7.254328619247669,0.754215673131454,0.7508302937309606,0.5902314754721281,0.6891136455174581,0.4841839327665965,0.4094826649280933,0.20105844021544156,0.5125178162029134,-0.03580218926425467,-0.4673481374044736,-0.5441260323472871,-0.5229024003152192,-0.2982092744609841,-0.5123249355411739,-0.5541263061922422,-0.5250156261144565,-0.6329684129864517,-0.4873914208014367,-0.532213595202535,-0.4714620811404575,-0.39626697788520193,-0.40089847816118107,-0.37999387970202825,-0.3903999780526149,-0.06931293311157584,-0.36219386913936136,-0.38226877655261093,-0.4875121149295053,-0.38259074051174496,-0.20858603024437708,-0.205721528893671,0.269558818565467,-0.5082125993959589,-0.21677962649402022,-0.3440417875870513,0.0030289005670028728,0.4942560594478801,0.30802426724326415,-0.02335918530154552,-0.14993462367057644,0.5610187503609101,0.12239505171740715,0.36157314208670244,0.38646277978154836,0.016110094582395085,0.34438569203762615,0.23691987235642434,0.5294718907187584,0.2916552574458026,0.1028257554425888,0.44797032200638215,0.6871228560025303,0.4321894430657445,0.7874514644187807,0.6669084187568766,0.24797033259815263,0.0012432950852862366,0.6073390954197584
ROI_043,0.4895907992387482,-1.133018898788765,-1.0025985338854593,-1.1439790310546132,-0.40038024283089135,-0.8837741717115215,0.7827152174538643,-1.2868834451439262,-1.1881434625691722,-0.9769534980839961,-0.865961794886794,-0.9180817140556626,-0.6048631263099064,-0.7117599386660391,-0.8130509762297319,-0.6652963105306394,-0.7457015234723302,-0.9478188639479443,-0.8474197730497941,-0.4614861530245168,-0.8914102287405937,-0.09887089239600241,-0.05655205588377914,0.06323708377868006,-0.37728432381870186,-0.4307244836724013,0.3462880206431733,-0.09009605777617831,-0.6086933996272644,-0.2312460531927892,0.7693225304537193,1.1123827116739502,0.9805316723627251,-0.5055402894496546,0.9625533753317014,0.3580100929426641,0.31259443749355525,1.0647176782131307,0.8594461628702444,1.0699994109478388,1.1993714274090332,0.754215673131454,7.254328619247669,0.8325884710868616,1.2695012120170812,1.250041474925925,1.4436876490947572,0.9762455989582833,0.3590571131580779,1.0223261303950222,0.13486654165862322,-1.2660347571118042,-1.3163697748422665,-1.3208033805967883,-0.8473777847105152,-1.1714068142016139,-1.4358767073114354,-1.3173872621140172,-1.0498934500185706,-1.1533350349575753,-1.1288236843180606,-1.003759601469663,-0.8371931773542747,-1.0512833974635496,-0.8997987365438834,-0.9050434690702513,0.17045458323987228,-0.8870067974228993,-0.9516002127855746,-1.0549206654854062,-1.0540071858223545,-0.5594144647148157,-0.627875876235912,0.02254100219263637,-1.0876657852035343,-0.7068550346395521,-0.6798975716162954,-0.4801489920762823,1.160003061396899,0.7346127754227012,-0.20011853318547423,0.09673493853445382,1.1726022596776515,0.44819106036631334,0.17322465326978395,0.6112526256339137,0.06793478455362204,-0.04773228138550436,0.1792329817985065,0.7508692001259395,0.6882322755355023,0.039864995012555915,0.05417697461032643,0.8264156727278116,0.23962823735859942,0.7321396908626931,1.1907962456122925,0.23826439413859898,0.10653186390088581,0.7867636448873492
ROI_044,0.3854904682565448,-0.5695623763609644,-0.6454532086005837,-0.6115336934968258,-0.13246970107868988,-0.49256930881536864,0.5718724088388387,-0.7288275246480387,-0.6071043393120488,-0.9229857961340255,-0.8126545332803645,-0.9706832559675511,-0.6664989809477679,-0.6364088787292516,-0.6622151692468955,-0.8314065933258127,-1.2223582843072611,-0.8516891480691231,-0.7929218309511138,-0.24909933030812445,-0.6480270977289834,-0.5207330382785231,-0.16634490292328635,-0.26840468354586294,-0.4640020134409305,-0.46376553922803965,1.1070732139683386,0.35290215437054745,-0.4144592429317522,-0.04714549947435316,0.6198057099442915,0.9908243448824392,0.7533606420737365,-0.6658999964987454,0.4642196661609047,0.8110611985720244,0.644966427266414,1.2140519705768196,0.7692318460366692,0.9913783231589967,0.9170659189519941,0.7508302937309606,0.8325884710868616,7.254328619247669,1.2557414832882068,1.2061267622677865,0.870448348753087,0.9190876916000321,0.6880374762344368,1.1371257601415383,0.17599632588691996,-0.7252479890590539,-0.7029659894826744,-0.6260952960623264,-0.4182115118014322,-0.7736954376618331,-0.8664958444184928,-0.8602406937208247,-0.8284789441358755,-0.8355227154889536,-0.7656884167453797,-0.7831818652950645,-0.7519486263143189,-0.8603304690616587,-0.7042720112189341,-0.8401583571428584,0.09053824146915213,-0.7816751930223508,-0.6447078014668861,-0.8078296368788054,-0.6988583742531282,-0.5109511992976455,-0.43259379115749885,0.13179010625324217,-0.849170450620394,-0.37375357314060653,-0.6920353882305839,-0.3068165385099598,0.903256423094314,0.7017221646061238,-0.15499038194814393,-0.05987742507368435,1.1593669506456326,0.19360699045163068,0.7229963285859003,0.4428391744324218,0.2867024441617843,0.3220316166368362,0.40516421326929986,0.6054071041050576,0.5551074585676108,0.19549401969799463,0.23647880032383997,0.7711084114105959,0.17509026433224362,1.4402246879758194,0.9852524981379217,0.6903694489020146,0.338619614735519,1.1294991233172906
ROI_045,0.6680133243273261,-0.9376177426600686,-0.8602606037783029,-1.0011366693998396,-0.3641399077242084,-0.7391462454278263,1.0054263999090625,-1.0879197253412882,-0.9646307299979396,-1.0315806587181755,-0.9548159715053112,-1.1138654415228546,-0.7491225848617135,-0.8292874207167882,-0.9520329801618421,-0.6162266623678159,-0.9562271439316704,-1.03276223554673,-0.9910771733544121,-0.40572681671241306,-0.8553090101750127,-0.2971927908304304,-0.13779230171484017,-0.18256724717438338,-0.4448844899269352,-0.5790103335985618,0.6441169330353999,0.01377155405157834,-0.6436196084570114,-0.3253157915480566,0.8105299425244746,1.451464152919222,1.356044599664534,-0.590636930621503,0.9166271883666102,0.6217444785799958,0.5151763841076246,1.2510323675013715,0.7427439302142889,1.047659163124939,1.2474817421562943,0.5902314754721281,1.2695012120170808,1.2557414832882063,7.254328619247669,1.3285032401236734,1.36044310223051,1.5022669516207052,0.6596975235348517,1.3300890954351028,0.2646098554495155,-1.0800938777113858,-1.0064627344850043,-1.0242505616443514,-0.7131451079011799,-1.0483600205644372,-1.2692848548161304,-1.2886535660827358,-1.080148280273063,-1.3056404971827198,-1.128977574923907,-1.1698351051361313,-1.0582299387968603,-1.2752569896076873,-0.94508103353061,-1.1398565283150575,0.23768323841754838,-1.0506596722533763,-1.014049966665669,-1.115238500431983,-1.100426222128522,-0.7453631922995401,-0.6752165655678032,-0.022485744962551915,-1.128788332859029,-0.7222828020715285,-0.8075350984741032,-0.6986047870023965,1.4538852666463846,0.8485822721552382,-0.26216077666394144,0.049295427829153984,1.60896439787784,0.401129489344305,0.3649079173668327,0.469362362143737,0.2426910703650513,-0.04706375178321034,0.28959813333725976,0.6572056938512933,0.7489881243190598,0.05301747649623147,0.0035209758169244217,0.7581199855365426,0.029217937182455203,0.9756784094671671,1.1938346256011572,0.49956405462808784,0.3128883565226035,1.0478274378570376
ROI_046,0.40208214306652595,-0.9001658061938363,-1.0267990717195554,-0.9769786093394831,-0.2809755686209507,-0.8522097597531023,0.7615124433704327,-1.255694464226654,-1.0085914388500832,-1.171834072204391,-1.0408209769243215,-1.2869576944370527,-0.84815666717298,-0.9010911513425487,-0.8689886270736465,-0.910813560248689,-1.2742322848993182,-1.366403585557322,-1.0424667356346293,-0.4933831094654741,-0.8819880052912671,-0.5192662650195197,-0.2969559894537202,-0.25055915699181824,-0.6272575004399726,-0.7416712035043158,0.6183111240884028,0.08830444050670506,-0.49213140806350575,-0.2255578150729557,0.5760684939587473,1.150336856648667,0.8502310739477178,-0.8621046869915459,0.5747460885505532,0.4545312770363303,0.4438412637856007,1.2699853143821203,0.6741281499304537,1.0250337181006866,1.2140651338852484,0.6891136455174581,1.250041474925925,1.206126762267787,1.3285032401236734,7.254328619247669,1.5132710320059422,1.0871812804709509,0.4374879568473129,1.3904735957539431,0.19367280706525689,-0.9739665440403839,-1.0103256848544462,-1.0050310578258708,-0.727272874788548,-1.2072643528272944,-1.3182928174671225,-1.2627018959762593,-0.8793423441300615,-0.9469101713364309,-0.9262598381239128,-0.858668177022073,-0.8564701259042518,-1.1326752138322602,-0.8732475166687078,-1.0756446298688183,0.12089257369246698,-0.8831687743926903,-0.9338178843235615,-1.217856252296443,-0.8828363565913471,-0.5268130145785367,-0.5293572475114863,0.030559312528727355,-0.9854580040185812,-0.4948729010185848,-0.8612107749789248,-0.5139699978837029,1.2249733927459634,0.9486226616664315,-0.22600147706801338,0.0387010416832556,1.5460817091255752,0.3260730442174956,0.5413906166464286,0.7290982584782655,0.08085638321238743,0.14576543684895377,0.1906947322657885,0.9922381990703298,0.8994121981916755,0.2618821823403582,0.26413142278965734,0.8793166574543585,0.32223457364593217,1.0442988670926503,1.9061886828032018,0.532744632139951,0.16883751471955238,1.1750459518051959
ROI_047,0.5220523595552096,-1.0424535482301183,-0.9436319689676327,-1.0189334334745108,-0.30121111608667855,-0.767958934509503,1.0175471681285873,-1.2571778815996588,-0.9794432313407351,-1.1615484361118493,-0.8903265848608786,-1.1597926026030438,-0.7069166619753331,-0.7749820578968225,-0.9065859893434692,-0.6621303451718382,-0.9305083807778709,-1.1513683700356392,-0.9216454600044948,-0.4040090524197638,-0.8831811063567176,-0.2624657248904316,-0.1076626443220658,-0.16027330267871256,-0.6424463924117128,-0.7883372600953787,0.3554989718867841,-0.14817625336218468,-0.6784482688773267,-0.3449341031069711,0.5148895988885911,1.0440321640255066,1.0081939467682508,-0.5895082296292328,0.7814115227870856,0.526882408058546,0.3605998107607854,1.0272424235879694,0.594159684953873,1.0742361483382559,1.6519725997534347,0.4841839327665965,1.4436876490947572,0.870448348753087,1.36044310223051,1.5132710320059415,7.254328619247669,1.2753224049952283,0.5252782224627588,1.4788292870098882,0.19999296953900064,-1.0802350627227617,-1.1321225568226858,-1.051655178850387,-0.7370661502212682,-1.0871359895480264,-1.4218422974284946,-1.2027926619128,-1.0520847868162668,-1.136523869238061,-1.216708089976857,-0.9394706907168539,-0.8852027016472002,-1.146497055788144,-0.902989569944334,-1.0260331065889254,0.20782530548371397,-0.9488260938594593,-1.0097352380257012,-1.1744209862978066,-0.9873211291486458,-0.7120982458072582,-0.6483499858589464,-0.11248028308039505,-1.2255309008335544,-0.803671469546294,-0.7409172031174307,-0.6942891217834563,1.145653261491069,0.8084416925397991,-0.24798569202703738,0.22136859709360696,1.4004888056015508,0.39229225009370833,0.25917709962393515,0.7439705997598988,0.10565734623376312,-0.07664968970199086,0.24761638712344283,0.9476647581932489,0.8148741212491045,0.04614525289164797,-0.020462445172036617,0.7109834534647944,0.1552643960192516,0.6940316056474691,1.4830470882791025,0.3753535972003679,0.217545204809552,1.0761646502629525
ROI_048,0.7610511657832778,-0.7959682174408672,-0.6771306143104169,-0.8812206157256653,-0.3672793532413967,-0.5831737590452813,1.341813585069595,-0.9496257748608844,-0.7987591272407758,-0.862963546965996,-0.8133699538999165,-0.9840354970564648,-0.7764689651486242,-0.769667617751145,-0.9224853490344102,-0.39637547085040864,-0.832511050693512,-0.9352194160815959,-0.9395462230775208,-0.329149170028004,-0.7744621024162349,-0.2545574650984647,-0.1165465470393073,-0.2705453415445093,-0.4689379229451181,-0.663149270201992,0.5367277146572995,-0.06478692027906112,-0.6250975725875427,-0.4312013495427249,0.4795675425972837,1.0899300806210284,1.2166169846622366,-0.5009446376155636,0.8822754322024946,0.6029025057158229,0.5603375349704697,0.9459291305297011,0.4958419471210204,0.8335671432633264,1.1834851095191445,0.40948266492809327,0.9762455989582833,0.9190876916000321,1.5022669516207052,1.0871812804709513,1.2753224049952283,7.254328619247669,0.7824273872986965,1.2604739344730889,0.39677888041193227,-0.7977089511469475,-0.7811285646504312,-0.8041433910147918,-0.6254184793938833,-0.7815106446404899,-1.0241239578946884,-1.0352485402824791,-0.8933987834850406,-1.138130362472746,-1.062971191360533,-1.0819655154375867,-1.034447927295598,-1.1687963937139338,-0.8158673198884115,-1.0344650338423615,0.3969164031487496,-1.0389411152318375,-1.0446436931988015,-1.0224716691823879,-0.8868843434730485,-0.812069399612189,-0.6565790479059918,-0.1267647659334252,-1.033337305459085,-0.7749437604395659,-0.6552937425672847,-0.8093900896734252,1.0891822429068378,0.7996914102167044,-0.31195463431714354,0.13525014424863704,1.3233333374631686,0.4033133454451386,0.28303804857029485,0.40196833090537,0.3128169703044504,-0.1356549267489308,0.3201961480992667,0.6310938316578696,0.7533564125671259,0.02248212153354007,-0.1185540605379491,0.5230227179797214,-0.12525083459929712,0.6347626068349503,1.0419671884868447,0.5675593909247757,0.48362650627815384,0.9489396300593393
ROI_049,0.6956964338838407,-0.34088159557348413,-0.2069939544545996,-0.2388893115085182,0.015268179341464985,0.06084680237790164,0.7884525361226778,-0.32645588489750715,-0.15798200472761093,-0.6688031126187118,-0.43372819982918936,-0.624738533839725,-0.3648834314786118,-0.32616309919963316,-0.40993882785038127,-0.19359040659448068,-0.5569268533705889,-0.4003778147675407,-0.4711898806476312,0.13736397692302663,-0.4177351483800352,-0.16100445561095583,-0.06637760172611794,-0.359584739398303,-0.38744399488737047,-0.46945393242438427,0.4952203522255711,0.195305877247513,-0.34677401751790016,-0.16072087742844235,0.15150069155787543,0.481802856711803,0.6284996474577743,-0.17754575948513526,0.41694462966134654,1.093510416489756,0.47785552875980125,0.5095979713277604,0.377654182237156,0.5307905126858266,0.6342523552046172,0.20105844021544156,0.3590571131580779,0.6880374762344368,0.6596975235348517,0.4374879568473129,0.5252782224627588,0.7824273872986964,7.254328619247669,0.751464979390711,0.35778141696236754,-0.37913699296405023,-0.29636040939967206,-0.22088683904138376,-0.05364329550027322,-0.21505093367391684,-0.437431555382097,-0.33624201223054884,-0.6980452174409084,-0.576434436714377,-0.6112062537931061,-0.46565885432766174,-0.48715445592158746,-0.4680382604473271,-0.46431420137908114,-0.4726001625918169,0.49866135044296034,-0.5878521724605723,-0.48470689108526155,-0.4913509801462384,-0.445732028258864,-0.6435208010566134,-0.49764640218507766,-0.08473899768619103,-0.7484326901652659,-0.5707795639129284,-0.20457135510459337,-0.47600942313209027,0.4924021364168742,0.38831949282606093,-0.20462535446237848,0.3457023395427962,0.5900288775166366,0.11412325745946889,0.2744795843941888,0.23100139491228944,0.5049093524924302,0.018567245332891176,0.7098401266986869,0.27427549151475306,0.36329828693329463,-0.01823543238275033,-0.2686382807581065,0.2375204924743233,-0.19010792745024682,0.38149881439462885,0.4436239503285698,0.6313785316925788,1.0718908552970043,0.6666829149139533
ROI_050,0.548035249295312,-0.8256136609428147,-0.7878529014238589,-0.8359820063002052,-0.26297288025364185,-0.5866532253093503,1.0698734551927338,-1.1061462571514211,-0.8118119413962628,-1.3133441397604289,-0.9495687604753837,-1.3248277355329117,-0.8095790141798128,-0.8595807211735482,-0.9327704942209107,-0.7358555009354021,-1.207055625645439,-1.1667986730150421,-0.9503462124540487,-0.28969718006663187,-0.8651530149516157,-0.47152058695303717,-0.1448358974178291,-0.3751022240573708,-0.658797011156439,-0.8443872489417905,0.5233248521008278,-0.02595314528631039,-0.698066008132993,-0.33618838230841297,0.43622800259710426,1.1759399925539218,0.9445170170160927,-0.6380742760119484,0.5400317478180874,0.7943970401269072,0.571390925781935,1.3025618648828694,0.5897524992138888,1.134143869173597,1.5596315893809574,0.5125178162029134,1.022326130395022,1.1371257601415379,1.3300890954351032,1.3904735957539427,1.4788292870098882,1.2604739344730893,0.751464979390711,7.254328619247669,0.30526065090547827,-0.8741291645249551,-0.9050476363948157,-0.8299827992828324,-0.638225999559595,-0.9016031252814114,-1.211870886396974,-1.1039130993814408,-1.0025545857511473,-0.9312051735182139,-1.0542876944270405,-0.8627070386188902,-0.9130288328044972,-1.09929671145354,-0.9094402541228919,-1.096351226541222,0.3308800331178165,-0.8887286410028148,-0.8545657550749082,-1.0305408621807863,-0.9586890207732118,-0.7391169130169197,-0.5855504083411426,-0.014523518955148543,-1.1697796225809107,-0.6148831480600344,-0.7439751575472542,-0.6631323203229758,1.1356414520470417,0.9684081172267072,-0.2944309310872738,0.2230463790959141,1.4646747283786696,0.2784977851288873,0.4241130483020377,0.6223742161649165,0.30471440454542487,0.0008214429158793291,0.4126655705609989,0.9206397292542962,0.7956101069113674,0.2317904472758227,0.05378281238908197,0.7592560498785262,0.104021702630232,0.8189446009068809,1.3008568884396745,0.57607367879999,0.4323152280413869,1.4393335406653929
ROI_051,0.4670074942877547,-0.13951504372365614,-0.06667756251058578,-0.16549817890488874,-0.07483327159731266,-0.11163704908146922,0.31720308083363064,-0.2935085678507706,-0.21485435855611773,-0.2978014329055895,-0.4636063638026913,-0.35008368530920064,-0.43355791957305306,-0.3510249031177434,-0.2837551198682126,0.08820908167936121,-0.24245095409574746,-0.2172031978306028,-0.34351717718358804,-0.00879261226535833,-0.36097316136920465,-0.14760822060165155,-0.1394443677364306,-0.3264650743204261,-0.11174049755719327,-0.446648469109326,0.09082479103715865,0.002944311330750336,-0.2780950219811665,-0.46341716136334893,0.10476711799554313,0.43284920977854485,0.4015293082735171,0.07833680421178324,0.2686749785395536,0.256827931271422,0.5113787422989959,0.25920174201414375,-0.17548643602997907,0.06792732161976557,0.25688986384850143,-0.03580218926425467,0.13486654165862322,0.17599632588691996,0.2646098554495155,0.19367280706525689,0.19999296953900064,0.3967788804119323,0.35778141696236754,0.30526065090547827,7.254328619247669,-0.11984717707363189,0.028841585973593417,-0.030410372086398033,-0.1292132814117246,-0.0468126325967969,-0.174104764565757,-0.23456495543494574,-0.1381742623293076,-0.2154836270073336,-0.21787827334170043,-0.2654684609983338,-0.1338879555425666,-0.18998988733845107,-0.24420880116305668,-0.3043232828909127,0.7999507541725261,-0.1785067415540722,-0.15526010708592947,-0.10243853057504144,-0.23647334221850205,-0.06625234769762828,-0.09115557963088818,0.20054657711779889,-0.2290300123353137,0.0003596345193712958,-0.0008566355763806273,-0.2944939967636937,0.37502967755902555,0.6281008934393808,0.11258107049488186,0.4457907066243919,0.39628087371064397,0.36453923737525684,0.22054363880801345,0.2586460170092412,0.4008296769459242,-0.05970720058819899,0.17531073178687634,0.3271309109965517,0.644373384249753,0.3476773936952945,0.017949984683969866,0.378574390759399,0.005769356310083708,0.13855130313109879,0.26143533363100985,0.4398455944509115,0.4854881104976056,0.19775202656721827
ROI_052,-0.4952584120405533,1.5713673374471488,1.2521598271430394,1.2556721318734338,0.629761445268322,0.8711751691594836,-0.6502857565482233,1.3254569659104698,1.284859265477582,1.1161686645376776,1.053987957663912,1.1404913215074963,0.8060664522705555,0.8843862175780544,1.0126373622047435,0.7794612135899122,0.8467396064129408,1.0912349718464538,1.0757124235543982,0.6662073700215282,1.120104016432584,0.2063101243943725,0.33589040431115913,0.11261551802211153,0.48566802357510475,0.4723391360104688,-0.2511084300618923,0.1012993599485199,0.6629880910876298,0.38368350914521493,-0.6716748698119587,-0.921077563125881,-0.9292301309249622,0.6385393922171061,-0.7584671783800948,-0.3248039110114008,-0.12261105164498175,-0.8855143501455269,-0.6729957786824011,-0.90425696579246,-0.8657141789379439,-0.4673481374044736,-1.2660347571118042,-0.7252479890590539,-1.0800938777113855,-0.9739665440403839,-1.0802350627227617,-0.7977089511469477,-0.37913699296405035,-0.8741291645249551,-0.11984717707363189,7.254328619247669,1.59919101472022,1.5340741515391074,1.0849997840123937,1.2868121547618019,1.7213104966550048,1.4769452705491277,1.2757451463342393,1.3209550288175607,1.2762698772585288,1.194236625269141,1.0038820064989988,1.2635462651326679,1.1703546662843258,1.1138625984983392,-0.06433032800432861,1.1752079449253743,1.1843951301393543,1.3803048331157428,1.2879935832172509,0.6555043115801011,0.989228949105799,0.09099023860426739,1.3052479674543596,0.7499085995971678,0.9033230659813417,0.6664248924397638,-1.0004251285763688,-0.7440633570390057,0.33144173970976,0.005553462588093847,-0.9357447171401134,-0.3827078270254136,-0.09422307102297181,-0.4226266366610208,-0.0526979658858552,0.13286008752577178,-0.10309755036243089,-0.5001068586793879,-0.6141298957626522,0.0784114342365757,0.04248241671093182,-0.6057195610350411,-0.14893540630434443,-0.6579091268806456,-0.8956295920338591,-0.12189310240407247,-0.16924761195912544,-0.5883728470981674
ROI_053,-0.3484213936988238,1.4008537030615325,1.222813910752513,1.3494504106098468,0.6601414115564022,0.857944155427377,-0.6501026777476163,1.2866307799063643,1.2102531249481416,1.033018120649194,0.8909887772482991,0.9726821823283498,0.6922345772341096,0.8296599528220504,0.9787397974567865,0.8390806723338158,0.8555329791207303,1.1258431882182462,0.9627523996106411,0.6516229900022762,0.998476407499559,0.19873551186599406,0.22305395610450943,0.07825928814339654,0.5248940163085866,0.45365938566621955,-0.2505491753803078,0.12663082414026067,0.6977600262559434,0.28636622969109526,-0.5433679112055868,-0.7838292325308321,-0.7129589219855773,0.7317777484720114,-0.6699085195309498,-0.2963717766612211,-0.11840016367948175,-0.8240198183757034,-0.6859988002803245,-0.9011308006091122,-0.8880059229267486,-0.5441260323472871,-1.316369774842267,-0.7029659894826744,-1.0064627344850043,-1.010325684854446,-1.1321225568226858,-0.7811285646504312,-0.29636040939967206,-0.9050476363948157,0.02884158597359342,1.59919101472022,7.254328619247669,1.7296560569823518,1.121256896127881,1.211377640136945,1.613185982673333,1.4112781499900713,1.1271999103609054,1.0921109130249165,1.1617245521842134,1.032692591826094,0.944952915911048,1.2030139897849574,1.0428737519659785,0.9917499001022226,0.025633077610539443,1.0524711957099777,1.1953825744282833,1.3366495193354218,1.241027937505593,0.72028522600824,0.9096036246905694,0.17064194657887538,1.2267503967848818,0.7966072270383893,0.9001822380517386,0.5504497220617367,-0.9279732094634803,-0.6081345151807442,0.4477893201196045,0.0694699652764161,-0.8463713565917688,-0.26822894266005787,-0.058078653879754166,-0.36973237024463995,-0.015471700703315976,0.15586026421986102,-0.09445427092565989,-0.5037174903310524,-0.4619303626416947,0.054716088428785094,0.07240438416249254,-0.5134292590776904,-0.08453805052412187,-0.5772052809411218,-0.8603226496503866,-0.11751634608446673,-0.12498722517027516,-0.5875779409415719
ROI_054,-0.3882434863785625,1.6534855804692248,1.3450763173499583,1.875757122168365,0.8635610589206583,1.1157103307216532,-0.6931560366980664,1.536622162209632,1.6353658848863746,0.9643508991484122,1.003988340735704,0.9846552209315065,0.8185304917127223,0.9578715756311714,1.0184288062765288,0.7714862429873293,0.7961721478585622,1.2017215064126172,1.0685814366061466,0.7778870141952519,1.0920761085745396,0.185177039675751,0.27656995802808243,0.03884467359328161,0.45731692160357595,0.4504996627844004,-0.2119637941794139,0.15644821398317094,0.672243327370289,0.3685081607140569,-0.650586608773935,-0.9096106619090742,-0.8163714730307255,0.7625883128612285,-0.763674002320892,-0.15463544179999963,-0.12275015760140022,-0.8555357765438084,-0.6366155303272204,-0.8289161650162733,-0.8135997335646871,-0.5229024003152192,-1.3208033805967887,-0.6260952960623264,-1.0242505616443518,-1.005031057825871,-1.051655178850387,-0.804143391014792,-0.22088683904138373,-0.8299827992828324,-0.030410372086398033,1.5340741515391074,1.729656056982353,7.254328619247669,1.3756044612097602,1.3752734735556102,1.7236727481538074,1.698391534891895,0.9787284703543373,1.0891521450712571,1.0718737785155013,1.160103808428927,0.9868568032689891,1.2641172068360622,1.0616365756521364,1.0396299934576752,-0.06839542361119419,1.0036224914643386,1.2046444078986813,1.355745834955771,1.3184213662576756,0.5513067840742211,0.7820473390984505,0.04316499055497629,1.0155034358662802,0.6851027897118783,0.8856299859126792,0.6147615173540584,-1.047980628943729,-0.7294965757381233,0.35023548844980346,0.07571629248165261,-0.9208087912237723,-0.43910501200874286,-0.07274408968331553,-0.4048135593044752,-0.015958982307904466,0.19454795785163465,0.001620257994073232,-0.5460072948350655,-0.6643528839030433,-0.034993037220221714,-0.06021447319751138,-0.6343260899084517,-0.15882664500002014,-0.5602855829978504,-0.94235712991117,-0.14165547511952936,-0.08986915915946687,-0.5212961465077263
ROI_055,-0.272188552641162,1.0497655964439412,1.035891567432062,1.358314428615783,1.064009115449403,1.2130544321497672,-0.5341590668288302,1.1535080816553602,1.3611770193140529,0.6829384746828291,0.972410277222593,0.7442949566396386,0.8519116335599458,1.035216851220538,1.0639063765283119,0.6526642379590277,0.6713120819857393,1.0192945750535096,0.8843488692865081,1.0302642468642702,1.0371806450114778,0.2662743434152649,0.3558865867408968,0.19030434239645694,0.3684332620902772,0.4009820782088594,-0.09326290490515166,0.269410396596827,0.6931177117454462,0.551312952344164,-0.46207259493667474,-0.7587474131988575,-0.681386075763951,0.7513583046307817,-0.4711696980064409,-0.0022308459319072688,-0.13353771045799612,-0.6732352870998796,-0.3849017224542484,-0.5546319970647401,-0.537046319031869,-0.2982092744609841,-0.8473777847105151,-0.41821151180143223,-0.7131451079011799,-0.727272874788548,-0.7370661502212682,-0.6254184793938833,-0.05364329550027322,-0.638225999559595,-0.1292132814117246,1.0849997840123937,1.1212568961278808,1.3756044612097607,7.254328619247669,1.1744734642998924,1.1199750524610044,1.3776450258369237,0.6616398510378505,0.8344860179652431,0.7713544698381262,1.0043406233059287,0.9287962944704664,1.1641128026396026,1.0166357054290762,1.0001330888117421,-0.0017238849628146045,0.8052600099218676,1.0137638619998028,1.0173192511823712,1.0481826571629753,0.5251202091127306,0.6985826280549164,0.11708591982864629,0.7429613977881357,0.4889321706322067,0.9988189887932959,0.6326767776514035,-0.7587261161854331,-0.7113691357229707,0.5103639375066651,0.20782995082989753,-0.6403205353464152,-0.28577768087317196,0.02272729965415021,-0.1575404517335319,-0.014687768972303946,0.27817818996198584,0.21772281904281213,-0.35390434286114086,-0.5461903924040517,-0.07486825776243933,-0.009319795942147727,-0.49166727564766566,-0.01300871189830509,-0.3891101963048195,-0.6308175374871611,-0.0276951198987468,0.013561365013504885,-0.3567498984322778
ROI_056,-0.25661883092181664,1.1592019341007829,1.230641392226338,1.2382550676022421,0.5974842499333105,1.296028875399551,-0.5435832290894153,1.353772561219185,1.54413427906305,0.9573404329854167,1.1235944941968843,1.0930920449234112,0.9635182106320918,1.0058168064209914,1.0388024702264251,0.9604373773106873,0.9631731489010852,1.2683957155084493,0.9634762140164197,0.7951081056781599,1.0951651759284655,0.40623107714061274,0.3170478427976682,0.12266228308896562,0.39928622379889084,0.501962652651617,-0.3470637468377027,-0.011828408052510068,0.5326759430994201,0.3794254926941131,-0.641687793820829,-0.9833027184512688,-0.7784259656141436,0.8325263653772005,-0.631428657842191,-0.2287226685008685,-0.2663255786685084,-0.970281081449251,-0.5875413706441865,-0.7916171064631894,-0.8423547093972639,-0.5123249355411739,-1.1714068142016134,-0.7736954376618331,-1.0483600205644368,-1.2072643528272944,-1.0871359895480264,-0.7815106446404901,-0.21505093367391678,-0.9016031252814112,-0.046812632596796896,1.2868121547618014,1.2113776401369452,1.3752734735556102,1.1744734642998924,7.254328619247669,1.4685716962205349,1.6673577037882208,0.8949938986676601,1.0689462405423442,0.9947510250810859,1.155520642936094,1.061239215833751,1.3213769448337742,1.157281737840484,1.129358283306688,0.021323600711267737,1.0395568458368414,1.0148587614995688,1.2034116324018822,1.1426508548600347,0.46835190259777687,0.6421766885731981,-0.031055962173520812,0.8460788784256886,0.513504408823988,1.0470717740408095,0.5846757107748264,-1.024556432660254,-0.778887330923346,0.2646466734946443,0.1336302018621037,-1.017721459558126,-0.4343340676406833,-0.27700983111531896,-0.46379126694671186,-0.06987112463538783,0.013309588998190007,0.04500547658718501,-0.6363857675775495,-0.6917826075493424,-0.18053030870886203,-0.19934514659458588,-0.7067229385656337,-0.2590663305340263,-0.7761859117739728,-1.1070388846907278,-0.18692022021230156,0.04457547552165917,-0.7044470498878346
ROI_057,-0.4854340675259086,1.6603765423949148,1.3619680318058023,1.5372636867794403,0.6337630460817918,0.9718119770884331,-0.8216612496941189,1.966101853069807,1.4671474264712885,1.3563288234313693,1.2405270149919965,1.3935014833042212,0.9580128109039305,1.0691638169873314,1.175041440406836,0.9043932854237561,1.0766682375880845,1.5473261811877042,1.2515387513921254,0.6087264910579264,1.3072987659371917,0.2947071762085975,0.304206558541833,0.12089045404623512,0.6153515330468241,0.6514213009827443,-0.34779330229862415,0.08448939030126547,0.7210363538594393,0.38414139436035266,-0.5841383326042021,-1.0796383484021368,-0.9564395334171858,0.7724148931438306,-0.7440860711987092,-0.4056505279983785,-0.2677351256589905,-1.1080022079478193,-0.6683493122536434,-1.1081812298486575,-1.1637413083851338,-0.5541263061922422,-1.4358767073114358,-0.8664958444184931,-1.26928485481613,-1.318292817467122,-1.4218422974284946,-1.0241239578946881,-0.437431555382097,-1.211870886396974,-0.174104764565757,1.721310496655004,1.613185982673333,1.7236727481538074,1.1199750524610044,1.4685716962205344,7.254328619247669,1.934199738845211,1.215685976661781,1.3031939908390475,1.363358380260368,1.2667094868704472,1.0626528225946836,1.4491370033783346,1.2600476658600386,1.31687816502937,-0.17152626517934516,1.1993151452016286,1.207554221098594,1.5858916894673858,1.4068317858486576,0.6269981037212047,0.7980323626543737,2.3347864596769676e-05,1.3165662462904757,0.6974710398323358,0.8889739989501823,0.6789743144929599,-1.1817243467883833,-0.9269294212047564,0.2720754141638975,-0.08411628770903133,-1.2827778208803864,-0.4605721096462005,-0.2535966268948204,-0.5991854962831473,-0.1405240839720689,0.08345077643999832,-0.19184921899238608,-0.787845234212839,-0.8369045553720496,-0.09727472367650304,-0.0937075533446623,-0.7617543295267121,-0.22869242519266791,-0.7573114166397433,-1.261353354648135,-0.3199670301599839,-0.23812419614549193,-0.8051886613054472
ROI_058,-0.4383531860347518,1.3851366695684793,1.3502965558655105,1.6422603844383443,0.7352377720332481,1.228921121317044,-0.7704713418400017,1.802973793852412,1.8905900459826006,1.1431592691828973,1.383985982712424,1.2946309028579193,1.1331571298524015,1.2750179180082084,1.3551712969076182,0.8863501768883975,1.07047915808089,1.5199821931111883,1.3013276025699503,0.7926515117752738,1.3783898083516994,0.3667709400084937,0.34216714580021146,0.17712132018050236,0.4871067152241582,0.5869911374486453,-0.36807577459473706,0.0746219057271635,0.7390122230082254,0.4833107083978623,-0.6386693716924752,-1.2143444663388858,-0.9893614491179255,0.8358531307596101,-0.7507456178683474,-0.30715362128694296,-0.3461319259280677,-1.1014704872562575,-0.5968962915246174,-0.9047262770537214,-0.9648115067493824,-0.5250156261144565,-1.3173872621140177,-0.8602406937208247,-1.2886535660827363,-1.2627018959762593,-1.2027926619127995,-1.0352485402824791,-0.33624201223054884,-1.1039130993814403,-0.2345649554349458,1.4769452705491277,1.4112781499900713,1.698391534891895,1.3776450258369242,1.6673577037882208,1.9341997388452097,7.254328619247669,1.0222117136795805,1.2536648331562144,1.1872057626923562,1.449745645903985,1.2114569246145157,1.7063671095891777,1.3608165663285665,1.4489290886539479,-0.16191750669747812,1.205820319670375,1.252119497691272,1.451664984609642,1.4640502702081069,0.5906089000451497,0.7511367779875412,-0.02787232849274748,1.0732411093760055,0.5925938089128916,1.057514117666387,0.6897171230210403,-1.2452985551364941,-0.9990866372871773,0.32631708413196087,0.05069398562003893,-1.252711077679693,-0.4869694630254194,-0.26287249067258867,-0.4383925798123834,-0.16724864223630528,0.10060825942073771,-0.046703236855774606,-0.6674868093264831,-0.8515643665016069,-0.18051911657867045,-0.13052190371186806,-0.7808425302682913,-0.15309980109750013,-0.7533135429683622,-1.1398900056054044,-0.30542947674479337,-0.14918372200621494,-0.716709668108071
ROI_059,-0.5002399607454215,1.0387994233054518,0.9454179731210831,0.8506849816087669,0.36750979706803794,0.49271383493700527,-0.8432725802325092,0.8996539452756676,0.8065568656603801,1.1924394329707162,0.8438457005709439,1.0892296999919233,0.6265806344698092,0.633586056722394,0.7869665488539455,0.669448943918829,0.8528983255800487,0.8425200323850619,0.8364603365133676,0.33107829762887664,0.8349896076252966,0.23706135869227296,0.18419117134564078,0.2208427576081541,0.48224926524012407,0.47760049429618034,-0.3528337155560618,0.055606049583464955,0.7201563240358843,0.2821494641880891,-0.6128417425059707,-0.7902413564269408,-0.922640405043048,0.5238554909223393,-0.6893725548832251,-0.5729696631999834,-0.23686558726272916,-0.92377379501529,-0.8186718274225241,-1.0391400468488545,-0.9756217648277574,-0.6329684129864517,-1.0498934500185702,-0.8284789441358753,-1.080148280273063,-0.8793423441300615,-1.0520847868162668,-0.8933987834850406,-0.6980452174409084,-1.0025545857511473,-0.13817426232930763,1.2757451463342389,1.1271999103609054,0.9787284703543371,0.6616398510378505,0.8949938986676601,1.2156859766617805,1.0222117136795803,7.254328619247669,1.3235650521372542,1.6327716857909567,1.100210123667059,0.955322655803966,1.000041849636551,0.9421329874643167,0.8984825358021423,-0.10427388201274687,1.095870566537163,1.0517046450473062,1.1458406176449925,1.0361522809046606,0.8197047341171255,0.910244910920899,0.11110001071019948,1.6495732127230895,1.0321116351387705,0.7487804313987518,0.671259214718274,-0.8482913886993528,-0.5263050114514399,0.3417427521492918,-0.045383928920150154,-0.8781267184490285,-0.23540124322143324,-0.10216060996478044,-0.393559645185466,-0.1143949082336849,0.06657529903628913,-0.29111862758808404,-0.5067711329608312,-0.4852857533428433,0.13630460068721384,0.11966946934776022,-0.4809795881211102,-0.051665032915295894,-0.6402030743030411,-0.8557825961125695,-0.19843238430423685,-0.3357114347369409,-0.7778090738629277
ROI_060,-0.5865943626724271,1.1200663459700841,0.9660296989518816,1.0685748540092537,0.5850525227816723,0.7267677578725625,-0.8487951017511217,1.0267582392661811,1.0237229123431237,0.9304359847900289,0.9687958119110295,1.0645819644754155,0.8427673703329825,0.8261410907021951,1.0230899986189155,0.6296627418585704,0.7904648784588673,0.9672889662736223,0.9696827126638108,0.5313087499151576,0.9453492923539156,0.22973004981636608,0.20952204231297483,0.16279220406786318,0.41665498756635927,0.48307166271657925,-0.40238550876301526,0.0757419114259651,0.7049404006859329,0.44810639801958785,-0.630705706454888,-1.0008132810207433,-1.0512903509437617,0.5700312229822029,-0.8770441909725356,-0.4487047902443175,-0.3261650136907242,-0.8402363106971523,-0.6951896832660576,-0.9330088548983068,-0.9523727813998403,-0.48739142080143677,-1.1533350349575755,-0.8355227154889537,-1.3056404971827198,-0.9469101713364309,-1.1365238692380613,-1.138130362472746,-0.5764344367143771,-0.9312051735182139,-0.21548362700733353,1.320955028817561,1.0921109130249165,1.0891521450712571,0.8344860179652431,1.0689462405423442,1.3031939908390475,1.2536648331562144,1.3235650521372542,7.254328619247669,1.5831085394700546,1.5548735033227024,1.2131159190511764,1.3351020636210824,1.1274298803688312,1.1594136009788905,-0.09184799406145887,1.368347953491834,1.1894943651639787,1.2234829026544356,1.1670421906653725,0.7871359560759764,0.9205745875109357,0.12290038648677044,1.2938144036646453,0.8992866702329427,0.9319423779726597,0.7788701052587133,-0.9784337805566956,-0.6835215254172582,0.3094896483689702,0.039346699401361235,-1.0277137039524915,-0.37467039602403623,-0.15648403645701292,-0.3370303293753537,-0.18815110141408664,0.10364241340177585,-0.1629686697077141,-0.4740259140086498,-0.6069609338033247,0.10805308574326798,0.09549825090014645,-0.5295706784489181,0.024413258673088863,-0.6582563394573592,-0.8944093127987471,-0.24592170551753476,-0.24816570038104235,-0.688334859760866
ROI_061,-0.5720492412361762,1.1059414620805863,0.9244460302084351,0.9609006587142971,0.4885121123607061,0.6188703903628716,-0.8991749863602796,1.0382739186968,0.9570625464997405,1.1035359189009044,0.9498212125477375,1.1911709086812388,0.8195465792725327,0.7559818271001839,0.9590471095323546,0.6416974098778131,0.8566502734202674,0.9513348217303074,0.9203984859775174,0.4362049172253201,0.9697283562202577,0.22115662597798103,0.14768762873631175,0.19573450095506592,0.48921102584477627,0.5371358458144119,-0.30580070918061764,0.12828546393045517,0.7919050586800637,0.4285495220765195,-0.5171925973717327,-0.8894086959293059,-0.9537977932682971,0.5194406592371058,-0.8192535242188927,-0.5063924356586439,-0.3279150007215642,-0.87632351558908,-0.650597303060788,-0.9691570716311767,-1.0483340321630499,-0.532213595202535,-1.1288236843180606,-0.7656884167453797,-1.1289775749239068,-0.9262598381239128,-1.2167080899768568,-1.062971191360533,-0.6112062537931062,-1.054287694427041,-0.21787827334170046,1.2762698772585284,1.1617245521842134,1.0718737785155013,0.7713544698381262,0.9947510250810859,1.3633583802603675,1.1872057626923564,1.6327716857909567,1.5831085394700553,7.254328619247669,1.4143623385297321,1.1502130041074698,1.2215167199192376,1.123443468130647,1.0943602232218668,-0.12238394994521556,1.2492234851985766,1.1480356274171966,1.2057983707339996,1.2075062041707387,0.832059039116698,0.9027525013569446,0.13201630792022304,1.5959339546656977,1.0160681381591539,0.8382763372256405,0.7940686616320214,-0.9061951990479125,-0.6709887396643776,0.3349744066398818,-0.05999835601413331,-0.9645706971046166,-0.3344439666465839,-0.10467277794592135,-0.421387200104522,-0.17299650829473867,0.1342768803612844,-0.21901262480942862,-0.5911125264965894,-0.6050576793413821,0.11742138552672769,0.12235687070869788,-0.5187370548004748,-0.012524337501995704,-0.5923714991280163,-0.9249680997437052,-0.22413660742183228,-0.2802885000027148,-0.7523061263031964
ROI_062,-0.49564910069908275,1.0831762857892704,0.9371780653546589,1.18981257559802,0.7664568819643474,0.903688324125123,-0.7429777581286028,1.1040645764435175,1.2222497407999326,0.8787244710260115,1.1245825908517983,1.0678291475975785,1.1309142313769223,0.9438565756104136,1.1250578465661187,0.6514184058895596,0.8357802056843036,1.005658924475183,1.058219711454886,0.6464901295190089,1.0448467009627387,0.2758092137490555,0.236696900267942,0.18044323339978474,0.3187583227233174,0.3922654421984044,-0.3930172213776169,0.03972535910796099,0.7357646854014601,0.5347384471243204,-0.5950627757429783,-1.003156829526574,-1.0071558029417031,0.6201212621804751,-0.8845607207019841,-0.3443619531893651,-0.38540369427581944,-0.826088972437455,-0.5464383236856272,-0.7571482393872381,-0.7701735370344812,-0.4714620811404575,-1.003759601469663,-0.7831818652950645,-1.1698351051361313,-0.858668177022073,-0.9394706907168541,-1.0819655154375867,-0.46565885432766174,-0.8627070386188902,-0.2654684609983339,1.194236625269141,1.032692591826094,1.160103808428927,1.004340623305929,1.155520642936094,1.2667094868704472,1.449745645903985,1.100210123667059,1.5548735033227024,1.4143623385297321,7.254328619247669,1.4385466473763227,1.5012314373017106,1.2744968784474024,1.2355289647334273,-0.11607881482600797,1.366376211801671,1.239691851101526,1.1782971847714598,1.2645235486484685,0.6892270506978739,0.8482646539178479,0.030157837890422316,1.0687372833760398,0.7267484430013093,0.9609461065758323,0.7886542659916319,-0.9314183885905045,-0.740091331535982,0.3395220869462225,0.1388680250252596,-0.9559914810234322,-0.44943604833629336,-0.1664606251138748,-0.23850268802553876,-0.23387489482292442,0.09357279980657045,-0.05296600882313315,-0.43331636572746574,-0.663498095263795,0.0211979082910809,0.005670570613355908,-0.5602426055345994,0.0313961372764863,-0.6478106570095599,-0.8242873319671398,-0.2260550736072608,-0.2066135996406603,-0.5903897682462151
ROI_063,-0.48055673695446727,0.8721271174774802,0.7876947066905494,0.9428231509653703,0.6822962636495973,0.7642346250031925,-0.816025088673136,0.9150455356291699,1.0183680155282253,0.7909200587431929,0.9175880547407637,1.0147349933369212,1.0298341390092312,0.9835214398580217,1.2316413923006146,0.6254258750327268,0.8175448534735592,0.9836637540393223,0.961891882415457,0.7022612629660491,0.8894521071764624,0.4360944177785632,0.3055370530209572,0.32390287957807795,0.3117473750835169,0.39125252445710457,-0.4034175127916567,0.06772197587469643,0.6262484414881809,0.5891153130715164,-0.4597823060407865,-0.939881626544835,-0.8941072868013338,0.7669031442286016,-0.6896711981814333,-0.31976668412309045,-0.3215436770659992,-0.7452284483964025,-0.6004863991704682,-0.7235903566574702,-0.7179349617351779,-0.39626697788520204,-0.8371931773542745,-0.7519486263143189,-1.05822993879686,-0.8564701259042518,-0.8852027016472002,-1.034447927295598,-0.48715445592158735,-0.9130288328044972,-0.13388795554256663,1.0038820064989986,0.9449529159110481,0.9868568032689891,0.9287962944704667,1.0612392158337505,1.0626528225946839,1.2114569246145153,0.9553226558039657,1.2131159190511764,1.1502130041074696,1.438546647376323,7.254328619247669,1.6125812890244562,1.2492035451800325,1.3115683632016166,-0.0372877498649246,1.2272187540075796,1.2662909117770464,1.2437109028824846,1.1640018464075172,0.8674377367951818,0.9392258305490837,0.132903143689163,0.960035761491559,0.766607036156647,1.1967462996481613,0.8373147279675248,-0.8621177817620761,-0.6896860772499852,0.5569307207010384,0.23988775018466638,-0.8555064365957441,-0.25378856500355956,-0.1714119416704186,-0.11812820660769202,-0.17178748024584767,0.09603894343444223,-0.02196042203260489,-0.37846200831788834,-0.5490230750970296,-0.039527356188513454,0.05673615486524792,-0.3912935772323225,0.13987406146027526,-0.556658620800502,-0.7621889771248748,-0.18829272061177504,-0.2091246617188851,-0.6566715570095114
ROI_064,-0.5205205037253459,1.1327364906036865,1.0976557815754255,1.245760667985544,0.711782651757216,0.9819024326494913,-0.8873710848040385,1.2881022785886234,1.323503194085356,1.0486464956805885,1.181334883650009,1.2603561741879812,1.1514921517308405,1.3868786385452372,1.7256037495778742,0.8155402520419645,1.0483008694580067,1.465317362133958,1.3080048090628804,0.8656018042104066,1.2754812256570367,0.45276157920101046,0.4115023976430755,0.34998676184296734,0.5286077802736706,0.6026535549254257,-0.37868273199250063,0.11810668222722993,0.791283994321587,0.6457188534198084,-0.47708401991511534,-1.064882851944074,-0.9737934276855461,0.9325835659265684,-0.7024249131900182,-0.3374185124443483,-0.3195713866618497,-0.8767325060706899,-0.5399974439814375,-0.7836591046520736,-0.8828549918204742,-0.40089847816118107,-1.0512833974635498,-0.8603304690616589,-1.2752569896076877,-1.1326752138322604,-1.146497055788144,-1.1687963937139338,-0.468038260447327,-1.0992967114535397,-0.1899898873384511,1.2635462651326683,1.2030139897849574,1.2641172068360627,1.164112802639603,1.3213769448337742,1.4491370033783346,1.7063671095891786,1.0000418496365509,1.335102063621082,1.2215167199192372,1.5012314373017106,1.6125812890244569,7.254328619247669,1.592413871884102,1.8785608110231604,-0.09746244503562886,1.4170853383664082,1.569851819334841,1.6416736328818389,1.4108720121359206,0.8665389285598781,1.0065027920075682,0.18539753403305523,1.1512706587914203,0.7578091379425803,1.2271476973177087,0.8992203294469875,-1.0636339953751541,-0.8753635878531953,0.5472644410052325,0.14257730385559564,-1.1058359902194412,-0.3262709431483216,-0.20465944583757817,-0.24997264788719564,-0.15407963159164115,0.1468988831628346,-0.004601278169660371,-0.4862593494121708,-0.7317466600058536,-0.07313419743534647,0.05348788147633333,-0.5437506146169452,0.0642596929103674,-0.648771224666361,-0.9679538626528724,-0.2539450795116046,-0.23544539371176074,-0.7110250708616953
ROI_065,-0.47978848458759904,1.0812455095994826,0.9821151675452842,1.0198308139666998,0.6939061613797344,0.8382671599380317,-0.6855889960752114,1.1693313309743356,1.2144056742148448,1.0228793753879326,1.192001636954303,1.1762879153036212,1.0765401339349232,1.3186964579650076,1.5819190106665142,0.8066792839575094,0.9082040150787847,1.2350096645234,1.1449262841909604,0.7749473503958423,1.4444268223693064,0.39438705495113047,0.45258928927073827,0.2893048750981463,0.37696228412104993,0.5112874151727762,-0.24774586651170627,0.07258553113224865,0.7326434471479608,0.6916537551540131,-0.3944958808783879,-0.9216532077656353,-0.8226886713202584,0.7420820126050596,-0.6399022771485828,-0.3138560316425407,-0.2911027609098767,-0.7603687359439372,-0.4851322797143357,-0.674640157296412,-0.7600122295586658,-0.37999387970202825,-0.8997987365438834,-0.7042720112189341,-0.94508103353061,-0.8732475166687078,-0.902989569944334,-0.8158673198884114,-0.4643142013790812,-0.9094402541228919,-0.2442088011630567,1.1703546662843258,1.0428737519659785,1.0616365756521364,1.0166357054290762,1.157281737840484,1.2600476658600381,1.3608165663285665,0.9421329874643167,1.1274298803688314,1.1234434681306467,1.274496878447402,1.249203545180033,1.592413871884102,7.254328619247669,1.5817697702329123,-0.15515213913982112,1.1981535707371793,1.1824965404407055,1.248464751989075,1.4149937008991809,0.6619842513050382,0.8995332966760782,0.07032460047336743,1.0435203347865054,0.6130803674811885,0.9872596563427173,0.7704677897725498,-0.9029303698408293,-0.8492513017159444,0.41169945315668804,0.03484094311209594,-0.8913709512630968,-0.4050692726693328,-0.1620631719944971,-0.2632976365290665,-0.1881607128936443,0.1300074155199067,-0.012007250806010205,-0.4634985098764223,-0.6919204916898347,-0.13684841923687158,0.022368701229920778,-0.5483591049633093,-0.035892747133453334,-0.5620017811216621,-0.8154617049045593,-0.18353829772342606,-0.2537007723952275,-0.5724395429420601
ROI_066,-0.5508478269323875,1.0420567601765924,0.9690140990642535,1.0805805166538975,0.634389801586634,0.8470872302594694,-0.8222698112022091,1.2753998094358598,1.1958009412867672,1.0879727576018534,1.264683907006992,1.3422516493400711,1.2493887382485491,1.6230136056008326,1.7992108796553061,0.8068640205720001,1.0433197971259216,1.5270724384695027,1.3460963027729265,0.787373441948912,1.3126641349414374,0.5657288685857015,0.5516139541229685,0.43051863410591684,0.5430907682317956,0.6742857151792059,-0.35019564510096285,0.09549382906093816,0.8037707719105556,0.7249230734397882,-0.3928764062222188,-1.0724005115885404,-0.9209065888583048,0.9353354463126702,-0.5874308047690304,-0.34327177615923904,-0.3451631208380444,-0.8688496071091112,-0.46679340087173765,-0.738105967550251,-0.8499388109498018,-0.390399978052615,-0.9050434690702511,-0.8401583571428584,-1.139856528315058,-1.0756446298688178,-1.0260331065889254,-1.0344650338423618,-0.4726001625918169,-1.096351226541222,-0.3043232828909127,1.1138625984983392,0.9917499001022224,1.0396299934576754,1.0001330888117417,1.129358283306688,1.31687816502937,1.4489290886539479,0.8984825358021423,1.1594136009788905,1.0943602232218665,1.2355289647334273,1.3115683632016166,1.878560811023159,1.5817697702329123,7.254328619247669,-0.18370082750403288,1.2274975078917452,1.258871866202549,1.4258938399178434,1.3106070663223401,0.7270940161559882,0.9194843989810186,0.1009073889117158,1.0635757499126934,0.577628310830412,1.0998318383896604,0.8751840053234227,-1.0126556775378164,-1.042201642799232,0.4341813144943396,0.05194334835566179,-1.1485720227512362,-0.35825114528016916,-0.2884805406421521,-0.32032953951528226,-0.1925273021702096,0.11896438969448886,-0.021117595115745826,-0.5708415492773746,-0.8351925627155111,-0.16589070322013777,-0.017688324107227815,-0.5996968478364995,-0.022078797797788825,-0.6636650146363928,-0.9717718913081215,-0.2953254237307243,-0.28673507877783905,-0.6993082664952882
ROI_067,0.5297196854642886,-0.19048827945820573,-0.03468848811384335,-0.17360520806557894,-0.017695708576812807,0.04517705848030368,0.5347304960820807,-0.28659426399506716,-0.15746850627962689,-0.29937563489065744,-0.24607771389962876,-0.26363259651723375,-0.21917943757099123,-0.24080114879129066,-0.20806451871544215,0.22043598133960807,-0.10079197071884255,-0.17343358249777857,-0.30760732772070115,0.252990317456519,-0.299395376243028,0.10834731327086226,-0.0054079054477470636,-0.004221009109946558,-0.04347456432288056,-0.3584553938788148,0.013086104273403393,-0.027566356272890537,-0.18299723807944465,-0.2561394762224932,0.0031890037417396707,0.35780520922371084,0.39931898289672807,0.19981775512443398,0.370985447589506,0.3557885191395434,0.35163813397675736,0.22425148667503667,-0.09730502321796558,0.14497837940040822,0.3652358847337425,-0.06931293311157584,0.17045458323987228,0.09053824146915213,0.23768323841754838,0.12089257369246698,0.20782530548371397,0.3969164031487496,0.4986613504429605,0.3308800331178165,0.7999507541725261,-0.06433032800432861,0.025633077610539443,-0.06839542361119419,-0.0017238849628146045,0.021323600711267737,-0.1715262651793451,-0.1619175066974781,-0.10427388201274687,-0.09184799406145887,-0.12238394994521556,-0.11607881482600797,-0.0372877498649246,-0.09746244503562886,-0.15515213913982112,-0.18370082750403288,7.254328619247669,-0.14220034328522324,-0.09002935505250102,-0.07450268217180933,-0.19071105938233113,0.031440748001515584,0.004087147650600836,0.34165126629666903,-0.16771714414345304,-0.0056478288354128645,0.24503695337731768,-0.18835819140495116,0.35579145785247634,0.47234100230384723,0.26814877657979425,0.9660242944714048,0.4135368963821205,0.6257677704180291,0.17268788262380463,0.38208117799433616,0.4929175654489571,-0.14744040522452578,0.5147356139871859,0.3649176173984268,0.5732844343317984,0.39039679022863594,-0.021485968294250663,0.3068867157998744,0.06052790317626763,-0.02077584496074126,0.25654249517330724,0.5386408709605567,0.7860060161861495,0.18751106403879578
ROI_068,-0.49117499942085374,1.0697611340750397,0.9929052439537154,0.9552249296313073,0.5375428745589762,0.684591994494839,-0.7875203262583444,0.9979986760508134,0.9847207693365487,1.0207147337005031,1.0243708294135663,1.1524207519764196,1.0000188226563675,0.930196149259183,1.1592105705598046,0.6631405142454289,0.9309104220072015,1.1295553128769122,1.1998111702813685,0.5916997573195051,1.0526935244211129,0.34694673949526855,0.38072277360467177,0.2836321763382833,0.47142435357801166,0.4959708507989517,-0.3945718347150286,-0.0533522820532496,0.666196231568076,0.5404412368478654,-0.3770250501897987,-0.8003906686299178,-0.8706835845866976,0.748199668837968,-0.7763222322343709,-0.42898911501087106,-0.28719470965192034,-0.7215712380113026,-0.4982833936896317,-0.6602550630119707,-0.7591555795014546,-0.36219386913936147,-0.8870067974228991,-0.7816751930223506,-1.0506596722533763,-0.8831687743926903,-0.9488260938594593,-1.0389411152318373,-0.5878521724605723,-0.8887286410028148,-0.17850674155407217,1.1752079449253743,1.0524711957099777,1.0036224914643386,0.805260009921868,1.0395568458368414,1.1993151452016286,1.205820319670375,1.0958705665371629,1.368347953491834,1.2492234851985766,1.3663762118016705,1.2272187540075796,1.4170853383664082,1.1981535707371795,1.2274975078917452,-0.14220034328522319,7.254328619247669,1.3967518070375335,1.3743002624257137,1.060585352879772,0.8461379793462429,1.0817383215228953,0.21033244292626666,1.1793630054350417,0.7423084140112677,0.9058902851630121,0.7979800462455944,-0.8005127793662815,-0.6123493870618096,0.4113513416728408,0.0676167492932562,-0.9286617131700553,-0.42434833364927654,-0.18456379218500873,-0.2509429451455628,-0.17734076317927663,0.0853788012751249,-0.11913050245743546,-0.3740472526526808,-0.5764688188941041,0.07534376065590481,0.12755123643608413,-0.4149867104467112,0.10616034345272841,-0.5685605851601079,-0.7987173746442519,-0.25316953941844506,-0.35661231647113273,-0.5905752902982708
ROI_069,-0.5159721785374408,1.2107406439362045,1.017711548858372,1.1505667582379862,0.7045225999392829,0.7584629326713976,-0.9298990260507901,1.0980731501475027,1.0898020046408092,0.9876392257944696,1.0029833845277665,1.0589227673793191,0.9406894065570299,1.0721670232818448,1.23073442103575,0.5997382347614686,0.8418201308488644,1.1867899580945522,1.2791382241544633,0.8466713832428859,1.0587860993680314,0.3234739477148989,0.49601852899088755,0.38545574735883686,0.518853581253192,0.5635887534862968,-0.2459741156174993,0.1647787444912708,0.7686667011565591,0.624652891116596,-0.418640657920173,-0.7332297815553255,-0.9244166974466947,0.8998742985471126,-0.7492481049919175,-0.23451110307580944,-0.137982766611397,-0.6649762700373858,-0.5110756984753102,-0.5977004005921515,-0.7209539278777558,-0.38226877655261093,-0.9516002127855744,-0.6447078014668861,-1.014049966665669,-0.9338178843235615,-1.0097352380257012,-1.0446436931988012,-0.4847068910852616,-0.8545657550749082,-0.15526010708592947,1.1843951301393547,1.1953825744282838,1.2046444078986813,1.0137638619998026,1.0148587614995688,1.2075542210985943,1.2521194976912722,1.0517046450473062,1.1894943651639787,1.1480356274171963,1.2396918511015256,1.2662909117770464,1.5698518193348403,1.1824965404407055,1.258871866202549,-0.09002935505250104,1.3967518070375335,7.254328619247669,1.7638873095136478,1.0980659417775693,0.9424569606618782,1.25541031371267,0.34717126022536454,1.234453348165998,0.9500277317051313,0.9945724740705681,0.9562083078620309,-0.8673120744431694,-0.6343949327134272,0.6813731242989428,0.14388774143029917,-0.8530261130652569,-0.2877549034836088,-0.026104648914055832,-0.18887239520116375,-0.029331096157991374,0.24268198874697403,0.04806611047745409,-0.3468194891440393,-0.6329291731563167,0.07430021750045096,0.18877997809190042,-0.3664594142482285,0.13729268046867316,-0.434234485257511,-0.8097461212563944,-0.13499971972995994,-0.2931449693043314,-0.5046564091667534
ROI_070,-0.4864760995035994,1.3492297676455465,1.2080484472737818,1.2546688921922664,0.6154983269092871,0.8184614674549827,-0.8777480492971358,1.3304388944183443,1.1799998633656243,1.2049887866727127,1.090436798428707,1.3041505785989964,0.9991995810616029,1.137535900449724,1.252843305925073,0.8238719986779718,1.0409761651247085,1.5740910422351502,1.3757121035688151,0.7796638387697133,1.1595083076601311,0.4065788238959162,0.5512343090528194,0.3181741463252532,0.6568340796053562,0.6253508492717128,-0.36437644554391563,0.07825419229743588,0.6564453483114321,0.4755236394853202,-0.416872843131758,-0.8457481865155634,-0.8974079594642811,1.03699909152564,-0.659715387708853,-0.3110936416526615,-0.160825394477959,-0.8326992240867079,-0.6292690869302068,-0.8343235815906866,-0.8648669585420844,-0.48751211492950536,-1.0549206654854062,-0.8078296368788054,-1.115238500431983,-1.217856252296443,-1.174420986297807,-1.0224716691823879,-0.4913509801462384,-1.0305408621807863,-0.10243853057504146,1.3803048331157424,1.3366495193354213,1.355745834955771,1.0173192511823714,1.2034116324018822,1.5858916894673858,1.451664984609642,1.1458406176449925,1.2234829026544356,1.2057983707339996,1.1782971847714598,1.2437109028824842,1.6416736328818389,1.2484647519890755,1.425893839917843,-0.07450268217180935,1.3743002624257141,1.763887309513649,7.254328619247669,1.162502255077664,0.8084352054314219,1.0766897753291,0.2000864067673542,1.3105065210851483,0.7913975048860841,1.0538931251696368,0.8244158134580784,-0.9554025508382887,-0.7603065565420166,0.5073972468937451,0.08208088689818895,-1.0419937667396246,-0.30499206900802145,-0.20714336863701346,-0.3876176269737887,-0.04460927990473765,0.09447961034834594,-0.07666847383885629,-0.5564509192466679,-0.7557818198087192,-0.013370132749323091,-0.003088308420304313,-0.5206908888193121,-0.07311960389456165,-0.6300347342931529,-1.0615354080502475,-0.2683951741426329,-0.27783629734998017,-0.6808327847874289
ROI_071,-0.5770884894945392,1.2132618496865208,1.0476686056017517,1.2250645009914993,0.7164090683128288,0.8661644666816298,-0.7414031581547862,1.2925033094643654,1.3131436296098804,1.0622206592082795,1.1289361944620135,1.1168876958924365,0.914698202451319,1.1337169863799559,1.3397977707370445,0.7422735605233078,0.8290989217698901,1.1353001336761819,1.0814641613066922,0.6196993855182126,1.360017545772758,0.2701667534494111,0.2639841633460676,0.1905236567366318,0.44475993376005357,0.5290013012532792,-0.21839263418839977,0.15481183833850992,0.7955413540950849,0.5873477158115894,-0.5369856201952297,-0.9984029182154516,-0.8341017212313555,0.6067875939364588,-0.7287932779576639,-0.3668234222007199,-0.27936240349727365,-0.8114095310159388,-0.5168835933067087,-0.79267149167894,-0.8677792927761276,-0.38259074051174496,-1.0540071858223545,-0.6988583742531282,-1.100426222128522,-0.8828363565913473,-0.9873211291486458,-0.8868843434730485,-0.44573202825886404,-0.9586890207732118,-0.23647334221850205,1.2879935832172507,1.241027937505593,1.318421366257676,1.0481826571629758,1.1426508548600347,1.406831785848658,1.4640502702081075,1.0361522809046604,1.1670421906653725,1.2075062041707387,1.2645235486484685,1.1640018464075168,1.4108720121359206,1.4149937008991813,1.3106070663223401,-0.19071105938233113,1.060585352879772,1.0980659417775696,1.1625022550776636,7.254328619247669,0.6578976235188727,0.8258868794467493,0.02209092156499325,1.0970216273337823,0.7554007402848004,0.9110866208597057,0.7587463552363016,-1.1420128078942537,-0.8011139895081291,0.36042508981054466,-0.04356169530385113,-0.9974004173183797,-0.40998847691451645,-0.11041437569426628,-0.3340688572876093,-0.1673110274114744,0.2546833819823252,-0.10207465603817714,-0.528255585034983,-0.6964738066208835,-0.11418985928899168,0.06544399241353216,-0.557025063757631,-0.030266705324391557,-0.5513953247508228,-0.8395167451370219,-0.20919911198407187,-0.23890318168686603,-0.5884448193406168
ROI_072,-0.5555446667507136,0.528743445145974,0.46189657032510417,0.5004239788785293,0.3314972123293717,0.3020046860275741,-0.8789165663789629,0.4847233566619755,0.4186376697576803,0.6234384293482994,0.4440162689670304,0.5760784657882917,0.381966188554058,0.47725818052917957,0.7308539260696625,0.3171431860755266,0.5407490177000411,0.5721049947696825,0.533456159690616,0.37316432577433695,0.5092487738236636,0.18930770126332172,0.1144495567940204,0.48065340372584675,0.45827283093471055,0.41240212695755724,-0.2084109551721153,0.29146985068761766,0.7791655935474814,0.4717984488513425,-0.20486609433370107,-0.48419683595152596,-0.637001757412849,0.464307169719543,-0.42126757437220774,-0.43840560487731933,-0.14805898136419404,-0.470190763231144,-0.45822393535752043,-0.5226208247583759,-0.6045685884407088,-0.20858603024437714,-0.5594144647148157,-0.5109511992976455,-0.7453631922995401,-0.5268130145785367,-0.7120982458072581,-0.812069399612189,-0.6435208010566131,-0.7391169130169198,-0.06625234769762828,0.6555043115801011,0.72028522600824,0.5513067840742211,0.5251202091127306,0.4683519025977768,0.6269981037212046,0.5906089000451497,0.8197047341171255,0.7871359560759764,0.8320590391166982,0.6892270506978739,0.8674377367951815,0.8665389285598781,0.6619842513050382,0.7270940161559882,0.03144074800151559,0.8461379793462429,0.9424569606618782,0.8084352054314216,0.6578976235188727,7.254328619247669,1.1004997907369596,0.7460050948722763,1.0219391434080924,1.1268092150785949,0.7127796800011243,0.8531500614048481,-0.4864917111757667,-0.2787126477080412,1.0221271393452394,0.1687135565078949,-0.4748218380668792,0.16904400540654776,0.18201971623503832,0.10150381624828779,-0.037101411735972936,0.32842040562394037,-0.09802055657236185,-0.07960002298899718,-0.160036063492216,0.39194267625467133,0.6375450468456734,-0.1175397266773965,0.6180749080524246,-0.26582602981091624,-0.3755095698945821,-0.042987967407625324,-0.375028476614462,-0.5395018572693212
ROI_073,-0.48454229593454706,0.8509100851957649,0.66383364504562,0.7134885208962977,0.5781057091492061,0.4510968600224426,-0.6639140175738204,0.6711009070857523,0.6674258782059276,0.7324359526315064,0.6500382470227875,0.7436644513366816,0.6205520975642754,0.7218079016110776,0.8888901463856886,0.4304149823007588,0.5935191318560387,0.7443118635154197,0.8171021830015149,0.6935187154051393,0.7301429488995189,0.2528495268285198,0.49112115328400485,0.46462410407033516,0.46148641832040993,0.41215488013129975,-0.07437608042765313,0.1955423459999395,0.7241794369585481,0.6001650880674837,-0.23316386048886895,-0.4917069336362806,-0.6339108629803187,0.6400530874925369,-0.533735209096948,-0.19728665423180142,0.04940927660576196,-0.3915226047502552,-0.3929209382191207,-0.42351670415311865,-0.44995161442321613,-0.205721528893671,-0.627875876235912,-0.4325937911574988,-0.6752165655678034,-0.5293572475114863,-0.6483499858589464,-0.656579047905992,-0.49764640218507766,-0.5855504083411426,-0.09115557963088819,0.989228949105799,0.9096036246905694,0.7820473390984503,0.6985826280549167,0.6421766885731982,0.7980323626543737,0.751136777987541,0.910244910920899,0.9205745875109357,0.9027525013569446,0.8482646539178477,0.9392258305490837,1.0065027920075682,0.8995332966760782,0.9194843989810186,0.004087147650600836,1.0817383215228953,1.25541031371267,1.0766897753291,0.8258868794467491,1.1004997907369596,7.254328619247669,0.5747537273156832,1.0603353374658817,0.9437491328926075,0.8035149573551004,0.9020627894028469,-0.5390842171088234,-0.40310881303896956,0.8129763120251396,0.18380465260379203,-0.49696219458319096,-0.08598017588242225,0.19836726275857328,0.013685470569694807,0.03026661057896198,0.2873989724050805,0.06319752926323317,-0.061363132368608665,-0.308702634383716,0.31219062312257295,0.47886148118221866,-0.1644076245837157,0.3219223922664289,-0.24612128772953995,-0.4255606613337259,0.07465162068766176,-0.33537280365359806,-0.32555814488293466
ROI_074,-0.11859557152603735,0.06683490729912252,0.033799561462806015,0.005351045232323791,0.09630981161900416,-0.04885017665119789,-0.21234099521345287,-0.06789212493660707,-0.06062582385478263,0.029286588497101262,-0.10053773132927256,-0.027399150147780552,-0.11536394125932546,0.012735063178291837,0.15589468732748404,-0.10656596643107415,0.000266898603295495,0.037124049119524175,0.04513187293871034,0.3027863275838428,-0.016507252956906537,-0.028259948134563454,0.09812842891201165,0.4576125808270727,0.27686470100185673,0.20514513326126488,0.2758249316210985,0.4996720727203563,0.2759915074585922,0.3237485970456874,0.211333301195568,0.20014635390253352,-0.023282018798113428,0.17802373062380744,0.021919680049268822,0.09881359691598972,0.3260948804690531,0.20326698289395606,0.10423452053267045,0.15614620834347975,0.030794885901602467,0.2695588185654669,0.02254100219263637,0.13179010625324217,-0.02248574496255192,0.03055931252872735,-0.11248028308039505,-0.12676476593342523,-0.08473899768619102,-0.014523518955148543,0.20054657711779886,0.09099023860426739,0.17064194657887538,0.04316499055497628,0.11708591982864626,-0.031055962173520805,2.3347864596769672e-05,-0.02787232849274748,0.1111000107101995,0.12290038648677047,0.13201630792022304,0.030157837890422316,0.132903143689163,0.18539753403305523,0.07032460047336742,0.1009073889117158,0.341651266296669,0.21033244292626666,0.3471712602253645,0.2000864067673542,0.022090921564993246,0.7460050948722763,0.5747537273156832,7.254328619247669,0.2635086085513433,0.5813217035294761,0.2165543901181585,0.4290587675516105,0.10932221554571442,0.21933080933552299,0.8922368359943587,0.28493842755528215,0.1577462126287038,0.44293987552243413,0.6632212827513637,0.4408102277887712,0.3546267978788406,0.5407005712693528,0.3210083970177326,0.4209474685684242,0.2842580702799945,0.7151803327963113,0.9767639728691982,0.4488341724712821,0.8736930066146297,0.27915480096761414,0.17601030129843478,0.39257976717468857,-0.036829471456575176,0.09243650935515713
ROI_075,-0.6497569302817927,1.099059809115676,0.9298287731320451,0.9227384450822017,0.41964286873043577,0.5095779388998865,-0.9840796552934891,1.0207240674883327,0.8137095998601562,1.3765663686381435,0.943535719657293,1.1811173989373214,0.6882077125409461,0.7475821281733603,0.9406274031029003,0.6346036058361934,0.9675020861600632,1.0226016339322959,1.0343377012856318,0.4166090617876556,0.9558009531257781,0.23560481793657312,0.22796116691015514,0.338962932121073,0.663055845473526,0.6671901121589704,-0.3248632917525071,0.13288847706588022,0.8363746699904291,0.38578731401872923,-0.45324362655385536,-0.8312584542559119,-0.9609129173304128,0.5958270729421363,-0.6654433174940224,-0.5870363782437052,-0.2595076274079233,-0.8825046763377303,-0.6730396127082701,-0.9764427674511545,-1.060565121931971,-0.508212599395959,-1.0876657852035347,-0.8491704506203942,-1.128788332859029,-0.9854580040185812,-1.2255309008335544,-1.0333373054590853,-0.7484326901652659,-1.1697796225809107,-0.22903001233531373,1.3052479674543596,1.2267503967848818,1.0155034358662802,0.742961397788136,0.8460788784256884,1.3165662462904757,1.0732411093760055,1.6495732127230889,1.2938144036646457,1.595933954665697,1.0687372833760398,0.960035761491559,1.1512706587914208,1.0435203347865054,1.0635757499126934,-0.167717144143453,1.1793630054350417,1.2344533481659983,1.3105065210851479,1.0970216273337823,1.0219391434080924,1.0603353374658817,0.2635086085513433,7.254328619247669,1.0876503129769566,0.8012099690691078,0.7626838585250071,-0.8978933581954951,-0.6744110544499236,0.49886019315802066,-0.09919130216266275,-0.9453907317496113,-0.18985001592352396,-0.07435902999117364,-0.39283744083211125,-0.11201766106944941,0.17510449738773956,-0.27338843784277583,-0.5091457377434744,-0.5714468861117723,0.15458398580730293,0.23747416161979037,-0.5100255963138108,0.056372910935413544,-0.5768483215531518,-0.8747568837172015,-0.2612677618659925,-0.45365454393538795,-0.7594272383616091
ROI_076,-0.5437354991526064,0.6994155014687911,0.5673062623347512,0.5932464000691667,0.3541744703190157,0.2953981282793661,-0.8914092200829424,0.5276227726301546,0.4983577302198949,0.6515157113079781,0.4238427275572646,0.5473175804948763,0.28339388609247834,0.3920047773356846,0.6140684834172397,0.25721700169247397,0.3969512730326797,0.49778652878649876,0.5282424779165121,0.31492596322327115,0.5241783991793196,-0.041521888980808455,-0.010738143754520773,0.21624986842860044,0.44871096564257434,0.43513672504365836,-0.05828547877308128,0.4133308234244432,0.6931593909081465,0.40302062445844694,-0.3287215846131296,-0.40973081103982323,-0.6620093038471139,0.3041068079082962,-0.6256769088947743,-0.3407931908576899,-0.010593035761828044,-0.37332149461230063,-0.489589255362507,-0.5627462894346436,-0.6827016616599908,-0.21677962649402022,-0.7068550346395521,-0.37375357314060653,-0.7222828020715285,-0.49487290101858483,-0.803671469546294,-0.7749437604395659,-0.5707795639129284,-0.6148831480600345,0.0003596345193712958,0.7499085995971678,0.7966072270383893,0.6851027897118783,0.4889321706322067,0.513504408823988,0.6974710398323358,0.5925938089128916,1.0321116351387705,0.8992866702329425,1.0160681381591539,0.7267484430013094,0.7666070361566473,0.7578091379425803,0.6130803674811885,0.5776283108304122,-0.0056478288354128645,0.7423084140112677,0.9500277317051313,0.7913975048860838,0.7554007402848004,1.1268092150785949,0.9437491328926078,0.5813217035294761,1.0876503129769566,7.254328619247669,0.5521486131224588,0.8103960026442956,-0.546050435892891,-0.2023362904842523,0.6528460002133831,0.02123505473738908,-0.4718917517691483,0.0019621066007548737,0.3317339780994747,-0.05986264777616803,0.05788401880253027,0.45144322433373824,-0.11437863080864846,-0.15376696058537742,-0.21076780356357636,0.45281183922236257,0.6297475079202085,-0.04031298094111504,0.39507119993378187,-0.1453601327910201,-0.42816320416874504,0.06294624174669056,-0.2908470882778192,-0.42449471747663986
ROI_077,-0.23503720921776336,0.7127464286391889,0.8738409417079214,0.836115121768128,0.6460328853838975,0.851147791818655,-0.490534358457265,0.7864325482389068,0.9018899487701383,0.6934679173795082,0.8766289442382084,0.8691983884207573,0.8914346072228279,0.9460705262928336,1.0041960461635044,0.7925230320599508,0.8885495540839216,0.991225404046107,0.8483269771285421,0.9528671286836299,0.7893348442529391,0.6287180338992967,0.4320351339271773,0.45360285944482914,0.44745627668534876,0.4564842554111208,-0.3179064927571367,0.10333656296276925,0.6294595693561437,0.5076373387148494,-0.42291039718666734,-0.7539726785609738,-0.6155034563290599,0.994295575632864,-0.34331050797177354,-0.152664729926241,-0.2033402189901716,-0.6865863093471904,-0.4742529611798261,-0.5762963352714946,-0.5224975473029848,-0.3440417875870513,-0.6798975716162952,-0.6920353882305839,-0.8075350984741031,-0.8612107749789248,-0.7409172031174307,-0.6552937425672847,-0.20457135510459337,-0.7439751575472542,-0.0008566355763806272,0.9033230659813419,0.9001822380517386,0.8856299859126792,0.9988189887932959,1.0470717740408095,0.8889739989501823,1.0575141176663865,0.7487804313987518,0.9319423779726597,0.8382763372256405,0.9609461065758323,1.1967462996481617,1.2271476973177087,0.9872596563427173,1.0998318383896604,0.24503695337731768,0.9058902851630121,0.9945724740705681,1.0538931251696368,0.9110866208597057,0.7127796800011245,0.8035149573551004,0.21655439011815847,0.8012099690691078,0.552148613122459,7.254328619247669,0.6996876577186484,-0.6977530266199324,-0.6185425607796193,0.6477455511408312,0.4203145772994495,-0.6632985860331796,-0.05862972943980179,-0.15635054116350253,-0.07108033716440058,0.050712888251963927,0.07195338453001468,0.21125360245650396,-0.3074933224422217,-0.41694411976993156,-0.028719561685692924,-0.010290376122394104,-0.3977195143922486,0.06101723106327378,-0.5963199880617278,-0.6584557197162455,-0.08006089782036226,0.0489766771315679,-0.551349699709036
ROI_078,-0.6769685725662861,0.6817506739074406,0.5480929453816792,0.6392720922814308,0.4869147027266329,0.48354919249222666,-0.8795104025195314,0.6401705603881447,0.6366922230273935,0.5992423690487859,0.6286053265834367,0.7329415215758021,0.7040107423947807,0.7472927870645792,0.8054793984921785,0.2353047754062989,0.4437054410243253,0.6725054423481492,0.7306898727716433,0.5373111017451078,0.6725737340511649,0.23526482834899176,0.3696172608156182,0.4915515414503141,0.46785765157354503,0.6100897345544203,-0.008433197455838369,0.36194107502289224,0.6488779632982333,0.8369804127310748,-0.2534327526248661,-0.5839969904971891,-0.7919777371238365,0.44352615101915754,-0.5707542598831561,-0.22020483827680679,-0.21321077611157468,-0.41241908472740485,-0.20003267516124826,-0.3540762722630172,-0.5547897366315221,0.003028900567002873,-0.4801489920762823,-0.3068165385099598,-0.6986047870023963,-0.5139699978837029,-0.6942891217834563,-0.8093900896734252,-0.4760094231320902,-0.6631323203229758,-0.29449399676369364,0.6664248924397638,0.5504497220617368,0.6147615173540584,0.6326767776514037,0.5846757107748264,0.6789743144929599,0.6897171230210403,0.6712592147182739,0.7788701052587133,0.7940686616320216,0.7886542659916317,0.837314727967525,0.8992203294469875,0.7704677897725498,0.8751840053234223,-0.18835819140495116,0.7979800462455944,0.9562083078620306,0.8244158134580784,0.7587463552363019,0.8531500614048481,0.9020627894028467,0.4290587675516105,0.7626838585250072,0.8103960026442956,0.6996876577186484,7.254328619247669,-0.6003649665762014,-0.49534514483437275,0.5453254279299673,-0.039570098056304556,-0.5894938511804926,-0.23640854909691736,0.138689358263899,-0.11963734663594504,-0.06569533987522462,0.4651451494636255,0.06681994397783693,-0.2720042341034499,-0.5323830121761125,0.15450567488255507,0.3580117677226734,-0.19475315908758545,0.30178742554409776,-0.1803973954273703,-0.5089538883095905,-0.024851323111664488,-0.2707298998284353,-0.42473825650511854
ROI_079,0.6733752469208749,-0.9577494064963055,-0.8291171625930192,-1.05822166962112,-0.4509953928442109,-0.8124551545095912,0.8500252519087718,-1.1857008009381007,-1.067878365523312,-1.0034195615788088,-1.026209605718347,-1.1396526925356327,-0.792765815863436,-0.9555313667675261,-0.9156106962595464,-0.6322371315009038,-0.8854964929230927,-1.0314317977529182,-1.0178106624403063,-0.45656554607685573,-0.9224289342897306,-0.3442188706879802,-0.18857150230338135,-0.17454091983011527,-0.3891282775295545,-0.6502398616312739,0.41493381648964217,-0.03998736003138319,-0.5304460806705218,-0.38381580876641536,0.8033825991116036,1.4674416917774178,1.079079457372459,-0.5402826447227648,0.7668386595464228,0.39846218404219136,0.4102193449002568,1.1326371538217241,0.5327756926401379,0.8502039205205065,1.0815908402104446,0.49425605944788004,1.1600030613968992,0.903256423094314,1.4538852666463842,1.2249733927459636,1.1456532614910695,1.0891822429068378,0.4924021364168742,1.1356414520470417,0.3750296775590256,-1.0004251285763688,-0.9279732094634803,-1.0479806289437288,-0.7587261161854333,-1.0245564326602543,-1.1817243467883836,-1.2452985551364941,-0.8482913886993528,-0.9784337805566956,-0.9061951990479127,-0.9314183885905045,-0.8621177817620762,-1.0636339953751546,-0.9029303698408293,-1.0126556775378162,0.35579145785247634,-0.8005127793662814,-0.8673120744431696,-0.9554025508382887,-1.1420128078942535,-0.4864917111757667,-0.5390842171088234,0.10932221554571442,-0.8978933581954949,-0.5460504358928912,-0.6977530266199324,-0.6003649665762014,7.254328619247669,1.1156039967659075,-0.19194772140143965,0.12572709124759723,1.4924361901555063,0.4725229393673437,0.34873072088458223,0.5474018751077728,0.16650277517338058,-0.12772184092883643,0.19345278194777507,0.7426195986890141,0.9315376518360433,0.31313209677353027,0.10523010549898698,0.8531491333587152,0.1669417364190111,0.7514575501187356,1.1947967695042745,0.4752115300154905,0.2509587525894444,0.8243733207212485
ROI_080,0.5540926409645115,-0.7277164810249367,-0.6201346270655536,-0.8350040260045088,-0.4608790936378771,-0.6792389429651693,0.6208198805069917,-1.0602312240127765,-0.8839435443256622,-0.8540477416347296,-1.0546199872545738,-1.0662632080866752,-1.0303462734723046,-1.056178516626768,-0.8868318137143977,-0.5767032657397427,-0.897224682292511,-1.0487625003259182,-0.9660580221389683,-0.4948418448405238,-0.8575557867290603,-0.5176870740869174,-0.3550941079710948,-0.32254220489799995,-0.4232425405134756,-0.7259037193025307,0.33280437043621214,-0.004327504066897547,-0.44576789012836354,-0.4946506858623393,0.39231317973314256,1.2377910341850153,0.812670953434602,-0.5436970402473982,0.46328595181145843,0.311056212686223,0.5039558265644221,0.9170955629594495,0.2829002073680062,0.6341499459618702,0.7853499023570275,0.30802426724326415,0.734612775422701,0.7017221646061238,0.8485822721552382,0.9486226616664318,0.8084416925397991,0.7996914102167044,0.388319492826061,0.9684081172267072,0.6281008934393808,-0.7440633570390057,-0.6081345151807442,-0.7294965757381233,-0.7113691357229707,-0.778887330923346,-0.9269294212047566,-0.9990866372871773,-0.5263050114514399,-0.6835215254172582,-0.6709887396643773,-0.740091331535982,-0.6896860772499852,-0.8753635878531953,-0.8492513017159447,-1.042201642799232,0.47234100230384723,-0.6123493870618094,-0.6343949327134272,-0.7603065565420164,-0.8011139895081291,-0.2787126477080413,-0.40310881303896945,0.21933080933552299,-0.6744110544499236,-0.2023362904842523,-0.6185425607796193,-0.49534514483437275,1.1156039967659077,7.254328619247669,-0.09823345819294174,0.20235279898506695,1.1564307325453607,0.47455035359533004,0.517774523495491,0.5879448331053067,0.3965122016493719,0.029706833135796216,0.16238176203792218,0.8254258028451128,1.1623306163856073,0.5248414029557117,0.27272362106726356,0.912255348316628,0.2938596434086943,0.64053663467435,0.9909796083753478,0.6113416902455941,0.31354461479367757,0.6860138985853795
ROI_081,-0.19604917888028128,0.27223016260079536,0.2767336364701612,0.30980842493321525,0.44780217163999153,0.20273886343507544,-0.4383972885852156,0.21864171635346502,0.23748485602700714,0.2891876025314536,0.2522835580609915,0.25029626155962664,0.24239606940587882,0.38714314739394273,0.4788069876977719,0.20858683994320612,0.3178690077788868,0.3506123016177108,0.3364071148673568,0.5993482070915466,0.29699891278558843,0.25304987816173685,0.2725778801115354,0.6425145996738727,0.30956421114111937,0.22917154333815495,0.027652391358971577,0.337504370564132,0.5245171286171982,0.4257967534544996,0.0012790579519546335,-0.14134083213009846,-0.23551161654011593,0.53567722058493,-0.02891379355252406,0.01797489584601725,0.11090429868117845,-0.1324867232137683,-0.19964516588184958,-0.10976857540389766,-0.10405558134032504,-0.02335918530154552,-0.20011853318547423,-0.15499038194814393,-0.26216077666394144,-0.22600147706801338,-0.2479856920270374,-0.3119546343171435,-0.20462535446237848,-0.29443093108727375,0.11258107049488186,0.33144173970976,0.4477893201196045,0.35023548844980346,0.5103639375066649,0.2646466734946443,0.2720754141638975,0.32631708413196087,0.3417427521492918,0.3094896483689703,0.3349744066398818,0.3395220869462225,0.5569307207010383,0.5472644410052326,0.4116994531566881,0.43418131449433955,0.26814877657979425,0.4113513416728408,0.6813731242989428,0.5073972468937452,0.3604250898105447,1.0221271393452394,0.8129763120251396,0.8922368359943587,0.4988601931580206,0.6528460002133832,0.6477455511408312,0.5453254279299673,-0.19194772140143965,-0.09823345819294173,7.254328619247669,0.5279240919662052,-0.06372511863759028,0.47160285859977913,0.40653067353735634,0.5022435439852357,0.19908820747688197,0.44664840444229387,0.30755278409284587,0.27150025702985153,0.057073791594032995,0.26751238990962894,0.5816032192706532,0.12882957900966577,0.7228603095378274,0.04322266510277189,-0.04031405852004864,0.21314639591898918,-0.13483760722161411,-0.11219890082343871
ROI_082,0.3040290069344187,-0.09776684366836201,0.02903544279006183,0.03158863545554221,0.2739906280915448,0.21430102570293244,0.26254580622085094,-0.1503798539689441,0.05620527414838182,-0.21556368420044525,-0.03213493146977962,-0.12540496880156035,0.06205750839566636,0.035966086568814656,0.04274299634636553,0.24588005567798055,0.050780666894102065,-0.011137314518256327,-0.05046897436222467,0.5453488164139971,-0.12510654019755985,0.2926333791395445,0.1754840117830528,0.21652825160942002,-0.16140703517885951,-0.348226369334766,-0.1543264292703183,-0.07532933460026862,-0.02882719066089897,0.01620149744367308,-0.13226892281787098,0.09646021290174736,0.14510507944878046,0.4182022671924089,0.19619672086482584,0.4318824908813928,0.1722666043943754,0.08197498241362096,-0.1334596832876216,0.1670906591325283,0.3874469697596056,-0.14993462367057644,0.09673493853445382,-0.05987742507368435,0.049295427829153984,0.0387010416832556,0.22136859709360696,0.13525014424863702,0.3457023395427962,0.2230463790959141,0.445790706624392,0.005553462588093847,0.0694699652764161,0.0757162924816526,0.20782995082989753,0.13363020186210367,-0.08411628770903133,0.050693985620038934,-0.045383928920150154,0.039346699401361235,-0.05999835601413331,0.1388680250252596,0.23988775018466638,0.14257730385559564,0.03484094311209594,0.051943348355661785,0.966024294471405,0.0676167492932562,0.14388774143029917,0.08208088689818895,-0.04356169530385112,0.1687135565078949,0.18380465260379203,0.28493842755528215,-0.09919130216266275,0.02123505473738908,0.4203145772994495,-0.039570098056304556,0.12572709124759723,0.20235279898506695,0.5279240919662052,7.254328619247669,0.23699160380277498,0.4563576849411462,0.12712655366677858,0.7190326522880923,0.30354499602819146,-0.06589896723082586,0.6872787817325396,0.5192799439746986,0.3678920727811912,0.19895088433615352,-0.01682092691295737,0.1942499224790829,0.3016460702990604,-0.08371168495495677,0.20900886818672457,0.3690275649656136,0.45862094900333533,0.17730322776207338
ROI_083,0.6262710212477931,-0.9352653291256993,-0.8516703130602422,-0.9740273526315569,-0.2891408869569974,-0.7569284496551038,0.9262744778681339,-1.2820988705981753,-0.9923006195895301,-1.1535482952075486,-1.0766114891629306,-1.3062006759244502,-0.8786899602525751,-0.9470188701326793,-0.9378085304106035,-0.6808132250892857,-1.072796900871401,-1.2198471379482707,-1.0989279589049106,-0.35537227952582173,-0.9325342508834003,-0.4225277499449793,-0.2245066969387117,-0.18314378671593518,-0.5271340311268145,-0.7614576871307934,0.5863501177635447,0.049165704689788696,-0.5475928348109095,-0.35137336516616857,0.634757676337545,1.4455721620066355,1.140312695636255,-0.6141157480254583,0.7650432008406511,0.5784866557201715,0.5467442921328255,1.2954478141138095,0.580139194964603,1.03109589274299,1.3719864310172922,0.5610187503609099,1.172602259677651,1.1593669506456326,1.60896439787784,1.5460817091255752,1.4004888056015508,1.3233333374631686,0.5900288775166366,1.464674728378669,0.39628087371064397,-0.9357447171401134,-0.8463713565917685,-0.9208087912237723,-0.6403205353464152,-1.017721459558126,-1.2827778208803864,-1.252711077679693,-0.8781267184490285,-1.0277137039524915,-0.9645706971046168,-0.9559914810234325,-0.8555064365957441,-1.105835990219441,-0.8913709512630968,-1.1485720227512362,0.41353689638212043,-0.9286617131700553,-0.8530261130652569,-1.0419937667396246,-0.9974004173183797,-0.4748218380668792,-0.496962194583191,0.1577462126287038,-0.9453907317496111,-0.4718917517691483,-0.6632985860331796,-0.5894938511804926,1.4924361901555063,1.1564307325453607,-0.06372511863759028,0.23699160380277498,7.254328619247669,0.5855734273322326,0.5818673984140632,0.7784594813716005,0.28687632673068114,0.068375079839294,0.33659153184347096,1.034145936342471,1.1373347486882472,0.30929888797811467,0.21596336704224106,0.9722876936604623,0.2762873271973238,0.9724292336098067,1.664232766433696,0.6682363820613644,0.3411919972883598,1.133387038737957
ROI_084,0.27650051650104496,-0.5371264090841682,-0.3427723842992528,-0.5026041911925332,-0.2441570214771314,-0.44386922184777294,0.28603470648691587,-0.5416690789475664,-0.6086426643821813,-0.3195564700011373,-0.45406927858610235,-0.43048736882816796,-0.47873564945295644,-0.38302710115027727,-0.3512710371044009,-0.08044338264615025,-0.22633192978217592,-0.3810139862284365,-0.5127370926710569,-0.1499303108268976,-0.46492988872172686,-0.0036062156015521183,-0.11885348537331218,0.25726617607753927,0.043715011690616826,-0.24498757878350302,-0.003684211171397914,0.06346465074134802,-0.15143742144528663,-0.33266894657715507,0.3397871545766743,0.4875453135038235,0.5247500887920925,-0.08885897870991533,0.792357343978172,0.05607190556291417,0.27780195280842124,0.32129043232430243,0.04099295812590334,0.17663827550935327,0.36724861791900926,0.12239505171740718,0.4481910603663133,0.19360699045163068,0.4011294893443051,0.3260730442174956,0.39229225009370833,0.4033133454451386,0.11412325745946889,0.2784977851288873,0.36453923737525684,-0.3827078270254136,-0.26822894266005787,-0.43910501200874286,-0.28577768087317196,-0.4343340676406833,-0.46057210964620043,-0.48696946302541944,-0.23540124322143322,-0.37467039602403623,-0.3344439666465839,-0.44943604833629336,-0.25378856500355956,-0.3262709431483216,-0.40506927266933285,-0.35825114528016916,0.6257677704180291,-0.42434833364927654,-0.2877549034836088,-0.3049920690080214,-0.40998847691451645,0.16904400540654774,-0.08598017588242225,0.4429398755224341,-0.18985001592352396,0.0019621066007548737,-0.058629729439801784,-0.23640854909691736,0.4725229393673437,0.47455035359533004,0.47160285859977913,0.4563576849411463,0.5855734273322326,7.254328619247669,0.21757957022169827,0.6055187062201746,0.21517354351498355,-9.317596641706649e-05,0.07272736638836406,0.5055750298875641,0.7397730561700339,0.26717364161049567,0.27555805684375434,0.5012586420451945,0.3906482495194843,0.25789729760769775,0.5222123052433428,0.24543385611293553,0.14432634930274862,0.1540801141708695
ROI_085,0.022115894416521672,-0.05112008499837917,-0.1896529844061142,-0.11509399363168514,0.18824625681928078,-0.15889326263114403,0.04550896264825343,-0.26759876436080604,-0.14775129628125888,-0.32623933597067434,-0.38332835503087176,-0.4445883081616582,-0.43698507234731454,-0.3085060469061606,-0.1814286375987235,-0.4782655624769782,-0.5589352231971945,-0.40313562758883253,-0.3047626483964776,0.06801110591975577,-0.20847919464884676,-0.5579387371917919,-0.1727272111956377,-0.05135974946839157,-0.2052701769358267,-0.21588622771033844,0.9719601719365591,0.774425000142056,0.16250348195235062,0.21438663187152934,0.17334888360095088,0.44305583698499196,0.17688661600307654,-0.34150017654472886,0.027815322486468622,0.4888513757521126,0.5814170226081378,0.5261109240319556,0.2368873843837084,0.39394828423723727,0.33158644932411624,0.36157314208670244,0.17322465326978395,0.7229963285859003,0.36490791736683265,0.5413906166464286,0.25917709962393515,0.28303804857029485,0.2744795843941888,0.4241130483020377,0.2205436388080134,-0.09422307102297181,-0.058078653879754166,-0.07274408968331553,0.022727299654150213,-0.27700983111531896,-0.2535966268948204,-0.26287249067258867,-0.10216060996478044,-0.1564840364570129,-0.10467277794592132,-0.1664606251138748,-0.17141194167041862,-0.20465944583757817,-0.1620631719944971,-0.2884805406421521,0.17268788262380463,-0.18456379218500876,-0.026104648914055832,-0.2071433686370135,-0.11041437569426628,0.18201971623503832,0.19836726275857328,0.6632212827513639,-0.07435902999117364,0.33173397809947475,-0.15635054116350255,0.13868935826389903,0.3487307208845822,0.517774523495491,0.40653067353735634,0.12712655366677858,0.5818673984140631,0.21757957022169827,7.254328619247669,0.5749875721761671,0.4631936980163963,0.8530270412895637,0.4511975453321977,0.6541780513093894,0.48807043048955984,0.7223876212868641,0.8524955764639413,0.5651546221442516,0.6087509609528974,0.8067939321439613,0.5842885466699819,1.0212239443173556,0.1738081559524847,0.5923137842998089
ROI_086,0.20569239232473988,-0.4882936432223063,-0.45515390138112105,-0.401277767064904,0.1321652874253867,-0.3333516993464676,0.3077413897697626,-0.6368826552060569,-0.4222837964982932,-0.6201830434648398,-0.45832819777703565,-0.6096495227531994,-0.3471849440290053,-0.284919449615231,-0.21765261690895435,-0.3820086779945718,-0.45833439702709117,-0.5233387227624986,-0.41189349749106313,0.07643073966394243,-0.38698066052551794,-0.12244279080101071,-0.05104898789134323,0.14283940305368434,-0.4166118853587801,-0.5261075867367146,0.22772151142714173,0.14445959494797242,-0.06761365904088586,0.05160895558348575,0.26662113072290267,0.5182706691760601,0.39254186504177746,-0.15681123460478627,0.3876488980842196,0.40220904815737313,0.29869823953037355,0.6106216425630978,0.2751269324143301,0.6100883362893769,0.7917366627566135,0.38646277978154825,0.6112526256339137,0.4428391744324218,0.469362362143737,0.7290982584782655,0.7439705997598988,0.40196833090537,0.23100139491228944,0.6223742161649165,0.2586460170092412,-0.4226266366610208,-0.36973237024463995,-0.40481355930447516,-0.1575404517335319,-0.4637912669467118,-0.5991854962831473,-0.43839257981238333,-0.39355964518546593,-0.3370303293753537,-0.4213872001045221,-0.2385026880255388,-0.11812820660769202,-0.24997264788719564,-0.2632976365290665,-0.32032953951528226,0.3820811779943362,-0.2509429451455628,-0.18887239520116372,-0.38761762697378865,-0.3340688572876093,0.1015038162482878,0.013685470569694807,0.4408102277887712,-0.39283744083211125,-0.059862647776168045,-0.07108033716440058,-0.11963734663594505,0.5474018751077727,0.5879448331053067,0.5022435439852357,0.7190326522880923,0.7784594813716005,0.6055187062201746,0.5749875721761674,7.254328619247669,0.17440548745916934,0.28362103738443945,0.4557549176408842,1.4722483002313937,0.8217510550455894,0.3548933181889249,0.5023277159378224,0.7526454146478915,0.9321381633156985,0.5497121372818929,1.0006423280237748,0.5250494580054197,0.09817851624736895,0.6527122075941562
ROI_087,0.21593240890910503,-0.060255485172345115,0.030972779584238073,-0.08749616274019953,-0.01751319487020173,0.06829666893283141,0.21858737325242758,-0.14113080113832305,-0.07271234896041527,-0.18191291896538947,-0.21391982013919478,-0.20930786257498257,-0.2938377356592061,-0.19655745067415634,-0.20615954623082614,-0.04630173086434225,-0.16650961801274727,-0.15046950691840694,-0.10876309515935478,0.2217613844847679,-0.17902726207393513,-0.020050867189262352,0.145932414859407,-0.024939869777807582,-0.009106723637128835,-0.1043007290282544,0.37694377472802143,0.30348772867214474,0.004276667996173132,-0.07233704661926572,-0.07534264174314215,0.3416539440499242,0.21839401497561362,0.11596890092064097,0.2061914755473201,0.6271580350418318,0.7364341330273299,0.2557441399400155,0.08308869300676018,0.20707410728969386,0.27314260331182244,0.016110094582395085,0.06793478455362204,0.2867024441617843,0.2426910703650513,0.08085638321238743,0.1056573462337631,0.3128169703044504,0.5049093524924302,0.30471440454542487,0.40082967694592425,-0.05269796588585521,-0.01547170070331598,-0.01595898230790447,-0.014687768972303948,-0.06987112463538785,-0.1405240839720689,-0.16724864223630526,-0.1143949082336849,-0.18815110141408664,-0.17299650829473867,-0.23387489482292442,-0.17178748024584767,-0.15407963159164115,-0.18816071289364425,-0.1925273021702096,0.49291756544895715,-0.17734076317927663,-0.029331096157991374,-0.044609279904737655,-0.16731102741147444,-0.03710141173597293,0.03026661057896198,0.3546267978788406,-0.11201766106944941,0.05788401880253026,0.050712888251963927,-0.06569533987522463,0.16650277517338058,0.3965122016493719,0.19908820747688197,0.3035449960281914,0.2868763267306812,0.21517354351498355,0.4631936980163963,0.17440548745916934,7.254328619247669,0.19740967509819624,0.6378669883181869,0.24238443286680245,0.2053500684483379,0.30517692239329086,0.09578406229826009,0.1652985345103165,-0.00560433641999364,0.1806236648421069,0.1431818322094106,0.6495803378692838,0.5054238558220102,0.28622388709328667
ROI_088,-0.3207882826377565,0.2472393170598021,0.0565958387429277,0.2029077455070905,0.36654275100800493,0.09667823225636828,-0.35784137596717097,0.09941936052569317,0.15087181313586426,0.02692938184899632,0.02022722688283692,-0.031485531274461166,-0.07335126165978824,0.14565655127218496,0.22579731342713283,-0.27356849837712827,-0.17557051649627486,0.027400859310593398,0.08891006365820901,0.2345094454799721,0.1897867570789935,-0.3255509785524574,-0.013333455507639504,0.12307239218809235,0.07840863241176287,0.1991946122035712,0.5910390455829906,0.7559680296322377,0.34088493752064364,0.5000499737689544,-0.008788478180263359,0.02139096094491475,-0.17991509018388835,-0.07541433607898364,-0.13199168241072973,0.21009556017400577,0.29469212322144855,0.13606113596788597,0.2353830633987566,0.12354110791309704,-0.03982584730967994,0.34438569203762615,-0.04773228138550436,0.3220316166368362,-0.04706375178321034,0.1457654368489537,-0.07664968970199086,-0.1356549267489308,0.018567245332891176,0.000821442915879329,-0.059707200588199005,0.13286008752577178,0.15586026421986102,0.19454795785163465,0.27817818996198584,0.013309588998190007,0.08345077643999833,0.10060825942073771,0.06657529903628913,0.10364241340177585,0.1342768803612844,0.09357279980657045,0.09603894343444223,0.1468988831628346,0.1300074155199067,0.11896438969448887,-0.14744040522452578,0.08537880127512489,0.24268198874697403,0.09447961034834594,0.2546833819823252,0.3284204056239404,0.2873989724050805,0.5407005712693528,0.17510449738773956,0.45144322433373835,0.07195338453001468,0.4651451494636257,-0.12772184092883643,0.029706833135796216,0.44664840444229387,-0.06589896723082586,0.068375079839294,-9.317596641706649e-05,0.8530270412895637,0.28362103738443945,0.19740967509819624,7.254328619247669,0.2615673620159603,0.25637158448476316,0.04676139443264221,0.34499487431635273,0.7204469098083364,0.24066141324235255,0.6030258113331118,0.4680347412336459,0.1856850316252135,0.3901768129041231,-0.042467376703574186,0.2547190605067005
ROI_089,0.3418873104052605,-0.08364456023512928,-0.017105147066177002,0.01401422948492859,0.28230833215926665,0.3131803989923394,0.3448833680117391,-0.12685868564856276,0.11244030233372211,-0.2860182492169272,-0.03734958158353765,-0.19003811528627718,0.024806749752811927,0.07939723480535706,0.02027201652272419,0.003748614252922811,-0.14881994544245516,-0.07493454171025356,-0.05602765729860825,0.6851051130821607,-0.07565267441811882,0.18799178232496455,0.30569185490532763,0.2219775559744436,-0.18626087130590513,-0.1043698250582189,0.5507721914093391,0.31798121630027704,0.025719999197689476,0.3602818347183574,0.008445767792646254,0.24019797621701539,0.2069586571891015,0.2612529732424031,0.19347359195935102,1.0724008555767492,0.40853558826143604,0.3564052543746363,0.3414128452041442,0.559491035953037,0.5200066775760901,0.23691987235642434,0.1792329817985065,0.4051642132692999,0.2895981333372598,0.1906947322657885,0.2476163871234429,0.3201961480992667,0.7098401266986868,0.4126655705609989,0.17531073178687634,-0.1030975503624309,-0.09445427092565989,0.001620257994073232,0.21772281904281213,0.04500547658718501,-0.19184921899238608,-0.0467032368557746,-0.29111862758808404,-0.1629686697077141,-0.21901262480942862,-0.05296600882313315,-0.02196042203260489,-0.004601278169660371,-0.012007250806010205,-0.021117595115745826,0.5147356139871858,-0.11913050245743549,0.04806611047745409,-0.07666847383885629,-0.10207465603817716,-0.09802055657236185,0.06319752926323317,0.3210083970177326,-0.27338843784277583,-0.11437863080864848,0.21125360245650399,0.06681994397783693,0.19345278194777507,0.16238176203792218,0.30755278409284587,0.6872787817325396,0.33659153184347096,0.07272736638836409,0.4511975453321977,0.4557549176408842,0.6378669883181869,0.2615673620159603,7.254328619247669,0.4286673169267427,0.13158945243103248,0.09351838003403971,0.07077897134754027,0.18294185352401204,0.1712560854895951,0.2887345566636875,0.24759950326396502,0.7864662320782688,0.6595616635600609,0.5072290389513587
ROI_090,0.26940020861297365,-0.5664574887345855,-0.5607869830518623,-0.5637612034132422,-0.0353542510542471,-0.48745672296817355,0.5070745238405946,-0.8662776720563844,-0.6046809841646139,-0.7266908024231415,-0.6211187980811768,-0.7909131318741889,-0.5640763907244923,-0.5127675226641342,-0.44682667645074287,-0.5250518075196657,-0.629712808568749,-0.7421467163966652,-0.5362057062030847,-0.0482565543085658,-0.5486403433925444,-0.30355853809599265,-0.06729146502544868,0.04024085153583903,-0.4532860845782,-0.6021585400002784,0.34854654234655164,0.0702520103974249,-0.240612586221882,-0.09314808860097706,0.3156487654671061,0.7712751880320182,0.5176524108068218,-0.31461741996743725,0.41659189268326496,0.4429883809153103,0.4984501116147233,0.8729216353802791,0.41051295937989307,0.8463247151962877,1.0673912895712894,0.5294718907187584,0.7508692001259395,0.6054071041050576,0.6572056938512933,0.9922381990703295,0.9476647581932489,0.6310938316578696,0.27427549151475294,0.9206397292542962,0.3271309109965517,-0.5001068586793879,-0.5037174903310523,-0.5460072948350656,-0.3539043428611408,-0.6363857675775495,-0.787845234212839,-0.6674868093264831,-0.5067711329608312,-0.4740259140086498,-0.5911125264965894,-0.43331636572746574,-0.37846200831788834,-0.4862593494121707,-0.4634985098764223,-0.5708415492773746,0.3649176173984268,-0.3740472526526809,-0.34681948914403926,-0.5564509192466679,-0.528255585034983,-0.07960002298899718,-0.061363132368608665,0.4209474685684242,-0.5091457377434745,-0.15376696058537742,-0.3074933224422217,-0.2720042341034499,0.7426195986890138,0.8254258028451128,0.27150025702985153,0.5192799439746986,1.0341459363424708,0.5055750298875641,0.6541780513093894,1.4722483002313944,0.24238443286680245,0.25637158448476316,0.4286673169267427,7.254328619247669,0.9385889762200731,0.4800870398106836,0.5426514123774537,0.8482353611053354,0.7444941458120071,0.6610798541422477,1.3122208498692784,0.6015114507740557,0.11686660708499967,0.9578252513440032
ROI_091,0.5161726770065822,-0.7608743937282153,-0.642013767122157,-0.7896375891016771,-0.3330725624873297,-0.6659648304034654,0.6516953625472771,-1.0104871069418768,-0.834206073976946,-0.8501250918024548,-0.9591294044519838,-0.9772117366835888,-0.9315173756092723,-0.917539238572131,-0.7106513516682846,-0.43295998873577185,-0.7240707206929404,-0.9467055416649416,-0.979255411055233,-0.3959614833317389,-0.8445409716735025,-0.3879241470283114,-0.42041161674812894,-0.21173512202551115,-0.46252550600207615,-0.77966349672328,0.25320562941701447,-0.03188397387270497,-0.4185669796588692,-0.4969704550342692,0.36080917370865045,0.9042148987340923,0.8066144993374753,-0.5082090507370449,0.5813226907678279,0.2365516057857008,0.38301859655754344,0.7107154940703769,0.22680158939201678,0.5154958206748288,0.7204300688721375,0.2916552574458026,0.6882322755355023,0.5551074585676108,0.7489881243190598,0.8994121981916753,0.8148741212491045,0.7533564125671259,0.36329828693329463,0.7956101069113674,0.6443733842497528,-0.614129895762652,-0.4619303626416947,-0.6643528839030433,-0.5461903924040518,-0.6917826075493424,-0.8369045553720498,-0.8515643665016067,-0.4852857533428433,-0.6069609338033247,-0.6050576793413821,-0.6634980952637949,-0.5490230750970297,-0.7317466600058539,-0.6919204916898347,-0.8351925627155113,0.5732844343317985,-0.5764688188941041,-0.6329291731563167,-0.755781819808719,-0.6964738066208835,-0.16003606349221602,-0.3087026343837159,0.28425807027999445,-0.5714468861117723,-0.21076780356357636,-0.4169441197699315,-0.5323830121761124,0.9315376518360431,1.1623306163856073,0.057073791594032995,0.3678920727811911,1.1373347486882468,0.7397730561700336,0.48807043048955984,0.8217510550455894,0.2053500684483379,0.04676139443264221,0.13158945243103248,0.9385889762200731,7.254328619247669,0.4897480614022355,0.36990435403972627,0.943906014914144,0.43207019747298464,0.5467681229359843,1.1170600589396051,0.5680945491352927,0.307116176960998,0.5742570578951723
ROI_092,-0.10525479158941942,-0.0041761673390700756,-0.10292655396328661,-0.1082866871636372,-0.046547688401688596,-0.17352169819419186,-0.01967959424429038,-0.23308285664652398,-0.1992455836111633,-0.19920041725089316,-0.32326033401437476,-0.295274764780928,-0.38886673567928387,-0.39847134365079506,-0.18167844272888226,-0.3104502794948716,-0.30363719495930214,-0.28536515287964287,-0.22240076714326656,-0.06033906629031246,-0.23706276351089145,-0.5164954873422859,-0.20047353431834122,-0.12151497552393818,-0.0018249918788705846,-0.2480223901307598,0.20332951403676752,0.3211635873400854,0.09295282259488996,-0.03416117420700294,0.023363365303659574,0.28078939974746775,-0.041983311527738994,-0.23017436926038695,-0.13825235902056845,0.07009523745381319,0.37650670032071964,0.2665668462681747,-0.057190616704460885,0.0766926659812425,0.12196281391065716,0.10282575544258882,0.039864995012555915,0.19549401969799457,0.05301747649623147,0.2618821823403582,0.04614525289164797,0.02248212153354007,-0.01823543238275033,0.2317904472758227,0.3476773936952945,0.0784114342365757,0.05471608842878509,-0.034993037220221714,-0.07486825776243933,-0.18053030870886205,-0.09727472367650304,-0.1805191165786704,0.1363046006872138,0.10805308574326797,0.11742138552672769,0.021197908291080897,-0.039527356188513454,-0.07313419743534647,-0.13684841923687163,-0.16589070322013771,0.39039679022863594,0.07534376065590481,0.07430021750045096,-0.013370132749323091,-0.11418985928899168,0.39194267625467133,0.31219062312257295,0.7151803327963111,0.15458398580730293,0.4528118392223627,-0.02871956168569292,0.15450567488255507,0.3131320967735304,0.5248414029557117,0.2675123899096289,0.1989508843361535,0.30929888797811467,0.26717364161049567,0.7223876212868638,0.3548933181889249,0.3051769223932908,0.34499487431635284,0.09351838003403971,0.4800870398106836,0.4897480614022355,7.254328619247669,0.7803041917750574,0.4117083709517519,0.5404927787428326,0.2311300398741301,0.33499000167294496,0.4862811189171965,0.07808661866136257,0.2211140909744015
ROI_093,-0.32580901785265076,-0.01469117116995452,-0.13125511148070884,-0.08333517159892823,0.05307057711701708,-0.24101830694097304,-0.25590203995110145,-0.17026908510945976,-0.15730327149247916,-0.039349307750445206,-0.18866733009855768,-0.1543952464090905,-0.25871082209239576,-0.12111456472321136,0.0866054318390688,-0.3461948791415111,-0.20084282170062445,-0.15916630907364882,-0.06917924132311233,0.0089985152910672,-0.040067293401145634,-0.34760863179977053,-0.1731843899070903,0.22169159110878914,0.08079362924337466,0.07353114802611736,0.39267506548604997,0.5211373995754794,0.30492714208199695,0.31195485023540576,0.1858071186995202,0.17777430419478876,-0.07231263559572018,-0.20653323292249573,-0.12482235110734981,-0.06243059930633278,0.2383424293290617,0.297851583194337,0.18931062632945553,0.19020360081152854,0.030379003661231176,0.44797032200638215,0.05417697461032643,0.23647880032383994,0.0035209758169244217,0.2641314227896573,-0.020462445172036617,-0.1185540605379491,-0.2686382807581065,0.053782812389081974,0.017949984683969866,0.04248241671093183,0.07240438416249254,-0.06021447319751138,-0.009319795942147728,-0.19934514659458583,-0.0937075533446623,-0.1305219037118681,0.11966946934776022,0.09549825090014644,0.12235687070869788,0.005670570613355908,0.05673615486524791,0.05348788147633333,0.022368701229920778,-0.017688324107227812,-0.021485968294250663,0.12755123643608413,0.18877997809190047,-0.003088308420304313,0.06544399241353216,0.6375450468456734,0.47886148118221866,0.9767639728691982,0.23747416161979032,0.6297475079202087,-0.010290376122394102,0.3580117677226733,0.10523010549898698,0.27272362106726356,0.5816032192706532,-0.01682092691295737,0.215963367042241,0.27555805684375434,0.8524955764639415,0.5023277159378224,0.09578406229826009,0.7204469098083364,0.07077897134754027,0.5426514123774537,0.3699043540397264,0.7803041917750574,7.254328619247669,0.515068179974946,1.1390386115656839,0.4725831996724304,0.3599270493406356,0.37007776002946885,-0.2827846341990971,0.2045021565080223
ROI_094,0.3652732201778783,-0.5994331436062407,-0.5703297558942851,-0.6777040525763843,-0.2036603583323474,-0.703839349978763,0.403907776928292,-0.8473295924230575,-0.7130606484550722,-0.7166430094211192,-0.739840716410045,-0.7172044264305516,-0.5804958782206802,-0.567661563819867,-0.45115972427854434,-0.577308551759598,-0.7200807365837631,-0.6851376617264122,-0.5978844470450378,-0.273096561217204,-0.6080193796903793,-0.28534748301791363,-0.15241951374512602,0.007822653998268472,-0.3046801934433055,-0.3934541717768308,0.4131393997561943,0.1663838982235808,-0.3836361698650914,-0.08812600284423656,0.6492973111019915,0.9931587842982503,0.6754136156798213,-0.4030145531946453,0.43240414565411484,0.2948688395951941,0.4183182827467988,1.0392956268188274,0.5358142532658793,0.7559998668841229,0.7178100072699706,0.6871228560025303,0.8264156727278116,0.7711084114105959,0.7581199855365426,0.8793166574543587,0.7109834534647942,0.5230227179797213,0.2375204924743233,0.7592560498785261,0.3785743907593991,-0.6057195610350411,-0.5134292590776904,-0.6343260899084517,-0.49166727564766577,-0.7067229385656335,-0.7617543295267121,-0.7808425302682913,-0.4809795881211102,-0.5295706784489181,-0.5187370548004748,-0.5602426055345994,-0.3912935772323225,-0.5437506146169452,-0.5483591049633092,-0.5996968478364996,0.3068867157998744,-0.4149867104467111,-0.3664594142482285,-0.5206908888193121,-0.557025063757631,-0.1175397266773965,-0.16440762458371572,0.4488341724712821,-0.5100255963138108,-0.04031298094111504,-0.3977195143922486,-0.19475315908758548,0.8531491333587155,0.9122553483166282,0.12882957900966577,0.1942499224790829,0.9722876936604625,0.5012586420451947,0.5651546221442516,0.7526454146478915,0.16529853451031654,0.24066141324235255,0.18294185352401204,0.8482353611053354,0.943906014914144,0.4117083709517519,0.515068179974946,7.254328619247669,0.5563537160801828,0.8728287990138878,0.9565568395576772,0.5152289536258183,0.09785635043720271,0.6857634705281299
ROI_095,-0.1944090142945588,-0.18369773881382703,-0.2267771598060967,-0.13854157556260688,0.1396559189312432,-0.22751588308039702,-0.2157176984872831,-0.2900586599130287,-0.2080789242488371,-0.18869064199737526,-0.21474595888136191,-0.21758499614061436,-0.1536800685063929,-0.08380989595594644,0.09626604136464047,-0.3667103003265925,-0.18295151731722137,-0.1979318903871503,-0.09132179987613667,0.06882192005698883,-0.133792749028143,-0.16002540320314082,-0.14541617646645916,0.36065112084805784,-0.05264034203448178,-0.04345353530663967,0.16494978076306985,0.3568796414983694,0.25321538576684627,0.31543754838984916,0.22754462799077585,0.17416421854426045,-0.002851918809311828,-0.08629939795688342,0.008628467693357404,-0.017161614703202335,0.058921784184843874,0.2969132038905858,0.21555234991644978,0.2878132225862797,0.1920054494852192,0.4321894430657445,0.23962823735859942,0.17509026433224362,0.029217937182455207,0.32223457364593217,0.1552643960192516,-0.12525083459929712,-0.19010792745024682,0.10402170263023199,0.005769356310083708,-0.14893540630434443,-0.08453805052412187,-0.1588266450000201,-0.013008711898305087,-0.2590663305340263,-0.22869242519266794,-0.15309980109750013,-0.05166503291529589,0.024413258673088863,-0.012524337501995705,0.031396137276486304,0.13987406146027526,0.0642596929103674,-0.03589274713345334,-0.022078797797788825,0.06052790317626763,0.10616034345272841,0.13729268046867316,-0.07311960389456165,-0.030266705324391557,0.6180749080524246,0.3219223922664289,0.8736930066146297,0.056372910935413544,0.39507119993378187,0.06101723106327378,0.30178742554409776,0.1669417364190111,0.2938596434086943,0.7228603095378274,0.3016460702990604,0.2762873271973238,0.3906482495194843,0.6087509609528974,0.9321381633156989,-0.00560433641999364,0.6030258113331118,0.17125608548959506,0.7444941458120069,0.43207019747298464,0.5404927787428326,1.1390386115656839,0.5563537160801828,7.254328619247669,0.42977065119152286,0.480351713048617,0.2372291289775601,-0.23465146462322398,0.23792025903020164
ROI_096,0.235195949514522,-0.49685188379969,-0.5872746774524958,-0.524032987829319,-0.0854634236507281,-0.5470566612520072,0.3067160810453655,-0.6556774427031041,-0.5689617385789963,-0.695191602715629,-0.734748089369858,-0.7907408459206964,-0.5715096087996158,-0.4941503009427081,-0.46864981301827097,-0.7959538525723597,-0.9655239213571073,-0.7012077898106718,-0.5820056049263118,-0.2396571665620079,-0.5037794416435135,-0.4802546398913671,-0.1727604412522942,-0.12997907030172146,-0.2932651694344268,-0.2957967873182345,0.9846559759224586,0.40327482876306325,-0.25478246029547164,0.04090735877810127,0.7423349809479898,0.8750948071134776,0.6513979511328746,-0.5633917128087609,0.38551272122830643,0.5772292891641114,0.5370599427084473,1.2054765965842549,0.7036032642494896,0.8404245507223609,0.6945794492637216,0.7874514644187804,0.7321396908626931,1.4402246879758198,0.9756784094671671,1.0442988670926505,0.6940316056474691,0.6347626068349504,0.38149881439462885,0.8189446009068809,0.13855130313109879,-0.6579091268806455,-0.5772052809411218,-0.5602855829978504,-0.38911019630481947,-0.7761859117739726,-0.7573114166397433,-0.7533135429683622,-0.6402030743030411,-0.6582563394573592,-0.5923714991280163,-0.6478106570095599,-0.556658620800502,-0.648771224666361,-0.5620017811216621,-0.6636650146363928,-0.020775844960741256,-0.5685605851601077,-0.434234485257511,-0.6300347342931529,-0.5513953247508228,-0.26582602981091624,-0.24612128772953995,0.2791548009676142,-0.5768483215531518,-0.1453601327910201,-0.5963199880617278,-0.1803973954273703,0.7514575501187356,0.64053663467435,0.043222665102771896,-0.08371168495495677,0.9724292336098065,0.2578972976076978,0.8067939321439613,0.5497121372818929,0.18062366484210693,0.4680347412336459,0.28873455666368747,0.6610798541422477,0.5467681229359843,0.23113003987413017,0.4725831996724305,0.8728287990138878,0.42977065119152286,7.254328619247669,0.9556968188485133,0.5752181530634837,0.09243231316934758,0.998060724411643
ROI_097,0.4044895304523552,-0.9194856599347755,-0.9394509896721517,-0.931923825111446,-0.2451712739491713,-0.7896181989683517,0.770106817128774,-1.2618705331815172,-0.9766634519317757,-1.1097397600885595,-0.9851507870555275,-1.2902313570167054,-0.8549656687944492,-0.8299369468554254,-0.7658677027628961,-0.7810198239078564,-1.064381639530538,-1.2193902820238398,-0.9580801173537542,-0.36715669921562594,-0.8296550454422417,-0.4678198322033476,-0.2529170327220757,-0.16061195050452912,-0.5327571445446043,-0.7244331796104747,0.5151789748962726,0.09329971128554877,-0.4321798605040618,-0.24154655701384703,0.5726259747606701,1.150755187440538,0.8798723982214196,-0.6892368608537549,0.6591444842444372,0.4457150894184237,0.45902874337469224,1.2107119862048694,0.6051425058808683,0.9903256173199191,1.2647282214506015,0.6669084187568766,1.1907962456122927,0.9852524981379217,1.1938346256011572,1.906188682803203,1.4830470882791025,1.0419671884868444,0.44362395032856977,1.300856888439674,0.26143533363100985,-0.8956295920338591,-0.8603226496503866,-0.94235712991117,-0.6308175374871611,-1.1070388846907278,-1.261353354648135,-1.1398900056054049,-0.8557825961125695,-0.8944093127987471,-0.924968099743705,-0.8242873319671398,-0.7621889771248747,-0.9679538626528728,-0.8154617049045595,-0.9717718913081212,0.25654249517330724,-0.7987173746442519,-0.8097461212563944,-1.0615354080502477,-0.8395167451370219,-0.3755095698945821,-0.4255606613337258,0.1760103012984348,-0.8747568837172015,-0.428163204168745,-0.6584557197162455,-0.5089538883095904,1.194796769504274,0.9909796083753478,-0.04031405852004865,0.2090088681867245,1.6642327664336969,0.5222123052433428,0.5842885466699819,1.0006423280237748,0.1431818322094106,0.1856850316252135,0.24759950326396502,1.3122208498692784,1.1170600589396047,0.33499000167294496,0.3599270493406356,0.9565568395576772,0.480351713048617,0.9556968188485133,7.254328619247669,0.5588715639118736,0.18647832833199576,1.1767415814835458
ROI_098,0.35564327574791404,-0.13741921305085514,-0.18198095280802992,-0.21466501564150928,0.09359045880983177,-0.04659977255348246,0.4064216087183412,-0.3302605994737679,-0.13324965231584626,-0.41711322462590217,-0.3917708397867423,-0.45413363297161086,-0.3771150124135023,-0.2882432744649691,-0.23079641825113792,-0.21230281467242207,-0.5478561775147354,-0.4208065839103829,-0.37842946919848247,0.17141443346676305,-0.2850529563304698,-0.2481480922918444,-0.0331460341493738,-0.09846715068782932,-0.3411132470187884,-0.39353970334008254,0.8797702890474403,0.48149851638665464,-0.025818165295576394,0.13090780745901057,0.09473373092791205,0.5234940091035905,0.3729731546651567,-0.18298770808760492,0.20032663651725996,0.7407086262954125,0.6957848448100952,0.5881044987468335,0.21230917139095917,0.4737681136604156,0.4922985297195987,0.24797033259815263,0.23826439413859898,0.6903694489020145,0.49956405462808784,0.5327446321399512,0.3753535972003679,0.5675593909247757,0.6313785316925788,0.57607367879999,0.4398455944509115,-0.12189310240407247,-0.11751634608446673,-0.14165547511952936,-0.027695119898746796,-0.18692022021230156,-0.3199670301599839,-0.30542947674479337,-0.19843238430423682,-0.24592170551753476,-0.22413660742183233,-0.2260550736072608,-0.18829272061177502,-0.2539450795116046,-0.18353829772342606,-0.2953254237307243,0.5386408709605566,-0.25316953941844506,-0.13499971972995994,-0.2683951741426329,-0.20919911198407193,-0.042987967407625324,0.07465162068766176,0.3925797671746885,-0.2612677618659925,0.06294624174669056,-0.08006089782036228,-0.024851323111664485,0.4752115300154905,0.6113416902455941,0.21314639591898912,0.3690275649656136,0.6682363820613644,0.24543385611293556,1.0212239443173554,0.5250494580054196,0.6495803378692838,0.390176812904123,0.7864662320782686,0.6015114507740557,0.5680945491352927,0.4862811189171965,0.37007776002946885,0.5152289536258184,0.2372291289775601,0.5752181530634836,0.5588715639118736,7.254328619247669,0.5803142112542043,0.6223408194116493
ROI_099,0.5779814425279679,-0.23293245162367607,-0.0850594135369824,-0.1606705720928544,-0.0845115661561723,0.22717266697389535,0.6037008634521744,-0.21879948400335839,-0.025323965949089845,-0.4765328369127782,-0.24944270999410817,-0.37567467267356386,-0.23401511652731216,-0.24911634501832913,-0.2749486977489617,0.00873718463437616,-0.3395792922481177,-0.2697070686831678,-0.38401462170716,0.2230607564020173,-0.29470017788575725,-0.06479378778040899,-0.12434493736622317,-0.3149542413402108,-0.33961712367299857,-0.4278775477027058,0.2841371468352228,0.10192997114462499,-0.30920159469743586,-0.1622121591223584,-0.09819613184268224,0.2424109112272357,0.34115247029060175,-0.08589600827190079,0.21935931710235132,0.6587228444571086,0.3070702612442363,0.2242351447873054,0.10688979588908108,0.26187756022559844,0.3487030813230797,0.0012432950852862368,0.10653186390088581,0.338619614735519,0.3128883565226035,0.1688375147195524,0.217545204809552,0.48362650627815384,1.071890855297004,0.4323152280413869,0.48548811049760565,-0.16924761195912544,-0.12498722517027516,-0.08986915915946687,0.013561365013504885,0.044575475521659164,-0.2381241961454919,-0.14918372200621494,-0.3357114347369409,-0.24816570038104235,-0.2802885000027148,-0.2066135996406603,-0.2091246617188851,-0.23544539371176074,-0.2537007723952275,-0.286735078777839,0.7860060161861496,-0.35661231647113273,-0.2931449693043314,-0.27783629734998017,-0.23890318168686603,-0.375028476614462,-0.33537280365359795,-0.036829471456575176,-0.45365454393538795,-0.2908470882778192,0.0489766771315679,-0.2707298998284353,0.25095875258944433,0.31354461479367757,-0.13483760722161411,0.45862094900333533,0.34119199728835986,0.14432634930274862,0.1738081559524847,0.09817851624736898,0.5054238558220103,-0.042467376703574186,0.659561663560061,0.11686660708499967,0.307116176960998,0.07808661866136257,-0.2827846341990971,0.09785635043720271,-0.23465146462322398,0.09243231316934758,0.18647832833199576,0.5803142112542043,7.254328619247669,0.3117698732433503
ROI_100,0.3548135677855284,-0.4964564514809792,-0.5391140428729505,-0.4910934735196438,0.0024867546661542827,-0.432244441698694,0.7576974084758964,-0.7094111516411019,-0.4941688430697762,-0.8299693599562452,-0.5918896859809609,-0.8809726217893427,-0.5184414543700936,-0.4810810286540837,-0.5233079529960507,-0.6454378549758684,-0.9096983904763872,-0.7512117237865565,-0.5083260329145648,-0.056468343048241845,-0.4813395538830257,-0.45930503566213016,0.006331996923989177,-0.23688264570487821,-0.4656976865500135,-0.576019286428822,0.7440789714539668,0.13311380875152873,-0.3988908496854621,-0.08264535547082663,0.46533695318486606,0.9627388309694215,0.7298423816577098,-0.4458435029897145,0.4029303424401173,0.8498279986474834,0.6390871644982938,1.2034778372915074,0.673657035122315,1.1214800029028136,1.261188860127949,0.6073390954197582,0.7867636448873492,1.1294991233172909,1.0478274378570376,1.1750459518051959,1.0761646502629525,0.9489396300593396,0.6666829149139534,1.4393335406653935,0.19775202656721827,-0.5883728470981674,-0.5875779409415718,-0.5212961465077263,-0.3567498984322778,-0.7044470498878346,-0.8051886613054472,-0.716709668108071,-0.7778090738629277,-0.688334859760866,-0.7523061263031962,-0.5903897682462151,-0.6566715570095112,-0.7110250708616953,-0.5724395429420601,-0.6993082664952883,0.18751106403879578,-0.5905752902982708,-0.5046564091667534,-0.6808327847874289,-0.5884448193406168,-0.5395018572693212,-0.32555814488293466,0.09243650935515713,-0.7594272383616091,-0.42449471747663986,-0.551349699709036,-0.42473825650511843,0.8243733207212486,0.6860138985853795,-0.11219890082343871,0.17730322776207338,1.1333870387379568,0.1540801141708695,0.5923137842998089,0.6527122075941562,0.28622388709328667,0.2547190605067005,0.5072290389513587,0.9578252513440032,0.5742570578951723,0.2211140909744015,0.2045021565080223,0.68576347052813,0.23792025903020161,0.998060724411643,1.1767415814835458,0.6223408194116493,0.3117698732433503,7.254328619247669
