,ROI_001,ROI_002,ROI_003,ROI_004,ROI_005,ROI_006,ROI_007,ROI_008,ROI_009,ROI_010,ROI_011,ROI_012,ROI_013,ROI_014,ROI_015,ROI_016,ROI_017,ROI_018,ROI_019,ROI_020,ROI_021,ROI_022,ROI_023,ROI_024,ROI_025,ROI_026,ROI_027,ROI_028,ROI_029,ROI_030,ROI_031,ROI_032,ROI_033,ROI_034,ROI_035,ROI_036,ROI_037,ROI_038,ROI_039,ROI_040,ROI_041,ROI_042,ROI_043,ROI_044,ROI_045,ROI_046,ROI_047,ROI_048,ROI_049,ROI_050,ROI_051,ROI_052,ROI_053,ROI_054,ROI_055,ROI_056,ROI_057,ROI_058,ROI_059,ROI_060,ROI_061,ROI_062,ROI_063,ROI_064,ROI_065,ROI_066,ROI_067,ROI_068,ROI_069,ROI_070,ROI_071,ROI_072,ROI_073,ROI_074,ROI_075,ROI_076,ROI_077,ROI_078,ROI_079,ROI_080,ROI_081,ROI_082,ROI_083,ROI_084,ROI_085,ROI_086,ROI_087,ROI_088,ROI_089,ROI_090,ROI_091,ROI_092,ROI_093,ROI_094,ROI_095,ROI_096,ROI_097,ROI_098,ROI_099,ROI_100
ROI_001,7.254328619247669,0.5753064574293836,0.44834789584038576,0.5106762251278171,0.5697661819063612,0.4806137161694165,0.5784827566337054,0.19173949940645932,0.2952891039479227,0.5738161644731793,0.45299918054363725,0.6736477045971714,0.6745129787405583,0.3524797417841545,0.36437376148130113,0.7462133831427331,0.4277008011535994,0.40564030965195147,0.4709309889004877,0.8279328452086112,0.46448605287441025,0.4738099251895789,0.6182519661601542,0.5289596794695546,0.6208960222012431,0.22841923583138743,0.3911044951282388,0.5617094712691362,0.5986101480872779,0.6421506183141155,0.6410491123018682,0.46632333250721647,0.757254043755282,0.4489308864791408,0.4208804915818118,0.5792474616010652,0.7615773973721727,0.3590630715235735,0.3403975489500782,0.40819679504900896,0.5958840908438906,0.44062826450949183,0.12364128736497874,0.9185038937114877,0.90860489744366,0.2554520108198655,0.32501056493790936,0.4487604095772394,0.6069555951375923,0.46868050044015747,0.9081497718747001,0.49436069235594843,0.5597037518077667,0.513823295768995,0.6076248724863463,0.21586104523882493,0.17783298556824925,0.22526298826638988,0.43279879212268435,0.283122189936643,0.6305248808213522,0.4084363217845946,0.5493965745143425,0.19953899991427504,0.5863640032825754,0.3029366506619949,0.4369595536934321,0.3134307099847502,0.34764840526079865,0.39495177057475844,0.5065536661378859,0.15974615321091795,0.48329796682448206,0.4528099590435431,0.3668596517998193,0.5005977856413577,0.9603166693689283,0.690146288087293,0.6069766523988266,0.49700688137231847,0.24474308163369188,0.30594239895056324,0.45866365223412536,-0.06406438833563828,0.17779253242272042,0.04630397724904273,0.7467521682194291,0.6187351424444153,0.5419021727569476,0.19863693384254008,0.4144381737774809,0.36641548100388915,0.5384639478431105,0.6684403390969712,0.6712979305893888,0.6077686174878981,0.2789707380228159,0.45573822706561473,0.421237814748428,0.4722631894174207
ROI_002,0.5753064574293836,7.254328619247669,1.1272540955360506,1.716073275048855,1.2216648872271618,0.6516707453626356,0.1784620041157875,1.1237820230809925,0.8695218244839663,1.6316498740233274,0.7760232789643859,1.4685402444902589,1.181770902465557,0.8889965864259984,0.950052270907028,1.829335860902453,1.3835329984193858,1.265078419035042,1.2877648236061292,0.9868117784582181,1.2398538613461814,1.253667141862199,1.0266724057293306,1.1790477089587734,1.079780914472128,0.4956061470339023,0.663155765755087,1.1481194405944715,1.1992518853076273,1.3291982584001718,1.0879813025776297,0.6616041597173845,0.7502530992081479,1.5354701115924316,0.8597852446945052,0.07860292578181295,0.6309953261647271,0.295745772419594,0.8981352327063613,0.2511387673818324,0.29841107321068994,0.6435591044673609,0.10051210452482763,0.5314893617578214,0.980335344956367,0.06716537100074547,-0.007728383154255683,0.048710847318388935,0.018614884475946957,-0.11656118071046745,0.6856083000065835,1.8509206286818793,1.7157732496289835,1.6587673970307262,1.0949126233633981,0.7192764187745161,1.174789737751643,1.0117571711824498,1.2854365626853623,0.8074721795309578,1.368921776174595,0.9217652503117827,1.4598116683310638,0.8263134338929526,1.4778443600469717,0.951344097927842,0.30824152873737826,1.1276253923169994,1.50710704890669,1.5426758355894692,1.4124115226222436,1.1129355578735352,1.2955417876948125,0.8331475853332001,1.283217962339055,0.9526333313309524,1.1478882703006759,1.0175991758789784,0.7539173076869962,0.54974252220007,1.169928501279112,0.6105743862793894,0.4397333168649746,0.2577572786861538,0.6773817371398442,0.33360430009363606,0.560954730125231,0.9150629292060507,0.4436640368648682,-0.07427642307004426,0.26259932204053216,0.5846743422540811,0.83687188479206,0.6883763336936557,1.0508567312759154,0.48214466359256514,-0.05964905860912323,0.7293781417766242,0.004118224611321498,-0.11908298873367035
ROI_003,0.44834789584038576,1.1272540955360506,7.254328619247669,1.3303096359987245,1.2333523440953356,0.8873889969441562,0.3569443521721919,1.3783397921915357,1.1796516793165734,0.9829988782884929,1.0577343146038802,0.9244377804602543,1.0502985936463995,1.2194146270327468,1.2485236344281692,0.9859140751748825,0.8964797028084259,1.4163865346044378,1.2222677568459803,0.9134606719509185,1.2669881722056717,0.946661375439301,1.002719219485232,0.6177928203096339,0.7075200366918042,0.36471662327422016,0.30977783774712164,0.7406264989664868,0.7445889696784367,1.0419903257808025,0.9064463273623924,0.7506624021446865,0.5035803195231398,0.975025583526765,0.5919992264869245,0.0875301572227476,0.32009410513688036,0.4257672318840505,1.0077622473160894,0.4880762493266512,0.2734804765360403,0.5016232731526485,0.1378554672389498,0.49080674768539184,0.7495183141169155,0.1257580144137289,0.05316492295789472,0.21588927433846444,0.15062023292408364,-0.02628457105517807,0.4530932229430727,1.0224862719520336,0.9157170215111761,1.1781016567448823,0.989062208027576,0.9568287108132016,1.087774938749759,1.0932988974221065,0.8371490881362974,0.8450311263829373,0.9198059246926394,0.9791133128158583,1.0919356800953546,1.014168520434829,1.1343748104048725,1.219496156217368,0.4508280269906382,1.1228725387960703,0.9105798551177923,1.10627864045488,1.0821404157446082,0.7737999602065775,0.9556645461523429,0.7281531149965417,0.6089281712061826,0.4660408265318122,0.8536808561556885,0.5833643208272699,0.38370968851176396,0.3925416904653247,0.5988221504160051,0.6553126231248425,0.12867445938814243,0.17493945133479877,0.25678664240652255,0.37616359949573674,0.21673364044258436,0.5257989526268283,0.4209576551615884,-0.11996091398341292,0.2426734392704932,0.5189666149524041,0.5031312795396462,0.33466583946382394,0.5808811296943213,0.5787508531051789,0.05766884442098529,0.6371350665414914,0.17365573205882254,-0.03899704901622166
ROI_004,0.5106762251278171,1.716073275048855,1.330309635998724,7.254328619247669,1.6849610590641342,0.8958675128920269,0.3430907530568631,1.337686211124259,1.0842133742475246,1.3985968389319015,1.0438320508695078,1.25860370987366,1.106769982087205,1.1272948738636719,1.2473605926940647,1.5274104812435196,1.1909574303908015,1.3375662992735284,1.2982212885816862,1.0055274793241333,1.2431408019968457,1.306868555819858,1.1041780302590283,0.938172838890647,0.9356181711249495,0.48128416345272673,0.4636595370980485,1.0339949589687523,1.020226668185219,1.2980242646387892,1.0743834685361495,0.8295023944668348,0.6444504136171447,1.2587387997127761,0.8567009219056282,0.06662089762995996,0.5181323101762041,0.43310952838987804,1.1631827466411566,0.3934669371895333,0.35939218749043256,0.6985651686190287,0.25740613517658634,0.5063961673776307,0.9114914548620702,0.16470761400150694,0.09050742271375474,0.17727776664131498,0.12957721644274978,-0.05194532898556235,0.55187665141236,1.4085628240471915,1.460974563723451,1.9447856327326063,1.3320094101777766,0.891130340737528,1.3015951795460263,1.1756772946711316,1.24848138668013,1.0257154236964514,1.2017305956097837,0.9460736836230965,1.5222139636704028,1.0870463652827451,1.3592598401213425,1.222240892906654,0.45610443851824184,1.2914338984023144,1.2469434228476144,1.3461645631163404,1.2755644497616705,1.1222853173073377,1.2565047376237706,0.9110564671867064,0.9608407494328804,0.7434288943253927,1.0835788723752058,0.8026846822090138,0.5680144735842407,0.5668306334425468,0.960161642474893,0.796432185840038,0.3090915961359266,0.3608059702445744,0.4604141124957185,0.49379828087265676,0.391532762985923,0.7722027774482281,0.4187147470807479,-0.01995673518427575,0.3027834746763272,0.681503013579564,0.740870762437172,0.6132614120989142,0.9341596141632253,0.5711424538838235,0.07845417845160237,0.722331363150147,0.12697325452040154,-0.07339321491760778
ROI_005,0.5697661819063612,1.2216648872271618,1.2333523440953356,1.6849610590641342,7.254328619247669,1.254341227449392,0.6267657778886366,1.1507106748704594,1.1847721137516707,1.0141967138735068,1.1724495553444851,0.9272137100551567,0.9603259793902162,1.2513068277837691,1.4339937650490302,1.1602567303578475,0.7673409885329674,1.1527514845919202,1.1461620217366815,1.1745148277099149,1.0872898066128442,0.9313967220929458,1.0722628183937761,0.5793997872055094,0.6890283867171301,0.23265033628864779,0.22713212885620618,0.8050403653323069,0.7536914102308193,1.1252721849868268,1.0892978669482474,1.0086273435365833,0.5476669092421411,0.8401533906630932,0.592619815203025,0.18732518355610664,0.46609560617505164,0.6347975228799742,1.0037602615715002,0.6115549084785524,0.5126232401061521,0.6177776029749382,0.2846751330069492,0.6604664295621829,0.8290848296953263,0.34472263610254694,0.23642411480785086,0.4002345243076184,0.35277882498105934,0.18888778587995622,0.5763277633344137,1.1321530142002512,1.078630543986417,1.5998642949920892,1.7487704896814842,1.1526589535432878,1.1256781838801206,1.159235000388707,1.0332808993581093,1.1595642760428397,0.9482953587775524,0.899129847880468,1.3934095695284734,1.2704814880489361,1.2317295237405828,1.3498294930586998,0.7285213162596764,1.2041368495664642,0.871972012174317,1.0544649171651033,1.0099964128176622,0.9281989776595431,1.1558955399605484,1.0297751061085807,0.6314465427014143,0.5484645380647475,1.1094858295552839,0.6303802062509944,0.514774732528741,0.6281120494996092,0.6663258443478308,0.9998941461500563,0.2265564452206934,0.32894758951231595,0.2140797230863618,0.6690605171716222,0.3478849487253909,0.6250478385558695,0.41452667933181275,0.1519140436946317,0.48889783183063273,0.8253577018472303,0.7045534189541617,0.6114287350448439,0.8756952008603188,0.7265385702369468,0.3167658665255995,0.8351625729806778,0.39120321495037613,0.12332202703191324
ROI_006,0.4806137161694165,0.6516707453626356,0.8873889969441564,0.8958675128920269,1.254341227449392,7.254328619247669,0.972834365421965,0.7872829103221313,1.2343285011263634,0.5388838904949803,1.1736254053124615,0.528290288053555,0.7923566875287832,1.0985751794062435,1.2405141747741326,0.6196573372867472,0.40488334719826785,0.8883388151421662,0.8343654830117946,1.2101351351834415,0.7229272700264427,0.48086061456018087,0.735357952376361,0.21922267754956676,0.41883972750442305,-0.02410758531155716,-0.09134592259365037,0.3874141749121528,0.4245070634064115,0.6777843574846728,0.7858630463709252,0.9342281380822876,0.28822863499031404,0.45505594030215274,0.20329157614538051,0.5209853826376966,0.3286009567533505,0.854852882327334,0.7169228827680401,0.8815094883547194,0.5568303438911965,0.35605042959194466,0.21084909043599676,0.6684182874967591,0.5473817231149803,0.3823378273132682,0.2303429743631989,0.5292409703311283,0.7332965925768157,0.5100036888962782,0.4613113966350758,0.6439733388765067,0.5844180603946001,0.913812879289867,1.2416955193122636,1.3084950500252868,0.807848934033304,1.008455647947299,0.6119516213917893,1.1224769384309996,0.596615619490411,0.9077871029698691,0.96731583346502,1.1902194586937556,0.8127182032671519,1.1285909282220312,1.1351403227971368,0.9657138767790703,0.4735440478098624,0.6846412184215934,0.638251140100711,0.5556386590018935,0.751530161749522,0.9823899873850939,0.23053506432946375,0.23712883474851945,0.9002819423443074,0.2541787973046843,0.31580499369637527,0.5870508122060618,0.2121959816182255,0.880972867823714,0.026341995431366876,0.12597849868734576,-0.1502656141807953,0.499312355475623,0.28290074503828777,0.2307910539354236,0.5828347056078438,0.27701893249774057,0.5038221532256305,0.937724878185472,0.5547006726253058,0.512472648930879,0.5096477633841362,0.8099904747040139,0.5127803979023633,0.708981190099772,0.8402880202072234,0.4238335405186766
ROI_007,0.5784827566337054,0.1784620041157875,0.3569443521721919,0.3430907530568631,0.6267657778886366,0.972834365421965,7.254328619247669,0.16802331693575462,0.47459314575331096,0.1337979075110001,0.6458676753554122,0.19882454564118326,0.38840632920205187,0.44755172211433886,0.5128705344978713,0.25943395088505045,-0.02681447670388049,0.25427377077007834,0.27746961657338,0.7299544832958472,0.24051011547902776,0.15705626098436348,0.4062546586551933,-0.08294932358749173,0.14107244245197614,-0.12598767860308646,-0.19804451647643448,0.14656811754570606,0.08010529258318,0.3394464092290066,0.3516271423036312,0.6252791005568843,0.28207860874256235,0.012598749807210612,-0.006346300180224983,0.8094237769967219,0.33600021941721697,0.9490634242451903,0.4493122219215603,1.2437628696962293,1.0349145443427286,0.3556427802594406,0.4159676749373034,0.7341165962757971,0.4106033856258643,0.6595623120234488,0.6831823902148012,0.9748585054961156,1.4324696418914837,1.1660993454188195,0.3777490078449849,0.14578625284788146,0.13403931973089173,0.32981951628462386,0.661606352170243,0.5570165984470491,0.14010613115686776,0.286786690746563,0.11850519076181519,0.5365078991470452,0.1895108005253716,0.3090610698388488,0.3615358102288911,0.41223965873456425,0.26000003599406185,0.4149373325285941,1.0063602127192255,0.24568856435480751,-0.07433839726779594,0.08787358589987956,0.18178739656794582,0.0211927134449654,0.29789171014428195,0.49532526494960705,-0.17769934891203318,-0.03424296229048125,0.5678972665721167,0.11030656586573921,0.08177490864991632,0.39219137238797,-0.21589730471538907,0.570650635861784,-0.01455584161231212,0.03042527070812643,-0.4576676414525263,0.38555877427164803,0.32711734604981363,0.08200436089136377,0.4504963585009543,0.6174987647649075,0.5700536594220652,0.49482789243860503,0.2975562740021638,0.3122060646948582,0.2665925057819502,0.7227225140286516,0.8638243930836788,0.35816525327392795,1.2738779443150048,0.9463866174020712
ROI_008,0.19173949940645932,1.123782023080993,1.3783397921915357,1.3376862111242593,1.1507106748704594,0.7872829103221313,0.16802331693575462,7.254328619247669,1.3922107660668714,0.9773202856281269,1.0041151852522199,0.8422576647825968,0.8754907154758612,1.3984954293578922,1.3235461736822187,0.9089098600057121,1.0175342881775522,1.5835428220020094,1.2643757216439313,0.6978531509781782,1.229525575466497,0.9603978033275329,0.8866322871812777,0.6079097674513911,0.6068977501269374,0.35761145543621287,0.26727534432553496,0.6404528524933715,0.6473208584991681,0.8204826818979561,0.8365825625611091,0.6945440334365462,0.3665344121221981,1.0697136999677224,0.6644945146670191,-0.10802628040106727,0.16570541843159628,0.24620899478005703,0.9678287051321119,0.2955668351651561,0.09771597082128904,0.4618353815997619,0.14932187743769082,0.23288976400486386,0.5863463726900923,-0.0037365327550677213,-0.0883661177816034,0.0646497654094505,-0.08366722105633496,-0.2457563862616553,0.3007113499737151,1.0786035470163577,0.9686770789275695,1.2969295803094563,0.8995641030696558,1.0965329872555336,1.6314771220308026,1.5481413305911396,0.9401530367903425,0.9296736692190906,0.7737833767279423,0.9341254014574252,1.033683100637494,1.2992734381666284,1.0972767446060403,1.3860888613122924,0.32280043612540876,1.3697722730591713,1.1285197217247114,1.3435148643484442,1.0809565374508845,1.0435350132872296,0.937766649873937,0.6902644859900138,0.6912591537227623,0.41693158854937035,0.618719462057011,0.4123654358646889,0.28925495856582273,0.3499767398879392,0.7252654234360497,0.623168680353139,0.0534071322050281,0.3370088170604589,0.3225244249075518,0.42020377144517335,0.07002517390327284,0.4319939144223488,0.2479599156086063,-0.24228634691868806,0.13077643209303563,0.5177674765314921,0.4376853841057556,0.31121057132214436,0.4956340883278997,0.3612138194881592,-0.07969837390030343,0.5416092370783965,0.0015133114330410518,-0.2695655117807185
ROI_009,0.2952891039479226,0.8695218244839661,1.1796516793165734,1.0842133742475242,1.1847721137516707,1.234328501126363,0.47459314575331096,1.3922107660668714,7.254328619247669,0.7021816965312899,1.296809260588085,0.6486944858976026,0.8478365131381814,1.4700312780913578,1.5090775844553206,0.711890200559643,0.6672843478495811,1.2897639514630386,1.0295293789188835,0.9273470787864457,0.9918403229013955,0.6400193505140882,0.796838514403954,0.3636597422085215,0.46040274270654763,0.15067868605236562,0.07489519865804829,0.48028383565595717,0.5027460487886595,0.7001513683151245,0.7254771545221417,0.8285514499296367,0.3247471613158018,0.7299114025946251,0.40392424473341787,0.23998872096322527,0.20789160674130486,0.498544664027868,0.8815843520021887,0.5415198054699254,0.2327442690669275,0.3956298068661598,0.15828266186437667,0.38704754096855754,0.5764338388777623,0.14166798071207504,-0.0026634838722885126,0.2287122662602543,0.25501695668916236,0.10109358191373793,0.33879783378748557,0.8877692853233566,0.8274264425641689,1.163876605008591,1.08804627079863,1.420875197449362,1.4021227980574844,1.7188783639710956,0.8099868721517658,1.3232606522236243,0.7459140884904325,1.0616761672261876,1.1129083884620266,1.6391003314660193,0.9763871961767766,1.3913741839290688,0.6808790966529661,1.3486307575788166,0.8069090666303005,1.0354757233843592,0.9192544116118185,0.8403300343671805,0.9065776443039191,0.9283881912450321,0.45518852797066695,0.3393542929981409,0.7117201040526658,0.25747060140288097,0.21347858086277124,0.4739739530879122,0.4371163020254456,0.7514643778233041,0.03370599568811286,0.2417570215952564,0.10257342819326076,0.4604958708416057,0.15293848984250571,0.24496006567047013,0.47989178578823766,0.02798878101011036,0.3158467363482773,0.721297890551155,0.5617876167521398,0.42582677705886857,0.4523892752131194,0.5823623625058078,0.1580563156926288,0.6488999430648289,0.34697470409442793,0.05249543090027869
ROI_010,0.5738161644731793,1.6316498740233274,0.9829988782884926,1.3985968389319015,1.0141967138735068,0.5388838904949803,0.13379790751100012,0.9773202856281269,0.7021816965312899,7.254328619247669,0.8088057655026731,1.9391162488500526,1.225350576788639,0.8478797390735477,0.8606841829114786,1.6844269355522332,1.7198135792140317,1.1547414265768396,1.3357979501082438,0.8662623308177244,1.2952225096200978,1.5257795099922957,1.1305150583725603,1.4291252858241468,1.4987107197840355,0.6908128759290413,0.7507310992810489,1.2524070256240063,1.2220209405092028,1.3395176342499746,1.0862595344122037,0.5854257200224279,0.847329844543223,1.532876673971025,1.0193134604727487,0.013612410092355559,0.5788270206723155,0.17443524836664953,0.8405180577977495,0.20904052521381689,0.25251157024400767,0.7447291756643991,0.10919778966478563,0.5192582858241958,1.051857357452841,-0.00045456385532547446,0.02413153620132933,0.07795353610335119,-0.03160806186186056,-0.154354843574192,0.6883407833401218,1.3200191749291448,1.4034938014789882,1.3127432902566962,0.8779175719657204,0.5528338815611629,0.915561953508509,0.830572135156963,1.2851264611554492,0.6644797704727564,1.318374058350971,0.8724745749789308,1.2111900433976632,0.6882399274238373,1.421725901530064,0.8725909927687812,0.17185276388281198,1.0113265415813537,1.458697714249251,1.486640839877824,1.2445907969688836,1.041873704505439,1.0762737039086623,0.7217229645709726,1.3052507198775039,0.9934973383858458,1.031257703306856,1.1448558660416235,0.8400659614115541,0.5148328488827935,0.9867299811492231,0.46092712527387253,0.36878798527367845,0.17562325574321627,0.6368047858539838,0.15695451883101805,0.5287602698851909,0.9523316252757901,0.3720033367725973,-0.21084861640112956,0.12350649635932781,0.47797893697579025,0.6996337775378728,0.5827238082913071,0.9710695253831726,0.4410715126389253,-0.1548212638713375,0.5009811964613008,-0.09769929905501851,-0.12766765877601668
ROI_011,0.45299918054363736,0.7760232789643859,1.0577343146038802,1.0438320508695078,1.1724495553444851,1.1736254053124617,0.6458676753554122,1.0041151852522199,1.2968092605880854,0.8088057655026731,7.254328619247669,0.799425497242017,0.9544588638863792,1.308105846782366,1.275554009490697,0.7501833560047045,0.708802839445007,1.1065449727675314,1.036898839258897,0.9600546149647132,0.9642488130796975,0.8325507942435675,0.9625330302281483,0.46566533132479265,0.6389053072689019,0.39105187136206115,0.12991112642219668,0.5432803935081648,0.5455672313873718,0.7797147305667885,0.7290438892122306,0.9016087430911179,0.4235538952712537,0.7086056084696786,0.5335767048965522,0.2733916676369829,0.2918790548325187,0.5329867185064983,1.0165213328661702,0.741246340703266,0.4119898804570846,0.5880295391212459,0.3669484189439435,0.4765285572607858,0.6920070152307382,0.1883091906978891,0.22765978822215835,0.40652274495058444,0.3723758712644074,0.216092380439064,0.3877597322454845,0.6964718234921713,0.7183256420472691,0.9980140888329846,1.028937837221782,1.0048264162200402,0.8993514367124537,1.0708395203245173,0.7778294975673239,1.073074542699727,0.7728222849872445,0.9245940230887454,0.9790142310255113,1.1008911588756773,0.8885016834206164,1.1527097365465573,0.6457035708153138,1.0431536221808522,0.7046156080066242,0.8847225733930577,0.7751027828667786,0.6903806530691149,0.8341623675971858,0.8480727542999892,0.41587842145231757,0.3583728003265498,0.8062401052722499,0.38736304915053055,0.2531791940395301,0.5249334987814682,0.33322728782891375,0.722905427985882,0.02668906756743305,0.234577273153022,0.02690629554196313,0.3882441301517893,0.2722447648286309,0.3260595035206604,0.5103119006076745,0.07332852182602723,0.25403778647346187,0.6628045694472535,0.5125732480542163,0.36526744085279067,0.49852148831790216,0.5856959102647854,0.20616724131627526,0.4750082073394175,0.3959848460398363,0.2006278290890391
ROI_012,0.6736477045971714,1.4685402444902589,0.9244377804602545,1.25860370987366,0.9272137100551567,0.528290288053555,0.19882454564118326,0.842257664782597,0.6486944858976026,1.9391162488500526,0.7994254972420167,7.254328619247669,1.3167072310863355,0.7401677298198099,0.7470705040265359,1.6270083968439861,1.587620170306393,1.0674047721495175,1.167735234658451,0.8977468289031495,1.163422502663371,1.5500829118618493,1.050588859236717,1.4996569985875279,1.5825698693001053,0.7783207977672746,0.7506678247715258,1.1058159782340349,1.1694025220461437,1.2776316652060316,0.9742774280677096,0.5300529944771092,0.9664888657282172,1.466488344999231,0.9624916899974493,0.11215979507067943,0.6125794936955888,0.20412241364116826,0.8283708205849719,0.2611524277834075,0.3407692886508755,0.8571115472723183,0.1574069639641987,0.5422890352675722,1.0797810987655547,-0.026533206703751533,0.07053479700536584,0.11626657370312565,0.05210099227978049,-0.08651029263547934,0.6987825721202411,1.1455288017072425,1.238838564492832,1.129611024165146,0.8175532491588291,0.4746081694884858,0.7608609585823313,0.7032140254423552,1.0208512882448602,0.5864385684232951,1.2337368722950386,0.7914283837072527,1.0834049635182093,0.5548680690320668,1.2372103375317498,0.7443506162487752,0.16527595157406771,0.8425689416512476,1.155156329191697,1.2112052758484169,1.1583985248529212,0.8019995715422723,0.9538183770186558,0.627728297196883,1.1498039572700542,0.9213999043746981,1.047958563074014,1.1355564222472307,0.7452284994285618,0.48649201572996587,0.8215177887620824,0.35742012368281606,0.3174558734530898,0.12035100381942232,0.5560856011690144,0.06923124428761938,0.6180515755877956,0.8926427585137947,0.44571363636110334,-0.20018922037396256,0.06352595483073184,0.3743101497517161,0.6295021208313509,0.5423031153368805,0.8678164645967357,0.4229132205221019,-0.17011106296905779,0.4223713542949131,-0.035574854321517975,-0.04451278773008627
ROI_013,0.674512978740558,1.1817709024655572,1.0502985936463993,1.106769982087205,0.9603259793902165,0.7923566875287832,0.38840632920205187,0.8754907154758612,0.8478365131381814,1.225350576788639,0.9544588638863792,1.316707231086335,7.254328619247669,0.9983124494395252,1.0161038868813532,1.1370191689226454,1.170044588150193,1.3432208905497756,1.4789174283364968,1.1627871853970602,1.2308303625255534,1.0898808325710843,1.2266908343956702,0.9285950869657946,1.2298450379735917,0.449437132008693,0.43299484166814145,0.7950740559520558,0.913656159477789,1.1720009233468562,1.0723197997812746,0.6909187568438856,0.7797121097528142,1.183937652638985,0.5992569849159725,0.3423396044751884,0.5369351125982629,0.3519984876256549,0.8119344698835032,0.521238230712388,0.42962522974971484,0.5662080494102748,0.007396519022648235,0.6155658131230813,0.93458365072811,-0.03017829488115275,0.0502955236929576,0.22466074585960663,0.2501705638513873,0.0932234816599029,0.778951463563006,0.9716520400103724,0.87723864809953,1.0173405349622424,0.8257565555347349,0.7534583934205767,0.7360121064115039,0.8311328887516366,0.7632896312610794,0.7260137663911257,1.058657662172259,1.228908312634473,1.1779629493689738,0.7315692939270315,1.2567626315493658,0.98396410317269,0.3709410599509337,1.017475205118723,0.9389419130249386,1.2310193376447744,1.086167648318356,0.6812327082083554,0.9388189948061433,0.7146178595969334,0.6977861054140283,0.6618395414539565,1.1304760625395396,0.8475521035134049,0.6715241169041556,0.5748891426835276,0.5196714280371469,0.4405552154621182,0.139271106150484,-0.14416356767749716,0.2595135596579046,0.017443394301299642,0.6227531746742494,0.6037282698842644,0.5684689502074488,-0.16782544312804887,0.15269310690400445,0.5314332884603152,0.5548793862677717,0.527600016571345,0.6946494944702001,0.4923933423206551,-0.09322380282345533,0.5571984983196065,0.22973258626417822,0.1099273092022561
ROI_014,0.3524797417841545,0.8889965864259982,1.2194146270327468,1.1272948738636719,1.2513068277837691,1.0985751794062435,0.44755172211433886,1.3984954293578917,1.4700312780913578,0.8478797390735477,1.3081058467823665,0.7401677298198102,0.9983124494395255,7.254328619247669,1.9156147479968282,0.7725269323614558,0.7710819338809001,1.4092465961287401,1.2845518904246758,0.879849896552808,1.1870829656117303,0.7911057456868317,1.256100236053985,0.4514360147934086,0.5831763392259272,0.21227355453588012,0.09246592805189435,0.5452308970870677,0.549129226240612,0.8318072072432438,0.873432508868193,0.886035534926845,0.41151920173461026,0.8493584951578103,0.5425005598896717,0.12405345974545096,0.21750412807314135,0.4132370636004247,0.8940911540945737,0.570986317339257,0.2739294179866457,0.41943819465074167,0.18417544914723455,0.38820368553754725,0.650724254727887,0.12167970568738051,0.08946485729530872,0.37891628017283946,0.2047550057831145,0.061748989508164064,0.43558967711143654,0.8489015102628322,0.7679932446565242,1.1380182627039823,0.9937276427374525,1.306297336257661,1.1508177641814494,1.392184753893299,0.8078525866324319,1.012553057934225,0.6869974413465043,1.041070411370465,1.0481196191177666,1.5131201283135793,1.0913583425984215,1.8641702919580663,0.5712298797082543,1.2969296739486382,0.8221405121284746,1.1519580707933776,0.9099302691117677,0.8262886377178686,0.9503823047155334,0.8222029298696262,0.45228077565564534,0.32120044447639884,0.7194186658978171,0.3685855501797355,0.3232018266873687,0.4888449253214527,0.44234240507877415,0.7260081350033828,0.01277632965424465,0.2024025729641185,0.07686187759729228,0.3950857568415491,0.18169070649529487,0.3522192729848817,0.35522168389812603,-0.08335543939730841,0.30494462902077063,0.6422028382759106,0.4165813904826701,0.40138935774537976,0.488820169106248,0.5244528139037723,0.12131008700885823,0.6339637205080734,0.2727584478368053,0.0222025188045882
ROI_015,0.36437376148130113,0.9500522709070283,1.2485236344281692,1.2473605926940643,1.4339937650490302,1.2405141747741326,0.5128705344978715,1.3235461736822187,1.50907758445532,0.8606841829114786,1.275554009490697,0.7470705040265359,1.016103886881353,1.9156147479968282,7.254328619247669,0.8360502569363787,0.7540273111126772,1.3481545190880715,1.270330723195441,1.0415438951054097,1.3084378746087584,0.7755240703591556,1.1283178685877249,0.45435321380908267,0.6017501034384243,0.1630205612284225,0.12444963715354385,0.6463821525700154,0.6633109228182767,0.9893510863354613,0.967431787807775,0.8866652455220718,0.41752398643986677,0.8093452066493595,0.5062661826489658,0.17192813593105355,0.2921652116277019,0.5421431552873572,0.9593088552970512,0.5776537194703141,0.3223525077489248,0.41226872196739195,0.1459906758422191,0.4991990730038959,0.6824432851060209,0.23587025875605455,0.09115068106570756,0.40406552202232304,0.28139714790087594,0.1314169465963474,0.4704336018260247,0.9267947337719399,0.8506265659278125,1.2509576507083455,1.2262276202651148,1.428557760457548,1.2044787087441298,1.4436760124113701,0.9219655630336068,1.306835671205591,0.8244479486996001,1.1857350838394514,1.2619096723740417,1.72406978074417,1.223735306054594,2.27344503479411,0.6744025373894279,1.4154730802118538,0.8516498095567026,1.1220675163057015,1.0970973971238098,0.9283180331869865,1.0415851524717663,0.9662328780215041,0.511350261580913,0.42741429235648937,0.8166346173002164,0.4337242442607135,0.39691845808097576,0.5272590503041752,0.49919567446904334,0.8507349926569662,0.08790488200351308,0.19344133654944365,0.1293856918354958,0.4964520860630763,0.23266378018200295,0.41843106555627874,0.39364132872929236,0.015396241566678705,0.41351923238209987,0.806018261208862,0.5601305303523545,0.46296512369970794,0.623609234884534,0.6166699083207801,0.21474066216202167,0.7934517442321815,0.3366346601585343,0.06517586348692844
ROI_016,0.7462133831427329,1.829335860902453,0.9859140751748823,1.5274104812435196,1.1602567303578475,0.6196573372867472,0.25943395088505045,0.9089098600057121,0.711890200559643,1.6844269355522323,0.7501833560047045,1.6270083968439852,1.1370191689226452,0.7725269323614558,0.8360502569363787,7.254328619247669,1.382232983959688,1.035503985333512,1.181246349375056,0.9506245112097108,1.1362398482520155,1.4084335741734109,1.0301910792247597,1.320149214946916,1.255165773213119,0.579431222994253,0.6981336979523944,1.1877261157728032,1.2204254337934874,1.3480781419095562,1.1156309236018531,0.6545837362967447,0.9362490966663001,1.3858936021830486,0.9708107355309856,0.11142167565654777,0.6909910660420139,0.32481619656384775,0.8684674358710444,0.2583246331324543,0.40225385135860897,0.7463913555587995,0.1864681060154045,0.6170020024218404,1.1488891486079305,0.12109969474743511,0.1041980539160151,0.15251534381765283,0.1233671810947753,-0.03382645298598792,0.8175176972929636,1.4275785135736552,1.618981041335699,1.4705858797208926,1.0754397306795584,0.5713740945403717,0.8759085282740406,0.8126738413207307,1.1970198283635973,0.7002447237157803,1.3072805626160973,0.7942249488475687,1.2683594819372002,0.6739417353110999,1.3666115996872308,0.8321088230002497,0.2880145391561567,0.9361241391586727,1.2065300165065014,1.2029223059296554,1.2901800118003013,0.909728799188636,1.180856918073983,0.725294285506358,1.2199580670465946,0.9833330786549388,1.1930342309152493,1.0869743028816872,0.8456024787994497,0.5827915764170711,1.0006977588292645,0.5296136384610655,0.4671971361496068,0.2353678039735693,0.6041448178679407,0.2614925759676928,0.6330863058021228,0.9828763775508274,0.37608713885227696,-0.05631964581045926,0.28040059906535525,0.5200454787870691,0.7959006861713911,0.7569271143801032,1.146510511551352,0.5349860226653472,-0.0029335002792326747,0.6190466127731749,0.03792452062319748,-0.025389629526948482
ROI_017,0.4277008011535994,1.3835329984193858,0.8964797028084259,1.1909574303908015,0.7673409885329674,0.40488334719826785,-0.026814476703880485,1.0175342881775522,0.6672843478495811,1.7198135792140317,0.708802839445007,1.587620170306393,1.1700445881501929,0.7710819338809001,0.7540273111126772,1.382232983959688,7.254328619247669,1.138977716262933,1.2767984991238504,0.645124401385699,1.181043522223701,1.6152611129019396,0.9922245672305524,1.5572044471870117,1.2937187031736561,0.7771677621415898,0.747055905161631,0.9773306247642531,1.1262370602314404,1.0527070448822637,0.9386183146666665,0.464416020761631,0.7524994446620519,1.7166447682954353,1.0637130140390354,-0.08462406454635972,0.4367070692213585,0.03900541552166539,0.8068141090588357,0.0721907045853395,0.1312161543144644,0.631791747116648,0.08254458154973922,0.32138186258272256,0.894314553413241,-0.16448817826729895,-0.10724692041695902,-0.058344220369354334,-0.17849820875728573,-0.33034030683189697,0.5568585289624853,1.159783955543438,1.2173438088903143,1.0955364351715466,0.6574148058891636,0.47222976236920083,0.8880195682152999,0.8143906993879565,1.0558698802469038,0.5743959142784085,1.1126567353331243,0.8607762011383145,0.9842079979612797,0.6134394459023278,1.1919257742619407,0.7915096301193175,0.02181500937986317,0.9700838369531618,1.4806124386764423,1.4228201730930983,1.200169183378333,0.9794393212585435,0.9775749740055738,0.5355155477217868,1.3143964334375318,0.8693159213399112,0.7755241101893326,0.9074417885052378,0.696179910156776,0.42304633010525267,0.9780190844549339,0.29275708498066655,0.3055737694901476,0.15569020042200699,0.6811910680602448,0.02805298004431469,0.42240650927250417,0.7562141959316844,0.2624861665547288,-0.35242700615960815,-0.02455016329846714,0.34939867513326367,0.5523676056037014,0.4902445084941696,0.7597193252513476,0.27293709632541624,-0.33307149143948017,0.37775747611079824,-0.236510295584608,-0.2860756485908862
ROI_018,0.40564030965195136,1.265078419035042,1.4163865346044378,1.3375662992735284,1.1527514845919205,0.8883388151421662,0.25427377077007834,1.5835428220020087,1.289763951463039,1.1547414265768399,1.1065449727675312,1.0674047721495175,1.3432208905497751,1.4092465961287401,1.348154519088072,1.035503985333512,1.1389777162629333,7.254328619247669,1.6503055830764732,0.9941952813791405,1.4216275409371282,1.0026757112961489,1.090904759200227,0.7520804455480439,0.8441440508060782,0.38321737041401577,0.31151318122500454,0.6874063956620076,0.7960807305251485,0.9857149920353087,0.9764737208347786,0.7391906704580101,0.4596454974071834,1.2817192668765196,0.5989502860896662,0.12809517665501532,0.3235800464201752,0.3078026035042619,0.8908610042831646,0.42629599985165173,0.17023497810777768,0.4295017552570958,0.013322746097668661,0.3709248326814569,0.6883319529131385,-0.08540343955353442,-0.10134825659299201,0.08267627439103223,0.07221210431654224,-0.08980431836699647,0.5012105706742007,1.163526362134173,0.9960374260872907,1.2424229858746862,0.9200683718656966,1.0834672663394516,1.3089591602098865,1.3018765486374193,0.9205092280000052,0.8817156745680927,0.9718789258370369,1.1766268600904541,1.2384331252364242,1.1198211380048213,1.3227897627278133,1.3042460454124292,0.42879670094358213,1.4337710525098448,1.1645002194133538,1.6151638943329647,1.174493386250693,0.8934594977642047,1.003302682850496,0.8412073857842991,0.7222525094970226,0.525154160634055,0.927099887267442,0.5709608470631856,0.45866603170031156,0.4781172638669109,0.6364497068453924,0.6082103397893254,0.09816279753737037,0.10751666441058433,0.2929357136299414,0.2362485775153042,0.3280035157618944,0.49653984046459837,0.5221097662020491,-0.2271509217834612,0.13891616694718562,0.5792363948122039,0.5197275674758686,0.38538389154317965,0.549658413510082,0.42840533774469025,-0.10309907756190914,0.6034982954457536,0.1394915763436581,-0.07444246858225419
ROI_019,0.47093098890048773,1.2877648236061294,1.2222677568459803,1.2982212885816862,1.146162021736681,0.8343654830117946,0.27746961657338,1.2643757216439309,1.0295293789188833,1.3357979501082438,1.036898839258897,1.167735234658451,1.4789174283364974,1.2845518904246758,1.2703307231954406,1.1812463493750556,1.2767984991238508,1.6503055830764726,7.254328619247669,0.9923674608341322,1.4328125754332603,1.1285957211203994,1.2796663916355684,0.8494081270281982,1.0203977309781365,0.34794083522034025,0.3212803095765908,0.7921415226623604,0.8806159766589254,1.1194963110819538,1.2852178571920498,0.7746961876545789,0.5861454609945169,1.204001945062698,0.6390825087909392,0.09880276173920309,0.39241590342643284,0.311304631026893,0.8825991481894019,0.37549957040669363,0.27616093579835527,0.4269853696460306,0.006644845313716556,0.5288569902467796,0.8322819076121287,0.01508800431729274,-0.012218081173603648,0.16046727638617325,0.10548332110449457,-0.023271509039858137,0.6828041227640236,1.2103369165309241,1.0224170073493717,1.2590795100887031,0.9613201688235128,0.9011086682291221,1.0360661420665078,1.130597473535534,0.9900092982656983,0.8449114616681027,1.055306359427433,1.3111944363531756,1.2981159247993443,1.039744838327821,1.5294687796816733,1.2869146042121702,0.3584226886282326,1.4102651411325937,1.2045788440601533,1.6003459982884454,1.1380947350219786,0.9623076694728256,1.1937467120127534,0.7619591247739601,0.8053602876248489,0.6094838667690743,0.9791284375883308,0.7487307981313261,0.704880604136478,0.5540281370956364,0.6651940926027633,0.5577234843191303,0.17336993204441528,0.01778995087087881,0.2857804670877763,0.18312038158997532,0.40345605361230075,0.5759190151856374,0.3552338683895024,-0.18822586536398642,0.22457498191364583,0.6347515839337174,0.5774920256365303,0.5376409367813836,0.7283571923539187,0.5042580205043392,-0.0516140767695908,0.5847059680871405,0.12023676181066982,-0.001498697223919191
ROI_020,0.8279328452086112,0.9868117784582181,0.9134606719509185,1.0055274793241333,1.1745148277099144,1.2101351351834415,0.7299544832958472,0.6978531509781782,0.9273470787864457,0.8662623308177244,0.9600546149647132,0.8977468289031495,1.1627871853970602,0.8798498965528078,1.0415438951054101,0.9506245112097108,0.645124401385699,0.9941952813791405,0.9923674608341324,7.254328619247669,0.957664901740606,0.6395761531858694,0.912499837069887,0.5537809544003218,0.7864041821426108,0.12983847627105566,0.27630869579267553,0.7718000071384049,0.8140627667369896,1.142533605581302,1.0938589775870307,0.7889724337562554,0.584872767966237,0.7002543577152366,0.32848699767830625,0.6310643767316604,0.6971917715447353,0.65480205804901,0.7107924451049995,0.6936310409594921,0.5652266335929186,0.49315759804488385,0.01004507406208688,1.0672838548659291,0.8861741670913428,0.33225457576324835,0.13972401398025422,0.4090700544587285,0.6219717157501367,0.4623140490420123,0.7971915292728247,0.9456321120654619,0.8590043043294255,1.0169383533435121,1.3013536807567143,0.9371598757372843,0.7477649317563064,0.8640408914996601,0.8061594932606329,0.923387192829385,1.022317055978336,1.0511241670261375,1.2846154606462779,0.8313319527126327,1.1868484780964732,0.9316466490077798,0.9005178506958778,0.9228917661616434,0.7221879430027057,0.9117772467632672,0.9735164649152463,0.6206106034689278,0.9191968812915478,1.2009803738525338,0.5361136449806347,0.6091799426957447,1.5944466689717371,0.6893201059751587,0.6958111361234395,0.6658042006405359,0.4428755284938673,0.7467481108300272,0.30838866441697876,0.002303515483244976,0.1879670923719377,0.32916638623543576,0.6650592227886649,0.6549482824732782,0.9165980830681411,0.24854321541706897,0.5070409583559353,0.8947345332366673,0.9093022688810073,0.7069980880032606,0.8688320846130245,0.9039465322275091,0.36447430602536135,0.9223302375258308,0.6096366088588938,0.4450014475220799
ROI_021,0.46448605287441025,1.2398538613461818,1.2669881722056717,1.2431408019968457,1.0872898066128442,0.7229272700264429,0.24051011547902776,1.229525575466497,0.9918403229013955,1.2952225096200978,0.9642488130796975,1.163422502663371,1.2308303625255534,1.1870829656117303,1.3084378746087584,1.1362398482520153,1.1810435222237015,1.4216275409371275,1.432812575433261,0.9576649017406064,7.254328619247669,1.0517481256402532,1.1382385116478664,0.8395483819302257,0.9370205709079713,0.43827173688347415,0.4929014034226957,0.8668492710493748,1.0660265096729729,1.1756432372305305,1.0954590071010468,0.6046756230561057,0.7038934276259534,1.1558731244937959,0.759129518754509,0.060119175431476594,0.3783842416954836,0.2440466024189252,0.8190532221119853,0.31764760966037603,0.21571537477800676,0.5588559741044491,0.024078935168821987,0.5019479901541062,0.8962622274550283,0.039320068932470545,0.005259612913762224,0.24055032407761925,0.047503283047557056,-0.07365944384021089,0.5968819158848576,1.1380911230249608,1.0845226297816983,1.2766984821861846,0.9696103107595083,0.8458711975741189,1.065428105185489,1.098440821517863,1.064722179248918,0.8304237642406331,1.098072312234978,1.1422965560309026,1.2451928893517417,0.9406449632401875,1.5269160177926806,1.2904289074744295,0.29612205302879663,1.191981617017488,1.1344469383604405,1.346752986156895,1.6297182272395756,0.9330587950849234,1.0096730401958092,0.7039254964580399,0.861524117773732,0.6800040930782022,0.8912584953635807,0.75998561224251,0.5843696864979845,0.42939137539785394,0.685346471367757,0.5121496494707038,0.21734440391164522,0.10960224517750926,0.41570132127449305,0.22312697260045952,0.3775197018207415,0.678435881057092,0.3542787578246663,-0.22809117412460395,0.21797418841445354,0.5166510803176048,0.5610406171013813,0.41124947539121104,0.7460466867822632,0.5146498973142453,-0.07854397593595815,0.5810964747663475,0.03582376110324876,-0.10101825237884673
ROI_022,0.4738099251895789,1.2536671418621992,0.9466613754393012,1.3068685558198576,0.9313967220929458,0.48086061456018087,0.15705626098436348,0.9603978033275329,0.6400193505140882,1.525779509992295,0.8325507942435675,1.5500829118618498,1.089880832571084,0.7911057456868319,0.7755240703591556,1.4084335741734113,1.6152611129019396,1.0026757112961489,1.1285957211203992,0.6395761531858694,1.0517481256402532,7.254328619247669,1.0907983708515654,1.3207044102304673,1.1723086884944927,0.9015314560101265,0.6275982132533544,0.9368389309829012,0.9266393106687425,1.0845625811368478,0.8384905061160176,0.5988867788042377,0.8176224157749806,1.39819950103916,1.1349780673499184,-0.09174984520755845,0.4299170309857075,0.20196051994088007,0.9778188851817949,0.2737988965221723,0.3221311608557884,0.8337967723715969,0.32665693339410407,0.3354023618229183,0.880591918578067,-0.040897158197743554,0.12755984547386368,0.11351372149956117,-0.04464996396371046,-0.20418792344092213,0.5414970301061136,0.9751129004036124,1.0595928887957937,1.0795291165539491,0.7190913362138825,0.5014943173954013,0.7588152096861239,0.695778187144533,0.9353541283696174,0.6106957714674341,0.9730451781131177,0.6872636088471036,0.9143142917587972,0.5989142117886139,1.0229918924544295,0.806922454090077,0.11245781625229223,0.8414543639761203,1.0805074602280578,1.0725950689658246,1.0229568801997744,0.8658664809059317,0.9544124592913833,0.5179118178730295,1.0006904123018798,0.7653155569509988,0.7835436262454251,0.918701064963058,0.5474582310548796,0.450766834127928,0.8294027315898028,0.37517758790644073,0.23188014519725494,0.23940818401845174,0.4852158771253939,0.17632014372266314,0.40288355401293746,0.7099288037282252,0.21712960116350105,-0.22895125335765865,0.028453933399845147,0.3123494158717201,0.46271314858251295,0.44721737677378987,0.7508646376131293,0.28405066955821984,-0.1917199800689143,0.34653296522095717,-0.1099767793667784,-0.19134469059284812
ROI_023,0.618251966160154,1.0266724057293304,1.002719219485232,1.1041780302590287,1.0722628183937761,0.7353579523763611,0.4062546586551933,0.8866322871812775,0.7968385144039541,1.1305150583725603,0.9625330302281485,1.0505888592367167,1.2266908343956706,1.256100236053985,1.1283178685877249,1.0301910792247597,0.9922245672305521,1.090904759200227,1.2796663916355684,0.912499837069887,1.1382385116478662,1.0907983708515654,7.254328619247669,0.7760751768158838,0.920300598878247,0.401863253498076,0.32723900687101204,0.7726002723676291,0.7516202946535315,1.1691500538756885,0.9742100134712027,0.7771649113057529,0.715633720204586,1.0263436859298165,0.7126471727646424,0.14927316987306224,0.43938277880710447,0.32143761218693867,0.8165115718362543,0.5358559387676851,0.42095131507917727,0.5658086151097669,0.17440254930591365,0.5428506352867285,0.8763972122621353,0.10347841297833504,0.17809092011717223,0.38751723493227286,0.23083825053596155,0.10351610156358033,0.7336769821518232,0.8870602303810167,0.8269638011184601,1.0097261111056244,0.8463646489322255,0.7587636821430883,0.7256737156163555,0.806773916477611,0.7794505196608129,0.6843407026383473,0.8061344421964572,0.8737127607847986,1.0045576611605327,0.8099212458324925,1.1382935411089354,1.1234722578955885,0.4294946835336412,0.939538474588024,0.8474379250562232,1.095999245124893,0.9241609879801582,0.7260956069179865,1.0355570868233759,0.7387333605500561,0.6060526509217586,0.5397194388437915,0.9717250386864613,0.760802431008757,0.5983598182811555,0.6267148249134291,0.5356712379914943,0.5435694727936262,0.18462737048169403,0.045663148992206,0.21355667091790365,0.22085376568316187,0.44820032794300924,0.5989755594312358,0.37133530107458884,-0.08367242013031734,0.25107848704915836,0.5078047750323049,0.4359858072852776,0.5379548057559189,0.6919501943970334,0.4576310858130126,0.04478537747992793,0.6092903739389655,0.20103904680686918,0.08930506664956811
ROI_024,0.5289596794695546,1.1790477089587734,0.6177928203096339,0.938172838890647,0.5793997872055096,0.21922267754956673,-0.08294932358749173,0.6079097674513911,0.3636597422085215,1.4291252858241474,0.46566533132479265,1.4996569985875279,0.9285950869657944,0.4514360147934086,0.45435321380908267,1.3201492149469156,1.5572044471870117,0.7520804455480439,0.8494081270281982,0.5537809544003218,0.8395483819302257,1.3207044102304668,0.7760751768158838,7.254328619247669,1.4431520899732229,0.9120394497848257,0.9965296294769155,1.0351645796907074,1.1600870482958803,0.9899500681680128,0.7420913546396565,0.3002842911524396,0.8588637321175626,1.3811150756721322,1.0768823502146583,-0.028772035836129244,0.5996313636065222,-0.02242672650235551,0.6550081579872271,0.012626618760577538,0.17642419938525006,0.6810165511164435,0.11160721395105147,0.30879915745473324,0.8611322281673469,-0.1687322255867059,-0.028247211600880985,-0.1125918024304185,-0.1723263430846514,-0.3142143822100321,0.5575705194508426,0.9469285674604092,1.0821086817592944,0.8289017840329761,0.5066294859842213,0.19767020550008957,0.5817026129257011,0.47953946040478024,0.8676569455724125,0.3429140077792559,1.0680021347898307,0.5462133732923987,0.782828836013031,0.3036991288974893,0.8924113471532129,0.4741946096278678,-0.08413266830797163,0.5870112982888135,1.0740908825530984,0.9504804243983858,0.9258227489496113,0.6860197830135766,0.7391166218800236,0.3977898441593056,1.392774228741574,1.0021436229006584,0.7623312118828038,1.1169642754839797,0.7597894743076204,0.34904998977072943,0.9772581015304393,0.16003628594851224,0.41500649973999937,0.1443208438068817,0.8113037887460913,-0.06458097681827589,0.5707213994289201,0.9305712555452161,0.3164426189240453,-0.29920565319571407,-0.0697454728526158,0.206996651297472,0.5619830629053019,0.49647610271575626,0.8189018689461159,0.1993767810514237,-0.35079840088331476,0.293381156641558,-0.29969930530562644,-0.24235417397238146
ROI_025,0.6208960222012431,1.079780914472128,0.7075200366918041,0.9356181711249495,0.6890283867171301,0.41883972750442305,0.14107244245197617,0.6068977501269374,0.4604027427065475,1.4987107197840355,0.6389053072689019,1.5825698693001053,1.2298450379735917,0.5831763392259273,0.6017501034384243,1.2551657732131187,1.2937187031736561,0.8441440508060782,1.0203977309781365,0.7864041821426108,0.9370205709079715,1.1723086884944927,0.920300598878247,1.4431520899732229,7.254328619247669,0.7468187295445351,0.7624810260505491,1.0607715293569662,1.093666254849917,1.124984814246413,0.8852159102615527,0.44527431775349513,0.9153479768224548,1.1724051376080857,0.8486708277590841,0.159148903588995,0.6907013194965358,0.15043771426229732,0.7002125435639788,0.22093412377848956,0.3109957915660424,0.6913426672113894,0.07531108329551187,0.5247534686803733,0.9863942610457083,-0.052080954793605444,0.05873334623124733,0.08122524327197693,0.06951214680078786,-0.07604897008928652,0.6913172887531797,0.8685145788174267,0.924647020650901,0.8460799390639205,0.6325117142691566,0.3149441686338881,0.5418300819261289,0.5409619470350352,0.84021522051846,0.4418246865333379,1.0700167673236662,0.7371969454525934,0.9069825531469076,0.3983272952076956,1.0247080330178335,0.5822212216132555,0.08346139529935973,0.6811770204520172,0.9293790396303683,0.9845414017147412,0.8872189792038725,0.638491487909125,0.7118072344455074,0.5265828969169274,0.9714812308989342,0.9110358177861904,0.9503148741078337,1.0726985286858721,0.8429023043463129,0.432395538346691,0.6583612036967168,0.25348266161765304,0.2770823496186434,-0.06309720792803453,0.4987208333826347,-0.09685990081377133,0.6625866019774559,0.8671365004825782,0.43365807825525166,-0.25809093782660925,-0.009979133226524321,0.34401550131682157,0.5603998366135883,0.5028017383551026,0.8332173476195127,0.3961795586988707,-0.2067655802982478,0.34350536625794587,-0.055853493753177504,-0.005721214433941037
ROI_026,0.22841923583138743,0.4956061470339024,0.36471662327422016,0.48128416345272673,0.23265033628864779,-0.02410758531155716,-0.12598767860308646,0.35761145543621287,0.1506786860523656,0.6908128759290415,0.39105187136206115,0.7783207977672748,0.449437132008693,0.21227355453588012,0.1630205612284225,0.579431222994253,0.7771677621415898,0.38321737041401577,0.34794083522034025,0.12983847627105566,0.43827173688347415,0.9015314560101263,0.401863253498076,0.9120394497848257,0.7468187295445353,7.254328619247669,0.8351504838562208,0.5615433722371244,0.5387155459281927,0.4193832191075962,0.16928971687126232,0.11367525405213368,0.5462152016400742,0.7466904644018371,1.0090354067429832,-0.16053689089863699,0.21782067021660653,-0.122895448537949,0.5074293682512441,0.03797565045614452,0.07042260446437365,0.7724140962154579,0.434037353973435,-0.07071411525355233,0.4761258273040153,-0.2994631313696223,0.10377436701070822,-0.09951399689812396,-0.2668729985015849,-0.4054644878383857,0.10597949014189223,0.3155137309164029,0.4594084465548407,0.37086511109256604,0.13265178143274994,-0.060857677075822125,0.26209564432095017,0.16488315360371056,0.3886504812792064,0.12101635033183426,0.46630563712307904,0.1551033934882237,0.2565499793944527,0.023200293637979305,0.2984866517402649,0.1622721897967088,-0.287049253202808,0.1879569049785544,0.4720616432167118,0.39757923405277007,0.425723442479756,0.3059675444186322,0.23783902496686823,0.0710576393688693,0.6111005069192276,0.45994215990333276,0.2718285249687198,0.5316487021855207,0.10305538524577858,0.014112173871751045,0.4016703888600085,-0.07689309596138573,0.11169001694219693,0.2662849730809903,0.48759131417686685,-0.14619060917699733,0.2275953430075465,0.42657569792946964,0.14243684541612364,-0.4047962040740395,-0.42710273516878927,-0.18296136191855342,0.10664995016028371,-0.0005829260333707172,0.23998959308894866,-0.05687392263486103,-0.48228451434328923,-0.15164166594319894,-0.41249072727943265,-0.34222550625959075
ROI_027,0.3911044951282388,0.6631557657550867,0.30977783774712164,0.4636595370980485,0.22713212885620615,-0.09134592259365039,-0.19804451647643448,0.26727534432553496,0.07489519865804829,0.7507310992810488,0.12991112642219668,0.7506678247715259,0.43299484166814145,0.09246592805189434,0.12444963715354385,0.6981336979523943,0.747055905161631,0.3115131812250046,0.3212803095765909,0.2763086957926755,0.4929014034226957,0.6275982132533543,0.32723900687101204,0.9965296294769151,0.7624810260505491,0.8351504838562205,7.254328619247669,0.939371814868891,0.8948426797052642,0.5862399032094466,0.330146084055283,0.05493468216778092,0.6973205831105188,0.6831024549415632,0.9130666556190744,0.005204043749111368,0.626686519631095,-0.1536706217932544,0.36251341781613317,-0.17853914630614834,0.09317798041592848,0.6652559828102211,0.10482117071892175,0.2694342446793305,0.7636433183596343,-0.04286309094109212,0.026122453114355567,-0.11535143247316144,-0.2705968146935018,-0.3201142114776715,0.27766340546311596,0.5687158393784081,0.6587153802417579,0.4637838060016041,0.24931232679503956,-0.08690863391494186,0.31223553135060184,0.19819151971146878,0.5691235439789035,0.10963650178431922,0.6562973545757435,0.23296869035345236,0.3873307908764456,-9.470517663354927e-05,0.4693475191555179,0.11655234075087453,-0.2648079289981652,0.17677199504976698,0.6314893756317927,0.4709049946130333,0.6071991542959689,0.3965250871849928,0.3428315081869702,0.18194764639902455,0.9195861817997973,0.7869986276412448,0.43928943726363473,0.8268786157902556,0.46612981582699536,0.07065520075252149,0.7088372247760855,0.015525626634889284,0.6112044758997315,0.23766263687420486,1.1811400079078107,-0.06317350626160195,0.461866651098578,0.9014952649253526,0.25189808489590915,-0.1961565616290829,-0.12387892868182926,0.02104879347615058,0.4844911718183467,0.2642798790402156,0.6002137918416478,0.15681256122044834,-0.28608982651447024,0.18102747172693545,-0.4631790683594952,-0.3002418742675566
ROI_028,0.5617094712691362,1.1481194405944715,0.7406264989664868,1.0339949589687523,0.8050403653323069,0.3874141749121528,0.14656811754570606,0.6404528524933715,0.48028383565595717,1.2524070256240065,0.5432803935081648,1.1058159782340349,0.7950740559520556,0.5452308970870677,0.6463821525700154,1.1877261157728032,0.9773306247642529,0.6874063956620077,0.7921415226623604,0.7718000071384049,0.866849271049375,0.9368389309829012,0.7726002723676292,1.0351645796907074,1.0607715293569662,0.5615433722371244,0.9393718148688913,7.254328619247669,1.2478104235538876,1.4053342140695697,0.8031492437050908,0.5408649563260155,0.8161354237184552,0.8985197801218731,0.8526920438017075,0.08914538176103315,0.7817312935664226,0.29254138933873497,0.8214030847268851,0.17378366131377707,0.3233584023695251,0.6756197005898757,0.13868064173086644,0.670613933765889,1.0119606113784423,0.290097884639795,0.12334424483613446,0.12060287617267108,0.03449341920588156,-0.056726619376795226,0.4947690477935058,1.042622084022458,1.119571478261788,0.9785996660296584,0.7949102975259185,0.3614595057528409,0.6711595770348167,0.5998793306358124,1.1214743567939318,0.613236388974479,1.2428357830978598,0.6535047258688375,0.9611468688862337,0.5011927761709929,1.012070610788537,0.6296028566364571,0.18812555933700914,0.6503708110669831,1.0299958747013729,0.9036652225771612,0.9990176632275304,0.8384520027958736,0.8438082991196031,0.6932032097875293,1.100930755138283,1.057767027883521,0.9283302729636785,1.216303656092323,0.8000214244372122,0.41635856286188333,0.9482209117169471,0.4851564832623469,0.5636374110338308,0.22643125036443598,0.8043372682461508,0.2891229222854341,0.5411041440057609,1.2320823783885357,0.37136557192179726,0.01777546852904792,0.2522975216809693,0.4996999455087832,0.9292789424715295,0.6025565272661254,1.135777061554035,0.48678410382067155,0.058573845415327744,0.6354712250460001,-0.1075324840971964,-0.03876449908967509
ROI_029,0.5986101480872776,1.1992518853076275,0.7445889696784365,1.020226668185219,0.7536914102308191,0.4245070634064115,0.08010529258318003,0.6473208584991681,0.5027460487886595,1.2220209405092028,0.5455672313873718,1.1694025220461437,0.913656159477789,0.5491292262406121,0.6633109228182769,1.2204254337934874,1.1262370602314404,0.7960807305251485,0.8806159766589254,0.8140627667369896,1.0660265096729729,0.9266393106687427,0.7516202946535315,1.1600870482958803,1.093666254849917,0.5387155459281927,0.8948426797052642,1.2478104235538876,7.254328619247669,1.1597378225890347,0.9246152889875134,0.4232082407732873,0.7703162711307855,1.0483942534516346,0.8193946316143715,0.10316693900365075,0.6908003818669562,0.17153258236405805,0.6227372098071217,0.06864995868785687,0.2002650221662435,0.5983287632777846,-0.00039105895665911223,0.5821746650177393,0.9748478112756509,0.05465592138991636,-0.05162642334590915,0.044871045287278866,0.03786593632989352,-0.12962172502403904,0.651583003173644,1.1024381862437869,1.204945646060392,1.0361974780159573,0.7835829763637105,0.3745893358858562,0.7393817718151454,0.662603658186161,1.1025932404108094,0.5956799935245544,1.3389068928030305,0.8247260565210368,1.0423066320183028,0.5108011461265415,1.0944036124902983,0.6708947306591695,0.17297413584255,0.7616927233261735,1.087529295690086,0.9692014304251324,1.2199644770566342,0.8444009375217997,0.8934670083592441,0.6606069980260242,1.2390510042167362,1.0872868536492497,1.0239103125032367,1.0698072990148504,0.8609311563660799,0.43230973724001315,0.9454594917552502,0.39184630631394635,0.5550203209372645,0.1541977094599098,0.8525530448294079,0.1536956580773281,0.6394956989100264,1.0173485362330912,0.3985037381856961,-0.10112158225471524,0.19919605516825184,0.5250795018103223,0.8158287876409287,0.5971853485853041,1.058430997125182,0.4834745193318185,-0.08401872580944253,0.5934168556132029,-0.07661627695394498,-0.11291181777725849
ROI_030,0.6421506183141155,1.3291982584001718,1.0419903257808025,1.2980242646387892,1.1252721849868266,0.6777843574846726,0.3394464092290066,0.8204826818979561,0.7001513683151243,1.3395176342499746,0.7797147305667885,1.2776316652060316,1.1720009233468558,0.8318072072432438,0.9893510863354615,1.3480781419095558,1.052707044882264,0.9857149920353084,1.119496311081954,1.142533605581302,1.1756432372305308,1.0845625811368478,1.1691500538756885,0.9899500681680126,1.1249848142464127,0.4193832191075962,0.5862399032094467,1.405334214069569,1.1597378225890347,7.254328619247669,1.1589415549694495,0.6573456763610177,0.8130016863643995,1.010038909192788,0.6850661767543444,0.17549762326839666,0.6412747303223305,0.4327301900437874,0.9584857464780092,0.40400709345054236,0.4497033415043302,0.6479453087813669,0.08820352679260898,0.8150378377853472,1.0024015934993167,0.29774902726334357,0.14094840438761594,0.2694971204034076,0.19805228717189463,0.08394584844092434,0.6982662918506869,1.174261801807975,1.1296809023803005,1.1330317015693248,1.0317344488771738,0.659558423508351,0.7680854129299749,0.7571073668286447,1.0517679851480808,0.7575909301681468,1.3061590316316487,0.9105740020719946,1.2518451788685379,0.7125046840936544,1.4153566678946414,0.9554592498890788,0.414692199437475,0.9086894242900108,1.025554160916007,1.086531698241987,1.2503443355372865,0.8510322924603838,1.0938467076569844,0.8424111007591102,0.9248243233956003,0.9034623679766286,1.1943129412661397,1.1310267872368633,0.8755338763013988,0.5567563517745746,0.8364779345451109,0.6214355802193575,0.4035884075670472,0.08817613986087101,0.4994931013805639,0.334040545582804,0.5746353266200304,1.0497900397799118,0.46614370079196166,0.045392157976669366,0.34511071477674504,0.624706405111005,0.8427388280959216,0.6379326703624614,1.1195014840715078,0.5929521742358855,0.1400657326012014,0.8406882232149775,0.1273208739259722,0.08418350985174997
ROI_031,0.6410491123018682,1.08798130257763,0.9064463273623924,1.0743834685361495,1.0892978669482478,0.7858630463709254,0.35162714230363123,0.8365825625611091,0.7254771545221416,1.0862595344122037,0.7290438892122306,0.9742774280677096,1.0723197997812741,0.8734325088681928,0.9674317878077752,1.1156309236018531,0.9386183146666667,0.9764737208347786,1.2852178571920492,1.0938589775870307,1.0954590071010468,0.8384905061160178,0.9742100134712027,0.7420913546396563,0.8852159102615527,0.16928971687126232,0.330146084055283,0.8031492437050908,0.9246152889875132,1.1589415549694495,7.254328619247669,0.6233095805117331,0.6211908980532714,0.8194403500924969,0.5191806259704383,0.1328725215252598,0.4542905126109883,0.2948419560277636,0.6415733370189599,0.26617379569045885,0.36056567672571543,0.45480417746597124,-0.06738616016736666,0.8551456969859008,0.9457425202117746,0.2073783581530055,0.035843802814790215,0.2780114217747573,0.2053024142984067,0.09901474411840203,0.846558769678872,1.0972376655147986,0.9599831949615217,1.087744438332935,1.040908011713654,0.7298867327723113,0.7593740725010065,0.8499584958657689,0.895420117724622,0.6680895572338111,0.9626370997119449,0.9958255107204137,1.0988711187902418,0.7873324155345311,1.4266043158016848,0.9715083084478662,0.4433409275822134,1.007872896090154,0.9109427461400623,1.0936748288363984,1.0011246200932675,0.7801358823829984,1.0213998563547724,0.7342334028602642,0.7562101714360212,0.6033405400766463,1.0398183097936087,0.7826879714283508,0.9904542003246308,0.5054436392868805,0.6923923300757726,0.5731724717936845,0.3424066517589825,0.06026957853487483,0.3230245430541926,0.27209032863159666,0.42098047559554697,0.780576056207559,0.30938330083483734,-0.02611170825263439,0.4024497081376181,0.668788516620831,0.702579096715337,0.6846101138394055,1.0024048843411755,0.7827531590339954,0.16081739491574387,0.7443709175154253,0.2133718691467496,0.08295524506947978
ROI_032,0.46632333250721647,0.6616041597173846,0.7506624021446865,0.829502394466835,1.0086273435365833,0.9342281380822872,0.6252791005568843,0.6945440334365462,0.8285514499296366,0.5854257200224278,0.9016087430911179,0.5300529944771093,0.6909187568438856,0.886035534926845,0.8866652455220718,0.6545837362967447,0.464416020761631,0.7391906704580101,0.7746961876545787,0.7889724337562554,0.6046756230561057,0.5988867788042376,0.7771649113057529,0.3002842911524395,0.44527431775349513,0.1136752540521337,0.05493468216778093,0.5408649563260155,0.4232082407732873,0.6573456763610177,0.6233095805117331,7.254328619247669,0.40077567001960585,0.4961942626077958,0.36738960831899037,0.3130444802916905,0.492866876387552,0.8588788304700834,0.7129946973123094,0.751878335935195,0.6269054074875405,0.3829213631637224,0.336112805942589,0.5920338257876974,0.6658147069347403,0.4735463817918326,0.4444676833324358,0.49120696036119144,0.47783680965966224,0.37498886195827363,0.5147877751728277,0.6433933699005473,0.6278226615942413,0.8575439029271202,0.8523650376524656,0.9148682899105063,0.6559340242650069,0.7773231056763124,0.7207601091578442,0.9116183259240748,0.6050641174551452,0.7464982994308647,0.8798184550894572,0.9338041369439323,0.7474142507409289,0.8359197176712927,0.7077649281255719,0.847016485873062,0.5480835853074142,0.6607795277210806,0.5268998747071051,0.6497808843462233,0.8429012059259586,0.82837209571956,0.29964741266666617,0.42315077243971094,0.7660471716604648,0.3852891282247381,0.3999665730784588,0.9585892586514541,0.388277547870675,0.962649390007007,0.3133490010087488,0.20619090506979135,0.07567870222726684,0.5923393097861869,0.4366330951151261,0.33710163821001093,0.33945039115139897,0.3301109206486395,0.5518407847926008,0.8547582843883108,0.6170858814142727,0.6279315558694446,0.6232357513808187,0.6211193324623079,0.46381842533328277,0.6379960185728871,0.4705378258709484,0.3510042256198701
ROI_033,0.7572540437552818,0.7502530992081479,0.5035803195231398,0.6444504136171448,0.5476669092421411,0.28822863499031404,0.28207860874256235,0.3665344121221981,0.3247471613158018,0.847329844543223,0.42355389527125364,0.9664888657282172,0.7797121097528142,0.41151920173461026,0.41752398643986677,0.9362490966663001,0.7524994446620519,0.4596454974071833,0.586145460994517,0.584872767966237,0.7038934276259534,0.8176224157749806,0.715633720204586,0.8588637321175624,0.9153479768224552,0.5462152016400742,0.6973205831105186,0.8161354237184549,0.7703162711307855,0.8130016863643997,0.6211908980532714,0.40077567001960585,7.254328619247669,0.7190006150634346,0.8022597498286079,0.25647725312273856,0.5921121717748004,0.19738108248091754,0.5703642472522543,0.24589297368663965,0.5503986108312127,0.8122589779830144,0.24494724843628266,0.6348500267992562,1.0552811996430602,0.18189257195603425,0.3356787237850922,0.348729790345467,0.18474162011136974,0.11214142563072395,0.7041553582727007,0.60649190222252,0.7100888660669186,0.6568911336934793,0.5426259906376798,0.20936544434228124,0.28018475542348736,0.3436988250006988,0.5614281758462244,0.3071971694567891,0.7124051901074206,0.43379410848586425,0.6178115380825864,0.2315018249606764,0.6870804962895434,0.3987684165071741,0.06257172671794195,0.3766632936501404,0.5301884667698772,0.5369892243907718,0.7234245715668318,0.35258845656642274,0.5598945647955889,0.27221659321498587,0.6255233105185621,0.6841588074273854,0.6835194983927625,0.8226459197677674,0.5764545376766897,0.4007093619608019,0.46505911651641885,0.21234698920231604,0.3801361653527311,0.008750350431666233,0.39800654527037843,-0.01324246508111097,0.7698345268003344,0.7617745132385181,0.2485340461846323,-0.032185859709246936,0.1690416851412454,0.16044403304596883,0.4815279146688954,0.5347714411268976,0.7329332056991433,0.45663677901081756,-0.028802223479798772,0.26855800543273595,0.009958030013855637,0.14210805879362487
ROI_034,0.4489308864791408,1.535470111592431,0.9750255835267653,1.2587387997127764,0.8401533906630932,0.4550559403021527,0.012598749807210614,1.0697136999677224,0.7299114025946251,1.532876673971025,0.7086056084696786,1.4664883449992316,1.1839376526389855,0.8493584951578103,0.8093452066493595,1.3858936021830481,1.7166447682954344,1.2817192668765198,1.204001945062698,0.7002543577152366,1.1558731244937959,1.3981995010391595,1.0263436859298163,1.3811150756721322,1.1724051376080857,0.7466904644018371,0.6831024549415631,0.8985197801218731,1.0483942534516344,1.010038909192788,0.8194403500924967,0.4961942626077958,0.7190006150634346,7.254328619247669,1.0446840444142624,-0.019351904588280254,0.4615539045624992,0.08131076229966813,0.7860445425321437,0.15370222665977507,0.141843216463936,0.599391889715117,0.09583599281283715,0.25561007778559397,0.8158223888090037,-0.21538717852775238,-0.10168434666186137,-0.045592607264107576,-0.1269344614295764,-0.3119364779226981,0.5946487076948531,1.1946962113563886,1.21946519681644,1.1709941374037924,0.6906291576182391,0.5553619262690654,0.981173562866746,0.848209574643344,0.99131256774523,0.6095951278165257,1.0609509025185528,0.8039088038126613,1.053100881009445,0.6544502553079607,1.1352419679214807,0.8241705480061906,0.11120860641716929,0.9727565284299227,1.3459886110000276,1.4550661779298164,1.194189509149727,0.9187708837269005,0.9702848534134244,0.6037507244169511,1.1937142224157873,0.842371302950668,0.8358763068934164,0.8349314556254727,0.5759707076641528,0.4293934040815754,0.9767024869048809,0.382856451762075,0.2781275196211479,0.2049900798705973,0.6545134382983144,0.08656335843769154,0.4802389810417044,0.701480003188802,0.38579165333155946,-0.3356645990747769,-0.009307270485642468,0.3397230177444999,0.5071981882178225,0.45948473567439146,0.6914445710892003,0.2447941559245659,-0.3351160568888793,0.4453060292204853,-0.15672982266080338,-0.280886920195572
ROI_035,0.4208804915818118,0.8597852446945052,0.5919992264869247,0.8567009219056282,0.592619815203025,0.20329157614538046,-0.0063463001802249825,0.6644945146670191,0.40392424473341787,1.0193134604727492,0.5335767048965522,0.962491689997449,0.5992569849159725,0.5425005598896717,0.5062661826489658,0.9708107355309856,1.0637130140390354,0.5989502860896662,0.6390825087909392,0.32848699767830625,0.7591295187545088,1.1349780673499184,0.7126471727646424,1.0768823502146583,0.8486708277590839,1.0090354067429832,0.9130666556190744,0.8526920438017075,0.8193946316143715,0.6850661767543444,0.5191806259704383,0.36738960831899037,0.8022597498286081,1.0446840444142624,7.254328619247669,-0.14984557606957663,0.4578493367360708,-0.044201950606432554,0.7517456191138178,0.021065332056913737,0.23046027023644297,0.8481234685362131,0.531887442667548,0.17679615904842075,0.9647930844987702,-0.002260835741964702,0.2422686960702949,0.1536124855147693,-0.19979227846183104,-0.3433199733838087,0.3334112170761223,0.6814624741732915,0.8609051512886697,0.8239363539906636,0.5087099594371904,0.20467785537641997,0.5902529832890683,0.5208479956717986,0.7895710443733419,0.3808218360559697,0.676639518357458,0.3591156023335542,0.5824662588280566,0.3793457685877165,0.663030127250272,0.5004814273844586,-0.11578294156393647,0.4980044391103118,0.8064351914103646,0.7149882540596534,0.7463876135100425,0.6338120784632815,0.5857858203339222,0.28741838895930255,0.8933011085568758,0.616163104008267,0.45839879603492867,0.6415695204759096,0.3379240429307887,0.19473095005827273,0.7948323139196912,0.2845323262657086,0.39463697418141697,0.515552945934898,0.7145924297075851,0.16902945000041072,0.3055892119198224,0.7359722433301337,0.10412006471881892,-0.24509263457528738,-0.05432513529082679,0.09523224313309699,0.3688414460100697,0.3182257762521964,0.6476322739880057,0.23540237097027547,-0.19783804201849076,0.1671560039041304,-0.3509596708425943,-0.34707991179811637
ROI_036,0.5792474616010652,0.07860292578181295,0.0875301572227476,0.06662089762995996,0.18732518355610664,0.5209853826376966,0.8094237769967221,-0.10802628040106725,0.23998872096322524,0.013612410092355559,0.27339166763698286,0.11215979507067943,0.3423396044751884,0.12405345974545096,0.17192813593105355,0.11142167565654777,-0.08462406454635972,0.12809517665501532,0.09880276173920309,0.6310643767316604,0.0601191754314766,-0.09174984520755845,0.14927316987306222,-0.028772035836129247,0.15914890358899494,-0.160536890898637,0.005204043749111369,0.08914538176103315,0.10316693900365075,0.17549762326839669,0.1328725215252598,0.31304448029169063,0.25647725312273856,-0.019351904588280254,-0.14984557606957663,7.254328619247669,0.5247902280402637,0.5446998194643,0.11256257262575879,0.6475174949679382,0.6551531695955018,0.17007816271034543,0.0586177016444792,0.629164143113141,0.34604220585613205,0.3354492974851307,0.34278088586005756,0.4373240544934695,1.035611889551693,0.9950026100832631,0.3137921268259162,0.05260929906510476,0.05652398824285146,0.11098777802129584,0.31840670390555675,0.22189941220160356,-0.024630322036772193,0.12574301428822132,-0.017118913054578265,0.26469861777754594,0.1811938714655397,0.2611740317912351,0.24835399412452244,0.11014253976872701,0.15235013999264177,0.08459187941170584,0.6264882820043693,0.08036654505465239,-0.09500156306091849,0.028848633005842433,0.07837531410563393,-0.1730440559453374,0.10421668555757983,0.40377543643795394,-0.14097111615327354,0.0570581599179009,0.5071721202084974,0.05418508415695125,0.14699429704186656,0.29641663842504384,-0.2532391285176818,0.23941607923632546,0.12058456838308071,-0.2717483148329341,-0.22404749241778568,-0.07184461992714528,0.5961594425474208,0.024082912933732343,0.8882255231551134,0.519946540673447,0.28583296760050486,0.3409247425850666,0.39390771365282207,0.3214080731691423,0.1770236524273297,0.5199944984566517,0.4754617018426034,0.2647296550934412,0.8514659113719516,0.9994827220705677
ROI_037,0.7615773973721729,0.6309953261647272,0.32009410513688036,0.5181323101762041,0.46609560617505164,0.3286009567533505,0.33600021941721697,0.16570541843159625,0.20789160674130486,0.5788270206723155,0.29187905483251864,0.6125794936955888,0.5369351125982629,0.21750412807314135,0.2921652116277019,0.6909910660420139,0.4367070692213585,0.3235800464201752,0.39241590342643284,0.6971917715447353,0.3783842416954836,0.4299170309857075,0.43938277880710447,0.5996313636065225,0.6907013194965358,0.21782067021660653,0.626686519631095,0.7817312935664226,0.6908003818669562,0.6412747303223305,0.4542905126109884,0.492866876387552,0.5921121717748004,0.4615539045624991,0.4578493367360708,0.5247902280402637,7.254328619247669,0.39802282536872796,0.4324602890758483,0.30006717699253826,0.6257923134141775,0.45798331665151903,0.21160187788058635,0.724125007178055,0.8717710763155211,0.42403989711273177,0.35709344677985466,0.29155730530155377,0.38452781071340425,0.34765350188883,0.569474484120332,0.5850330458234511,0.6397335424172135,0.5289922825432791,0.575952197762854,0.1786969729961329,0.28140809955994506,0.2733774498295861,0.611699210482928,0.36208766061215014,0.6999080489244944,0.3524011344961576,0.6180955853667278,0.20081811865640958,0.5529299101407615,0.2337458028169951,0.3034338873881101,0.2757417509305943,0.4656184578565636,0.4091300445819886,0.48409299289865226,0.3395262853237753,0.5400618084229715,0.573564770771322,0.5455129960521189,0.7316126193891652,0.8273579102623818,0.7480569895190964,0.6733068791091044,0.47526544123507497,0.49708371567242093,0.45327133731655395,0.7675974210458381,0.1338988335481128,0.5154241736095633,0.2026165102744547,0.8978894746576773,0.7808322689918221,0.61856042450038,0.38246941431844234,0.4191240978180346,0.5030417757903972,0.8471699535412174,0.7520509621013634,0.9328710001067574,0.5548705552531099,0.3010265565263799,0.48764185356657047,0.17513725499942054,0.3883032365437429
ROI_038,0.3590630715235735,0.295745772419594,0.4257672318840504,0.4331095283898781,0.634797522879974,0.8548528823273339,0.9490634242451903,0.24620899478005703,0.49854466402786807,0.1744352483666495,0.5329867185064983,0.20412241364116826,0.3519984876256549,0.4132370636004247,0.5421431552873573,0.32481619656384775,0.03900541552166538,0.3078026035042619,0.31130463102689304,0.65480205804901,0.2440466024189252,0.20196051994088005,0.32143761218693867,-0.02242672650235551,0.15043771426229732,-0.122895448537949,-0.1536706217932544,0.29254138933873497,0.17153258236405805,0.4327301900437873,0.2948419560277636,0.8588788304700834,0.1973810824809176,0.08131076229966813,-0.044201950606432554,0.5446998194643,0.3980228253687281,7.254328619247669,0.5107129308325745,0.9111269534260721,0.7320115301384491,0.20312879324041222,0.2782216487002321,0.609449531589023,0.29170227719975694,0.7390933109635478,0.44290715994396884,0.5287854174261766,0.8811932594900627,0.7951162887550364,0.31985726675959747,0.31899519174026464,0.287144311837125,0.4083466980299131,0.6830300318616744,0.644323419672463,0.29339815863372987,0.35904211795352126,0.3041502612854247,0.6887695854674933,0.3636321260599191,0.40755928790979,0.5034370447931455,0.5328453285901787,0.3502501493854339,0.47112782366003725,0.9421928294126701,0.36249227072038254,0.10183717327319741,0.17340389085246594,0.27611554326668936,0.2610572226957932,0.5102372398848856,0.6503353187544031,0.016005187456349053,0.19998555469870657,0.5869523795881344,0.19113750110921837,0.22151793489791433,0.6033746906896572,0.04421453992385279,0.7409554963505485,0.21614298445379382,0.0992909668208335,-0.17856041954147023,0.6033545007449858,0.4374999790241728,0.15578850336547714,0.4150562960559714,0.7579132649372807,0.7752642013420582,0.7921502620800867,0.5579344967321807,0.476548284898392,0.4302467303402925,0.6219919789668744,0.8553178110033938,0.6588100890662462,0.8543920150467146,0.7349986357145224
ROI_039,0.3403975489500782,0.8981352327063613,1.0077622473160894,1.1631827466411566,1.0037602615715002,0.7169228827680401,0.44931222192156023,0.9678287051321119,0.8815843520021887,0.8405180577977495,1.0165213328661702,0.8283708205849719,0.8119344698835032,0.8940911540945737,0.959308855297051,0.8684674358710444,0.8068141090588357,0.8908610042831648,0.8825991481894019,0.7107924451049996,0.8190532221119853,0.9778188851817952,0.8165115718362543,0.6550081579872271,0.7002125435639788,0.5074293682512441,0.36251341781613317,0.8214030847268851,0.6227372098071217,0.9584857464780092,0.6415733370189599,0.7129946973123094,0.5703642472522543,0.786044542532144,0.751745619113818,0.11256257262575879,0.4324602890758483,0.5107129308325745,7.254328619247669,0.615095932877563,0.49634870742226533,0.6800536395810625,0.5331251640255097,0.3935205998062813,0.719278233987098,0.32522014749441347,0.2999036775000092,0.2816834527072542,0.16510565554415965,0.019284097535183526,0.23183446882113687,0.7396639747893949,0.760285953233741,0.9132538559537726,0.8744921789775066,0.6787391948715789,0.8028965949567145,0.823958606380323,0.736611116477692,0.8434827214696927,0.776971219931032,0.6440551891924746,0.8383403068130729,0.787326017802352,0.7560357845463752,0.8798654035243114,0.364246754237148,0.7483231711434327,0.7102469194075066,0.7346934764569695,0.802543545125457,0.6944565461356126,0.7861936329816208,0.6226211291340338,0.5485246681570913,0.42984303800333085,0.6714705681651975,0.5117360632940597,0.24925633879316275,0.3164043957174645,0.5596950380273013,0.6584805414804134,0.17112776820959724,0.3812082243304868,0.2620671117161159,0.4895562021563835,0.27903702489800297,0.6180899466508836,0.3646055784124978,0.10369303922263208,0.2459998498394234,0.49630911512973414,0.5853564484718148,0.33446424723364715,0.6233492636525856,0.45427918303758336,0.18394471958539343,0.46304970728947914,0.1138119731177966,0.03701962263278467
ROI_040,0.40819679504900885,0.25113876738183244,0.48807624932665117,0.39346693718953324,0.6115549084785525,0.8815094883547194,1.2437628696962293,0.29556683516515614,0.5415198054699253,0.20904052521381689,0.741246340703266,0.2611524277834075,0.521238230712388,0.5709863173392571,0.5776537194703141,0.2583246331324543,0.0721907045853395,0.42629599985165173,0.37549957040669363,0.6936310409594924,0.317647609660376,0.2737988965221723,0.5358559387676852,0.012626618760577538,0.2209341237784895,0.03797565045614452,-0.17853914630614834,0.17378366131377707,0.06864995868785687,0.40400709345054236,0.26617379569045885,0.751878335935195,0.24589297368663965,0.15370222665977507,0.021065332056913737,0.647517494967938,0.3000671769925383,0.9111269534260721,0.615095932877563,7.254328619247669,0.8459980495752941,0.31662122442493057,0.3893574347786415,0.4654524281555002,0.31804582769787726,0.4360643902681941,0.591386796114859,0.6773636982186949,0.9161427318133818,0.7684881316098322,0.27150752483415613,0.1638035447635645,0.11803776383442771,0.3082875002317923,0.5160971852997499,0.6716990595136367,0.21892938044410604,0.320797169492879,0.13919466987785167,0.5323430301459084,0.23694444424826078,0.36554621335798604,0.37535771721713956,0.4406051099268221,0.2703433429593996,0.48897167004670544,0.8409154204802614,0.30568360461358046,0.017540607547462207,0.19020137267332904,0.21140682184775275,0.08688995311592576,0.30654304632748103,0.5284798584312712,-0.15172522874151081,-0.0029712724001886063,0.5407226893425797,0.13847479912545005,0.007753046646138186,0.4122705598144682,-0.17163422760518302,0.5421305864852032,-0.12432533737156716,-0.03199518919474531,-0.42760067249950695,0.34568931412445425,0.31637644297128625,0.07898792169380753,0.5359568737135092,0.41146334622915104,0.368742685851341,0.4416388101709548,0.22411016171493153,0.17685803512240106,0.17261905580999248,0.44124265499917004,0.543803731439418,0.33407294310541374,0.9250873614069184,0.7201835584620275
ROI_041,0.5958840908438908,0.29841107321068994,0.27348047653604035,0.35939218749043256,0.512623240106152,0.5568303438911963,1.0349145443427286,0.09771597082128906,0.2327442690669275,0.25251157024400767,0.4119898804570846,0.3407692886508754,0.4296252297497149,0.2739294179866457,0.3223525077489248,0.40225385135860897,0.1312161543144644,0.17023497810777768,0.27616093579835527,0.5652266335929186,0.21571537477800676,0.3221311608557884,0.42095131507917716,0.17642419938525003,0.3109957915660424,0.07042260446437366,0.09317798041592848,0.3233584023695251,0.2002650221662435,0.4497033415043303,0.36056567672571543,0.6269054074875405,0.5503986108312127,0.14184321646393602,0.23046027023644297,0.6551531695955018,0.6257923134141775,0.7320115301384491,0.4963487074222652,0.8459980495752939,7.254328619247669,0.5388994903045845,0.643407994081043,0.7557668697329368,0.6314869843237046,0.8043942320384397,1.1578132120596878,0.9867364402714193,0.8194519868145528,0.8516725342706483,0.43759083212974204,0.21183031673217384,0.22464844990858523,0.34126216601757,0.5251091278190412,0.31409470265438344,0.043632529842261854,0.18115377987401315,0.17383864929271414,0.3349154922291008,0.23444305949008354,0.20529817663139854,0.35004848098742786,0.21545661136876773,0.29947495365205545,0.26714911777637096,0.4438238885659556,0.14277931068606955,0.01729234904388578,0.1006268045082993,0.2045905837178596,0.034693806250088,0.3578023900522981,0.28850438953764623,0.008526078358080476,0.14088879879701044,0.5307766187162672,0.31759209961340445,0.2661162240833087,0.4083103528425595,0.03728954845472701,0.4710331739437419,0.2527842627645717,0.07874971859720754,-0.1302076730057642,0.33026706077404033,0.5535190749744671,0.3215720251510347,0.2579648079330771,0.6339147522735702,0.4904650947397655,0.32919621232821755,0.3822504020904401,0.430196780170746,0.4804387757232634,0.5857627486008665,0.6795361966942708,0.25184250803220737,0.5793428272323965,0.7360552412129843
ROI_042,0.44062826450949183,0.6435591044673609,0.5016232731526485,0.698565168619029,0.6177776029749382,0.35605042959194466,0.3556427802594406,0.461835381599762,0.3956298068661598,0.7447291756643989,0.5880295391212459,0.8571115472723183,0.5662080494102748,0.41943819465074167,0.41226872196739195,0.7463913555587995,0.631791747116648,0.4295017552570958,0.42698536964603057,0.49315759804488385,0.558855974104449,0.833796772371597,0.5658086151097669,0.6810165511164435,0.6913426672113894,0.7724140962154578,0.6652559828102211,0.6756197005898757,0.5983287632777845,0.6479453087813671,0.4548041774659711,0.3829213631637224,0.8122589779830144,0.5993918897151169,0.8481234685362131,0.17007816271034543,0.4579833166515189,0.20312879324041222,0.6800536395810626,0.31662122442493057,0.5388994903045845,7.254328619247669,0.6533147033109546,0.4044575901058918,0.828650632453535,0.19134936072984082,0.4214568042149821,0.32262671305694884,0.09196811610410387,0.012655639646840798,0.31345967593096935,0.49268845977652653,0.6196239301292741,0.6540518808675305,0.5614961100400995,0.25517736691140624,0.4059649586315583,0.4186173658439017,0.5142471535996729,0.37829265922766897,0.5057714216709045,0.27051526553009636,0.5088295938391604,0.3059107827245378,0.5033264199964698,0.4113064646961903,0.12446915382193406,0.34002238169552473,0.45775187865228223,0.45407720820099046,0.5444751913008432,0.4045352899338893,0.46562287573515776,0.3728808631477459,0.5127207377811593,0.4295536323189407,0.5468688372528898,0.5586225848547901,0.2433270253085684,0.17612957993350878,0.46960832414253595,0.3260675348517966,0.22466784251706073,0.4177440506059184,0.38546419519071967,0.2378171309559824,0.3588680750365132,0.6334069355637268,0.30209281718359493,0.04095994090744361,0.002740207228752285,0.14811565632655435,0.38981141251558626,0.30448470145435763,0.5911206945715938,0.42392194543851625,0.0450031219743907,0.1823510868923449,-0.0033857713629777885,-0.0003595608032124943
ROI_043,0.12364128736497874,0.10051210452482763,0.1378554672389498,0.25740613517658634,0.28467513300694924,0.21084909043599676,0.4159676749373034,0.14932187743769082,0.1582826618643767,0.10919778966478563,0.36694841894394337,0.15740696396419873,0.007396519022648235,0.18417544914723452,0.1459906758422191,0.1864681060154045,0.08254458154973922,0.013322746097668661,0.006644845313716555,0.01004507406208688,0.024078935168821987,0.3266569333941041,0.17440254930591365,0.11160721395105147,0.07531108329551187,0.43403735397343507,0.10482117071892175,0.13868064173086644,-0.0003910589566591122,0.08820352679260898,-0.06738616016736666,0.336112805942589,0.24494724843628266,0.09583599281283715,0.5318874426675481,0.05861770164447921,0.2116018778805864,0.2782216487002321,0.5331251640255097,0.38935743477864154,0.643407994081043,0.6533147033109546,7.254328619247669,0.016103401670253543,0.31694383190688974,0.42739479821459625,0.915827642738543,0.5372466829210447,0.19306984433135507,0.15882186419967548,-0.1446546802335593,-0.013781504043371471,0.12264703178736848,0.20554970002629844,0.24573185655880111,0.05917138397326912,0.09083099215242106,0.13309024602367314,0.09946248494365603,0.19237210187324294,-0.028020250167909263,-0.18114599910095447,0.037726160626649956,0.13505550161607446,-0.02537040519804776,0.12227658599143029,0.06522480634903831,-0.021439138504013716,-0.04375119456025014,-0.05992639820540648,-0.0017533318456279827,0.03342008635161582,0.09076489279054402,0.019058033010515955,-0.026090312565174942,-0.08260844928633664,0.03447779776228607,-0.032113890660178786,-0.26740093912941915,-0.002081543689624842,0.06055793101521986,0.2854402458861481,0.061905116358665434,0.6825665703958268,-0.037155705741277766,0.4251971340117197,0.036563232273501396,0.0995090107447052,-0.04279103423468509,0.324725700145728,0.05822882828958933,-0.04800069835414444,0.05202521025307079,0.0297310279437637,0.14585463851421843,0.16236055595465326,0.3279495840669098,-0.1626021950447595,0.05008068197720737,0.11623057593721678
ROI_044,0.9185038937114877,0.5314893617578214,0.4908067476853918,0.5063961673776306,0.6604664295621827,0.6684182874967591,0.7341165962757971,0.23288976400486386,0.38704754096855754,0.5192582858241958,0.47652855726078575,0.5422890352675722,0.6155658131230813,0.3882036855375472,0.4991990730038959,0.6170020024218404,0.32138186258272256,0.37092483268145676,0.5288569902467796,1.0672838548659294,0.5019479901541062,0.3354023618229183,0.5428506352867285,0.3087991574547333,0.5247534686803733,-0.07071411525355233,0.2694342446793305,0.6706139337658892,0.5821746650177393,0.8150378377853472,0.8551456969859008,0.5920338257876974,0.6348500267992561,0.25561007778559397,0.17679615904842078,0.629164143113141,0.724125007178055,0.609449531589023,0.39352059980628123,0.4654524281555002,0.7557668697329368,0.4044575901058918,0.016103401670253543,7.254328619247669,0.9119172176061006,0.7409207997916023,0.38239505642194954,0.612618839606814,0.7113881008082773,0.7198337630864737,0.8113595639410335,0.5633857826482125,0.5115311298945429,0.5560399342093139,0.8228560682892158,0.41939799280906304,0.2532160923244016,0.36622660846956795,0.5200016147271302,0.4726823069359741,0.6407934513298563,0.5823867685247762,0.6701612489024715,0.38401160933515777,0.7240082056857602,0.43090723259937136,0.6319517736256397,0.42907042218589153,0.35070130082648715,0.41297917600517614,0.5229359634379347,0.29029790828925867,0.5998568805590098,0.6480929407240673,0.3127883422243791,0.47531895582748085,0.9685218352843515,0.6468192952242687,0.8127641377627927,0.5418524026325422,0.2648849962161625,0.5676825432646219,0.5380266914325151,-0.08592088690654666,0.14379481130079014,0.28591846595202014,0.6641458156644225,0.6501987494592237,0.5059429658024561,0.4866142814850915,0.6679309529119436,0.6662756785515684,0.8141412197889999,0.703024645805883,0.8660225321074939,1.1200678398265869,0.66142956184028,0.7011773401032226,0.5524079492406551,0.7012677637952377
ROI_045,0.90860489744366,0.9803353449563672,0.7495183141169155,0.9114914548620704,0.8290848296953265,0.5473817231149803,0.4106033856258643,0.5863463726900922,0.5764338388777623,1.051857357452841,0.6920070152307382,1.079781098765555,0.9345836507281102,0.6507242547278868,0.6824432851060209,1.1488891486079305,0.894314553413241,0.6883319529131388,0.8322819076121288,0.8861741670913426,0.8962622274550283,0.8805919185780672,0.8763972122621353,0.861132228167347,0.9863942610457079,0.4761258273040153,0.7636433183596343,1.0119606113784423,0.9748478112756509,1.0024015934993165,0.9457425202117746,0.6658147069347403,1.0552811996430602,0.8158223888090037,0.9647930844987705,0.34604220585613205,0.8717710763155211,0.29170227719975694,0.719278233987098,0.3180458276978773,0.6314869843237048,0.828650632453535,0.31694383190688974,0.9119172176061006,7.254328619247669,0.3616082370644899,0.3993738261401886,0.48430671310072554,0.287324019577082,0.18966141544717563,0.7762891139423097,0.8820436239949183,0.9786081516885213,0.983225180340179,0.8751084576137782,0.41917263424597456,0.572151736029153,0.6399015262858609,0.8751201473966946,0.5685007479736423,0.9440766079651184,0.6874068682902259,0.8815699033805106,0.515990088875732,1.0186130387558272,0.6242020448024233,0.2602756897979031,0.6391561905591281,0.7592602533529619,0.7993267614558487,0.8909191287687408,0.5791365195314765,0.8140820740671609,0.5943322573432097,0.7508477404659677,0.7302675875048357,0.9195660327545556,0.8361537669465507,0.7087756303501475,0.48276016200478916,0.6183928437575826,0.4848519510575798,0.6096889777926773,0.2170385288761979,0.5272909165124423,0.2108153902522604,0.6561265321744181,0.9178633045473418,0.4177157353763691,0.10313041252222395,0.3362422959690205,0.42937023600196644,0.7668757034313811,0.701395734005165,1.031401624746147,0.8500472650997462,0.19884229027146064,0.4918620897138281,0.1071435323777683,0.18697012169292623
ROI_046,0.2554520108198655,0.06716537100074547,0.12575801441372897,0.16470761400150694,0.34472263610254694,0.3823378273132682,0.6595623120234488,-0.0037365327550677213,0.14166798071207506,-0.00045456385532547446,0.1883091906978891,-0.02653320670375153,-0.030178294881152753,0.12167970568738048,0.23587025875605463,0.12109969474743511,-0.16448817826729895,-0.08540343955353444,0.01508800431729274,0.33225457576324835,0.039320068932470545,-0.040897158197743554,0.10347841297833503,-0.1687322255867059,-0.052080954793605444,-0.2994631313696223,-0.04286309094109213,0.2900978846397949,0.05465592138991636,0.29774902726334357,0.2073783581530055,0.47354638179183267,0.18189257195603425,-0.21538717852775238,-0.002260835741964702,0.3354492974851307,0.4240398971127317,0.7390933109635478,0.32522014749441347,0.436064390268194,0.8043942320384397,0.19134936072984085,0.4273947982145962,0.7409207997916023,0.3616082370644899,7.254328619247669,0.8195246660725265,0.8069315904738488,0.5792174410506538,0.7443720144395876,0.13502948090854477,0.1067626766557286,0.12209034278474956,0.19351686029696497,0.4780606519054487,0.24938890256952131,0.0492687158826607,0.1294166670669044,0.2114460986728789,0.31752415354423885,0.11803773580619567,0.05048853553513161,0.2009609216208014,0.241441041522777,0.1691000221358989,0.18120974456732736,0.4884311674471719,0.059173054696970845,-0.07129367421567599,-0.0812794794407689,0.08260300283270355,0.07781309832640698,0.23041197278785358,0.3018956935094178,-0.07786297574596628,0.06139952563998282,0.24229894921141049,0.0872361056532054,0.18750237957644952,0.26997318904854745,0.05964801280766071,0.6299644899461504,0.4485014987521618,0.2934461969662303,-0.04132882618856906,0.7627708691535314,0.21954233355377384,0.3014261343103949,0.07709489449487239,1.0487362502329478,0.8431591197667586,0.4870047018181945,0.5057562291073165,0.367513357979874,0.4568053404167508,0.676752951515861,1.441163572702708,0.4291869998544513,0.42970127058163393,0.6500666058609146
ROI_047,0.32501056493790936,-0.007728383154255682,0.05316492295789472,0.09050742271375471,0.23642411480785086,0.2303429743631989,0.6831823902148011,-0.0883661177816034,-0.002663483872288512,0.02413153620132933,0.2276597882221583,0.07053479700536584,0.0502955236929576,0.0894648572953087,0.09115068106570758,0.10419805391601508,-0.10724692041695902,-0.10134825659299203,-0.01221808117360365,0.13972401398025422,0.005259612913762223,0.12755984547386368,0.17809092011717226,-0.028247211600880985,0.05873334623124733,0.10377436701070822,0.02612245311435557,0.12334424483613443,-0.05162642334590915,0.14094840438761594,0.035843802814790215,0.4444676833324359,0.3356787237850922,-0.10168434666186137,0.24226869607029486,0.34278088586005756,0.35709344677985466,0.44290715994396884,0.2999036775000092,0.591386796114859,1.1578132120596878,0.4214568042149821,0.915827642738543,0.38239505642194954,0.3993738261401886,0.8195246660725262,7.254328619247669,1.0318184078411068,0.49834159055219635,0.615866890171464,0.09906163891074923,-0.08523419005646107,-0.027149564174055858,0.0817218217083365,0.21312462456003203,0.05240916623163734,-0.15298524355837081,-0.061971908898880504,0.007660810302381058,0.09253048509393114,-0.029816025504592496,-0.1329813535514527,0.030606226487864405,0.01470387062673895,0.019041360813333307,0.046722434491117695,0.16152868043011379,-0.11493485882262254,-0.22446812647293637,-0.1752482076601078,-0.0653467036372094,-0.14494934370872714,0.05983400725067985,0.0013724765650588947,-0.18230924927655365,-0.05810690711573762,0.1344881964379019,0.0992492863602909,-0.02185816766929305,0.171618089852896,-0.1340481443235788,0.29897851124530017,0.17706737440464587,0.22245039457047686,-0.19057734271373847,0.338022434095953,0.2447169043208261,0.13050865316005966,-0.016585563177541108,0.539368222962434,0.3186184062527581,0.03266415859666494,0.1073975681644271,0.09595175880097441,0.20424503525393028,0.3277591459289784,0.640616566978969,-0.056679785993558086,0.2912060862535739,0.5399559466558541
ROI_048,0.4487604095772394,0.048710847318388935,0.21588927433846444,0.17727776664131498,0.40023452430761836,0.5292409703311283,0.9748585054961156,0.0646497654094505,0.2287122662602543,0.0779535361033512,0.40652274495058444,0.11626657370312565,0.22466074585960655,0.37891628017283946,0.40406552202232304,0.1525153438176528,-0.05834422036935433,0.08267627439103223,0.16046727638617325,0.4090700544587285,0.24055032407761925,0.11351372149956117,0.38751723493227286,-0.1125918024304185,0.08122524327197693,-0.09951399689812396,-0.11535143247316143,0.12060287617267106,0.044871045287278866,0.2694971204034076,0.2780114217747573,0.4912069603611913,0.348729790345467,-0.045592607264107576,0.1536124855147693,0.4373240544934695,0.29155730530155377,0.5287854174261766,0.2816834527072542,0.6773636982186949,0.9867364402714193,0.32262671305694884,0.5372466829210447,0.612618839606814,0.4843067131007255,0.8069315904738485,1.0318184078411068,7.254328619247669,0.7720423970649477,0.8421927723477135,0.3132015761711122,0.007892198830559588,0.038054767731288366,0.2133322189008623,0.44353491195692124,0.3398579620226159,-0.012836532966863944,0.16997222104186452,0.0926955693500713,0.29558180666096534,0.03179701996969926,0.1624686477144092,0.2017797317941768,0.2786030567502836,0.2375433644716432,0.34971947499036554,0.4700526340786672,0.10375333285674862,-0.13596749092549357,-0.0026544349266520314,0.14448867664731743,-0.04278981050557003,0.19129875174698038,0.19588433319131132,-0.21012008265937057,-0.07485765347322865,0.2720772996824636,0.06585107661384602,0.07530236160521908,0.25705637767720535,-0.20183411832865125,0.3997952884002326,0.08739498964876875,0.08742303494587046,-0.323216196810624,0.341695923062683,0.22818685607587863,0.14748878152479872,0.08406693562644203,0.46761598495408724,0.5265466067323203,0.22565475596981557,0.12881068017486508,0.2011512757541506,0.2601357537587336,0.6094496460775677,0.783854897825988,0.18326227801908365,0.5778917575561695,0.6385561571829813
ROI_049,0.6069555951375923,0.018614884475946954,0.15062023292408364,0.12957721644274978,0.35277882498105934,0.7332965925768157,1.4324696418914833,-0.08366722105633496,0.2550169566891623,-0.03160806186186056,0.37237587126440735,0.05210099227978049,0.2501705638513873,0.2047550057831145,0.28139714790087594,0.1233671810947753,-0.17849820875728573,0.07221210431654224,0.10548332110449457,0.6219717157501367,0.047503283047557056,-0.04464996396371046,0.23083825053596152,-0.1723263430846514,0.06951214680078786,-0.26687299850158486,-0.2705968146935018,0.03449341920588156,0.03786593632989352,0.19805228717189463,0.2053024142984067,0.47783680965966224,0.18474162011136974,-0.1269344614295764,-0.19979227846183104,1.035611889551693,0.3845278107134043,0.8811932594900627,0.16510565554415965,0.9161427318133818,0.8194519868145528,0.09196811610410387,0.19306984433135504,0.7113881008082773,0.2873240195770819,0.5792174410506538,0.4983415905521964,0.7720423970649477,7.254328619247669,1.495420077500018,0.42767602524514015,0.010192724316451166,0.01630521416242303,0.13956538254843015,0.445686279684424,0.3356882853512524,-0.056252573771982145,0.09672334916477984,-0.0011699247887180361,0.35745652710839015,0.11721092916415442,0.2320362253038174,0.23501529217254005,0.20494433281306912,0.1259591028411872,0.19445396407728102,0.9840216943251693,0.10064755568420945,-0.20570627995516902,-0.060627772874563446,0.04325226712382792,-0.13913364467386474,0.1564508599846694,0.42029065545398286,-0.27447931849098534,-0.025155900933194936,0.5007926229412358,0.023326833157150145,0.13112980117703776,0.44033535716350614,-0.3451458904838122,0.3909548387242068,0.05252896881708114,-0.17476939942497938,-0.4969287285942782,0.19133095494036967,0.4306210819540094,-0.019299352854805815,0.509183039792667,0.6680169914555987,0.5640994540686693,0.4563754284290172,0.27493966639208406,0.36645861510857036,0.19236391800928027,0.6464928004762679,0.8664510880346573,0.3259982701314136,1.5364262099254207,1.2453096452061936
ROI_050,0.46868050044015747,-0.11656118071046745,-0.02628457105517807,-0.05194532898556235,0.18888778587995625,0.5100036888962782,1.1660993454188193,-0.2457563862616553,0.10109358191373793,-0.154354843574192,0.216092380439064,-0.08651029263547934,0.09322348165990291,0.061748989508164064,0.1314169465963474,-0.03382645298598792,-0.330340306831897,-0.08980431836699648,-0.02327150903985814,0.4623140490420123,-0.07365944384021086,-0.20418792344092213,0.10351610156358035,-0.3142143822100321,-0.07604897008928653,-0.4054644878383856,-0.3201142114776714,-0.056726619376795226,-0.12962172502403904,0.08394584844092431,0.09901474411840203,0.37498886195827363,0.11214142563072395,-0.3119364779226981,-0.34331997338380876,0.9950026100832631,0.34765350188883004,0.7951162887550365,0.019284097535183523,0.7684881316098322,0.8516725342706485,0.012655639646840798,0.15882186419967548,0.7198337630864737,0.18966141544717563,0.7443720144395876,0.6158668901714639,0.8421927723477135,1.495420077500018,7.254328619247669,0.31562476140698603,-0.09789395052038918,-0.10720573438896246,-0.018326386511136657,0.3065092303384681,0.2227138611917392,-0.19814302976693432,-0.03749844000087288,-0.10109327213944655,0.2157295882377251,-0.010380657344828632,0.08271863072289617,0.09665521317655926,0.08155665932836002,0.03233885339072276,0.045811960875976325,0.7787975246218015,-0.04494213292928469,-0.32284537931703994,-0.1880247227735506,-0.08082717089796243,-0.24653128042157404,0.07640170964748007,0.29127311476328155,-0.3664634222048875,-0.11501875575742078,0.34963054249168446,-0.02195033382412283,0.11206610641291206,0.3462404944907968,-0.4291740424934241,0.32746835932489193,0.11370618361459076,-0.20146377085879857,-0.5276831618515122,0.1858625607148249,0.42565258079366886,-0.08395158768795334,0.4019823930562444,0.8806071065270671,0.5997101525594389,0.3553368836587832,0.2582718376816973,0.2899998018386479,0.1301268414723453,0.5524181073841287,0.9959792667351552,0.225846193799256,1.1569415788900586,1.6849940046833605
ROI_051,0.9081497718746998,0.6856083000065835,0.4530932229430727,0.55187665141236,0.5763277633344137,0.4613113966350757,0.3777490078449849,0.3007113499737151,0.33879783378748557,0.688340783340122,0.3877597322454845,0.6987825721202411,0.778951463563006,0.43558967711143654,0.4704336018260248,0.8175176972929636,0.5568585289624853,0.5012105706742007,0.6828041227640236,0.7971915292728247,0.5968819158848576,0.5414970301061136,0.7336769821518232,0.5575705194508426,0.6913172887531797,0.10597949014189222,0.27766340546311596,0.4947690477935058,0.651583003173644,0.6982662918506867,0.846558769678872,0.5147877751728276,0.7041553582727007,0.5946487076948531,0.3334112170761223,0.3137921268259162,0.569474484120332,0.31985726675959747,0.23183446882113687,0.27150752483415613,0.437590832129742,0.31345967593096935,-0.1446546802335593,0.8113595639410333,0.7762891139423097,0.13502948090854477,0.09906163891074923,0.3132015761711123,0.42767602524514015,0.31562476140698603,7.254328619247669,0.7041272979921969,0.6583768420380987,0.6397622022852907,0.5988611622078746,0.4093643823868263,0.30253485352699705,0.3471826453856292,0.5922195357242283,0.3901262712681483,0.6835840577017169,0.6645760363107974,0.727560534850143,0.3481061065238381,0.759124338617313,0.445006699831731,0.42367231090174634,0.5309160486400202,0.521681163937413,0.5981910976715518,0.6448571463390294,0.44222008518425926,0.7494693466268005,0.5682085456285044,0.517352724181601,0.7062288994502025,0.8947974531501036,0.7574012790621584,0.9550099877245857,0.8262103638915662,0.4037140972034811,0.37758649057048227,0.5092227898126466,-0.15474282493945093,0.2507070590253991,0.058541468525692024,0.7980811980230859,0.5685415535063815,0.3366348008504521,0.1055725664493272,0.5129718865294611,0.5295893542697332,0.5294049446840354,0.94696662463672,0.786832658398669,0.6292347888077542,0.14588402961457833,0.58190764143631,0.36053289790065324,0.3380452687052248
ROI_052,0.49436069235594843,1.8509206286818793,1.0224862719520331,1.4085628240471921,1.132153014200251,0.6439733388765067,0.14578625284788146,1.0786035470163577,0.8877692853233566,1.3200191749291452,0.6964718234921715,1.1455288017072425,0.9716520400103724,0.8489015102628323,0.9267947337719399,1.4275785135736552,1.1597839555434375,1.1635263621341727,1.2103369165309241,0.9456321120654619,1.1380911230249606,0.9751129004036126,0.8870602303810167,0.946928567460409,0.8685145788174267,0.31551373091640295,0.5687158393784081,1.042622084022458,1.1024381862437869,1.1742618018079747,1.0972376655147986,0.6433933699005472,0.6064919022225199,1.1946962113563881,0.6814624741732914,0.05260929906510476,0.5850330458234511,0.31899519174026464,0.7396639747893949,0.1638035447635645,0.21183031673217384,0.49268845977652653,-0.013781504043371471,0.5633857826482125,0.8820436239949181,0.10676267665572858,-0.08523419005646107,0.007892198830559588,0.010192724316451168,-0.09789395052038918,0.7041272979921969,7.254328619247669,1.6869974065781246,1.5550238978013113,1.0783447330980265,0.7717014835858588,1.2739061553803606,1.062868968737193,1.3587919385653615,0.844371421398614,1.338543663164197,0.9666795410372084,1.476995578346893,0.8968954844947881,1.5054065071470482,0.9353812531584331,0.3541694162288028,1.1595261957505032,1.5355346832061387,1.5170040170592343,1.3263316593992018,1.2305588482479952,1.485966559656821,0.924886882339622,1.2713825987088079,0.9662305270732112,1.0849282697428677,0.938907219688961,0.8461822890426721,0.6031848105864528,1.1759764060637865,0.6627598100891737,0.5405762922800504,0.2697154038020791,0.7082558774384111,0.3957113673855884,0.5069437366988689,0.8643731242301582,0.41274603725692394,0.00040005806802179144,0.39018003792320854,0.7005725723174163,0.942200136058787,0.8006896089136213,1.0820438650101196,0.5464262535506796,0.005584837482203756,0.8530420800127494,0.0073930852789111465,-0.09482580949447572
ROI_053,0.5597037518077667,1.7157732496289835,0.9157170215111758,1.460974563723451,1.078630543986417,0.5844180603946001,0.13403931973089173,0.9686770789275695,0.8274264425641689,1.4034938014789886,0.7183256420472691,1.2388385644928315,0.87723864809953,0.7679932446565242,0.8506265659278125,1.618981041335699,1.2173438088903141,0.9960374260872907,1.0224170073493715,0.8590043043294255,1.0845226297816983,1.0595928887957937,0.8269638011184601,1.0821086817592944,0.924647020650901,0.4594084465548407,0.658715380241758,1.119571478261788,1.2049456460603925,1.1296809023803005,0.9599831949615217,0.6278226615942413,0.7100888660669187,1.2194651968164405,0.8609051512886697,0.05652398824285146,0.6397335424172135,0.287144311837125,0.7602859532337413,0.11803776383442771,0.22464844990858523,0.6196239301292741,0.12264703178736848,0.5115311298945429,0.9786081516885213,0.12209034278474953,-0.02714956417405586,0.038054767731288366,0.01630521416242303,-0.10720573438896246,0.6583768420380987,1.6869974065781246,7.254328619247669,1.6822500749719285,1.0986848604075279,0.6177100417628384,1.1668658007215413,1.0074608393497169,1.5745983392573628,0.8620421335647621,1.4839486417695524,0.8452364408728349,1.4307785348263926,0.8314607663307886,1.3553315378064668,0.8587275422650656,0.3001373403424421,1.0929899981242666,1.5171801874767077,1.3099549941565776,1.3718068656602338,1.2191903228014593,1.336777933050562,0.8618975401837088,1.4540406053809727,1.1052256948729668,0.9918271826507322,0.9152413187389725,0.7819256128969947,0.6070864735349143,1.2602986230824056,0.6159086412709391,0.5822450746330986,0.3637026837400932,0.7815227095134468,0.368605509269844,0.5549090670313767,0.8694243444649614,0.3796703640753974,0.014140635923508595,0.36391094400848445,0.643061479861049,1.0318483739253719,0.8613127939727976,1.1660244601307468,0.5399576052717362,-0.002997957159953753,0.6983918089920527,-0.041960264646714436,-0.1092226379783537
ROI_054,0.513823295768995,1.658767397030727,1.1781016567448823,1.9447856327326063,1.5998642949920892,0.9138128792898671,0.32981951628462386,1.2969295803094563,1.163876605008591,1.3127432902566962,0.9980140888329844,1.129611024165146,1.0173405349622426,1.1380182627039823,1.2509576507083455,1.4705858797208922,1.0955364351715466,1.2424229858746862,1.2590795100887031,1.0169383533435121,1.2766984821861846,1.0795291165539493,1.0097261111056246,0.8289017840329761,0.8460799390639203,0.37086511109256604,0.46378380600160407,0.9785996660296582,1.036197478015957,1.1330317015693248,1.0877444383329349,0.8575439029271202,0.6568911336934792,1.170994137403792,0.8239363539906636,0.11098777802129582,0.5289922825432791,0.4083466980299131,0.9132538559537726,0.30828750023179236,0.34126216601757,0.6540518808675305,0.20554970002629844,0.5560399342093139,0.9832251803401787,0.19351686029696497,0.0817218217083365,0.21333221890086235,0.13956538254843015,-0.018326386511136654,0.6397622022852907,1.5550238978013113,1.6822500749719294,7.254328619247669,1.4496622138049016,0.9497222321590264,1.4360379312004465,1.3899935692750403,1.4442490394970329,1.1315180317050282,1.220129300989774,1.050994379336626,1.7455770254646858,1.2199181452184489,1.5048362080358277,1.2600534253419238,0.4673465791770307,1.4182415120696048,1.3333931627750941,1.4383873796400328,1.3603394797349935,1.2605300192977458,1.3854062611680944,0.9686575291599698,0.9991528649697101,0.8083271728679188,1.0532462974343768,0.7400401373529153,0.6267089010809765,0.6577801618926511,0.9791863804265541,0.8309499332527017,0.3856055746708351,0.36615866054416535,0.5090270440719177,0.4966345057782577,0.42872567228531966,0.717676319194537,0.3793076484378575,0.01724140564795249,0.3942130447104373,0.7682574166381944,0.8432451406615707,0.7515363746849755,1.0233657413699881,0.6576402204363799,0.10410113515660192,0.7720116268178379,0.13307425002575743,-0.06070201023944229
ROI_055,0.6076248724863461,1.0949126233633981,0.989062208027576,1.332009410177777,1.748770489681483,1.241695519312264,0.6616063521702428,0.8995641030696556,1.0880462707986298,0.8779175719657204,1.028937837221782,0.8175532491588291,0.825756555534735,0.9937276427374525,1.2262276202651148,1.0754397306795582,0.6574148058891637,0.9200683718656965,0.9613201688235128,1.3013536807567145,0.9696103107595083,0.7190913362138825,0.8463646489322255,0.5066294859842214,0.6325117142691566,0.13265178143274997,0.24931232679503956,0.7949102975259185,0.7835829763637105,1.0317344488771736,1.0409080117136538,0.8523650376524656,0.5426259906376797,0.6906291576182391,0.5087099594371904,0.31840670390555675,0.5759521977628539,0.6830300318616742,0.8744921789775066,0.5160971852997498,0.5251091278190412,0.5614961100400995,0.2457318565588011,0.8228560682892161,0.8751084576137782,0.4780606519054487,0.21312462456003198,0.44353491195692124,0.445686279684424,0.3065092303384681,0.5988611622078746,1.0783447330980265,1.0986848604075283,1.4496622138049016,7.254328619247669,1.0145128134610641,1.0250156432395325,1.1372892166531223,1.0472395237194023,1.179102492797619,0.9618721939865325,0.8812693251034444,1.3859626419261062,1.158625881388039,1.182840620313157,1.1234489377031165,0.8178515706559306,1.081925099793028,0.8062683562308101,0.9133847056248098,1.0097564906891197,0.8761666440346048,1.0967251493689483,1.131511311114682,0.6343818374696713,0.567045102255631,1.1425094114871406,0.5734531536946066,0.5640004001323425,0.6016810225752549,0.6380765272820984,1.01235261936983,0.3545013147189046,0.34518099025792043,0.2589517683673234,0.6814586389841537,0.4371741049695541,0.6681043828407679,0.5093466731069427,0.312148192050844,0.631611166517709,0.9546661866053031,0.9345301298412472,0.7277605152940678,1.0272068082558727,0.9665204336640776,0.4606254616544427,0.9225619481489065,0.45618035257794975,0.24762512674582807
ROI_056,0.21586104523882493,0.7192764187745161,0.9568287108132014,0.8911303407375277,1.1526589535432878,1.3084950500252863,0.5570165984470491,1.0965329872555336,1.420875197449362,0.5528338815611629,1.0048264162200402,0.4746081694884856,0.753458393420577,1.306297336257661,1.428557760457548,0.5713740945403716,0.47222976236920083,1.0834672663394516,0.9011086682291221,0.9371598757372843,0.8458711975741187,0.5014943173954013,0.7587636821430885,0.19767020550008957,0.31494416863388797,-0.060857677075822125,-0.08690863391494186,0.36145950575284086,0.3745893358858561,0.659558423508351,0.7298867327723113,0.9148682899105063,0.20936544434228124,0.5553619262690654,0.20467785537641997,0.2218994122016036,0.1786969729961329,0.644323419672463,0.6787391948715791,0.6716990595136367,0.31409470265438344,0.25517736691140624,0.05917138397326912,0.41939799280906304,0.41917263424597456,0.2493889025695213,0.05240916623163734,0.339857962022616,0.3356882853512524,0.2227138611917392,0.4093643823868264,0.7717014835858588,0.6177100417628384,0.9497222321590264,1.0145128134610641,7.254328619247669,1.0823468047682705,1.2583492500056739,0.6904239900184391,1.1404685707204067,0.5780462394896415,0.9834764808062978,0.983094435907567,1.5257409681651446,0.8854868211343334,1.3974120125466123,0.883792825251069,1.160133807030655,0.6439990151984156,0.8718162205534971,0.7755148818813288,0.7788863652607088,0.8575392037490297,0.9727796685178294,0.30383621379950676,0.26830901650048733,0.6804108632356056,0.22326178461927093,0.26342234396885583,0.6096146808693443,0.36577672153718616,0.9403364123883831,0.02397758293168565,0.18660689721744494,-0.0012753399534072471,0.6241843902651112,0.16226682412466933,0.229199103337551,0.4236922239688995,0.15103792991968742,0.4820531198661046,0.8871637366602296,0.4926082087100679,0.43712984127027854,0.44495556104426204,0.5618526524703849,0.3130877777565064,0.844944811177609,0.524581834042275,0.15171990742305524
ROI_057,0.17783298556824925,1.1747897377516427,1.087774938749759,1.3015951795460263,1.1256781838801206,0.807848934033304,0.14010613115686776,1.6314771220308033,1.4021227980574844,0.9155619535085092,0.8993514367124537,0.7608609585823313,0.7360121064115037,1.1508177641814499,1.20447870874413,0.8759085282740406,0.8880195682152999,1.308959160209886,1.0360661420665078,0.7477649317563064,1.0654281051854888,0.7588152096861239,0.7256737156163555,0.5817026129257014,0.5418300819261289,0.26209564432095017,0.31223553135060184,0.6711595770348167,0.7393817718151453,0.7680854129299751,0.7593740725010065,0.6559340242650068,0.28018475542348736,0.9811735628667462,0.5902529832890683,-0.024630322036772193,0.28140809955994506,0.29339815863372987,0.8028965949567145,0.21892938044410604,0.04363252984226186,0.4059649586315583,0.09083099215242103,0.2532160923244016,0.5721517360291531,0.049268715882660706,-0.15298524355837081,-0.012836532966863946,-0.056252573771982145,-0.1981430297669343,0.3025348535269971,1.2739061553803606,1.1668658007215413,1.4360379312004465,1.0250156432395323,1.0823468047682705,7.254328619247669,1.6987081815104699,1.166850382961978,1.1092468302318854,0.9049883697511675,0.9304352533999843,1.201822543152246,1.4066208104604454,1.0873486652899276,1.2237688831621842,0.42127799120130155,1.4151227986242472,1.2283064669548776,1.3498169078536073,1.0892922220535592,1.2851920025753574,1.051081116117182,0.9332901353121064,0.8436326946199129,0.5508702637609353,0.6889910517345202,0.4169943313010206,0.35211262694728596,0.4206639661668552,0.8710272951671004,0.7522596278965218,0.22807215345128612,0.4602529652306357,0.47588759344423087,0.5329590428812655,0.15915884741095584,0.45686004246279194,0.37708267182086214,-0.06881850703386902,0.2480785037891535,0.7125881165641675,0.6640391122438019,0.4585358464925736,0.6138380959146361,0.43270715415173944,0.004753818072895407,0.7000451284207327,0.029252433326661914,-0.23154180158229629
ROI_058,0.22526298826638988,1.0117571711824498,1.0932988974221065,1.175677294671132,1.1592350003887073,1.0084556479472992,0.286786690746563,1.5481413305911402,1.7188783639710947,0.8305721351569632,1.0708395203245173,0.7032140254423552,0.8311328887516368,1.392184753893299,1.4436760124113701,0.8126738413207306,0.8143906993879564,1.3018765486374193,1.1305974735355342,0.8640408914996601,1.0984408215178632,0.695778187144533,0.8067739164776107,0.47953946040478024,0.5409619470350352,0.16488315360371059,0.19819151971146878,0.5998793306358124,0.662603658186161,0.7571073668286447,0.8499584958657689,0.7773231056763124,0.34369882500069887,0.848209574643344,0.5208479956717986,0.12574301428822132,0.2733774498295861,0.3590421179535212,0.823958606380323,0.320797169492879,0.18115377987401315,0.4186173658439017,0.13309024602367314,0.366226608469568,0.6399015262858612,0.1294166670669044,-0.061971908898880504,0.16997222104186452,0.09672334916477986,-0.03749844000087287,0.3471826453856292,1.062868968737193,1.007460839349717,1.3899935692750403,1.1372892166531223,1.2583492500056739,1.6987081815104699,7.254328619247669,1.0085059916682069,1.2203050577420012,0.8054436117329508,1.115697580243453,1.2344239038682088,1.727176496737862,1.1384302992370463,1.4785394733985564,0.5116189059233996,1.5202727691126832,1.0451979568187977,1.275546213546757,1.0373921773506558,1.0799905190344505,1.0211883199079508,0.9362222517134491,0.6289134924228149,0.4350128674537426,0.6991240624848913,0.3209811296852371,0.35465089105515124,0.46667469290257374,0.6577734603691278,0.7669154216733388,0.14872911370008396,0.3247948117014039,0.2998075062392918,0.46817498609796115,0.17495254879354372,0.393858586778145,0.37990734370536694,-0.019100656902695023,0.31058217081445144,0.7642824745298935,0.6662520758398829,0.5021272256740051,0.617816447538748,0.5776153227319584,0.10007781619043296,0.6872206119101526,0.16912097794966083,-0.08714948711389973
ROI_059,0.43279879212268435,1.2854365626853623,0.8371490881362974,1.24848138668013,1.0332808993581093,0.6119516213917893,0.11850519076181519,0.9401530367903425,0.8099868721517658,1.2851264611554496,0.7778294975673239,1.0208512882448602,0.7632896312610794,0.8078525866324319,0.9219655630336068,1.1970198283635973,1.0558698802469038,0.9205092280000056,0.9900092982656983,0.8061594932606329,1.0647221792489179,0.9353541283696174,0.7794505196608129,0.8676569455724125,0.84021522051846,0.3886504812792064,0.5691235439789035,1.1214743567939318,1.1025932404108092,1.051767985148081,0.8954201177246218,0.7207601091578442,0.5614281758462243,0.99131256774523,0.7895710443733419,-0.017118913054578265,0.611699210482928,0.3041502612854247,0.736611116477692,0.1391946698778517,0.17383864929271414,0.5142471535996729,0.09946248494365602,0.5200016147271304,0.8751201473966949,0.2114460986728789,0.007660810302381058,0.0926955693500713,-0.0011699247887180361,-0.10109327213944655,0.5922195357242283,1.3587919385653615,1.5745983392573635,1.4442490394970329,1.0472395237194023,0.6904239900184391,1.1668503829619779,1.0085059916682069,7.254328619247669,0.977342024174838,1.3750918661024112,0.9238096312250862,1.3607119136452155,0.9319013172145234,1.2986993755833205,0.924749727515923,0.3266002673389652,1.1313986432357117,1.4860694193522308,1.2568273128170748,1.222018694841162,1.5006266058207962,1.2124592261677005,0.9771200453950737,1.2733698804298828,1.1456307750536265,0.8613086431027471,0.8357891472558188,0.7900680053437513,0.667050413286525,1.126623473088976,0.7061327861701092,0.5930711311162487,0.40410163435435814,0.7445103091488128,0.46008186989063954,0.4140263980517584,0.8378063155444034,0.3242195562134284,0.030751503631619874,0.39919662546601903,0.8245958204273472,1.0042695990201738,0.8127000875622501,1.1523266150177822,0.5449349609273465,0.07344157102282448,0.72876724632799,-0.041271030679742755,-0.106284714361879
ROI_060,0.28312218993664295,0.8074721795309578,0.8450311263829375,1.025715423696451,1.1595642760428397,1.1224769384309996,0.5365078991470452,0.9296736692190906,1.3232606522236248,0.6644797704727564,1.0730745426997272,0.5864385684232952,0.7260137663911256,1.012553057934225,1.306835671205591,0.7002447237157803,0.5743959142784085,0.8817156745680927,0.8449114616681025,0.923387192829385,0.8304237642406331,0.6106957714674341,0.6843407026383471,0.3429140077792559,0.4418246865333379,0.12101635033183426,0.10963650178431922,0.6132363889744787,0.5956799935245544,0.7575909301681468,0.6680895572338111,0.9116183259240748,0.3071971694567891,0.6095951278165257,0.3808218360559697,0.26469861777754594,0.3620876606121501,0.6887695854674933,0.843482721469693,0.5323430301459084,0.3349154922291008,0.378292659227669,0.1923721018732429,0.4726823069359741,0.5685007479736423,0.31752415354423885,0.09253048509393114,0.29558180666096534,0.35745652710839015,0.2157295882377251,0.3901262712681483,0.844371421398614,0.8620421335647621,1.1315180317050284,1.179102492797619,1.1404685707204065,1.1092468302318854,1.2203050577420016,0.9773420241748376,7.254328619247669,0.8870148634836336,1.0669828523925116,1.2263331100687365,1.4843243689336199,0.9126267738757472,1.2032724337744984,0.7687678902980385,1.199952701047492,0.7684829245052334,0.8604016212809559,0.8978436032590525,1.0590120137203567,1.0240888103499517,1.1930207744704582,0.5353635082416008,0.5655385416298512,0.7415804300974186,0.37114166793379744,0.335436941335691,0.6417140810625678,0.5043398198273615,0.8967809441896805,0.20003687080425142,0.2857653672618341,0.1952235607556783,0.6109999001007481,0.2756680607713561,0.31032282870626837,0.4261691117275415,0.2558117824902207,0.49862364666802206,1.0013542671548434,0.80588143355041,0.5977267532291407,0.6695105107617898,0.5961029478869632,0.29777665101997575,0.7527043056297363,0.40181738099497016,0.1205288746445518
ROI_061,0.6305248808213519,1.368921776174595,0.9198059246926394,1.2017305956097837,0.9482953587775524,0.5966156194904109,0.18951080052537156,0.7737833767279422,0.7459140884904325,1.318374058350971,0.7728222849872445,1.2337368722950386,1.0586576621722594,0.6869974413465043,0.8244479486996001,1.3072805626160973,1.1126567353331247,0.9718789258370369,1.055306359427433,1.0223170559783368,1.098072312234978,0.9730451781131177,0.8061344421964574,1.068002134789831,1.0700167673236662,0.46630563712307904,0.6562973545757432,1.2428357830978602,1.338906892803031,1.3061590316316487,0.9626370997119449,0.6050641174551452,0.7124051901074206,1.0609509025185528,0.6766395183574578,0.1811938714655397,0.6999080489244944,0.3636321260599192,0.776971219931032,0.23694444424826078,0.23444305949008354,0.5057714216709046,-0.028020250167909263,0.6407934513298563,0.9440766079651186,0.11803773580619567,-0.029816025504592496,0.03179701996969926,0.11721092916415442,-0.010380657344828632,0.6835840577017169,1.338543663164197,1.4839486417695524,1.2201293009897742,0.9618721939865322,0.5780462394896415,0.9049883697511675,0.8054436117329505,1.3750918661024112,0.8870148634836336,7.254328619247669,1.062118517947844,1.4214696128800177,0.7096805792837597,1.3349351742755684,0.8082762347790082,0.3433548297739057,0.9888073149357998,1.3008674448265658,1.1825272203574546,1.3456114316211496,1.041860412907169,1.159228633909597,0.9176599833570157,1.283642067417328,1.290127560857427,1.1397142011959156,1.1221490623330712,0.8678194238711753,0.6425702483672467,0.9211305425335808,0.5316799518712836,0.5124047297677781,0.1251741299334123,0.6829314372780414,0.2410575944830315,0.6368501993739569,0.8792358453815023,0.5456424337187962,0.01648994043331893,0.3312418696701262,0.705479302650275,1.120946281877725,0.7606917383008975,1.1231226544937027,0.5537799895850338,-0.00352767420340236,0.734774424827406,0.053767877097728664,0.020791486677233
ROI_062,0.4084363217845946,0.9217652503117827,0.9791133128158581,0.9460736836230967,0.899129847880468,0.9077871029698691,0.3090610698388488,0.9341254014574252,1.0616761672261876,0.872474574978931,0.9245940230887454,0.7914283837072524,1.2289083126344733,1.041070411370465,1.185735083839451,0.7942249488475687,0.8607762011383145,1.1766268600904541,1.3111944363531756,1.0511241670261373,1.1422965560309024,0.6872636088471036,0.8737127607847988,0.5462133732923987,0.7371969454525932,0.1551033934882237,0.23296869035345236,0.6535047258688375,0.8247260565210368,0.9105740020719946,0.995825510720414,0.7464982994308647,0.43379410848586425,0.8039088038126613,0.3591156023335542,0.2611740317912351,0.3524011344961576,0.4075592879097901,0.6440551891924746,0.36554621335798604,0.20529817663139854,0.27051526553009625,-0.18114599910095447,0.5823867685247762,0.6874068682902257,0.05048853553513161,-0.13298135355145269,0.1624686477144092,0.2320362253038174,0.08271863072289617,0.6645760363107975,0.9666795410372084,0.8452364408728347,1.050994379336626,0.8812693251034444,0.9834764808062978,0.9304352533999843,1.1156975802434526,0.9238096312250865,1.0669828523925116,1.062118517947844,7.254328619247669,1.3195465653386844,1.1025556988246585,1.2503147597007742,1.196372488865284,0.4999578862983108,1.39104442259227,1.0124529639793425,1.226615343611145,1.083550465923697,0.9737006940324621,1.0190246248679502,0.8992834528348058,0.6347387657726103,0.6694084196994929,0.8706782985488163,0.5806316936477148,0.6591679144925422,0.7077394337937449,0.507042050908172,0.5592850092958975,0.18182722291822576,-0.11739932724532352,0.25836354471426176,0.16089885723412445,0.37886726516245983,0.4354987032242001,0.4480265255699942,-0.0758437471562888,0.33494870335900656,0.8893557120681468,0.6803518234197818,0.6309252117277209,0.6707553699026148,0.589625279150663,0.019836480173605606,0.749575702099863,0.27482893321368534,0.06232036462292844
ROI_063,0.5493965745143425,1.4598116683310631,1.091935680095355,1.5222139636704022,1.3934095695284734,0.96731583346502,0.3615358102288911,1.0336831006374942,1.112908388462026,1.2111900433976632,0.9790142310255113,1.0834049635182093,1.1779629493689734,1.048119619117767,1.2619096723740413,1.2683594819371997,0.9842079979612799,1.2384331252364247,1.2981159247993443,1.2846154606462783,1.245192889351742,0.914314291758797,1.0045576611605322,0.782828836013031,0.9069825531469076,0.2565499793944527,0.3873307908764456,0.9611468688862337,1.0423066320183028,1.2518451788685379,1.0988711187902418,0.8798184550894572,0.6178115380825864,1.0531008810094453,0.5824662588280566,0.24835399412452244,0.6180955853667277,0.5034370447931458,0.8383403068130729,0.37535771721713945,0.35004848098742786,0.5088295938391604,0.037726160626649956,0.6701612489024715,0.8815699033805103,0.20096092162080145,0.030606226487864405,0.2017797317941768,0.23501529217254005,0.09665521317655926,0.7275605348501432,1.476995578346893,1.4307785348263926,1.7455770254646858,1.3859626419261057,0.9830944359075666,1.2018225431522458,1.2344239038682092,1.3607119136452155,1.226333110068737,1.4214696128800177,1.3195465653386844,7.254328619247669,1.1874863617945643,1.6655655436741517,1.223152998538473,0.5761101031675223,1.4700609003725469,1.2842275416724342,1.4109559297581133,1.35521721230611,1.1968038073479874,1.4543420936104376,1.1678935469130067,0.9317160735874773,0.9378503943211005,1.2564893473432266,0.8213720343520329,0.7674501864539957,0.7993190320203468,0.8707855982134972,0.8464455776218506,0.40016876213008895,0.14628838133884967,0.45335700148715224,0.41683685172630963,0.5652021177133079,0.7061721107727008,0.5389293844306641,0.08957901866491631,0.4742848598301143,0.9628850310588594,0.9926643404597939,0.8390170907328246,1.0779702552024593,0.6815503008555087,0.13022749478233153,0.9109193563872849,0.22975107458381613,0.0709683287403482
ROI_064,0.19953899991427504,0.8263134338929524,1.014168520434829,1.0870463652827451,1.2704814880489366,1.1902194586937556,0.4122396587345642,1.2992734381666289,1.6391003314660202,0.6882399274238374,1.1008911588756773,0.5548680690320668,0.7315692939270314,1.5131201283135793,1.72406978074417,0.6739417353110999,0.6134394459023278,1.1198211380048213,1.039744838327821,0.8313319527126325,0.9406449632401875,0.5989142117886139,0.8099212458324925,0.30369912889748935,0.3983272952076956,0.023200293637979305,-9.470517663354927e-05,0.5011927761709929,0.5108011461265415,0.7125046840936544,0.7873324155345311,0.933804136943932,0.2315018249606764,0.6544502553079607,0.3793457685877165,0.110142539768727,0.20081811865640958,0.5328453285901787,0.787326017802352,0.44060510992682206,0.21545661136876765,0.30591078272453787,0.13505550161607446,0.38401160933515777,0.5159900888757321,0.241441041522777,0.014703870626738948,0.2786030567502836,0.20494433281306912,0.08155665932836002,0.3481061065238381,0.8968954844947881,0.8314607663307886,1.2199181452184489,1.1586258813880386,1.5257409681651446,1.4066208104604454,1.727176496737861,0.9319013172145234,1.4843243689336203,0.7096805792837597,1.1025556988246585,1.1874863617945641,7.254328619247669,1.0243415766626578,1.7275873232281174,0.6850067154402929,1.5645346324916194,0.8538234790796947,1.05103377255078,0.8655062358222553,1.0797557906998962,1.0421355912985213,1.0159225789804804,0.4714191582976771,0.37891421002407516,0.6492921212098502,0.27430069142619556,0.3276990654161033,0.577415820483025,0.5360629456539765,0.9567744098305241,0.10022469921310054,0.2925236170584016,0.13435495848855647,0.6235197906966955,0.1253330989743668,0.28492178060165674,0.3085102621229822,0.09671285706444986,0.4604391706104381,0.9401279095103379,0.6013206732327404,0.5129966776408729,0.5616278339401548,0.5747485540111813,0.24792148617505338,0.7751079695455794,0.3085188177983949,0.010522231001026599
ROI_065,0.5863640032825755,1.477844360046971,1.1343748104048725,1.3592598401213418,1.2317295237405828,0.8127182032671519,0.26000003599406185,1.0972767446060403,0.9763871961767763,1.4217259015300634,0.8885016834206164,1.2372103375317498,1.2567626315493658,1.0913583425984215,1.2237353060545937,1.3666115996872308,1.1919257742619407,1.3227897627278133,1.529468779681674,1.1868484780964734,1.5269160177926813,1.0229918924544297,1.1382935411089354,0.8924113471532129,1.0247080330178333,0.2984866517402649,0.4693475191555179,1.0120706107885369,1.0944036124902983,1.415356667894641,1.4266043158016848,0.7474142507409288,0.6870804962895434,1.135241967921481,0.663030127250272,0.15235013999264177,0.5529299101407615,0.3502501493854339,0.7560357845463752,0.2703433429593997,0.29947495365205545,0.5033264199964699,-0.02537040519804776,0.7240082056857602,1.0186130387558272,0.1691000221358989,0.01904136081333331,0.23754336447164315,0.1259591028411872,0.032338853390722754,0.759124338617313,1.5054065071470488,1.3553315378064672,1.5048362080358282,1.182840620313157,0.8854868211343334,1.0873486652899274,1.1384302992370465,1.2986993755833205,0.9126267738757472,1.3349351742755684,1.2503147597007738,1.6655655436741523,1.0243415766626576,7.254328619247669,1.2418312502080062,0.4105794238083475,1.3730815009444273,1.3637251285070708,1.608055025634893,1.5235851449950204,1.0739577397219848,1.346912124116976,0.9083431234811402,1.0130340784891643,0.8859294514238162,1.1711565204926841,0.8762552194213185,0.9183383310094116,0.6517770082559219,0.8681548888124545,0.6316267558497712,0.3948042452883889,0.09844679215558155,0.4917621719119362,0.29802746762303967,0.5086302173603708,0.7986224570316701,0.42381636272087003,-0.051811963766349715,0.3658734337245039,0.7315999097153187,0.8509350063150858,0.7128814196407703,1.0544569580004695,0.658509508819561,0.06453157684746529,0.8210732440184295,0.1067263105715411,0.01477416292973132
ROI_066,0.3029366506619949,0.951344097927842,1.219496156217368,1.222240892906654,1.3498294930586994,1.1285909282220312,0.4149373325285941,1.3860888613122924,1.3913741839290692,0.8725909927687812,1.1527097365465575,0.7443506162487752,0.98396410317269,1.8641702919580652,2.273445034794112,0.8321088230002499,0.7915096301193177,1.3042460454124287,1.2869146042121702,0.9316466490077804,1.2904289074744288,0.8069224540900768,1.123472257895589,0.4741946096278678,0.5822212216132555,0.1622721897967088,0.11655234075087453,0.6296028566364571,0.6708947306591695,0.9554592498890786,0.971508308447866,0.8359197176712928,0.3987684165071741,0.8241705480061906,0.5004814273844584,0.08459187941170584,0.23374580281699509,0.47112782366003725,0.8798654035243116,0.4889716700467056,0.26714911777637096,0.4113064646961903,0.12227658599143029,0.43090723259937136,0.6242020448024233,0.18120974456732733,0.0467224344911177,0.34971947499036565,0.194453964077281,0.045811960875976325,0.44500669983173113,0.9353812531584328,0.8587275422650654,1.2600534253419242,1.1234489377031165,1.3974120125466123,1.2237688831621842,1.4785394733985564,0.9247497275159228,1.2032724337744984,0.8082762347790085,1.196372488865284,1.223152998538473,1.7275873232281165,1.2418312502080062,7.254328619247669,0.5783870679495987,1.4330114989508909,0.9055768693668903,1.1717507856149938,1.10360617314134,1.00318036321711,1.070029471478734,0.8795010638584644,0.5447406943215932,0.4310133638095147,0.754883037080404,0.44088285148140843,0.4130056903218529,0.5282717250026916,0.5383927396580256,0.7488446873252214,0.048515877190600444,0.18570737891143185,0.15276902231355452,0.4633918206300084,0.17984462738501933,0.4053211820210823,0.29847642099460836,-0.05061948815887374,0.3760600673128833,0.7702020985414689,0.5215611250786492,0.47096055501381445,0.6160665206012791,0.5359722827113481,0.14812748007999332,0.7641124681694603,0.2586625531691238,-0.022556891642616272
ROI_067,0.43695955369343226,0.30824152873737826,0.4508280269906382,0.4561044385182418,0.7285213162596764,1.1351403227971364,1.0063602127192255,0.32280043612540876,0.6808790966529661,0.17185276388281198,0.6457035708153138,0.16527595157406774,0.3709410599509337,0.5712298797082546,0.6744025373894279,0.28801453915615677,0.02181500937986317,0.42879670094358213,0.3584226886282327,0.9005178506958778,0.29612205302879663,0.11245781625229223,0.4294946835336411,-0.08413266830797163,0.08346139529935973,-0.28704925320280794,-0.2648079289981652,0.1881255593370091,0.17297413584255,0.41469219943747493,0.4433409275822133,0.7077649281255718,0.06257172671794195,0.11120860641716929,-0.11578294156393647,0.6264882820043693,0.3034338873881101,0.9421928294126704,0.364246754237148,0.8409154204802614,0.44382388856595567,0.12446915382193409,0.06522480634903831,0.6319517736256397,0.26027568979790316,0.4884311674471719,0.16152868043011379,0.4700526340786672,0.9840216943251693,0.7787975246218013,0.42367231090174634,0.3541694162288028,0.3001373403424421,0.4673465791770307,0.8178515706559306,0.8837928252510692,0.42127799120130155,0.5116189059233996,0.3266002673389652,0.7687678902980384,0.3433548297739058,0.4999578862983109,0.5761101031675223,0.6850067154402929,0.4105794238083476,0.5783870679495987,7.254328619247669,0.5074844405853303,0.16128565655406166,0.29875444243585614,0.3099689773488771,0.29270655408258023,0.4820796717496982,0.9896273574870573,-0.012443316464497645,0.10575111555004078,0.6990882328636314,0.08362134294653811,0.19925386128853664,0.5647948722696222,0.03854315841424411,0.9115507280095663,0.13592043891588595,0.11206911543531728,-0.23957479328329084,0.6439879556496583,0.2969306329150737,0.1208188616099583,0.6970229063118566,0.6398139910455694,0.7094463939963289,0.8819076461413993,0.5206694266375088,0.4961652285518922,0.3722812673943851,0.7625902695574199,0.8345075350877136,0.8334147971212833,1.302931638183988,0.6717072473123792
ROI_068,0.3134307099847502,1.1276253923169997,1.1228725387960705,1.291433898402314,1.2041368495664642,0.9657138767790703,0.2456885643548075,1.3697722730591717,1.3486307575788161,1.0113265415813535,1.043153622180852,0.8425689416512476,1.017475205118723,1.2969296739486382,1.4154730802118538,0.9361241391586727,0.9700838369531618,1.4337710525098448,1.410265141132593,0.9228917661616434,1.1919816170174882,0.8414543639761203,0.9395384745880242,0.5870112982888137,0.6811770204520172,0.1879569049785544,0.17677199504976696,0.6503708110669831,0.7616927233261733,0.9086894242900105,1.0078728960901537,0.8470164858730622,0.37666329365014045,0.9727565284299223,0.49800443911031184,0.08036654505465238,0.2757417509305943,0.36249227072038254,0.7483231711434327,0.30568360461358046,0.14277931068606955,0.3400223816955248,-0.021439138504013716,0.4290704221858916,0.6391561905591281,0.05917305469697083,-0.11493485882262254,0.10375333285674862,0.10064755568420944,-0.044942132929284694,0.5309160486400202,1.1595261957505034,1.0929899981242666,1.4182415120696044,1.081925099793028,1.160133807030655,1.4151227986242472,1.5202727691126825,1.1313986432357113,1.199952701047492,0.9888073149357998,1.3910444225922705,1.4700609003725469,1.5645346324916194,1.3730815009444273,1.4330114989508909,0.5074844405853303,7.254328619247669,1.2299399862271903,1.5214352465414482,1.088825391770873,1.267714383923177,1.1979787598898448,0.9943714408146258,0.745889999645779,0.6263469058625424,0.8411557293913646,0.48990947475262564,0.5578656123780397,0.6518326681405826,0.7425334768854068,0.7822997537259494,0.1758376172564891,0.1436013995921162,0.3036993040858347,0.38389800372153426,0.2873667783606073,0.42247684289678333,0.35882017647836467,-0.06568912296017838,0.30784423377955367,0.8574315478816663,0.6747673574798071,0.5748613208885373,0.6944121666047823,0.5097330699971399,0.030121550495401,0.7234903628301677,0.18022593312078852,-0.07469900394350162
ROI_069,0.34764840526079865,1.5071070489066891,0.9105798551177923,1.246943422847614,0.8719720121743167,0.4735440478098624,-0.07433839726779594,1.1285197217247114,0.8069090666303005,1.458697714249251,0.7046156080066242,1.155156329191697,0.9389419130249386,0.8221405121284745,0.8516498095567026,1.2065300165065012,1.4806124386764423,1.1645002194133538,1.2045788440601533,0.7221879430027057,1.134446938360441,1.0805074602280573,0.8474379250562232,1.0740908825530984,0.9293790396303682,0.4720616432167118,0.6314893756317927,1.0299958747013729,1.087529295690086,1.025554160916007,0.9109427461400621,0.5480835853074142,0.5301884667698772,1.345988611000028,0.8064351914103646,-0.09500156306091852,0.46561845785656353,0.10183717327319741,0.7102469194075066,0.017540607547462207,0.01729234904388578,0.45775187865228223,-0.04375119456025013,0.35070130082648726,0.7592602533529617,-0.07129367421567599,-0.22446812647293643,-0.13596749092549354,-0.20570627995516902,-0.32284537931703994,0.5216811639374132,1.5355346832061387,1.5171801874767072,1.3333931627750941,0.8062683562308098,0.6439990151984156,1.2283064669548776,1.0451979568187977,1.4860694193522308,0.7684829245052334,1.3008674448265658,1.0124529639793425,1.2842275416724338,0.8538234790796947,1.3637251285070708,0.9055768693668901,0.16128565655406166,1.2299399862271903,7.254328619247669,1.812451067640017,1.2937374825797847,1.4373177389237908,1.1762904892532329,0.7787406465649741,1.433517121116524,1.0248468918107538,0.8096594172033745,0.852578220840667,0.7472671312818745,0.5481110060767662,1.2839095201054158,0.5059218115781401,0.4228770736849102,0.2355445436514784,0.8089931673687712,0.2402032176070901,0.3705901758824684,0.7655279383186472,0.32655663160832515,-0.20461602588627129,0.15861133411451434,0.6029915358974106,0.7884298856235223,0.6467973625295783,0.8852766914384581,0.3348432433811434,-0.2149843471837944,0.6257272475958047,-0.2038262779751245,-0.2927099846948658
ROI_070,0.39495177057475844,1.5426758355894692,1.1062786404548797,1.3461645631163404,1.0544649171651033,0.6846412184215934,0.08787358589987956,1.3435148643484442,1.0354757233843592,1.486640839877824,0.8847225733930577,1.211205275848417,1.2310193376447744,1.1519580707933776,1.1220675163057015,1.2029223059296554,1.4228201730930978,1.6151638943329647,1.6003459982884454,0.9117772467632672,1.3467529861568945,1.0725950689658246,1.095999245124893,0.9504804243983858,0.9845414017147412,0.39757923405277007,0.47090499461303337,0.9036652225771614,0.9692014304251326,1.086531698241987,1.0936748288363984,0.6607795277210806,0.5369892243907718,1.4550661779298164,0.7149882540596534,0.02884863300584243,0.4091300445819886,0.17340389085246594,0.7346934764569695,0.19020137267332904,0.10062680450829929,0.4540772082009906,-0.059926398205406475,0.41297917600517614,0.7993267614558487,-0.0812794794407689,-0.1752482076601078,-0.0026544349266520314,-0.060627772874563446,-0.1880247227735506,0.5981910976715518,1.517004017059235,1.3099549941565776,1.4383873796400335,0.9133847056248098,0.8718162205534971,1.3498169078536073,1.2755462135467575,1.2568273128170748,0.8604016212809559,1.182527220357455,1.226615343611145,1.4109559297581127,1.05103377255078,1.6080550256348938,1.1717507856149938,0.29875444243585614,1.5214352465414482,1.812451067640017,7.254328619247669,1.2824252982320028,1.2558331906779845,1.1934668767793508,0.885869062501388,1.0901606178030163,0.7985898365982198,0.921401342397715,0.7588936039988374,0.7089856469923479,0.5666448569035758,0.947039775082331,0.5642434318481057,0.25865324139510065,0.14412914305771757,0.5362345363648994,0.2053880719271958,0.37580081251208786,0.6514471545291745,0.417646523838336,-0.2303008913450033,0.15497415814221133,0.6182673953637013,0.681618129481784,0.5907638619261044,0.7751971525080854,0.41727234760858456,-0.16771821420148283,0.6634733678104751,-0.0226987044120811,-0.18073170896126506
ROI_071,0.5065536661378859,1.4124115226222442,1.082140415744608,1.275564449761671,1.0099964128176622,0.638251140100711,0.18178739656794582,1.0809565374508845,0.9192544116118185,1.2445907969688836,0.7751027828667786,1.1583985248529212,1.0861676483183558,0.9099302691117677,1.0970973971238098,1.2901800118003013,1.200169183378333,1.174493386250693,1.1380947350219783,0.9735164649152467,1.6297182272395763,1.0229568801997744,0.9241609879801582,0.925822748949611,0.8872189792038725,0.425723442479756,0.6071991542959689,0.9990176632275306,1.2199644770566342,1.250344335537286,1.0011246200932675,0.5268998747071052,0.7234245715668318,1.1941895091497272,0.7463876135100425,0.07837531410563395,0.48409299289865226,0.27611554326668936,0.802543545125457,0.2114068218477528,0.20459058371785965,0.5444751913008432,-0.0017533318456279827,0.5229359634379347,0.8909191287687406,0.08260300283270355,-0.0653467036372094,0.14448867664731746,0.04325226712382792,-0.08082717089796243,0.6448571463390291,1.3263316593992018,1.3718068656602338,1.3603394797349935,1.0097564906891197,0.7755148818813288,1.0892922220535595,1.0373921773506558,1.222018694841162,0.8978436032590525,1.34561143162115,1.0835504659236967,1.3552172123061095,0.8655062358222555,1.5235851449950204,1.1036061731413398,0.3099689773488771,1.0888253917708728,1.2937374825797847,1.2824252982320032,7.254328619247669,1.047243940726572,1.134643955865533,0.7799677093091162,1.094199345359225,0.9258589743598622,0.9461442203344514,0.8468744609128389,0.6563511243245338,0.5090248147191321,0.8754894081856174,0.5025388035397648,0.38023321777219155,0.1731276039473087,0.6199473349910211,0.2711237707615795,0.46620698698726043,0.781799672848594,0.3994003895129088,-0.11561917427179913,0.30510193836699406,0.5778676684772089,0.7746703154608917,0.5881247031216262,0.8931634876606552,0.4958704505973918,-0.049302243789078916,0.7293933396699863,0.0065327374708714255,-0.10943899264305257
ROI_072,0.15974615321091792,1.1129355578735352,0.7737999602065775,1.122285317307338,0.9281989776595431,0.5556386590018937,0.0211927134449654,1.0435350132872296,0.8403300343671802,1.0418737045054394,0.6903806530691149,0.8019995715422723,0.6812327082083554,0.8262886377178686,0.9283180331869865,0.9097287991886363,0.9794393212585435,0.8934594977642047,0.9623076694728256,0.6206106034689278,0.9330587950849234,0.8658664809059317,0.7260956069179865,0.6860197830135767,0.638491487909125,0.3059675444186322,0.3965250871849928,0.8384520027958736,0.8444009375217997,0.8510322924603838,0.7801358823829984,0.6497808843462233,0.35258845656642274,0.9187708837269005,0.6338120784632815,-0.1730440559453374,0.3395262853237753,0.2610572226957932,0.6944565461356126,0.08688995311592576,0.034693806250088,0.4045352899338893,0.03342008635161582,0.29029790828925867,0.5791365195314765,0.07781309832640698,-0.14494934370872717,-0.04278981050557002,-0.13913364467386474,-0.2465312804215741,0.44222008518425926,1.2305588482479954,1.2191903228014593,1.2605300192977462,0.876166644034605,0.7788863652607088,1.2851920025753574,1.0799905190344503,1.5006266058207962,1.059012013720357,1.0418604129071691,0.9737006940324621,1.1968038073479872,1.0797557906998962,1.0739577397219853,1.00318036321711,0.29270655408258023,1.2677143839231775,1.4373177389237912,1.2558331906779845,1.047243940726572,7.254328619247669,1.2190734171190718,0.9339392073689387,1.1052848716666324,0.9113347140538753,0.6390495689161785,0.6407686446237736,0.628337536594914,0.6218481946175648,1.1284178798685391,0.6685827815481559,0.38916709647814884,0.37789740448535586,0.6626137827096938,0.49248346985719255,0.2428656610351855,0.5967044871837245,0.182382374504047,-0.024119664281032543,0.3253218235522492,0.8099714670010377,0.7950873857128767,0.669893679907322,0.892388841772882,0.36748856868980934,-0.03569469237176422,0.7158938181926588,-0.09121847337126304,-0.28000203148693026
ROI_073,0.483297966824482,1.295541787694812,0.9556645461523429,1.256504737623771,1.1558955399605484,0.7515301617495223,0.29789171014428195,0.9377666498739369,0.9065776443039191,1.0762737039086623,0.8341623675971858,0.9538183770186558,0.9388189948061435,0.9503823047155332,1.0415851524717663,1.180856918073983,0.9775749740055738,1.003302682850496,1.1937467120127534,0.9191968812915478,1.0096730401958092,0.9544124592913833,1.0355570868233759,0.7391166218800236,0.7118072344455074,0.23783902496686823,0.3428315081869702,0.8438082991196031,0.8934670083592441,1.0938467076569844,1.0213998563547724,0.8429012059259586,0.5598945647955889,0.9702848534134244,0.5857858203339221,0.10421668555757983,0.5400618084229715,0.5102372398848855,0.7861936329816207,0.30654304632748103,0.3578023900522981,0.4656228757351578,0.09076489279054402,0.5998568805590098,0.8140820740671608,0.23041197278785364,0.05983400725067985,0.19129875174698038,0.1564508599846694,0.07640170964748007,0.7494693466268005,1.485966559656821,1.3367779330505616,1.3854062611680944,1.0967251493689483,0.8575392037490296,1.051081116117182,1.0211883199079508,1.2124592261677005,1.0240888103499517,1.1592286339095967,1.0190246248679502,1.4543420936104372,1.0421355912985213,1.346912124116976,1.070029471478734,0.4820796717496981,1.197978759889845,1.176290489253233,1.1934668767793508,1.1346439558655335,1.2190734171190718,7.254328619247669,0.9951625751158644,0.9499263886075148,0.8591204341841112,1.0241153937939933,0.8203283555476613,0.8230802046036395,0.8143683995177071,0.9266322887350174,0.7720192760187319,0.5401506654638855,0.25344399347168667,0.4900854626750257,0.47758279595639985,0.548032918227134,0.6458269586472216,0.3285921390358878,0.17461772183189112,0.5834265131649353,0.8677513823902009,0.9270479521967764,0.9073556516082112,1.0744741405055653,0.5721918934498084,0.16317401832477615,0.9005635630018424,0.13444212190833982,0.05580278487577413
ROI_074,0.4528099590435431,0.8331475853331999,0.7281531149965417,0.9110564671867064,1.0297751061085807,0.9823899873850941,0.49532526494960705,0.6902644859900138,0.9283881912450321,0.7217229645709726,0.8480727542999892,0.627728297196883,0.7146178595969334,0.8222029298696262,0.9662328780215041,0.7252942855063582,0.5355155477217867,0.8412073857842993,0.7619591247739603,1.2009803738525333,0.7039254964580399,0.5179118178730296,0.7387333605500561,0.3977898441593056,0.5265828969169274,0.07105763936886929,0.18194764639902458,0.6932032097875291,0.6606069980260242,0.8424111007591104,0.7342334028602644,0.82837209571956,0.27221659321498587,0.6037507244169512,0.28741838895930255,0.40377543643795394,0.573564770771322,0.6503353187544031,0.6226211291340338,0.5284798584312713,0.28850438953764623,0.3728808631477459,0.01905803301051595,0.6480929407240673,0.5943322573432097,0.3018956935094178,0.0013724765650588947,0.19588433319131135,0.42029065545398286,0.2912731147632815,0.5682085456285046,0.9248868823396224,0.8618975401837088,0.9686575291599698,1.131511311114682,0.9727796685178294,0.9332901353121061,0.9362222517134491,0.9771200453950739,1.1930207744704582,0.9176599833570155,0.8992834528348058,1.1678935469130067,1.0159225789804802,0.9083431234811404,0.8795010638584644,0.9896273574870571,0.9943714408146258,0.7787406465649741,0.8858690625013882,0.7799677093091162,0.9339392073689389,0.995162575115864,7.254328619247669,0.5701016264339135,0.649797237748318,1.0553736691310858,0.49923587241633915,0.5717360767107532,0.7482227719496586,0.563939151651478,0.9941660384517941,0.39645970920402646,0.24412881733904834,0.3038260704633838,0.5700504864686193,0.4578012415755896,0.5218523640330096,0.8065856522506633,0.37040526157261733,0.5682243572999481,1.1635517855664965,1.0242265414381944,0.7550668203812377,0.8274489195798826,0.7291040290058802,0.3792462922750726,1.0583918647028705,0.48590764935671854,0.28293017113433605
ROI_075,0.3668596517998193,1.2832179623390545,0.6089281712061827,0.9608407494328804,0.6314465427014143,0.23053506432946375,-0.17769934891203318,0.6912591537227623,0.45518852797066695,1.3052507198775039,0.4158784214523176,1.1498039572700542,0.6977861054140283,0.45228077565564534,0.511350261580913,1.2199580670465944,1.3143964334375318,0.7222525094970226,0.8053602876248489,0.5361136449806347,0.8615241177737321,1.0006904123018798,0.6060526509217586,1.392774228741574,0.9714812308989342,0.6111005069192275,0.9195861817997971,1.100930755138283,1.2390510042167362,0.9248243233956003,0.7562101714360214,0.2996474126666663,0.6255233105185621,1.1937142224157873,0.8933011085568761,-0.14097111615327354,0.545512996052119,0.016005187456349053,0.5485246681570914,-0.15172522874151081,0.008526078358080476,0.5127207377811592,-0.026090312565174946,0.3127883422243791,0.7508477404659677,-0.07786297574596628,-0.1823092492765536,-0.21012008265937057,-0.27447931849098534,-0.3664634222048875,0.517352724181601,1.2713825987088079,1.454040605380972,0.9991528649697101,0.6343818374696713,0.30383621379950676,0.8436326946199127,0.6289134924228149,1.2733698804298828,0.535363508241601,1.2836420674173277,0.6347387657726103,0.9317160735874773,0.4714191582976771,1.0130340784891645,0.5447406943215931,-0.012443316464497645,0.7458899996457787,1.433517121116524,1.0901606178030163,1.094199345359225,1.1052848716666324,0.9499263886075148,0.5701016264339135,7.254328619247669,1.2935543020534177,0.7097073867170466,1.025901189193555,0.8381997667525796,0.39100151933040217,1.433304089445031,0.29490757310303534,0.5943296319105064,0.31477796028954563,1.1452306419312341,0.14419077215322765,0.46877596204578614,0.9007470272607543,0.24686656658372655,-0.17048080356952885,0.10677154938705401,0.4004402167570542,0.8056459157978361,0.62641183718041,0.9886977146332125,0.2579752491408396,-0.2623374633926343,0.4822472936392159,-0.3459570339060759,-0.3344511293723979
ROI_076,0.5005977856413577,0.9526333313309524,0.46604082653181217,0.7434288943253925,0.5484645380647474,0.23712883474851945,-0.03424296229048125,0.4169315885493704,0.3393542929981409,0.9934973383858458,0.3583728003265498,0.9213999043746979,0.6618395414539565,0.32120044447639884,0.42741429235648937,0.9833330786549385,0.8693159213399112,0.5251541606340551,0.6094838667690743,0.6091799426957447,0.6800040930782022,0.7653155569509988,0.5397194388437914,1.0021436229006584,0.9110358177861901,0.4599421599033328,0.7869986276412446,1.0577670278835205,1.0872868536492497,0.9034623679766284,0.6033405400766461,0.42315077243971094,0.6841588074273854,0.842371302950668,0.616163104008267,0.0570581599179009,0.7316126193891652,0.19998555469870657,0.42984303800333085,-0.002971272400188606,0.1408887987970104,0.4295536323189408,-0.08260844928633664,0.47531895582748085,0.7302675875048357,0.06139952563998282,-0.05810690711573762,-0.07485765347322865,-0.02515590093319494,-0.11501875575742075,0.7062288994502025,0.9662305270732109,1.1052256948729664,0.8083271728679186,0.567045102255631,0.26830901650048733,0.5508702637609353,0.4350128674537425,1.1456307750536265,0.5655385416298512,1.290127560857427,0.6694084196994929,0.9378503943211005,0.3789142100240751,0.8859294514238163,0.4310133638095147,0.10575111555004078,0.6263469058625424,1.024846891810754,0.7985898365982198,0.9258589743598624,0.9113347140538753,0.8591204341841112,0.649797237748318,1.2935543020534177,7.254328619247669,0.7913348016049234,1.1280717030177956,0.9845988445987723,0.7192549681424909,0.9927278659702546,0.33363298890281434,0.7200024415137908,0.10093298121802344,0.9588759210423051,0.13339002441813277,0.7015579702362651,0.8748902841995212,0.3209465498369581,0.022056811993391306,0.29794782836696365,0.5586551064169201,0.9222547921896083,0.8471794912509619,1.0933895856695472,0.31960651131192047,-0.11200725039622593,0.5844282069078781,-0.1404678541691002,-0.08728166917922278
ROI_077,0.9603166693689287,1.1478882703006759,0.8536808561556885,1.0835788723752058,1.1094858295552839,0.9002819423443076,0.5678972665721165,0.618719462057011,0.7117201040526656,1.031257703306856,0.8062401052722501,1.047958563074014,1.1304760625395396,0.7194186658978171,0.8166346173002162,1.1930342309152493,0.7755241101893326,0.9270998872674417,0.9791284375883308,1.5944466689717371,0.8912584953635807,0.7835436262454251,0.9717250386864613,0.7623312118828038,0.9503148741078337,0.2718285249687198,0.4392894372636346,0.9283302729636785,1.0239103125032367,1.1943129412661404,1.0398183097936087,0.7660471716604648,0.6835194983927625,0.8358763068934166,0.45839879603492867,0.5071721202084974,0.8273579102623818,0.5869523795881346,0.6714705681651975,0.5407226893425797,0.5307766187162672,0.5468688372528898,0.03447779776228607,0.9685218352843513,0.9195660327545556,0.24229894921141049,0.1344881964379019,0.2720772996824636,0.5007926229412358,0.34963054249168446,0.8947974531501034,1.0849282697428682,0.9918271826507324,1.0532462974343764,1.1425094114871408,0.6804108632356056,0.6889910517345202,0.6991240624848911,0.8613086431027471,0.7415804300974186,1.1397142011959158,0.8706782985488163,1.2564893473432264,0.6492921212098502,1.1711565204926841,0.754883037080404,0.6990882328636314,0.8411557293913643,0.8096594172033745,0.9214013423977152,0.9461442203344512,0.6390495689161786,1.0241153937939937,1.055373669131086,0.7097073867170466,0.7913348016049234,7.254328619247669,0.9370240540948738,0.855554666232988,0.7366382066417966,0.5876328655782652,0.674259588093452,0.4533379942026155,0.033453768916930214,0.3431176517693156,0.2911002224112338,0.8469767186243955,0.7844405422147988,0.8067998218462582,0.20705372751233694,0.4360983221306649,0.8026248394029535,0.9226306214757589,0.7692573061752541,1.0072525790621467,0.739019121849772,0.252964797553567,0.8390872727191248,0.4401306133569635,0.3589651884262168
ROI_078,0.690146288087293,1.0175991758789786,0.5833643208272699,0.8026846822090138,0.6303802062509944,0.25417879730468435,0.11030656586573921,0.4123654358646889,0.25747060140288097,1.1448558660416235,0.38736304915053055,1.1355564222472307,0.8475521035134049,0.3685855501797355,0.4337242442607135,1.0869743028816872,0.9074417885052378,0.5709608470631856,0.7487307981313259,0.6893201059751587,0.75998561224251,0.9187010649630578,0.760802431008757,1.1169642754839797,1.0726985286858721,0.5316487021855207,0.8268786157902556,1.216303656092323,1.0698072990148508,1.1310267872368638,0.7826879714283507,0.3852891282247381,0.8226459197677674,0.8349314556254727,0.6415695204759095,0.05418508415695126,0.7480569895190966,0.19113750110921837,0.5117360632940597,0.13847479912545008,0.31759209961340445,0.5586225848547901,-0.032113890660178786,0.6468192952242687,0.8361537669465507,0.0872361056532054,0.0992492863602909,0.06585107661384602,0.023326833157150145,-0.02195033382412283,0.7574012790621584,0.938907219688961,0.9152413187389729,0.7400401373529153,0.5734531536946066,0.22326178461927093,0.4169943313010205,0.3209811296852371,0.8357891472558188,0.37114166793379744,1.1221490623330712,0.5806316936477148,0.821372034352033,0.2743006914261956,0.8762552194213185,0.44088285148140843,0.08362134294653811,0.48990947475262564,0.8525782208406668,0.7588936039988377,0.8468744609128389,0.6407686446237738,0.8203283555476613,0.49923587241633915,1.025901189193555,1.1280717030177958,0.9370240540948738,7.254328619247669,1.0012650178142974,0.490601321576264,0.7668923980811113,0.27018831496151335,0.536994709715958,-0.025477853843474535,0.6763720581488073,0.06913141009415105,0.6864368600913524,1.0519820400673092,0.3131550017774896,-0.06225908415514941,0.2447193806559041,0.36281040711930596,0.6726381380409191,0.6272571786118502,0.9857223212958722,0.33096040342710287,-0.09739938987084187,0.4903879491840396,-0.09828171835583645,0.014496284373275634
ROI_079,0.6069766523988266,0.7539173076869959,0.38370968851176396,0.5680144735842407,0.5147747325287411,0.3158049936963754,0.08177490864991632,0.28925495856582284,0.21347858086277124,0.8400659614115541,0.25317919403953015,0.7452284994285616,0.6715241169041556,0.32320182668736863,0.39691845808097564,0.84560247879945,0.6961799101567758,0.45866603170031145,0.704880604136478,0.6958111361234393,0.5843696864979846,0.5474582310548796,0.5983598182811555,0.7597894743076204,0.842902304346313,0.10305538524577858,0.46612981582699536,0.800021424437212,0.8609311563660799,0.875533876301399,0.9904542003246308,0.3999665730784588,0.5764545376766897,0.5759707076641526,0.3379240429307887,0.14699429704186656,0.6733068791091044,0.22151793489791433,0.24925633879316278,0.007753046646138186,0.2661162240833087,0.2433270253085684,-0.26740093912941915,0.8127641377627927,0.7087756303501472,0.18750237957644952,-0.02185816766929305,0.07530236160521908,0.13112980117703776,0.11206610641291206,0.9550099877245857,0.8461822890426719,0.7819256128969947,0.6267089010809768,0.5640004001323425,0.26342234396885583,0.35211262694728596,0.35465089105515124,0.7900680053437513,0.335436941335691,0.8678194238711753,0.6591679144925422,0.7674501864539954,0.3276990654161033,0.9183383310094116,0.41300569032185286,0.19925386128853662,0.5578656123780397,0.7472671312818746,0.7089856469923479,0.6563511243245338,0.6283375365949141,0.8230802046036395,0.5717360767107532,0.8381997667525798,0.9845988445987727,0.8555546662329883,1.0012650178142977,7.254328619247669,0.6744890139612112,0.7153723681641635,0.32814756018764224,0.6951716920464479,-0.11953191581285902,0.5411102740328742,0.04866238980489457,0.7142854887361291,0.8574571955142954,0.24397551621496008,0.08822387427349836,0.43623915811743075,0.6110735235938104,0.8243524775710757,0.922155397629215,1.133642353169305,0.5296752348838225,0.09914976882758238,0.6523977148293411,0.03554257426398674,0.15521635104930026
ROI_080,0.49700688137231847,0.54974252220007,0.3925416904653248,0.5668306334425467,0.6281120494996092,0.5870508122060618,0.39219137238796997,0.3499767398879392,0.4739739530879122,0.5148328488827935,0.5249334987814682,0.4864920157299659,0.5748891426835276,0.4888449253214528,0.5272590503041752,0.5827915764170711,0.42304633010525267,0.4781172638669109,0.5540281370956364,0.665804200640536,0.42939137539785394,0.450766834127928,0.6267148249134293,0.34904998977072943,0.432395538346691,0.014112173871751043,0.0706552007525215,0.41635856286188333,0.43230973724001315,0.5567563517745746,0.5054436392868805,0.9585892586514541,0.4007093619608019,0.4293934040815754,0.19473095005827273,0.29641663842504384,0.47526544123507497,0.6033746906896572,0.3164043957174645,0.4122705598144682,0.4083103528425595,0.17612957993350878,-0.0020815436896248424,0.5418524026325421,0.4827601620047892,0.26997318904854745,0.171618089852896,0.25705637767720535,0.44033535716350614,0.3462404944907968,0.8262103638915664,0.6031848105864529,0.6070864735349144,0.6577801618926513,0.6016810225752549,0.6096146808693443,0.4206639661668552,0.46667469290257374,0.667050413286525,0.6417140810625678,0.642570248367247,0.7077394337937449,0.7993190320203468,0.577415820483025,0.6517770082559219,0.5282717250026915,0.5647948722696222,0.6518326681405826,0.5481110060767662,0.5666448569035758,0.509024814719132,0.6218481946175648,0.8143683995177073,0.7482227719496584,0.39100151933040217,0.7192549681424909,0.7366382066417966,0.490601321576264,0.6744890139612112,7.254328619247669,0.40501604191326834,0.6158573922683173,0.4508982394343705,-0.03127722998510917,0.1823655575724977,0.29821652166290674,0.6533727625362541,0.3389585193833696,0.31456981685688207,0.3271228301621385,0.5944095318516776,0.9009005780683724,0.6405331933526163,0.9435294978603037,0.649262316622606,0.44224824773721977,0.2909833893059672,0.6771710287788137,0.4210538752256351,0.37170234147549924
ROI_081,0.24474308163369188,1.169928501279112,0.5988221504160051,0.9601616424748928,0.6663258443478309,0.2121959816182255,-0.21589730471538907,0.7252654234360497,0.4371163020254456,0.9867299811492231,0.33322728782891375,0.8215177887620823,0.5196714280371469,0.4423424050787741,0.4991956744690435,1.0006977588292645,0.9780190844549336,0.6364497068453924,0.6651940926027633,0.4428755284938673,0.685346471367757,0.8294027315898032,0.5356712379914943,0.9772581015304393,0.6583612036967168,0.4016703888600086,0.7088372247760856,0.9482209117169471,0.9454594917552502,0.8364779345451109,0.6923923300757726,0.388277547870675,0.46505911651641896,0.9767024869048815,0.794832313919691,-0.2532391285176818,0.49708371567242093,0.04421453992385279,0.5596950380273013,-0.17163422760518302,0.03728954845472701,0.46960832414253595,0.06055793101521986,0.26488499621616257,0.6183928437575826,0.059648012807660696,-0.13404814432357884,-0.20183411832865125,-0.34514589048381233,-0.4291740424934241,0.4037140972034811,1.1759764060637865,1.260298623082406,0.9791863804265541,0.6380765272820986,0.36577672153718616,0.8710272951671004,0.6577734603691278,1.1266234730889764,0.5043398198273614,0.9211305425335808,0.507042050908172,0.8707855982134974,0.5360629456539765,0.8681548888124547,0.5383927396580256,0.0385431584142441,0.7425334768854068,1.2839095201054163,0.947039775082331,0.8754894081856172,1.1284178798685391,0.9266322887350174,0.5639391516514781,1.4333040894450317,0.9927278659702549,0.5876328655782653,0.7668923980811113,0.7153723681641635,0.40501604191326834,7.254328619247669,0.5242933291435451,0.6831023213372367,0.4986653462221581,1.196277394934096,0.43116929619393746,0.3524471468730412,0.9128666491442997,0.15319708692183862,-0.024373540102465695,0.2198724852588738,0.46591093246913867,0.7904566164477511,0.624175578099565,1.0160542829543462,0.26319923947973767,-0.11888081209140172,0.6235989254258403,-0.3536004042504111,-0.41572620726093507
ROI_082,0.3059423989505633,0.6105743862793894,0.6553126231248423,0.796432185840038,0.9998941461500567,0.8809728678237142,0.570650635861784,0.6231686803531388,0.7514643778233041,0.46092712527387253,0.7229054279858818,0.35742012368281606,0.44055521546211823,0.7260081350033828,0.8507349926569662,0.5296136384610655,0.29275708498066655,0.6082103397893254,0.5577234843191303,0.7467481108300272,0.5121496494707038,0.3751775879064406,0.5435694727936262,0.16003628594851224,0.25348266161765304,-0.07689309596138572,0.01552562663488928,0.4851564832623469,0.39184630631394635,0.6214355802193575,0.5731724717936845,0.962649390007007,0.21234698920231604,0.382856451762075,0.2845323262657086,0.23941607923632546,0.45327133731655395,0.7409554963505485,0.6584805414804134,0.5421305864852032,0.471033173943742,0.3260675348517966,0.2854402458861481,0.5676825432646219,0.4848519510575797,0.6299644899461506,0.29897851124530017,0.39979528840023254,0.39095483872420683,0.32746835932489193,0.37758649057048227,0.6627598100891737,0.6159086412709391,0.8309499332527019,1.01235261936983,0.9403364123883831,0.7522596278965218,0.766915421673339,0.7061327861701092,0.8967809441896805,0.5316799518712837,0.5592850092958974,0.8464455776218506,0.9567744098305244,0.6316267558497712,0.7488446873252214,0.9115507280095663,0.7822997537259494,0.5059218115781401,0.5642434318481059,0.5025388035397647,0.6685827815481559,0.772019276018732,0.9941660384517939,0.2949075731030353,0.33363298890281423,0.674259588093452,0.27018831496151335,0.32814756018764224,0.6158573922683173,0.5242933291435451,7.254328619247669,0.42403856424074104,0.4561797658779173,0.15921468161662597,1.1131027111165146,0.35050122927731275,0.4220647760699594,0.4316127218873412,0.5716503439018583,0.7277721857988998,0.989061435726787,0.7209778215052433,0.5492018026606794,0.6916825317091007,0.7423939854823385,0.6641068564011353,0.8936090206960732,0.4689238199022668,0.27296681899505354
ROI_083,0.4586636522341253,0.4397333168649747,0.1286744593881424,0.3090915961359266,0.2265564452206934,0.02634199543136688,-0.014555841612312118,0.0534071322050281,0.03370599568811286,0.36878798527367845,0.026689067567433052,0.31745587345308984,0.139271106150484,0.012776329654244648,0.08790488200351308,0.4671971361496068,0.3055737694901476,0.09816279753737037,0.17336993204441528,0.30838866441697876,0.21734440391164522,0.23188014519725497,0.184627370481694,0.41500649973999937,0.2770823496186434,0.11169001694219693,0.6112044758997315,0.5636374110338308,0.5550203209372645,0.4035884075670472,0.3424066517589825,0.3133490010087488,0.3801361653527311,0.2781275196211479,0.39463697418141697,0.12058456838308071,0.7675974210458381,0.21614298445379382,0.17112776820959724,-0.12432533737156716,0.2527842627645717,0.22466784251706073,0.061905116358665434,0.5380266914325151,0.6096889777926773,0.4485014987521618,0.17706737440464587,0.08739498964876874,0.05252896881708114,0.11370618361459076,0.5092227898126466,0.5405762922800506,0.5822450746330986,0.38560557467083517,0.3545013147189046,0.02397758293168565,0.22807215345128615,0.14872911370008396,0.5930711311162487,0.20003687080425142,0.5124047297677781,0.18182722291822576,0.40016876213008895,0.10022469921310057,0.39480424528838903,0.048515877190600444,0.13592043891588595,0.17583761725648916,0.4228770736849102,0.25865324139510065,0.3802332177721915,0.38916709647814884,0.5401506654638855,0.39645970920402646,0.5943296319105064,0.7200024415137908,0.4533379942026154,0.5369947097159579,0.6951716920464479,0.4508982394343705,0.6831023213372367,0.42403856424074104,7.254328619247669,0.40031339969145247,0.8741804309436261,0.3868166729332171,0.6455549394344934,0.7406494656021704,0.227540322227906,0.4930989892102259,0.6091163709906483,0.43277591329270837,0.8538266938680193,0.7568412191113162,0.8587700881057264,0.5031160302219447,0.34753384787751573,0.5296059464340841,-0.09490078086147094,0.13186892215299392
ROI_084,-0.06406438833563828,0.2577572786861538,0.17493945133479877,0.3608059702445745,0.328947589512316,0.12597849868734579,0.030425270708126423,0.3370088170604589,0.2417570215952564,0.1756232557432163,0.23457727315302193,0.12035100381942232,-0.14416356767749716,0.2024025729641185,0.19344133654944362,0.23536780397356927,0.15569020042200699,0.10751666441058431,0.01778995087087881,0.002303515483244976,0.10960224517750927,0.23940818401845174,0.045663148992206,0.1443208438068817,-0.06309720792803451,0.2662849730809903,0.23766263687420486,0.22643125036443595,0.1541977094599098,0.088176139860871,0.060269578534874815,0.20619090506979135,0.008750350431666233,0.2049900798705973,0.515552945934898,-0.2717483148329341,0.1338988335481128,0.0992909668208335,0.38120822433048684,-0.03199518919474532,0.07874971859720754,0.4177440506059184,0.6825665703958268,-0.08592088690654666,0.2170385288761979,0.29344619696623025,0.22245039457047686,0.08742303494587046,-0.17476939942497938,-0.2014637708587986,-0.15474282493945093,0.2697154038020791,0.3637026837400932,0.36615866054416535,0.34518099025792043,0.18660689721744494,0.4602529652306357,0.32479481170140395,0.40410163435435825,0.28576536726183416,0.1251741299334123,-0.11739932724532352,0.14628838133884967,0.2925236170584016,0.09844679215558155,0.18570737891143185,0.11206911543531728,0.1436013995921162,0.2355445436514784,0.14412914305771757,0.1731276039473087,0.37789740448535586,0.25344399347168667,0.2441288173390483,0.31477796028954574,0.10093298121802344,0.033453768916930214,-0.025477853843474535,-0.11953191581285899,-0.03127722998510917,0.49866534622215797,0.4561797658779173,0.40031339969145247,7.254328619247669,0.4303565375445779,0.8181903590701968,-0.11767889838926304,0.2881552286307487,-0.009971886057792489,0.2940222210280307,0.19556530714809855,0.16161362041978936,0.28501883549812385,0.1301921036713823,0.2892366261264115,0.1988820304879309,0.2736462237615164,0.1723953599705694,-0.1612406193734387,-0.2485331046942521
ROI_085,0.17779253242272042,0.6773817371398442,0.2567866424065225,0.4604141124957185,0.2140797230863618,-0.15026561418079526,-0.4576676414525263,0.3225244249075518,0.10257342819326074,0.6368047858539838,0.026906295541963134,0.5560856011690145,0.2595135596579046,0.07686187759729228,0.12938569183549584,0.6041448178679405,0.6811910680602448,0.2929357136299414,0.2857804670877763,0.1879670923719377,0.41570132127449294,0.4852158771253939,0.21355667091790367,0.8113037887460915,0.4987208333826346,0.48759131417686685,1.1811400079078107,0.8043372682461508,0.8525530448294081,0.49949310138056374,0.3230245430541926,0.07567870222726684,0.39800654527037843,0.6545134382983144,0.7145924297075851,-0.22404749241778568,0.5154241736095632,-0.17856041954147023,0.2620671117161159,-0.42760067249950695,-0.13020767300576425,0.3854641951907196,-0.037155705741277766,0.14379481130079014,0.5272909165124423,-0.04132882618856907,-0.19057734271373847,-0.32321619681062413,-0.4969287285942784,-0.5276831618515122,0.2507070590253991,0.708255877438411,0.7815227095134468,0.5090270440719177,0.2589517683673234,-0.0012753399534072471,0.47588759344423087,0.2998075062392918,0.7445103091488128,0.1952235607556783,0.6829314372780414,0.2583635447142617,0.45335700148715224,0.13435495848855641,0.49176217191193616,0.15276902231355455,-0.23957479328329084,0.3036993040858347,0.8089931673687714,0.5362345363648994,0.6199473349910211,0.6626137827096938,0.4900854626750257,0.3038260704633838,1.1452306419312341,0.9588759210423051,0.3431176517693155,0.6763720581488071,0.5411102740328742,0.18236555757249767,1.196277394934096,0.15921468161662597,0.8741804309436261,0.43035653754457787,7.254328619247669,0.1641709369202698,0.3551154745754482,0.8716967440925832,0.14428132784344386,-0.08026563970398526,0.05938492212638965,0.19910358368528625,0.6496211010959215,0.4135038598565624,0.7139910150130065,0.1122639369172237,-0.2514462131015283,0.37016789935011757,-0.6058035304269619,-0.4827346834601042
ROI_086,0.04630397724904273,0.33360430009363606,0.37616359949573674,0.4937982808726568,0.6690605171716222,0.4993123554756231,0.385558774271648,0.42020377144517324,0.4604958708416057,0.15695451883101805,0.3882441301517893,0.0692312442876194,0.01744339430129964,0.3950857568415492,0.49645208606307634,0.2614925759676928,0.02805298004431469,0.2362485775153042,0.1831203815899753,0.32916638623543576,0.22312697260045952,0.17632014372266314,0.22085376568316187,-0.06458097681827588,-0.09685990081377134,-0.14619060917699733,-0.06317350626160197,0.2891229222854341,0.1536956580773281,0.334040545582804,0.27209032863159666,0.592339309786187,-0.013242465081110972,0.08656335843769153,0.16902945000041072,-0.07184461992714525,0.2026165102744547,0.6033545007449858,0.4895562021563835,0.34568931412445414,0.33026706077404033,0.23781713095598234,0.4251971340117197,0.28591846595202014,0.2108153902522604,0.7627708691535314,0.33802243409595295,0.34169592306268287,0.19133095494036967,0.1858625607148249,0.05854146852569203,0.3957113673855884,0.3686055092698439,0.4966345057782577,0.6814586389841537,0.6241843902651112,0.5329590428812655,0.46817498609796115,0.46008186989063954,0.6109999001007481,0.2410575944830315,0.16089885723412445,0.41683685172630963,0.6235197906966954,0.29802746762303967,0.4633918206300084,0.6439879556496583,0.38389800372153426,0.24020321760709007,0.2053880719271958,0.2711237707615794,0.4924834698571925,0.47758279595639974,0.5700504864686194,0.14419077215322768,0.13339002441813277,0.29110022241123373,0.06913141009415105,0.048662389804894575,0.29821652166290674,0.43116929619393746,1.1131027111165146,0.3868166729332171,0.8181903590701968,0.1641709369202698,7.254328619247669,0.011252349637654636,0.319014981650436,0.09024900653230286,0.6737611948892188,0.7132597479046715,0.623774256156725,0.48576417414121487,0.3141128586661016,0.4766157452143496,0.47689221649474045,0.7675561704802653,0.6674926411317419,0.29081090260020076,0.08923188040322087
ROI_087,0.7467521682194289,0.560954730125231,0.21673364044258436,0.391532762985923,0.3478849487253909,0.28290074503828777,0.32711734604981363,0.07002517390327286,0.15293848984250571,0.5287602698851909,0.2722447648286309,0.6180515755877958,0.6227531746742494,0.18169070649529487,0.23266378018200293,0.6330863058021228,0.42240650927250417,0.32800351576189435,0.40345605361230086,0.6650592227886649,0.3775197018207415,0.40288355401293746,0.448200327943009,0.5707213994289203,0.6625866019774559,0.2275953430075465,0.461866651098578,0.5411041440057609,0.6394956989100264,0.5746353266200304,0.420980475595547,0.4366330951151261,0.7698345268003344,0.4802389810417044,0.30558921191982247,0.5961594425474208,0.8978894746576773,0.4374999790241728,0.279037024898003,0.3163764429712863,0.5535190749744671,0.35886807503651313,0.036563232273501396,0.6641458156644225,0.6561265321744181,0.21954233355377384,0.2447169043208261,0.22818685607587863,0.4306210819540095,0.4256525807936688,0.7980811980230861,0.5069437366988689,0.5549090670313764,0.42872567228531966,0.4371741049695541,0.16226682412466933,0.15915884741095582,0.17495254879354372,0.4140263980517584,0.2756680607713561,0.6368501993739569,0.37886726516245983,0.5652021177133079,0.1253330989743668,0.5086302173603707,0.17984462738501933,0.2969306329150737,0.2873667783606073,0.3705901758824684,0.3758008125120878,0.46620698698726054,0.2428656610351855,0.5480329182271341,0.4578012415755896,0.46877596204578614,0.7015579702362653,0.8469767186243955,0.6864368600913524,0.7142854887361291,0.6533727625362543,0.35244714687304124,0.35050122927731275,0.6455549394344934,-0.11767889838926304,0.3551154745754482,0.011252349637654637,7.254328619247669,0.5611879293172044,0.5828294156092212,0.3564709870715394,0.3841200346179127,0.40741862798367295,0.730038832849451,0.6743322701893119,0.7039053995825422,0.421133431647161,0.17188819340575276,0.40173188344663535,0.2638951900429695,0.5114374476149671
ROI_088,0.6187351424444154,0.9150629292060509,0.5257989526268283,0.7722027774482283,0.6250478385558697,0.2307910539354236,0.08200436089136377,0.4319939144223488,0.24496006567047013,0.9523316252757899,0.3260595035206605,0.8926427585137947,0.6037282698842646,0.3522192729848817,0.41843106555627874,0.9828763775508274,0.7562141959316844,0.49653984046459837,0.5759190151856374,0.6549482824732784,0.678435881057092,0.7099288037282252,0.5989755594312358,0.9305712555452161,0.8671365004825782,0.42657569792946964,0.9014952649253526,1.2320823783885362,1.017348536233091,1.0497900397799118,0.780576056207559,0.33710163821001093,0.7617745132385181,0.701480003188802,0.7359722433301337,0.02408291293373234,0.7808322689918221,0.15578850336547714,0.6180899466508836,0.07898792169380753,0.3215720251510347,0.633406935563727,0.09950901074470518,0.6501987494592237,0.917863304547342,0.3014261343103949,0.13050865316005966,0.14748878152479872,-0.01929935285480582,-0.08395158768795334,0.5685415535063815,0.8643731242301586,0.8694243444649614,0.717676319194537,0.6681043828407679,0.229199103337551,0.45686004246279194,0.393858586778145,0.8378063155444034,0.3103228287062684,0.8792358453815023,0.43549870322420015,0.7061721107727008,0.2849217806016567,0.7986224570316701,0.4053211820210822,0.12081886160995833,0.4224768428967833,0.7655279383186474,0.6514471545291743,0.7817996728485941,0.5967044871837245,0.6458269586472216,0.5218523640330095,0.9007470272607543,0.8748902841995212,0.7844405422147988,1.051982040067309,0.8574571955142954,0.3389585193833696,0.9128666491442997,0.4220647760699595,0.7406494656021704,0.2881552286307487,0.8716967440925832,0.31901498165043607,0.5611879293172044,7.254328619247669,0.3371228086709289,0.08663540002534913,0.34796199493503277,0.4102109088975991,0.8066804559164122,0.59239563711149,1.1860389936000773,0.5391943287739932,0.1244327484379213,0.6138624210562806,-0.12214570352123269,-0.0361018828936399
ROI_089,0.5419021727569476,0.4436640368648682,0.4209576551615884,0.4187147470807478,0.4145266793318128,0.5828347056078438,0.4504963585009543,0.24795991560860625,0.47989178578823766,0.3720033367725973,0.5103119006076745,0.44571363636110334,0.5684689502074488,0.3552216838981261,0.39364132872929236,0.37608713885227696,0.2624861665547288,0.5221097662020491,0.3552338683895025,0.9165980830681411,0.3542787578246663,0.21712960116350102,0.37133530107458884,0.3164426189240453,0.43365807825525166,0.14243684541612367,0.25189808489590915,0.37136557192179726,0.3985037381856962,0.4661437007919618,0.30938330083483734,0.33945039115139897,0.24853404618463232,0.3857916533315594,0.10412006471881892,0.8882255231551132,0.6185604245003798,0.41505629605597144,0.3646055784124978,0.5359568737135092,0.2579648079330771,0.30209281718359493,-0.04279103423468509,0.5059429658024561,0.4177157353763691,0.07709489449487238,-0.016585563177541108,0.08406693562644203,0.509183039792667,0.4019823930562444,0.33663480085045216,0.41274603725692394,0.3796703640753974,0.3793076484378576,0.5093466731069427,0.4236922239688995,0.37708267182086214,0.37990734370536694,0.3242195562134284,0.4261691117275415,0.5456424337187962,0.4480265255699941,0.5389293844306641,0.3085102621229822,0.42381636272087003,0.29847642099460836,0.6970229063118566,0.35882017647836467,0.32655663160832515,0.417646523838336,0.3994003895129089,0.182382374504047,0.32859213903588774,0.8065856522506635,0.24686656658372655,0.3209465498369581,0.8067998218462582,0.31315500177748967,0.24397551621496008,0.31456981685688207,0.15319708692183862,0.4316127218873412,0.22754032222790602,-0.00997188605779249,0.14428132784344386,0.09024900653230285,0.5828294156092214,0.33712280867092886,7.254328619247669,0.27293837701728896,0.14369029542532039,0.4503342901773031,0.5957920092898686,0.31032812635678925,0.3422809964525133,0.4954918557338222,0.21977011171707903,0.507464564075733,0.5327362374460811,0.4889421336934534
ROI_090,0.19863693384254005,-0.07427642307004426,-0.11996091398341292,-0.019956735184275747,0.15191404369463168,0.27701893249774057,0.6174987647649075,-0.24228634691868806,0.027988781010110365,-0.21084861640112956,0.07332852182602723,-0.20018922037396256,-0.16782544312804887,-0.08335543939730841,0.015396241566678705,-0.05631964581045926,-0.35242700615960815,-0.22715092178346113,-0.18822586536398642,0.24854321541706897,-0.22809117412460395,-0.22895125335765867,-0.08367242013031734,-0.29920565319571407,-0.25809093782660925,-0.4047962040740395,-0.19615656162908288,0.01777546852904792,-0.10112158225471524,0.04539215797666936,-0.02611170825263439,0.3301109206486395,-0.032185859709246936,-0.3356645990747768,-0.24509263457528738,0.519946540673447,0.38246941431844234,0.7579132649372807,0.10369303922263207,0.41146334622915104,0.6339147522735702,0.0409599409074436,0.324725700145728,0.4866142814850916,0.10313041252222395,1.0487362502329478,0.539368222962434,0.46761598495408724,0.6680169914555987,0.8806071065270671,0.10557256644932721,0.00040005806802179144,0.014140635923508595,0.01724140564795249,0.312148192050844,0.15103792991968742,-0.06881850703386902,-0.019100656902695023,0.03075150363161988,0.2558117824902207,0.016489940433318934,-0.0758437471562888,0.08957901866491633,0.09671285706444986,-0.051811963766349715,-0.05061948815887373,0.6398139910455695,-0.06568912296017838,-0.20461602588627129,-0.2303008913450033,-0.11561917427179913,-0.024119664281032543,0.17461772183189117,0.37040526157261733,-0.17048080356952885,0.022056811993391306,0.20705372751233694,-0.06225908415514941,0.08822387427349837,0.32712283016213844,-0.02437354010246569,0.5716503439018585,0.4930989892102258,0.2940222210280307,-0.08026563970398524,0.6737611948892188,0.3564709870715394,0.08663540002534913,0.27293837701728896,7.254328619247669,0.8818283051841153,0.4919915172994776,0.5346016931770269,0.4176567087988999,0.31584759931252915,0.4956533020299601,1.2418302183849566,0.3950256615165655,0.6044600825592671,0.8062218132072229
ROI_091,0.4144381737774809,0.26259932204053216,0.2426734392704932,0.3027834746763272,0.48889783183063273,0.5038221532256305,0.5700536594220652,0.13077643209303563,0.3158467363482773,0.12350649635932781,0.25403778647346187,0.06352595483073184,0.15269310690400448,0.30494462902077063,0.41351923238209987,0.2804005990653553,-0.02455016329846714,0.13891616694718562,0.22457498191364583,0.5070409583559353,0.21797418841445354,0.028453933399845147,0.25107848704915836,-0.0697454728526158,-0.009979133226524323,-0.42710273516878927,-0.12387892868182931,0.2522975216809693,0.1991960551682519,0.34511071477674504,0.4024497081376181,0.5518407847926008,0.1690416851412454,-0.009307270485642468,-0.05432513529082679,0.285832967600505,0.4191240978180346,0.7752642013420582,0.24599984983942344,0.36874268585134107,0.49046509473976546,0.002740207228752285,0.05822882828958933,0.6679309529119436,0.33624229596902044,0.8431591197667586,0.318618406252758,0.5265466067323203,0.5640994540686693,0.5997101525594387,0.5129718865294611,0.39018003792320854,0.36391094400848445,0.3942130447104372,0.631611166517709,0.4820531198661046,0.2480785037891535,0.3105821708144514,0.39919662546601903,0.49862364666802206,0.3312418696701262,0.3349487033590065,0.4742848598301143,0.4604391706104381,0.3658734337245039,0.3760600673128833,0.7094463939963289,0.30784423377955367,0.15861133411451434,0.15497415814221133,0.30510193836699406,0.3253218235522492,0.5834265131649353,0.5682243572999481,0.10677154938705401,0.29794782836696365,0.4360983221306649,0.24471938065590415,0.43623915811743075,0.5944095318516778,0.2198724852588738,0.7277721857988999,0.6091163709906483,0.19556530714809855,0.05938492212638965,0.7132597479046715,0.3841200346179127,0.34796199493503277,0.14369029542532036,0.8818283051841153,7.254328619247669,0.8234130725255155,0.68705802632709,0.8179177505712006,0.6324809505695382,0.74749608963309,0.9305673223766808,0.8127114511041775,0.5214970677014286,0.5200613922209848
ROI_092,0.36641548100388927,0.5846743422540811,0.5189666149524041,0.681503013579564,0.8253577018472306,0.9377248781854718,0.49482789243860503,0.5177674765314921,0.721297890551155,0.4779789369757903,0.6628045694472536,0.3743101497517161,0.5314332884603152,0.6422028382759106,0.806018261208862,0.5200454787870691,0.34939867513326367,0.5792363948122039,0.6347515839337174,0.8947345332366671,0.5166510803176048,0.3123494158717201,0.5078047750323049,0.20699665129747197,0.34401550131682146,-0.18296136191855342,0.02104879347615058,0.4996999455087832,0.5250795018103223,0.624706405111005,0.6687885166208309,0.8547582843883106,0.16044403304596883,0.3397230177444999,0.095232243133097,0.3409247425850666,0.5030417757903972,0.7921502620800867,0.49630911512973414,0.4416388101709547,0.32919621232821755,0.14811565632655435,-0.04800069835414444,0.6662756785515684,0.42937023600196644,0.4870047018181945,0.03266415859666494,0.2256547559698156,0.45637542842901724,0.35533688365878324,0.5295893542697332,0.7005725723174163,0.643061479861049,0.7682574166381944,0.9546661866053034,0.8871637366602296,0.7125881165641677,0.7642824745298935,0.8245958204273472,1.0013542671548434,0.705479302650275,0.889355712068147,0.9628850310588596,0.9401279095103379,0.7315999097153187,0.7702020985414689,0.8819076461413993,0.8574315478816663,0.6029915358974106,0.6182673953637013,0.5778676684772089,0.8099714670010376,0.8677513823902009,1.1635517855664965,0.4004402167570542,0.5586551064169201,0.8026248394029535,0.36281040711930596,0.6110735235938104,0.9009005780683724,0.46591093246913867,0.989061435726787,0.43277591329270837,0.16161362041978936,0.19910358368528625,0.623774256156725,0.40741862798367295,0.4102109088975991,0.4503342901773031,0.4919915172994777,0.8234130725255155,7.254328619247669,0.9361279368375952,0.8770199338864433,0.7914286176699117,0.6957094708156953,0.5506067434936479,1.1058710430808012,0.529273808891099,0.3363363071652264
ROI_093,0.5384639478431106,0.83687188479206,0.5031312795396462,0.740870762437172,0.7045534189541617,0.5547006726253058,0.29755627400216367,0.4376853841057557,0.5617876167521398,0.6996337775378728,0.5125732480542162,0.6295021208313509,0.5548793862677717,0.4165813904826702,0.5601305303523545,0.7959006861713911,0.5523676056037014,0.5197275674758686,0.5774920256365303,0.9093022688810073,0.5610406171013813,0.46271314858251295,0.4359858072852776,0.5619830629053018,0.5603998366135883,0.10664995016028374,0.4844911718183467,0.9292789424715295,0.8158287876409287,0.8427388280959216,0.702579096715337,0.6170858814142727,0.48152791466889516,0.5071981882178224,0.36884144601006963,0.39390771365282196,0.8471699535412174,0.5579344967321807,0.5853564484718148,0.2241101617149316,0.3822504020904401,0.38981141251558626,0.05202521025307079,0.8141412197889999,0.7668757034313809,0.5057562291073164,0.1073975681644271,0.12881068017486508,0.27493966639208406,0.2582718376816973,0.5294049446840354,0.9422001360587874,1.031848373925372,0.8432451406615707,0.9345301298412474,0.4926082087100679,0.6640391122438021,0.6662520758398829,1.0042695990201738,0.8058814335504102,1.120946281877725,0.6803518234197818,0.9926643404597941,0.6013206732327404,0.8509350063150858,0.5215611250786492,0.5206694266375088,0.6747673574798071,0.7884298856235223,0.681618129481784,0.7746703154608917,0.7950873857128767,0.9270479521967764,1.0242265414381946,0.8056459157978363,0.9222547921896085,0.9226306214757589,0.6726381380409191,0.8243524775710757,0.6405331933526164,0.7904566164477511,0.7209778215052431,0.8538266938680193,0.28501883549812396,0.6496211010959214,0.48576417414121487,0.730038832849451,0.8066804559164122,0.5957920092898686,0.5346016931770268,0.68705802632709,0.9361279368375952,7.254328619247669,0.9868837637095867,1.2564750575067938,0.7670549995603018,0.4080951207636366,0.8729571155648772,0.2018709989079349,0.27603650916333206
ROI_094,0.668440339096971,0.6883763336936556,0.33466583946382394,0.6132614120989142,0.6114287350448439,0.512472648930879,0.3122060646948582,0.31121057132214447,0.42582677705886857,0.5827238082913071,0.36526744085279067,0.5423031153368805,0.527600016571345,0.40138935774537976,0.46296512369970794,0.7569271143801032,0.49024450849416973,0.3853838915431797,0.5376409367813836,0.7069980880032606,0.41124947539121104,0.4472173767737898,0.5379548057559189,0.4964761027157563,0.5028017383551026,-0.0005829260333707172,0.2642798790402156,0.6025565272661254,0.5971853485853041,0.6379326703624612,0.6846101138394057,0.6279315558694446,0.5347714411268976,0.45948473567439146,0.3182257762521964,0.3214080731691424,0.7520509621013634,0.476548284898392,0.33446424723364715,0.17685803512240106,0.430196780170746,0.30448470145435763,0.029731027943763703,0.703024645805883,0.701395734005165,0.3675133579798741,0.09595175880097441,0.2011512757541506,0.36645861510857036,0.2899998018386479,0.94696662463672,0.8006896089136211,0.8613127939727976,0.7515363746849755,0.7277605152940678,0.43712984127027843,0.45853584649257356,0.5021272256740051,0.8127000875622501,0.5977267532291407,0.7606917383008975,0.6309252117277209,0.8390170907328246,0.5129966776408728,0.7128814196407703,0.4709605550138145,0.4961652285518922,0.5748613208885373,0.6467973625295781,0.5907638619261044,0.5881247031216262,0.6698936799073218,0.907355651608211,0.7550668203812377,0.62641183718041,0.8471794912509621,0.7692573061752541,0.6272571786118499,0.922155397629215,0.9435294978603037,0.624175578099565,0.5492018026606794,0.7568412191113162,0.1301921036713823,0.4135038598565625,0.3141128586661016,0.6743322701893119,0.59239563711149,0.31032812635678925,0.4176567087988999,0.8179177505712006,0.8770199338864433,0.9868837637095865,7.254328619247669,1.089102763037554,0.664555050567199,0.3394309898927364,0.796157132923218,0.28289739401564323,0.29176670336344507
ROI_095,0.6712979305893888,1.0508567312759156,0.5808811296943213,0.9341596141632253,0.8756952008603188,0.5096477633841362,0.2665925057819502,0.4956340883278997,0.4523892752131194,0.9710695253831726,0.49852148831790233,0.8678164645967354,0.6946494944702003,0.48882016910624804,0.623609234884534,1.146510511551352,0.7597193252513477,0.549658413510082,0.7283571923539187,0.8688320846130245,0.7460466867822632,0.7508646376131293,0.6919501943970334,0.8189018689461159,0.8332173476195125,0.23998959308894868,0.6002137918416478,1.135777061554035,1.058430997125182,1.1195014840715078,1.0024048843411753,0.6232357513808187,0.7329332056991433,0.6914445710892003,0.6476322739880057,0.17702365242732973,0.9328710001067574,0.4302467303402925,0.6233492636525856,0.17261905580999246,0.4804387757232634,0.5911206945715937,0.14585463851421843,0.8660225321074939,1.031401624746147,0.4568053404167508,0.20424503525393028,0.2601357537587336,0.19236391800928027,0.13012684147234527,0.786832658398669,1.0820438650101196,1.1660244601307463,1.0233657413699881,1.0272068082558727,0.44495556104426204,0.6138380959146361,0.617816447538748,1.1523266150177822,0.6695105107617898,1.1231226544937027,0.6707553699026148,1.0779702552024593,0.5616278339401548,1.0544569580004695,0.6160665206012792,0.3722812673943851,0.6944121666047821,0.8852766914384581,0.7751971525080856,0.8931634876606552,0.892388841772882,1.0744741405055653,0.8274489195798829,0.9886977146332128,1.0933895856695475,1.0072525790621465,0.985722321295872,1.133642353169305,0.649262316622606,1.016054282954346,0.6916825317091004,0.8587700881057266,0.2892366261264115,0.7139910150130065,0.4766157452143496,0.703905399582542,1.1860389936000773,0.3422809964525133,0.3158475993125291,0.6324809505695382,0.7914286176699119,1.2564750575067933,1.0891027630375543,7.254328619247669,0.7715135371242607,0.3067115423435787,0.8750205039801174,0.09474209553886036,0.11936718661216791
ROI_096,0.6077686174878981,0.48214466359256514,0.5787508531051789,0.5711424538838235,0.7265385702369468,0.8099904747040136,0.7227225140286518,0.3612138194881593,0.5823623625058078,0.4410715126389253,0.5856959102647854,0.4229132205221019,0.492393342320655,0.5244528139037723,0.6166699083207801,0.5349860226653472,0.2729370963254163,0.4284053377446903,0.5042580205043394,0.9039465322275089,0.5146498973142453,0.28405066955821984,0.4576310858130126,0.19937678105142367,0.3961795586988707,-0.05687392263486104,0.15681256122044834,0.48678410382067155,0.4834745193318185,0.5929521742358858,0.7827531590339958,0.6211193324623079,0.4566367790108176,0.2447941559245659,0.2354023709702755,0.5199944984566516,0.5548705552531099,0.6219919789668746,0.45427918303758336,0.44124265499917004,0.5857627486008665,0.42392194543851625,0.16236055595465326,1.1200678398265869,0.8500472650997462,0.6767529515158609,0.3277591459289784,0.6094496460775678,0.6464928004762678,0.5524181073841287,0.6292347888077542,0.5464262535506796,0.5399576052717362,0.6576402204363797,0.9665204336640777,0.5618526524703849,0.4327071541517394,0.5776153227319584,0.5449349609273465,0.5961029478869632,0.5537799895850338,0.5896252791506629,0.6815503008555087,0.5747485540111813,0.658509508819561,0.5359722827113481,0.7625902695574199,0.5097330699971397,0.3348432433811435,0.41727234760858456,0.4958704505973918,0.36748856868980934,0.5721918934498084,0.7291040290058802,0.2579752491408396,0.31960651131192036,0.739019121849772,0.33096040342710287,0.5296752348838225,0.4422482477372199,0.2631992394797377,0.7423939854823385,0.5031160302219447,0.1988820304879309,0.1122639369172237,0.47689221649474045,0.421133431647161,0.5391943287739932,0.4954918557338222,0.4956533020299601,0.7474960896330901,0.6957094708156955,0.7670549995603015,0.664555050567199,0.7715135371242607,7.254328619247669,0.7395682220069637,0.6688319565890596,0.5764379953258718,0.5452444632041209
ROI_097,0.2789707380228159,-0.05964905860912323,0.05766884442098529,0.07845417845160237,0.3167658665255995,0.5127803979023633,0.8638243930836785,-0.07969837390030343,0.15805631569262882,-0.1548212638713375,0.20616724131627526,-0.1701110629690578,-0.09322380282345533,0.12131008700885826,0.21474066216202167,-0.0029335002792326747,-0.33307149143948017,-0.10309907756190914,-0.0516140767695908,0.36447430602536124,-0.07854397593595815,-0.1917199800689143,0.04478537747992793,-0.3507984008833148,-0.20676558029824782,-0.4822845143432893,-0.28608982651447024,0.058573845415327744,-0.08401872580944254,0.14006573260120136,0.16081739491574387,0.46381842533328277,-0.028802223479798772,-0.33511605688887924,-0.19783804201849073,0.4754617018426034,0.30102655652638,0.8553178110033938,0.18394471958539343,0.543803731439418,0.6795361966942707,0.0450031219743907,0.3279495840669098,0.66142956184028,0.19884229027146064,1.4411635727027075,0.640616566978969,0.783854897825988,0.8664510880346575,0.9959792667351552,0.14588402961457833,0.005584837482203757,-0.002997957159953753,0.10410113515660191,0.4606254616544427,0.3130877777565064,0.004753818072895407,0.10007781619043295,0.07344157102282448,0.29777665101997575,-0.00352767420340236,0.019836480173605606,0.13022749478233153,0.24792148617505338,0.06453157684746529,0.14812748007999332,0.8345075350877136,0.030121550495401,-0.2149843471837944,-0.16771821420148278,-0.04930224378907892,-0.03569469237176422,0.16317401832477615,0.3792462922750726,-0.2623374633926343,-0.11200725039622593,0.252964797553567,-0.09739938987084186,0.09914976882758238,0.2909833893059672,-0.11888081209140172,0.6641068564011354,0.3475338478775157,0.2736462237615164,-0.2514462131015283,0.7675561704802653,0.1718881934057528,0.12443274843792128,0.21977011171707903,1.2418302183849566,0.9305673223766808,0.5506067434936481,0.4080951207636366,0.3394309898927364,0.3067115423435787,0.7395682220069635,7.254328619247669,0.47892045574673076,0.7990953272982727,0.8591358238202917
ROI_098,0.45573822706561473,0.7293781417766242,0.6371350665414914,0.7223313631501468,0.8351625729806775,0.708981190099772,0.35816525327392795,0.5416092370783965,0.6488999430648289,0.5009811964613008,0.4750082073394175,0.4223713542949131,0.5571984983196065,0.6339637205080734,0.7934517442321815,0.6190466127731747,0.37775747611079824,0.6034982954457536,0.5847059680871405,0.9223302375258308,0.5810964747663475,0.34653296522095717,0.6092903739389655,0.293381156641558,0.34350536625794587,-0.1516416659431989,0.18102747172693545,0.635471225046,0.5934168556132029,0.8406882232149774,0.7443709175154253,0.6379960185728871,0.26855800543273595,0.4453060292204853,0.16715600390413043,0.2647296550934412,0.48764185356657047,0.6588100890662462,0.46304970728947914,0.33407294310541374,0.25184250803220737,0.18235108689234486,-0.16260219504475948,0.7011773401032224,0.4918620897138281,0.4291869998544513,-0.056679785993558086,0.18326227801908365,0.3259982701314136,0.225846193799256,0.58190764143631,0.8530420800127494,0.6983918089920527,0.7720116268178379,0.9225619481489065,0.844944811177609,0.7000451284207327,0.6872206119101526,0.7287672463279902,0.7527043056297361,0.7347744248274061,0.749575702099863,0.9109193563872852,0.7751079695455796,0.8210732440184292,0.7641124681694603,0.8334147971212833,0.7234903628301677,0.6257272475958047,0.6634733678104751,0.7293933396699863,0.7158938181926586,0.9005635630018426,1.0583918647028705,0.4822472936392159,0.5844282069078781,0.8390872727191248,0.4903879491840396,0.6523977148293411,0.6771710287788137,0.6235989254258403,0.8936090206960734,0.529605946434084,0.1723953599705694,0.3701678993501175,0.6674926411317419,0.40173188344663535,0.6138624210562806,0.507464564075733,0.3950256615165655,0.8127114511041775,1.1058710430808012,0.8729571155648772,0.7961571329232178,0.8750205039801177,0.6688319565890596,0.47892045574673087,7.254328619247669,0.4189079019765237,0.18213533407911944
ROI_099,0.421237814748428,0.004118224611321498,0.17365573205882254,0.12697325452040154,0.39120321495037624,0.8402880202072234,1.2738779443150046,0.0015133114330410518,0.34697470409442793,-0.09769929905501851,0.39598484603983636,-0.035574854321517975,0.2297325862641782,0.2727584478368053,0.3366346601585343,0.03792452062319749,-0.236510295584608,0.1394915763436581,0.12023676181066982,0.6096366088588937,0.03582376110324876,-0.1099767793667784,0.20103904680686913,-0.29969930530562644,-0.055853493753177504,-0.41249072727943265,-0.4631790683594953,-0.10753248409719639,-0.07661627695394499,0.1273208739259722,0.2133718691467496,0.4705378258709484,0.009958030013855637,-0.15672982266080338,-0.35095967084259416,0.8514659113719516,0.17513725499942054,0.8543920150467144,0.1138119731177966,0.9250873614069186,0.5793428272323965,-0.0033857713629777885,0.05008068197720738,0.5524079492406551,0.10714353237776827,0.429701270581634,0.2912060862535739,0.5778917575561695,1.536426209925422,1.1569415788900586,0.36053289790065324,0.007393085278911147,-0.041960264646714436,0.13307425002575743,0.4561803525779497,0.5245818340422749,0.029252433326661914,0.16912097794966083,-0.041271030679742755,0.40181738099497016,0.053767877097728664,0.27482893321368534,0.22975107458381613,0.30851881779839496,0.1067263105715411,0.2586625531691238,1.3029316381839884,0.18022593312078855,-0.2038262779751245,-0.0226987044120811,0.006532737470871425,-0.09121847337126304,0.13444212190833982,0.48590764935671854,-0.3459570339060759,-0.1404678541691002,0.4401306133569635,-0.09828171835583645,0.03554257426398674,0.42105387522563514,-0.3536004042504111,0.4689238199022668,-0.09490078086147094,-0.1612406193734387,-0.6058035304269619,0.29081090260020076,0.2638951900429695,-0.12214570352123269,0.5327362374460811,0.6044600825592669,0.5214970677014287,0.529273808891099,0.20187099890793495,0.28289739401564323,0.09474209553886037,0.5764379953258718,0.7990953272982728,0.4189079019765237,7.254328619247669,0.9834836897509013
ROI_100,0.47226318941742074,-0.11908298873367035,-0.03899704901622166,-0.07339321491760777,0.12332202703191324,0.4238335405186766,0.9463866174020715,-0.2695655117807186,0.05249543090027868,-0.12766765877601668,0.2006278290890391,-0.044512787730086274,0.1099273092022561,0.022202518804588203,0.06517586348692844,-0.025389629526948482,-0.2860756485908862,-0.0744424685822542,-0.001498697223919191,0.4450014475220799,-0.10101825237884673,-0.19134469059284812,0.08930506664956811,-0.24235417397238146,-0.005721214433941037,-0.34222550625959075,-0.3002418742675566,-0.03876449908967509,-0.11291181777725849,0.08418350985174997,0.08295524506947978,0.35100422561987016,0.14210805879362487,-0.280886920195572,-0.34707991179811637,0.9994827220705677,0.388303236543743,0.7349986357145226,0.03701962263278467,0.7201835584620275,0.7360552412129843,-0.0003595608032124943,0.11623057593721679,0.7012677637952377,0.18697012169292623,0.6500666058609144,0.539955946655854,0.6385561571829814,1.2453096452061936,1.6849940046833596,0.3380452687052248,-0.09482580949447575,-0.1092226379783537,-0.06070201023944229,0.24762512674582807,0.15171990742305524,-0.2315418015822962,-0.08714948711389973,-0.106284714361879,0.12052887464455182,0.020791486677233,0.06232036462292845,0.07096832874034818,0.0105222310010266,0.014774162929731318,-0.022556891642616275,0.671707247312379,-0.07469900394350162,-0.29270998469486575,-0.18073170896126506,-0.10943899264305257,-0.2800020314869302,0.05580278487577412,0.28293017113433605,-0.334451129372398,-0.08728166917922278,0.3589651884262168,0.014496284373275634,0.15521635104930026,0.37170234147549924,-0.41572620726093507,0.2729668189950536,0.13186892215299392,-0.24853310469425216,-0.4827346834601042,0.08923188040322087,0.5114374476149671,-0.03610188289363989,0.4889421336934534,0.8062218132072229,0.5200613922209848,0.3363363071652264,0.27603650916333206,0.2917667033634451,0.11936718661216789,0.5452444632041209,0.859135823820292,0.18213533407911944,0.9834836897509013,7.254328619247669
