,ROI_001,ROI_002,ROI_003,ROI_004,ROI_005,ROI_006,ROI_007,ROI_008,ROI_009,ROI_010,ROI_011,ROI_012,ROI_013,ROI_014,ROI_015,ROI_016,ROI_017,ROI_018,ROI_019,ROI_020,ROI_021,ROI_022,ROI_023,ROI_024,ROI_025,ROI_026,ROI_027,ROI_028,ROI_029,ROI_030,ROI_031,ROI_032,ROI_033,ROI_034,ROI_035,ROI_036,ROI_037,ROI_038,ROI_039,ROI_040,ROI_041,ROI_042,ROI_043,ROI_044,ROI_045,ROI_046,ROI_047,ROI_048,ROI_049,ROI_050,ROI_051,ROI_052,ROI_053,ROI_054,ROI_055,ROI_056,ROI_057,ROI_058,ROI_059,ROI_060,ROI_061,ROI_062,ROI_063,ROI_064,ROI_065,ROI_066,ROI_067,ROI_068,ROI_069,ROI_070,ROI_071,ROI_072,ROI_073,ROI_074,ROI_075,ROI_076,ROI_077,ROI_078,ROI_079,ROI_080,ROI_081,ROI_082,ROI_083,ROI_084,ROI_085,ROI_086,ROI_087,ROI_088,ROI_089,ROI_090,ROI_091,ROI_092,ROI_093,ROI_094,ROI_095,ROI_096,ROI_097,ROI_098,ROI_099,ROI_100
ROI_001,7.254328619247669,0.7365520360003774,0.604975868999188,0.6707220375608361,0.7094472364499428,0.7071736870001806,1.118155549262652,0.4271596602417327,0.5495780481275877,0.7020044553442525,0.6102580052396491,0.7581957117835052,0.7850720241375434,0.521829783414498,0.5525050113056437,0.8427346581686399,0.6720153599081349,0.5890662216331782,0.642315860714112,0.9671755848953546,0.6028349055860394,0.6391621491613023,0.7305812149659615,0.8756794976129758,0.794033360189021,0.45479938453633184,0.7222021395809289,0.6896245389303673,0.744431341099883,0.7882787004830957,0.7184506244475293,0.6906887604945684,0.9306052737634299,0.6730520317198014,0.5787444441863943,0.5828530191944737,0.8374782070440707,0.6057483439989508,0.5237005168631886,0.4927948341384769,0.6075011732586721,0.6304825657925822,0.38247513292590807,0.982150404428752,1.047990334646286,0.623237170041011,0.4433498924109831,0.6329810250777085,1.0860136698217502,0.7922988629692939,0.9426819005561419,0.6592139660697186,0.6982709936843549,0.6588763943997635,0.7457748860330807,0.47673499477040293,0.4357929730727069,0.4685426396266367,0.5730185444714126,0.5040041151451908,0.6407302415250146,0.5899069902792197,0.6748689826426607,0.4409147611841933,0.715976907639347,0.48110308881176306,0.7928372606237051,0.5035666862649297,0.5591877137753195,0.5747767110138736,0.6262222219778731,0.40498239522582524,0.6417948755172725,0.6260357554745173,0.5297411073885849,0.6325727607109446,0.9841926287069747,0.7804947328065632,0.6156713650764589,0.5985631240658051,0.4324236383351866,0.3023939589420912,0.501062252923337,0.20565368052041783,0.4298089451375591,0.2947977999122745,0.8072986902402376,0.7216345771540837,0.7728292027060978,0.20596004107052507,0.6051456291164606,0.5949182097731821,0.6931581977494516,0.7211712758534349,0.778145663082686,0.704247078366505,0.6385552685114775,0.5783951561978601,0.9890714173814275,0.6497111300840842
ROI_002,0.7365520360003777,7.254328619247669,1.6313332710728314,2.03733971045853,1.5460787194968029,1.426027272397109,0.9917372978364004,1.5671591169842223,1.5853597795159549,1.921198987907133,1.5413859438332314,1.7450943228267188,1.6933844168550383,1.49426773384038,1.6621740418578204,2.223484806013719,1.6663415051562525,1.7257023303857661,1.5328469911123002,1.626555011740416,1.6076506831637478,1.3000143031378302,1.4204365950115938,1.4298668596470203,1.486399612795649,0.8804677693501681,0.9628244446219522,1.4032488554495708,1.3804858679440568,1.5757296534174785,1.5344894690269248,1.3195496576301784,0.8019982745392092,1.3710019452414224,1.144596945338213,0.022967542166523913,0.6834899641396635,0.7369879492646553,0.8781559262529021,0.32233151769581414,0.2613615477167001,1.0507154330013302,0.7687957553202909,1.1409472233631197,1.154404537480979,0.9251039866810884,0.1875679056492044,0.3587804092526258,0.5575210686255274,0.26026815874812104,0.8412509888881291,2.017395583430843,2.042911908800505,2.0762606515358697,1.3568304553635087,1.5709880716925735,1.6742307082913575,1.600830101854951,1.7019721460569959,1.630624896411908,1.5921304500967026,1.6160959041563236,2.0198812610534147,1.5389584189512029,1.7398220887906741,1.554319256467518,1.249124412011467,1.5321660048664947,1.4654991576568235,1.629642615696887,1.6872209849306798,1.4473520131313022,1.6916368820161183,1.37038567706248,1.4852196710763057,1.2943531654426073,1.6099778800003315,1.3771545696096736,0.4342403209658311,0.6688675310318167,1.083954733241875,0.44508338773379613,0.30009851693475453,0.8010541142911153,0.8145642606160999,0.8570839452141621,0.657103751811865,1.0256165791134688,0.49583621350741,-0.05979939218212708,0.7215741032896198,1.3285183113164103,1.0738277900201378,1.1367767405945355,1.1418247590862773,1.2394943167579993,0.9058052098292456,1.0771861404244485,0.7961952661276233,0.06571389794492528
ROI_003,0.6049758689991881,1.6313332710728314,7.254328619247669,1.7576384148420767,1.4615487993661431,1.4094726133720417,0.8449854600136423,1.746319724882801,1.5770977916495972,1.5299812443794762,1.5737876598360128,1.3655452815092612,1.4814846791870904,1.6790488661071545,1.7367452856235355,1.5096814672135865,1.5608940250742274,1.8663463424691262,1.5719417599465941,1.335086224337491,1.7213308718604459,1.3366717548751739,1.407228588209794,1.1383109581111979,1.195886996222621,0.8122773859606403,0.7944255132691034,1.139041269218626,1.2035896164678792,1.4046273390280732,1.2361944352235408,1.1594565375581403,0.6738041671798592,1.301818932634828,1.0797297962450476,-0.10382940106138866,0.46999887945133023,0.6920483876876775,0.9068420388302765,0.33500214757105556,0.16911198936047425,0.8751222761253895,0.6701695978730806,0.892490994914834,1.0046837883519284,0.7309903039699308,0.16137332009898372,0.3573314010294115,0.42358793420267493,0.11951473734315844,0.6608569001797937,1.5091996096637326,1.4201164211119612,1.629078077655568,1.2169724350485063,1.4676778780623834,1.5471823862398193,1.512406604888241,1.3425604066597496,1.372166445422098,1.302726245263853,1.4848319705718382,1.5089400315903265,1.503386819336673,1.602745803804535,1.652014883949332,1.0114049716600602,1.4575138704101558,1.370685073995376,1.5415886282699105,1.5907999917235405,1.226619528999895,1.342301174949908,1.060276650440148,1.1354968438461004,0.9775059391554939,1.2307735621280025,1.1283449112757806,0.3228236609735771,0.5491369084229049,0.8181390775909004,0.39482508890593365,0.14335618368548209,0.6505628709849973,0.5956626524860198,0.7280291877107531,0.395132867750012,0.7578004951681528,0.377973513326179,-0.24234116726112515,0.5347519946417522,1.0281713935186712,0.7667384719009689,0.7827667969315961,0.8235010932368642,1.0046132856329755,0.665372474238754,0.8505996616511037,0.5844703907807596,-0.06166378286712598
ROI_004,0.6707220375608359,2.03733971045853,1.7576384148420758,7.254328619247669,1.9644822919289608,1.661180088454366,1.0031082711355437,1.7579968749935382,1.7637600097735806,1.6508092978813256,1.623350320219945,1.4697252280431956,1.538827836965078,1.67692113490109,1.827406369265551,1.882417944639806,1.7852997555674601,1.850935078850672,1.592785706946956,1.4961536489983474,1.5586399529870811,1.480547800428169,1.4242830158083661,1.3408782581857295,1.275481882664102,0.813736119707257,0.8187577475773006,1.1896540018067059,1.2419771955225025,1.4756690787085511,1.3393159747913603,1.427911097618661,0.7473470287360782,1.4442782566025054,1.1794782377238413,-0.029087194372721704,0.5978159762251856,0.8386905801069233,1.0265703601400173,0.3819925032388049,0.2651346793368084,0.9815975496830874,0.7541112207357796,0.9219043313973855,1.1025021942345004,0.8235880662740308,0.19953430376052736,0.36495530551744493,0.5178522575824474,0.18341730792859343,0.7085773911033939,1.6949462838638538,1.8198010231087252,2.320725378125763,1.5338619117226944,1.6048672633083587,1.753792682188575,1.6928808029070956,1.4437509648326137,1.560938851088069,1.3329299166720106,1.4305876303127147,1.7782316063021417,1.7181950905062622,1.7024919931755929,1.7238899930071332,1.2349817140078305,1.5917663325374665,1.4798600022300548,1.6382401973222596,1.603905054812079,1.3460928243929497,1.53025379703551,1.213638164530819,1.2185804028390212,1.0465219886281059,1.349748979042938,1.1166259597238095,0.3781958335663146,0.6797619386911122,0.9739392827928506,0.4760343057715011,0.22243746533378603,0.7241216941905317,0.683177803409163,0.865316942580469,0.507843867912448,0.8405597142784542,0.4577212610379679,-0.12380278899586619,0.6352062410888317,1.2208266354950745,0.916961076682314,0.943392400404133,0.9611199169888622,1.0458906781968265,0.7768825624446468,0.9515107465402997,0.7072605522190236,0.011858578505029438
ROI_005,0.7094472364499428,1.5460787194968029,1.4615487993661425,1.9644822919289608,7.254328619247669,1.9973661161942573,1.1119506278175215,1.4280035577473424,1.6491494767431365,1.2722289314534931,1.3009780014388914,1.14902686357583,1.2946087120938556,1.5123720515279135,1.6153308752684867,1.5134979501109396,1.4789313326922295,1.625865622071523,1.521880929150308,1.5433355474170725,1.3203489412998528,1.3729795406348615,1.28623222737057,1.163587038320906,1.0334058503264838,0.5753953603573417,0.6296098540858039,0.9959284798659601,1.0527690779599685,1.3520729058361254,1.2132308438482144,1.2824091534535802,0.7495946459426805,1.4467430103569494,0.9554368447988392,0.08608135459667429,0.5642904990979485,0.9214579912842266,1.0872049268975483,0.534181718626689,0.38325616839240356,0.8608497615829571,0.593886180944162,0.8622150229389915,1.1119811436139289,0.7468015528509399,0.24113257575307645,0.4403329085684871,0.5785353909840572,0.26889825995842964,0.7053927468486549,1.399704531962278,1.426267390443402,1.8385719724534464,1.9465951468602405,1.54078101781788,1.4316607574526856,1.5027419435276828,1.1105755438177516,1.2418315655511951,1.022899641619157,1.1298401045497566,1.432157088527152,1.5325961920019582,1.6454248619663427,1.5487552271976492,1.30808983744203,1.4303428190050271,1.4322757670484456,1.5836108426726583,1.3211017391777722,1.1217365989668429,1.338636758651347,1.1433838424448737,0.9237151404408721,0.8253233020521902,1.2338841152085136,0.8827830954664607,0.4844798943939446,0.6990666901731677,0.9302100542709554,0.6213433284839065,0.2370590506542403,0.5556512760752463,0.556949167691163,0.8824044614315242,0.47413854947979506,0.7509016229220746,0.5529259335424287,-0.029551512559918346,0.6725552101285385,1.0931103183279722,0.8928048367784033,0.8252539885978343,0.952661330777169,0.89563406919133,0.7092882134005745,0.9469698242493162,0.8003277538812309,0.09933467077989866
ROI_006,0.7071736870001806,1.4260272723971086,1.4094726133720412,1.661180088454366,1.9973661161942573,7.254328619247669,1.1955294843678144,1.3436547709660907,1.611055664533118,1.2240609171127714,1.2763659597301351,1.1548594015217661,1.3364444481001299,1.448031828510427,1.5402191185494696,1.4251866629061685,1.4789007866927357,1.533289614436024,1.4973032320948927,1.5191292496383957,1.2814267593677375,1.3692481831089942,1.2154025584360026,1.138365200510139,1.0257674881269139,0.5901681210820782,0.6384511768696262,0.9680246014494314,1.051816175375344,1.3003143313664747,1.1484884416577077,1.1744746793315897,0.7283254921183341,1.3774360227830078,0.918820378903492,0.13282801234418753,0.5629968508617109,0.9217103924988536,1.0462978302517987,0.5625371530617785,0.4332327706764814,0.9056000592576222,0.5942962253645896,0.855600481335399,1.1083718035728225,0.7211967375655869,0.2678420959471244,0.4967528095723819,0.6182805410481624,0.30988210034877595,0.705070852594059,1.3317022545027921,1.3080141945139288,1.637033683297377,1.7773816664004691,1.5130852680073459,1.3514897676041548,1.455292757787885,1.0740938089491625,1.2401319807601894,0.996420842271936,1.179648737029937,1.3726535277041483,1.465941322359373,1.5845688477624533,1.5184850352169883,1.2138243043273114,1.3762572136587834,1.3536540850410732,1.5018614686076388,1.3163836574523096,1.12450662154066,1.3189166649943627,1.1052108786235622,0.8995169031881005,0.810607407322239,1.2224952305890866,0.8811703872501304,0.4873259946111091,0.6489011595899238,0.8294692655860212,0.5698078841509288,0.21074252237229849,0.5121401148670294,0.499296632589942,0.7592083941673166,0.4659120267948686,0.6921866754553401,0.5491026195674248,-0.03743918909907996,0.6426934926583501,1.067153074045548,0.8814269218475576,0.8410477305221797,0.9433548530268261,0.8606458792557808,0.6694272195188358,0.8345770104121945,0.8415792006027988,0.12257389957428608
ROI_007,1.1181555492626516,0.9917372978364004,0.8449854600136425,1.003108271135544,1.1119506278175217,1.1955294843678144,7.254328619247669,0.7216405503531844,0.8809655742493304,0.9160573777105128,0.9278712676037123,0.9984435135803341,1.096449165509466,0.8420317418276618,0.8712817360955627,1.147349955624862,1.032353940341656,0.9094114441074655,0.9478675034850608,1.3161773660674914,0.8720486026188363,1.0681630128737563,0.9431793454473852,1.1519832121427442,0.9770259111785371,0.6098451254857196,0.7638643453351306,0.8152370273612559,0.8736692033765193,1.0249891257362356,0.8400824534370149,0.9158040187809455,1.1345981101435243,1.0470292167794621,0.8751964708604809,0.6038181968477596,0.8456236654165471,0.864706401579714,0.9439388781354643,0.7863392327763575,0.8768473575007175,0.9644943444679472,0.6565039918208381,0.9601112517769146,1.4102411902158565,0.7478355429378079,0.6453915413235699,0.7964963576380792,1.1281285664680059,0.7753503922274109,0.7988967565960794,0.8427503845576575,0.8993589624596822,0.9893930853723016,1.1589371436235134,0.8097230924489883,0.7053392749401518,0.7799094367276431,0.7089927002606629,0.7658756391556937,0.7569590095206966,0.7612459619965736,0.8893137729504264,0.7292134246232577,0.973604726411874,0.8041036935357426,0.9190589876398393,0.7195448092596185,0.7434071940519258,0.840449663226903,0.9008147399160488,0.601292631983029,0.8546005735334354,0.7892759476291414,0.6408208689420014,0.6569289903838831,1.127809206484229,0.8150834408808888,0.4769075523607686,0.6153346088103673,0.49783762327676434,0.4528506627498817,0.29875064974201304,0.3432326997391709,0.3822485206611199,0.4433833839751079,0.8076248897211292,0.6845747282151703,0.8189745491087768,0.15617397257658028,0.5426351390450981,0.6854476718689934,0.7725973880055856,0.7164188818799313,0.8572111895414702,0.7756527012091436,0.6891442526151509,0.5741136539187838,1.053606110279426,0.5903761085883332
ROI_008,0.4271596602417327,1.5671591169842223,1.746319724882802,1.7579968749935382,1.4280035577473424,1.343654770966091,0.7216405503531844,7.254328619247669,1.937620407723541,1.4314016972150791,1.6167694819991483,1.2609515189122704,1.3235733710908886,1.923709600773264,1.8843179782049502,1.3650760790662921,1.5960597670219134,1.9453078180525787,1.5249994707285444,1.1062530473799002,1.5968698855092873,1.2545081541713168,1.252695251811985,0.9754120148730185,1.0695233120435723,0.7801994019575745,0.7018473568063218,0.9898163420438779,1.0041094041109042,1.1319154364591892,1.1950880843271374,1.194653586957043,0.5768176615241389,1.2368206594918563,1.1096121930999152,-0.2441867046072308,0.34948837781074843,0.5892873362876091,0.8883596883746371,0.24262990584412122,0.07466790646291616,0.8716652594262597,0.7165236019690492,0.7115082976000603,0.8642607851238955,0.6512986401319126,0.07250549010673432,0.2589570469876946,0.2593284625724017,-0.048765548159309,0.5241228142731215,1.4605331408955096,1.3887084300142878,1.7109888408741698,1.1364267511121782,1.8122054115269486,2.0235149746511087,1.980316647815694,1.3442013147991052,1.4721826198517973,1.1623423975540212,1.4470842014413716,1.443364549412592,1.9128620820186617,1.4620693459482377,1.8922837731802973,0.8905735307253049,1.6010681607073636,1.353521321190021,1.578759994270487,1.5163873973819189,1.343132935776543,1.2666152304811842,0.9786626822924855,1.128345580447744,0.8697307822577208,0.9803087545978113,0.9107386881882864,0.19164026185078933,0.49238263073050464,0.8241702452546308,0.34370230797777135,0.04410003731859919,0.7523056685616285,0.5836754642505607,0.7812314271491362,0.27791976521947015,0.6717232477817552,0.21984715296142301,-0.3408301920895672,0.46043484344189844,1.0050639366592728,0.6792896047531533,0.7426356170189651,0.7069773008213592,0.9038641221986843,0.5817836363378834,0.7800592508446822,0.4544287282312476,-0.2297312785430829
ROI_009,0.5495780481275877,1.5853597795159549,1.5770977916495972,1.7637600097735806,1.6491494767431365,1.611055664533118,0.8809655742493306,1.9376204077235397,7.254328619247669,1.3459026124191027,1.5421426842090526,1.1991157294795045,1.2933147881322915,1.7892312965225101,1.8640625371577735,1.4233312360165817,1.5376067420742492,1.7082862043513904,1.4520044366711797,1.1730410273889507,1.4830922424290562,1.254029649100695,1.2311503517023654,1.01966124656468,1.0186649868249467,0.7105907963056128,0.699879782950101,1.0083216782852906,1.0592797159946785,1.1619252955947132,1.1829818685010278,1.262695901601583,0.6708252160547963,1.2985028416367537,1.0898045320418588,-0.08023463880652262,0.42618185782955775,0.697043246516396,0.9797090720769775,0.34700443086355215,0.2018921617617145,0.9282889345983811,0.730864390293014,0.787968936950346,1.0198144995915857,0.7328248678590467,0.16343965033818594,0.37385117008272745,0.39392274344913014,0.09122754946102808,0.589548720913117,1.4653288452672153,1.5041065359082753,1.9212291944173665,1.3474948968839862,1.7603244488087628,1.9334062782486783,2.137147587756483,1.3224245481606016,1.5600537905795817,1.1383250811945902,1.4119555010555338,1.4935449375932321,2.0443589663379735,1.5034206943274624,1.8140478559262794,1.026441362601918,1.6457135917575307,1.4794741746307976,1.6027486103454933,1.4618774713381146,1.3775897892936395,1.3847215365239882,1.080585688859042,1.0738869220168534,0.8924964866742814,1.0242695587412014,0.8747976331445625,0.25826049903155907,0.5700497848152077,0.9003861495513233,0.45003631799577837,0.14761294839113873,0.7280118668330475,0.6173022319763964,0.8671718134091164,0.3541838436187962,0.6893082826940738,0.3302837414334734,-0.16653570961642564,0.5893036179059591,1.0839662107345038,0.8155195183053208,0.8388151386173555,0.8367857671236569,0.9435466411195684,0.6587570343756821,0.8579881886968582,0.6050964057106915,-0.10351619366299339
ROI_010,0.7020044553442525,1.9211989879071316,1.5299812443794758,1.6508092978813256,1.2722289314534927,1.2240609171127714,0.9160573777105128,1.4314016972150791,1.3459026124191023,7.254328619247669,1.7227401152314854,2.1288943126876796,1.7632632007436475,1.4627347051002477,1.5621220505719615,1.9149960715588974,1.828195152158531,1.6153826777263596,1.5344988869859808,1.462298214666403,1.7458147504929389,1.2986275869404948,1.487930151587685,1.5663337661631824,1.8903996007491715,1.0232326031531092,1.0272772066127795,1.545029813657346,1.4748488098995531,1.491496533219411,1.47035109950273,1.1627349842888908,0.7992715710050767,1.230358321939566,1.2176270978405694,-0.020283395914896737,0.6026818270742498,0.572894549822868,0.7609399679093233,0.25230308523436545,0.16635641222356157,1.0068399130365626,0.7322790272894631,1.1139049203142741,1.094502309807193,0.7904601059338545,0.16635578457194405,0.3546256240139853,0.5216673400544977,0.2171003340161868,0.8004760479769621,1.6065344913555863,1.7142233053210474,1.6143683574381835,1.1089483731882308,1.3123297052637184,1.4203371920009784,1.3737485248450758,1.8285779808587588,1.5459913541233714,1.818711389442525,1.6193058622374026,1.7947013223148127,1.3516166531564502,1.6459566293159291,1.4571565208547752,1.0304123697504914,1.4539139534858454,1.3920325849633224,1.5352845081892121,1.6311949087206963,1.4180811102437527,1.4678649103826786,1.3031056930454885,1.6567616314651852,1.3891775859888846,1.5412148341559702,1.579005315481953,0.4187465368134745,0.588921086496246,0.8840105275218857,0.3044281352896572,0.20100790249125844,0.7532574651626892,0.7415620119053852,0.6393558392812813,0.5937093052637099,0.9969132599403341,0.4324262289300599,-0.19930412888434035,0.5595930533190844,1.1964208357618433,0.9351048084894292,0.9873867681094359,1.000524857088396,1.2143295286182765,0.769201572305358,0.8910729422902942,0.6679308981360524,0.0462438313917404
ROI_011,0.610258005239649,1.5413859438332314,1.5737876598360134,1.6233503202199457,1.3009780014388914,1.2763659597301347,0.9278712676037126,1.616769481999149,1.5421426842090526,1.7227401152314854,7.254328619247669,1.6603656657594803,1.592957199444091,1.6310481097097578,1.6293697975967067,1.5329276151361129,1.7931549075491189,1.6609462604028329,1.4825896467714017,1.2281670625540855,1.6755318375413546,1.3608575517994672,1.3494930320512497,1.3108201378340714,1.4217393330888828,1.087112195316735,0.9086700539847095,1.1501256554469046,1.1801847851087297,1.2116729459627398,1.2066275482068969,1.2188867236642482,0.7539817516427504,1.169922604362806,1.3632273899871472,-0.07185905654386558,0.4753041947009131,0.5888073775720061,0.9010124172392578,0.29042965511897445,0.17204555686771875,1.0640525023180614,0.8598354017416576,0.8712623977565811,1.067194240774353,0.6966414411043371,0.2314101597691537,0.38130611809224,0.44336849433792547,0.11937601466949431,0.5983814684061132,1.330841527990616,1.4394006193776216,1.5400769567748738,1.087274174691191,1.319933688616856,1.4707297571829896,1.4857692824646995,1.4437816244048882,1.487547043842778,1.4235580906936465,1.458781844886084,1.4872995809282623,1.4271192609118046,1.4135892858541919,1.5060223490204958,0.8766058768011017,1.368389743705341,1.2046128926238935,1.3406864727416987,1.5125350180658965,1.2096962232928992,1.2626815908968712,1.019724858413802,1.286486874750114,1.0327600042725225,1.171356628200132,1.1590551404330818,0.2161771428513661,0.5175456803642325,0.7255612062272766,0.2602854249570937,0.09840696343979745,0.7589608546615865,0.6125424333099648,0.6258009741439224,0.4455197432003373,0.7680685216621397,0.3399637998221516,-0.28014308983800007,0.4390147838196216,1.0118741307549277,0.7485390712374012,0.7833937888480113,0.7956759333619774,1.0372500940004805,0.648259826407971,0.7238575732310278,0.561228498722195,-0.04306859455731091
ROI_012,0.7581957117835052,1.745094322826718,1.3655452815092612,1.4697252280431963,1.14902686357583,1.1548594015217666,0.9984435135803339,1.2609515189122709,1.1991157294795045,2.1288943126876814,1.6603656657594803,7.254328619247669,1.7691964717943949,1.2500281174308028,1.3470977445379064,1.8011455689502882,1.6595231905821117,1.4182437750122685,1.3659338373115877,1.4273063931957868,1.5358121772451203,1.2835643901466243,1.3487498836072165,1.6274541926884887,1.9837493521105483,1.1464993086470352,1.0856856035067077,1.4681971296115273,1.3791589959386599,1.4753566473040634,1.3915807021749802,1.066672670875724,0.9013999964942089,1.1294558088114497,1.1890593262273093,0.03913707841693489,0.6355456039100993,0.5622490605574202,0.7640168139283888,0.27025546480134444,0.22947108113449083,1.1610861125732928,0.7980558022710598,1.1766550026375373,1.1083304564459828,0.8007388827079863,0.22641915604007343,0.3936408637253139,0.5907352516676029,0.2749260762553348,0.7994272843905378,1.4573231860987317,1.5127310961843194,1.3920628439854204,1.0370127564558465,1.1600973213786787,1.2221323277149356,1.1847222302604752,1.5644572588047532,1.3990380143698917,1.7377522874297493,1.4640513713302898,1.5983126053983132,1.1455063815944546,1.4329515325330244,1.2548484917455325,0.9540985320743552,1.2335859022184426,1.1337451143478259,1.270552344048513,1.5132500985695092,1.204189134223491,1.341371372204792,1.173628433231505,1.5518099219320864,1.340101017133888,1.5405934228742626,1.6389539427383049,0.36745871263392105,0.5485030404818372,0.8068322897207255,0.24943509246420656,0.19287378380246578,0.7367679565383439,0.7047627029025678,0.580898268278069,0.6617934736782543,1.0423450658073639,0.4752296967460119,-0.160521622431914,0.5146249139637736,1.0506461056774141,0.9113614305437892,0.9697181056545157,0.9916266284298174,1.2180721222704591,0.7891449576052505,0.8131189157942623,0.734081502853571,0.12229910443258024
ROI_013,0.7850720241375434,1.693384416855039,1.481484679187091,1.5388278369650787,1.2946087120938552,1.3364444481001299,1.096449165509466,1.3235733710908886,1.2933147881322915,1.7632632007436475,1.592957199444091,1.769196471794396,7.254328619247669,1.4537580187904855,1.5536508156303108,1.6828298308299283,1.8599370295796744,1.642851671367853,1.7570482122285775,1.5572438001443112,1.6583604826614948,1.3991846081518007,1.557471514727402,1.4343963101794968,1.713295877429034,0.8870127721220981,0.8962785171302388,1.2215428763488456,1.2896100903502374,1.4998379732539995,1.49271698853597,1.2036402914452249,0.8855709158624346,1.2566587455558662,1.069345252582337,0.06840428703167606,0.5969067522657729,0.6826086819998061,0.8293587011359993,0.38651485765320903,0.31034450971357674,0.9873607979311504,0.6599635612559526,1.1308873572836176,1.163523625323145,0.7364284881343313,0.23951607169066044,0.4513305333654674,0.6063018411887505,0.3119122524748463,0.9027134279895328,1.4413856622689987,1.3520208986638569,1.458502132648789,1.099647561207175,1.332416238674278,1.2073550956238792,1.25461717794887,1.297414269843465,1.3624188548075293,1.445516173217084,1.7063769561451487,1.6248053574800057,1.2626253180234168,1.6553470573330413,1.4617500052928223,0.9781558992649111,1.367576862387983,1.170885780018354,1.4334537766327093,1.540257724649021,1.1417803891841902,1.3772276552685554,1.067685574590152,1.2226137889519368,1.1462870266331664,1.4850090187077343,1.4454759335891783,0.4579141361931537,0.6280341452954319,0.7152535567643323,0.2892514221273621,0.15786590388303035,0.5250522669096283,0.5606457100952348,0.5213320612147414,0.6442492088603536,0.8702341091128573,0.4282773377379906,-0.20830362269707745,0.5649842416396768,1.102569516142236,0.8341717946417804,0.9432219367374164,0.9295013995948906,1.0675078027585692,0.687276155885742,0.8377485908598129,0.7942717918568912,0.13212001692782344
ROI_014,0.521829783414498,1.4942677338403805,1.6790488661071545,1.67692113490109,1.5123720515279135,1.448031828510427,0.8420317418276618,1.9237096007732626,1.789231296522509,1.4627347051002477,1.6310481097097578,1.2500281174308028,1.453758018790485,7.254328619247669,2.2309982835247775,1.3474925111740308,1.739291861599016,2.0839586698911043,1.7767787355139126,1.2258363315857217,1.6915608254941588,1.3855800038757287,1.6818241979144557,1.0774807002619342,1.1119865893015353,0.7550058860226312,0.6586099853788462,0.9967801129566788,1.0185713493153277,1.23716731594937,1.1916208136945183,1.2581574340322637,0.6698401120637069,1.4435091708899443,1.17720042540604,-0.11738214899632661,0.40987358454176087,0.6260378331358432,0.9556082751324431,0.38130637911339094,0.17564029537518897,0.8434543461482059,0.6948808239595845,0.7419120469369785,0.9758601181606777,0.6303496896699075,0.17323116013357318,0.42738787987443894,0.346085322086783,0.08305748619124688,0.6093174641317162,1.354538267422168,1.3109851892090711,1.645916569094494,1.1920498609759154,1.740607658350198,1.6362021455293634,1.770256783932955,1.266802170594748,1.374116896794962,1.1071499584194795,1.3941471043588687,1.4215412550470619,1.8501769400677348,1.6000474688037516,2.1844751862889638,0.9587877175058468,1.5607714612433492,1.396835838822057,1.8073856010904505,1.4672887922562896,1.2825626711965754,1.3440874843381394,1.0487056964161345,1.0333428981614323,0.8511600380347835,1.0626673102834745,0.9442443905798992,0.29244962927439655,0.580317859092683,0.7758856898951583,0.41227875872853487,0.07545826939250483,0.6503155948010896,0.5127764547362161,0.7029202937010632,0.3653509411728585,0.6728155251793502,0.31572999437244503,-0.2754960173863015,0.5215146071276792,0.9935424074822445,0.6930292344132389,0.7610076375039185,0.7582000847671787,0.8634991779752285,0.5748311267883885,0.7905294881282533,0.5175127418036165,-0.09231668534393875
ROI_015,0.5525050113056437,1.6621740418578212,1.7367452856235346,1.8274063692655498,1.6153308752684867,1.5402191185494696,0.8712817360955627,1.8843179782049502,1.8640625371577724,1.5621220505719615,1.6293697975967067,1.347097744537906,1.5536508156303102,2.2309982835247775,7.254328619247669,1.4885704762580494,1.8149566498042053,2.0934424306409865,1.8515320415753949,1.3718739341588513,1.9708015195904285,1.3356854325690024,1.54821306379625,1.1278839589253287,1.1825859991579568,0.7313467998921244,0.7340716334182003,1.152999099195072,1.2218700499307538,1.4143725111078738,1.3291797817194582,1.2073195933155962,0.6758403901972234,1.3811197181749884,1.121932301345531,-0.07990382125932942,0.4643902463427015,0.6718102368509314,0.9374207480296665,0.3403080941037596,0.17633568448536824,0.8521773604070113,0.644160132065416,0.8552284512853303,1.0137689957485874,0.7269832334681631,0.14125767879379866,0.4263960066935432,0.4152070880104748,0.13468562451944935,0.6698293124685089,1.5310702652084858,1.5114630869706223,1.8288941122700324,1.3419169225926708,1.8513890273399793,1.776887659465568,1.9080233340448063,1.4474841263662659,1.6489624221322894,1.2902137936352767,1.585109856076412,1.7088885146726833,2.086042831346535,1.9212155617641453,2.7431257783583267,1.0827088874030966,1.8268711985039603,1.58284060190763,1.8745019661982896,1.842900387967426,1.4565929604318573,1.519304245436967,1.2012812355968858,1.1842761106995223,0.9959334837332029,1.1889000472762032,1.0519140370884499,0.35941948385535616,0.587591554332872,0.8913028959859283,0.44561442294256415,0.15309795688193847,0.6642769317328308,0.627435444219603,0.7864295184408758,0.4180356580088901,0.7692784799486534,0.3553723290718615,-0.20412160996695675,0.6142892560347213,1.1587685936666283,0.8357539603864722,0.8444467616602568,0.8867245723984629,0.9744495805930354,0.6720986290263,0.9371262301739844,0.5983494173692184,-0.06490823523113141
ROI_016,0.8427346581686399,2.2234848060137167,1.5096814672135865,1.882417944639806,1.5134979501109396,1.4251866629061678,1.1473499556248625,1.3650760790662917,1.4233312360165817,1.914996071558896,1.5329276151361135,1.8011455689502893,1.682829830829929,1.3474925111740308,1.488570476258049,7.254328619247669,1.75187145961668,1.566651339863036,1.4733635521189312,1.6993069121520419,1.540166430239824,1.3715010458059145,1.3789827900273546,1.7225783338019443,1.6148852771357645,0.9139131761650872,0.9957984839187666,1.4358809997773192,1.446451045838591,1.5885254857667483,1.4960636407949863,1.273687818578139,0.9272776702761533,1.334065384412135,1.1798443232419422,0.10205500150781223,0.7144784291620088,0.7840101877380359,0.9088329049292155,0.36554143411273743,0.3228636977897135,1.0667386273324366,0.7663765132734978,1.2060222123059936,1.2496491581108975,0.9219504345718463,0.24280520942739836,0.4010837567352128,0.6944096067630872,0.34195927980094293,0.901680612130073,1.6976504890221091,1.9211942536456252,1.8216429808109202,1.3935095178102936,1.3377332954440084,1.3803719872098623,1.3830203988079712,1.5401472552600244,1.4534143512328261,1.5744358275914572,1.4389232525320936,1.7517042631419915,1.311533702226212,1.6430689406936705,1.3829536724673377,1.2293239399706484,1.3480756928161806,1.3110510613079287,1.418233369388986,1.6503726038300637,1.252916336355815,1.54184496963328,1.296172050872182,1.409019458272164,1.2740009228008184,1.73715091467235,1.4155264724058616,0.4761390881394404,0.673559979680947,0.9474602775228651,0.39999932734703814,0.3107271321994314,0.735350592673876,0.7598614580610216,0.7484448614320786,0.7132168359563318,1.0480252029464237,0.5397549972559167,-0.049582584635011535,0.7118261314448944,1.2358955956580848,1.0750413029568362,1.106956819383063,1.1602254491959851,1.2429488478842243,0.9263182301474086,1.0063505849619139,0.8745161871783327,0.17290095295145577
ROI_017,0.672015359908135,1.6663415051562533,1.5608940250742274,1.785299755567459,1.4789313326922295,1.478900786692735,1.032353940341656,1.5960597670219134,1.5376067420742492,1.828195152158531,1.7931549075491189,1.6595231905821117,1.8599370295796744,1.739291861599017,1.8149566498042053,1.75187145961668,7.254328619247669,1.8841916920830941,1.9016144608092558,1.407330873705634,1.7137596898483805,1.67717940426074,1.6114022559454289,1.4494249960621983,1.4888603081824385,0.9151934169886748,0.8037031050366136,1.1865515881734359,1.2401701050941203,1.4203756091763229,1.3990011231116668,1.2375697615739547,0.8069852379527112,1.4448195070179342,1.2376452969519864,-0.022620580287595275,0.5228453645745761,0.6707825083489247,0.9589428711073019,0.39038895569095156,0.23491033752110607,0.9564518135596433,0.717456319391022,0.9404825775974472,1.0985617583417384,0.680927647882965,0.19048114423865545,0.39248874663134187,0.5297549451951403,0.19374043370162025,0.770933464663626,1.405920312729283,1.4524120794795499,1.6400160950161216,1.2330092650855424,1.4932541143213791,1.417727662929707,1.4676625312487035,1.3905333516906775,1.4428805089301588,1.3505043105342245,1.5030971338712233,1.5411300758763846,1.4750508318567386,1.6586163941076486,1.68872911094663,1.0408426675591544,1.548350345710475,1.3614281195332,1.6154358061674756,1.5864951139218155,1.3070337946970902,1.4367323005704895,1.1592575424482396,1.2252009754020408,1.045833532114556,1.313720118884199,1.2024163819014768,0.38931293750735746,0.6262278490537648,0.779410434897387,0.35636601666484774,0.13126029635015096,0.6367638734393842,0.5665815464048567,0.6310373853955901,0.5109727283782793,0.8110669986951711,0.3966969653512025,-0.23397431753223027,0.5204529849413292,1.118768483368887,0.8091508209016881,0.8730666994197526,0.9042023140370123,0.9943443044723062,0.6653237996255954,0.8263256734865135,0.7087614099225182,0.04622399460076274
ROI_018,0.5890662216331782,1.7257023303857653,1.8663463424691262,1.850935078850672,1.625865622071523,1.533289614436024,0.9094114441074655,1.94530781805258,1.7082862043513904,1.6153826777263587,1.6609462604028329,1.4182437750122685,1.6428516713678536,2.083958669891106,2.0934424306409904,1.566651339863036,1.8841916920830954,7.254328619247669,1.9921708602810957,1.4284866768488436,1.7861154517638704,1.4778578528832733,1.590451737634076,1.1914125315619404,1.2422054959717685,0.8043779145526042,0.7110610606976392,1.0635946669911072,1.1058852574049438,1.3691959395799311,1.3290468604687233,1.2783363245084942,0.683499614551746,1.5983026102873854,1.123157573400743,-0.07185106828018514,0.47386203994100146,0.6662925255128337,0.9355840089701335,0.40095943338111983,0.2047126103217582,0.8613001004388156,0.6583031889673028,0.8304603358916853,0.9799691835767205,0.6311015914855985,0.1496881530788668,0.3834012211734293,0.4216445239882425,0.11953353475046063,0.6799181911565102,1.4965630561166072,1.4016332775023639,1.7220121204060808,1.2449953541621215,1.8815044163286316,1.635779630173416,1.6296729621905588,1.3318666585612635,1.425437067257483,1.2241910983748405,1.4903933114649626,1.5537946807282152,1.7015347790338509,1.7495677810380204,1.9421197499627478,1.0861619175369333,1.6148932022017177,1.4695344354161402,1.931336026176812,1.5880492180067,1.2846576725978234,1.4041502757393887,1.1175393873342019,1.1139321802163897,0.9326450818752255,1.2268021033900918,1.0563916418419022,0.34198227209569665,0.605491379291941,0.8369086108391648,0.44952419039989827,0.09756998517535172,0.6412791421296141,0.5447750722056994,0.7274180020995538,0.4485694281673576,0.7536184554074989,0.40363892933087436,-0.2550380308966084,0.5304350802039192,1.0476134007918656,0.7342600963456145,0.7688054008507224,0.8151174206006918,0.9249573620238637,0.603942935220018,0.8565275427408569,0.6336935923597146,-0.04678495208950732
ROI_019,0.6423158607141118,1.5328469911122988,1.5719417599465941,1.592785706946956,1.521880929150308,1.4973032320948927,0.9478675034850608,1.5249994707285437,1.4520044366711802,1.5344988869859815,1.4825896467714017,1.3659338373115877,1.7570482122285787,1.7767787355139126,1.8515320415753937,1.4733635521189317,1.9016144608092558,1.9921708602810957,7.254328619247669,1.465629325758474,1.6631883238782335,1.3888664658394334,1.6045291096042253,1.177158234137432,1.2933433766957791,0.6832899088196648,0.6445966730766649,1.0406057524627979,1.123513798836957,1.3468246631556902,1.45798380072553,1.1939060007019884,0.7163935754889728,1.4015356680412034,0.9637221463325395,-0.017714056880746093,0.48173358450280573,0.6605133279399247,0.8706591967571525,0.39570358071999556,0.22838277311995403,0.7759327550933293,0.5273643654435164,0.9191238901485128,1.010640324776022,0.6026226129665496,0.1309748528465621,0.3982910616064835,0.5012039860564697,0.1983696020551226,0.8380677769615871,1.4280123720961566,1.2968337325526216,1.5712570487306687,1.2360375125591472,1.5686594598945132,1.3565649787446938,1.4592202795362583,1.246225461310682,1.3381432001685387,1.2047842827808417,1.5373930538581817,1.5548017390713573,1.5447723523867511,1.8340803766536777,1.819298252675551,1.0566828748850334,1.6147163580969155,1.4332216544017438,1.8432078965622203,1.450658139422261,1.2358027247503136,1.4578530822810845,1.1035853368936352,1.0725326193112479,0.9306794929862381,1.2639566245829261,1.1106780313967914,0.49295129172271457,0.6587829421343078,0.7602229417926238,0.40857097626482214,0.11382709544715873,0.49063444073497037,0.47957397092363313,0.5924186443367867,0.4770354473160429,0.7491374585219257,0.36827244261244013,-0.2465197469490344,0.5815357867613624,1.1154890882951636,0.755053741191209,0.8457464727909624,0.8592413057488064,0.9454644748813053,0.5873867212752684,0.8503912040287411,0.7024517969521897,0.047539341941892195
ROI_020,0.9671755848953546,1.626555011740416,1.3350862243374915,1.4961536489983474,1.5433355474170725,1.5191292496383957,1.316177366067491,1.1062530473799002,1.1730410273889502,1.4622982146664025,1.2281670625540855,1.4273063931957872,1.5572438001443119,1.2258363315857217,1.3718739341588513,1.6993069121520419,1.407330873705634,1.4284866768488436,1.4656293257584736,7.254328619247669,1.3922333075036353,1.2155712201630802,1.367538067100181,1.3928539748964863,1.3148546449334941,0.6517198537608176,0.8689214622503525,1.2039660339883655,1.2669854124462228,1.635001756171082,1.3598531802322529,1.0943716350621422,0.9055527523829241,1.2862261085773528,0.9148227701917713,0.26233663564046605,0.7999225276171978,0.8005207863839642,0.8307795802742457,0.48742179237369815,0.44765479030615246,0.8985375106432971,0.5419139376808588,1.2342927125378218,1.2794456719662024,0.8384188952620084,0.281188344566321,0.5480073797553114,0.8042930173431385,0.5229541503874794,0.9691838098568996,1.4548015865176134,1.4317945384493183,1.484140157419834,1.5284999378099533,1.253676781915218,1.1358995021289766,1.1630254812050358,1.2025670017413934,1.194814718886149,1.2368398960595246,1.2253810133552576,1.5152977004218995,1.1481599553971198,1.7827473759104557,1.2722754850740732,1.3801106164190613,1.1902476345165036,1.2548115692197914,1.4374300625215892,1.4830294178085384,1.0283335882352187,1.3347134038776245,1.2411031995165813,1.0863441910413707,1.0524575504979732,1.784236772361087,1.2859736354495859,0.6534803968763299,0.704155890741879,0.8364562307878344,0.48416291773997716,0.3280240381517289,0.49537327824389216,0.6232820710867562,0.6439050955299938,0.7342148205963863,0.9330482082546236,0.7235232826535812,0.017370511297462525,0.7145956644670334,1.094736792142406,1.0170115782409737,0.9728585020340266,1.1121471643615535,1.0558233498924898,0.8167978011982591,0.9709785247225845,0.9869542117940915,0.30515682017615003
ROI_021,0.6028349055860396,1.6076506831637485,1.7213308718604448,1.5586399529870811,1.3203489412998528,1.2814267593677375,0.8720486026188365,1.5968698855092873,1.4830922424290562,1.7458147504929389,1.6755318375413546,1.5358121772451203,1.6583604826614948,1.6915608254941588,1.9708015195904272,1.540166430239824,1.7137596898483796,1.7861154517638715,1.6631883238782343,1.3922333075036357,7.254328619247669,1.1898508930985467,1.4624210248441927,1.2150109674563376,1.352994728523441,0.8221046901481517,0.8762590344652418,1.2198210622821255,1.399413777799176,1.391111112927315,1.434681875194302,1.0972659179838273,0.7754636883512862,1.1635682252763757,1.1203856354239954,-0.05972000106330598,0.4880574655636586,0.5586096665154738,0.7847367799854497,0.2652007146368905,0.14938183355732434,0.8677960777594447,0.6239795180210963,0.9955774812703827,1.0646270876579327,0.7459310140027745,0.15589264171977582,0.44448925286153684,0.4593947121224055,0.1755694706717737,0.7340971055776753,1.4723795415923004,1.4686428726719902,1.5682442904435847,1.1637917440522156,1.51382520255246,1.464994170749209,1.531856302670637,1.4970435675500846,1.4782467643369206,1.4776447528599073,1.6355558085623179,1.6371423604079827,1.4884362111054057,1.8021456379940461,1.804501766272213,0.955041256044935,1.5298456966458316,1.3115900653914017,1.4997079576688284,2.034217410331499,1.2909420537328622,1.3683120961565616,1.0920250531917939,1.3141604352302716,1.0998570723938514,1.2609759616462635,1.2330144422039775,0.36539840652361066,0.5340243337156513,0.7926004027724722,0.3172713694770336,0.16327735570999058,0.6571186383654559,0.6682089184902382,0.6474591584234806,0.48628213927921576,0.8627779713974161,0.3418755645806704,-0.25667800720462475,0.5752526625963349,1.0847375585610344,0.8089655151081063,0.8089484418850909,0.8863510779220102,1.131030639661655,0.6899809285576023,0.884932975654835,0.6006815288137958,-0.025936118382433003
ROI_022,0.6391621491613023,1.3000143031378306,1.3366717548751739,1.480547800428169,1.3729795406348615,1.3692481831089938,1.0681630128737563,1.2545081541713172,1.2540296491006946,1.2986275869404944,1.3608575517994668,1.2835643901466245,1.3991846081518007,1.3855800038757287,1.3356854325690024,1.3715010458059145,1.6771794042607409,1.4778578528832726,1.388866465839433,1.2155712201630802,1.1898508930985467,7.254328619247669,1.3426717288272652,1.2886819235820584,1.1732583284309104,0.9310269166558174,0.674107300765243,0.9464309086539856,0.914554300323823,1.3006815516921444,0.9526032869352864,1.1394790689944838,0.8122090828484047,1.5487746693492732,1.1718472334353078,0.022848279194176025,0.5071435357713309,0.8436366605193992,1.1508329558896322,0.6425985255130203,0.3338000134302339,1.0215367824736945,0.8301496485079737,0.7086329872805741,0.9634376628606213,0.5958772038372321,0.3275993633527407,0.3649886200888267,0.49572914017630665,0.22367993504660452,0.6301470235373743,1.0939981643241108,1.1210723826447064,1.3130159779990276,1.156299528184266,1.2336200714931156,1.130848913957277,1.1247296169205392,1.0350023097396306,1.1161365632783409,1.0045649742148408,1.0698839379085512,1.1681847645287697,1.1517636288669562,1.2395030522698862,1.2965140863420195,0.9524159219829995,1.1228992197594188,1.0784104075928966,1.2877718183170197,1.1713747726899548,1.0142602234513642,1.1277344188607135,0.994622921194827,0.8830404456601112,0.8357006256234202,1.1033408425184406,0.9912184683222203,0.29421705876178494,0.6122055168428409,0.624272564871309,0.4295917228144117,0.06028139115366416,0.5237182882324728,0.37806902701665557,0.6245645915507357,0.49298137387309804,0.635043426359717,0.4906656859862107,-0.16735386974139427,0.4402348821719047,0.8279998989837304,0.7130047375463643,0.743555680369764,0.7981538552818709,0.6963339581988601,0.5590267514660747,0.5957652318527262,0.6488656632661481,0.12695082217311127
ROI_023,0.7305812149659615,1.4204365950115938,1.4072285882097932,1.4242830158083661,1.28623222737057,1.2154025584360026,0.9431793454473849,1.252695251811985,1.2311503517023654,1.4879301515876857,1.349493032051249,1.3487498836072165,1.557471514727402,1.6818241979144557,1.5482130637962503,1.378982790027354,1.6114022559454282,1.5904517376340754,1.6045291096042253,1.367538067100181,1.4624210248441927,1.3426717288272658,7.254328619247669,1.2417241380319668,1.276327824637708,0.778920579265051,0.6979910557650653,1.0315726314711315,1.0368621894470544,1.3827040862454667,1.1826908925428001,1.2054737055084916,0.7952991254036497,1.4604404673999671,1.0704338470088643,0.03430796171406196,0.5488684924424276,0.616532838828761,0.7965537479158096,0.444358238734289,0.2705110674693336,0.786691744399212,0.604840178435862,0.8769316111741614,1.024654035154387,0.6226155308394524,0.2241862207853429,0.5077111741243802,0.5357758367533171,0.292366044105347,0.8468024948285241,1.2498365356213048,1.2162796996760472,1.354552859529863,1.058674342506431,1.280220608784838,1.1580852870914253,1.1774241461699593,1.1623862474228788,1.1586640096885288,1.1200123526930668,1.2675755109000026,1.346497660987597,1.2470712446958527,1.5078637666864465,1.4716499332233244,1.0488618409731596,1.2688405586333882,1.2097187295837966,1.5784430773158586,1.319792343451139,1.0755957375695993,1.3477784891343172,1.0714334458656871,1.005402262135588,0.9541575309304046,1.2913019024192771,1.1313960004784855,0.44419001361001936,0.752395508324869,0.7086673040169903,0.3824103824782331,0.16183480141846907,0.5039134910760723,0.4860224101476808,0.5377733714353554,0.5612285564798472,0.7208462876127997,0.44815948989699794,-0.18870191590299484,0.5452615214181772,0.9586452109753979,0.6883801597463418,0.8341782821256704,0.7998762166684541,0.8542643857064307,0.5924625491576632,0.8258941483715994,0.6743775130946009,0.12669007074943955
ROI_024,0.8756794976129758,1.4298668596470203,1.1383109581111979,1.3408782581857295,1.163587038320906,1.138365200510139,1.1519832121427442,0.9754120148730185,1.01966124656468,1.566333766163183,1.3108201378340711,1.6274541926884887,1.4343963101794968,1.0774807002619342,1.1278839589253287,1.7225783338019451,1.4494249960621988,1.1914125315619404,1.177158234137432,1.3928539748964868,1.2150109674563376,1.2886819235820584,1.2417241380319664,7.254328619247669,1.6455317771984248,1.0140967395067182,0.9427115211796655,1.3358157259557282,1.3059827704281328,1.4364998865978589,1.231726918178849,1.0411429890386912,0.943486563905226,1.1790854707797978,1.136141749297333,0.19311806325932057,0.7974966398613377,0.6892158820703075,0.9216924815902378,0.46755828575548103,0.41830095986875254,1.0825489885605135,0.7918123775197079,1.1289934469925444,1.185189581108834,0.8499406689773044,0.3865641438642449,0.473941416224389,0.7784679180359739,0.41278794798601426,0.8488838570326418,1.1549794583381543,1.3115229681749396,1.199847923379903,1.0770433593395417,0.9732042579139006,0.970583773215634,0.9677355364901915,1.2090850326460747,1.065894943863955,1.3193778688202207,1.0717859461642172,1.2354548139574157,0.9359431571681759,1.2030133269039203,1.0535432220193064,1.018564065717736,0.9800884764099465,1.0156646382757364,1.067023440160361,1.1949456260823486,0.9698540511646052,1.1674408234900437,1.1421671036863679,1.1761729180323677,1.131196826982332,1.5295514227571512,1.3853830524797734,0.48966043226442085,0.611095581411191,0.8216184865605525,0.36786713220843936,0.30454937533598236,0.679391510054367,0.6624814331808465,0.6177376531257069,0.8032069089064322,1.09981351700426,0.670698461117617,-0.0006047704307778603,0.6006023055539902,1.0126939981632799,0.9901259899565057,0.9427729006543677,1.118681736073878,1.068015188623276,0.891461909158358,0.8408908772400056,0.9019627477870795,0.3018691989234226
ROI_025,0.794033360189021,1.486399612795649,1.1958869962226215,1.2754818826641017,1.0334058503264838,1.0257674881269139,0.9770259111785371,1.0695233120435723,1.0186649868249467,1.8903996007491701,1.4217393330888835,1.9837493521105467,1.7132958774290332,1.1119865893015353,1.182585999157957,1.6148852771357654,1.4888603081824392,1.242205495971768,1.2933433766957791,1.3148546449334941,1.352994728523441,1.1732583284309104,1.276327824637708,1.645531777198424,7.254328619247669,1.0583249237148886,1.0692928920079445,1.4555573292511932,1.325645311471645,1.3360932959756147,1.3409327351794151,1.0337112550299197,0.8620663614070049,1.0368929307117107,1.1034621230865254,0.08302248473576174,0.7064268676608169,0.5712427899723345,0.7211327992506149,0.2912302817230988,0.2680015146526397,1.0421472584433906,0.7290287740464614,1.2035048367298034,1.1257949460568133,0.8083658637111731,0.26514333907889737,0.3961719547441991,0.6644322670961379,0.3354177068746248,0.8377125358495027,1.232142197790298,1.302218311297725,1.215140417877848,0.9298417716506279,0.9880033819565555,1.0187758165325187,1.0219640787515547,1.355582318984516,1.1918731319763363,1.5305019298075435,1.3640757552914904,1.394090441660097,0.9895752010500203,1.2995710817094024,1.1058877234665931,0.8424810112755204,1.082305115465849,1.0234860361942257,1.1361686040285472,1.2599895617796526,1.0554094000206675,1.156349101759065,1.053140779828047,1.3484373409301624,1.276023453391374,1.453648287159914,1.6027536248417389,0.4494971643999437,0.5519473162771301,0.7149142719475263,0.21797185149767392,0.20348576088719908,0.6211694449416467,0.6535334893013521,0.4724834399927486,0.7395413614042713,1.0424754148414928,0.46043147379460575,-0.16990248513891926,0.5139913441592647,1.0411825090064326,0.8844910312971502,0.9335825177354313,0.9775758619819901,1.1775840184960662,0.7715816923678437,0.7633486630577163,0.726175549153039,0.18614241946197882
ROI_026,0.45479938453633184,0.8804677693501679,0.8122773859606403,0.8137361197072572,0.5753953603573417,0.5901681210820782,0.6098451254857193,0.7801994019575745,0.710590796305613,1.0232326031531096,1.0871121953167346,1.1464993086470352,0.8870127721220983,0.7550058860226312,0.7313467998921245,0.9139131761650872,0.9151934169886748,0.8043779145526042,0.6832899088196648,0.6517198537608178,0.8221046901481517,0.9310269166558174,0.778920579265051,1.0140967395067182,1.0583249237148886,7.254328619247669,1.0054855016687787,0.8897467649672782,0.7452600659134461,0.7856379258424033,0.648783939714612,0.7515205938715972,0.6263199619609827,0.7459561535860082,1.2575117899779449,-0.0546450610187722,0.47197080114054557,0.3574408760184743,0.6339378094081072,0.2380906255363143,0.1197946618548267,1.0569135470424185,1.2167386464795589,0.6142027532813545,0.6937139676655985,0.5732817335145218,0.36137621352728316,0.25715202588858177,0.31520617686887864,0.0906207215147682,0.35814440883961113,0.7226436400329668,0.8149557765587683,0.7497539315528551,0.4983055560142463,0.6375775813045429,0.7496610124496959,0.6900659879546117,0.9340678539101432,0.8286768455139829,0.9683186529039808,0.7931568144605043,0.7636060971797921,0.6434693224808694,0.6366420983308625,0.6828523554414242,0.4792923334605755,0.6333429007316608,0.5819109290072021,0.6512755809004005,0.7811250107358267,0.7331469496769195,0.6853018939542633,0.70039789057737,0.9292251478971688,0.8476607178112359,0.7725777877924528,0.9536385395471924,-0.056179513142665394,0.29654476918583816,0.4618349769360218,0.08978399392522034,0.062077168923330116,0.8361845785358804,0.5384727312513485,0.41848608882002847,0.4998789894390842,0.6907682977671611,0.3285118697815221,-0.2030718602745048,0.1888421782293005,0.5551007488995018,0.5436911851809609,0.5646293939336082,0.5832303974445158,0.7154533378947179,0.5683561865662814,0.3656850309188488,0.35697426151752143,0.023187285128828082
ROI_027,0.7222021395809287,0.9628244446219522,0.7944255132691034,0.8187577475773006,0.6296098540858039,0.6384511768696259,0.7638643453351306,0.7018473568063218,0.6998797829501009,1.0272772066127795,0.9086700539847095,1.0856856035067075,0.8962785171302388,0.6586099853788464,0.7340716334182003,0.9957984839187662,0.8037031050366136,0.711061060697639,0.6445966730766648,0.8689214622503524,0.8762590344652418,0.6741073007652432,0.6979910557650653,0.9427115211796653,1.0692928920079445,1.0054855016687787,7.254328619247669,1.1970785767390293,1.0588245964232363,0.935561615875115,0.8014683385299515,0.7133167168236475,0.7303265918880097,0.5855365753294748,1.0029662309936593,0.1835100640039847,0.7670338374158785,0.4516663593422013,0.5473005907890492,0.14815746414342085,0.2247293110908674,1.063861443755844,0.8060630999896365,1.096336232100024,1.0307573965183447,1.0994386916287104,0.3666132528698539,0.4132420503373799,0.5539503584814108,0.35922152872389057,0.5656248495643027,0.9040202791507939,0.9729300834249535,0.8420531417103568,0.6649411023671742,0.6300942312743962,0.7807005915942177,0.7377270823957666,1.0374858779256815,0.863064164514176,1.0830624421880195,0.8805951676387382,0.8976212051453863,0.6456774483128903,0.7936767780761018,0.6556030249657623,0.6525978159388183,0.648053963244818,0.6523160432770855,0.6469397453083475,0.9233309095263882,0.7363382597702938,0.7499160632320735,0.821982206392881,1.0458195544927178,1.030971634851773,0.9827015304696494,1.1314228470615806,0.23339481467009793,0.32400753169917323,0.5913287956006212,0.15828483976443972,0.4644416299579414,0.760965319799481,0.9988627329163585,0.5330000029632146,0.6710678922224443,1.0454286582916565,0.48911316446326036,0.02951041716192946,0.48413675918514437,0.7852046789439175,0.8916720476043041,0.7912091584534139,0.8534677641879956,1.0859852886628107,1.017985000758513,0.6419053453044966,0.5173072285613658,0.18430803318878766
ROI_028,0.6896245389303673,1.4032488554495715,1.1390412692186263,1.189654001806706,0.9959284798659601,0.9680246014494316,0.8152370273612559,0.9898163420438779,1.0083216782852906,1.5450298136573466,1.1501256554469046,1.4681971296115268,1.2215428763488456,0.9967801129566791,1.1529990991950723,1.4358809997773188,1.1865515881734359,1.0635946669911067,1.040605752462798,1.203966033988366,1.219821062282125,0.9464309086539858,1.0315726314711313,1.3358157259557277,1.4555573292511925,0.8897467649672782,1.1970785767390293,7.254328619247669,1.5799716951795135,1.4864600944291444,1.2020034980907015,0.8586014921154932,0.7763246771790482,0.8978536030453429,1.0361027853296578,0.08381146063390053,0.7028499432383689,0.5553642938728599,0.7289061600896353,0.21312946802409294,0.20350707271839735,1.0010936970870539,0.6905017945975788,1.3081183081553829,1.0707466797045655,1.0981930000317424,0.2039684374856575,0.36404345383619896,0.5896863526641429,0.3193763660027376,0.7255010510091974,1.314885710369101,1.4227483112431984,1.2023634300555748,1.0025644244913945,0.941444499796477,1.0931481209641438,1.0686124076044279,1.5443787296040377,1.2607368964318053,1.618140433920419,1.223986253399667,1.3740729143525994,1.0174775596753962,1.2294122506876692,1.0647742774301674,0.9529486501250621,1.0875520692841463,1.1679141989377495,1.0913582062363387,1.2778598205769327,1.1981491455207984,1.193130641260241,1.32070807275172,1.4844225610068706,1.4377623315956187,1.46381197036377,1.566833612848669,0.4773375166639532,0.4545241975746131,0.9942467264200012,0.3785479932122865,0.4024264018767916,0.795598128933406,0.970416901140899,0.74727126317367,0.6568528368569695,1.3046621364478899,0.5127246059205633,0.022688923920999932,0.6901130820922832,1.1637211634425224,1.2584029954196407,1.0595784796265213,1.2454928320264507,1.268848815084968,1.07857779796182,0.9951961035761964,0.6773235710553176,0.15188508627706085
ROI_029,0.7444313410998827,1.3804858679440568,1.2035896164678792,1.2419771955225025,1.0527690779599685,1.0518161753753443,0.8736692033765193,1.0041094041109044,1.0592797159946783,1.4748488098995531,1.1801847851087297,1.3791589959386603,1.2896100903502374,1.0185713493153277,1.2218700499307538,1.4464510458385917,1.2401701050941207,1.1058852574049438,1.123513798836957,1.2669854124462223,1.399413777799176,0.9145543003238228,1.0368621894470544,1.3059827704281328,1.3256453114716447,0.7452600659134461,1.0588245964232363,1.5799716951795129,7.254328619247669,1.332715637973986,1.3011972102132303,0.85661276230251,0.7077308511857362,0.8998141516170772,0.911619292072653,0.0840646671906561,0.6801176711397066,0.5783554082563511,0.660398201832174,0.18662019363929744,0.19330297035436794,0.8454266672054603,0.5687912939137851,1.255672450679566,1.0747940456980007,0.9087347456653606,0.14364809986877064,0.3849101825272894,0.6932823318007925,0.32167048953596805,0.8612377627821506,1.3675198638229424,1.4854845516389015,1.2559568768575204,1.0684132526995458,0.9766150799986106,1.1204137315244265,1.1082790438540182,1.4398183185059124,1.3087942239569772,1.6228922005240456,1.3191629426028422,1.4332137062424366,1.0660335001362224,1.3174698970097436,1.1292457168143881,1.0310840834308963,1.189940070653572,1.1572786377252857,1.0656724459406677,1.4228680205917925,1.1716889459059452,1.3215195253291931,1.251586805935398,1.4568689964921036,1.3682206316866152,1.4891964516957559,1.4224192841251493,0.524967666223681,0.49087229443568653,0.9269189357771025,0.3371999777658232,0.42035457855454655,0.7082762238327662,0.9434915471059439,0.6906379818586552,0.6762232284920742,1.1034749301243219,0.4663791583863971,0.002809972203577885,0.737968448905258,1.2751527982828892,1.1288049045271376,0.9984168511298458,1.135670293657243,1.323534843142834,0.9405420341999571,1.0157773400895431,0.77589744444255,0.1276264997251455
ROI_030,0.7882787004830957,1.5757296534174785,1.4046273390280732,1.4756690787085511,1.352072905836125,1.3003143313664747,1.0249891257362356,1.1319154364591892,1.1619252955947132,1.491496533219411,1.2116729459627398,1.4753566473040634,1.499837973254,1.2371673159493703,1.4143725111078738,1.5885254857667492,1.4203756091763229,1.3691959395799311,1.3468246631556895,1.635001756171082,1.3911111129273157,1.3006815516921444,1.3827040862454667,1.4364998865978593,1.3360932959756147,0.7856379258424036,0.935561615875115,1.4864600944291448,1.3327156379739864,7.254328619247669,1.281348702799307,1.0409627286343939,0.8692902744911503,1.2233402979666868,0.9613003227892454,0.11574315881582127,0.6948422669510498,0.806362465441807,0.9804617759198997,0.4858745744435022,0.3394970985803761,1.0038041869078231,0.639628503454582,1.1889331906670997,1.1105229058493067,0.9823220417243947,0.2698237045864653,0.45618914406001526,0.6046068314634728,0.3737158305687998,0.8275744231550223,1.4302673602474947,1.3974585398139472,1.3725228732522907,1.2814074142612144,1.2005288562129026,1.1630718287273858,1.1568927082159948,1.2975931001235221,1.219672950969249,1.3345671137267612,1.2713351892367535,1.4647204886725564,1.1625826514132547,1.5661609099988585,1.3250635241903561,1.1690104467857747,1.2002900860172783,1.2494614980146905,1.3605613971685844,1.4630364707897257,1.1544199903475507,1.359674744813513,1.3415720730890424,1.1375703214735173,1.1641271292360005,1.5573825633315046,1.4606888895221328,0.5681841153585093,0.6317139471425617,0.9056846563331397,0.491267968103204,0.2982288956602553,0.5424259199425144,0.6976525224346766,0.7552391544943052,0.6609932356252447,1.0911425192640465,0.6094286670399455,0.002451683610632398,0.7158949307320122,1.1296161168298369,1.0912008633775852,1.000936824403936,1.2206408669865545,0.9798342925005824,0.904249843740928,1.001916598144907,0.790834885664753,0.22504034713182675
ROI_031,0.7184506244475293,1.5344894690269255,1.2361944352235408,1.3393159747913603,1.2132308438482144,1.1484884416577081,0.8400824534370149,1.1950880843271374,1.1829818685010278,1.47035109950273,1.2066275482068969,1.3915807021749809,1.49271698853597,1.1916208136945183,1.3291797817194582,1.4960636407949868,1.3990011231116668,1.329046860468723,1.4579838007255292,1.3598531802322529,1.4346818751943027,0.9526032869352866,1.1826908925428001,1.2317269181788495,1.3409327351794151,0.648783939714612,0.8014683385299515,1.2020034980907015,1.3011972102132303,1.2813487027993073,7.254328619247669,1.0004418188476567,0.7235507173263144,0.9403027009110231,0.8610451490346246,0.00755859511543936,0.5601438833449576,0.5325704602998559,0.6641385394595907,0.17645398628219747,0.18980788278891148,0.8253728930503402,0.4923344418451286,1.3606761957376763,1.1322788785840974,0.7968375055903467,0.07876473137225858,0.3570095048987868,0.555282269501664,0.2424247367069699,0.9511981106173258,1.4995543960430804,1.40105642877922,1.3560588473369115,1.0918478060729249,1.1780392664312525,1.1811791931451854,1.2454136236687385,1.2890241796327617,1.2088135006470953,1.3745073825539231,1.4359717159809586,1.4467468618099812,1.200730549342972,1.544580751818701,1.2917734098187534,1.0171278026827113,1.310402342318307,1.154011513243114,1.2888943391643357,1.3301641853915889,1.1331441986066504,1.3530879013412964,1.1176507812672383,1.273525771382231,1.0725513840012324,1.3416505110269752,1.261082383950371,0.6253985890959517,0.5404013269604033,0.919993840994243,0.3015171701285434,0.32584618955110534,0.6293375906109664,0.7581801157177449,0.6368499067782243,0.5694182578966289,1.1058040541476242,0.3814629460599403,-0.12404109500955907,0.7468475378410604,1.2187766692183675,0.9706036483034894,1.0375918015122045,1.0976650545477604,1.4790258168157517,0.886969638127913,1.1359448015527203,0.817472750844222,0.0799938578427704
ROI_032,0.6906887604945684,1.3195496576301784,1.1594565375581403,1.427911097618661,1.2824091534535806,1.1744746793315897,0.9158040187809455,1.194653586957043,1.262695901601583,1.1627349842888908,1.2188867236642482,1.066672670875724,1.2036402914452249,1.2581574340322632,1.2073195933155962,1.2736878185781395,1.2375697615739552,1.2783363245084942,1.1939060007019884,1.0943716350621422,1.0972659179838273,1.1394790689944838,1.2054737055084912,1.0411429890386912,1.0337112550299201,0.7515205938715972,0.7133167168236475,0.8586014921154932,0.8566127623025098,1.0409627286343939,1.0004418188476565,7.254328619247669,0.8038736141629496,1.1862865061823615,1.0129764939968182,0.07325921389666411,0.6855162973265583,0.9250122770808084,0.8686395463469844,0.4630973049795373,0.383687901002562,0.8511482285839596,0.7487763483936333,0.8080030364314787,1.0417841897213869,0.7751269229672103,0.3527151466584091,0.4456269893398615,0.5379266393747618,0.2708109998496004,0.7336291628871507,1.1619031409377534,1.2222036242333518,1.438147128521406,1.017328294570582,1.2294827540512667,1.1680737782774429,1.2241249533674248,1.0972062485817156,1.115720641548983,0.9489249279386321,1.1300690708543422,1.227302727797081,1.242172953786528,1.1631463629649956,1.168529259362335,0.9579315869744098,1.1531560561656318,1.0512290760854368,1.21539158287617,1.0420730092272668,0.9859026340405889,1.1724250595240644,0.9162737012456713,0.8570713165843993,0.893313240518721,1.0257528900316752,0.8827737116642628,0.3897671600478212,0.9831725780763608,0.766085411355573,0.45331466951203675,0.28144159091341003,0.555369140058953,0.5928454427215955,0.6594627481213147,0.6159173203548484,0.6648686922985141,0.38740205160090074,-0.07031122561418653,0.5893594769489067,1.0432404647947169,0.7583841879091279,0.877452099114281,0.8125220046817457,0.8419117152189306,0.6841149028421039,0.770782348784401,0.6779219720822924,0.12361336169225147
ROI_033,0.9306052737634296,0.8019982745392092,0.6738041671798592,0.747347028736078,0.7495946459426805,0.7283254921183341,1.1345981101435245,0.5768176615241389,0.6708252160547962,0.7992715710050767,0.7539817516427504,0.9013999964942089,0.8855709158624346,0.6698401120637069,0.6758403901972234,0.9272776702761533,0.8069852379527112,0.6834996145517462,0.7163935754889728,0.9055527523829241,0.7754636883512862,0.8122090828484047,0.7952991254036494,0.943486563905226,0.8620663614070049,0.6263199619609829,0.7303265918880097,0.7763246771790482,0.707730851185736,0.86929027449115,0.7235507173263145,0.8038736141629496,7.254328619247669,0.7238096535359628,0.8089266387598557,0.4681626177439312,0.6355799054506475,0.6078006092583512,0.7402829056370525,0.5446295051388493,0.6353775028296653,0.8479938994090174,0.6039974138273452,0.9338759972532048,1.1131635437346385,0.7493401332321662,0.603055762832973,0.6740356275783627,0.8098999078073571,0.6394594112872932,0.6990654768012808,0.6598166148292403,0.7352752047346215,0.7462754489347939,0.7432275195890883,0.6061620118979503,0.5166075566833499,0.5947191250835828,0.6353759422013322,0.5984423947792085,0.713242056792538,0.6384024078277509,0.7175232567452237,0.5388283325165091,0.7466819584621465,0.6183743201560495,0.5738142513328389,0.5696914046941886,0.527359574971239,0.6124166653234521,0.7815821738559736,0.47368939760176365,0.6601232740556079,0.5704875826897358,0.5846360551737666,0.6541303583392672,0.8510700955662206,0.8067772404098652,0.3532203276441699,0.492590335084735,0.3839427180177754,0.24268941256088813,0.2709924818460717,0.2822124447102068,0.3786033336591436,0.3130806575529975,0.8082362667442217,0.7165417236835527,0.5476688802415444,0.06991384014701056,0.48668750814141937,0.497044981056447,0.6440940011531197,0.645813060637862,0.7553690522106729,0.7233793546235006,0.6261348544496392,0.4859279274403751,0.730835446065963,0.5728801004621802
ROI_034,0.6730520317198015,1.371001945241423,1.3018189326348284,1.4442782566025054,1.4467430103569494,1.3774360227830074,1.0470292167794626,1.2368206594918563,1.2985028416367532,1.2303583219395664,1.169922604362806,1.1294558088114497,1.2566587455558662,1.4435091708899443,1.3811197181749884,1.334065384412135,1.4448195070179337,1.5983026102873847,1.4015356680412034,1.2862261085773528,1.1635682252763757,1.5487746693492725,1.4604404673999671,1.1790854707797982,1.0368929307117107,0.7459561535860082,0.5855365753294748,0.8978536030453427,0.8998141516170775,1.2233402979666868,0.9403027009110231,1.1862865061823613,0.7238096535359628,7.254328619247669,1.0587185472497824,0.11062242375017861,0.5908034334671839,0.7757738574465345,1.0628800505435387,0.6728305724701223,0.4071342567734659,0.8336344406577775,0.7087693643698486,0.6895362042887307,0.9262260887275267,0.5785313820867625,0.30915731361878784,0.48496688447635083,0.5350139760573929,0.2723030206578352,0.7142781471968677,1.1305379841873953,1.1390167031072156,1.3585890382742896,1.209725039646204,1.3620503838349627,1.181793467346278,1.1875792153112474,1.0237387931665696,1.0866960684538693,0.9048335324476687,1.0282812300677018,1.179818759620582,1.2270575142945481,1.238696787302142,1.3092879472992045,1.1657830862097016,1.1893422765133377,1.2604550973153468,1.508443697767386,1.126490544983705,1.045836778673848,1.2113503493513302,1.1303485351356013,0.8364128800267473,0.7871641259233838,1.146670083760922,0.868243664307437,0.35335317626997415,0.7091078063708133,0.8119493825572952,0.6548203316389775,0.14580893394818534,0.5632028451950952,0.4363236215743676,0.7414346572708747,0.5785449715542755,0.653858678969404,0.6216430888217522,-0.049387208332795834,0.5251122335879449,0.8766207274325262,0.7177886543452655,0.7319793338569308,0.817804842311499,0.6917895081012349,0.5637538443683776,0.7325340992811805,0.7549261194380931,0.14222374424750403
ROI_035,0.5787444441863943,1.1445969453382125,1.0797297962450476,1.1794782377238413,0.9554368447988392,0.918820378903492,0.8751964708604809,1.1096121930999157,1.0898045320418588,1.2176270978405694,1.3632273899871472,1.189059326227309,1.0693452525823373,1.1772004254060402,1.1219323013455307,1.1798443232419422,1.2376452969519867,1.123157573400743,0.9637221463325395,0.9148227701917713,1.1203856354239954,1.1718472334353074,1.070433847008864,1.1361417492973325,1.1034621230865254,1.2575117899779453,1.0029662309936593,1.0361027853296578,0.911619292072653,0.9613003227892456,0.8610451490346247,1.012976493996818,0.8089266387598557,1.0587185472497826,7.254328619247669,0.037486374200625415,0.562197809109533,0.523646509935498,0.9596414938325557,0.3519278354652797,0.2630818168546262,1.1283248637955277,1.2656289475013434,0.7366777598410222,1.1222111697454982,0.7873987549197575,0.44755270753466786,0.4517037583291262,0.4238811120349107,0.16344503968464694,0.4537900461931425,0.9369476095470259,1.0912218945983276,1.1424172487148403,0.8881491140518829,0.9406859661737947,1.0657525022084327,1.0792924277666085,1.0863675463457574,1.0442917023570841,1.0271614661856499,0.941722217221803,1.0023129677210276,0.993725056929639,0.9362372921986319,1.0311605704427853,0.7028827044398981,0.8937922962483309,0.8531347258787375,0.9459610000377154,1.052375548170744,0.9090953938401721,0.9051312592242841,0.8713247885441457,0.9656149632493467,0.8140132480739566,0.9285011249130699,0.8918680320612671,0.06104588847838305,0.391031920417719,0.6439678250153205,0.3364127699450893,0.21626837280878655,0.956295626158092,0.6664250195049096,0.6781217721347944,0.5128796480061989,0.7813103419368816,0.44298708993729075,-0.12722612493745844,0.4183897967116585,0.745230070766743,0.7310227850244319,0.6904763131344941,0.7660680922255859,0.9068661034246648,0.7658141941805361,0.5595476645028924,0.4536739843575577,0.04139587849984086
ROI_036,0.582853019194474,0.022967542166523913,-0.10382940106138866,-0.029087194372721704,0.08608135459667426,0.13282801234418753,0.6038181968477595,-0.2441867046072308,-0.08023463880652262,-0.020283395914896737,-0.0718590565438656,0.03913707841693489,0.06840428703167606,-0.11738214899632664,-0.07990382125932942,0.10205500150781223,-0.022620580287595275,-0.07185106828018514,-0.017714056880746093,0.26233663564046605,-0.05972000106330598,0.022848279194176025,0.03430796171406196,0.19311806325932057,0.08302248473576174,-0.0546450610187722,0.18351006400398476,0.08381146063390053,0.0840646671906561,0.11574315881582127,0.007558595115439361,0.07325921389666411,0.4681626177439312,0.11062242375017861,0.037486374200625415,7.254328619247669,0.6216206820139968,0.27986007088133646,0.14591711889840697,0.5684275080006865,1.1709441475824083,0.16994746623058388,0.05902784952640962,0.3379828146612898,0.40567213778162475,0.2814547907446767,0.788964056963376,0.7044447717294138,0.8993179204103052,1.365395212862563,0.311826851212,-0.05084525064403126,0.0036978335614586987,0.00483679276357273,0.19419437955842353,-0.09051786431237428,-0.19994801644487556,-0.12609202239664835,-0.0964293307846223,-0.09011200530294029,-0.05048739028480003,-0.10527451678641579,-0.007853867251321311,-0.15587576828633454,0.03776820268335101,-0.1304147028327391,0.18975302161269997,-0.13942505144257072,-0.04836506071684456,-0.046331957786561295,-0.026515044147641068,-0.1836003946752367,0.023130241689769113,0.09309689572020352,-0.11764065460286983,0.018178851916294266,0.2372823659691923,0.07144253851418467,0.3945320264682804,0.2518870686727229,0.0022170055290887123,0.328990518775461,0.4463262419066393,-0.17596775268823048,0.027239097270903716,-0.045647813194059396,0.6562845184398376,0.16212492716943216,0.7319204976009047,0.7263754432330995,0.24319411801546784,0.0014756866084341652,0.2639194076227561,0.12215169704167074,0.289672618031559,0.10630746688155747,0.2712880402723734,0.06979078058210834,0.5719701372924004,1.2081506655092356
ROI_037,0.8374782070440707,0.6834899641396632,0.4699988794513303,0.5978159762251856,0.5642904990979485,0.5629968508617109,0.8456236654165471,0.3494883778107483,0.42618185782955775,0.6026818270742498,0.47530419470091323,0.6355456039100993,0.5969067522657729,0.40987358454176087,0.4643902463427015,0.7144784291620088,0.5228453645745762,0.47386203994100135,0.48173358450280573,0.7999225276171981,0.4880574655636584,0.5071435357713309,0.5488684924424276,0.7974966398613377,0.7064268676608169,0.47197080114054557,0.7670338374158786,0.7028499432383689,0.6801176711397066,0.6948422669510498,0.5601438833449576,0.6855162973265583,0.6355799054506475,0.5908034334671838,0.562197809109533,0.6216206820139968,7.254328619247669,0.6445211416033123,0.5561868827391904,0.5072127583761064,0.7435747298599908,0.637085256397159,0.5627242167150285,0.8387554769210606,0.8592852824481334,0.9215453269826913,0.6218565085493564,0.6186169455466414,0.92985846778566,0.8654918918086647,0.662376960406749,0.6016924110722411,0.6674903026489649,0.6069205486725262,0.6529732414586226,0.4374022287751152,0.4406678002911638,0.4518097410620003,0.6058349168587943,0.4974803073587715,0.5738225505032178,0.47617214331577973,0.6155363420057858,0.40799484106414957,0.5639536821544257,0.4085323895869725,0.7085580418881802,0.38650715141428177,0.5210036863613919,0.5055863371551162,0.5242877435668469,0.44123795355994494,0.612091602465244,0.7105906813216925,0.5180278313734986,0.6682377778498069,0.8435525482186339,0.7253516418777913,0.5352641694418048,0.6484089760376105,0.5911569418420625,0.5361499596856184,0.6826889634159032,0.4023534885809258,0.6319721480040997,0.475606213777182,1.08961758437508,0.7929585407769614,0.9042095825790972,0.49366536702230085,0.6601951898078233,0.6771035110809247,0.8695233879573426,0.7390984039008464,0.9268456096290596,0.6582990667980383,0.879813519276665,0.5697459825014324,0.7686425030660384,0.6938126268886029
ROI_038,0.6057483439989509,0.7369879492646553,0.6920483876876775,0.8386905801069234,0.9214579912842266,0.9217103924988536,0.864706401579714,0.5892873362876091,0.697043246516396,0.572894549822868,0.5888073775720059,0.5622490605574202,0.6826086819998061,0.6260378331358432,0.6718102368509314,0.7840101877380357,0.6707825083489247,0.6662925255128337,0.6605133279399247,0.8005207863839644,0.5586096665154738,0.8436366605193991,0.616532838828761,0.6892158820703073,0.5712427899723345,0.3574408760184743,0.45166635934220123,0.5553642938728599,0.5783554082563512,0.8063624654418068,0.5325704602998559,0.9250122770808084,0.6078006092583512,0.7757738574465345,0.5236465099354979,0.27986007088133646,0.6445211416033123,7.254328619247669,0.8960971598963481,0.7191990727302516,0.6285765606751993,0.6124649702935238,0.48687032294138943,0.5569317141665784,0.7222006720884873,0.7171245241436177,0.4216547186640567,0.39131008549786045,0.648491158617028,0.4784451052127403,0.5384553564913386,0.7166091534295561,0.7213467739244155,0.8100802793487817,0.9170567932729305,0.6823796539934536,0.6276527699709329,0.6476765103623647,0.5422044723855345,0.6222591642670801,0.5191515697006016,0.5988762958467969,0.6923710212724924,0.6723658717778852,0.7209558098322524,0.6702490505471441,0.800241301853641,0.5927463134982445,0.6329887472948237,0.6543223499596114,0.6319602296699882,0.5502154367768528,0.73436356501689,0.643270947453642,0.42866812864374254,0.5318035020599776,0.719139249091715,0.5349919837463455,0.5172313167862805,0.7651395864526165,0.501557553859727,0.5377910504231728,0.367866109749692,0.2223140320343963,0.3590461745549591,0.5850323786700591,0.5854667599704089,0.4496158838029186,0.5300074075689232,0.25801114522124446,0.6780297270456395,0.71978706578515,0.7155192513687398,0.6869170290123077,0.7320991682900762,0.4606351808801251,0.6057381244968082,0.6154548105267972,0.7021330064771931,0.38599242708954773
ROI_039,0.5237005168631886,0.8781559262529018,0.9068420388302765,1.0265703601400173,1.0872049268975483,1.0462978302517987,0.9439388781354641,0.8883596883746371,0.9797090720769778,0.7609399679093233,0.9010124172392578,0.7640168139283888,0.8293587011359993,0.9556082751324433,0.9374207480296665,0.9088329049292155,0.9589428711073019,0.9355840089701333,0.8706591967571525,0.8307795802742457,0.7847367799854497,1.150832955889632,0.7965537479158097,0.9216924815902378,0.721132799250615,0.6339378094081072,0.5473005907890492,0.7289061600896353,0.660398201832174,0.9804617759198994,0.6641385394595907,0.8686395463469844,0.7402829056370525,1.0628800505435387,0.9596414938325557,0.14591711889840697,0.5561868827391903,0.8960971598963483,7.254328619247669,0.8583817509259115,0.5399088177056033,0.9546367535229864,0.8730285690060279,0.5568847923958951,0.9152221116605032,0.7577977772435806,0.5441709450587175,0.4767443585653137,0.43242258300430425,0.2053795393170277,0.35963561275699024,0.7229416517470904,0.7753838107189952,0.9196607539762056,1.0411719099511623,0.8465112607387132,0.8213138755964512,0.8941839436145549,0.6696241665405118,0.7136621933233565,0.6024015443422837,0.6664078464407616,0.7336610240494404,0.8533735712801214,0.7764268899600653,0.8978982075283068,0.6704210718419972,0.7135871153500801,0.7829419743705958,0.8030857801261797,0.7772540540185435,0.6694566982424995,0.7319472339334852,0.7277365544034083,0.5027336977479718,0.4707994759099078,0.7120866870400339,0.5846145855258285,0.1830291996341397,0.4169532530809315,0.5844540821613442,0.6194557199197588,0.14935505989852546,0.47912097991089836,0.3591835830976085,0.7888409299039564,0.41101786202243024,0.6566915244021844,0.5473382398539903,0.05247864596406145,0.4757423367010669,0.646853709979884,0.6872398746967133,0.5445325972384182,0.774719145959103,0.5396210230664705,0.6370585711740758,0.5190547726691921,0.5246894009523988,0.18373439605839761
ROI_040,0.4927948341384769,0.32233151769581414,0.3350021475710555,0.381992503238805,0.534181718626689,0.5625371530617785,0.7863392327763575,0.24262990584412114,0.34700443086355215,0.25230308523436545,0.29042965511897445,0.2702554648013443,0.38651485765320903,0.38130637911339094,0.3403080941037596,0.36554143411273754,0.39038895569095156,0.40095943338111983,0.39570358071999556,0.48742179237369815,0.2652007146368905,0.6425985255130203,0.4443582387342889,0.467558285755481,0.29123028172309884,0.2380906255363143,0.14815746414342082,0.21312946802409294,0.1866201936392974,0.4858745744435022,0.1764539862821975,0.4630973049795373,0.5446295051388493,0.6728305724701223,0.3519278354652797,0.5684275080006865,0.5072127583761064,0.7191990727302519,0.8583817509259117,7.254328619247669,0.971556384644075,0.4433530058636861,0.36890070045876977,0.22428467852700548,0.49855472322751565,0.29810828959834623,0.7998566903807643,0.5877279164471664,0.5175640697208755,0.5380001246894708,0.29322241147611006,0.20962335846867436,0.21787810160992638,0.334760071975809,0.5114921298377746,0.37097215565773645,0.21225490990223206,0.25024116500112936,0.13046894570315873,0.16835409648805513,0.09906547127721763,0.1636563615267277,0.22959664008531652,0.2542853735925677,0.32507696421475474,0.3226493593038592,0.40654584035395513,0.21518481651867122,0.2978282010315446,0.37008534223764705,0.23985674281896197,0.15206121483856624,0.26906446046826565,0.3289371611508332,-0.0061809058478934035,0.09138522269146221,0.3702670950356185,0.20179876041901085,0.26224203959539255,0.43797914686260087,0.15987005825391795,0.6546121460011558,0.07820574529701105,-0.05790735881202156,-0.0957026050620553,0.28952357875104884,0.43843554151708597,0.2141994630624897,0.7334628984637063,0.2768537585587854,0.23613639986265453,0.18511860227560833,0.2781500671507816,0.17582871794690097,0.3818592439404118,0.04839807256292175,0.20898906777089687,0.13975636604520622,0.5161913630759832,0.6146363757665374
ROI_041,0.6075011732586723,0.2613615477167001,0.16911198936047422,0.2651346793368084,0.38325616839240356,0.43323277067648136,0.8768473575007175,0.07466790646291614,0.2018921617617145,0.16635641222356157,0.17204555686771875,0.22947108113449077,0.31034450971357674,0.17564029537518897,0.17633568448536824,0.3228636977897135,0.23491033752110613,0.2047126103217582,0.228382773119954,0.44765479030615246,0.14938183355732434,0.3338000134302339,0.2705110674693336,0.41830095986875254,0.26800151465263966,0.1197946618548267,0.2247293110908674,0.20350707271839735,0.19330297035436791,0.3394970985803761,0.18980788278891148,0.383687901002562,0.6353775028296653,0.40713425677346593,0.2630818168546263,1.1709441475824085,0.7435747298599906,0.6285765606751992,0.5399088177056033,0.9715563846440747,7.254328619247669,0.42383826129503455,0.3407760325290144,0.39820158563344843,0.6086581288930033,0.4970576203210184,1.1578695341488983,0.8881657228519342,0.870100530729106,1.0078049348536484,0.37131299377882626,0.15314032015528284,0.18705527821778542,0.2582263845050346,0.4331514253088971,0.20048168897686464,0.06441978395287307,0.14732971570076975,0.05990802156229039,0.08881218435933788,0.07033452599799124,0.09259162897136253,0.17968698247433254,0.1071760614871618,0.23409955046892458,0.1467409730241737,0.30101530154004685,0.07067861035490725,0.1316368151469478,0.17824296025732256,0.16359108719365223,-0.004660512631485701,0.20531102139785684,0.20251180662453142,-0.01875887101005024,0.08170338727899451,0.3629525720076029,0.17484861557160275,0.34571561081529817,0.4110125006384895,0.1512595589570877,0.48253553480638983,0.32479337022224514,-0.03555487501799358,0.045720430152682026,0.17363272185315398,0.6444594545124536,0.2715056039701679,0.7205557263298251,0.5460558093689559,0.3237931713375242,0.17086199437356678,0.3415706259380608,0.24423329600565155,0.4128517960216806,0.20432840559324292,0.3878139365492401,0.1830639419448213,0.6711880776297966,0.9570978995843136
ROI_042,0.6304825657925821,1.0507154330013302,0.8751222761253895,0.9815975496830874,0.8608497615829571,0.9056000592576222,0.964494344467947,0.8716652594262599,0.9282889345983811,1.0068399130365626,1.0640525023180614,1.1610861125732928,0.9873607979311504,0.8434543461482059,0.8521773604070113,1.0667386273324366,0.9564518135596433,0.8613001004388156,0.7759327550933294,0.8985375106432971,0.8677960777594447,1.0215367824736945,0.786691744399212,1.0825489885605135,1.0421472584433906,1.0569135470424185,1.0638614437558438,1.0010936970870539,0.8454266672054603,1.0038041869078231,0.8253728930503405,0.8511482285839598,0.8479938994090176,0.8336344406577774,1.1283248637955279,0.16994746623058388,0.6370852563971592,0.6124649702935238,0.9546367535229864,0.44335300586368603,0.42383826129503455,7.254328619247669,1.2410770351387925,0.8787200097871901,1.108728199296078,0.9735748416962241,0.5739361867583108,0.45755568701911586,0.4859937737432331,0.2946166667901013,0.5224639390311991,0.9098662181631415,0.9732221715170557,0.9774066010226645,0.844948975133948,0.8051715299356549,0.8942718773965003,0.9045537861926057,0.9260679108002986,0.8771967776536056,0.8801300033106572,0.8373311477636819,0.8956097385420879,0.800003335030419,0.8139169305358246,0.8089215870386571,0.6481958003821898,0.729745247784157,0.7041986176182703,0.7622929492784788,0.8660048063872843,0.7857694316932419,0.8124404762058667,0.838970886619504,0.8403917732035148,0.7874889437814404,0.9082794505673195,0.9277034704699844,0.16052272675132007,0.3717564509475921,0.6570666313430551,0.3456933441272293,0.2704442888382558,0.7878468618713393,0.6652414931957122,0.6835834859052131,0.611516723686401,0.8861706262945953,0.5481581133047353,0.053995563325970254,0.43847894514826247,0.7056721833061249,0.8811997573301283,0.7777527996570929,0.922068663844824,0.8975508549272447,0.8946520314541346,0.5220981268955094,0.5680044853257328,0.20346813033058161
ROI_043,0.38247513292590807,0.7687957553202909,0.6701695978730804,0.7541112207357796,0.5938861809441619,0.5942962253645896,0.6565039918208381,0.7165236019690492,0.730864390293014,0.7322790272894631,0.8598354017416576,0.79805580227106,0.6599635612559528,0.6948808239595845,0.644160132065416,0.7663765132734978,0.717456319391022,0.6583031889673028,0.5273643654435164,0.5419139376808587,0.6239795180210963,0.8301496485079737,0.604840178435862,0.7918123775197076,0.7290287740464614,1.2167386464795589,0.8060630999896365,0.6905017945975788,0.5687912939137851,0.639628503454582,0.49233444184512853,0.7487763483936333,0.6039974138273452,0.7087693643698486,1.2656289475013438,0.05902784952640962,0.5627242167150285,0.4868703229413895,0.8730285690060277,0.3689007004587698,0.3407760325290144,1.2410770351387925,7.254328619247669,0.4861088028308522,0.7487879025109849,0.7662753451575283,0.6348831458157576,0.3463991567163075,0.2859062337647872,0.13344890776809623,0.2215797656822249,0.6120795596099927,0.7314397673622294,0.7413046867056053,0.5726972610908,0.5991445760480852,0.7241195857438781,0.7316261078999166,0.72643515760855,0.6993523314150352,0.6549233744578855,0.5895244185250672,0.6288688783797823,0.633481228638206,0.513508622883814,0.6167428087872109,0.3969145982451974,0.5001747819676275,0.48912010966119446,0.5366960515837051,0.6199391736333181,0.606413544253617,0.5924769817750274,0.5800761521010058,0.6409169247585718,0.588972946004133,0.5833345661244614,0.6208037619265288,-0.14839897516295064,0.2801949366019828,0.4874526619327274,0.25461969028775266,0.16097401692763172,0.9522131376218268,0.5509408989333743,0.6197009687374037,0.4725523566983131,0.5922114232574531,0.3418391613678869,0.03882811582592515,0.2887300884825198,0.4950364865905938,0.6099802137837844,0.560645384817594,0.6155644142055844,0.5993587288759521,0.6944899703476283,0.28582047645355807,0.2727816257468224,0.06772155835263033
ROI_044,0.982150404428752,1.1409472233631197,0.892490994914834,0.9219043313973855,0.8622150229389915,0.8556004813353989,0.9601112517769143,0.7115082976000603,0.7879689369503462,1.1139049203142741,0.8712623977565813,1.1766550026375373,1.1308873572836176,0.7419120469369785,0.8552284512853303,1.2060222123059936,0.9404825775974472,0.8304603358916853,0.9191238901485125,1.2342927125378214,0.9955774812703827,0.708632987280574,0.8769316111741614,1.1289934469925444,1.2035048367298034,0.6142027532813545,1.096336232100024,1.3081183081553824,1.2556724506795665,1.1889331906670997,1.3606761957376763,0.8080030364314787,0.9338759972532045,0.6895362042887307,0.7366777598410222,0.3379828146612898,0.8387554769210603,0.5569317141665784,0.5568847923958951,0.22428467852700545,0.39820158563344843,0.8787200097871901,0.4861088028308521,7.254328619247669,1.3165480164122687,1.1219748696995848,0.2891513948255822,0.519996850883511,0.8727102967472625,0.6059800716255225,1.0541673700882823,1.102052472024136,1.104341238613788,0.9770727048021939,0.9088117599458367,0.7501109683687831,0.7649198785515451,0.8171591768532377,1.0324405544185833,0.8843343123121316,1.1625737104106522,1.0261730839184937,1.0872272187208514,0.7491270038912703,1.0886507482666559,0.7972641555322928,0.8868941556888461,0.8363921980664539,0.8337051616408606,0.8472727928729866,0.9954546029854718,0.7951172248937914,1.0187676289486647,0.9903664233416439,1.041859122393524,1.1016945462493515,1.3750880447572496,1.338079059766597,0.7344223102366162,0.5427424838828611,0.802213207446645,0.30850821187466915,0.5869763046356532,0.5217232756386221,0.890844134050978,0.526892777458303,0.8737428045822039,1.3060235405165597,0.5982249751787649,0.14428142591547533,0.8147855563570476,1.042014802763179,1.1623602301424585,1.0561736544712024,1.2739403914438774,1.485149381021239,1.1897177748876382,1.0496319858767917,0.9873349550324861,0.41588316834250266
ROI_045,1.047990334646286,1.154404537480979,1.0046837883519284,1.1025021942345004,1.1119811436139289,1.1083718035728225,1.4102411902158565,0.8642607851238955,1.0198144995915859,1.094502309807193,1.067194240774353,1.108330456445983,1.163523625323145,0.9758601181606777,1.0137689957485874,1.2496491581108975,1.0985617583417382,0.9799691835767205,1.0106403247760216,1.2794456719662028,1.0646270876579331,0.9634376628606213,1.024654035154387,1.185189581108834,1.1257949460568133,0.6937139676655986,1.0307573965183445,1.0707466797045657,1.0747940456980007,1.1105229058493067,1.1322788785840974,1.0417841897213869,1.1131635437346385,0.9262260887275267,1.1222111697454984,0.40567213778162475,0.8592852824481336,0.722200672088487,0.9152221116605034,0.4985547232275156,0.6086581288930032,1.108728199296078,0.7487879025109848,1.3165480164122687,7.254328619247669,1.0798359426808126,0.5716689786169087,0.7729226965516273,0.9135894784011132,0.5986479900899248,0.851962082037189,1.023476951478445,1.100124554504491,1.1454218928165125,1.1368417630067438,0.8718421789850123,0.8717420796428095,0.9810193246184538,0.9458332503610787,0.9112683498894506,0.9564268883201025,0.9556954615919502,1.026282904154789,0.8814583044565618,1.09538413120211,0.9227951688036615,0.8812868404370946,0.8542414584791065,0.8541312473428951,0.9266780281169974,1.019723199216732,0.7575035274255737,0.9685170379429181,0.9316702973530676,0.8259545365824112,0.8157407091408656,1.1718532902489556,0.9601037436621388,0.48690885814311047,0.5601661545563675,0.6550130847654508,0.417936097810011,0.48710306808687187,0.5673879057204654,0.6911663078347631,0.5982720791233316,0.7462614390282045,0.9860613054789609,0.6849947655560615,0.11344209802162346,0.6963402969487786,0.8685466332570897,0.9872220465061041,0.8969032266799545,1.0765283364321256,1.2176925766413744,1.0202316506527218,0.7731881900504466,0.9163338716374051,0.4064597324809363
ROI_046,0.623237170041011,0.9251039866810884,0.730990303969931,0.8235880662740308,0.7468015528509397,0.7211967375655869,0.7478355429378079,0.6512986401319129,0.7328248678590467,0.7904601059338545,0.6966414411043371,0.8007388827079863,0.7364284881343313,0.6303496896699075,0.7269832334681631,0.9219504345718463,0.680927647882965,0.6311015914855985,0.6026226129665496,0.8384188952620084,0.7459310140027745,0.5958772038372321,0.6226155308394524,0.8499406689773044,0.8083658637111731,0.5732817335145218,1.0994386916287107,1.0981930000317426,0.9087347456653606,0.9823220417243947,0.7968375055903467,0.7751269229672104,0.749340133232166,0.5785313820867627,0.7873987549197577,0.2814547907446767,0.9215453269826913,0.7171245241436177,0.7577977772435803,0.29810828959834623,0.49705762032101836,0.9735748416962241,0.766275345157528,1.1219748696995848,1.0798359426808126,7.254328619247669,0.531386179405555,0.5248562949291379,0.5965489374293456,0.4721077932927305,0.5645212701643636,0.8650415126647569,0.9516738321570621,0.8812062044438347,0.8534340480778049,0.666096327487186,0.7607387316866373,0.8059423835677043,0.8799975883932232,0.7586625501162882,0.8333808600383704,0.749360435332767,0.8459629621390339,0.6983383274537847,0.7821523587587026,0.6883793093121361,0.6650752917135685,0.6276758877246155,0.6794034477903476,0.6306784345597828,0.8152916050630702,0.7070396686694093,0.7802414634077741,0.815220095406965,0.7804645133854333,0.8454248980480029,0.8656420121160289,0.8571134252624029,0.4087734055420163,0.4651354820354846,0.8337066970298923,0.4363338353247306,0.672337533733176,0.6874836979230302,1.0612633054703218,0.8286302822072209,0.7052948928209866,1.135067240336928,0.5117256217781834,0.3345616335893203,0.8485312355498804,0.918563209788572,1.22901738240601,0.9308224379126868,1.192311383414355,1.0118750465531607,1.5838231453223288,0.8547676608249835,0.5897246969451421,0.32132033685324324
ROI_047,0.4433498924109831,0.1875679056492044,0.16137332009898375,0.19953430376052736,0.24113257575307645,0.26784209594712444,0.6453915413235699,0.07250549010673432,0.16343965033818594,0.16635578457194408,0.23141015976915372,0.22641915604007343,0.23951607169066044,0.17323116013357315,0.1412576787937987,0.24280520942739836,0.19048114423865545,0.1496881530788668,0.1309748528465621,0.281188344566321,0.15589264171977582,0.3275993633527407,0.2241862207853429,0.3865641438642449,0.26514333907889737,0.36137621352728316,0.3666132528698539,0.20396843748565752,0.14364809986877064,0.2698237045864653,0.07876473137225859,0.3527151466584091,0.603055762832973,0.30915731361878784,0.44755270753466786,0.788964056963376,0.6218565085493563,0.4216547186640566,0.5441709450587177,0.7998566903807643,1.1578695341488983,0.573936186758311,0.6348831458157576,0.28915139482558216,0.5716689786169087,0.5313861794055549,7.254328619247669,0.8733306322753558,0.5083074008253036,0.6460106158973862,0.15334986588752633,0.06362785337964687,0.13668180775445274,0.1946000675919706,0.26284740126797823,0.11425911822965282,0.0534101220096121,0.12664658564227274,0.08395545095571416,0.06413034997758571,0.07245314264476775,0.04664266738455453,0.1133418185377985,0.06511036165570815,0.14307194706933138,0.106565158344612,0.09104001503013959,-0.002935234504504159,0.03669149535549959,0.0807146462274005,0.11480955620079163,-0.028018786628707156,0.0991304067795946,0.1350953394298851,-0.012653251941896556,0.0753797918398624,0.23599028512289186,0.176365674600343,0.023151090052740627,0.244120967073497,0.04805037186757058,0.32192884660677873,0.23943805727240516,0.12686185449986798,0.09092783420304328,0.16152509444126809,0.5119903547062222,0.26003881304295107,0.536963552488303,0.370456850979595,0.14042938723475099,0.05621659048425066,0.2627211778779398,0.1316186013772597,0.32055868327409226,0.1809699765647729,0.3783160869765067,-0.011966463211603605,0.286920563597,0.6592474636482337
ROI_048,0.6329810250777085,0.3587804092526258,0.35733140102941147,0.3649553055174448,0.440332908568487,0.4967528095723819,0.7964963576380792,0.2589570469876946,0.37385117008272745,0.3546256240139852,0.38130611809224,0.3936408637253138,0.4513305333654674,0.42738787987443894,0.4263960066935433,0.4010837567352128,0.39248874663134187,0.38340122117342923,0.3982910616064835,0.5480073797553114,0.44448925286153684,0.3649886200888267,0.5077111741243803,0.473941416224389,0.3961719547441991,0.25715202588858177,0.4132420503373799,0.364043453836199,0.3849101825272894,0.45618914406001526,0.3570095048987868,0.4456269893398615,0.6740356275783624,0.48496688447635083,0.451703758329126,0.7044447717294138,0.6186169455466414,0.39131008549786045,0.47674435856531366,0.5877279164471666,0.888165722851934,0.45755568701911586,0.3463991567163075,0.519996850883511,0.7729226965516273,0.5248562949291379,0.8733306322753558,7.254328619247669,0.6961007949462499,0.7501559798477507,0.4418980135992371,0.3051468360283469,0.3330999961370827,0.3841353587466228,0.484521980249536,0.34526795510439057,0.24967349019623944,0.3558384720195223,0.28556999099711944,0.28408117941281597,0.254540979087911,0.3060266228991264,0.34337303638481176,0.31614142858560496,0.4460185124425053,0.38691724770285524,0.3725856961459855,0.2815033361019369,0.3150731113502357,0.36736639770003165,0.3940615155144576,0.18819730127856657,0.3424320155374361,0.3577561544221207,0.1783859998922999,0.22874750037833133,0.45300394752594414,0.32323488250145316,0.28296839827090925,0.3692743969836217,0.19137671015059698,0.34703391006138956,0.2887472545695053,0.12427588679782936,0.2038677705087296,0.18498464228800265,0.5064342437609685,0.414156391549272,0.5847701455446009,0.2523671023308372,0.36033913790439326,0.26229625256586075,0.34530480167221456,0.27696643530867165,0.43459698173006656,0.4214778112182202,0.43076464925428654,0.3028693757181858,0.5540056759702954,0.5875408402296184
ROI_049,1.0860136698217502,0.5575210686255274,0.42358793420267493,0.5178522575824474,0.5785353909840572,0.6182805410481623,1.1281285664680063,0.2593284625724018,0.39392274344913014,0.5216673400544978,0.4433684943379255,0.5907352516676028,0.6063018411887503,0.346085322086783,0.41520708801047473,0.6944096067630873,0.5297549451951403,0.4216445239882425,0.5012039860564697,0.8042930173431383,0.4593947121224055,0.49572914017630654,0.5357758367533172,0.7784679180359741,0.6644322670961379,0.31520617686887864,0.5539503584814108,0.5896863526641429,0.6932823318007925,0.6046068314634728,0.555282269501664,0.5379266393747618,0.8098999078073571,0.5350139760573929,0.4238811120349107,0.8993179204103052,0.92985846778566,0.648491158617028,0.43242258300430425,0.5175640697208755,0.870100530729106,0.4859937737432331,0.2859062337647872,0.8727102967472623,0.9135894784011132,0.5965489374293456,0.5083074008253037,0.6961007949462499,7.254328619247669,1.1662547576983773,0.8642216192754315,0.49406515089011266,0.5674412292511938,0.523199241339543,0.6653786351508104,0.3420265668754602,0.29227467561705683,0.33902811470848637,0.4262037745535764,0.4298202618855696,0.5103734847867313,0.4409517111792084,0.5325943682238807,0.3161866667521022,0.5533130211117512,0.3592837217744617,0.6964269995204801,0.3726798811360921,0.4191637998935492,0.4148826524286058,0.5052158038328086,0.2998070402914396,0.5431044907642455,0.5376231005810622,0.4251847708659252,0.5403982885516413,0.833981933593959,0.5978539912671519,0.6800340229966904,0.5934111833078404,0.3692355615730633,0.3133483571825735,0.5590730939466657,0.14246217816377743,0.36447953032756514,0.20886262150461615,0.9638256855035408,0.5628720029849763,0.7836330527380905,0.39471813699807384,0.5741820461419672,0.5205741515261928,0.6548256881110066,0.6005026327326042,0.6957033231580249,0.6456777519000219,0.6272942321634887,0.517582824916798,1.2433122772573786,0.9111621053988265
ROI_050,0.7922988629692939,0.26026815874812104,0.11951473734315841,0.18341730792859343,0.26889825995842964,0.30988210034877595,0.7753503922274109,-0.048765548159309016,0.0912275494610281,0.21710033401618684,0.11937601466949431,0.2749260762553348,0.3119122524748463,0.08305748619124688,0.13468562451944935,0.34195927980094293,0.19374043370162025,0.11953353475046063,0.19836960205512258,0.5229541503874793,0.17556947067177364,0.22367993504660452,0.292366044105347,0.41278794798601426,0.3354177068746248,0.09062072151476819,0.35922152872389057,0.3193763660027376,0.32167048953596816,0.3737158305687999,0.2424247367069699,0.2708109998496004,0.6394594112872932,0.27230302065783524,0.16344503968464694,1.365395212862563,0.8654918918086648,0.4784451052127403,0.2053795393170277,0.5380001246894708,1.0078049348536484,0.2946166667901013,0.1334489077680963,0.6059800716255225,0.5986479900899249,0.47210779329273067,0.6460106158973862,0.7501559798477506,1.1662547576983773,7.254328619247669,0.6189935195993654,0.2114246174342888,0.24656122979119763,0.22099442388637142,0.387903458185877,0.10438191399624976,0.003793555883048469,0.06721477984198003,0.15361784924390004,0.1407156734520115,0.21112871649492237,0.1498557224112299,0.24437451104731656,0.042180397029082606,0.2905998853232387,0.09098371614885255,0.42496811573171805,0.06532966012364025,0.14252928665653303,0.17537376210318034,0.22055826594338368,0.04408121512945433,0.27498568319983185,0.3147258424252035,0.1365308205009608,0.30534032695958996,0.5064319924803427,0.36707629857101814,0.656570178072013,0.4789488916873715,0.13172583682213296,0.3048476126327983,0.5632807613443159,-0.08153506933380063,0.18261053085092593,0.027757942750659036,0.8822321522314311,0.33868304497471907,0.8142386608596563,0.629945897353417,0.44741192038283284,0.23279772164370202,0.48881556777794444,0.4059124347622061,0.5159831877486265,0.31097767800206627,0.46316912398165627,0.2842927681839497,0.7958720495151056,1.4071279798690144
ROI_051,0.9426819005561419,0.8412509888881291,0.6608569001797937,0.7085773911033939,0.7053927468486549,0.705070852594059,0.7988967565960793,0.5241228142731216,0.589548720913117,0.8004760479769621,0.5983814684061131,0.7994272843905378,0.902713427989533,0.6093174641317162,0.6698293124685089,0.9016806121300728,0.770933464663626,0.6799181911565102,0.8380677769615869,0.9691838098568996,0.7340971055776753,0.6301470235373742,0.8468024948285241,0.8488838570326418,0.8377125358495027,0.35814440883961113,0.5656248495643029,0.7255010510091974,0.8612377627821508,0.8275744231550223,0.9511981106173256,0.7336291628871507,0.6990654768012808,0.7142781471968677,0.4537900461931425,0.31182685121200004,0.6623769604067489,0.5384553564913386,0.35963561275699024,0.2932224114761101,0.37131299377882626,0.5224639390311991,0.22157976568222493,1.0541673700882823,0.851962082037189,0.5645212701643636,0.15334986588752633,0.4418980135992371,0.8642216192754313,0.6189935195993654,7.254328619247669,0.888407717744742,0.823259039065035,0.7651591885022648,0.7066139040280014,0.6658717379797447,0.5691859580275339,0.6016255479121814,0.7443170881763082,0.687129596544912,0.7761223806899521,0.8212418614593562,0.8637423525770564,0.6045576937268496,0.8456703385044188,0.6418709490484317,0.9581295872468505,0.7460735220046348,0.7314738474762389,0.7605948234859232,0.7320670253813183,0.6842681908664344,0.9246709862663464,0.8661757865487403,0.7283545451454323,0.8785634081680788,1.052663821928136,0.9248122331899172,0.9407723029943609,0.8766172227941349,0.6402241001832986,0.3542780117648542,0.5786736126572497,0.25596627749501527,0.5560317253672465,0.35576758700958266,0.8636115115600781,0.7644399939099262,0.5140139496844837,0.19150849743722803,0.8327449647707436,0.9059446780809154,0.7890519081622748,1.067211611471123,0.8951500060360575,0.8762362964351813,0.6823634291162235,0.8499867854706559,1.1549686837303461,0.49202631157282156
ROI_052,0.6592139660697186,2.017395583430843,1.5091996096637321,1.694946283863853,1.3997045319622776,1.3317022545027921,0.8427503845576575,1.460533140895509,1.465328845267216,1.6065344913555863,1.3308415279906165,1.457323186098731,1.4413856622689987,1.3545382674221675,1.5310702652084858,1.6976504890221091,1.405920312729283,1.4965630561166072,1.4280123720961566,1.4548015865176138,1.4723795415922998,1.0939981643241108,1.2498365356213048,1.1549794583381545,1.2321421977902975,0.7226436400329668,0.9040202791507939,1.314885710369101,1.3675198638229418,1.4302673602474947,1.4995543960430804,1.1619031409377534,0.65981661482924,1.1305379841873957,0.9369476095470262,-0.05084525064403126,0.6016924110722411,0.7166091534295561,0.7229416517470904,0.20962335846867436,0.1531403201552828,0.9098662181631415,0.6120795596099928,1.102052472024136,1.0234769514784452,0.8650415126647569,0.06362785337964687,0.3051468360283469,0.49406515089011266,0.21142461743428884,0.8884077177447423,7.254328619247669,2.0014015915504326,1.8632482636830294,1.2705573244871369,1.4755743941270036,1.7320376863332505,1.6000496847527885,1.7048674096920482,1.670234691948056,1.5622157770447773,1.6460054419179588,2.0445456691368236,1.570455827074854,1.7199949239877679,1.4860073751541527,1.3115480856705097,1.5907144335611874,1.5257220396548263,1.611813947184125,1.5756459974961228,1.5564316770082893,1.8508201906206208,1.4622802912055848,1.5282385155702725,1.3413742118344998,1.5162589436893732,1.320386718825599,0.5087951911392568,0.6677807211513286,1.0824698971663353,0.41471819440270596,0.3481394862380055,0.7605134822538182,0.8597629374942187,0.8554697823026968,0.5516618636786411,0.9771144427963574,0.4183810158886539,-0.05513103888703635,0.8121392429060532,1.452275919432283,1.0946877463032367,1.2734463101595817,1.1061130974725846,1.2301054738458594,0.8828948136398262,1.1551073798618452,0.7534335724555289,0.019761126104973513
ROI_053,0.6982709936843546,2.042911908800505,1.4201164211119606,1.8198010231087252,1.426267390443402,1.3080141945139288,0.8993589624596822,1.3887084300142878,1.5041065359082753,1.7142233053210465,1.4394006193776212,1.5127310961843194,1.3520208986638573,1.3109851892090711,1.5114630869706223,1.9211942536456252,1.4524120794795499,1.4016332775023634,1.2968337325526216,1.4317945384493183,1.4686428726719898,1.1210723826447064,1.2162796996760472,1.3115229681749396,1.302218311297725,0.8149557765587684,0.9729300834249535,1.422748311243198,1.4854845516389015,1.3974585398139476,1.40105642877922,1.2222036242333518,0.7352752047346215,1.1390167031072156,1.0912218945983276,0.003697833561458699,0.6674903026489651,0.7213467739244155,0.7753838107189952,0.21787810160992638,0.18705527821778542,0.9732221715170557,0.7314397673622294,1.104341238613788,1.100124554504491,0.9516738321570621,0.13668180775445274,0.33309999613708274,0.5674412292511938,0.2465612297911976,0.823259039065035,2.0014015915504326,7.254328619247669,2.0810837071061132,1.3631485900401323,1.3532448558258643,1.6877258891982865,1.6046609352366756,1.9397229655820079,1.8227039776255363,1.720392181192967,1.5297670390472609,2.0657566870660484,1.550298227150477,1.6027818019826747,1.4331430316619684,1.3030459809088886,1.5491569669706353,1.5290485792168997,1.4587991054962215,1.6392983477079963,1.597232598638551,1.7669310301573264,1.4781239064244656,1.6547246325758422,1.4553550370996662,1.4767554977433692,1.3240623205007755,0.4593196996091763,0.6956049680209876,1.1602072253255011,0.4290603983195966,0.3872753748905122,0.8717919380637197,0.9611507328139027,0.8989125557355128,0.6217579165313046,1.0001824904076537,0.4456578943995281,0.0004097326001753502,0.828837550386441,1.486635027757129,1.2214406163201426,1.2727759611296208,1.1933589945205392,1.3082353140046985,0.9656884679494364,1.1158434065317049,0.7521719250030449,0.048914252112094665
ROI_054,0.6588763943997634,2.0762606515358697,1.629078077655568,2.320725378125763,1.8385719724534464,1.6370336832973764,0.9893930853723016,1.710988840874169,1.9212291944173692,1.6143683574381842,1.5400769567748738,1.39206284398542,1.4585021326487884,1.6459165690944932,1.8288941122700313,1.8216429808109202,1.6400160950161224,1.7220121204060808,1.5712570487306687,1.484140157419834,1.5682442904435838,1.3130159779990276,1.354552859529863,1.199847923379903,1.2151404178778475,0.7497539315528549,0.8420531417103568,1.2023634300555746,1.2559568768575209,1.3725228732522907,1.3560588473369115,1.4381471285214065,0.746275448934794,1.3585890382742896,1.1424172487148399,0.00483679276357273,0.6069205486725262,0.8100802793487817,0.9196607539762056,0.334760071975809,0.2582263845050346,0.9774066010226645,0.7413046867056053,0.9770727048021939,1.1454218928165125,0.8812062044438345,0.1946000675919706,0.3841353587466228,0.523199241339543,0.22099442388637142,0.7651591885022648,1.8632482636830294,2.0810837071061132,7.254328619247669,1.5808907383277637,1.7038769316964248,1.942137220346967,2.0045718049963632,1.5798376434138248,1.7492058619498005,1.3610960685957052,1.541684434250949,1.9829764709977193,1.9363142888964908,1.7972967942900602,1.7510040945704497,1.2693455833379363,1.7306504825307603,1.6143609587093894,1.7474964857741435,1.619086650437254,1.5086846925408586,1.695638755244912,1.3024103358130563,1.2790676645818282,1.118201754513322,1.3322003070978914,1.1065462633089405,0.414702404303341,0.7331517756694685,1.0425907523039437,0.507453153198519,0.290331417585291,0.7623647952419262,0.7635977908264107,0.9023806540939,0.5423002453167594,0.8397251523403994,0.42692576825266815,-0.06313337978081686,0.7379772226623177,1.3492400354490541,1.0273190213082766,1.063857555805,1.0437115174488572,1.1372147370157268,0.8334661525857905,0.9963071443283067,0.716935100708857,0.02189442384001258
ROI_055,0.7457748860330805,1.3568304553635087,1.2169724350485063,1.5338619117226937,1.9465951468602405,1.7773816664004691,1.1589371436235134,1.136426751112178,1.3474948968839862,1.1089483731882308,1.0872741746911914,1.0370127564558462,1.099647561207175,1.1920498609759154,1.3419169225926713,1.3935095178102936,1.2330092650855424,1.2449953541621215,1.2360375125591472,1.5284999378099533,1.1637917440522156,1.1562995281842665,1.058674342506431,1.0770433593395419,0.9298417716506279,0.4983055560142463,0.6649411023671742,1.0025644244913947,1.0684132526995458,1.2814074142612144,1.0918478060729249,1.017328294570582,0.7432275195890882,1.2097250396462045,0.8881491140518831,0.1941943795584235,0.6529732414586226,0.9170567932729302,1.0411719099511623,0.5114921298377746,0.4331514253088971,0.844948975133948,0.5726972610907999,0.908811759945837,1.1368417630067438,0.8534340480778047,0.26284740126797823,0.484521980249536,0.6653786351508103,0.387903458185877,0.7066139040280016,1.2705573244871364,1.3631485900401323,1.5808907383277644,7.254328619247669,1.2619744400804793,1.2364215270203358,1.3418298958147692,1.0370334077944168,1.1385009821159275,0.9613801431202028,0.9975412308681714,1.311700707608982,1.2884662030896445,1.453465041688639,1.2853586770977328,1.330864918396471,1.2113217755880075,1.2867290146722503,1.2988888890261325,1.266412401301433,1.054075063836709,1.2438853863605726,1.1755558090604283,0.8845222951378396,0.8064524077381062,1.2353087753321732,0.8473162507885414,0.5286102311309301,0.639283710076457,0.9457392278463587,0.6811646781277558,0.3508859856339098,0.5567387011574534,0.6218483236601509,0.9195683893744301,0.5275097103093132,0.8041694771073634,0.6454272546641818,0.12448368197483982,0.8015911317357958,1.0829808323703136,1.0728617697472327,0.8751981504275456,1.117518034611938,0.9167046337891904,0.8391628120495688,0.9407052149983046,0.8617914544483558,0.19447914736922564
ROI_056,0.47673499477040293,1.5709880716925735,1.467677878062384,1.6048672633083587,1.5407810178178794,1.5130852680073459,0.8097230924489883,1.8122054115269497,1.7603244488087617,1.3123297052637184,1.319933688616856,1.160097321378679,1.332416238674278,1.740607658350199,1.8513890273399793,1.3377332954440089,1.4932541143213791,1.8815044163286316,1.5686594598945125,1.2536767819152184,1.5138252025524606,1.2336200714931151,1.280220608784838,0.9732042579139009,0.9880033819565555,0.6375775813045429,0.6300942312743965,0.941444499796477,0.9766150799986106,1.2005288562129026,1.178039266431252,1.2294827540512667,0.6061620118979503,1.3620503838349627,0.9406859661737947,-0.09051786431237428,0.4374022287751152,0.6823796539934536,0.8465112607387132,0.37097215565773645,0.20048168897686464,0.8051715299356548,0.5991445760480855,0.7501109683687831,0.8718421789850123,0.6660963274871862,0.11425911822965282,0.34526795510439057,0.3420265668754602,0.10438191399624976,0.6658717379797447,1.4755743941270036,1.3532448558258643,1.7038769316964248,1.2619744400804793,7.254328619247669,1.7765627563195077,1.782533041667111,1.2747847141249988,1.4153576452738024,1.085752673035181,1.3785322587238718,1.497082813716137,1.8644108135737683,1.6150596852278887,1.8968176288267113,1.08669191100744,1.641397375906963,1.5025954825528496,1.777037130347504,1.5060829565026945,1.4044104874674506,1.4132870269349238,1.1097263906629224,1.0602595895092013,0.8987772920982214,1.0572537471911287,0.9035019296075919,0.3443599625958992,0.6621932148421238,0.9507297470853541,0.5196211295234374,0.13837694941589063,0.6532741599812388,0.6016890391339091,0.8566149358176621,0.40792787614146103,0.6924885887681856,0.3559654874712667,-0.15710448398879095,0.5978691776877906,1.1147829004422074,0.7782239483586748,0.819942539494308,0.8308336784804305,0.848878128838179,0.6183295747340094,0.911981017723504,0.6163535600509844,-0.07939049591977357
ROI_057,0.43579297307270687,1.6742307082913583,1.5471823862398206,1.7537926821885739,1.4316607574526856,1.3514897676041548,0.7053392749401518,2.023514974651107,1.9334062782486783,1.4203371920009784,1.4707297571829896,1.2221323277149356,1.2073550956238797,1.6362021455293634,1.776887659465568,1.3803719872098623,1.417727662929707,1.635779630173416,1.3565649787446943,1.1358995021289768,1.464994170749209,1.1308489139572775,1.1580852870914256,0.970583773215634,1.0187758165325183,0.7496610124496959,0.7807005915942177,1.0931481209641438,1.1204137315244265,1.1630718287273856,1.1811791931451852,1.1680737782774429,0.5166075566833499,1.1817934673462784,1.0657525022084327,-0.19994801644487556,0.4406678002911638,0.6276527699709329,0.8213138755964513,0.21225490990223206,0.06441978395287307,0.8942718773965003,0.7241195857438782,0.7649198785515451,0.8717420796428097,0.7607387316866373,0.0534101220096121,0.24967349019623938,0.29227467561705683,0.0037935558830484695,0.5691859580275337,1.7320376863332514,1.6877258891982865,1.942137220346967,1.2364215270203358,1.7765627563195077,7.254328619247669,2.2584026189355635,1.5964559817777288,1.765042275058075,1.2761018397685597,1.4647404570339084,1.6439753977113596,2.172625802942089,1.4780161192080246,1.771756602372442,1.0848756429333355,1.7470586768730552,1.5660153206097314,1.6353785880159755,1.498851054106278,1.712544788759392,1.4774670598809718,1.2372788173955998,1.3164874674450557,1.0262862084601874,1.0640020843168456,0.9627055070796098,0.25944827658475916,0.5436150014982261,1.061853177885544,0.44615043633862184,0.1958279146773759,0.9047221982712913,0.7908896501325037,0.9967836368341086,0.34727600264155795,0.7576339485521763,0.2987093268076776,-0.15755276640655747,0.6109183936190228,1.24353443992055,0.8815863687936059,0.9091976646526704,0.8686760444442053,0.9929188127443049,0.7289676275271519,0.9308261746441471,0.5130473869319043,-0.19459327653030986
ROI_058,0.4685426396266366,1.6008301018549502,1.512406604888241,1.6928808029070956,1.5027419435276832,1.455292757787885,0.7799094367276431,1.9803166478156924,2.137147587756483,1.3737485248450763,1.4857692824646995,1.1847222302604752,1.25461717794887,1.7702567839329562,1.9080233340448063,1.3830203988079712,1.4676625312487035,1.6296729621905588,1.459220279536259,1.1630254812050358,1.531856302670637,1.124729616920539,1.1774241461699593,0.9677355364901912,1.0219640787515547,0.6900659879546117,0.7377270823957663,1.0686124076044277,1.108279043854018,1.1568927082159945,1.245413623668739,1.2241249533674252,0.594719125083583,1.1875792153112474,1.0792924277666085,-0.12609202239664835,0.4518097410620003,0.6476765103623648,0.8941839436145549,0.25024116500112936,0.14732971570076975,0.9045537861926057,0.7316261078999164,0.8171591768532377,0.9810193246184541,0.8059423835677043,0.1266465856422727,0.3558384720195224,0.33902811470848637,0.06721477984198002,0.6016255479121814,1.6000496847527885,1.6046609352366756,2.0045718049963632,1.3418298958147692,1.78253304166711,2.258402618935561,7.254328619247669,1.4741675576596196,1.6723592135298273,1.192578649927325,1.4864672425036645,1.5998101831720553,2.387075737219389,1.5483283479017895,1.9235138612303695,1.0019907994584332,1.749729213919192,1.5272504604028603,1.6407335752890655,1.5032144878930593,1.563625778051683,1.4648922924788406,1.1802579259660397,1.1775122277089531,0.9556403957297132,1.0418580780792275,0.9219538747145684,0.29792374674550864,0.5637334089621431,0.9868713097970789,0.4545743653312995,0.19759496693796075,0.8128555671927498,0.7340505016155853,0.9246048308523375,0.36526828413614093,0.7620161145616176,0.27849656852909255,-0.14607510092261372,0.659406538680747,1.2276539020592816,0.9068507470783548,0.9180522154602323,0.9151011089380183,1.0252901090691862,0.7474254680924417,0.905454174954972,0.5464467594809653,-0.1335774589518056
ROI_059,0.5730185444714126,1.7019721460569959,1.3425604066597496,1.443750964832613,1.1105755438177514,1.0740938089491625,0.7089927002606626,1.3442013147991052,1.3224245481606016,1.8285779808587599,1.4437816244048893,1.5644572588047532,1.297414269843465,1.2668021705947476,1.4474841263662659,1.5401472552600244,1.3905333516906775,1.331866658561263,1.2462254613106822,1.2025670017413934,1.4970435675500842,1.0350023097396306,1.1623862474228788,1.2090850326460747,1.3555823189845153,0.9340678539101432,1.0374858779256817,1.5443787296040377,1.4398183185059128,1.297593100123522,1.2890241796327617,1.0972062485817156,0.635375942201332,1.0237387931665696,1.0863675463457578,-0.0964293307846223,0.6058349168587943,0.5422044723855345,0.6696241665405118,0.1304689457031587,0.05990802156229039,0.9260679108002984,0.7264351576085499,1.0324405544185833,0.9458332503610785,0.8799975883932232,0.08395545095571416,0.2855699909971195,0.4262037745535764,0.15361784924390004,0.7443170881763083,1.7048674096920482,1.9397229655820092,1.5798376434138248,1.0370334077944168,1.2747847141249984,1.5964559817777288,1.4741675576596196,7.254328619247669,1.8892983785856503,1.924687292937913,1.636735820522491,1.848283899066217,1.444072071840347,1.4381013925177804,1.3704746434263801,1.0626248688747302,1.4930068747912884,1.507621527906396,1.4099151191638275,1.5498288458019918,1.799383442223332,1.5613834565732565,1.4724782828731036,1.9699311333463574,1.6681745288608556,1.3079711947797903,1.4172538548540297,0.3931238119297353,0.6105448453405872,1.0863485842710214,0.3450771665257209,0.33088383661751103,0.948956580715116,0.9954820000137359,0.8112870549634648,0.5361003647275452,1.0198769029307038,0.35624586726344026,-0.09077357950300091,0.6970777242824712,1.4323954495233981,1.1123100852802084,1.1714392888160043,1.0898482816699933,1.2537718670028373,0.8898391703117124,0.9914410463808919,0.5976880443350318,-0.037878020749789236
ROI_060,0.5040041151451908,1.630624896411909,1.372166445422098,1.5609388510880697,1.2418315655511951,1.2401319807601898,0.7658756391556937,1.4721826198517973,1.5600537905795817,1.5459913541233714,1.487547043842778,1.3990380143698922,1.3624188548075298,1.374116896794962,1.6489624221322903,1.4534143512328261,1.4428805089301588,1.425437067257483,1.3381432001685387,1.1948147188861495,1.4782467643369206,1.1161365632783409,1.1586640096885288,1.065894943863955,1.1918731319763367,0.8286768455139829,0.863064164514176,1.2607368964318053,1.3087942239569772,1.219672950969249,1.2088135006470953,1.1157206415489833,0.5984423947792082,1.0866960684538693,1.044291702357084,-0.09011200530294029,0.4974803073587717,0.6222591642670802,0.7136621933233565,0.1683540964880552,0.08881218435933788,0.8771967776536058,0.6993523314150352,0.8843343123121316,0.9112683498894506,0.7586625501162882,0.06413034997758571,0.284081179412816,0.4298202618855696,0.1407156734520115,0.687129596544912,1.6702346919480577,1.8227039776255385,1.7492058619498017,1.1385009821159273,1.4153576452738024,1.765042275058075,1.6723592135298273,1.8892983785856503,7.254328619247669,1.6624099676489403,1.7800469736488094,1.974955030830362,1.7695767717127517,1.5098714402121758,1.587481954737526,1.08964216615341,1.741563232330725,1.4917605748292946,1.5052580818004888,1.6272578307840988,1.8339106214186491,1.6103560284338418,1.3386486903542323,1.6017588091917667,1.3857350053411377,1.1886830999039402,1.1605312597151678,0.33505960401100204,0.6162847506521696,0.9697032907129111,0.35362192795571906,0.2293418041574611,0.8188013673274974,0.8110710249237837,0.7844723632500687,0.4752527421800011,0.78209035115849,0.30808084053720525,-0.1140288072548458,0.6403988199095958,1.3366790718164718,1.0046734261242083,1.071224889706947,0.9367292917481201,1.084423538763698,0.7363426455247803,0.9058176960390079,0.616426163715299,-0.0881183149005834
ROI_061,0.6407302415250147,1.5921304500967033,1.3027262452638535,1.3329299166720106,1.022899641619157,0.996420842271936,0.7569590095206966,1.1623423975540212,1.1383250811945902,1.818711389442524,1.4235580906936458,1.7377522874297493,1.4455161732170834,1.1071499584194795,1.2902137936352762,1.574435827591458,1.350504310534224,1.2241910983748405,1.2047842827808417,1.2368398960595246,1.4776447528599073,1.0045649742148408,1.1200123526930668,1.3193778688202207,1.5305019298075435,0.9683186529039806,1.0830624421880195,1.618140433920419,1.6228922005240456,1.3345671137267607,1.3745073825539231,0.9489249279386324,0.7132420567925378,0.9048335324476687,1.0271614661856496,-0.050487390284800024,0.573822550503218,0.5191515697006015,0.6024015443422837,0.09906547127721763,0.07033452599799124,0.8801300033106572,0.6549233744578855,1.1625737104106517,0.9564268883201025,0.8333808600383704,0.07245314264476775,0.254540979087911,0.5103734847867313,0.21112871649492243,0.7761223806899523,1.562215777044778,1.720392181192966,1.3610960685957052,0.9613801431202028,1.085752673035181,1.2761018397685602,1.192578649927325,1.9246872929379144,1.6624099676489403,7.254328619247669,1.6457324932372033,1.763576935239842,1.183442079052095,1.4011795432851715,1.2203317850311624,0.9775515877618726,1.3138514282581384,1.218617289780353,1.1998047039413453,1.5785444744667596,1.4094206174783035,1.4507287779140583,1.2522693979057975,2.2242914176318385,1.8074281838282746,1.4340389301410914,1.7314575791180706,0.41344074953618853,0.5238984333485613,0.9136835977860748,0.22249225356638608,0.2923768573096441,0.80370760150346,0.902893987964436,0.6458516795861513,0.5976293033029596,1.0413368951135888,0.36226361684316005,-0.12194429592981458,0.6517642980098897,1.2623732735973834,1.0675792691852692,1.1129509099776986,1.047421047956233,1.322269646794129,0.8547229242599442,0.9613187944252346,0.6538656558495574,0.02706071110834152
ROI_062,0.5899069902792197,1.6160959041563236,1.484831970571839,1.4305876303127147,1.1298401045497566,1.1796487370299364,0.7612459619965738,1.4470842014413716,1.4119555010555334,1.6193058622374026,1.4587818448860834,1.4640513713302898,1.7063769561451478,1.3941471043588687,1.585109856076412,1.438923252532094,1.5030971338712233,1.4903933114649626,1.5373930538581824,1.2253810133552576,1.6355558085623172,1.0698839379085512,1.267575510900003,1.071785946164217,1.3640757552914904,0.7931568144605042,0.8805951676387382,1.223986253399667,1.3191629426028422,1.2713351892367535,1.4359717159809586,1.1300690708543422,0.6384024078277507,1.0282812300677018,0.941722217221803,-0.10527451678641579,0.47617214331577973,0.5988762958467969,0.6664078464407616,0.1636563615267277,0.09259162897136253,0.837331147763682,0.5895244185250673,1.0261730839184935,0.9556954615919502,0.749360435332767,0.04664266738455453,0.3060266228991264,0.4409517111792084,0.1498557224112299,0.8212418614593562,1.646005441917958,1.5297670390472615,1.5416844342509497,0.9975412308681714,1.3785322587238718,1.4647404570339084,1.4864672425036645,1.636735820522491,1.7800469736488094,1.6457324932372042,7.254328619247669,1.8343953270811273,1.5374089078556146,1.5910649596661621,1.5615383108004255,0.9403137619559456,1.6283000906479574,1.349923062029093,1.4733662026682164,1.6042943561496104,1.5279112115635676,1.520563256429598,1.1174754314643711,1.4623137457540838,1.3305494631822767,1.2069997942295765,1.3274321093798207,0.42381019829350597,0.6267557466835307,0.8216119490471433,0.24341921972085662,0.1964417688470695,0.6306045102265102,0.7137299667771861,0.5927512024019971,0.4938698683556338,0.8282913815758892,0.23953843102063843,-0.23823265472689958,0.6521011589836823,1.3308430661024782,0.8911471423161991,1.0706375353367825,0.9046455498938459,1.1602037552844466,0.7011224841670826,0.9152309805674532,0.6341901187503107,-0.05883667077026721
ROI_063,0.6748689826426608,2.0198812610534147,1.5089400315903265,1.7782316063021428,1.4321570885271515,1.3726535277041487,0.8893137729504266,1.443364549412592,1.4935449375932315,1.7947013223148138,1.4872995809282623,1.5983126053983132,1.6248053574800057,1.4215412550470625,1.7088885146726842,1.7517042631419906,1.541130075876384,1.5537946807282146,1.5548017390713567,1.5152977004218995,1.637142360407982,1.1681847645287702,1.346497660987597,1.2354548139574157,1.394090441660097,0.7636060971797923,0.8976212051453863,1.3740729143525994,1.4332137062424366,1.4647204886725569,1.4467468618099812,1.2273027277970812,0.7175232567452239,1.179818759620582,1.0023129677210276,-0.007853867251321311,0.6155363420057857,0.6923710212724924,0.7336610240494404,0.22959664008531652,0.17968698247433254,0.8956097385420879,0.6288688783797823,1.0872272187208512,1.026282904154789,0.8459629621390339,0.1133418185377985,0.34337303638481176,0.5325943682238806,0.24437451104731656,0.8637423525770564,2.0445456691368236,2.065756687066046,1.9829764709977193,1.311700707608982,1.497082813716137,1.6439753977113596,1.5998101831720553,1.848283899066217,1.9749550308303605,1.763576935239842,1.8343953270811284,7.254328619247669,1.6677082586113514,1.9220112833439318,1.6242998870352687,1.2404046901709387,1.8097109597291288,1.6023770421428267,1.6584711342720582,1.759058108378038,1.6370648472739273,1.9269408681403182,1.4031891533340946,1.6063762306296012,1.471842042821941,1.5368152013141778,1.4034905140428755,0.4895329468135618,0.7108631547215502,1.0528960273259214,0.41025408985782646,0.30371834533551706,0.7038888130290578,0.8123121555020247,0.7788914313523754,0.5970662359459171,0.9225549089298701,0.4104408263594103,-0.07377657494438832,0.7667069101748023,1.4845088366359445,1.0967997034771737,1.1894860638094944,1.0941358359133275,1.197558003596207,0.8226344673001932,1.0532658787223426,0.7310616296850911,0.03313274094791293
ROI_064,0.44091476118419337,1.5389584189512022,1.503386819336673,1.718195090506263,1.5325961920019582,1.4659413223593734,0.7292134246232577,1.9128620820186617,2.0443589663379735,1.3516166531564493,1.4271192609118046,1.1455063815944546,1.2626253180234168,1.8501769400677348,2.0860428313465333,1.311533702226212,1.4750508318567381,1.70153477903385,1.5447723523867518,1.1481599553971198,1.4884362111054057,1.1517636288669557,1.2470712446958527,0.9359431571681762,0.9895752010500203,0.6434693224808694,0.6456774483128904,1.0174775596753962,1.0660335001362222,1.162582651413255,1.200730549342972,1.242172953786528,0.5388283325165092,1.2270575142945481,0.993725056929639,-0.15587576828633454,0.40799484106414957,0.6723658717778854,0.8533735712801213,0.2542853735925677,0.1071760614871618,0.8000033350304192,0.633481228638206,0.7491270038912703,0.8814583044565618,0.6983383274537847,0.06511036165570815,0.31614142858560496,0.31618666675210216,0.04218039702908261,0.6045576937268496,1.5704558270748534,1.5502982271504777,1.9363142888964908,1.2884662030896445,1.8644108135737683,2.172625802942091,2.3870757372193925,1.444072071840347,1.7695767717127517,1.183442079052095,1.537408907855614,1.6677082586113505,7.254328619247669,1.6117735186327233,2.186044223278703,1.0567603709399294,2.02205697251768,1.6823079335079143,1.8275557550438903,1.4791328065366447,1.6806114542305035,1.5514162372510039,1.1985927952792952,1.1534733221597486,0.970911333728183,1.024127137999196,0.9042816376138118,0.33191395601156387,0.6330343184922462,0.9887227576837899,0.47475988998874263,0.16442326571038415,0.7219052310062156,0.6707088344673463,0.8793890250838247,0.3453098855434452,0.6857559051790331,0.26863087979981765,-0.16919540699664098,0.643763391265839,1.2592188667446629,0.8545886241129947,0.8994269466516528,0.8509733183906688,0.9246669200833333,0.6529668664679695,0.9278724785113284,0.535426467714569,-0.1617599365945832
ROI_065,0.715976907639347,1.7398220887906741,1.602745803804536,1.7024919931755929,1.6454248619663427,1.5845688477624533,0.9736047264118737,1.4620693459482377,1.5034206943274624,1.6459566293159291,1.4135892858541919,1.432951532533025,1.6553470573330413,1.6000474688037523,1.9212155617641453,1.6430689406936705,1.6586163941076486,1.7495677810380204,1.8340803766536777,1.7827473759104557,1.802145637994045,1.2395030522698862,1.5078637666864458,1.2030133269039203,1.2995710817094028,0.6366420983308625,0.793676778076102,1.2294122506876688,1.3174698970097432,1.5661609099988592,1.5445807518187016,1.1631463629649956,0.7466819584621462,1.2386967873021424,0.9362372921986319,0.03776820268335101,0.5639536821544257,0.7209558098322524,0.7764268899600655,0.32507696421475474,0.23409955046892458,0.8139169305358246,0.5135086228838139,1.0886507482666554,1.09538413120211,0.7821523587587026,0.14307194706933138,0.4460185124425053,0.5533130211117512,0.2905998853232387,0.8456703385044188,1.7199949239877679,1.6027818019826747,1.7972967942900613,1.453465041688639,1.615059685227888,1.4780161192080252,1.5483283479017895,1.4381013925177804,1.5098714402121758,1.401179543285171,1.5910649596661628,1.9220112833439318,1.6117735186327227,7.254328619247669,1.8301664795493269,1.2333191712167078,1.6821935121265943,1.5691172035940144,1.8475627685428408,1.7956704269887347,1.3370164956632522,1.6203973243336787,1.2624173259636189,1.2538485451063974,1.1340826619816913,1.4788980823177487,1.2468362210327524,0.5716804487607997,0.6810397413559017,0.8883788955684606,0.4179202960341829,0.2454684944201397,0.553053707010285,0.6555792335118259,0.6996682934414764,0.5279081361025814,0.8618098829720409,0.44595323675238285,-0.13425590840543183,0.703002151378895,1.257167914785996,0.9505841325927155,0.9677684308868933,1.021273551042023,1.0868131646778716,0.7436844799359984,1.0420125294379814,0.7444880242859107,0.07211620044646629
ROI_066,0.48110308881176306,1.5543192564675172,1.6520148839493327,1.723889993007134,1.5487552271976486,1.5184850352169887,0.8041036935357425,1.8922837731802973,1.8140478559262794,1.4571565208547745,1.5060223490204965,1.2548484917455325,1.4617500052928216,2.1844751862889638,2.7431257783583267,1.3829536724673377,1.6887291109466291,1.9421197499627478,1.8192982526755521,1.2722754850740732,1.8045017662722118,1.2965140863420195,1.4716499332233244,1.0535432220193068,1.105887723466593,0.6828523554414244,0.6556030249657623,1.0647742774301674,1.1292457168143881,1.3250635241903561,1.291773409818753,1.168529259362335,0.6183743201560494,1.3092879472992045,1.0311605704427855,-0.1304147028327391,0.40853238958697263,0.670249050547144,0.8978982075283068,0.32264935930385924,0.1467409730241737,0.8089215870386572,0.6167428087872109,0.797264155532293,0.9227951688036615,0.6883793093121363,0.106565158344612,0.38691724770285524,0.35928372177446166,0.09098371614885253,0.6418709490484318,1.4860073751541527,1.4331430316619684,1.7510040945704497,1.2853586770977328,1.8968176288267113,1.771756602372441,1.9235138612303682,1.3704746434263801,1.5874819547375254,1.2203317850311624,1.5615383108004264,1.6242998870352678,2.186044223278703,1.8301664795493258,7.254328619247669,1.0138199998083155,1.8111984618765467,1.5292055373816216,1.8275303318788485,1.6974575319882186,1.4731243357974495,1.499437371771117,1.1334960815477575,1.1374971253285895,0.951764761410337,1.1069425797264636,0.9946210465138249,0.361172870942972,0.5898066481365352,0.8668497590097106,0.4182649396520139,0.10841519286262093,0.6358961474035981,0.5813091294970427,0.7633324784299538,0.3750114716443303,0.7137725240755831,0.29205628021111424,-0.23098595332245903,0.6117264523264012,1.1495391894404203,0.7964430292827294,0.83832738722534,0.8452226245206493,0.9206126609279385,0.6334346217784133,0.9059059800285287,0.5517281674502664,-0.09787777547270726
ROI_067,0.7928372606237051,1.249124412011467,1.0114049716600602,1.2349817140078305,1.30808983744203,1.213824304327311,0.9190589876398396,0.8905735307253047,1.026441362601918,1.0304123697504914,0.8766058768011017,0.9540985320743549,0.9781558992649111,0.9587877175058468,1.0827088874030966,1.2293239399706488,1.0408426675591544,1.0861619175369333,1.0566828748850334,1.3801106164190613,0.9550412560449346,0.9524159219829995,1.0488618409731596,1.018564065717736,0.8424810112755207,0.4792923334605754,0.6525978159388183,0.9529486501250624,1.0310840834308963,1.1690104467857743,1.0171278026827109,0.9579315869744102,0.5738142513328389,1.165783086209702,0.7028827044398981,0.18975302161269994,0.7085580418881802,0.800241301853641,0.6704210718419972,0.40654584035395525,0.30101530154004685,0.6481958003821898,0.3969145982451974,0.8868941556888461,0.8812868404370946,0.6650752917135685,0.09104001503013961,0.3725856961459855,0.6964269995204803,0.4249681157317181,0.9581295872468505,1.3115480856705102,1.303045980908889,1.269345583337936,1.330864918396471,1.0866919110074402,1.0848756429333355,1.0019907994584332,1.0626248688747302,1.0896421661534101,0.9775515877618722,0.9403137619559458,1.240404690170939,1.0567603709399294,1.2333191712167078,1.0138199998083155,7.254328619247669,1.1215846163787047,1.3000041702633014,1.2598340137313362,1.064919015928072,1.0677602601845433,1.3162285000878304,1.4180594053497246,0.964365228886895,0.9616551100093921,1.3409836826967112,0.9263830921556923,0.6790371520166408,0.817897955476593,1.098754384965695,0.7207949162936302,0.5266258474088643,0.5684340664055428,0.723137305575874,0.8821217740833195,0.6493938820867455,0.7731743850631813,0.7677180413135829,0.21960679609068656,0.8497833979044853,1.1447502584259859,1.0393487007355346,1.0198181119308507,1.050895423019071,0.8650868363895288,0.7963288059286907,1.1614914744881457,1.0628291805179977,0.2280721374838224
ROI_068,0.5035666862649297,1.5321660048664953,1.4575138704101551,1.5917663325374671,1.4303428190050271,1.3762572136587834,0.7195448092596185,1.6010681607073636,1.6457135917575307,1.4539139534858454,1.368389743705341,1.2335859022184426,1.367576862387983,1.5607714612433492,1.8268711985039603,1.348075692816181,1.5483503457104744,1.6148932022017177,1.6147163580969162,1.190247634516504,1.5298456966458316,1.1228992197594188,1.2688405586333877,0.9800884764099465,1.082305115465849,0.6333429007316608,0.6480539632448179,1.0875520692841463,1.189940070653572,1.2002900860172787,1.3104023423183075,1.1531560561656313,0.5696914046941886,1.189342276513338,0.8937922962483309,-0.13942505144257072,0.38650715141428177,0.5927463134982445,0.7135871153500799,0.21518481651867122,0.07067861035490725,0.7297452477841568,0.5001747819676275,0.8363921980664539,0.8542414584791067,0.6276758877246157,-0.0029352345045041595,0.2815033361019369,0.3726798811360921,0.06532966012364023,0.7460735220046348,1.5907144335611867,1.5491569669706353,1.7306504825307603,1.2113217755880075,1.6413973759069638,1.7470586768730552,1.749729213919191,1.4930068747912884,1.741563232330725,1.3138514282581388,1.6283000906479574,1.8097109597291288,2.022056972517678,1.6821935121265934,1.8111984618765467,1.1215846163787047,7.254328619247669,1.7614836899108306,1.813935982118172,1.469511247343951,1.7790492373879896,1.629884152576399,1.2776208047176967,1.2723898397818905,1.1150244895021697,1.1534784904802158,1.0242758021368383,0.42896519264541133,0.6525455242095679,1.0303301937733147,0.4506006658544229,0.18777801784154438,0.6387680712594452,0.6837346096049548,0.7908763341459064,0.3978530928468749,0.7364798846486786,0.27447402595532905,-0.1727917200614218,0.6423864200147285,1.359942232808289,0.8612390346871822,0.9298658967033281,0.891373842377994,0.9770905101120481,0.6249502789646294,0.9984430656522556,0.6354711896736209,-0.13282363209503859
ROI_069,0.5591877137753194,1.4654991576568228,1.3706850739953764,1.4798600022300552,1.4322757670484452,1.3536540850410732,0.7434071940519256,1.353521321190021,1.4794741746307976,1.3920325849633224,1.2046128926238937,1.1337451143478259,1.1708857800183545,1.396835838822057,1.582840601907629,1.3110510613079287,1.3614281195332,1.4695344354161402,1.4332216544017444,1.2548115692197916,1.3115900653914012,1.0784104075928966,1.2097187295837966,1.0156646382757364,1.0234860361942257,0.5819109290072021,0.6523160432770855,1.1679141989377495,1.1572786377252857,1.2494614980146905,1.154011513243114,1.0512290760854373,0.527359574971239,1.2604550973153468,0.8531347258787377,-0.048365060716844564,0.5210036863613919,0.6329887472948236,0.7829419743705958,0.2978282010315446,0.1316368151469478,0.7041986176182703,0.48912010966119435,0.8337051616408606,0.8541312473428951,0.6794034477903478,0.036691495355499586,0.3150731113502357,0.4191637998935492,0.14252928665653303,0.7314738474762389,1.5257220396548263,1.5290485792169004,1.6143609587093894,1.2867290146722503,1.5025954825528496,1.5660153206097314,1.5272504604028603,1.507621527906396,1.4917605748292952,1.218617289780353,1.349923062029093,1.6023770421428267,1.6823079335079143,1.5691172035940144,1.5292055373816216,1.3000041702633014,1.7614836899108306,7.254328619247669,1.8986022712486799,1.3332685833625193,1.700621796242596,1.561453837111605,1.5104338900063765,1.1843843782562937,1.0999634130633769,1.1995167143016334,1.0202591261714473,0.5037828071731564,0.7193606287302904,1.1763646636795895,0.6138383399009119,0.26699740324066257,0.6602588541069344,0.7075571907476826,0.901153668022778,0.4246038536581431,0.7905066261103751,0.43068396452200025,-0.050152536441036996,0.724686816301088,1.4025168885163717,0.9723660411900196,0.9758307334120286,0.9995804589125733,0.9236124458998732,0.675114746395425,1.0717128326607743,0.6722560183253756,-0.032614904135820806
ROI_070,0.5747767110138736,1.629642615696888,1.5415886282699105,1.6382401973222604,1.5836108426726583,1.5018614686076388,0.840449663226903,1.578759994270487,1.602748610345494,1.5352845081892121,1.3406864727416987,1.270552344048513,1.4334537766327093,1.8073856010904485,1.8745019661982896,1.4182333693889855,1.6154358061674743,1.931336026176812,1.8432078965622203,1.4374300625215892,1.4997079576688277,1.2877718183170197,1.5784430773158586,1.0670234401603607,1.1361686040285472,0.6512755809004005,0.6469397453083475,1.0913582062363385,1.0656724459406677,1.3605613971685844,1.2888943391643362,1.21539158287617,0.6124166653234523,1.5084436977673854,0.9459610000377154,-0.046331957786561295,0.5055863371551164,0.6543223499596114,0.8030857801261799,0.37008534223764705,0.17824296025732253,0.7622929492784787,0.536696051583705,0.8472727928729866,0.9266780281169974,0.6306784345597827,0.0807146462274005,0.36736639770003165,0.4148826524286058,0.17537376210318034,0.7605948234859232,1.6118139471841244,1.4587991054962215,1.7474964857741426,1.2988888890261325,1.777037130347505,1.6353785880159746,1.6407335752890655,1.4099151191638275,1.5052580818004893,1.1998047039413455,1.4733662026682168,1.6584711342720582,1.8275557550438915,1.847562768542842,1.8275303318788485,1.2598340137313362,1.8139359821181709,1.8986022712486785,7.254328619247669,1.4245706671520826,1.5306542706165407,1.5808797525642033,1.3710470275930087,1.1360160429348714,1.0205886226938699,1.2495676795074795,1.0530911807202394,0.4829783192549065,0.7245555257156457,0.9530413069399783,0.5384063480288023,0.1617819477080973,0.5941797268054543,0.5756926756825044,0.7494777910185073,0.44532921905599343,0.7350820626511332,0.4272356639771949,-0.15253275574084363,0.6210206407211813,1.189805387636284,0.8454815947830662,0.9125293316100443,0.9068354519672837,0.8973491528173329,0.6132922502485637,0.9492576433005351,0.6719165588452001,-0.013376684395586763
ROI_071,0.6262222219778731,1.687220984930679,1.5907999917235405,1.603905054812079,1.3211017391777722,1.3163836574523096,0.9008147399160488,1.5163873973819195,1.4618774713381146,1.6311949087206963,1.5125350180658972,1.5132500985695092,1.5402577246490217,1.4672887922562896,1.842900387967426,1.6503726038300643,1.5864951139218155,1.5880492180066994,1.4506581394222604,1.4830294178085384,2.0342174103315007,1.171374772689955,1.319792343451139,1.1949456260823486,1.259989561779653,0.7811250107358267,0.9233309095263884,1.2778598205769327,1.422868020591793,1.4630364707897257,1.3301641853915889,1.0420730092272665,0.7815821738559738,1.126490544983705,1.052375548170744,-0.026515044147641068,0.5242877435668469,0.6319602296699882,0.7772540540185435,0.23985674281896197,0.16359108719365223,0.8660048063872843,0.6199391736333181,0.9954546029854715,1.019723199216732,0.8152916050630702,0.11480955620079163,0.3940615155144576,0.5052158038328086,0.22055826594338368,0.7320670253813185,1.5756459974961219,1.6392983477079963,1.619086650437255,1.266412401301433,1.5060829565026952,1.4988510541062774,1.5032144878930593,1.549828845801991,1.6272578307840988,1.5785444744667587,1.6042943561496112,1.759058108378038,1.4791328065366454,1.7956704269887347,1.6974575319882186,1.0649190159280717,1.469511247343951,1.3332685833625193,1.4245706671520826,7.254328619247669,1.3350515291139877,1.452769431558041,1.1506939771377005,1.418734452226752,1.2030252609810448,1.3232476004146771,1.264708927601328,0.3712175758805577,0.5462070527869594,0.8422176360074817,0.31203841774187585,0.20910216449329247,0.667068551314762,0.7282431784604747,0.6941661131589496,0.4995956742538515,0.852571949063346,0.37486128454098133,-0.1756836455094758,0.639964903041419,1.1270154693780117,0.9060584898664973,0.919406883779728,0.9338765601248225,1.0999499648803377,0.74957849076712,0.9556441143458592,0.6444374288304779,0.007643496529154572
ROI_072,0.4049823952258252,1.4473520131313022,1.2266195289998951,1.3460928243929497,1.1217365989668429,1.12450662154066,0.601292631983029,1.343132935776543,1.37758978929364,1.4180811102437527,1.2096962232928992,1.204189134223491,1.1417803891841898,1.2825626711965759,1.4565929604318573,1.2529163363558153,1.3070337946970902,1.284657672597823,1.2358027247503136,1.028333588235219,1.2909420537328622,1.0142602234513642,1.0755957375695993,0.9698540511646052,1.0554094000206675,0.7331469496769195,0.7363382597702938,1.1981491455207984,1.1716889459059452,1.1544199903475507,1.1331441986066504,0.9859026340405889,0.4736893976017636,1.0458367786738485,0.9090953938401721,-0.1836003946752367,0.44123795355994494,0.5502154367768528,0.6694566982424995,0.15206121483856624,-0.004660512631485701,0.7857694316932419,0.606413544253617,0.7951172248937914,0.7575035274255737,0.7070396686694093,-0.028018786628707153,0.18819730127856657,0.2998070402914396,0.04408121512945433,0.6842681908664346,1.5564316770082893,1.597232598638551,1.5086846925408586,1.0540750638367085,1.4044104874674506,1.7125447887593939,1.5636257780516822,1.799383442223332,1.8339106214186491,1.4094206174783042,1.5279112115635671,1.6370648472739266,1.6806114542305035,1.3370164956632522,1.4731243357974488,1.067760260184543,1.7790492373879896,1.700621796242596,1.5306542706165414,1.3350515291139882,7.254328619247669,1.5984786046453012,1.5249342376614596,1.5060495530837616,1.3288013238572203,1.0778052524065775,1.0781902457720942,0.4018703495648444,0.6278658400822361,1.1829913135924717,0.45688084847968347,0.25586773113079075,0.8441147915050154,0.8571017053635238,0.8923864717712384,0.4298171216753952,0.8265763710568657,0.2880813107341457,-0.06881674547231477,0.7072617731226368,1.4897273670599207,1.0379974713741151,1.101875843680677,1.0191384714241252,0.9851973061471092,0.7338655698013116,0.9849829036010842,0.5570931248721278,-0.1353993104390698
ROI_073,0.6417948755172725,1.6916368820161192,1.342301174949908,1.53025379703551,1.338636758651347,1.318916664994363,0.8546005735334354,1.2666152304811842,1.3847215365239882,1.467864910382679,1.2626815908968712,1.3413713722047915,1.3772276552685554,1.3440874843381394,1.519304245436967,1.5418449696332808,1.4367323005704895,1.4041502757393887,1.457853082281084,1.3347134038776245,1.3683120961565616,1.1277344188607132,1.3477784891343172,1.1674408234900437,1.156349101759065,0.6853018939542633,0.7499160632320737,1.193130641260241,1.3215195253291931,1.3596747448135125,1.3530879013412964,1.1724250595240642,0.6601232740556079,1.2113503493513302,0.9051312592242838,0.023130241689769113,0.612091602465244,0.73436356501689,0.7319472339334852,0.26906446046826565,0.20531102139785684,0.8124404762058667,0.5924769817750274,1.018767628948665,0.9685170379429181,0.7802414634077741,0.0991304067795946,0.3424320155374361,0.5431044907642455,0.27498568319983185,0.9246709862663466,1.8508201906206208,1.7669310301573264,1.695638755244912,1.2438853863605726,1.4132870269349238,1.4774670598809718,1.4648922924788406,1.5613834565732572,1.6103560284338418,1.4507287779140583,1.520563256429598,1.9269408681403197,1.5514162372510045,1.620397324333678,1.499437371771117,1.3162285000878304,1.629884152576398,1.561453837111605,1.580879752564204,1.452769431558041,1.5984786046453012,7.254328619247669,1.539967781092572,1.383924693489176,1.33329152949589,1.4720891058769718,1.2431654471447942,0.5708812927018165,0.7958598000008769,1.1061130439556521,0.48963161020658924,0.38624702688836166,0.7004658867157681,0.7983260703308688,0.8274232935183436,0.6267353213250627,0.8759067011641916,0.43112636236185964,0.03193525234308048,0.8906823871320066,1.5237297208457785,1.112920656373209,1.283290260335012,1.1643816243199687,1.0996007820745752,0.8455094098746498,1.1709292578929247,0.7890878433434055,0.09498083610763822
ROI_074,0.6260357554745173,1.37038567706248,1.060276650440148,1.2136381645308187,1.1433838424448737,1.1052108786235622,0.7892759476291414,0.9786626822924855,1.080585688859042,1.3031056930454892,1.019724858413802,1.1736284332315046,1.067685574590152,1.0487056964161345,1.2012812355968858,1.296172050872182,1.1592575424482396,1.1175393873342023,1.1035853368936352,1.2411031995165809,1.092025053191794,0.994622921194827,1.0714334458656873,1.1421671036863683,1.0531407798280465,0.7003978905773702,0.8219822063928811,1.32070807275172,1.2515868059353985,1.341572073089042,1.1176507812672383,0.9162737012456713,0.5704875826897358,1.1303485351356015,0.8713247885441457,0.09309689572020352,0.7105906813216925,0.6432709474536419,0.7277365544034083,0.3289371611508332,0.2025118066245314,0.8389708866195041,0.5800761521010058,0.9903664233416439,0.9316702973530674,0.8152200954069648,0.1350953394298851,0.3577561544221207,0.5376231005810622,0.3147258424252035,0.8661757865487403,1.4622802912055848,1.4781239064244662,1.3024103358130565,1.1755558090604281,1.109726390662923,1.2372788173955998,1.1802579259660397,1.4724782828731036,1.3386486903542323,1.2522693979057975,1.1174754314643711,1.4031891533340946,1.1985927952792952,1.2624173259636184,1.1334960815477575,1.4180594053497246,1.2776208047176967,1.5104338900063765,1.3710470275930091,1.1506939771377,1.524934237661459,1.539967781092572,7.254328619247669,1.2710563334326048,1.2946442514528202,1.4001405507357014,1.1577099441950518,0.6059940978294969,0.6848656684168771,1.2654078248661242,0.6542961636668863,0.47831775978730506,0.7768635287564774,0.9159354285338718,0.9640219402759473,0.654959841250007,1.0486720430531715,0.6468861886312488,0.18618400282328385,0.8550095297118891,1.3690859634483967,1.3422736421406147,1.1965645072041882,1.3747510719938068,1.0187618422521025,0.9386000504483639,1.1217930113573917,0.8348448132914255,0.15958244820891027
ROI_075,0.5297411073885849,1.4852196710763057,1.1354968438461002,1.218580402839021,0.9237151404408721,0.8995169031881007,0.6408208689420014,1.128345580447744,1.0738869220168534,1.6567616314651843,1.2864868747501144,1.5518099219320864,1.2226137889519368,1.0333428981614323,1.1842761106995223,1.409019458272164,1.2252009754020408,1.1139321802163897,1.0725326193112479,1.0863441910413707,1.3141604352302716,0.8830404456601112,1.005402262135588,1.1761729180323681,1.3484373409301624,0.9292251478971688,1.0458195544927178,1.4844225610068713,1.4568689964921036,1.1375703214735173,1.273525771382231,0.8570713165843991,0.5846360551737666,0.8364128800267473,0.9656149632493467,-0.11764065460286983,0.5180278313734986,0.42866812864374243,0.5027336977479719,-0.006180905847893404,-0.01875887101005024,0.8403917732035148,0.6409169247585718,1.041859122393524,0.8259545365824109,0.7804645133854333,-0.012653251941896558,0.1783859998922999,0.4251847708659252,0.1365308205009608,0.7283545451454323,1.5282385155702718,1.6547246325758422,1.2790676645818282,0.8845222951378399,1.0602595895092009,1.3164874674450557,1.1775122277089527,1.969931133346356,1.6017588091917667,2.224291417631841,1.462313745754085,1.6063762306296019,1.1534733221597486,1.2538485451063974,1.1374971253285895,0.9643652288868954,1.2723898397818905,1.1843843782562933,1.1360160429348718,1.418734452226752,1.506049553083761,1.383924693489176,1.2710563334326053,7.254328619247669,1.7385853829213214,1.290420619162282,1.4983027298081857,0.3727381247327276,0.4718353316980363,0.9993397941521761,0.19790784047464396,0.30480830293561667,0.9573774490112069,1.0093038534295924,0.6841073922842743,0.5428814872727156,1.010120948585623,0.3160525144108944,-0.11063643652644045,0.6230571874428598,1.2640284007576699,1.0292451826271731,1.1128325241196073,0.9895116537863181,1.296417292451153,0.8549738394199072,0.9714327463471452,0.5909806378683303,-0.05271370531436364
ROI_076,0.6325727607109446,1.2943531654426073,0.9775059391554937,1.046521988628106,0.8253233020521902,0.8106074073222391,0.6569289903838831,0.8697307822577208,0.8924964866742812,1.389177585988885,1.0327600042725222,1.340101017133888,1.1462870266331664,0.8511600380347835,0.9959334837332029,1.2740009228008184,1.045833532114556,0.9326450818752255,0.9306794929862381,1.0524575504979732,1.0998570723938517,0.8357006256234202,0.9541575309304046,1.1311968269823318,1.2760234533913744,0.8476607178112359,1.0309716348517728,1.4377623315956194,1.3682206316866157,1.1641271292360005,1.0725513840012324,0.893313240518721,0.654130358339267,0.7871641259233838,0.8140132480739566,0.018178851916294266,0.6682377778498069,0.5318035020599776,0.4707994759099079,0.09138522269146221,0.08170338727899451,0.7874889437814404,0.588972946004133,1.1016945462493515,0.8157407091408658,0.8454248980480029,0.0753797918398624,0.22874750037833133,0.5403982885516413,0.30534032695958996,0.8785634081680785,1.3413742118344993,1.4553550370996657,1.1182017545133223,0.8064524077381062,0.8987772920982212,1.0262862084601874,0.9556403957297132,1.6681745288608547,1.3857350053411372,1.8074281838282746,1.3305494631822763,1.471842042821941,0.9709113337281832,1.1340826619816913,0.951764761410337,0.9616551100093921,1.1150244895021693,1.0999634130633769,1.0205886226938699,1.2030252609810443,1.3288013238572203,1.33329152949589,1.2946442514528207,1.7385853829213205,7.254328619247669,1.3286723604181696,1.5889933546447792,0.525152829456382,0.6818868090144616,0.9494847310819851,0.2547249549768662,0.4384386897666718,0.7298580176375354,0.9979635757997312,0.615643717995561,0.7349932741928463,1.0139575407535861,0.3795919608702043,0.039913310531154225,0.7537994102882722,1.3398063922347352,1.1861124116380615,1.32832187611365,1.1116696066422003,1.1214052486222978,0.887238003305391,0.9665439723901028,0.6886093065317862,0.11624176079246878
ROI_077,0.9841926287069744,1.6099778800003322,1.2307735621280025,1.349748979042938,1.2338841152085132,1.2224952305890866,1.127809206484229,0.9803087545978113,1.0242695587412016,1.5412148341559695,1.171356628200132,1.540593422874262,1.4850090187077343,1.062667310283475,1.1889000472762032,1.73715091467235,1.313720118884199,1.2268021033900922,1.2639566245829261,1.784236772361087,1.2609759616462635,1.103340842518441,1.2913019024192771,1.5295514227571518,1.453648287159914,0.7725777877924526,0.982701530469649,1.46381197036377,1.4891964516957552,1.5573825633315053,1.3416505110269756,1.0257528900316755,0.8510700955662206,1.146670083760922,0.9285011249130697,0.2372823659691923,0.8435525482186341,0.719139249091715,0.7120866870400339,0.3702670950356186,0.3629525720076029,0.9082794505673195,0.5833345661244612,1.3750880447572489,1.171853290248956,0.8656420121160289,0.23599028512289186,0.4530039475259441,0.8339819335939592,0.5064319924803427,1.052663821928136,1.5162589436893739,1.4767554977433692,1.3322003070978918,1.2353087753321736,1.0572537471911287,1.0640020843168456,1.0418580780792273,1.3079711947797903,1.1886830999039402,1.4340389301410914,1.2069997942295765,1.5368152013141778,1.024127137999196,1.4788980823177487,1.1069425797264636,1.3409836826967112,1.153478490480216,1.1995167143016336,1.249567679507479,1.3232476004146771,1.0778052524065775,1.4720891058769718,1.400140550735702,1.290420619162282,1.32867236041817,7.254328619247669,1.5749638967013457,0.6657663216321713,0.6903254556099874,0.9449208909984799,0.44806999656980073,0.436638054760006,0.6039677149171373,0.7646892645013482,0.6712594230920244,0.8565205168785137,1.0972906223975478,0.693822835871297,0.07748510070711162,0.7771270883350662,1.2184367286766415,1.1532669348485483,1.1459469700759117,1.2717033997203289,1.1804308890385555,0.9442681492032744,1.0624566815216347,1.0285288217932385,0.3112361228815862
ROI_078,0.7804947328065632,1.3771545696096736,1.1283449112757806,1.116625959723809,0.8827830954664607,0.8811703872501304,0.8150834408808888,0.9107386881882864,0.8747976331445625,1.579005315481953,1.1590551404330818,1.6389539427383049,1.4454759335891783,0.9442443905798994,1.0519140370884494,1.4155264724058612,1.2024163819014768,1.0563916418419022,1.1106780313967917,1.2859736354495854,1.2330144422039777,0.9912184683222203,1.1313960004784855,1.3853830524797734,1.6027536248417396,0.9536385395471924,1.1314228470615806,1.566833612848669,1.4224192841251488,1.4606888895221322,1.2610823839503715,0.8827737116642628,0.8067772404098652,0.868243664307437,0.8918680320612671,0.07144253851418467,0.7253516418777913,0.5349919837463455,0.5846145855258285,0.20179876041901085,0.1748486155716028,0.9277034704699844,0.6208037619265288,1.338079059766597,0.960103743662139,0.8571134252624031,0.176365674600343,0.32323488250145316,0.5978539912671519,0.36707629857101803,0.9248122331899172,1.320386718825599,1.324062320500775,1.1065462633089405,0.8473162507885414,0.9035019296075917,0.9627055070796098,0.9219538747145681,1.417253854854029,1.1605312597151678,1.7314575791180706,1.3274321093798207,1.4034905140428755,0.9042816376138118,1.2468362210327526,0.9946210465138249,0.9263830921556923,1.0242758021368383,1.0202591261714475,1.0530911807202394,1.2647089276013284,1.0781902457720942,1.2431654471447944,1.1577099441950514,1.4983027298081857,1.5889933546447799,1.574963896701345,7.254328619247669,0.5321058083202624,0.5546409526109015,0.7836462598614263,0.2216520382998014,0.32579545703760776,0.5959683760299636,0.7799614722847349,0.5124898602572078,0.7595186990405646,1.1085036635470822,0.4668898332320373,-0.07183503138156466,0.6361652454116137,1.0922109368444632,1.0209809630765054,1.1189301298775272,1.1058278475938794,1.1583405484092446,0.8676077371759726,0.8743193832604971,0.7025310898160753,0.21286344185027156
ROI_079,0.6156713650764589,0.4342403209658311,0.3228236609735771,0.37819583356631453,0.4844798943939446,0.48732599461110904,0.4769075523607686,0.19164026185078933,0.25826049903155907,0.4187465368134745,0.21617714285136608,0.36745871263392094,0.4579141361931536,0.29244962927439655,0.35941948385535616,0.4761390881394404,0.38931293750735746,0.3419822720956966,0.49295129172271446,0.6534803968763299,0.36539840652361066,0.29421705876178494,0.44419001361001936,0.4896604322644209,0.4494971643999437,-0.0561795131426654,0.23339481467009793,0.4773375166639532,0.5249676662236809,0.5681841153585092,0.6253985890959519,0.3897671600478212,0.3532203276441699,0.35335317626997415,0.06104588847838305,0.3945320264682804,0.5352641694418047,0.5172313167862805,0.18302919963413966,0.26224203959539255,0.3457156108152983,0.16052272675132007,-0.14839897516295064,0.7344223102366161,0.48690885814311047,0.4087734055420163,0.02315109005274063,0.28296839827090925,0.6800340229966904,0.656570178072013,0.9407723029943609,0.5087951911392568,0.4593196996091763,0.414702404303341,0.5286102311309301,0.3443599625958992,0.25944827658475916,0.2979237467455087,0.3931238119297353,0.33505960401100204,0.41344074953618853,0.4238101982935059,0.4895329468135618,0.3319139560115638,0.5716804487607997,0.3611728709429721,0.6790371520166408,0.42896519264541133,0.5037828071731564,0.4829783192549065,0.3712175758805577,0.4018703495648444,0.5708812927018165,0.6059940978294969,0.37273812473272766,0.525152829456382,0.6657663216321711,0.5321058083202624,7.254328619247669,0.6865016952302605,0.4924036420970618,0.39596837149548014,0.6192169650195875,-0.03314171330366204,0.3669220330401961,0.21853343726413232,0.5992938966606002,0.5523142083954109,0.4746773670505056,0.35429422372800756,0.8072980218404939,0.6873039180429886,0.6919380007129127,0.6844781706064226,0.7394899823249225,0.49614971175615535,0.5210521156747154,0.7356386517136781,0.7872902303282667,0.5726599683101059
ROI_080,0.5985631240658051,0.6688675310318167,0.5491369084229049,0.6797619386911122,0.6990666901731677,0.6489011595899237,0.6153346088103674,0.4923826307305047,0.5700497848152077,0.5889210864962459,0.5175456803642324,0.5485030404818372,0.6280341452954319,0.5803178590926827,0.587591554332872,0.6735599796809469,0.6262278490537648,0.605491379291941,0.6587829421343075,0.704155890741879,0.5340243337156513,0.6122055168428409,0.7523955083248689,0.611095581411191,0.5519473162771301,0.29654476918583816,0.32400753169917323,0.4545241975746131,0.49087229443568653,0.6317139471425617,0.5404013269604033,0.9831725780763608,0.492590335084735,0.7091078063708133,0.391031920417719,0.2518870686727229,0.6484089760376106,0.7651395864526165,0.4169532530809315,0.4379791468626008,0.41101250063848943,0.371756450947592,0.2801949366019828,0.5427424838828611,0.5601661545563675,0.46513548203548466,0.24412096707349698,0.3692743969836217,0.5934111833078404,0.4789488916873715,0.8766172227941351,0.6677807211513287,0.6956049680209876,0.7331517756694687,0.639283710076457,0.6621932148421238,0.543615001498226,0.5637334089621431,0.610544845340587,0.6162847506521696,0.5238984333485613,0.6267557466835307,0.7108631547215504,0.6330343184922465,0.6810397413559017,0.5898066481365352,0.8178979554765933,0.6525455242095679,0.7193606287302904,0.7245555257156457,0.5462070527869594,0.6278658400822361,0.7958598000008769,0.6848656684168771,0.47183533169803626,0.6818868090144615,0.6903254556099874,0.5546409526109015,0.6865016952302605,7.254328619247669,0.5985330646749967,0.5308125119944711,0.4183412154803241,0.19417400354268732,0.3913588641603311,0.38958264997609915,0.7111006886740321,0.401371042653001,0.38855608517998835,0.24198092206839053,0.6431279596578101,0.8246913780424965,0.6036179294964291,0.7720314485706684,0.6229881867100214,0.4564173879503565,0.45275612361956935,0.6361334073461626,0.7271918823769422,0.38949823894294355
ROI_081,0.43242363833518666,1.083954733241875,0.8181390775909004,0.9739392827928508,0.9302100542709554,0.8294692655860214,0.49783762327676445,0.8241702452546308,0.9003861495513233,0.8840105275218857,0.7255612062272767,0.8068322897207255,0.7152535567643323,0.7758856898951583,0.8913028959859283,0.9474602775228649,0.779410434897387,0.8369086108391648,0.7602229417926238,0.8364562307878346,0.7926004027724722,0.624272564871309,0.7086673040169903,0.8216184865605525,0.7149142719475263,0.4618349769360218,0.5913287956006212,0.9942467264200012,0.9269189357771025,0.9056846563331397,0.919993840994243,0.766085411355573,0.3839427180177753,0.8119493825572952,0.6439678250153205,0.0022170055290887123,0.5911569418420626,0.5015575538597269,0.5844540821613442,0.15987005825391795,0.1512595589570877,0.6570666313430551,0.4874526619327273,0.802213207446645,0.6550130847654508,0.8337066970298923,0.04805037186757058,0.19137671015059698,0.3692355615730633,0.13172583682213296,0.6402241001832986,1.0824698971663356,1.1602072253255016,1.0425907523039433,0.9457392278463587,0.9507297470853538,1.061853177885544,0.9868713097970789,1.0863485842710214,0.9697032907129111,0.9136835977860748,0.8216119490471433,1.0528960273259211,0.9887227576837896,0.8883788955684606,0.8668497590097106,1.0987543849656953,1.0303301937733151,1.1763646636795897,0.9530413069399787,0.8422176360074817,1.1829913135924717,1.1061130439556524,1.2654078248661247,0.9993397941521758,0.9494847310819851,0.9449208909984801,0.7836462598614263,0.49240364209706167,0.5985330646749968,7.254328619247669,0.805446193792595,0.5995951325910706,0.9358751639427242,1.1519572207586783,1.3692470840014739,0.5653162676748846,1.0029509628550584,0.5139470212850207,0.32196087879007074,0.9158104856464354,1.26302118492545,1.1859174459815942,0.957768356801088,1.1763448588749585,0.9376724311858482,1.0150723259039858,1.3293607340744318,0.6880250166977663,0.0024925416756153094
ROI_082,0.3023939589420912,0.44508338773379613,0.3948250889059336,0.4760343057715011,0.6213433284839065,0.5698078841509288,0.4528506627498818,0.34370230797777135,0.45003631799577826,0.3044281352896572,0.26028542495709367,0.24943509246420656,0.2892514221273621,0.41227875872853487,0.4456144229425642,0.39999932734703814,0.35636601666484774,0.44952419039989827,0.40857097626482214,0.48416291773997716,0.3172713694770336,0.4295917228144116,0.3824103824782331,0.36786713220843936,0.21797185149767392,0.08978399392522034,0.15828483976443972,0.37854799321228655,0.3371999777658232,0.491267968103204,0.30151717012854334,0.45331466951203675,0.24268941256088813,0.6548203316389775,0.3364127699450893,0.328990518775461,0.5361499596856184,0.5377910504231728,0.6194557199197588,0.654612146001156,0.48253553480638994,0.3456933441272293,0.2546196902877527,0.3085082118746692,0.417936097810011,0.43633383532473063,0.32192884660677873,0.34703391006138956,0.3133483571825735,0.3048476126327983,0.3542780117648542,0.414718194402706,0.42906039831959664,0.5074531531985191,0.6811646781277556,0.5196211295234374,0.44615043633862184,0.4545743653312995,0.3450771665257209,0.35362192795571906,0.22249225356638608,0.24341921972085662,0.41025408985782646,0.47475988998874263,0.4179202960341829,0.41826493965201383,0.7207949162936302,0.4506006658544229,0.6138383399009119,0.5384063480288023,0.31203841774187585,0.4568808484796835,0.4896316102065892,0.6542961636668861,0.19790784047464396,0.2547249549768662,0.44806999656980073,0.2216520382998014,0.39596837149548014,0.5308125119944711,0.805446193792595,7.254328619247669,0.511138281055896,0.31667571930836386,0.3961222360123173,0.9200607681864607,0.4597684377216994,0.4226737155557442,0.7794299196314568,0.6227210842083751,0.5932664933280881,0.501713404495733,0.6166466721891937,0.3605338480431156,0.6543077464712376,0.26888416022093325,0.48933511904919863,0.5567818017489489,0.5198134170908968,0.2650147538279163
ROI_083,0.501062252923337,0.30009851693475453,0.14335618368548209,0.22243746533378606,0.2370590506542403,0.21074252237229849,0.29875064974201304,0.04410003731859919,0.14761294839113873,0.20100790249125844,0.09840696343979746,0.19287378380246578,0.15786590388303035,0.07545826939250481,0.15309795688193847,0.3107271321994314,0.13126029635015096,0.09756998517535173,0.1138270954471587,0.3280240381517289,0.16327735570999058,0.06028139115366416,0.16183480141846907,0.30454937533598236,0.20348576088719908,0.06207716892333011,0.4644416299579414,0.4024264018767916,0.42035457855454655,0.2982288956602553,0.3258461895511053,0.28144159091341003,0.2709924818460718,0.14580893394818537,0.21626837280878655,0.44632624190663933,0.6826889634159032,0.367866109749692,0.14935505989852546,0.07820574529701103,0.32479337022224514,0.2704442888382558,0.1609740169276317,0.5869763046356532,0.48710306808687187,0.672337533733176,0.23943805727240508,0.2887472545695054,0.5590730939466657,0.5632807613443159,0.5786736126572495,0.3481394862380055,0.3872753748905122,0.290331417585291,0.3508859856339098,0.13837694941589063,0.1958279146773759,0.19759496693796075,0.33088383661751103,0.2293418041574611,0.2923768573096441,0.19644176884706943,0.30371834533551706,0.16442326571038415,0.2454684944201397,0.10841519286262093,0.5266258474088643,0.18777801784154438,0.26699740324066257,0.16178194770809728,0.20910216449329247,0.25586773113079075,0.3862470268883616,0.47831775978730506,0.30480830293561667,0.4384386897666718,0.436638054760006,0.32579545703760765,0.6192169650195875,0.4183412154803241,0.5995951325910706,0.5111382810558961,7.254328619247669,0.4029550640175759,0.8882817403399941,0.5548753058601076,0.6433281624982168,0.6251351233832507,0.5662078000215203,0.8735981907198406,0.927865364607923,0.5404882573670954,0.7785426119674876,0.6368684586337191,0.7297325397334251,0.5658326159488996,0.9435958582238944,0.6863108393083661,0.5789069137045244,0.4579810322309131
ROI_084,0.20565368052041783,0.8010541142911153,0.6505628709849973,0.7241216941905317,0.5556512760752463,0.5121401148670294,0.3432326997391708,0.7523056685616285,0.7280118668330475,0.7532574651626892,0.7589608546615865,0.7367679565383439,0.5250522669096283,0.6503155948010896,0.6642769317328308,0.7353505926738758,0.6367638734393842,0.6412791421296141,0.4906344407349704,0.4953732782438921,0.6571186383654561,0.5237182882324728,0.5039134910760723,0.679391510054367,0.6211694449416469,0.8361845785358804,0.760965319799481,0.795598128933406,0.7082762238327662,0.5424259199425144,0.6293375906109663,0.555369140058953,0.2822124447102068,0.5632028451950952,0.956295626158092,-0.17596775268823048,0.4023534885809259,0.2223140320343963,0.47912097991089836,-0.05790735881202156,-0.03555487501799358,0.7878468618713393,0.9522131376218268,0.5217232756386221,0.5673879057204654,0.6874836979230303,0.12686185449986798,0.12427588679782936,0.1424621781637774,-0.08153506933380063,0.25596627749501527,0.7605134822538182,0.8717919380637197,0.7623647952419262,0.5567387011574533,0.6532741599812387,0.9047221982712913,0.8128555671927498,0.948956580715116,0.8188013673274974,0.80370760150346,0.6306045102265101,0.7038888130290578,0.7219052310062156,0.553053707010285,0.6358961474035981,0.5684340664055428,0.6387680712594452,0.6602588541069346,0.5941797268054543,0.667068551314762,0.8441147915050152,0.7004658867157684,0.7768635287564774,0.9573774490112069,0.7298580176375352,0.6039677149171373,0.5959683760299636,-0.03314171330366206,0.19417400354268732,0.9358751639427242,0.31667571930836386,0.4029550640175759,7.254328619247669,1.0816058789196412,0.9593977109604672,0.3357855525403402,0.7769244997644658,0.29118829554743014,0.09978693284843222,0.44602858463704975,0.7018790305101933,0.742077197648504,0.6347533045746339,0.6787743658520395,0.86217550107892,0.876788870324291,0.6275850176305343,0.28476836889281193,-0.2033759199565105
ROI_085,0.4298089451375591,0.8145642606160997,0.5956626524860198,0.683177803409163,0.556949167691163,0.499296632589942,0.3822485206611199,0.5836754642505607,0.6173022319763964,0.7415620119053852,0.6125424333099648,0.7047627029025678,0.5606457100952348,0.5127764547362161,0.6274354442196027,0.7598614580610216,0.5665815464048567,0.5447750722056994,0.4795739709236331,0.6232820710867562,0.6682089184902381,0.3780690270166555,0.4860224101476808,0.6624814331808465,0.6535334893013521,0.5384727312513485,0.9988627329163587,0.9704169011408987,0.9434915471059441,0.6976525224346766,0.7581801157177449,0.5928454427215955,0.37860333365914356,0.43632362157436755,0.6664250195049096,0.02723909727090372,0.6319721480040997,0.3590461745549591,0.3591835830976085,-0.0957026050620553,0.045720430152682026,0.6652414931957122,0.5509408989333742,0.890844134050978,0.6911663078347633,1.0612633054703213,0.09092783420304328,0.2038677705087296,0.3644795303275651,0.18261053085092593,0.5560317253672464,0.8597629374942185,0.9611507328139027,0.7635977908264107,0.6218483236601509,0.6016890391339091,0.7908896501325037,0.7340505016155853,0.9954820000137359,0.8110710249237837,0.9028939879644362,0.7137299667771861,0.8123121555020247,0.6707088344673463,0.6555792335118259,0.5813091294970427,0.723137305575874,0.6837346096049548,0.7075571907476826,0.5756926756825043,0.7282431784604747,0.857101705363524,0.7983260703308688,0.9159354285338714,1.0093038534295924,0.9979635757997315,0.7646892645013482,0.7799614722847351,0.3669220330401961,0.3913588641603311,1.1519572207586783,0.3961222360123172,0.8882817403399941,1.081605878919641,7.254328619247669,0.9578884762695651,0.5977596811513507,1.1242257189917146,0.3980777989638858,0.3329423421938798,0.8236360152284625,1.0470818688094394,1.1336204209302319,0.8980427768238136,1.014773384944148,1.0921773183925538,1.3486741407409713,1.0448123503802655,0.4936235719454227,0.026183640324186117
ROI_086,0.2947977999122745,0.8570839452141623,0.7280291877107531,0.865316942580469,0.8824044614315244,0.7592083941673166,0.4433833839751079,0.7812314271491362,0.8671718134091168,0.6393558392812813,0.6258009741439222,0.580898268278069,0.5213320612147414,0.7029202937010632,0.7864295184408758,0.7484448614320787,0.6310373853955901,0.7274180020995535,0.5924186443367867,0.6439050955299936,0.6474591584234806,0.6245645915507357,0.5377733714353554,0.6177376531257069,0.4724834399927486,0.41848608882002847,0.5330000029632146,0.74727126317367,0.6906379818586552,0.7552391544943052,0.6368499067782243,0.6594627481213147,0.3130806575529975,0.7414346572708747,0.6781217721347944,-0.045647813194059396,0.47560621377718204,0.5850323786700591,0.7888409299039564,0.28952357875104884,0.17363272185315398,0.6835834859052131,0.6197009687374037,0.526892777458303,0.5982720791233316,0.8286302822072211,0.1615250944412681,0.18498464228800265,0.20886262150461615,0.027757942750659036,0.35576758700958266,0.8554697823026968,0.8989125557355125,0.9023806540939,0.9195683893744301,0.8566149358176621,0.9967836368341086,0.9246048308523375,0.8112870549634646,0.7844723632500689,0.6458516795861513,0.5927512024019973,0.7788914313523754,0.8793890250838247,0.6996682934414764,0.7633324784299537,0.8821217740833197,0.7908763341459062,0.901153668022778,0.7494777910185073,0.6941661131589496,0.8923864717712382,0.8274232935183436,0.9640219402759473,0.6841073922842743,0.6156437179955608,0.6712594230920245,0.5124898602572078,0.21853343726413238,0.38958264997609915,1.3692470840014739,0.9200607681864607,0.5548753058601076,0.9593977109604674,0.9578884762695651,7.254328619247669,0.36187302496037416,0.792496519572384,0.5018658963642401,0.35663307466922606,0.77452118402695,0.8736382776254225,0.9669839320722953,0.6848081610750184,0.9461115793319904,0.6709152432713585,0.9382075678739863,0.9320513732065562,0.47596279811972436,-0.0759305990462814
ROI_087,0.8072986902402376,0.6571037518118652,0.395132867750012,0.5078438679124478,0.47413854947979506,0.4659120267948686,0.8076248897211292,0.2779197652194701,0.3541838436187961,0.59370930526371,0.4455197432003373,0.6617934736782543,0.6442492088603536,0.36535094117285855,0.4180356580088901,0.7132168359563318,0.5109727283782793,0.4485694281673576,0.47703544731604297,0.7342148205963863,0.48628213927921576,0.49298137387309815,0.5612285564798474,0.803206908906432,0.7395413614042713,0.4998789894390843,0.6710678922224441,0.6568528368569694,0.6762232284920741,0.6609932356252447,0.5694182578966288,0.6159173203548484,0.8082362667442217,0.5785449715542755,0.5128796480061989,0.6562845184398376,1.08961758437508,0.5854667599704089,0.41101786202243024,0.43843554151708597,0.6444594545124538,0.611516723686401,0.4725523566983131,0.8737428045822039,0.7462614390282047,0.7052948928209866,0.5119903547062223,0.5064342437609685,0.9638256855035408,0.8822321522314309,0.8636115115600781,0.551661863678641,0.6217579165313046,0.5423002453167592,0.5275097103093132,0.4079278761414611,0.34727600264155795,0.36526828413614093,0.5361003647275452,0.4752527421800011,0.5976293033029596,0.4938698683556338,0.5970662359459171,0.34530988554344516,0.5279081361025814,0.3750114716443302,0.6493938820867458,0.3978530928468749,0.4246038536581431,0.44532921905599343,0.4995956742538515,0.42981712167539515,0.6267353213250627,0.6549598412500068,0.5428814872727155,0.7349932741928463,0.8565205168785137,0.7595186990405647,0.5992938966606001,0.7111006886740321,0.5653162676748846,0.4597684377216995,0.6433281624982168,0.3357855525403402,0.5977596811513506,0.36187302496037416,7.254328619247669,0.7879787593708059,0.7785475107163218,0.5138737564298864,0.6978430736637511,0.6357467776438507,0.8150873530530739,0.742842683882865,0.9054980325502932,0.6587543632443469,0.7771324871482301,0.6031950881934287,0.9214709008801527,0.781852891453749
ROI_088,0.7216345771540837,1.0256165791134688,0.7578004951681528,0.8405597142784542,0.7509016229220746,0.6921866754553399,0.6845747282151703,0.6717232477817552,0.6893082826940741,0.9969132599403341,0.7680685216621397,1.0423450658073639,0.8702341091128573,0.6728155251793502,0.7692784799486534,1.0480252029464239,0.8110669986951711,0.7536184554074989,0.7491374585219257,0.9330482082546236,0.8627779713974161,0.635043426359717,0.7208462876127996,1.0998135170042596,1.0424754148414923,0.690768297767161,1.0454286582916565,1.3046621364478903,1.1034749301243223,1.0911425192640467,1.1058040541476244,0.6648686922985141,0.7165417236835527,0.6538586789694039,0.7813103419368816,0.16212492716943216,0.7929585407769612,0.4496158838029186,0.6566915244021846,0.2141994630624897,0.2715056039701678,0.8861706262945953,0.5922114232574531,1.3060235405165597,0.9860613054789606,1.1350672403369284,0.26003881304295107,0.414156391549272,0.5628720029849763,0.33868304497471907,0.7644399939099262,0.9771144427963574,1.0001824904076537,0.8397251523403992,0.8041694771073632,0.6924885887681855,0.7576339485521763,0.7620161145616176,1.0198769029307038,0.78209035115849,1.0413368951135888,0.8282913815758892,0.9225549089298701,0.6857559051790328,0.8618098829720409,0.7137725240755831,0.7731743850631811,0.7364798846486785,0.7905066261103749,0.7350820626511332,0.8525719490633462,0.8265763710568657,0.8759067011641913,1.0486720430531713,1.010120948585623,1.0139575407535861,1.0972906223975478,1.1085036635470822,0.5523142083954109,0.40137104265300105,1.002950962855058,0.4226737155557441,0.6251351233832507,0.7769244997644658,1.1242257189917146,0.792496519572384,0.7879787593708059,7.254328619247669,0.6244455782136372,0.23042414021331392,0.8506510532495014,1.0019996056325386,1.2082166055115697,0.9578479666012195,1.3974519150453877,1.2629120255233939,1.4008493693962234,1.0478509676076306,0.7455285163401179,0.27913316785081077
ROI_089,0.7728292027060978,0.49583621350741,0.377973513326179,0.4577212610379679,0.5529259335424287,0.5491026195674248,0.8189745491087768,0.21984715296142301,0.3302837414334734,0.43242622893005994,0.3399637998221516,0.4752296967460119,0.42827733773799054,0.3157299943724451,0.3553723290718615,0.5397549972559168,0.3966969653512026,0.40363892933087436,0.36827244261244013,0.7235232826535812,0.3418755645806704,0.4906656859862108,0.44815948989699794,0.670698461117617,0.46043147379460564,0.3285118697815221,0.48911316446326036,0.5127246059205633,0.4663791583863972,0.6094286670399456,0.3814629460599403,0.3874020516009007,0.5476688802415444,0.6216430888217522,0.44298708993729075,0.7319204976009047,0.9042095825790972,0.5300074075689233,0.5473382398539903,0.7334628984637063,0.7205557263298253,0.5481581133047353,0.3418391613678869,0.5982249751787649,0.6849947655560615,0.5117256217781833,0.536963552488303,0.584770145544601,0.7836330527380905,0.8142386608596563,0.5140139496844837,0.418381015888654,0.4456578943995281,0.42692576825266815,0.6454272546641818,0.35596548747126666,0.2987093268076776,0.2784965685290926,0.35624586726344026,0.30808084053720525,0.36226361684316005,0.23953843102063843,0.41044082635941026,0.26863087979981765,0.44595323675238285,0.2920562802111143,0.7677180413135827,0.27447402595532905,0.4306839645220003,0.4272356639771949,0.37486128454098133,0.2880813107341457,0.4311263623618597,0.6468861886312488,0.3160525144108944,0.3795919608702043,0.6938228358712972,0.46688983323203737,0.4746773670505057,0.38855608517998835,0.5139470212850207,0.7794299196314568,0.5662078000215203,0.29118829554743014,0.398077798963886,0.5018658963642401,0.7785475107163218,0.6244455782136372,7.254328619247669,0.5829331206785145,0.4363431991893664,0.3709547489933456,0.6406828978223977,0.3890342935097287,0.7021270314037894,0.418061749301478,0.6142896760188744,0.4874933902372435,0.851705769555042,0.7564909504002383
ROI_090,0.20596004107052507,-0.05979939218212708,-0.24234116726112515,-0.12380278899586619,-0.029551512559918346,-0.03743918909907996,0.15617397257658028,-0.3408301920895671,-0.16653570961642564,-0.19930412888434035,-0.28014308983800007,-0.160521622431914,-0.20830362269707745,-0.2754960173863015,-0.20412160996695675,-0.049582584635011535,-0.23397431753223027,-0.2550380308966084,-0.2465197469490344,0.017370511297462525,-0.25667800720462475,-0.16735386974139427,-0.18870191590299482,-0.0006047704307778603,-0.16990248513891926,-0.2030718602745048,0.02951041716192946,0.022688923920999932,0.002809972203577885,0.0024516836106323985,-0.12404109500955907,-0.07031122561418653,0.06991384014701056,-0.04938720833279583,-0.12722612493745844,0.7263754432330995,0.4936653670223008,0.25801114522124446,0.05247864596406145,0.27685375855878536,0.5460558093689559,0.053995563325970254,0.03882811582592515,0.14428142591547533,0.11344209802162346,0.3345616335893202,0.370456850979595,0.2523671023308372,0.3947181369980739,0.629945897353417,0.19150849743722798,-0.05513103888703635,0.0004097326001753502,-0.06313337978081685,0.12448368197483982,-0.157104483988791,-0.15755276640655747,-0.14607510092261372,-0.09077357950300091,-0.11402880725484582,-0.12194429592981458,-0.23823265472689958,-0.07377657494438832,-0.16919540699664098,-0.13425590840543183,-0.230985953322459,0.21960679609068656,-0.1727917200614218,-0.05015253644103699,-0.15253275574084363,-0.1756836455094758,-0.06881674547231477,0.03193525234308047,0.18618400282328385,-0.11063643652644045,0.039913310531154225,0.07748510070711163,-0.07183503138156466,0.35429422372800756,0.24198092206839056,0.32196087879007074,0.6227210842083751,0.8735981907198406,0.09978693284843222,0.3329423421938798,0.35663307466922606,0.5138737564298864,0.23042414021331392,0.5829331206785145,7.254328619247669,0.5261732609678329,0.121365566494248,0.43856300058144476,0.2430142014074822,0.3995250117803309,0.054524185073016575,0.45501919278830816,0.2432594150226499,0.398301378517568,0.664922283063146
ROI_091,0.6051456291164605,0.7215741032896198,0.5347519946417522,0.6352062410888317,0.6725552101285385,0.6426934926583501,0.5426351390450981,0.46043484344189844,0.5893036179059591,0.5595930533190843,0.4390147838196216,0.5146249139637737,0.5649842416396768,0.5215146071276792,0.6142892560347215,0.7118261314448944,0.5204529849413292,0.5304350802039193,0.5815357867613624,0.7145956644670334,0.5752526625963348,0.4402348821719047,0.5452615214181773,0.6006023055539902,0.5139913441592647,0.1888421782293005,0.48413675918514437,0.6901130820922833,0.737968448905258,0.7158949307320122,0.7468475378410604,0.5893594769489067,0.48668750814141937,0.5251122335879449,0.4183897967116584,0.24319411801546784,0.6601951898078233,0.6780297270456395,0.4757423367010669,0.2361363998626545,0.3237931713375242,0.43847894514826247,0.28873008848251985,0.8147855563570476,0.6963402969487786,0.8485312355498804,0.14042938723475096,0.3603391379043932,0.5741820461419672,0.44741192038283284,0.8327449647707436,0.8121392429060533,0.828837550386441,0.7379772226623177,0.8015911317357958,0.5978691776877906,0.6109183936190228,0.659406538680747,0.6970777242824712,0.6403988199095958,0.6517642980098897,0.6521011589836823,0.7667069101748023,0.6437633912658388,0.7030021513788952,0.6117264523264013,0.8497833979044851,0.6423864200147285,0.7246868163010882,0.6210206407211816,0.639964903041419,0.7072617731226368,0.8906823871320066,0.8550095297118891,0.6230571874428598,0.7537994102882722,0.7771270883350664,0.6361652454116137,0.8072980218404942,0.6431279596578101,0.9158104856464354,0.5932664933280881,0.927865364607923,0.44602858463704975,0.8236360152284625,0.77452118402695,0.6978430736637511,0.8506510532495014,0.4363431991893663,0.5261732609678329,7.254328619247669,1.0270354563855308,1.1725970470234488,1.1794766589517978,1.1907484419048995,0.8020478212895275,1.0323614802311087,1.1002837104606782,0.7547384487168518,0.34020402886503837
ROI_092,0.5949182097731821,1.3285183113164103,1.0281713935186712,1.2208266354950745,1.0931103183279722,1.067153074045548,0.6854476718689934,1.0050639366592728,1.0839662107345038,1.1964208357618435,1.011874130754928,1.0506461056774137,1.1025695161422362,0.9935424074822445,1.1587685936666283,1.2358955956580848,1.1187684833688865,1.0476134007918656,1.1154890882951638,1.094736792142406,1.0847375585610344,0.8279998989837304,0.9586452109753979,1.0126939981632799,1.0411825090064326,0.5551007488995018,0.7852046789439178,1.1637211634425226,1.2751527982828892,1.1296161168298366,1.2187766692183675,1.0432404647947169,0.49704498105644707,0.8766207274325262,0.745230070766743,0.0014756866084341652,0.6771035110809247,0.7197870657851502,0.646853709979884,0.18511860227560833,0.1708619943735668,0.7056721833061249,0.4950364865905938,1.042014802763179,0.8685466332570898,0.918563209788572,0.056216590484250664,0.2622962525658607,0.5205741515261928,0.23279772164370205,0.9059446780809154,1.452275919432283,1.4866350277571296,1.3492400354490541,1.0829808323703134,1.1147829004422074,1.2435344399205497,1.2276539020592818,1.4323954495233988,1.3366790718164718,1.2623732735973834,1.3308430661024786,1.4845088366359445,1.2592188667446629,1.2571679147859964,1.1495391894404203,1.1447502584259859,1.3599422328082884,1.4025168885163717,1.1898053876362837,1.1270154693780117,1.4897273670599207,1.523729720845779,1.3690859634483963,1.2640284007576703,1.3398063922347347,1.2184367286766418,1.0922109368444632,0.6873039180429886,0.8246913780424965,1.2630211849254496,0.501713404495733,0.5404882573670954,0.7018790305101933,1.0470818688094397,0.8736382776254222,0.6357467776438507,1.0019996056325386,0.3709547489933456,0.12136556649424798,1.0270354563855308,7.254328619247669,1.2791574896137274,1.3391206046074369,1.2605087753584214,1.112106706916735,0.9889054397198314,1.3177000667822723,0.7684778681304985,0.06667289319958514
ROI_093,0.6931581977494516,1.0738277900201378,0.7667384719009691,0.916961076682314,0.8928048367784033,0.8814269218475578,0.7725973880055856,0.6792896047531533,0.8155195183053208,0.9351048084894292,0.7485390712374012,0.9113614305437892,0.8341717946417804,0.6930292344132389,0.8357539603864725,1.0750413029568362,0.8091508209016881,0.7342600963456145,0.755053741191209,1.0170115782409737,0.8089655151081064,0.7130047375463643,0.6883801597463418,0.9901259899565057,0.88449103129715,0.5436911851809608,0.8916720476043041,1.2584029954196407,1.128804904527137,1.0912008633775852,0.9706036483034894,0.7583841879091279,0.6440940011531199,0.7177886543452655,0.7310227850244319,0.2639194076227561,0.8695233879573424,0.7155192513687398,0.6872398746967133,0.2781500671507816,0.34157062593806076,0.8811997573301286,0.6099802137837844,1.162360230142458,0.9872220465061041,1.22901738240601,0.2627211778779398,0.34530480167221456,0.6548256881110066,0.4888155677779444,0.7890519081622748,1.0946877463032367,1.221440616320143,1.0273190213082763,1.0728617697472327,0.778223948358675,0.8815863687936059,0.9068507470783548,1.1123100852802084,1.004673426124208,1.0675792691852692,0.8911471423161991,1.0967997034771737,0.8545886241129947,0.9505841325927155,0.7964430292827295,1.0393487007355346,0.8612390346871822,0.9723660411900196,0.8454815947830662,0.9060584898664973,1.0379974713741151,1.112920656373209,1.3422736421406147,1.0292451826271731,1.1861124116380617,1.1532669348485483,1.0209809630765054,0.6919380007129129,0.6036179294964291,1.1859174459815942,0.6166466721891936,0.7785426119674876,0.742077197648504,1.133620420930232,0.9669839320722953,0.8150873530530739,1.2082166055115697,0.6406828978223977,0.4385630005814447,1.1725970470234488,1.279157489613727,7.254328619247669,1.3666167688357496,1.9539058321727991,1.0862656777018957,1.432976773525777,1.0646429018961456,0.8479222788254658,0.31344001881573025
ROI_094,0.7211712758534349,1.1367767405945355,0.7827667969315961,0.943392400404133,0.8252539885978343,0.8410477305221795,0.7164188818799313,0.7426356170189651,0.8388151386173555,0.9873867681094359,0.7833937888480113,0.9697181056545157,0.9432219367374164,0.7610076375039185,0.8444467616602568,1.106956819383063,0.8730666994197526,0.7688054008507224,0.8457464727909624,0.9728585020340264,0.8089484418850909,0.743555680369764,0.8341782821256706,0.9427729006543677,0.9335825177354315,0.5646293939336082,0.7912091584534138,1.0595784796265213,0.9984168511298458,1.0009368244039358,1.0375918015122048,0.877452099114281,0.645813060637862,0.731979333856931,0.6904763131344941,0.1221516970416707,0.7390984039008461,0.6869170290123077,0.5445325972384182,0.17582871794690097,0.24423329600565155,0.7777527996570929,0.560645384817594,1.0561736544712024,0.8969032266799543,0.9308224379126867,0.1316186013772597,0.27696643530867165,0.6005026327326042,0.4059124347622061,1.067211611471123,1.2734463101595812,1.2727759611296208,1.063857555805,0.8751981504275456,0.8199425394943081,0.9091976646526704,0.9180522154602325,1.1714392888160043,1.071224889706947,1.1129509099776989,1.0706375353367823,1.1894860638094944,0.8994269466516528,0.9677684308868933,0.83832738722534,1.0198181119308503,0.9298658967033278,0.9758307334120284,0.9125293316100446,0.919406883779728,1.101875843680677,1.2832902603350116,1.1965645072041882,1.1128325241196078,1.3283218761136504,1.1459469700759117,1.1189301298775276,0.6844781706064226,0.7720314485706684,0.957768356801088,0.36053384804311567,0.6368684586337193,0.6347533045746339,0.8980427768238136,0.6848081610750186,0.742842683882865,0.9578479666012195,0.3890342935097287,0.2430142014074822,1.1794766589517975,1.3391206046074373,1.3666167688357496,7.254328619247669,1.3089940539366496,1.0542476305301056,1.041531990285821,1.0129182648756483,0.8314276128761328,0.24822659630420552
ROI_095,0.778145663082686,1.1418247590862773,0.8235010932368642,0.9611199169888622,0.952661330777169,0.9433548530268261,0.8572111895414702,0.7069773008213592,0.8367857671236569,1.000524857088396,0.7956759333619776,0.9916266284298174,0.9295013995948906,0.7582000847671789,0.8867245723984631,1.1602254491959851,0.9042023140370121,0.8151174206006916,0.8592413057488064,1.1121471643615535,0.88635107792201,0.7981538552818709,0.7998762166684539,1.1186817360738783,0.9775758619819901,0.5832303974445158,0.8534677641879953,1.2454928320264507,1.135670293657243,1.220640866986555,1.0976650545477604,0.8125220046817458,0.7553690522106726,0.8178048423114992,0.766068092225586,0.28967261803155914,0.9268456096290596,0.7320991682900762,0.7747191459591032,0.38185924394041176,0.4128517960216806,0.922068663844824,0.6155644142055844,1.2739403914438778,1.0765283364321256,1.192311383414355,0.32055868327409226,0.43459698173006656,0.6957033231580246,0.5159831877486265,0.8951500060360578,1.1061130974725846,1.1933589945205387,1.0437115174488572,1.117518034611938,0.8308336784804305,0.8686760444442052,0.9151011089380183,1.0898482816699935,0.9367292917481201,1.0474210479562334,0.9046455498938456,1.0941358359133275,0.8509733183906688,1.021273551042023,0.8452226245206493,1.050895423019071,0.891373842377994,0.9995804589125736,0.9068354519672837,0.9338765601248225,1.0191384714241252,1.1643816243199687,1.3747510719938063,0.9895116537863181,1.1116696066422003,1.2717033997203289,1.1058278475938796,0.7394899823249224,0.6229881867100214,1.1763448588749585,0.6543077464712374,0.7297325397334249,0.6787743658520398,1.014773384944148,0.9461115793319902,0.9054980325502935,1.3974519150453877,0.7021270314037894,0.3995250117803309,1.1907484419048995,1.2605087753584212,1.9539058321727991,1.3089940539366496,7.254328619247669,1.1357522659599213,1.4183055375168545,1.1246912637411708,0.9462973946131324,0.3801780403437922
ROI_096,0.7042470783665048,1.2394943167579993,1.0046132856329757,1.0458906781968265,0.8956340691913303,0.8606458792557808,0.7756527012091436,0.9038641221986843,0.9435466411195685,1.214329528618277,1.0372500940004807,1.218072122270459,1.067507802758569,0.8634991779752285,0.9744495805930354,1.2429488478842243,0.9943443044723058,0.9249573620238634,0.9454644748813053,1.0558233498924898,1.131030639661655,0.6963339581988601,0.8542643857064309,1.0680151886232758,1.1775840184960662,0.715453337894718,1.0859852886628107,1.2688488150849675,1.323534843142834,0.9798342925005822,1.4790258168157517,0.8419117152189306,0.7233793546235006,0.6917895081012349,0.9068661034246646,0.10630746688155747,0.6582990667980383,0.4606351808801251,0.5396210230664705,0.04839807256292176,0.20432840559324292,0.8975508549272447,0.5993587288759521,1.485149381021239,1.2176925766413744,1.0118750465531607,0.1809699765647729,0.4214778112182203,0.6456777519000219,0.31097767800206627,0.8762362964351813,1.2301054738458599,1.308235314004699,1.1372147370157266,0.9167046337891902,0.8488781288381788,0.9929188127443049,1.0252901090691862,1.2537718670028373,1.084423538763698,1.322269646794129,1.1602037552844466,1.1975580035962075,0.9246669200833333,1.0868131646778718,0.9206126609279385,0.865086836389529,0.9770905101120478,0.9236124458998732,0.8973491528173329,1.0999499648803372,0.9851973061471092,1.0996007820745752,1.018761842252102,1.2964172924511534,1.1214052486222978,1.1804308890385555,1.1583405484092446,0.49614971175615535,0.4564173879503565,0.9376724311858482,0.26888416022093325,0.5658326159488996,0.8621755010789197,1.0921773183925536,0.6709152432713585,0.6587543632443469,1.262912025523394,0.418061749301478,0.05452418507301657,0.8020478212895275,1.112106706916735,1.0862656777018955,1.0542476305301056,1.1357522659599217,7.254328619247669,1.2014395524247765,1.070713093232225,0.7799016288682161,0.13093554612930453
ROI_097,0.6385552685114775,0.9058052098292454,0.665372474238754,0.7768825624446468,0.7092882134005747,0.6694272195188358,0.6891442526151507,0.5817836363378832,0.6587570343756821,0.769201572305358,0.648259826407971,0.7891449576052505,0.6872761558857421,0.5748311267883885,0.6720986290263002,0.9263182301474082,0.6653237996255954,0.603942935220018,0.5873867212752684,0.8167978011982592,0.6899809285576023,0.5590267514660747,0.5924625491576632,0.8914619091583578,0.7715816923678435,0.5683561865662814,1.017985000758513,1.0785777979618203,0.9405420341999571,0.9042498437409283,0.8869696381279132,0.6841149028421037,0.626134854449639,0.5637538443683776,0.7658141941805361,0.2712880402723734,0.879813519276665,0.6057381244968082,0.6370585711740758,0.20898906777089687,0.3878139365492401,0.8946520314541346,0.6944899703476282,1.1897177748876382,1.0202316506527218,1.5838231453223288,0.3783160869765067,0.4307646492542865,0.6272942321634887,0.46316912398165627,0.6823634291162235,0.8828948136398264,0.9656884679494361,0.8334661525857905,0.8391628120495686,0.6183295747340093,0.7289676275271518,0.7474254680924417,0.8898391703117127,0.7363426455247802,0.8547229242599442,0.7011224841670823,0.8226344673001932,0.6529668664679695,0.7436844799359986,0.6334346217784133,0.7963288059286907,0.6249502789646294,0.6751147463954248,0.6132922502485637,0.74957849076712,0.7338655698013116,0.8455094098746498,0.9386000504483637,0.854973839419907,0.8872380033053908,0.9442681492032746,0.8676077371759726,0.5210521156747155,0.45275612361956935,1.0150723259039858,0.48933511904919863,0.9435958582238944,0.876788870324291,1.3486741407409708,0.9382075678739865,0.7771324871482301,1.4008493693962234,0.6142896760188743,0.45501919278830816,1.0323614802311087,0.9889054397198314,1.4329767735257766,1.0415319902858207,1.4183055375168545,1.2014395524247763,7.254328619247669,1.0555024501562569,0.7312271162418643,0.34019425030235023
ROI_098,0.5783951561978601,1.0771861404244485,0.8505996616511037,0.9515107465402997,0.9469698242493162,0.8345770104121945,0.5741136539187837,0.7800592508446822,0.8579881886968584,0.8910729422902942,0.7238575732310278,0.8131189157942625,0.8377485908598129,0.7905294881282533,0.9371262301739844,1.0063505849619139,0.8263256734865135,0.8565275427408569,0.8503912040287411,0.9709785247225845,0.8849329756548352,0.5957652318527262,0.8258941483715994,0.8408908772400056,0.7633486630577165,0.3656850309188488,0.6419053453044966,0.9951961035761964,1.0157773400895433,1.001916598144907,1.1359448015527203,0.770782348784401,0.48592792744037505,0.7325340992811806,0.5595476645028924,0.06979078058210834,0.5697459825014324,0.6154548105267971,0.5190547726691921,0.13975636604520622,0.1830639419448213,0.5220981268955094,0.28582047645355807,1.0496319858767917,0.7731881900504466,0.8547676608249832,-0.011966463211603605,0.30286937571818584,0.517582824916798,0.2842927681839497,0.8499867854706559,1.1551073798618452,1.1158434065317049,0.9963071443283067,0.9407052149983046,0.911981017723504,0.9308261746441471,0.905454174954972,0.9914410463808919,0.9058176960390081,0.9613187944252348,0.9152309805674532,1.0532658787223426,0.9278724785113284,1.0420125294379814,0.9059059800285287,1.1614914744881457,0.9984430656522556,1.0717128326607743,0.9492576433005353,0.9556441143458595,0.9849829036010842,1.1709292578929247,1.1217930113573917,0.9714327463471454,0.9665439723901028,1.0624566815216347,0.8743193832604973,0.7356386517136779,0.6361334073461626,1.3293607340744318,0.556781801748949,0.6863108393083661,0.6275850176305343,1.0448123503802655,0.9320513732065565,0.6031950881934287,1.0478509676076306,0.4874933902372435,0.24325941502264986,1.1002837104606782,1.3177000667822723,1.0646429018961456,1.0129182648756483,1.1246912637411708,1.070713093232225,1.0555024501562569,7.254328619247669,0.8578430716097489,0.11894759997487371
ROI_099,0.9890714173814275,0.7961952661276233,0.5844703907807596,0.7072605522190236,0.8003277538812309,0.8415792006027986,1.053606110279426,0.4544287282312476,0.6050964057106915,0.6679308981360524,0.561228498722195,0.7340815028535711,0.7942717918568915,0.5175127418036165,0.5983494173692183,0.8745161871783327,0.7087614099225182,0.6336935923597146,0.7024517969521897,0.9869542117940917,0.6006815288137958,0.6488656632661481,0.6743775130946009,0.9019627477870797,0.7261755491530392,0.3569742615175215,0.5173072285613658,0.6773235710553177,0.7758974444425498,0.790834885664753,0.8174727508442221,0.6779219720822924,0.730835446065963,0.7549261194380931,0.4536739843575577,0.5719701372924004,0.7686425030660383,0.7021330064771931,0.5246894009523988,0.5161913630759832,0.6711880776297966,0.5680044853257328,0.2727816257468224,0.9873349550324859,0.9163338716374051,0.5897246969451421,0.28692056359699997,0.5540056759702954,1.2433122772573781,0.7958720495151058,1.1549686837303466,0.753433572455529,0.7521719250030446,0.716935100708857,0.8617914544483558,0.6163535600509844,0.5130473869319043,0.5464467594809652,0.597688044335032,0.616426163715299,0.6538656558495572,0.6341901187503107,0.7310616296850911,0.535426467714569,0.7444880242859107,0.5517281674502663,1.0628291805179977,0.6354711896736209,0.6722560183253756,0.6719165588452003,0.6444374288304779,0.5570931248721278,0.7890878433434055,0.8348448132914251,0.5909806378683303,0.6886093065317862,1.0285288217932385,0.7025310898160753,0.7872902303282667,0.727191882376942,0.6880250166977665,0.5198134170908969,0.5789069137045246,0.2847683688928119,0.4936235719454227,0.47596279811972436,0.9214709008801527,0.7455285163401181,0.851705769555042,0.398301378517568,0.7547384487168518,0.7684778681304985,0.8479222788254658,0.831427612876133,0.9462973946131321,0.7799016288682161,0.7312271162418643,0.8578430716097492,7.254328619247669,0.617345218141704
ROI_100,0.649711130084084,0.06571389794492528,-0.06166378286712599,0.011858578505029438,0.09933467077989866,0.12257389957428608,0.5903761085883334,-0.2297312785430829,-0.10351619366299342,0.0462438313917404,-0.04306859455731091,0.12229910443258027,0.13212001692782344,-0.09231668534393875,-0.06490823523113144,0.17290095295145577,0.04622399460076274,-0.04678495208950732,0.047539341941892195,0.30515682017615003,-0.025936118382433006,0.12695082217311127,0.12669007074943955,0.3018691989234226,0.1861424194619788,0.023187285128828082,0.18430803318878766,0.15188508627706085,0.1276264997251455,0.22504034713182675,0.0799938578427704,0.12361336169225147,0.5728801004621803,0.14222374424750403,0.04139587849984085,1.2081506655092356,0.693812626888603,0.38599242708954784,0.18373439605839764,0.6146363757665372,0.9570978995843136,0.20346813033058164,0.06772155835263033,0.41588316834250266,0.4064597324809363,0.32132033685324324,0.6592474636482337,0.5875408402296185,0.9111621053988262,1.4071279798690144,0.49202631157282156,0.01976112610497351,0.048914252112094665,0.02189442384001258,0.19447914736922567,-0.07939049591977355,-0.19459327653030986,-0.1335774589518056,-0.037878020749789236,-0.08811831490058342,0.02706071110834152,-0.058836670770267205,0.03313274094791292,-0.1617599365945832,0.07211620044646629,-0.09787777547270726,0.22807213748382246,-0.13282363209503859,-0.03261490413582081,-0.013376684395586763,0.007643496529154572,-0.13539931043906983,0.09498083610763822,0.15958244820891032,-0.05271370531436364,0.11624176079246878,0.3112361228815862,0.21286344185027156,0.5726599683101059,0.38949823894294355,0.00249254167561531,0.2650147538279163,0.4579810322309132,-0.20337591995651044,0.026183640324186117,-0.07593059904628138,0.7818528914537488,0.27913316785081077,0.7564909504002385,0.6649222830631459,0.34020402886503837,0.06667289319958514,0.31344001881573025,0.24822659630420552,0.3801780403437922,0.13093554612930453,0.3401942503023503,0.11894759997487371,0.6173452181417037,7.254328619247669
