,ROI_001,ROI_002,ROI_003,ROI_004,ROI_005,ROI_006,ROI_007,ROI_008,ROI_009,ROI_010,ROI_011,ROI_012,ROI_013,ROI_014,ROI_015,ROI_016,ROI_017,ROI_018,ROI_019,ROI_020,ROI_021,ROI_022,ROI_023,ROI_024,ROI_025,ROI_026,ROI_027,ROI_028,ROI_029,ROI_030,ROI_031,ROI_032,ROI_033,ROI_034,ROI_035,ROI_036,ROI_037,ROI_038,ROI_039,ROI_040,ROI_041,ROI_042,ROI_043,ROI_044,ROI_045,ROI_046,ROI_047,ROI_048,ROI_049,ROI_050,ROI_051,ROI_052,ROI_053,ROI_054,ROI_055,ROI_056,ROI_057,ROI_058,ROI_059,ROI_060,ROI_061,ROI_062,ROI_063,ROI_064,ROI_065,ROI_066,ROI_067,ROI_068,ROI_069,ROI_070,ROI_071,ROI_072,ROI_073,ROI_074,ROI_075,ROI_076,ROI_077,ROI_078,ROI_079,ROI_080,ROI_081,ROI_082,ROI_083,ROI_084,ROI_085,ROI_086,ROI_087,ROI_088,ROI_089,ROI_090,ROI_091,ROI_092,ROI_093,ROI_094,ROI_095,ROI_096,ROI_097,ROI_098,ROI_099,ROI_100
ROI_001,7.254328619247669,0.25171071077656293,0.24947374019425825,0.2539891657535679,0.17920634066970587,0.2155047218952884,0.3011431160465958,0.2149943232910817,0.21690069577164522,0.26296173045873594,0.17113479657714994,0.18408763965558614,0.16328569310577426,0.12396088603779687,0.12098455629866986,0.3783873427507891,0.22912920413027435,0.2639454279029739,0.10587079953062964,0.3005374181555157,0.15002697806944515,0.3117256300276535,0.1806294462396793,0.27522402791343986,0.31487599287358364,0.160606840620963,0.1997214671695487,0.324204365532804,0.2981505336948551,0.26585076235984006,0.3335809072414225,0.5066609594747561,0.5823977158923094,0.3928102780118596,0.42469988291413996,0.5242140091173296,0.3519450212936554,0.4454099442385044,0.2086968516643671,0.25940579838475963,0.3731614842778834,0.08832818785809823,0.08729610427340517,0.2988719759193952,0.2599701377874438,-0.05883310027589557,0.1461594575460398,0.08861915032543353,0.3629748962872085,0.15227947424631752,0.5369991034834051,0.1771502612386228,0.32057947907540013,0.21892418232162394,0.16043171920584573,0.17073686824238316,0.18205499677262094,0.1977148266591956,0.19947289705940177,0.12678123113874792,0.20834191243014147,0.0915562047215732,0.15038779607537814,0.11574474406726318,0.19976816871108088,0.028588381001157338,0.31783323225460497,0.09878983781921877,0.21512536473155514,0.23392170254106276,0.15080080475501167,0.07109949498207475,0.1089901930759189,0.21809114062214077,0.16221546072750426,0.20143086073886377,0.2774593367047593,0.13679826245879842,0.2352803763779672,0.2607521759306917,0.3154200976199873,0.43493648017125996,0.1972315405801635,0.2589645187953721,0.23158460467108646,0.2656420899152262,0.3526050495080496,0.20660339994945012,0.3847212765414882,0.21827793782481275,0.3012601348854086,0.19564194892447812,0.15973352900299398,0.3029606048114314,0.22179109857293547,0.3107460156360418,0.08574290046389421,0.19075982253418075,0.19713005362306132,0.19946632033350875
ROI_002,0.25171071077656293,7.254328619247669,1.6556485565419057,1.9548637649753653,1.3729977709413972,1.2265545792253345,0.9870191350215588,1.851226944458889,1.611236416413847,1.4882359234823068,1.5217373791917084,1.785500117883331,1.518359030587977,1.1446098284109572,1.1624052544046821,1.8993960656981872,1.489783141098558,1.6755586999881318,1.2978115377614423,1.569428065527903,1.457012522354632,1.083617218197963,0.8612710007810179,1.144305022998079,0.9559069928536567,0.8487393394950109,0.9246874179285153,1.0387781055091365,1.3734366555250825,1.3956519992598246,0.26564935702449266,0.09086217576592573,0.022078167838186186,1.4157139826481082,0.2451147430759666,0.6858322536071012,0.45002941545381314,0.5745613088406167,0.7337197391817666,0.6331977785593159,0.6105375128473878,0.313191534212312,-0.1634867082631001,0.19353288795891527,-0.4281556105293817,-0.5072315568857684,-0.3085567379383837,-0.3139818716134125,0.5350124297269592,0.21470555572134956,0.6870018133602098,2.065672965844742,2.079612527961092,1.8845476715390035,1.2369724374624003,1.3333156804562218,2.22166723054552,1.9252614271427915,1.3379418866319943,1.6810195695759047,1.7440449532754279,1.3943231905581186,1.6189732272254085,1.3765252521290916,1.7185971441634507,1.00525997953317,1.1463273892928845,1.3669007768867374,1.6306164918007826,1.7813777498856853,1.5781942524656494,0.77874923809215,1.1179250325286085,1.1166731524636981,1.5395020751428778,0.9850154111670947,1.623269725234565,1.209608449066682,-0.39618040209168587,0.04130962380963284,0.7543932131966808,0.8207369730324944,-0.5444233037561806,-0.036459215898723606,0.47647041729343886,0.4085508392112823,0.6610101272010624,0.5559385814440865,0.9961571582861494,0.38442568681724293,0.30080374443112295,0.7979915062822733,0.98286070233559,0.3887312366435128,0.3265771992046083,0.3877980951302805,-0.3332505704389005,0.6497337994085781,0.7469903880328287,0.24825181023323137
ROI_003,0.24947374019425825,1.6556485565419057,7.254328619247669,1.5335667397804296,1.3965072909496998,1.3875870035637337,1.1567051154187247,1.638472759075561,1.5759754744309602,1.3188008979969386,1.5241466586266843,1.4575531108642932,1.6796640694422464,1.3185157715629552,1.2875057784628718,1.4959104992610177,1.443484137475142,1.6620806133978758,1.4401246140897543,1.67947995294484,1.5812847439836248,1.0987547532835704,1.0636764248411,1.0328100350490186,0.8342407983523249,0.7149799288035629,0.9817422581276912,0.7964602446476122,1.0999166579900466,1.181197048574119,0.1725631641214441,0.14058262075501715,0.09637845325103432,1.3800345676317787,0.30111428665320417,0.7816416796312241,0.49831119503023474,0.6668523315967751,0.7457994602425012,0.7688882765912408,0.8664923661029202,0.2390792955965662,-0.12299084729916701,0.20859120000246556,-0.33834536597917403,-0.40384616137090507,-0.0929110296007689,-0.09142110067511246,0.6889712300346686,0.4079762933668579,0.6184096641631834,1.504918143005932,1.4020115028678666,1.5084842488888686,1.3125013488276858,1.3400604896452402,1.5194111301632383,1.732991167087214,1.0814658892297775,1.3914419759233316,1.242872864929327,1.4115329703923953,1.4674108862771698,1.4032102472658543,1.5750952769922006,1.116654125408954,1.2659212727991032,1.3556925556285109,1.4148680912506957,1.6293017909821301,1.4487708934091916,0.6928256077362629,1.0869867960668627,1.0653148558638492,1.1504620215064132,0.7267982992695262,1.5647025334935138,0.9585180194370441,-0.38229957743045256,0.07941540055397196,0.6938300628491888,0.8504266481290234,-0.47518299363118427,-0.038540942619706114,0.3959918316240022,0.4638234422715877,0.7482540444883815,0.386234734767809,1.1237773110524865,0.47316152689205615,0.2543211515878763,0.7111364151781122,0.7807718714386358,0.27530670929473977,0.22411238215424997,0.29688466538376385,-0.1896483358472201,0.7399639299578349,0.9294787635716363,0.43046234771547365
ROI_004,0.2539891657535679,1.9548637649753653,1.5335667397804296,7.254328619247669,1.9503429650355277,1.5954465518629128,1.2139268177188536,2.340158795374704,2.0845550837678855,1.1206710213093927,1.4925928791545997,1.376212518717667,1.7148998688528767,1.443713956184825,1.49345250425993,1.475407853430058,1.4587606084449678,1.724670651995815,1.5202063300341304,1.646105212960923,1.6466931494300268,1.1151163427747335,0.9028448877755095,0.9728012183338154,0.7225398698259723,0.6887286931684486,0.7877404745169835,0.8104884023536161,1.2254776481924075,1.3595344226367887,0.10499983737901887,-0.005596299320991094,-0.038372124827143764,1.2971338391517502,0.1893376510728115,0.7084465527847276,0.34270539211706136,0.636640742287434,0.8323339510913295,0.7326220793993087,0.6243917926028029,0.26105370060086097,-0.1700415595793785,0.1626097077047181,-0.4984059336357687,-0.3829076456542449,-0.21111533867941784,-0.19562786443447303,0.7632779284837438,0.3476505154596323,0.6529225642838222,1.7019544574375662,1.6227359373970198,2.666390073220764,1.6547995905982993,1.6375919342246423,2.2846760211877277,2.3132309000386018,1.0163318851577305,1.5643687324894735,1.2637531658430619,1.615730629219371,1.7592191752518862,1.7220871928473975,1.8404060192095941,1.2989661423965422,1.1395615982493645,1.6130790945429376,1.3768154286558443,1.5920367121013435,1.7453581093721047,0.7577572485801675,1.1184920016335855,1.056133817405707,1.1986134595639453,0.7803085724209065,1.4453716469025524,0.9699092833084996,-0.46851341584029665,-0.0034890080233299036,0.5602242322537437,0.640057676497266,-0.6921324438586687,-0.1735074097920639,0.2978858549440643,0.32605697122372684,0.5372638002400891,0.37786691072064343,0.8579475495177458,0.30194549933514175,0.2542296074325198,0.7141456935914379,0.8229102343891183,0.25523711718101505,0.2243662491427261,0.22828155409204293,-0.29267843052771764,0.5990539246542215,0.9687502104482529,0.37845360934016564
ROI_005,0.17920634066970587,1.3729977709413972,1.3965072909496998,1.9503429650355264,7.254328619247669,1.9503904332465645,1.4002895993432487,1.9477058325989558,1.9925264139203596,0.8650975394876569,1.3046800634617606,1.06413638591742,1.703930807001939,1.7794837185017793,1.9055847116217808,1.0902167520160104,1.2969094650669777,1.5191505353306851,1.5785019190318108,1.4974078181805788,1.682921948057717,1.0227406715742997,0.9180254415571887,0.7931131020693428,0.5078305972428979,0.5171141756134003,0.7092502119576319,0.560179980341297,0.9446310371661134,1.0965805877725734,-0.052856915803223874,-0.1062980976575387,-0.12106183672466493,1.0524775484948128,0.1361375863019075,0.6582639114227923,0.257604633629756,0.6496249894307276,0.8336010851389294,0.791249132236286,0.6549721419048403,0.16381167382086553,-0.18735632386512385,0.10072808478250835,-0.5294972924332517,-0.24616274182304762,-0.09899228022053393,-0.01531310950644525,0.9518834080188392,0.5040342682617773,0.5676040577386222,1.3127532305336278,1.1574355162091512,1.9428579975737583,2.134617907020939,1.8240863337920337,1.6181364448427118,1.9068597353211147,0.7627185456222497,1.2998433647323855,0.9320839601797327,1.6871648691356413,1.6179659626856104,1.9129797347806152,1.665921482709542,1.6742139675005008,1.0995089561284985,1.6634921831386276,1.0951288577145994,1.2994989661044387,1.6241026266071308,0.6895377551257952,1.0436259813531734,0.9412007052611453,0.901706730777544,0.5403556014471171,1.2285186214457564,0.7047999093677152,-0.5105400039548792,-0.0630227659914953,0.39681440412147867,0.4999293688970348,-0.7904641970622881,-0.29492912440691066,0.12654290538738427,0.2613354248187521,0.4441615013578068,0.18388325002083253,0.7318676931485656,0.2644337785021946,0.1953079195456587,0.6000444177488747,0.6397250448494041,0.08878806881909802,0.08030019104004457,0.056146987822239876,-0.20807839485923504,0.5999484188087114,1.2066207486789313,0.5202608971293229
ROI_006,0.2155047218952884,1.2265545792253347,1.3875870035637337,1.5954465518629128,1.9503904332465658,7.254328619247669,1.4970791332809288,1.673785716604483,1.9422773939683626,0.8201507002328311,1.2519749541807605,0.9895896552515114,1.5974306728596521,1.709558701112205,1.827451639595535,1.0461740305745988,1.2308221080926964,1.402448412972222,1.4800564897486148,1.5112288753094707,1.615154746536338,0.9938061081475467,0.9090992903664865,0.7493001890311937,0.4660033847851106,0.470545807449832,0.7668329474073285,0.5243835879108744,0.9008411400585844,1.067429674221498,-0.08764218477302851,-0.10005955399975905,-0.10452051830223309,1.0382584047319479,0.11140960168734226,0.7443372407381191,0.3044926033128493,0.6652260310210591,0.8535023032927914,0.8831553061109211,0.7649682663440643,0.18723217392472316,-0.19452841963506257,0.12762195972486198,-0.4860582798224868,-0.20348451807944873,-0.013912173921497626,0.08108429678260277,1.0104511536198837,0.5804027582307243,0.5263456953649082,1.2293948821998866,1.0415932161713488,1.6235673490143596,2.025464052393378,1.8756233634179196,1.4006013823110102,1.726756105441743,0.7100237139314093,1.1541831908326012,0.8432180724433885,1.5510765044221912,1.440523957842748,1.718479359336906,1.527226538954499,1.5499868510186599,1.1011587113020753,1.5101587373003698,1.0336203687792,1.1954533719023182,1.4962541870962909,0.6551560823552555,1.0053125975562243,0.906020320927344,0.8217439397853649,0.4888187364536945,1.1775935569803397,0.661483957542882,-0.5472729270633349,-0.05251240399936248,0.3860856367198206,0.5180448263367632,-0.74050480070442,-0.3032208273249098,0.1500997745005802,0.3020916391905627,0.5042008820888748,0.1902213403666752,0.8329644733427548,0.31085406294911255,0.11841570944696428,0.5745633673620413,0.5968007363131216,0.030306866212277878,0.08511048014267047,0.0684329985225299,-0.13195315192254997,0.6741455326011745,1.3122226144020048,0.5914775113367962
ROI_007,0.3011431160465959,0.9870191350215588,1.1567051154187242,1.2139268177188536,1.4002895993432487,1.4970791332809281,7.254328619247669,1.340674043720425,1.384576139915977,0.7417164629021692,1.126508777556908,0.8516099184110496,1.3416983740310084,1.4668223049409945,1.3302499443759037,0.9179639028177137,1.0224691188918078,1.2580560586659113,1.2960730850710986,1.3709566646788434,1.2856769700653936,0.9836975005974364,1.0039032221340434,0.6986259952966246,0.4729684366557782,0.46714569669369305,0.7115226094938906,0.4389991150539345,0.6870971611036207,0.9602287015672519,0.02817377379639054,0.041226199622446016,0.0473954236288314,0.9630079092784529,0.26736495907653157,0.8541197887196361,0.2624009396720542,0.7833849057549165,0.9835187608376461,1.1597877641837082,0.9099071824500574,0.29335502902676697,-0.0013430428101764928,0.27666960707544214,-0.2137796622055016,-0.11335300561083214,0.15106322904738373,0.21219764632674745,1.2393677916376196,0.7335294039626825,0.4035993405744394,0.9109844769529712,0.822026423004718,1.1564291460130893,1.3211312645293563,1.209725618549677,1.0295232435346973,1.2003235558146572,0.4807108094692256,0.8110310637249314,0.6193814656351246,0.9683937231011188,0.9741714845773609,1.1287122121267656,1.1772756372743252,1.1827204928469905,0.8352776639030021,1.0138574152816955,0.7392612863083331,0.9167688837703746,1.0921092744871403,0.34400761461574453,0.6784814866045483,0.6767322842039359,0.5878021702101871,0.2786720060117217,0.959667447777414,0.5170525908145178,-0.38232910479561255,-0.18241282191567681,0.22875485532856074,0.3974406072844073,-0.6243623977825744,-0.3209976017823814,-0.013559388579798633,0.11814220223264307,0.46181579102532955,0.11078927711881892,0.7530394291659477,0.1363615822537844,0.02708413222580232,0.39046734533073185,0.43565189054213077,0.011667808512959964,-0.05524671996539443,0.07263069303943698,-0.11188641555870715,0.41067839684721896,1.1575446971636594,0.7470032303067728
ROI_008,0.2149943232910817,1.85122694445889,1.638472759075561,2.340158795374707,1.9477058325989545,1.673785716604483,1.3406740437204254,7.254328619247669,2.186390117060823,1.217832286651306,1.6530687812294316,1.4815241887018862,2.025245392843811,1.6387411363549778,1.6362736282711519,1.4807359503989976,1.5773714685187759,1.962386690475712,1.6513504733977813,1.6696679508195442,1.9707853641002817,1.1941866562446743,0.9479106980079013,1.02255909006069,0.7450139457361846,0.7423054209972794,0.904624434718292,0.7933982948895635,1.2079327530888968,1.4008258728495468,0.12130780954623924,-0.014855463590993063,0.0009608438234048669,1.2931679445105462,0.23915115276172003,0.6988137603478088,0.3159725855185216,0.6200971650959515,0.9141913003211092,0.7944104268172095,0.6467394596691122,0.283482332794877,-0.12988897983549136,0.19011847371179325,-0.42876450297325236,-0.3584150475836393,-0.180048011072592,-0.1343600908188329,0.7633974632517535,0.33508506100559865,0.53650158069287,1.5814774044030209,1.4586738448335181,2.074304688242375,1.6468533282592728,1.6359723568708344,2.0930268641839023,2.2791602972412504,0.958389071227468,1.4345335625563205,1.2153273113979255,1.557935748823986,1.6804280409716288,1.6892836593204956,1.9319848894137042,1.39523301339212,1.069727078091204,1.5786844473648483,1.2893536598953723,1.493355850471094,1.7929652871823627,0.695084433608129,1.0516030169634611,0.9927606868069897,1.1614608641660387,0.6862854299592273,1.4161738214725152,0.9186968573719707,-0.5082061077531779,-0.09959197619303045,0.5183088756047012,0.5923694807006235,-0.7175577635988846,-0.18621458661062895,0.260393919377248,0.2867687292469586,0.5240510225024892,0.36055309333734026,0.8786285320832988,0.23189315199975868,0.15713745346041866,0.6119249011442618,0.777471016977601,0.18133597128940773,0.16855642250462124,0.23425834392209205,-0.3066447637635541,0.5814164034057853,0.94381448374172,0.3755882791929971
ROI_009,0.21690069577164528,1.611236416413847,1.5759754744309609,2.0845550837678855,1.992526413920358,1.9422773939683626,1.384576139915977,2.186390117060821,7.254328619247669,1.0280328839803872,1.5184132497001348,1.2588539724539751,1.8866866369011563,1.6109252724620318,1.6877656735515092,1.2858377357078559,1.3821533127937897,1.6116003143374489,1.6356908710709532,1.658466624114414,1.8456973134810761,1.0635417727585,0.9351816628249171,0.8829050589497428,0.5884288634600049,0.5889618402119253,0.8604901189496544,0.6707664699975113,1.0792130458899334,1.2820679889041269,0.005902824140200057,-0.06338832954653001,-0.06688084019010838,1.1900810115811564,0.12686635019038883,0.7651065434418995,0.30965242767465057,0.60975593009705,0.8424152042695142,0.8365343211472073,0.7131835186399953,0.21641688620185046,-0.2095573095845971,0.15211759897314245,-0.47596361980285795,-0.29486645328686273,-0.10797248581550775,-0.04827401948798387,0.8708247916805634,0.4500727906387096,0.5421925203817097,1.5742663102868395,1.3287404636296927,2.057924443999519,1.887959223598625,2.020093543600201,1.8599741758653499,2.2809965030232804,0.8994053784323075,1.4161537122265193,1.087324427296057,1.7205429480490613,1.6732554525744674,1.7649340137309133,1.8675637333596553,1.425022223577528,1.1159884555079131,1.673114249258341,1.2584777748972096,1.4024228201922644,1.781425959678927,0.6829810318027575,1.1012415464867191,0.9579589659642741,1.0471058606011352,0.6343309236692083,1.3531658908412485,0.8256468677372852,-0.5311824018772608,-0.057666135873884,0.48204190061645985,0.5962722695106979,-0.7047618742122501,-0.2691449399087504,0.26554039490661946,0.33282049528743246,0.5280745311944331,0.30477507276780497,0.9058559492469345,0.3202532032566233,0.1673779595456347,0.6221164702535232,0.7103662120337129,0.13832747618948105,0.15173723994860658,0.16317304777862787,-0.21242583544220478,0.6818948550891667,1.1178525792575635,0.5059126801452033
ROI_010,0.26296173045873594,1.4882359234823062,1.3188008979969386,1.120671021309393,0.8650975394876569,0.8201507002328311,0.7417164629021692,1.2178322866513056,1.0280328839803872,7.254328619247669,1.3428407590837739,2.106388683893116,1.2050243448871205,0.9050277380247345,0.8712360820742547,1.748562752501229,1.4882327988373287,1.4360077858371922,1.083556314913682,1.1041131041516878,1.1431618548778786,1.1544694329968428,0.8921850700970321,1.5428315188261963,1.3772755835061123,1.2365940599300842,1.1455146940345247,1.192339538335014,1.2472129423645348,1.2875620021485477,0.5175295537982927,0.32802088384887834,0.2640783684257563,1.3927118575780595,0.5247068690748082,0.545799079512114,0.523051369696432,0.6036576630470262,0.7441604481463558,0.6214775001136441,0.6080105172758521,0.4453185475076664,0.04766793981281266,0.22501317289585984,-0.20358046007651226,-0.5647703898835582,-0.28952908585365145,-0.3155047788183788,0.294341086034858,0.014858366508353519,0.5437810712024503,1.2434570147774624,1.4498303865121742,1.0528213874257708,0.7605168870949889,0.8763688557498166,1.2331418090319515,1.155115552058515,1.3118035623773794,1.1189979839146553,1.5006452621331205,0.9090943852465293,1.1068328961915246,0.9464291002275637,1.1839211265290226,0.7562091284933603,0.9133522522547287,0.9517156070211598,1.3463508089979959,1.39061350517587,1.0933953876342446,0.6753755779268346,0.9372106415892679,0.9851670549599791,1.5050348169799774,0.9823544415893253,1.26091701643772,1.2652143242167544,-0.3438083721107446,0.055925379601967425,0.8810282132022362,0.851629832723014,-0.3689683241613383,0.18200401222418364,0.5835587838432738,0.44306120754893025,0.7441823301358637,0.7221483895651807,1.0156792700448891,0.3554654440120833,0.20813389128287813,0.6498503788453884,1.0139290967236227,0.4800777117636165,0.4150356040021948,0.5930228278359377,-0.3259757396960579,0.577134545848507,0.446875483622813,0.06814331901944595
ROI_011,0.17113479657714994,1.5217373791917084,1.5241466586266843,1.4925928791545997,1.3046800634617606,1.2519749541807605,1.126508777556908,1.6530687812294316,1.5184132497001348,1.3428407590837739,7.254328619247669,1.5992482515486444,1.8730274741081734,1.382882248378387,1.240375674205126,1.3913463629087226,1.5243630704606674,1.6883707983240506,1.5426942688219112,1.429037585343315,1.5493357297456865,1.2026762452168576,1.0956683744229616,1.1216549207779367,0.8460690618416641,0.8717375886371489,0.940747540019275,0.7652753896723637,1.1001139843213694,1.325915919245811,0.20311898456762179,0.09535817225675833,0.060289286445724524,1.2836961089440546,0.3186642055270219,0.671164415351559,0.3437921134426182,0.6043130301680224,0.8935361122387587,0.8535834340124944,0.7884364020786541,0.35595831612056145,-0.01979625247409199,0.22155027177695616,-0.3398374407720654,-0.42038429868786287,-0.0932777275216756,-0.09987137871646087,0.5760836628096081,0.31440053831589404,0.42680813994915656,1.3650474472504017,1.279206741914558,1.3946006707278233,1.1982538843271633,1.2278895187771501,1.4753593906802462,1.5657432769172865,0.9656233402491328,1.2274195333145643,1.1605609277919575,1.269990976917018,1.3260364836194463,1.2521125562063828,1.4051647734151262,1.1227439802742654,0.9817604195427937,1.2459703970264413,1.2509757957554954,1.4007834260644243,1.3098639923137585,0.57881325634437,0.9984038372495398,0.8743794602707393,1.1138219558876112,0.6656277330754206,1.3698717208076485,0.9729155555466742,-0.48388597204196576,-0.09376255777663245,0.5716296065882267,0.672384152527554,-0.5909184648184331,-0.11764398027779949,0.29282132309714887,0.30537643527309544,0.5568367923373404,0.45186563179333755,0.9746038120675462,0.3024766010631182,0.07492853029833632,0.5551639967367764,0.738609176277556,0.2549624030051763,0.16570216712685953,0.24015939516927176,-0.2786611928488401,0.5857816786238134,0.7516978602385533,0.3902176098834797
ROI_012,0.18408763965558614,1.785500117883333,1.4575531108642932,1.376212518717667,1.06413638591742,0.9895896552515114,0.8516099184110499,1.4815241887018868,1.2588539724539747,2.106388683893116,1.5992482515486435,7.254328619247669,1.4961620608191266,1.0902983460229947,1.050748295084048,1.888364908348601,1.7732729976813482,1.6805392424966719,1.3180573966586484,1.2478968044032812,1.334696448629392,1.3082174883234412,0.9756308053479897,1.5147794559049064,1.1917077679569925,1.203611736733394,1.0904274493443897,1.1514839589048598,1.2744059404654493,1.4646279966954172,0.3949262627085167,0.21213972442406095,0.1429430950598463,1.5038723586699139,0.42011399081341455,0.5729292559756457,0.4558855871910897,0.5975262710919121,0.852127461870919,0.6893803183940223,0.6337411060251625,0.46492876965008834,0.03785246937885022,0.1921497171871788,-0.32598565966159926,-0.5563258238631705,-0.2773740822527937,-0.3146920074246958,0.3931193154261817,0.07516870775267581,0.5478772207345738,1.5197027176085107,1.6540005127516548,1.3123438696012868,0.9598847666434173,1.0693939305986446,1.5404077992761969,1.4333081288493672,1.2938177224130212,1.3131217699700153,1.5891869971027068,1.0990859044385153,1.3419823248684881,1.1695139051852823,1.3961217380062514,0.9264491534703858,0.9896281217289014,1.1628634778958726,1.500579143190181,1.6313596941069088,1.297239843530035,0.7421599890961958,1.0788594087404626,1.056564652826444,1.5871550415106417,0.9533290499530827,1.4628490531322402,1.3359722053636065,-0.4612819628008306,0.0001871485820412268,0.8101572750219496,0.7873062227694962,-0.5211189871052565,0.05808337903945456,0.48988982205057097,0.4147112247209503,0.689887222326792,0.6830073520969523,0.9779888439336428,0.33631096762742885,0.1792819857434386,0.6792435862863718,1.0225099594273,0.44711535484718923,0.382537389493003,0.4648120299947548,-0.34840717216433437,0.5813297777989643,0.5677384550429669,0.12510927076086442
ROI_013,0.16328569310577426,1.518359030587977,1.6796640694422464,1.7148998688528767,1.703930807001939,1.5974306728596515,1.3416983740310084,2.025245392843811,1.8866866369011563,1.20502434488712,1.8730274741081747,1.4961620608191266,7.254328619247669,1.8702081330949323,1.6734350632801311,1.355998769409966,1.7417679059022744,1.95257231989026,2.0098022366666695,1.5267019610505517,1.9499430866606164,1.3143824622749496,1.1464675235119082,1.0870332730347227,0.7475232738690832,0.7654614804995048,0.9218516770145494,0.6923068608838598,1.0253157793061543,1.3288181521756643,0.12059634790512505,0.020429841650829474,0.025648981456136775,1.2956329798901605,0.2886896484273089,0.649264939736525,0.3046622887285645,0.6825934073658634,0.9943650089396675,0.9226490133049776,0.8252374545613754,0.3261548401487596,-0.0222716342881837,0.13806955053090722,-0.399235076828454,-0.325973903637133,-0.04679369005719902,-0.0404276509321706,0.747445758944182,0.38109009469059274,0.4712045978962996,1.384570676895205,1.262933314288183,1.6076791378287845,1.5216490889386032,1.5102030418808376,1.592012778541694,1.882257345753748,0.8705555656651005,1.283128923350029,1.0664053864935354,1.4995447869503635,1.532815145346694,1.6492181546106508,1.6173075772524865,1.474836336771343,1.0593627592348895,1.5378683241942332,1.2539958669789593,1.4876311595185887,1.558487817120156,0.6290382441585957,1.0756273255033486,0.9178135561394873,1.0572358635742813,0.5796084883522162,1.4056258408290363,0.8687997333792085,-0.5569975874084437,-0.11415138266538778,0.5095550170886298,0.609537583816731,-0.7217015309973127,-0.18870041971569768,0.1948809298977386,0.3161851647445733,0.5195248900756345,0.34494101631149615,0.8893515206264627,0.2832284767696173,0.06905590667145216,0.5523020099068763,0.7155722600881581,0.16993142568428113,0.13556887013244923,0.18772914922484985,-0.22407404272477088,0.5937755089784801,0.9261989986104617,0.44235595163436336
ROI_014,0.12396088603779687,1.144609828410957,1.3185157715629552,1.443713956184825,1.7794837185017793,1.7095587011122042,1.4668223049409945,1.6387411363549778,1.6109252724620318,0.9050277380247342,1.382882248378387,1.0902983460229947,1.870208133094931,7.254328619247669,2.043880306341467,1.0458364026288192,1.4219568900913429,1.6352713878188343,1.9272351638454905,1.3661471447593903,1.7720257330482119,1.2468840426999508,1.2287576762288255,0.9003966390795327,0.5601265577262781,0.6392033064148452,0.828076918162836,0.5230368301811851,0.8509168736196397,1.155443700683104,-0.011726032367817737,-0.021553732698661565,-0.04925119482705226,1.1187558110457991,0.28262341643746597,0.6222111628980497,0.2645088942693492,0.7141897709527102,1.0096372985240092,0.9778122484569203,0.7893685148362294,0.2572230433024146,0.0033111348164576236,0.11432772290378428,-0.39953049147824915,-0.20298659451517917,0.040314214512960314,0.11695307042038167,0.9221158155580699,0.4862224993219791,0.40971961775484683,1.0700122917690957,0.9563674127054317,1.380089025390805,1.591398424942942,1.4832649679019836,1.2793770642342355,1.4800482994162987,0.6557167340999733,1.0404073153625921,0.7773952190095733,1.3088296178232859,1.3110606686415713,1.64096491454455,1.4524329340674025,1.9026594664702596,0.9644970242878471,1.4353057885596474,0.9767003125956777,1.2189635649605208,1.354890210125951,0.5776395602577957,1.0006271273171867,0.8389700634643743,0.7979266737138195,0.4176068927070445,1.1183030678096277,0.6760124999536228,-0.579267321112615,-0.1450394094337501,0.34012438749266843,0.43093727516632446,-0.8296677125279945,-0.2837522238285268,0.044526328213908534,0.2115352784661416,0.4241842831289901,0.18542979792024392,0.7258878996959177,0.18245461972696442,0.0038232880739671967,0.4533713332637554,0.5683865799688977,0.030624216404870362,0.0255794535754147,0.041611502478805226,-0.17474944733458403,0.5308341282139576,1.0699100216289477,0.5179495685793946
ROI_015,0.12098455629866986,1.1624052544046821,1.2875057784628718,1.4934525042599307,1.9055847116217794,1.827451639595536,1.3302499443759042,1.6362736282711527,1.68776567355151,0.8712360820742547,1.240375674205126,1.0507482950840479,1.673435063280132,2.043880306341467,7.254328619247669,1.0275451467419363,1.3832615334905958,1.5231101990881004,1.7390581138634342,1.342446077386857,1.6554592672909583,1.1534998300814756,1.0438945386299652,0.8571319310934106,0.5040347548844325,0.5618842967001509,0.8347040083448947,0.5582930357004094,0.9163038139969654,1.2287368098667208,-0.03745886671047976,-0.0773590932625533,-0.12441496631545904,1.071187420710266,0.17800894841512735,0.5631515674069468,0.28559567691281923,0.7223476920886129,0.9611223572360289,0.9079148052312908,0.6982892189362222,0.24930452302986744,-0.08744302255734478,0.09496913290285322,-0.5192911809895323,-0.15497304351909597,-0.05743713793859995,0.04904328486207816,0.8973086094792706,0.46845769257842285,0.48022867631007987,1.1641959373694766,1.0218809226289813,1.5176005662489493,1.8161125281936532,1.6617055383194677,1.3940974998968656,1.6067217981706545,0.7407227553876524,1.2023118360028004,0.8542253593527339,1.5400969127287394,1.5755957697185388,2.061423041787568,1.6000458368478208,2.207634423850174,1.0664113583500214,1.7586952730479621,1.0737526578093144,1.2778295608030086,1.5053933076327806,0.7598492184971137,1.1754854621432398,0.994210650283187,0.8874914294091334,0.5233332333570158,1.1651434656053163,0.71212920708591,-0.5709190442219082,-0.049969925393881565,0.38568226800232547,0.4392181556221092,-0.856698869688924,-0.2839704991526314,0.12281207106306379,0.28050533385412724,0.41894461774581404,0.21598666312574036,0.7091001587875819,0.2507548527618476,0.10342480257010685,0.5901566985215989,0.6879861994882323,0.0800443499863561,0.1334850862457629,0.07401898607459108,-0.10043022805898344,0.6365627704896681,1.1563015801620973,0.4681156539075647
ROI_016,0.3783873427507891,1.8993960656981872,1.4959104992610184,1.475407853430058,1.0902167520160104,1.0461740305745988,0.9179639028177137,1.4807359503989983,1.2858377357078559,1.7485627525012282,1.391346362908723,1.8883649083486023,1.3559987694099664,1.045836402628819,1.0275451467419363,7.254328619247669,1.6094929479022524,1.7275133295778782,1.2059809312075407,1.4339681769758834,1.2573229136491086,1.3292523601814135,0.9269879640616397,1.440968860333762,1.2357915301694307,1.0435940884204038,1.000393907887095,1.2339163781418319,1.4055959751722418,1.4744864357229606,0.4558758995867249,0.2826494490713456,0.21652416281761894,1.800435697200627,0.46978394915297916,0.749855923499059,0.5607197876058311,0.6910667221322491,0.8192081619909031,0.7038472326392551,0.7227706568269121,0.438021274528968,0.018261675869964186,0.24429739700094089,-0.2862259687110879,-0.5386499591453491,-0.2349234889695338,-0.31099251265486183,0.5048299157597872,0.14564191863504516,0.7461411084094428,1.541083547852147,1.9483334039868374,1.4146938662243862,0.9963939981189023,1.0961441003299077,1.5594111544522296,1.4764434571985534,1.2620853043339504,1.279933554742599,1.5647482878892325,1.0737945453631408,1.3345190307505959,1.1631311066985808,1.4247002407619418,0.8705600347076448,1.1429804793692449,1.115197870778423,1.5269512104544904,1.683170088102244,1.3040767585684443,0.7587603132226388,1.0496314010041337,1.161821922862879,1.4836982694664715,1.0200684090409022,1.5968221484515879,1.2722453714369302,-0.35128932537929336,0.07822048918783756,0.9297245099077217,0.9701202567042573,-0.45144891933633957,0.1311558251686122,0.5238015382720478,0.5208849872977083,0.7626926964505633,0.704897931218681,1.109675536890866,0.4175707272770633,0.29516930541612013,0.7778411964312985,1.0665082034660267,0.5175156618113655,0.4766689948532891,0.5463432721869774,-0.24854003423630291,0.5928545971168793,0.6527389650341245,0.18750138785135192
ROI_017,0.22912920413027435,1.4897831410985587,1.4434841374751426,1.458760608444969,1.2969094650669777,1.2308221080926964,1.0224691188918078,1.5773714685187759,1.3821533127937897,1.488232798837328,1.524363070460668,1.7732729976813482,1.7417679059022735,1.4219568900913429,1.3832615334905958,1.6094929479022517,7.254328619247669,1.9809655034000708,1.6878780264716533,1.2570233397177515,1.445731299096217,1.659759723742619,1.1321844358089284,1.4936493139332883,0.9836803729906083,1.0581657851972768,1.055363029591912,0.896214666447277,1.1324428452135558,1.4437872270289682,0.2801206520298643,0.18567462562370282,0.10698658576837929,1.5581358588710634,0.44873598392100683,0.5582428062666024,0.4201604739128486,0.802692546124938,1.0564830290878104,0.8765871980697466,0.7940761574302257,0.4581109036154625,0.10775847711545943,0.09434430149099086,-0.4023043897236419,-0.40533747755753696,-0.13595636568314592,-0.17406081484750238,0.5545317114367528,0.18383976399591964,0.5922697293366926,1.316485632651683,1.4156866686167333,1.3857299428936383,1.177990133796152,1.231989768800778,1.473232675749468,1.5398620104278493,1.0154291553036843,1.2083823999389622,1.1719315902379595,1.2351893860440382,1.4205494674523247,1.5014905390947182,1.430740697894695,1.23415091202603,1.1068196553501415,1.4036726864719233,1.4020101681122978,1.663615554438273,1.3288552641574638,0.8138673483643769,1.2048006823341764,1.1067694893670308,1.2788460090775395,0.7581034013808652,1.4137729548016043,1.024538904743879,-0.5245915519175363,0.021028254437846502,0.7010929788264886,0.7117038802894198,-0.6772414845833886,-0.029776381713494327,0.3240851634552313,0.44447282205944094,0.631159510294619,0.5196494599688133,0.8907138528137909,0.3546359805823651,0.14506668909871437,0.7016497344623683,0.9764128754712945,0.3444671580898508,0.3482958198145663,0.3039572397003208,-0.22913415286815628,0.5944616274838161,0.685059767860902,0.2084924958815723
ROI_018,0.2639454279029739,1.675558699988131,1.6620806133978767,1.7246706519958142,1.5191505353306851,1.402448412972222,1.2580560586659113,1.9623866904757106,1.6116003143374489,1.4360077858371916,1.6883707983240506,1.6805392424966727,1.95257231989026,1.6352713878188343,1.5231101990881,1.727513329577879,1.9809655034000695,7.254328619247669,1.742579878434688,1.6904984377584977,1.7706274298507323,1.4970818294676815,1.1913998699460544,1.3075339954677805,0.9544167329234139,0.9437085216373201,1.0018011425044049,0.8837692811915432,1.184834775733982,1.4871622757904184,0.2868676026945475,0.1653125583153547,0.1310137045861828,1.6784184322605438,0.4403389399076969,0.7206494471455714,0.4250952926990791,0.7638940032961935,1.0078148090168408,0.9105572096719912,0.8113731689646857,0.396506923717401,0.040678224974743354,0.20469667825832658,-0.31399075497346735,-0.4202114011748331,-0.12214158321822395,-0.12107333801558089,0.6911549640510786,0.2956688189209451,0.6012450757297632,1.3990866470985888,1.458379544911925,1.5864640790620923,1.308728434577023,1.3623091632897264,1.6339442313913528,1.7283253270574477,0.9668127599466447,1.2639479099433601,1.1865592543891919,1.2622967188946619,1.5188832366448155,1.5197938524540457,1.7098842606761642,1.295306714571189,1.1536978584705937,1.3925512386315466,1.3609465392396007,1.7206937070151,1.4933456746316776,0.6972482186770466,1.0913920084039637,1.0780942456284115,1.1845693779266844,0.7137549636281671,1.5428891457474234,1.0107220349358872,-0.4357155128125041,-0.04624271470813376,0.6399455952366401,0.7158382334970258,-0.6156541075615195,-0.04876408033822947,0.2842658324332923,0.3729006978323251,0.6189168284925454,0.4389310970137269,0.9859267329693208,0.3022470676916792,0.17118220381291321,0.6176192342296271,0.8482955842932927,0.3017403781413084,0.2487873247731447,0.3163836912853356,-0.25382417147089126,0.5610751210403037,0.8425789067165151,0.32500186056897734
ROI_019,0.10587079953062964,1.2978115377614423,1.4401246140897543,1.5202063300341304,1.5785019190318108,1.4800564897486148,1.2960730850710982,1.6513504733977813,1.6356908710709532,1.0835563149136824,1.5426942688219112,1.3180573966586484,2.0098022366666695,1.9272351638454892,1.7390581138634342,1.2059809312075402,1.6878780264716533,1.742579878434687,7.254328619247669,1.3582259751084313,1.6857681403158213,1.3861914790341687,1.2665086435728994,1.0646361940045574,0.6834879430548199,0.770759289960508,0.91056854501758,0.6476233861294198,0.9437127680477786,1.3353358864809306,0.05962597734577083,0.06481701254087716,-0.05804163823426506,1.2695438400613916,0.26234260953147404,0.6058410417239856,0.330456279910283,0.803777716618064,1.0744545428194223,1.0234952391694865,0.834473792704448,0.36594265349305727,0.04767446872946805,0.1011672238869484,-0.44610441493124775,-0.24787897563775574,-0.008514849535270656,-0.018412354147552348,0.772462365827581,0.41742509129711847,0.46322426129165684,1.237260336503298,1.115040684298509,1.4596933584424365,1.4292785735310545,1.4105001686993703,1.4174807823427602,1.5827859661461907,0.8229557410789787,1.1870582318034038,0.9282485129234723,1.388648272001222,1.43163978286199,1.6859773683733874,1.4877657831267845,1.6287084886135441,1.00133775579458,1.6125355939998691,1.1615362997526855,1.4403572853983921,1.4014834199157316,0.6600108138978008,1.1315847108334498,0.9547982638763586,0.9961846418863048,0.5677548380084458,1.2396984912991451,0.8399410793004338,-0.5796321281849176,-0.05286941172526854,0.43806247869097364,0.509105422089068,-0.8423430835525504,-0.2620682581988126,0.15810884876738085,0.280057713847765,0.5328736789627491,0.3109628094739355,0.7852144881027951,0.2681885700713185,0.02543387361191691,0.6149780165636104,0.7444065315788841,0.17625703761406128,0.16756233609430954,0.13146465337884028,-0.1692845639726152,0.5545101619458197,0.9439743044777408,0.4601314674130023
ROI_020,0.3005374181555157,1.5694280655279023,1.6794799529448408,1.646105212960923,1.497407818180578,1.5112288753094707,1.370956664678843,1.6696679508195433,1.6584666241144148,1.104113104151688,1.429037585343315,1.2478968044032817,1.526701961050551,1.3661471447593903,1.342446077386857,1.4339681769758834,1.2570233397177515,1.6904984377584977,1.358225975108431,7.254328619247669,1.5093952202471554,1.0728358697666447,1.064293684809507,0.9682372788811154,0.7497592879903954,0.6245172663359934,0.8818411300116802,0.8026346717513169,1.117995587515917,1.259208133479799,0.17272989973518935,0.11114447157380701,0.06475806658623781,1.4717513877606334,0.2889907323533967,1.0369671300429661,0.5070807836742183,0.6528065183071168,0.7487510740368011,0.853833733102239,0.8724268588950469,0.24298778752624428,-0.16355444282656506,0.27802444471816334,-0.2947356515974529,-0.4109011969060773,-0.0985219698108958,-0.021819334581937664,0.857733736078197,0.5030651263705068,0.6827795771592481,1.4858476436162864,1.345871170173092,1.6283602487602922,1.4248035861748705,1.4598833242513463,1.5306099270811757,1.682906643020101,0.9147113937599591,1.2782765262591744,1.1228789231165224,1.2524281952995542,1.4649388501799947,1.3878593375534145,1.6791300497715573,1.168932863851778,1.326045654769028,1.272281882588133,1.3072443471330633,1.52622032465439,1.4322969544785564,0.6466365355197015,1.0382207450388679,1.1104970450663671,1.0434500092595491,0.6905446994508196,1.632305440067946,0.9311824923412206,-0.3241531701700317,-0.016588545533000064,0.6499627637600814,0.8123082843792214,-0.4693140582697434,-0.050319488082991054,0.34580413522071335,0.4047545284025518,0.750956969941722,0.3735249499682363,1.256554150165506,0.4267054693745556,0.25614492259940086,0.6491428020935035,0.7256591820163015,0.2625533823760065,0.1945909521301618,0.2792418280745623,-0.16384286444343507,0.7207590247818526,1.1126674011490714,0.5318257048382954
ROI_021,0.15002697806944515,1.4570125223546315,1.5812847439836257,1.6466931494300268,1.682921948057718,1.615154746536338,1.2856769700653936,1.9707853641002817,1.8456973134810761,1.1431618548778781,1.5493357297456865,1.334696448629392,1.9499430866606164,1.7720257330482119,1.6554592672909583,1.2573229136491086,1.445731299096217,1.7706274298507312,1.6857681403158213,1.5093952202471554,7.254328619247669,1.0746899000786967,1.0199327856934783,0.9622274928351273,0.6926513983818529,0.6891517263255654,0.9671227466873888,0.6581208928424609,1.0430732902603115,1.2916754895441123,0.09187820527827104,0.0036638384075900763,0.007445218151625697,1.1752420462829516,0.2400884879602932,0.6648953474964641,0.29778181817946114,0.6089123756525312,0.9118935621456477,0.8427467704682007,0.7157746153276038,0.2567370077178033,-0.09592934522103383,0.1990392210657301,-0.345819625647281,-0.2683171937286618,-0.08224087211724104,-0.03710694597065143,0.7415107894037628,0.3825827981758192,0.4416056510984402,1.2970239235925416,1.1971948908933143,1.5572677827458168,1.4607203209517008,1.5618895972993396,1.5868253609620555,1.757752812886024,0.877050643123838,1.2318484131090153,1.0588092892882135,1.4574701432688617,1.4741228306759329,1.5751566554432113,1.8075295222537109,1.4300133436793687,0.9757090276765684,1.5265741084899305,1.1817117676169018,1.3690114568168732,1.7253993422102258,0.616948977475754,1.0052193636447613,0.8795265316599641,1.0153431811480103,0.5875117510861799,1.2334350215906758,0.860478748208397,-0.5006851753785327,-0.08691933638960254,0.4507851107781225,0.5305628267081912,-0.654619525739319,-0.23023410856385607,0.22725045825888562,0.2715799385668918,0.4934958319046628,0.303889842576491,0.8660960807989411,0.228332727163643,0.09120631140077262,0.5129156570262542,0.6915300665249361,0.10722090467032772,0.09918368635849262,0.21851681259019365,-0.23048544823427908,0.5741328714825747,0.9690151884582806,0.43708456778771937
ROI_022,0.31172563002765363,1.0836172181979629,1.0987547532835702,1.1151163427747335,1.0227406715743,0.993806108147547,0.9836975005974364,1.1941866562446743,1.0635417727585,1.1544694329968428,1.2026762452168576,1.3082174883234412,1.31438246227495,1.2468840426999503,1.1534998300814756,1.3292523601814135,1.659759723742619,1.4970818294676822,1.3861914790341694,1.0728358697666442,1.0746899000786965,7.254328619247669,1.227158260866593,1.4480594083723037,0.9362658069864406,1.0669663843188977,0.9411095973869856,0.8885188834122625,0.9946140452205933,1.3694333147017803,0.30685649259383835,0.26294263622951547,0.1847909332901536,1.4969185920894472,0.6238755091232691,0.6089552854476386,0.45628597446096775,0.8777867343183144,1.113139779374839,0.9347540146095694,0.808993224965415,0.541582753700334,0.29153097815666457,0.1483222875049532,-0.2825889185978381,-0.33316066165368047,-0.0041441487079791,-0.06247208669324995,0.6254246557317424,0.19526167294338426,0.5353240195380635,1.0131305364504877,1.059150238380441,1.0485710097730925,0.9520544560082109,0.965195506925263,1.0737803531146815,1.111323579277681,0.7893996232513558,0.9144964268545227,0.865491852713345,0.8771548269992661,1.0532449155540136,1.1141558997015608,1.0695876957696246,1.0646766254704698,0.9363395959287649,1.0300735715794884,1.024378098103884,1.2373683825904693,0.9990518211211289,0.6796567046747226,1.0395747264288684,0.9847566825546393,0.972683629940898,0.6249102551429507,1.1880706344060827,0.9010761585555183,-0.4722080012863291,-0.037913476995920944,0.6207137383854102,0.6123194212412185,-0.6632970202830137,0.03032195327267705,0.23236322162427886,0.39078175232066104,0.5888983966497122,0.5321184161998436,0.8017870312967441,0.26739806392810045,0.0486061847773838,0.5873327618919074,0.8161923774154246,0.3725932326345302,0.3566929125786959,0.30480926105644696,-0.14364593385809155,0.4986943173665756,0.634117526234459,0.22426202342646598
ROI_023,0.1806294462396793,0.8612710007810179,1.0636764248410995,0.9028448877755095,0.9180254415571887,0.9090992903664865,1.0039032221340434,0.9479106980079015,0.9351816628249173,0.8921850700970321,1.0956683744229616,0.9756308053479897,1.1464675235119082,1.2287576762288257,1.0438945386299656,0.92698796406164,1.1321844358089286,1.1913998699460544,1.2665086435728994,1.064293684809507,1.0199327856934783,1.227158260866593,7.254328619247669,0.955386338312864,0.7107632959760871,0.7398232377634414,0.818791689096878,0.5573957125084229,0.6394346670587275,1.031977385150061,0.16487980934890467,0.31361736114864774,0.12614628728782595,1.1995959412751178,0.5376542047625078,0.6836457411868012,0.5138774956088727,0.8253929442456013,0.8133020070563768,0.9444885854549542,1.0522831563557684,0.3596115174217098,0.25242806994513767,0.15142492138303099,-0.15314855930209822,-0.24336224567191328,0.2037448195672752,0.20944419615937235,0.6498068205112167,0.5071946739604015,0.4307343018754118,0.8322489277642644,0.7522852544494253,0.8530079581208243,0.8467841325089079,0.8761668075094164,0.8353494245061424,0.8925200856908627,0.6189647678587834,0.7830139288949136,0.6330825920283869,0.7649296867358828,0.868633722821742,0.961968760084864,0.9907535475703841,1.062922589126614,0.8573525417329899,0.9053952935841058,0.8603444723651225,1.1065855525239336,0.8237156708613111,0.4148032568000987,0.9093181586901424,0.7599108731940674,0.6858935752524625,0.40756644055830143,0.9637025548346418,0.7269888266818902,-0.31369901209449835,-0.010985118124829664,0.42394299721441653,0.5327104386822542,-0.4875380395586933,-0.060025890731251724,0.12090675763935392,0.2477533221031248,0.5915465610511759,0.27496173334667096,0.8111450828714087,0.3067161714752938,-0.04588106405778376,0.46162534076464806,0.49900377515485783,0.20078501182045957,0.06417973563947921,0.11611184411459878,-0.08480475646429304,0.5033834888894431,0.7074155000781965,0.4590701458969161
ROI_024,0.27522402791343986,1.144305022998079,1.0328100350490186,0.9728012183338152,0.7931131020693426,0.7493001890311936,0.6986259952966246,1.02255909006069,0.8829050589497428,1.5428315188261963,1.1216549207779365,1.5147794559049064,1.0870332730347227,0.9003966390795327,0.8571319310934106,1.4409688603337625,1.4936493139332876,1.307533995467781,1.0646361940045572,0.9682372788811154,0.9622274928351274,1.4480594083723037,0.955386338312864,7.254328619247669,1.3662198600724462,1.4679205436739804,1.0817277258150764,1.1301115946031732,1.0770038926205523,1.352040060730251,0.5593664404332838,0.3689919747877848,0.27032799152294384,1.3736316092862801,0.6531758899714746,0.4762831314088871,0.4913916395571346,0.7152454178272046,0.9325477566311136,0.7612963796094097,0.6468688892747473,0.6167472125740598,0.2467564506487276,0.17497485548216166,-0.21082194794983036,-0.5467213002073174,-0.2420192899443094,-0.29993462315345243,0.33716166797417235,-0.048963611795304125,0.5499879924847125,1.036429333472671,1.233170558284121,0.9292529853454304,0.7240931765112238,0.7985299820932643,1.027331774561677,0.9820990427554287,0.9973345868304114,0.8881737341418152,1.0920823494737661,0.7615396209981781,0.966500184300167,0.9321681251034155,0.9809988534893938,0.7677621589987993,0.9141585534858939,0.891153939098133,1.2095271644307508,1.2867830682775216,0.917204404378768,0.79581451935284,1.0442301054033138,1.1239226546235461,1.2812118309522897,0.8994221564897927,1.1798038940577882,1.2242186615752808,-0.33510354365639133,0.05105479798209024,0.9349305059022909,0.7725641695999985,-0.4070204106130185,0.2494629252244907,0.5157788888269137,0.48714903554124983,0.6684261785345654,0.7673048860244541,0.8828820557341571,0.3629549586908612,0.20890948556202954,0.6932633179212632,1.1476538902257798,0.5891541659727519,0.54952679987237,0.5277821971845549,-0.22167266104760483,0.5234177767523168,0.4404419799869839,0.008293694549985067
ROI_025,0.31487599287358364,0.9559069928536567,0.8342407983523251,0.7225398698259723,0.5078305972428979,0.4660033847851106,0.4729684366557782,0.7450139457361846,0.5884288634600049,1.3772755835061128,0.8460690618416643,1.1917077679569925,0.7475232738690832,0.5601265577262781,0.5040347548844326,1.2357915301694302,0.9836803729906085,0.9544167329234141,0.6834879430548199,0.7497592879903954,0.6926513983818529,0.9362658069864406,0.7107632959760869,1.3662198600724458,7.254328619247669,1.363467794771376,0.8380431220085359,1.253523959507786,0.9268375070724869,0.9620785734183498,0.8875058911140934,0.5726072508818653,0.47500540652387147,1.1112869216895787,0.7982395064305916,0.44518023464361106,0.4894686414557151,0.5905028050287701,0.6404712737093886,0.46144149994684297,0.5003349026852928,0.6438204151772712,0.30418747094183357,0.3391573135937111,0.05157760568697691,-0.5827432935446776,-0.24369761846594568,-0.43009658109610754,0.13735040751979735,-0.14487561363457288,0.5838521395749263,0.7882486754883238,1.026274203638573,0.6636105692279116,0.4214789926803554,0.4653892350348636,0.7731182656198862,0.6883366637658344,0.9066491992341638,0.6833808712557184,1.0083619999821576,0.4905318576707295,0.6775600123719975,0.5697902672932064,0.7092344126004445,0.41130506922256294,0.6628848698295586,0.5618130261296223,0.8940822727413341,0.9491914780890066,0.627217264225304,0.5146076760583469,0.6139741566208602,0.7645509506413851,1.0426888183974095,0.8850949914315832,0.8770812005961268,1.1846169390969994,-0.03700937606304633,0.13398356638327716,0.8861767682020218,0.7676565318435671,-0.12608186277248462,0.4283778612011716,0.5816077108045323,0.40174211480343386,0.6470756440890263,0.8932959243641736,0.7670691189711609,0.25586214507740773,0.2669972155632249,0.608469326188025,0.9028121676760481,0.714341373778054,0.5157817103792858,0.8487436659167032,-0.2602074725995771,0.3018737835817107,0.20069759412878124,-0.11602276828939026
ROI_026,0.16060684062096303,0.8487393394950107,0.7149799288035629,0.6887286931684486,0.5171141756134003,0.470545807449832,0.46714569669369305,0.7423054209972794,0.5889618402119253,1.2365940599300838,0.8717375886371489,1.2036117367333936,0.7654614804995048,0.6392033064148455,0.5618842967001509,1.0435940884204038,1.0581657851972768,0.9437085216373201,0.770759289960508,0.6245172663359934,0.6891517263255654,1.0669663843188977,0.7398232377634414,1.4679205436739804,1.363467794771376,7.254328619247669,0.843509929713825,1.0445800866578594,0.7955540907915138,0.9869462275268714,0.6376912287517634,0.4346320539980374,0.31044079710419514,0.962557007826358,0.6866812296953819,0.27648182593182874,0.3225461328798752,0.581850627749889,0.8403139527233697,0.5797836870210127,0.39927536089440624,0.7324733831445763,0.42252430236655064,0.21625740305784963,-0.10219305487960918,-0.5540765138179568,-0.28263988346244656,-0.40792902479966037,0.12195363239977845,-0.2284147735789905,0.3445077335321631,0.7157966061913645,0.8774949602644844,0.6354932442037025,0.4196876520610265,0.48198217430919743,0.7315632300505958,0.6569418144139817,0.7643850126825446,0.6161869173372655,0.8361187930198395,0.4743426643755431,0.632645482377643,0.5917276956697618,0.6693514127560033,0.49448577942096844,0.5127094963483418,0.5803076877624861,0.7948175808558393,0.8623680693125229,0.6108864213782489,0.5080080823937249,0.651266079932348,0.694368694348118,0.9423705698152299,0.7284887027950382,0.7444058462984905,1.0183205407722171,-0.31167657909153923,-0.02438986393665142,0.6387347066448352,0.4991516714638789,-0.3821668487750536,0.20912179604393566,0.3852357987687337,0.23184925008540205,0.44476857816571486,0.7651558323143318,0.5700198301562129,0.11640565223326885,0.07314688754846096,0.4661457159179842,0.8631452274609249,0.562956815515038,0.4523831494920218,0.5364495542860793,-0.40775413179818376,0.21490869281754044,0.17754640319513,-0.18538284541900957
ROI_027,0.1997214671695487,0.9246874179285155,0.9817422581276912,0.7877404745169835,0.7092502119576319,0.7668329474073285,0.7115226094938906,0.9046244347182922,0.8604901189496544,1.145514694034525,0.940747540019275,1.0904274493443897,0.9218516770145494,0.8280769181628362,0.8347040083448947,1.000393907887095,1.055363029591912,1.0018011425044053,0.91056854501758,0.88184113001168,0.9671227466873892,0.9411095973869856,0.818791689096878,1.0817277258150766,0.8380431220085357,0.843509929713825,7.254328619247669,0.8891709185505601,0.9621768091421029,1.1302819329302451,0.3654756851095663,0.28636549181116333,0.21790286143318618,0.9526440258550458,0.4645300907174806,0.5251544508210501,0.549041014551225,0.5892524902623706,0.7971675189802415,0.7073189974452553,0.5992416165636917,0.535308110753224,0.07135003212601723,0.400672953935074,-0.07094761647824534,-0.18425073736676784,-0.15251234427766708,-0.03460392830498584,0.3981262961920091,0.077262167996936,0.3907936199319069,0.8827694518341381,0.8884398741312598,0.7638653034056887,0.6864402566813737,0.7682135837029903,0.8676075713374726,0.861105173238959,0.8599734800236607,0.7863670374521016,0.8710146112708312,0.7171521738444233,0.8107956339213082,0.8183534943028259,0.9672406914158425,0.7484332680457709,0.7159716445793338,0.8482535071810228,0.9011780356938908,0.9108069718261796,0.8591848774835537,0.6145062690100478,0.8798397194747183,0.8438123007170357,0.9183168780336395,0.6274317975817132,0.925203247289341,0.882621934420948,-0.28589782247431067,0.052166408196230404,0.6232646390931597,0.5432732002208776,-0.301200869939601,0.03711926744526724,0.6019695103686634,0.38123150982054405,0.6415856179888652,0.6554687472838752,0.895922000977774,0.3132560536550251,0.1568400944445422,0.5642446323442771,0.9169308191022522,0.30251717056434313,0.3684721117100122,0.5245729128628714,-0.01309416289444512,0.677299068504423,0.5134477680362505,0.15347461939839607
ROI_028,0.324204365532804,1.0387781055091367,0.7964602446476124,0.8104884023536161,0.560179980341297,0.5243835879108744,0.4389991150539345,0.7933982948895635,0.6707664699975113,1.1923395383350135,0.7652753896723639,1.1514839589048598,0.6923068608838598,0.5230368301811851,0.5582930357004094,1.2339163781418319,0.8962146664472768,0.883769281191543,0.6476233861294197,0.8026346717513166,0.6581208928424609,0.8885188834122625,0.5573957125084231,1.1301115946031732,1.2535239595077856,1.0445800866578594,0.8891709185505601,7.254328619247669,1.1917831151157583,1.1096453016828458,0.6344254800520799,0.37764154177358,0.2574117118238155,1.0758855880971416,0.48880985379540853,0.517324556577164,0.5976128834074582,0.4776921146521843,0.5407541728827974,0.3677574619202414,0.33797468464160335,0.5302500337531281,0.07457442625065713,0.3689953991806957,-0.13700134666709235,-0.5339822023411783,-0.45528707058548895,-0.5067505055587931,0.21357506341707508,-0.17321969043394744,0.6608575096098706,1.000599649382687,1.1826417584158522,0.7900578657700431,0.5123518620257941,0.5685081708529132,0.9124261731996058,0.7841725133284846,1.1613712319600513,0.8934021253688145,1.2621948298953234,0.6086233631051091,0.8201297402777556,0.6487947011549529,0.822390757168971,0.4590265067435908,0.7475804566406503,0.6525633377088762,1.048535282143704,1.0001660394371152,0.7320697255522782,0.7632246648295663,0.8084154141676427,0.9623195143233119,1.2907220635052725,1.2830353310396154,0.9949819430433079,1.3565914575473748,-0.1435379381507331,0.1698564148064369,0.9872763014525978,0.7788648148652054,-0.1740563850861374,0.3940579017090689,0.8714132584713448,0.5203365337809963,0.668050067857583,1.1498826317355502,0.8165262435892674,0.32034176566447387,0.4079760642501802,0.7836012322507374,1.1354671926531699,0.8434439664807458,0.742667773312868,0.8344292337001169,-0.20018973799306986,0.5088371442358419,0.31016446280220067,-0.1477840260983793
ROI_029,0.2981505336948551,1.373436655525082,1.0999166579900466,1.225477648192407,0.9446310371661137,0.9008411400585842,0.6870971611036207,1.2079327530888968,1.0792130458899334,1.2472129423645348,1.1001139843213692,1.2744059404654497,1.0253157793061545,0.8509168736196397,0.9163038139969654,1.4055959751722413,1.1324428452135555,1.184834775733982,0.9437127680477786,1.1179955875159167,1.0430732902603115,0.9946140452205933,0.6394346670587274,1.077003892620552,0.9268375070724869,0.7955540907915138,0.9621768091421029,1.1917831151157587,7.254328619247669,1.2671974958485976,0.3299734267620531,0.1383378544659645,0.09528358006437491,1.1779275918468777,0.2807284717260082,0.5964304194180933,0.4928330058271175,0.48358859995075,0.6447052534302141,0.5280999802352719,0.438308531818235,0.31406858006117244,-0.161027010435351,0.27718754016374736,-0.37382760745436994,-0.43669652399437403,-0.41609594483639006,-0.3752106228562554,0.4148739682077172,0.05523264096437419,0.5813105061651835,1.3137475723589132,1.4455691348579867,1.2030027835367296,0.9145363209226295,0.9444850505672153,1.3460462305053478,1.24063875336615,1.2717838295154027,1.303715452974968,1.475786620925303,1.0455441221216741,1.1890233742716463,1.0131241846611672,1.1341634499295261,0.8025176441131614,0.9812085659979184,1.0722144544365297,1.3033742387773104,1.1860449709977663,1.1184006256740713,0.9368338598407987,1.0408171385327065,1.1667813280465078,1.4454735326677564,1.115028945387346,1.2503277384747713,1.1601848035654887,-0.3057033828366401,0.12869298509601873,0.8339243713006544,0.7275814058626597,-0.41857430403895685,0.11923851720884113,0.6715996994411436,0.5050359503395979,0.6205342804584628,0.718236268651583,0.9423930142461822,0.36505106406744176,0.325363417075319,0.8172184520802254,1.1132497848461635,0.43745592585809945,0.5645709537699432,0.5662067711073578,-0.17773740472989072,0.6692236479725306,0.5853640033022018,0.11218103021477745
ROI_030,0.26585076235984006,1.3956519992598246,1.181197048574119,1.3595344226367887,1.0965805877725734,1.067429674221498,0.9602287015672519,1.4008258728495468,1.2820679889041264,1.2875620021485477,1.325915919245811,1.4646279966954179,1.3288181521756643,1.155443700683104,1.2287368098667208,1.4744864357229601,1.443787227028969,1.4871622757904184,1.3353358864809306,1.2592081334797987,1.2916754895441123,1.3694333147017803,1.0319773851500613,1.352040060730251,0.9620785734183498,0.9869462275268714,1.1302819329302454,1.109645301682846,1.2671974958485976,7.254328619247669,0.32711970658751477,0.1826018196946703,0.053272261766760184,1.358264750544328,0.3598149303086988,0.6102177953109784,0.46094350072601314,0.7290488524085134,1.0557569588650606,0.8667351325934455,0.6187424996422929,0.5567845127942783,0.08591769357245573,0.32784851778404434,-0.3153898729562207,-0.29161976056587896,-0.21173652632322698,-0.20542624030099782,0.5565347475941593,0.1742972045041465,0.5241477029858401,1.3414137872632996,1.3546923424775277,1.3125891110912948,1.0426468941742162,1.087361493725277,1.42733802733596,1.3229253690677767,1.0798649938939924,1.1960452096119218,1.205852680152896,1.065352245287001,1.2918994439973295,1.2376432878717614,1.4297671122091309,1.063853373944739,0.9203389460462273,1.2754545014117544,1.2931203339802546,1.4137578545893998,1.253336797926844,0.7871439525624824,1.1940160668290167,1.1350129505214444,1.2852510046209518,0.9138348656789043,1.2672982684033618,1.2759503563899703,-0.38660296330721744,0.014942671584271167,0.6355657275522604,0.5774682861042026,-0.5935012219244251,-0.04544986820388824,0.4429729503186939,0.3187504471754146,0.5344882821177487,0.6676622060200401,0.8715228629141732,0.25594297407406774,0.14721786934598197,0.7562079608193187,1.0638895532073336,0.4389213533055296,0.41525221360942083,0.45150494167490834,-0.16017516381143343,0.578202232867965,0.6956153637850667,0.19825605855753586
ROI_031,0.3335809072414225,0.26564935702449277,0.17256316412144407,0.10499983737901887,-0.052856915803223874,-0.08764218477302851,0.02817377379639054,0.12130780954623924,0.0059028241402000565,0.5175295537982927,0.20311898456762179,0.39492626270851666,0.12059634790512505,-0.011726032367817737,-0.03745886671047976,0.45587589958672486,0.2801206520298643,0.2868676026945475,0.059625977345770846,0.1727298997351894,0.09187820527827104,0.30685649259383835,0.16487980934890467,0.5593664404332838,0.8875058911140934,0.6376912287517634,0.3654756851095663,0.6344254800520799,0.3299734267620531,0.32711970658751477,7.254328619247669,0.658445470712627,0.741310363317334,0.38232071153219704,0.7703908252784955,0.14576508149338852,0.3333515196705501,0.2519896697938528,0.27199084450507593,0.14901440202260413,0.17404382328754328,0.6311478645890045,0.4758926753178155,0.44123555776322804,0.45666702871813586,-0.3419957968716222,-0.2580791601120579,-0.4404313746187318,-0.2164732764460344,-0.4051381199754441,0.2868109285935483,0.16101664096827772,0.3568214749085539,0.06799972488069406,-0.118716006085231,-0.08041822429653027,0.14541106105654517,0.07845088825117637,0.3076050083715111,0.08253588728169561,0.36619918011262437,-0.085228807794279,0.08756869316456928,-0.016834415383523448,0.13598943839857308,-0.12863139616771,0.11993674189143533,-0.005127429723669914,0.24993131972406993,0.2485026103485489,0.05211088042923123,0.1016790275136223,0.09148003628626747,0.2635535027996445,0.3479010367789875,0.40381496942255124,0.2727511355558963,0.47039469937583495,0.3472827761694771,0.10971522409558165,0.5591789761081147,0.41646130232557926,0.3042388190149545,0.6461945162996763,0.4408627930565692,0.24001197484240847,0.2728321550124874,0.711369249245953,0.30264179966282273,0.08645696065104817,0.29381355720176544,0.20228821096966212,0.48392153723415177,0.7461112955027204,0.5292426644869901,1.0486466534682362,-0.016783625667013045,-0.07442235511199427,-0.23503632169499336,-0.3738895686138991
ROI_032,0.5066609594747562,0.09086217576592574,0.14058262075501715,-0.005596299320991095,-0.10629809765753871,-0.10005955399975905,0.04122619962244601,-0.014855463590993063,-0.06338832954653001,0.3280208838488784,0.09535817225675831,0.21213972442406095,0.020429841650829474,-0.02155373269866156,-0.07735909326255332,0.2826494490713456,0.18567462562370282,0.1653125583153548,0.06481701254087716,0.11114447157380701,0.0036638384075900763,0.2629426362295155,0.31361736114864774,0.3689919747877848,0.5726072508818651,0.4346320539980374,0.28636549181116333,0.37764154177358,0.1383378544659645,0.1826018196946703,0.658445470712627,7.254328619247669,0.7527041432821121,0.3463641157768277,0.7548635909023628,0.2342384367316199,0.48105303777928393,0.5596588185476811,0.20646205691935055,0.23923957971668136,0.34379424812253945,0.43277335805963896,0.6272487941913075,0.3868743308454707,0.5382491249368297,-0.05548645045454586,0.17282649329760338,-0.04050945237850456,-0.036336319570460504,-0.014418971740322185,0.36554347549650285,-0.0008958693339014256,0.16077723093006677,-0.04006551025591855,-0.16948666026632675,-0.12422618608950452,-0.024313250806167655,-0.041502200519087734,0.20142160392326192,-0.047232351186845704,0.12321502942594842,-0.15579846787640422,-0.02362745675672164,-0.06611034767944586,0.020361884825921005,-0.14074899769673116,0.1416492927337821,-0.08579822705168814,0.14019722625217962,0.17710971311347165,-0.04691419688149547,0.00040098494814312565,0.02571943170135875,0.20275189318905695,0.1353254915413424,0.24909739395776306,0.10976845312445316,0.28908523896431193,0.4237045810095005,0.5083586586028026,0.34098245480932676,0.3140061247491242,0.3173136904866572,0.4804318699204994,0.2874601468864289,0.1753113033853323,0.41345224060956526,0.383877648368587,0.23929427971123396,0.16506784067645078,0.2061656825423727,0.227032875736119,0.25083175478126046,0.6286474929297802,0.37213408318917207,0.5188112258154142,0.151033129307724,-0.057693374851868595,-0.06768252368064505,-0.02886893711332158
ROI_033,0.5823977158923095,0.022078167838186186,0.09637845325103431,-0.038372124827143764,-0.12106183672466493,-0.10452051830223309,0.04739542362883141,0.000960843823404867,-0.06688084019010838,0.2640783684257563,0.060289286445724524,0.1429430950598463,0.025648981456136775,-0.04925119482705226,-0.12441496631545904,0.21652416281761894,0.1069865857683793,0.13101370458618283,-0.05804163823426505,0.06475806658623781,0.007445218151625696,0.1847909332901536,0.12614628728782595,0.27032799152294384,0.47500540652387147,0.3104407971041952,0.21790286143318618,0.2574117118238155,0.09528358006437491,0.053272261766760184,0.741310363317334,0.7527041432821121,7.254328619247669,0.25547183683075286,0.9291706925909166,0.301855489923873,0.22067848610082466,0.20097439612176918,0.13066718554394227,0.10908093662819712,0.25345263442136307,0.21909481899737923,0.4251956571279814,0.38698255437748824,0.8462688716444786,-0.22305164197760935,0.19716842944709126,0.05378120742586,0.022440855170567146,-0.1768899204513999,0.17448335610595825,-0.10577871629163983,0.09639944052687148,-0.10339761295646843,-0.18919293940887513,-0.15665333584123106,-0.07914315064531016,-0.07085916098959319,-0.036392233718783605,-0.17401223634612606,0.02765421713445629,-0.24673229075036515,-0.10291186069178758,-0.16457140216483765,-0.05619501044094971,-0.21041022570542672,0.04410907774244748,-0.20870245038357196,0.005496032415573973,0.01472151710426565,-0.0724110286740677,-0.17817679198137118,-0.15691151535648357,-0.014558434524300168,0.0067828968898177595,0.0005498208430129873,0.07331686820598247,0.07719055122498746,0.3588956382006874,0.08410519570887147,0.30732447224123266,0.29593753962925967,0.5130831637279375,0.624893856908396,0.20785834310360435,0.19790160138055374,0.2781222054172103,0.25105387263192663,0.27235007686959395,0.008661896603137492,0.15568673626593044,-0.171523560227327,0.017248409622383675,0.2699680453994191,0.1519998498360794,0.5384335305380008,0.007636106194155748,-0.10190613206559951,-0.14782553386077854,-0.08083293121244571
ROI_034,0.39281027801185947,1.4157139826481082,1.3800345676317787,1.2971338391517506,1.0524775484948128,1.0382584047319479,0.9630079092784526,1.2931679445105462,1.1900810115811564,1.392711857578059,1.2836961089440546,1.5038723586699139,1.2956329798901605,1.1187558110457991,1.0711874207102663,1.800435697200626,1.5581358588710648,1.6784184322605447,1.2695438400613916,1.4717513877606334,1.1752420462829516,1.4969185920894472,1.1995959412751178,1.3736316092862801,1.1112869216895782,0.9625570078263582,0.952644025855046,1.0758855880971416,1.1779275918468777,1.3582647505443284,0.38232071153219704,0.3463641157768277,0.25547183683075286,7.254328619247669,0.5628918477863719,0.8910890323547701,0.6446927739184948,0.7708004611570345,0.7903567405574218,0.7688266847422347,0.9130082376122288,0.38237772546480714,0.07828813658832734,0.19585431974356282,-0.22779940270134005,-0.5300501969880819,-0.09110618410417642,-0.1443255529904929,0.5932490136041861,0.2454164289380764,0.7657119816323238,1.27289884400873,1.4250517626276418,1.2377816093030078,0.9964464561840393,1.06856730901877,1.3094538539210248,1.2881275656789095,1.0439943253715576,1.1453744005494806,1.16553977766247,0.9650562311658546,1.2650437838566921,1.1649681841396013,1.3015727515448272,0.9452612697994003,1.308491606828456,1.0769842800606473,1.4300767421253648,1.6898456096183692,1.135924258131667,0.744823964730043,1.1007009128878877,1.1676604000471325,1.2429650448692873,0.8601061213643661,1.5961084567835857,1.1064745131638738,-0.30160767065417987,0.10477389973218248,0.8922646655366382,0.9622985236070842,-0.40695923946690227,0.16737145711275925,0.45382414760778245,0.565235308686396,0.8868009678886656,0.6100547864069401,1.2207150447150472,0.4585108220244554,0.23541622039685028,0.7175486057794959,0.88964803278641,0.4884281341780385,0.417085832012773,0.42471728840743894,-0.1760343079713909,0.6318945804829236,0.7126117457666571,0.26623622015695225
ROI_035,0.4246998829141399,0.2451147430759666,0.30111428665320417,0.1893376510728115,0.1361375863019075,0.11140960168734226,0.26736495907653157,0.23915115276172003,0.1268663501903889,0.5247068690748082,0.3186642055270219,0.42011399081341455,0.2886896484273089,0.28262341643746597,0.17800894841512735,0.4697839491529792,0.44873598392100683,0.4403389399076969,0.2623426095314741,0.2889907323533967,0.24008848796029322,0.6238755091232691,0.5376542047625078,0.6531758899714746,0.7982395064305914,0.686681229695382,0.4645300907174806,0.48880985379540853,0.2807284717260082,0.3598149303086988,0.7703908252784955,0.7548635909023628,0.9291706925909163,0.5628918477863719,7.254328619247669,0.35583673976935404,0.44249442796148075,0.4842984688058142,0.4035373407782643,0.28939539017122196,0.4343793158584422,0.48005210705266194,0.6896578594736472,0.3172093378788956,0.5021612849327352,-0.2551174942045525,0.1946224715118359,0.06692162632325281,0.138632107057858,-0.1269501856082269,0.29550464013181976,0.13773374051866769,0.291175046827936,0.11992512881738074,0.0566793929211467,0.07125580641416589,0.1654843312686579,0.15057136803542312,0.1893731899213027,0.07226440500342036,0.2016318530698874,-0.012754793592912046,0.1498858261841582,0.13417920246777543,0.21050140729479025,0.1372477855123207,0.2770422333699913,0.05883017070696736,0.23206488965362332,0.31914192351817944,0.14099752792870998,0.07136288495653238,0.15977270924895498,0.25381737397120213,0.24442219077425817,0.17707077390518652,0.32940508809466196,0.34478914742041367,0.12975689106227564,-0.020429740288128308,0.44219073822213517,0.3964575120679181,0.1497362473079963,0.6275592056000152,0.1625166668773725,0.24811359681618925,0.37095481065361824,0.39146963203030954,0.37279943619068684,0.04294329654148038,0.1176106099349887,0.05477506524637654,0.250666611696769,0.3998410515369146,0.20098762441709317,0.48908672767990913,-0.017973674574173485,0.005546235747119784,0.005894052910663976,-0.08730486470921131
ROI_036,0.5242140091173296,0.6858322536071012,0.7816416796312241,0.7084465527847276,0.6582639114227923,0.7443372407381192,0.8541197887196363,0.6988137603478088,0.7651065434418993,0.545799079512114,0.6711644153515591,0.5729292559756457,0.6492649397365248,0.6222111628980497,0.5631515674069468,0.749855923499059,0.5582428062666024,0.7206494471455712,0.6058410417239856,1.0369671300429661,0.6648953474964643,0.6089552854476383,0.6836457411868012,0.4762831314088871,0.4451802346436112,0.27648182593182874,0.5251544508210501,0.517324556577164,0.5964304194180933,0.6102177953109784,0.14576508149338854,0.2342384367316199,0.30185548992387307,0.8910890323547701,0.35583673976935404,7.254328619247669,0.6206414113327786,0.4240682281981579,0.3942533429167052,0.589912307494437,0.8408280418399197,0.07723885443255811,-0.11834219587040727,0.3991847638764995,0.09792821705280799,-0.3145375520897427,0.21098242238299816,0.20363777039028513,0.85319084052306,0.6327397633311209,0.5525709866118935,0.6988132269369453,0.633181926619815,0.6841166559856683,0.6795820684615155,0.7196513704114365,0.6481404135696156,0.6962135973144886,0.42979952576898944,0.5508943355447316,0.5146324684100548,0.5256424476858953,0.6041617920968779,0.5563613194437318,0.716578880337858,0.4956311160811335,0.7671657346280758,0.5116794781230266,0.593422949589137,0.6480303080996562,0.6181803990245973,0.2238114672759926,0.46773003547771835,0.5488793534978599,0.4650485065334371,0.3298882884045782,0.7991620753752847,0.44919992809447196,-0.029650625525189437,-0.0466935442604472,0.4704279821922009,0.7156270203208931,-0.054974901175359026,0.07549003351961024,0.31030625721176913,0.41565468940799705,0.8061874973265073,0.2738833444841643,1.1453946986956831,0.43512958502573573,0.1975032365874088,0.33693155322914425,0.2767923653232176,0.19904717933848834,0.0915763906535719,0.26323797314104364,0.027186141685685044,0.5353263384512554,0.7536336053151623,0.6829347324666369
ROI_037,0.3519450212936554,0.4500294154538132,0.4983111950302347,0.34270539211706125,0.257604633629756,0.30449260331284916,0.2624009396720542,0.3159725855185216,0.3096524276746506,0.5230513696964321,0.3437921134426182,0.4558855871910898,0.3046622887285645,0.2645088942693492,0.28559567691281923,0.5607197876058311,0.4201604739128486,0.4250952926990791,0.330456279910283,0.507080783674218,0.2977818181794611,0.45628597446096775,0.5138774956088727,0.4913916395571347,0.4894686414557151,0.3225461328798752,0.5490410145512249,0.5976128834074582,0.4928330058271175,0.46094350072601314,0.3333515196705501,0.48105303777928393,0.22067848610082466,0.6446927739184948,0.44249442796148075,0.6206414113327786,7.254328619247669,0.42343370925175355,0.20199167436622778,0.20244077059592203,0.5301941999654975,0.2505326168692382,0.05162102068770227,0.22794276394865504,-0.014176631931782339,-0.19744735502039457,-0.011009694303191785,0.004300626103420764,0.19227547284409133,0.18250167340094856,0.5414307235470713,0.49871988107059156,0.47879255395105985,0.34927689930109307,0.279750461898321,0.3418813439631587,0.390731158898453,0.36714970505777944,0.596805506365805,0.45315227631998195,0.48607604885494216,0.2991652741613658,0.39616821013798553,0.33568076915684714,0.41522729997646957,0.2591094935890825,0.5880865348623059,0.3101041959148384,0.5309157290901998,0.5448726631296749,0.3655512144204537,0.4231560841739726,0.555740520121659,0.6008549053950544,0.4838666548042227,0.5398827643926893,0.5923236014197674,0.5158223340450906,-0.010737454916046434,0.2626302453778775,0.6957430165352141,0.7341031056630015,0.02554775671214361,0.4162116606940588,0.5435001784514985,0.5832036061492715,0.8760561196590522,0.5002937902384154,0.6927136873028252,0.6613594550387926,0.290701143898841,0.5301856475014312,0.4971820049057045,0.45329385159205665,0.46478589958632244,0.3983553019244378,0.19175701974379517,0.5099552717964275,0.26586563953237946,0.1461079556144482
ROI_038,0.44540994423850433,0.5745613088406168,0.6668523315967751,0.636640742287434,0.6496249894307276,0.6652260310210593,0.7833849057549165,0.6200971650959515,0.60975593009705,0.6036576630470262,0.6043130301680224,0.5975262710919121,0.6825934073658632,0.71418977095271,0.7223476920886129,0.6910667221322491,0.802692546124938,0.7638940032961935,0.8037777166180642,0.6528065183071166,0.608912375652531,0.8777867343183144,0.8253929442456013,0.7152454178272046,0.5905028050287701,0.581850627749889,0.5892524902623706,0.4776921146521843,0.48358859995075,0.7290488524085136,0.25198966979385284,0.5596588185476811,0.20097439612176918,0.7708004611570345,0.4842984688058143,0.4240682281981579,0.42343370925175366,7.254328619247669,0.9575854542323124,0.9176149789905371,0.7997187322133547,0.5682319795222613,0.38981457280349247,0.24106396935427324,-0.1118506788274729,0.05869057378152304,0.17346355803124747,0.09973261036986229,0.6540343398807574,0.43045744288817256,0.6127571759405879,0.514984471581438,0.5992939147872305,0.6141485538285731,0.5724913398407702,0.5623447873955647,0.5468111226815779,0.6010047128660163,0.4467073672920396,0.4990808377384225,0.43283053024451407,0.526673503533128,0.6087456712896243,0.6957689403822876,0.6423434617016174,0.6603832855217731,0.6169505126672848,0.6305458502924389,0.5623888029844375,0.7036197445994127,0.5858639060976882,0.40427837228068697,0.6038669443246573,0.6431405364178064,0.48259621607626974,0.3860037997152424,0.589798167917805,0.5033079689555134,-0.10609765664625422,0.3259427334442858,0.3113810364102682,0.3592690929915621,-0.39504050724247564,-0.06556074941262904,0.08433630966305737,0.19971198891385805,0.4493406710590416,0.28973551269627795,0.44534850020286915,0.2831884099596451,0.17518972790574697,0.6274700052591957,0.5887825029418154,0.3993437117408404,0.28912912134142277,0.2678548617182177,0.12817465687259402,0.2807832369678736,0.6227033629815808,0.4297768391329788
ROI_039,0.20869685166436702,0.7337197391817666,0.7457994602425014,0.8323339510913295,0.8336010851389294,0.8535023032927914,0.9835187608376461,0.9141913003211094,0.8424152042695142,0.7441604481463558,0.8935361122387587,0.8521274618709188,0.9943650089396675,1.0096372985240092,0.9611223572360286,0.8192081619909033,1.0564830290878107,1.0078148090168408,1.074454542819422,0.7487510740368011,0.9118935621456474,1.113139779374839,0.8133020070563768,0.9325477566311138,0.6404712737093886,0.8403139527233696,0.7971675189802415,0.5407541728827974,0.6447052534302141,1.0557569588650608,0.27199084450507593,0.20646205691935055,0.13066718554394227,0.7903567405574217,0.4035373407782643,0.3942533429167052,0.20199167436622775,0.9575854542323121,7.254328619247669,1.3037492688981456,0.6655775665059762,0.8729058879227863,0.4610491643625506,0.3531185966843304,-0.17771444838252426,-0.004183807502372171,0.0886384009337055,-0.052769251663035005,0.6496690250171948,0.26412321198367,0.25188788243151183,0.6550920221317661,0.6958382729321873,0.7799975507243719,0.7689452145681817,0.7311395404106296,0.7581590762297454,0.8095967635911223,0.43409020702625145,0.5680605055840426,0.5421786200742355,0.6592024523845703,0.7066104824619975,0.8488855476291373,0.7830591182675369,0.8603418949401446,0.47984000940356486,0.8218472766676997,0.5946824491577971,0.7243687917948076,0.7740154977063858,0.4033770373802349,0.6230618971767791,0.6372097992335377,0.5804199430519056,0.3259534751152157,0.6869209941217577,0.6061540636147305,-0.45271950536496836,-0.13909881173919972,0.21522197251895936,0.1989848465516126,-0.7270272775726079,-0.2556360557404285,0.008214842796283248,0.07357857426973474,0.2717479352181427,0.39438295775070814,0.43960651042885884,0.031001531221220232,-0.07649877976451218,0.4208613806048385,0.6780265908168948,0.2254403692497043,0.24285225084198073,0.26559183548291854,-0.03652541174995149,0.15134871117866033,0.5774890353378915,0.2929799338756318
ROI_040,0.2594057983847597,0.633197778559316,0.7688882765912408,0.7326220793993087,0.791249132236286,0.8831553061109211,1.1597877641837082,0.7944104268172095,0.8365343211472073,0.6214775001136441,0.8535834340124944,0.6893803183940221,0.9226490133049778,0.97781224845692,0.9079148052312908,0.7038472326392551,0.8765871980697466,0.9105572096719912,1.0234952391694865,0.853833733102239,0.8427467704682007,0.9347540146095694,0.9444885854549542,0.7612963796094097,0.461441499946843,0.5797836870210127,0.7073189974452553,0.3677574619202414,0.5280999802352719,0.8667351325934455,0.14901440202260413,0.23923957971668142,0.10908093662819715,0.7688266847422347,0.2893953901712219,0.5899123074944371,0.20244077059592197,0.9176149789905371,1.3037492688981458,7.254328619247669,1.002862253614167,0.5513046043885397,0.3030441799143193,0.3315209437700047,-0.12821877817162425,-0.020081925661991074,0.23346155791245796,0.18179494328564513,0.8110174685727917,0.5768742602558732,0.27454361891483153,0.5992308209576642,0.5835558039033005,0.7177372216894129,0.7661282437703328,0.7693787516812315,0.62686656591883,0.7489284312997652,0.33967378276656535,0.5097006000529066,0.4300393213990294,0.6151791332339668,0.630282635614075,0.7756289550834126,0.7355213048391663,0.8259418425912335,0.5678724194931648,0.7611124447626472,0.569499605984233,0.6798565692267722,0.6912706693504216,0.30625876509544564,0.5971723001292194,0.6306078689335117,0.44689397199291675,0.22442447952502562,0.6694349922423698,0.48683540564732075,-0.3701632495282536,-0.06545673831451808,0.20653661820067643,0.29073066852078505,-0.5720133962363894,-0.2938674168634849,-0.016064082798858858,0.12077801427913389,0.3941279633028608,0.23360199389219197,0.6091752097365675,0.20210884767824683,-0.08576295484285616,0.36818678914872094,0.5016322720513171,0.13522924987090762,0.14616776260342154,0.15337759547010954,0.0619173490826519,0.28890321186798845,0.7637013443178412,0.6051965895550963
ROI_041,0.3731614842778834,0.6105375128473878,0.8664923661029205,0.6243917926028029,0.6549721419048403,0.7649682663440643,0.9099071824500572,0.6467394596691121,0.7131835186399953,0.6080105172758521,0.7884364020786541,0.6337411060251624,0.8252374545613756,0.7893685148362294,0.6982892189362222,0.7227706568269121,0.7940761574302257,0.8113731689646859,0.8344737927044482,0.8724268588950469,0.7157746153276038,0.8089932249654153,1.0522831563557684,0.6468688892747471,0.5003349026852928,0.39927536089440624,0.5992416165636917,0.33797468464160335,0.438308531818235,0.6187424996422929,0.17404382328754328,0.34379424812253945,0.253452634421363,0.9130082376122288,0.4343793158584422,0.8408280418399197,0.5301941999654977,0.7997187322133544,0.6655775665059762,1.002862253614167,7.254328619247669,0.3140210879193465,0.22021516443716535,0.16228403573871314,-0.057561267963381874,-0.12039623587840727,0.4790104584542583,0.30283498632661904,0.702937195496744,0.68759513856891,0.47014808489771615,0.5970601366105419,0.5816517120625182,0.6105835498737344,0.6669380885138451,0.6985758409046608,0.5570846286200722,0.6960991806869806,0.3992209665610682,0.5141737110111184,0.4361950543881466,0.5886377778118752,0.5993056369505269,0.6825324155804973,0.6662912407882661,0.6554709268850883,0.7914189511239241,0.6241554918193307,0.6596470052450951,0.7587762878484046,0.6099181983532183,0.24198836539837446,0.6055555880348258,0.551990106635991,0.42949835350319837,0.2249367809091014,0.7942225699281001,0.4188273585375987,-0.2439040225800334,0.08515283176619054,0.4618992495824924,0.729982667542923,-0.23457929856066786,-0.014922213513804187,0.11501753856699397,0.5166605780606045,0.7016121335442679,0.2422865136489196,0.9023479014962923,0.619150080172,0.025973983204848825,0.3740636620620114,0.38218330864768907,0.1849025495768583,0.13462189170173341,0.12879762843881182,0.21825809069044785,0.4653091489886924,0.6750559120547552,0.7150843007001959
ROI_042,0.08832818785809823,0.31319153421231205,0.2390792955965662,0.26105370060086097,0.1638116738208655,0.18723217392472313,0.2933550290267669,0.283482332794877,0.21641688620185046,0.44531854750766636,0.35595831612056145,0.46492876965008834,0.3261548401487597,0.2572230433024146,0.24930452302986744,0.43802127452896794,0.4581109036154625,0.396506923717401,0.36594265349305727,0.24298778752624434,0.2567370077178034,0.541582753700334,0.3596115174217098,0.6167472125740597,0.6438204151772712,0.7324733831445763,0.535308110753224,0.5302500337531281,0.31406858006117244,0.5567845127942783,0.6311478645890045,0.43277335805963896,0.21909481899737918,0.38237772546480725,0.48005210705266194,0.07723885443255811,0.2505326168692383,0.5682319795222613,0.8729058879227863,0.5513046043885399,0.3140210879193465,7.254328619247669,0.8360790475758862,0.4859442436414462,0.09975817366184829,0.06825244468129513,0.0037229370024711604,-0.2289627555669052,0.08989856421674862,-0.12478432130719817,0.1678264633092057,0.2818157783664326,0.3427133519596156,0.2321407444699595,0.13892617313817576,0.15635763832041483,0.27152219885305484,0.23885998397166966,0.2486180469619665,0.16503069416389135,0.2805006054361365,0.10645267596428228,0.20583536417758216,0.23025591762447972,0.24268233923692095,0.18361467794933606,0.09861427454724964,0.22906701467636473,0.23544625471227654,0.3130151501322157,0.2137356522313561,0.1852080763265532,0.251438241944577,0.3070927777756091,0.3172838484669426,0.2866144859979628,0.2958218512817018,0.5191078419433344,-0.13763229947255257,-0.05872422201066543,0.20186933984744057,0.08008962088530842,-0.24602956907874143,0.04490586356037532,0.14584826076292576,0.02699751477346494,0.13815884068190254,0.6357384194203487,0.1386290921292508,-0.04355545594741791,-0.055429155132186644,0.3038807229317071,0.5765421479324935,0.46835390995880083,0.4424155714454876,0.5451721534901126,0.12548674464842366,-0.15403830395957174,0.04687305119301474,-0.12499559849809867
ROI_043,0.08729610427340517,-0.1634867082631001,-0.12299084729916701,-0.1700415595793785,-0.18735632386512385,-0.19452841963506257,-0.0013430428101764928,-0.12988897983549139,-0.2095573095845971,0.04766793981281266,-0.01979625247409199,0.03785246937885022,-0.022271634288183698,0.003311134816457624,-0.08744302255734478,0.018261675869964186,0.10775847711545943,0.04067822497474336,0.04767446872946805,-0.16355444282656506,-0.09592934522103383,0.29153097815666457,0.25242806994513767,0.2467564506487276,0.30418747094183357,0.4225243023665507,0.07135003212601723,0.07457442625065713,-0.161027010435351,0.08591769357245573,0.4758926753178155,0.6272487941913075,0.4251956571279814,0.07828813658832734,0.6896578594736472,-0.11834219587040727,0.05162102068770226,0.3898145728034924,0.4610491643625506,0.3030441799143193,0.22021516443716535,0.836079047575886,7.254328619247669,0.25246356882718957,0.4057921036316427,0.2265999339601557,0.436010459189734,0.07763783545649021,-0.062398369481844636,-0.1297583004530081,-0.0833500706954847,-0.23204866134298754,-0.13809205480010756,-0.2241308272036449,-0.24655148481359723,-0.24892907216660243,-0.20454661804275726,-0.20367119548683438,-0.19646961018840448,-0.30724020055143453,-0.21715934032539078,-0.3128398272749326,-0.2213307800119749,-0.15333262750524163,-0.18037153934808714,-0.09366322179578829,-0.21269228118963537,-0.18356179689744304,-0.18350730197567855,-0.06546582006630454,-0.20655573936656135,-0.2116375990667044,-0.1301608768516981,-0.10313318758488396,-0.1529606610840237,-0.17178115604468439,-0.11825568095675937,0.046503841002751456,0.04539724073015147,-0.07220747149557519,-0.09878697124346784,-0.17388164133805312,-0.039802024253216856,0.14382429839538988,-0.267531582547319,-0.13135966278573244,-0.12170001561815394,0.202660211320811,-0.19512669006885203,-0.2570495281848504,-0.3107055983864554,-0.11523441745873765,0.02603270047417059,0.2567834065780796,0.1361083150552166,0.19730035626648706,0.20511540028228264,-0.5271262899535569,-0.24608857151493757,-0.18380895765402272
ROI_044,0.2988719759193952,0.19353288795891532,0.20859120000246562,0.1626097077047181,0.10072808478250835,0.12762195972486198,0.27666960707544214,0.19011847371179322,0.15211759897314245,0.22501317289585987,0.22155027177695616,0.1921497171871788,0.13806955053090722,0.11432772290378428,0.09496913290285322,0.24429739700094089,0.09434430149099086,0.20469667825832663,0.1011672238869484,0.27802444471816334,0.19903922106573008,0.1483222875049532,0.15142492138303099,0.17497485548216166,0.3391573135937111,0.21625740305784963,0.400672953935074,0.3689953991806957,0.27718754016374736,0.32784851778404434,0.44123555776322804,0.3868743308454707,0.38698255437748813,0.19585431974356282,0.31720933787889555,0.3991847638764995,0.22794276394865504,0.24106396935427324,0.35311859668433027,0.3315209437700047,0.16228403573871314,0.4859442436414462,0.25246356882718957,7.254328619247669,0.5447079111383472,0.2026965467700631,0.055990088314394816,0.02985099137207777,0.24765066367226463,0.1368327754744948,0.11816048990098985,0.15132316587927985,0.19311363499846024,0.1431981965434042,0.09109219508024104,0.0816980718000034,0.1548777681968081,0.12701821215387074,0.13471704553494532,0.07842354574422772,0.1776013380928897,0.009977230190348404,0.09851725900480159,0.02780487452531629,0.1896889643962987,0.0001714632598252739,0.014859004568754415,0.07645875661209636,0.06365627887215983,0.09212199834162754,0.10963724780941467,-0.050325780250327,0.005895556006057075,0.14652703626067143,0.09003708518494341,0.1501526256623748,0.14667012510396818,0.3259272159702936,0.31010749293869755,-0.004121935712984844,0.05234308206345271,-0.0016996638669425671,0.21796735770548284,0.07512954469842192,0.2400551839428862,-0.13266058898642785,0.047807121160908086,0.3473357994994531,0.20738970542732021,-0.15230085585705347,0.15140627272635246,0.09226976338492436,0.19654575062985788,0.3100348092452252,0.1563972212282918,0.6426555855192713,0.1721186238680071,-0.09816612611735419,0.2003232523901598,0.1829384598882156
ROI_045,0.2599701377874437,-0.4281556105293817,-0.33834536597917403,-0.4984059336357687,-0.5294972924332516,-0.4860582798224868,-0.2137796622055016,-0.42876450297325236,-0.47596361980285795,-0.20358046007651226,-0.33983744077206546,-0.32598565966159926,-0.399235076828454,-0.3995304914782491,-0.5192911809895323,-0.2862259687110879,-0.4023043897236419,-0.3139907549734673,-0.44610441493124775,-0.29473565159745296,-0.345819625647281,-0.28258891859783797,-0.1531485593020982,-0.21082194794983036,0.05157760568697691,-0.10219305487960918,-0.07094761647824534,-0.13700134666709235,-0.3738276074543699,-0.3153898729562207,0.45666702871813586,0.5382491249368297,0.8462688716444786,-0.22779940270134008,0.5021612849327352,0.09792821705280799,-0.014176631931782337,-0.1118506788274729,-0.1777144483825243,-0.12821877817162422,-0.057561267963381874,0.09975817366184829,0.4057921036316427,0.544707911138347,7.254328619247669,0.15865843134220775,0.36661206351284487,0.3002135424720569,-0.15633827479612758,-0.11063521775990015,-0.20739822561442792,-0.5429858277050514,-0.4297722251903433,-0.5747550946139084,-0.5870386003358423,-0.5634927726774155,-0.5352351946906362,-0.5508813624069941,-0.46436684650349175,-0.651849253620428,-0.4452406467631699,-0.7241040866530861,-0.5801897452717973,-0.6430985018219121,-0.42865941130593405,-0.5803762011349622,-0.4554054170190304,-0.6469579340574696,-0.5159090360416531,-0.4655809483578081,-0.5412987129424084,-0.7185337723731786,-0.6566661136493698,-0.4991016911862667,-0.4841170251096363,-0.4312481190513067,-0.416018844047729,-0.29916553539912805,0.7901534711766881,-0.10431954108301253,-0.21861785324814273,-0.19709905944446873,0.8701960676599639,0.3274884380399346,-0.05210450489047893,-0.251584206482017,-0.09303296017523295,-0.0691228793424631,-0.11768907344659324,-0.33260500481983735,-0.10596579989966187,-0.543752465350156,-0.4515773829248647,0.0021229809567207304,-0.25568546785778506,0.3314793144593212,0.15273510468672116,-0.4215050602038874,-0.39000058645208985,-0.055537468608332856
ROI_046,-0.05883310027589557,-0.5072315568857684,-0.4038461613709052,-0.382907645654245,-0.24616274182304762,-0.20348451807944873,-0.11335300561083214,-0.3584150475836393,-0.29486645328686273,-0.5647703898835581,-0.42038429868786287,-0.5563258238631705,-0.32597390363713297,-0.2029865945151792,-0.15497304351909597,-0.5386499591453491,-0.40533747755753696,-0.4202114011748331,-0.24787897563775568,-0.4109011969060773,-0.2683171937286618,-0.33316066165368047,-0.24336224567191328,-0.5467213002073174,-0.5827432935446774,-0.5540765138179568,-0.18425073736676784,-0.5339822023411783,-0.43669652399437403,-0.29161976056587896,-0.3419957968716222,-0.05548645045454586,-0.22305164197760935,-0.5300501969880819,-0.2551174942045525,-0.31453755208974277,-0.19744735502039457,0.05869057378152303,-0.004183807502372172,-0.020081925661991074,-0.12039623587840725,0.0682524446812951,0.2265999339601557,0.2026965467700631,0.15865843134220775,7.254328619247669,0.5155520204779114,0.4546439942321055,0.051932389682729375,0.27300140615436796,-0.3203096367063018,-0.47305144056691334,-0.5608699086128437,-0.3808418948453115,-0.21437975212986574,-0.2555729291037198,-0.419002200191042,-0.36769079142216493,-0.45834894106275054,-0.409119430566396,-0.5722100472443168,-0.25469874557476824,-0.37513586234557333,-0.26060985061175,-0.3315606131234907,-0.12317879690436966,-0.5036943113819727,-0.2202102323500405,-0.5509993237619568,-0.49756429300779637,-0.31557667750356183,-0.37613197647254115,-0.31933597609702163,-0.4324463358208632,-0.599004375868169,-0.5424845161846072,-0.5406661812971798,-0.5022901890146367,0.11324841580959208,0.022413920804664953,-0.7615611820130603,-0.736609247763786,-0.031299874537453136,-0.48543639362945384,-0.4311459812175534,-0.3627658896598633,-0.5646487242608834,-0.3274571254902845,-0.599287217772985,-0.3158188377123093,-0.2733034866556253,-0.23093755905742616,-0.33728467149245667,-0.34711620789871034,-0.23090636404032544,-0.16669311118393368,0.7520326013794826,-0.3407110007004963,-0.05055315445827659,0.21027515137837038
ROI_047,0.1461594575460398,-0.3085567379383837,-0.0929110296007689,-0.21111533867941787,-0.09899228022053393,-0.013912173921497628,0.15106322904738373,-0.180048011072592,-0.10797248581550777,-0.28952908585365145,-0.0932777275216756,-0.2773740822527937,-0.04679369005719903,0.040314214512960314,-0.057437137938599954,-0.23492348896953383,-0.1359563656831459,-0.12214158321822395,-0.008514849535270656,-0.0985219698108958,-0.08224087211724103,-0.0041441487079791,0.20374481956727516,-0.24201928994430943,-0.24369761846594562,-0.28263988346244656,-0.15251234427766708,-0.45528707058548884,-0.41609594483639006,-0.21173652632322698,-0.25807916011205784,0.17282649329760338,0.19716842944709126,-0.09110618410417644,0.1946224715118359,0.21098242238299814,-0.011009694303191785,0.17346355803124747,0.08863840093370551,0.23346155791245796,0.4790104584542584,0.00372293700247116,0.436010459189734,0.05599008831439481,0.36661206351284487,0.5155520204779114,7.254328619247669,0.7806949197881592,0.30102872349736803,0.5876273377982073,-0.14956721055661054,-0.32435613327187013,-0.37438659509445343,-0.2536033571944257,-0.08994373047640675,-0.1031673966149634,-0.31083270094710974,-0.1951267977060786,-0.44521093430495434,-0.3423434627115148,-0.4840531517582862,-0.1888755227568136,-0.27001523144256667,-0.16025071215581005,-0.2141539289448965,-0.035861772862011046,-0.16041786841440936,-0.20536192217159646,-0.3370436041166412,-0.2312252021662636,-0.19241728164703178,-0.5774536176663364,-0.289364477515228,-0.3711565464929907,-0.5040836236144295,-0.6304512231219774,-0.20615970286912985,-0.3949975962903369,0.00939945969895388,-0.1376424568624202,-0.3999767457009571,-0.14907762296417854,0.06750158278932138,-0.18699235424440092,-0.501031275234084,-0.05376356250494173,-0.08837893405445475,-0.3134305420188894,-0.08199982472749678,-0.010516381842603024,-0.41140563700636756,-0.34048199757458664,-0.5017404607823057,-0.31963635478229857,-0.4035118652130628,-0.2819138945693303,0.49736210409844633,-0.2171775931218757,0.07564636706387332,0.5778724818317099
ROI_048,0.08861915032543353,-0.3139818716134125,-0.09142110067511244,-0.19562786443447303,-0.015313109506445252,0.08108429678260277,0.21219764632674745,-0.1343600908188329,-0.04827401948798387,-0.3155047788183788,-0.09987137871646087,-0.3146920074246958,-0.0404276509321706,0.11695307042038167,0.04904328486207815,-0.31099251265486183,-0.17406081484750238,-0.12107333801558086,-0.018412354147552348,-0.021819334581937664,-0.03710694597065142,-0.06247208669324995,0.20944419615937235,-0.29993462315345243,-0.43009658109610743,-0.40792902479966026,-0.03460392830498584,-0.5067505055587931,-0.3752106228562554,-0.20542624030099782,-0.4404313746187318,-0.040509452378504576,0.05378120742586,-0.14432555299049293,0.06692162632325281,0.20363777039028516,0.004300626103420764,0.09973261036986229,-0.052769251663035,0.18179494328564513,0.30283498632661904,-0.22896275556690524,0.07763783545649021,0.029850991372077768,0.3002135424720568,0.4546439942321055,0.7806949197881592,7.254328619247669,0.40323823197451886,0.5976663416512651,-0.16417984670704378,-0.29319302816579446,-0.4216420912152783,-0.20526094461983574,0.011907208967856093,-0.00136084112848444,-0.2801155031509248,-0.1713065274910983,-0.4898456358252881,-0.3174226573385476,-0.5212849910256385,-0.1606835562118321,-0.20386035562024601,-0.09412942890345238,-0.1122251977248962,0.10810099431114888,-0.0730717726326251,-0.15127878374368342,-0.3440776641001091,-0.23192449464815018,-0.1549241281413967,-0.42208602559867503,-0.17314696466235857,-0.30434628290083054,-0.5209221966706383,-0.7148182825160615,-0.18760516198811059,-0.4787837523860584,0.016056957761380466,-0.20522832607606167,-0.4429611770619009,-0.2397207820345303,0.06304452117382532,-0.2684426269794999,-0.4931352214197285,-0.23506085230431806,-0.02828437857796285,-0.5839997586662079,-0.014444521564212519,-0.08632092539959298,-0.40931213104337566,-0.45071895151734165,-0.6191728769304184,-0.6727541310318116,-0.6951622235493251,-0.47180996771595135,0.32138982320115184,0.07234585202787008,0.24953548607973083,0.6245776605145951
ROI_049,0.3629748962872085,0.5350124297269592,0.6889712300346684,0.7632779284837438,0.9518834080188392,1.0104511536198837,1.2393677916376196,0.7633974632517536,0.8708247916805631,0.294341086034858,0.5760836628096081,0.3931193154261817,0.7474457589441822,0.9221158155580699,0.8973086094792704,0.5048299157597872,0.5545317114367528,0.6911549640510786,0.772462365827581,0.857733736078197,0.7415107894037628,0.6254246557317423,0.6498068205112167,0.3371616679741723,0.13735040751979735,0.12195363239977845,0.3981262961920092,0.21357506341707508,0.4148739682077172,0.5565347475941593,-0.2164732764460344,-0.0363363195704605,0.022440855170567143,0.5932490136041862,0.138632107057858,0.85319084052306,0.19227547284409133,0.6540343398807575,0.6496690250171948,0.8110174685727917,0.7029371954967439,0.08989856421674862,-0.062398369481844636,0.24765066367226463,-0.15633827479612755,0.051932389682729375,0.30102872349736803,0.40323823197451886,7.254328619247669,0.8670970969510814,0.3936403152186471,0.5513504143445558,0.48457786661967694,0.7568080206445014,0.9707437390361124,0.8566472420541181,0.6114407438018299,0.7396108064214839,0.17905613530208994,0.49078554621904175,0.2802305590788909,0.6614972054987449,0.6316503485945503,0.7769332520909412,0.7301241327140583,0.8502474255557191,0.6478105638152853,0.6568663491957067,0.4166292584344894,0.5367984221488532,0.6950577210467543,0.24438858780686679,0.47397097278780576,0.46599638878600763,0.2610373132758997,0.07050957939626597,0.6018726909704932,0.22104786891231987,-0.25009060865504573,-0.11587141007547865,0.08186116194841848,0.2500594367053439,-0.4316656897298704,-0.32859488812156074,-0.11276099283335775,0.12400961114061577,0.31753258981442284,-0.07401890064783087,0.518499745829338,0.1348555847847612,0.12108748383216208,0.2562057943310291,0.18558124669730314,-0.07582192241079404,-0.10581607036930635,-0.09974536951833547,0.10103944653457515,0.37946490484863515,1.2733761755212014,0.896301888385246
ROI_050,0.15227947424631752,0.21470555572134956,0.4079762933668579,0.3476505154596323,0.5040342682617773,0.5804027582307243,0.7335294039626825,0.3350850610055986,0.4500727906387096,0.014858366508353519,0.31440053831589404,0.07516870775267581,0.38109009469059274,0.4862224993219791,0.46845769257842285,0.14564191863504516,0.18383976399591964,0.2956688189209451,0.41742509129711836,0.5030651263705068,0.3825827981758192,0.19526167294338426,0.5071946739604015,-0.048963611795304125,-0.1448756136345729,-0.2284147735789905,0.077262167996936,-0.17321969043394744,0.05523264096437419,0.1742972045041465,-0.4051381199754441,-0.014418971740322183,-0.1768899204513999,0.2454164289380764,-0.1269501856082269,0.6327397633311209,0.18250167340094856,0.43045744288817256,0.2641232119836701,0.5768742602558731,0.6875951385689099,-0.12478432130719817,-0.1297583004530081,0.1368327754744948,-0.11063521775990016,0.27300140615436796,0.5876273377982073,0.5976663416512651,0.8670970969510814,7.254328619247669,0.16865165697615628,0.25342420048454795,0.10364298251228471,0.3576282402614495,0.5326447403487455,0.4781277873272333,0.24045190943173353,0.35437040240238815,0.0013167565581496462,0.25675983229421323,0.019253518627817576,0.39053374471178476,0.2975768560688452,0.3775609969105526,0.35087787912278207,0.4756105383742277,0.3519127080595752,0.3593947900748882,0.14501815049061723,0.24076370078553028,0.3259270007956988,-0.07926461084592783,0.1858719693964695,0.1767771430277572,-0.04219672382742324,-0.16768173325628943,0.2728706841922721,-0.04612837379182055,-0.06677430221213904,-0.005052133767137538,-0.18219100253897497,0.10825291331793523,-0.27804947427175125,-0.47630262699767917,-0.31082447063323126,-0.03482056924975186,0.22609268007411487,-0.3274481991227695,0.3298968321794789,0.22460243742515199,-0.08153823818770893,0.1521680505255657,-0.11785444582812118,-0.2510981434061188,-0.33650918695152526,-0.2965288659589476,0.28710146253835717,0.23567507880034672,0.8126340425458324,1.3998811809400542
ROI_051,0.5369991034834051,0.6870018133602099,0.6184096641631834,0.6529225642838222,0.5676040577386221,0.5263456953649082,0.4035993405744394,0.53650158069287,0.5421925203817097,0.5437810712024503,0.42680813994915656,0.5478772207345737,0.47120459789629954,0.4097196177548468,0.48022867631007987,0.7461411084094429,0.5922697293366926,0.6012450757297632,0.46322426129165684,0.6827795771592481,0.4416056510984402,0.5353240195380635,0.4307343018754117,0.5499879924847126,0.5838521395749263,0.3445077335321631,0.390793619931907,0.6608575096098708,0.5813105061651835,0.5241477029858401,0.2868109285935483,0.3655434754965029,0.17448335610595825,0.7657119816323236,0.29550464013181976,0.5525709866118935,0.5414307235470712,0.6127571759405879,0.25188788243151183,0.27454361891483153,0.47014808489771615,0.1678264633092057,-0.0833500706954847,0.11816048990098985,-0.20739822561442792,-0.3203096367063019,-0.14956721055661054,-0.16417984670704378,0.3936403152186471,0.16865165697615628,7.254328619247669,0.6679832980321366,0.8057163034245072,0.6851235930518973,0.5244469815805561,0.5827790586328014,0.6367921816645219,0.6175834692452861,0.6697101289828904,0.6546482167975218,0.6680153714020589,0.5400248137149909,0.6973126575772728,0.6164586809141531,0.6309314952633791,0.40070469218105065,0.9238385187424466,0.5686284131977015,0.7389446029896741,0.7891855380498054,0.5827820255767141,0.6853356052374174,0.6558019663966977,0.8331831825575174,0.6543356640595999,0.7539324012485776,0.7536289919626312,0.6448186619270443,0.04535163785204308,0.5627800011280584,0.7770338793994531,0.8186937397968824,-0.07661557657241952,0.2710644132197778,0.49574500058781407,0.6190901165483694,0.6508097691935718,0.43773120752699846,0.6116780448183771,0.6597129275100454,0.7294159881368828,0.8360713097046965,0.655833654482223,0.6087792854072593,0.5240672109123308,0.412786232238163,0.052841600991335384,0.5792259939011961,0.5414294944216945,0.16975978523016133
ROI_052,0.17715026123862282,2.065672965844744,1.5049181430059313,1.7019544574375653,1.3127532305336278,1.2293948821998866,0.9109844769529712,1.5814774044030209,1.5742663102868402,1.243457014777462,1.3650474472504017,1.5197027176085107,1.384570676895205,1.070012291769096,1.1641959373694768,1.5410835478521476,1.3164856326516825,1.3990866470985888,1.2372603365032984,1.4858476436162875,1.2970239235925416,1.0131305364504877,0.8322489277642642,1.036429333472671,0.7882486754883238,0.7157966061913645,0.8827694518341381,1.0005996493826872,1.3137475723589136,1.3414137872632999,0.1610166409682777,-0.0008958693339014256,-0.10577871629163983,1.27289884400873,0.13773374051866769,0.6988132269369453,0.49871988107059156,0.514984471581438,0.6550920221317661,0.5992308209576642,0.5970601366105419,0.2818157783664326,-0.23204866134298754,0.15132316587927985,-0.5429858277050514,-0.4730514405669134,-0.32435613327187,-0.29319302816579434,0.5513504143445558,0.25342420048454795,0.6679832980321366,7.254328619247669,1.785741185399257,1.804825544903795,1.3043572916162054,1.4753890025794978,2.036103499275908,1.8656101588480996,1.3851288684461343,1.9515859106231994,1.670583304744585,1.5091519570099696,1.7250628232169614,1.420986714792426,1.6808530996761906,1.0474342966039296,1.2385777596033638,1.437885221233644,1.682215134215693,1.7059423722781621,1.5514335704502602,0.8986697844417982,1.3335562694797014,1.207100271132633,1.5823772391317086,1.037513866648972,1.6732246599452292,1.1931859674733847,-0.44420377136933453,0.04473622536270725,0.7860379962680932,0.8350231250606969,-0.5514172061469411,-0.05123986317502806,0.5429202490730705,0.48845643514985837,0.674126544358202,0.5640962120497157,1.0218824713669854,0.4924500753939482,0.30594199465423355,0.9028234066081166,0.9913511583954722,0.3982333577205168,0.3773328765976172,0.33431310742852827,-0.24101625280953143,0.7985771127565281,0.823118549093204,0.2714475622916746
ROI_053,0.32057947907540013,2.079612527961092,1.4020115028678672,1.6227359373970192,1.1574355162091512,1.0415932161713486,0.822026423004718,1.4586738448335186,1.3287404636296922,1.4498303865121736,1.279206741914558,1.6540005127516555,1.2629333142881825,0.9563674127054317,1.0218809226289818,1.9483334039868374,1.4156866686167333,1.4583795449119243,1.1150406842985088,1.345871170173092,1.1971948908933143,1.0591502383804412,0.7522852544494253,1.233170558284121,1.026274203638573,0.8774949602644844,0.8884398741312596,1.1826417584158524,1.4455691348579867,1.3546923424775281,0.3568214749085539,0.16077723093006677,0.09639944052687148,1.4250517626276418,0.291175046827936,0.6331819266198152,0.47879255395105985,0.5992939147872303,0.6958382729321873,0.5835558039033005,0.5816517120625181,0.34271335195961566,-0.13809205480010756,0.19311363499846018,-0.4297722251903433,-0.5608699086128438,-0.37438659509445354,-0.42164209121527824,0.48457786661967694,0.10364298251228471,0.8057163034245072,1.785741185399257,7.254328619247669,1.631213947156071,1.0716438090884017,1.16213698965885,1.8125004235002593,1.6181273147532715,1.4324236639445846,1.5451337883352945,1.8977896147025315,1.2287580639679994,1.529567242986032,1.2704869073964167,1.4912135748593316,0.8725640063414074,1.228294342886745,1.2290201882208955,1.806074949340762,1.7371243231439286,1.4392765831762104,0.9190201816831817,1.1758095657380294,1.2614922430900348,1.7100213592101703,1.2058798335509189,1.594997339821858,1.3322183217291383,-0.3586969353975556,0.1594205476440497,0.9709976201494157,0.9540543138584943,-0.4371746677041472,0.09404578687741394,0.6153988914899889,0.5538285836588132,0.6963692450746661,0.6677587967945674,1.0012136570419643,0.4763444182045905,0.4661382724895052,0.903197085445319,1.2065476054900315,0.5601055685317246,0.5189486279227047,0.48151553588564716,-0.27838376427974476,0.6700687331116971,0.6964311499500851,0.15862831796870963
ROI_054,0.21892418232162397,1.8845476715390035,1.5084842488888686,2.6663900732207697,1.942857997573757,1.6235673490143596,1.1564291460130893,2.074304688242375,2.0579244439995206,1.0528213874257712,1.3946006707278233,1.3123438696012868,1.6076791378287845,1.380089025390805,1.5176005662489493,1.4146938662243855,1.3857299428936387,1.5864640790620923,1.459693358442437,1.6283602487602922,1.5572677827458161,1.048571009773092,0.8530079581208242,0.9292529853454307,0.6636105692279115,0.6354932442037026,0.7638653034056887,0.7900578657700431,1.2030027835367294,1.3125891110912953,0.06799972488069404,-0.04006551025591855,-0.10339761295646842,1.2377816093030078,0.11992512881738077,0.6841166559856685,0.3492768993010931,0.6141485538285729,0.7799975507243719,0.7177372216894129,0.6105835498737343,0.2321407444699595,-0.2241308272036449,0.14319819654340424,-0.5747550946139084,-0.3808418948453115,-0.2536033571944257,-0.2052609446198357,0.7568080206445014,0.3576282402614495,0.6851235930518972,1.804825544903795,1.631213947156071,7.254328619247669,1.7904522035845052,1.7491536602082938,2.340745687523034,2.4414548870479775,1.0399393656092208,1.6546435871289162,1.286684868183662,1.7427507863057001,1.9237012761189745,1.8534643537303384,1.8869045221949265,1.3134726028918062,1.2124132180789966,1.7331460714542914,1.4354458190609272,1.6100506312866731,1.7894700470430371,0.8479766926342198,1.1996873862593291,1.1501111060025566,1.2160756780347262,0.8220804538887667,1.4670247034917805,0.9743227268480503,-0.48319439374139905,0.03791368710108566,0.5921930857299378,0.6537964783138751,-0.7092912087436899,-0.18040491202415243,0.3192960556007383,0.35406828848997846,0.5545364552357841,0.3747303898831559,0.8494504901978179,0.3502046696763942,0.2910735974633013,0.7820090980040756,0.8643027729845778,0.2650537971512646,0.2632405289814912,0.21134153688822915,-0.2658293490803385,0.6522705833103867,1.0487931723671813,0.38365557164033964
ROI_055,0.16043171920584573,1.2369724374624003,1.3125013488276858,1.6547995905982984,2.134617907020939,2.02546405239338,1.3211312645293558,1.6468533282592728,1.8879592235986238,0.7605168870949889,1.1982538843271637,0.9598847666434173,1.5216490889386038,1.591398424942942,1.8161125281936532,0.9963939981189026,1.177990133796152,1.3087284345770234,1.4292785735310545,1.4248035861748705,1.4607203209517001,0.9520544560082106,0.8467841325089079,0.7240931765112236,0.4214789926803554,0.41968765206102654,0.6864402566813737,0.5123518620257941,0.9145363209226295,1.0426468941742164,-0.11871600608523097,-0.16948666026632675,-0.18919293940887516,0.9964464561840395,0.056679392921146696,0.6795820684615157,0.279750461898321,0.5724913398407702,0.7689452145681817,0.7661282437703328,0.6669380885138451,0.1389261731381758,-0.24655148481359723,0.09109219508024102,-0.5870386003358423,-0.21437975212986574,-0.08994373047640675,0.011907208967856091,0.9707437390361124,0.5326447403487455,0.524446981580556,1.3043572916162054,1.0716438090884017,1.7904522035845063,7.254328619247669,1.932794597136906,1.5226266794725134,1.815995021777743,0.7350073389657086,1.256137648935458,0.8759612307668647,1.7305991814580146,1.58533036330261,1.919855186721528,1.5123952190384262,1.6237959906580857,1.1545697609471957,1.6865219063883734,1.082180622772164,1.2156385222634187,1.4736287011901799,0.7687312823956393,1.0988840787275704,0.9752744774357817,0.8701790852282123,0.5245103829157787,1.2232975919030284,0.6568152968083635,-0.5239158993197487,-0.04984952162021547,0.41845247831908816,0.4999890369267208,-0.7642553665856353,-0.2888466649536999,0.15688865534366028,0.3164104659920463,0.46184740940178826,0.17742146548613094,0.746025535866912,0.313266891859734,0.17999968140250294,0.6372081398128239,0.6285464334264076,0.06999045947961277,0.1134988671126268,0.023264164813127243,-0.12574838597346238,0.6695789236743318,1.294537245903979,0.5374091265670886
ROI_056,0.17073686824238316,1.3333156804562218,1.3400604896452402,1.6375919342246423,1.8240863337920326,1.8756233634179196,1.2097256185496774,1.6359723568708335,2.020093543600199,0.8763688557498168,1.2278895187771501,1.0693939305986446,1.5102030418808376,1.4832649679019836,1.6617055383194677,1.0961441003299077,1.231989768800778,1.3623091632897268,1.4105001686993703,1.4598833242513463,1.5618895972993396,0.965195506925263,0.8761668075094164,0.7985299820932643,0.46538923503486357,0.48198217430919754,0.7682135837029903,0.5685081708529132,0.9444850505672153,1.0873614937252765,-0.08041822429653027,-0.12422618608950452,-0.15665333584123106,1.06856730901877,0.07125580641416589,0.7196513704114362,0.34188134396315867,0.5623447873955647,0.7311395404106296,0.7693787516812315,0.6985758409046608,0.15635763832041483,-0.24892907216660243,0.0816980718000034,-0.5634927726774153,-0.2555729291037198,-0.1031673966149634,-0.00136084112848444,0.8566472420541179,0.47812778732723327,0.5827790586328013,1.4753890025794978,1.1621369896588505,1.7491536602082938,1.932794597136906,7.254328619247669,1.5718297701598523,1.8552279292504443,0.8521586308797467,1.3401284639617437,0.9767987906881106,1.6639699050259422,1.64567533142846,1.8003795608184907,1.6916729058940965,1.484662748976389,1.1759818458452311,1.6291182855788453,1.1869095676375934,1.313303648747256,1.6762068872235478,0.772811636992327,1.2169549261416637,0.9991079557357435,0.9710426504659402,0.6147234814188259,1.2669704847824552,0.7422947808274724,-0.5910497677481796,-0.046148291836084016,0.49255555856296984,0.5854291906181859,-0.7160544384275599,-0.26122641505524763,0.25015648544886887,0.3976404495466804,0.5013814325311804,0.24639537270547876,0.8448701923198605,0.40826747199166796,0.17566616960916648,0.6259538834169311,0.6804151513259842,0.10375525594066638,0.17135621823487346,0.10211011819711587,-0.13706401689704523,0.746906762039669,1.213889793408462,0.5004773136175563
ROI_057,0.18205499677262094,2.2216672305455227,1.5194111301632383,2.284676021187725,1.6181364448427111,1.4006013823110106,1.0295232435346975,2.093026864183904,1.859974175865351,1.2331418090319517,1.4753593906802462,1.5404077992761969,1.5920127785416933,1.2793770642342353,1.3940974998968656,1.5594111544522296,1.473232675749468,1.633944231391352,1.4174807823427602,1.5306099270811757,1.5868253609620555,1.0737803531146815,0.8353494245061424,1.027331774561677,0.7731182656198862,0.7315632300505958,0.8676075713374726,0.9124261731996061,1.3460462305053473,1.4273380273359606,0.14541106105654517,-0.024313250806167655,-0.07914315064531016,1.3094538539210252,0.1654843312686579,0.6481404135696156,0.390731158898453,0.5468111226815779,0.7581590762297454,0.62686656591883,0.557084628620072,0.27152219885305484,-0.20454661804275726,0.1548777681968081,-0.5352351946906362,-0.419002200191042,-0.31083270094710974,-0.2801155031509248,0.6114407438018299,0.24045190943173356,0.6367921816645219,2.036103499275906,1.8125004235002593,2.340745687523034,1.5226266794725134,1.5718297701598523,7.254328619247669,2.3315060488497577,1.2269860087706919,1.8304360474832633,1.528220803440177,1.6750985447374938,1.9874498031696937,1.7025155246948611,1.9740452520019782,1.2241587065589032,1.1745604681391209,1.6762048180703355,1.5854475949138032,1.7248290276925886,1.8126589422648245,0.8857603143277023,1.2416079148955441,1.1523736990171782,1.4683554398926022,0.9296704764319043,1.554172666632483,1.1097822194039764,-0.4674574817254389,0.014232550346112587,0.6617568817858326,0.6835797655431877,-0.6554220922950532,-0.1195399666859573,0.4149247232596428,0.38781344139016205,0.56536686968554,0.4707438552428799,0.8863403601107842,0.3339845408053244,0.2735231552903552,0.8003744550104211,0.9534651129320493,0.3174110177203557,0.30314195619943035,0.29066425775934307,-0.2950402423568665,0.6625805072193411,0.8654933100988339,0.2669231550519867
ROI_058,0.19771482665919557,1.9252614271427915,1.732991167087214,2.3132309000386044,1.9068597353211147,1.726756105441743,1.2003235558146572,2.2791602972412504,2.2809965030232777,1.1551155520585152,1.5657432769172865,1.4333081288493672,1.8822573457537493,1.4800482994162982,1.6067217981706545,1.4764434571985534,1.5398620104278493,1.7283253270574477,1.5827859661461914,1.6829066430201,1.757752812886024,1.111323579277681,0.8925200856908627,0.9820990427554287,0.6883366637658344,0.6569418144139817,0.8611051732389587,0.7841725133284846,1.2406387533661496,1.3229253690677767,0.07845088825117637,-0.041502200519087734,-0.07085916098959318,1.2881275656789095,0.15057136803542318,0.6962135973144886,0.36714970505777944,0.6010047128660163,0.8095967635911221,0.7489284312997652,0.6960991806869806,0.23885998397166966,-0.20367119548683443,0.12701821215387074,-0.5508813624069941,-0.36769079142216493,-0.1951267977060786,-0.1713065274910983,0.7396108064214839,0.35437040240238815,0.6175834692452861,1.8656101588480982,1.6181273147532715,2.441454887047974,1.815995021777743,1.8552279292504443,2.3315060488497608,7.254328619247669,1.0782615307579047,1.6935229584575886,1.332941738090927,1.9450450788073947,1.9832519457339652,1.9478263325257112,1.9737998208372844,1.377121356509029,1.2611655847238785,1.803184381067486,1.5236479438102637,1.6636783300698983,1.9713447243356972,0.8244215973809008,1.2356996564471738,1.1191918039088278,1.2646861391618722,0.7825959166787453,1.5997238952113824,0.953540104700875,-0.5362572762712263,-0.0011104621960156148,0.6246002192040119,0.7110520888222678,-0.6941075460724403,-0.1664470305121166,0.34029470057948824,0.42848919572657806,0.5793870000170755,0.3931660777372526,0.9453030563876909,0.39618162268484386,0.2419536847903454,0.7376705425214849,0.8628267374433684,0.2373582994797579,0.2541037106133251,0.22296373658294108,-0.219538169917708,0.7098186132505339,1.0154822780482722,0.38956011042653077
ROI_059,0.19947289705940177,1.3379418866319943,1.0814658892297773,1.0163318851577305,0.7627185456222497,0.7100237139314093,0.4807108094692256,0.9583890712274677,0.8994053784323077,1.3118035623773794,0.9656233402491328,1.2938177224130216,0.8705555656651005,0.6557167340999732,0.7407227553876522,1.2620853043339504,1.0154291553036843,0.9668127599466447,0.8229557410789787,0.9147113937599589,0.877050643123838,0.789399623251356,0.6189647678587834,0.9973345868304117,0.9066491992341638,0.7643850126825446,0.8599734800236609,1.1613712319600515,1.2717838295154023,1.0798649938939924,0.3076050083715111,0.20142160392326194,-0.036392233718783605,1.0439943253715578,0.1893731899213027,0.42979952576898944,0.5968055063658052,0.4467073672920396,0.43409020702625145,0.33967378276656535,0.3992209665610682,0.2486180469619665,-0.19646961018840445,0.1347170455349453,-0.46436684650349175,-0.4583489410627506,-0.44521093430495434,-0.4898456358252881,0.1790561353020899,0.0013167565581496462,0.6697101289828904,1.3851288684461351,1.4324236639445853,1.0399393656092206,0.7350073389657084,0.8521586308797465,1.226986008770692,1.0782615307579047,7.254328619247669,1.46913252019476,1.8691504144796371,1.0273484026203379,1.1790363809954674,0.9292808779988799,1.0980941579196866,0.6682394702874486,0.9953286858233106,0.9961430385548572,1.5408554461595598,1.3348817812934868,1.0777162883926108,0.9907001946829501,1.149169966775448,1.1677427213192815,1.7830671299203829,1.5984653979169203,1.1838267098661484,1.4075137013099195,-0.30021123325279375,0.3151087334630319,0.9895477525252587,0.886104311498686,-0.3324620902619176,0.18141417718009917,0.8510138402301469,0.604945871283399,0.6801590225331243,0.7756245775358555,0.8580354321842588,0.558543128321214,0.4247968894309261,1.0318061706645096,1.2106951166718136,0.6459744553851838,0.6204310042227229,0.5463230609089442,-0.18289807848617495,0.7906075972840215,0.46975749676549083,0.010337689400190381
ROI_060,0.12678123113874792,1.6810195695759038,1.3914419759233316,1.5643687324894728,1.299843364732386,1.1541831908326012,0.8110310637249314,1.4345335625563205,1.4161537122265193,1.1189979839146553,1.2274195333145643,1.3131217699700153,1.2831289233500285,1.0404073153625921,1.2023118360028004,1.279933554742599,1.2083823999389622,1.2639479099433601,1.1870582318034035,1.2782765262591744,1.2318484131090153,0.9144964268545229,0.7830139288949136,0.8881737341418152,0.6833808712557184,0.6161869173372655,0.7863670374521016,0.8934021253688147,1.3037154529749675,1.196045209611922,0.08253588728169561,-0.047232351186845704,-0.17401223634612606,1.145374400549481,0.07226440500342036,0.5508943355447316,0.45315227631998195,0.4990808377384225,0.5680605055840426,0.5097006000529065,0.5141737110111184,0.16503069416389132,-0.30724020055143453,0.07842354574422772,-0.651849253620428,-0.409119430566396,-0.3423434627115148,-0.3174226573385476,0.49078554621904175,0.25675983229421323,0.6546482167975217,1.9515859106231994,1.5451337883352945,1.6546435871289162,1.256137648935458,1.3401284639617441,1.8304360474832646,1.6935229584575895,1.46913252019476,7.254328619247669,1.6145063192521052,1.684404712950337,1.827617451280011,1.4561361582009786,1.5614016089028022,1.1049878160182818,1.2265673028661186,1.5672477951523798,1.652708159255387,1.5996659687496015,1.5369515165174876,0.9835513006341872,1.3636037317435978,1.2007437404005488,1.5487154852963383,1.066167783134485,1.4971375433035132,1.1143465830137773,-0.4409344598011532,0.13429399088889746,0.7062596823358145,0.7444912704428654,-0.5879161658769169,-0.06890890455715964,0.5113475791924588,0.4770802564905642,0.578327360556956,0.5005000570329354,0.8734289671111694,0.4802412383630065,0.3320635812076644,0.9503406041034076,0.9636284398603796,0.3787979147816524,0.3702806151919961,0.28112758858195186,-0.21656014845407512,0.8171238244595544,0.8116201844759857,0.2561666304860112
ROI_061,0.2083419124301414,1.7440449532754279,1.2428728649293268,1.263753165843062,0.9320839601797327,0.8432180724433885,0.6193814656351246,1.2153273113979257,1.087324427296057,1.5006452621331205,1.1605609277919575,1.5891869971027062,1.0664053864935354,0.7773952190095733,0.8542253593527339,1.5647482878892331,1.1719315902379595,1.1865592543891919,0.9282485129234725,1.1228789231165224,1.0588092892882135,0.865491852713345,0.6330825920283869,1.0920823494737661,1.0083619999821574,0.8361187930198395,0.871014611270831,1.2621948298953234,1.4757866209253023,1.205852680152896,0.3661991801126243,0.12321502942594842,0.02765421713445629,1.16553977766247,0.2016318530698874,0.5146324684100548,0.48607604885494216,0.43283053024451407,0.5421786200742356,0.4300393213990294,0.4361950543881466,0.2805006054361365,-0.21715934032539078,0.1776013380928897,-0.4452406467631699,-0.5722100472443168,-0.4840531517582862,-0.5212849910256385,0.28023055907889083,0.019253518627817576,0.6680153714020591,1.670583304744585,1.8977896147025315,1.2866848681836611,0.8759612307668647,0.9767987906881104,1.5282208034401776,1.332941738090927,1.8691504144796371,1.6145063192521059,7.254328619247669,1.1493236378328078,1.3605749477319966,1.0465351918677446,1.288526384905194,0.7468494095667371,1.0437323845172775,1.095026020250543,1.6842143784370731,1.472701884980281,1.2655747379820554,0.9222689832839414,1.098996341630739,1.1621161907394089,2.055810352517736,1.4028821598683106,1.4148615735118888,1.4295403932555173,-0.33621741513323916,0.1578325367523749,0.9842463591299754,0.9142999738286065,-0.37961030251350797,0.14182856539338648,0.7478221120778824,0.5458702290136744,0.6739359423663752,0.7720145760535351,0.9565174525694373,0.47420569622623715,0.41289065607241543,0.9135700949094435,1.194980229971349,0.570977941084381,0.5394959253961745,0.5497629612119811,-0.2881292139554476,0.714832699268196,0.5342686760489035,0.05268055842575881
ROI_062,0.09155620472157322,1.3943231905581186,1.4115329703923953,1.615730629219371,1.6871648691356413,1.551076504422192,0.9683937231011186,1.557935748823986,1.7205429480490633,0.9090943852465293,1.269990976917018,1.0990859044385153,1.4995447869503635,1.3088296178232859,1.5400969127287394,1.0737945453631408,1.2351893860440382,1.2622967188946619,1.3886482720012217,1.2524281952995542,1.4574701432688617,0.8771548269992661,0.7649296867358828,0.7615396209981781,0.4905318576707295,0.47434266437554307,0.7171521738444233,0.6086233631051091,1.0455441221216741,1.065352245287001,-0.08522880779427901,-0.15579846787640422,-0.24673229075036515,0.9650562311658546,-0.012754793592912046,0.5256424476858953,0.2991652741613658,0.5266735035331281,0.6592024523845703,0.6151791332339668,0.5886377778118752,0.10645267596428229,-0.3128398272749326,0.009977230190348402,-0.7241040866530861,-0.2546987455747683,-0.1888755227568136,-0.1606835562118321,0.661497205498745,0.39053374471178476,0.5400248137149909,1.5091519570099696,1.2287580639679998,1.7427507863057001,1.7305991814580137,1.6639699050259422,1.6750985447374938,1.9450450788073947,1.027348402620338,1.684404712950337,1.1493236378328078,7.254328619247669,1.8402671879858414,1.879916935381674,1.5586850592338568,1.3997733206083776,1.1495217306617775,1.9481869862860564,1.3625743275593385,1.3841504484547502,1.6118728672828135,0.8835052280362318,1.260970360679582,1.0064269301502102,1.1264558145558647,0.7355310626885355,1.263244209245163,0.7970152085121502,-0.5574790591815478,0.06767077678749363,0.5261385972309455,0.6072908826854471,-0.7330373175966913,-0.24477147312496336,0.31133614422868716,0.43474373801490757,0.45027628614758664,0.30365831893593564,0.758594453011569,0.43472920231252116,0.2304758905625399,0.7811601564152623,0.7772338785862353,0.17459592328056564,0.22380110763685337,0.10096827358307225,-0.13971398520964654,0.7872953787235714,0.9960775767962612,0.4078059300011242
ROI_063,0.15038779607537814,1.6189732272254085,1.4674108862771693,1.7592191752518862,1.6179659626856104,1.4405239578427487,0.9741714845773609,1.6804280409716288,1.6732554525744674,1.1068328961915246,1.326036483619447,1.3419823248684886,1.5328151453466947,1.3110606686415713,1.5755957697185388,1.3345190307505954,1.4205494674523242,1.5188832366448155,1.43163978286199,1.4649388501799943,1.4741228306759329,1.0532449155540136,0.868633722821742,0.966500184300167,0.6775600123719974,0.632645482377643,0.8107956339213084,0.8201297402777559,1.1890233742716463,1.2918994439973295,0.08756869316456928,-0.023627456756721635,-0.10291186069178758,1.2650437838566921,0.14988582618415822,0.6041617920968779,0.39616821013798553,0.6087456712896243,0.7066104824619975,0.6302826356140752,0.5993056369505269,0.20583536417758216,-0.22133078001197493,0.09851725900480159,-0.5801897452717973,-0.37513586234557333,-0.2700152314425667,-0.20386035562024601,0.6316503485945503,0.29757685606884515,0.6973126575772726,1.7250628232169605,1.529567242986032,1.9237012761189731,1.58533036330261,1.645675331428461,1.9874498031696937,1.9832519457339652,1.179036380995467,1.827617451280011,1.3605749477319966,1.8402671879858425,7.254328619247669,1.9558409343730627,1.8740786209390503,1.3665076668042087,1.386003161637336,1.863347483396574,1.6276793201021003,1.7832327652272886,1.7690815128256194,1.0204712024522358,1.4153772004425604,1.2599780439834956,1.3865781639884767,0.9284784750981416,1.5896202686923357,1.016138728922234,-0.47098242508363464,0.09713224292450684,0.6957279436069128,0.7057655494936023,-0.6310137733365769,-0.08393078728966136,0.409140493578758,0.4738064876457632,0.5682652522996078,0.4156892235434234,0.8691550068180939,0.42734841233603776,0.30421074264067766,0.8490729463086895,0.9234583593225605,0.3342117196893947,0.33734853292477307,0.25076291121697375,-0.17754154490486926,0.7850608828193915,1.0016977936664582,0.3188517659925416
ROI_064,0.11574474406726318,1.3765252521290916,1.4032102472658539,1.7220871928473975,1.912979734780614,1.718479359336907,1.1287122121267656,1.6892836593204956,1.7649340137309133,0.9464291002275637,1.2521125562063828,1.1695139051852823,1.6492181546106508,1.64096491454455,2.06142304178757,1.1631311066985808,1.5014905390947182,1.5197938524540457,1.6859773683733874,1.3878593375534145,1.5751566554432113,1.1141558997015608,0.961968760084864,0.9321681251034155,0.5697902672932063,0.5917276956697618,0.8183534943028262,0.6487947011549531,1.0131241846611674,1.2376432878717614,-0.016834415383523448,-0.06611034767944586,-0.16457140216483765,1.1649681841396013,0.13417920246777543,0.5563613194437318,0.33568076915684714,0.6957689403822876,0.8488855476291373,0.7756289550834126,0.6825324155804973,0.23025591762447967,-0.15333262750524163,0.02780487452531629,-0.6430985018219121,-0.26060985061175,-0.1602507121558101,-0.0941294289034524,0.7769332520909412,0.3775609969105526,0.6164586809141531,1.4209867147924264,1.2704869073964171,1.8534643537303395,1.9198551867215294,1.8003795608184907,1.7025155246948611,1.9478263325257112,0.9292808779988797,1.4561361582009786,1.0465351918677448,1.879916935381674,1.9558409343730627,7.254328619247669,1.769712802155757,1.83029579968412,1.2822135293032613,2.1499839762061654,1.3766528313669943,1.5794247050000152,1.707362795689825,0.9598912084556179,1.4210298924852143,1.182054764192037,1.1075611168015687,0.6995235396448115,1.3503280328747962,0.8437783166548799,-0.5706977120646035,0.05845646548979737,0.5510303217758619,0.5791082418296124,-0.7995859240498715,-0.20506221708459565,0.2520131656836696,0.4147802838269863,0.5089990879511924,0.2982640225641604,0.7739318617528613,0.3889936665231331,0.22246636083230664,0.7726145436213315,0.8561016454878494,0.19435595629780703,0.2497271337278706,0.11021866356918567,-0.1351079752240675,0.7249362303800592,1.1110228215415605,0.38370765471683943
ROI_065,0.19976816871108088,1.7185971441634507,1.5750952769922006,1.8404060192095952,1.665921482709542,1.527226538954499,1.1772756372743252,1.9319848894137028,1.8675637333596553,1.1839211265290226,1.4051647734151258,1.3961217380062514,1.6173075772524865,1.4524329340674025,1.6000458368478208,1.4247002407619418,1.430740697894695,1.7098842606761642,1.4877657831267839,1.6791300497715564,1.807529522253712,1.0695876957696246,0.9907535475703844,0.9809988534893938,0.7092344126004445,0.6693514127560033,0.9672406914158425,0.822390757168971,1.1341634499295266,1.4297671122091309,0.13598943839857308,0.020361884825921002,-0.05619501044094971,1.3015727515448265,0.21050140729479025,0.7165788803378582,0.41522729997646957,0.6423434617016174,0.7830591182675369,0.7355213048391663,0.666291240788266,0.24268233923692095,-0.18037153934808714,0.18968896439629873,-0.42865941130593405,-0.33156061312349067,-0.21415392894489652,-0.1122251977248962,0.7301241327140583,0.35087787912278207,0.6309314952633791,1.6808530996761906,1.4912135748593311,1.8869045221949254,1.5123952190384256,1.6916729058940965,1.9740452520019767,1.973799820837286,1.0980941579196866,1.5614016089028022,1.288526384905194,1.5586850592338568,1.8740786209390503,1.7697128021557582,7.254328619247669,1.4002401980263581,1.2151537061645477,1.645579319196523,1.4510208211990367,1.6770792163892387,1.9139337353808035,0.7824803194641703,1.2375333802527413,1.1270441690809174,1.2375104005506177,0.7966360444915399,1.4647186971461377,1.002126521606802,-0.4334160709540567,0.019518893272539466,0.6037274332716923,0.6706433841469425,-0.5961849801027621,-0.14599784526758555,0.3760526067916029,0.3690521921002254,0.590516990689527,0.3916925439599778,0.9600302979217502,0.35132144492853495,0.2541400027023026,0.7151788219963704,0.8490731222975989,0.25929463956467047,0.22243789456453178,0.2707795709653169,-0.2102791038938961,0.7369289466900166,1.0343552002426963,0.37022166801813355
ROI_066,0.028588381001157338,1.00525997953317,1.116654125408954,1.2989661423965426,1.6742139675005008,1.5499868510186599,1.1827204928469905,1.3952330133921207,1.4250222235775285,0.7562091284933602,1.1227439802742654,0.9264491534703858,1.4748363367713435,1.9026594664702596,2.207634423850174,0.870560034707645,1.23415091202603,1.2953067145711894,1.6287084886135441,1.168932863851778,1.430013343679368,1.06467662547047,1.062922589126614,0.7677621589987993,0.41130506922256294,0.49448577942096844,0.7484332680457709,0.45902650674359086,0.8025176441131614,1.063853373944739,-0.12863139616771,-0.14074899769673116,-0.21041022570542672,0.9452612697994003,0.1372477855123207,0.4956311160811335,0.2591094935890825,0.6603832855217731,0.8603418949401446,0.8259418425912335,0.6554709268850883,0.183614677949336,-0.09366322179578829,0.00017146325982527388,-0.5803762011349622,-0.12317879690436966,-0.035861772862011046,0.10810099431114888,0.8502474255557191,0.4756105383742278,0.40070469218105065,1.0474342966039296,0.8725640063414074,1.3134726028918058,1.6237959906580866,1.484662748976389,1.224158706558903,1.3771213565090286,0.6682394702874486,1.1049878160182818,0.7468494095667371,1.3997733206083776,1.3665076668042082,1.8302957996841211,1.4002401980263581,7.254328619247669,0.9858347588458449,1.580223348785993,0.9631036349277403,1.15226250856946,1.330873003003349,0.7184135007210566,1.1591768469860104,0.9052932857044099,0.7995323198441567,0.43987631896577517,1.045678878515774,0.6290970672116788,-0.6230968906507486,-0.10031961466000368,0.3216265716509124,0.36942638015906293,-0.9291211938129229,-0.3247056995897073,0.05667046082560007,0.23961598484520824,0.38509695424697493,0.13974425892472037,0.6331125118644558,0.227158859872422,0.027700608161291593,0.5379781470812349,0.5964395886550016,0.0011685424727861308,0.06127209240416966,-0.03680138720843357,-0.09416723524459922,0.6353451699347489,1.101973333309718,0.4646006835028773
ROI_067,0.3178332322546049,1.1463273892928847,1.2659212727991032,1.1395615982493643,1.0995089561284985,1.1011587113020753,0.8352776639030021,1.0697270780912043,1.1159884555079136,0.9133522522547287,0.9817604195427937,0.9896281217289011,1.0593627592348893,0.9644970242878469,1.0664113583500214,1.1429804793692444,1.1068196553501415,1.1536978584705937,1.00133775579458,1.3260456547690276,0.9757090276765684,0.9363395959287651,0.8573525417329899,0.9141585534858939,0.6628848698295586,0.5127094963483417,0.7159716445793336,0.7475804566406503,0.9812085659979182,0.9203389460462276,0.11993674189143533,0.1416492927337821,0.04410907774244748,1.3084916068284556,0.2770422333699913,0.7671657346280758,0.5880865348623059,0.6169505126672851,0.4798400094035649,0.5678724194931648,0.7914189511239241,0.09861427454724965,-0.2126922811896354,0.014859004568754415,-0.4554054170190304,-0.5036943113819727,-0.16041786841440936,-0.0730717726326251,0.6478105638152853,0.3519127080595752,0.9238385187424468,1.2385777596033638,1.2282943428867446,1.2124132180789968,1.1545697609471959,1.1759818458452311,1.1745604681391206,1.2611655847238785,0.9953286858233106,1.2265673028661184,1.0437323845172775,1.1495217306617775,1.3860031616373354,1.2822135293032617,1.2151537061645477,0.9858347588458447,7.254328619247669,1.1216855267869101,1.4478982990659346,1.4721800662062061,1.1637223227101503,1.0201442430224372,1.249898689134265,1.3540958810615769,1.1045002119405678,0.8431926722805189,1.6121427768184273,0.8525764108530336,-0.2914224150293014,0.25912476171943666,0.9882780816403504,1.1053712384917758,-0.3331145739956792,0.18798211616880514,0.5103889056183787,0.783692820149511,0.8813875555744622,0.4005429774284505,1.16829285868309,0.7382190569979259,0.4703405077956097,0.8978427077184061,0.8100667226775864,0.4135881931413609,0.40856768050779435,0.21128695648908977,-0.04013817766824524,1.0024084870309602,1.0014174606225597,0.3551937824203846
ROI_068,0.09878983781921877,1.3669007768867374,1.3556925556285104,1.6130790945429383,1.6634921831386267,1.510158737300369,1.0138574152816955,1.5786844473648483,1.673114249258341,0.9517156070211598,1.2459703970264409,1.1628634778958726,1.5378683241942332,1.435305788559647,1.7586952730479621,1.115197870778423,1.403672686471923,1.3925512386315477,1.6125355939998691,1.272281882588133,1.5265741084899305,1.0300735715794884,0.9053952935841058,0.891153939098133,0.5618130261296223,0.5803076877624862,0.8482535071810228,0.6525633377088761,1.0722144544365297,1.2754545014117544,-0.005127429723669914,-0.08579822705168813,-0.208702450383572,1.0769842800606477,0.05883017070696736,0.5116794781230267,0.3101041959148384,0.6305458502924389,0.8218472766676997,0.7611124447626472,0.6241554918193307,0.22906701467636473,-0.18356179689744304,0.07645875661209636,-0.6469579340574696,-0.2202102323500405,-0.20536192217159646,-0.15127878374368336,0.6568663491957067,0.3593947900748882,0.5686284131977016,1.437885221233644,1.2290201882208955,1.7331460714542914,1.6865219063883743,1.6291182855788453,1.6762048180703355,1.803184381067486,0.9961430385548572,1.5672477951523798,1.095026020250543,1.9481869862860564,1.863347483396574,2.149983976206163,1.645579319196523,1.580223348785993,1.1216855267869101,7.254328619247669,1.3773809128280088,1.4791222866150857,1.5293001145532836,0.9625059291161638,1.431221797342128,1.1612798379396323,1.1592969865969875,0.7421839055354978,1.280448484579285,0.8770902098395911,-0.516418093017571,0.08682460553126843,0.513343430642326,0.5247242243233972,-0.7914115511638666,-0.268492995946928,0.30472012920162117,0.3753409894576942,0.46242220095780806,0.33168804706605803,0.7461516032914399,0.37905052310591925,0.19554894699117598,0.8260263944535502,0.8936292131006325,0.21340199295950954,0.27617286125948964,0.1527939876166054,-0.12254975396577486,0.7290773676581891,0.9882665087820889,0.3639253961577933
ROI_069,0.2151253647315551,1.6306164918007826,1.414868091250695,1.3768154286558438,1.0951288577145994,1.0336203687792,0.7392612863083331,1.2893536598953723,1.2584777748972096,1.3463508089979959,1.2509757957554954,1.500579143190181,1.2539958669789593,0.9767003125956775,1.0737526578093144,1.5269512104544898,1.4020101681122985,1.3609465392396007,1.161536299752686,1.3072443471330633,1.1817117676169018,1.0243780981038841,0.8603444723651225,1.2095271644307508,0.8940822727413341,0.7948175808558393,0.9011780356938908,1.048535282143704,1.30337423877731,1.293120333980255,0.2499313197240699,0.14019722625217962,0.005496032415573974,1.4300767421253648,0.23206488965362337,0.593422949589137,0.5309157290901998,0.5623888029844373,0.5946824491577971,0.569499605984233,0.6596470052450951,0.23544625471227654,-0.18350730197567855,0.06365627887215981,-0.5159090360416532,-0.5509993237619568,-0.3370436041166412,-0.3440776641001091,0.4166292584344894,0.14501815049061725,0.7389446029896742,1.6822151342156921,1.806074949340763,1.4354458190609272,1.082180622772164,1.1869095676375934,1.5854475949138038,1.5236479438102637,1.5408554461595585,1.6527081592553876,1.6842143784370731,1.3625743275593385,1.6276793201021003,1.3766528313669943,1.4510208211990367,0.9631036349277403,1.447898299065935,1.3773809128280088,7.254328619247669,2.0516488062456055,1.3670993971894099,1.0746286529809856,1.514421268491677,1.4102532494098527,1.824752055321001,1.2214991664878245,1.651001837085443,1.267077136279839,-0.37941715027541834,0.22159563207143218,1.0657145409946345,1.0402112274916862,-0.4259125575534788,0.11664693585469635,0.6656555353600816,0.6922787230295901,0.7409992757148018,0.6253340714921445,1.1172836505779757,0.6379581060185588,0.3944646765718793,0.954016338927969,1.1764998599672658,0.5294025518089346,0.5198341187177746,0.3729324077253031,-0.19959627475883715,0.8759575831412073,0.7095838719165606,0.17597407760310818
ROI_070,0.2339217025410627,1.7813777498856864,1.6293017909821301,1.5920367121013426,1.2994989661044385,1.1954533719023182,0.9167688837703746,1.493355850471094,1.4024228201922644,1.3906135051758703,1.4007834260644243,1.6313596941069095,1.4876311595185887,1.2189635649605204,1.277829560803009,1.6831700881022422,1.663615554438273,1.7206937070150992,1.440357285398391,1.52622032465439,1.3690114568168732,1.2373683825904693,1.1065855525239336,1.2867830682775216,0.9491914780890066,0.8623680693125229,0.9108069718261796,1.0001660394371152,1.1860449709977658,1.4137578545894003,0.2485026103485489,0.17710971311347168,0.01472151710426565,1.6898456096183692,0.31914192351817944,0.648030308099656,0.5448726631296749,0.7036197445994127,0.7243687917948078,0.6798565692267722,0.7587762878484045,0.3130151501322157,-0.06546582006630454,0.09212199834162754,-0.4655809483578081,-0.49756429300779637,-0.2312252021662636,-0.23192449464815018,0.5367984221488532,0.24076370078553025,0.7891855380498054,1.705942372278161,1.7371243231439286,1.6100506312866731,1.215638522263419,1.313303648747256,1.7248290276925906,1.6636783300698983,1.3348817812934868,1.5996659687496009,1.4727018849802815,1.3841504484547502,1.7832327652272886,1.5794247050000152,1.6770792163892396,1.15226250856946,1.4721800662062055,1.4791222866150857,2.0516488062456038,7.254328619247669,1.4538959816492427,0.9547832507163962,1.4857667080930617,1.3598932131411683,1.5435212975035082,1.0273217879975478,1.8013399806058046,1.2557956112559534,-0.3931344631654888,0.16256433827141145,0.8836778273620683,0.9260051837954352,-0.5210623398142435,0.05071395869572234,0.4836153276502046,0.553707834068048,0.7411358946529479,0.5359519735078032,1.0449191041042665,0.5218728025948295,0.3126899718466449,0.9006617916874621,1.0363098711188574,0.47028048782435666,0.3995742370819011,0.32134291755715005,-0.21022065462638267,0.7657414963249417,0.8054025657157894,0.24183129361280542
ROI_071,0.15080080475501167,1.5781942524656487,1.4487708934091923,1.7453581093721047,1.6241026266071308,1.4962541870962909,1.0921092744871406,1.7929652871823627,1.781425959678928,1.0933953876342446,1.309863992313759,1.297239843530035,1.5584878171201568,1.3548902101259506,1.5053933076327806,1.3040767585684443,1.3288552641574638,1.4933456746316776,1.4014834199157316,1.4322969544785564,1.7253993422102247,0.9990518211211291,0.8237156708613115,0.9172044043787678,0.627217264225304,0.6108864213782489,0.8591848774835537,0.7320697255522782,1.1184006256740715,1.253336797926844,0.05211088042923124,-0.046914196881495465,-0.07241102867406769,1.1359242581316675,0.14099752792870993,0.6181803990245973,0.3655512144204538,0.5858639060976882,0.7740154977063856,0.6912706693504216,0.6099181983532184,0.2137356522313561,-0.20655573936656135,0.10963724780941467,-0.5412987129424084,-0.3155766775035619,-0.19241728164703178,-0.1549241281413967,0.6950577210467545,0.3259270007956988,0.5827820255767141,1.5514335704502609,1.4392765831762098,1.789470047043036,1.4736287011901805,1.6762068872235478,1.8126589422648245,1.9713447243356972,1.0777162883926108,1.5369515165174883,1.265574737982055,1.6118728672828135,1.7690815128256203,1.707362795689825,1.9139337353808035,1.3308730030033495,1.1637223227101503,1.5293001145532843,1.3670993971894099,1.4538959816492427,7.254328619247669,0.7998458217330507,1.1451168527997717,1.0545539921409308,1.1858548441748578,0.786561930539459,1.3913689161363736,0.9380298776612084,-0.5948982268336132,0.011909877421379118,0.584863000411768,0.6436774950133591,-0.6915835420682581,-0.16197691353730884,0.33202490119124983,0.3993435315331551,0.5518227531062083,0.3761563394515229,0.8676993354304344,0.36226052188094365,0.2376924484977867,0.669206627073669,0.844011211178891,0.21610002679820645,0.2497372460464964,0.23499595976014362,-0.2035416131547378,0.6840693829608766,1.0349901286217318,0.37095312646946665
ROI_072,0.07109949498207475,0.77874923809215,0.6928256077362629,0.7577572485801675,0.6895377551257952,0.6551560823552556,0.34400761461574453,0.695084433608129,0.6829810318027574,0.6753755779268343,0.57881325634437,0.7421599890961956,0.6290382441585957,0.5776395602577957,0.7598492184971137,0.7587603132226388,0.8138673483643769,0.6972482186770466,0.6600108138978008,0.6466365355197015,0.6169489774757538,0.6796567046747226,0.4148032568000987,0.79581451935284,0.5146076760583469,0.5080080823937247,0.6145062690100478,0.7632246648295663,0.9368338598407987,0.7871439525624824,0.1016790275136223,0.00040098494814312565,-0.17817679198137118,0.744823964730043,0.07136288495653238,0.2238114672759926,0.4231560841739726,0.40427837228068697,0.4033770373802349,0.30625876509544564,0.24198836539837446,0.1852080763265532,-0.21163759906670443,-0.05032578025032701,-0.7185337723731786,-0.37613197647254115,-0.5774536176663364,-0.4220860255986749,0.24438858780686679,-0.07926461084592783,0.6853356052374174,0.8986697844417982,0.9190201816831819,0.8479766926342198,0.7687312823956393,0.7728116369923268,0.8857603143277023,0.8244215973809008,0.9907001946829498,0.9835513006341872,0.9222689832839414,0.8835052280362315,1.0204712024522358,0.9598912084556179,0.7824803194641701,0.7184135007210566,1.0201442430224372,0.9625059291161642,1.0746286529809856,0.9547832507163962,0.7998458217330507,7.254328619247669,1.281332570017394,1.369227026047604,1.1173145294610147,1.1236685386895267,0.8984350958251761,0.8840786072610579,-0.32784417663224036,0.40801801264469756,0.9023664377776965,0.5887535685841245,-0.40991442389415,0.20687325591602002,0.6569261151501757,0.6747567515887138,0.4971229782083421,0.5490531154113193,0.5480467832522841,0.535727441050345,0.5081712340198843,1.1154335810715912,1.1619152813745461,0.5309270934507667,0.8019109285276599,0.29075534368063793,-0.04305401142258574,0.7978493790449139,0.5403053770811022,-0.10273354730526514
ROI_073,0.1089901930759189,1.1179250325286092,1.0869867960668627,1.1184920016335855,1.0436259813531734,1.0053125975562243,0.6784814866045482,1.0516030169634611,1.1012415464867187,0.9372106415892683,0.9984038372495396,1.0788594087404626,1.0756273255033486,1.0006271273171867,1.17548546214324,1.0496314010041337,1.2048006823341764,1.091392008403964,1.1315847108334494,1.0382207450388679,1.0052193636447613,1.0395747264288684,0.9093181586901424,1.0442301054033136,0.6139741566208602,0.651266079932348,0.8798397194747185,0.8084154141676427,1.0408171385327067,1.1940160668290167,0.09148003628626748,0.025719431701358746,-0.15691151535648357,1.1007009128878877,0.15977270924895498,0.46773003547771835,0.555740520121659,0.6038669443246575,0.6230618971767791,0.5971723001292194,0.6055555880348258,0.251438241944577,-0.1301608768516981,0.005895556006057075,-0.65666611364937,-0.31933597609702175,-0.28936447751522787,-0.17314696466235857,0.47397097278780576,0.1858719693964695,0.6558019663966977,1.3335562694797014,1.1758095657380294,1.1996873862593291,1.0988840787275707,1.2169549261416632,1.2416079148955437,1.2356996564471734,1.1491699667754478,1.3636037317435974,1.098996341630739,1.260970360679582,1.4153772004425604,1.4210298924852143,1.2375333802527408,1.15917684698601,1.2498986891342654,1.4312217973421273,1.5144212684916762,1.4857667080930617,1.1451168527997713,1.281332570017394,7.254328619247669,1.418246780804629,1.2829329147896276,0.9713577062723965,1.2842896212597281,1.0272051232041048,-0.4603052911491521,0.217388127386386,0.828816168387505,0.7205235034447767,-0.5648397805017726,0.004085376827922569,0.5453956439286701,0.6345616990212598,0.582807685110709,0.51824746843804,0.8332422048365273,0.6334748668125393,0.3213582416936506,0.982328220331807,1.0960453228735618,0.42488316485660144,0.5108449506943148,0.22125853407617735,-0.033051598131036065,0.9948683154627677,0.7648440976919813,0.1823828453503111
ROI_074,0.2180911406221408,1.1166731524636981,1.0653148558638492,1.056133817405707,0.9412007052611453,0.906020320927344,0.676732284203936,0.9927606868069897,0.9579589659642741,0.9851670549599791,0.8743794602707393,1.056564652826444,0.9178135561394873,0.8389700634643743,0.9942106502831873,1.1618219228628792,1.1067694893670308,1.0780942456284115,0.9547982638763586,1.1104970450663671,0.8795265316599643,0.9847566825546393,0.7599108731940676,1.123922654623546,0.7645509506413851,0.6943686943481178,0.8438123007170355,0.9623195143233121,1.166781328046508,1.1350129505214444,0.2635535027996445,0.20275189318905695,-0.014558434524300168,1.1676604000471325,0.25381737397120213,0.5488793534978599,0.6008549053950544,0.6431405364178064,0.6372097992335377,0.6306078689335117,0.551990106635991,0.3070927777756091,-0.10313318758488398,0.14652703626067143,-0.4991016911862667,-0.4324463358208632,-0.3711565464929907,-0.30434628290083054,0.46599638878600774,0.1767771430277572,0.8331831825575174,1.2071002711326326,1.261492243090035,1.1501111060025564,0.9752744774357814,0.9991079557357435,1.152373699017178,1.1191918039088278,1.1677427213192815,1.2007437404005488,1.1621161907394089,1.0064269301502102,1.2599780439834956,1.182054764192037,1.1270441690809174,0.9052932857044099,1.3540958810615769,1.1612798379396323,1.4102532494098532,1.3598932131411683,1.0545539921409306,1.369227026047604,1.4182467808046284,7.254328619247669,1.2912345227996034,1.1336033108173014,1.3233590670976438,1.163119700576955,-0.27444738614457553,0.3198277234178088,0.9930930395852797,0.8140837170251501,-0.4360296021994938,0.18426718573138745,0.6309467869563591,0.6385670439074188,0.767233256296126,0.5961248413854902,0.9222115018175798,0.6155458314810961,0.5087343803649493,1.1873273006741423,1.324373026333465,0.5976845449844428,0.7049478744945664,0.4132585417485299,-0.030138395564669324,0.8449293953717746,0.7787877315049649,0.13817733683042288
ROI_075,0.16221546072750423,1.5395020751428778,1.1504620215064127,1.1986134595639453,0.901706730777544,0.8217439397853648,0.5878021702101869,1.1614608641660387,1.0471058606011352,1.5050348169799774,1.1138219558876108,1.5871550415106417,1.0572358635742813,0.7979266737138198,0.8874914294091334,1.4836982694664722,1.2788460090775395,1.1845693779266846,0.9961846418863051,1.0434500092595491,1.0153431811480103,0.972683629940898,0.6858935752524625,1.2812118309522902,1.0426888183974097,0.9423705698152302,0.9183168780336395,1.290722063505272,1.445473532667757,1.2852510046209518,0.3479010367789876,0.1353254915413424,0.00678289688981776,1.242965044869287,0.24442219077425817,0.4650485065334371,0.4838666548042227,0.48259621607626974,0.5804199430519056,0.44689397199291675,0.4294983535031984,0.3172838484669426,-0.1529606610840237,0.09003708518494341,-0.4841170251096362,-0.5990043758681692,-0.5040836236144295,-0.5209221966706384,0.26103731327589963,-0.04219672382742324,0.6543356640595999,1.5823772391317086,1.7100213592101703,1.2160756780347257,0.8701790852282123,0.9710426504659402,1.4683554398926018,1.2646861391618727,1.783067129920382,1.548715485296339,2.055810352517736,1.1264558145558647,1.386578163988477,1.107561116801569,1.2375104005506177,0.7995323198441567,1.1045002119405678,1.1592969865969878,1.824752055321,1.5435212975035082,1.1858548441748578,1.1173145294610145,1.2829329147896271,1.291234522799603,7.254328619247669,1.4898240639691118,1.3942452603040625,1.4578485113014714,-0.34758773924979375,0.17638415599287738,1.0427566884933839,0.8653206005002672,-0.41244490878778073,0.17570788793130482,0.779612905496776,0.585206020892859,0.6813263689357041,0.796125360667128,0.931487467851043,0.4795035179298209,0.3661118546739608,1.013233925365483,1.327823322231683,0.6086263012309798,0.6084107118009594,0.5110680752251958,-0.2812073532086687,0.7526844858501438,0.5096479766404515,-0.011350899847856852
ROI_076,0.20143086073886377,0.9850154111670947,0.7267982992695262,0.7803085724209065,0.540355601447117,0.4888187364536945,0.2786720060117217,0.6862854299592273,0.6343309236692083,0.9823544415893255,0.6656277330754206,0.9533290499530827,0.5796084883522162,0.41760689270704443,0.5233332333570159,1.0200684090409022,0.7581034013808652,0.7137549636281671,0.5677548380084458,0.6905446994508196,0.5875117510861798,0.6249102551429507,0.4075664405583015,0.8994221564897927,0.8850949914315832,0.7284887027950382,0.6274317975817132,1.2830353310396154,1.1150289453873459,0.9138348656789043,0.40381496942255124,0.2490973939577631,0.0005498208430129873,0.8601061213643661,0.17707077390518652,0.3298882884045782,0.5398827643926893,0.38600379971524235,0.3259534751152157,0.22442447952502562,0.2249367809091014,0.2866144859979628,-0.17178115604468439,0.1501526256623748,-0.4312481190513066,-0.5424845161846072,-0.6304512231219774,-0.7148182825160615,0.07050957939626597,-0.1676817332562895,0.7539324012485776,1.037513866648972,1.205879833550919,0.8220804538887667,0.5245103829157787,0.6147234814188259,0.9296704764319043,0.7825959166787453,1.5984653979169203,1.066167783134485,1.402882159868311,0.7355310626885355,0.9284784750981414,0.6995235396448116,0.7966360444915401,0.43987631896577517,0.8431926722805191,0.7421839055354978,1.2214991664878245,1.0273217879975478,0.786561930539459,1.1236685386895267,0.9713577062723967,1.1336033108173014,1.4898240639691118,7.254328619247669,0.9142480855360542,1.4069391848236459,-0.16522190447939852,0.44414153277645835,1.1239990463641074,0.818762812362157,-0.2017097059970851,0.3558895999587086,1.0320974510823817,0.6355368625951903,0.5963905166863538,0.9428923877299009,0.6829078168917199,0.5334824014550846,0.5829685842351753,1.1171266358734386,1.3260020855071948,0.9154893738192242,0.9216593355927564,0.6763270428515898,-0.172551181971652,0.6388440377587521,0.3418505959515055,-0.16652564033586806
ROI_077,0.2774593367047593,1.6232697252345658,1.5647025334935138,1.445371646902553,1.228518621445756,1.17759355698034,0.9596674477774143,1.4161738214725152,1.3531658908412485,1.2609170164377195,1.3698717208076485,1.4628490531322402,1.4056258408290356,1.1183030678096277,1.1651434656053163,1.596822148451587,1.4137729548016047,1.542889145747424,1.2396984912991456,1.632305440067946,1.2334350215906758,1.1880706344060827,0.9637025548346418,1.1798038940577877,0.8770812005961268,0.7444058462984905,0.9252032472893413,0.9949819430433077,1.2503277384747717,1.2672982684033618,0.27275113555589625,0.10976845312445316,0.07331686820598247,1.5961084567835864,0.32940508809466196,0.7991620753752847,0.5923236014197676,0.589798167917805,0.6869209941217577,0.6694349922423698,0.7942225699281001,0.2958218512817018,-0.11825568095675934,0.1466701251039682,-0.416018844047729,-0.5406661812971798,-0.2061597028691299,-0.1876051619881106,0.6018726909704932,0.2728706841922721,0.7536289919626312,1.6732246599452292,1.5949973398218573,1.4670247034917798,1.223297591903029,1.2669704847824552,1.554172666632483,1.5997238952113824,1.1838267098661488,1.4971375433035132,1.4148615735118888,1.2632442092451626,1.5896202686923366,1.3503280328747962,1.4647186971461377,1.045678878515774,1.6121427768184282,1.280448484579285,1.6510018370854436,1.8013399806058057,1.3913689161363736,0.8984350958251763,1.2842896212597277,1.3233590670976443,1.3942452603040625,0.9142480855360542,7.254328619247669,1.1140323718933272,-0.3967411769644341,0.053723697350499644,0.9536005405400955,1.0317085923508968,-0.45033837878095795,0.1190998077817096,0.5143497730403127,0.6343629536293148,0.8235834012726759,0.5858902605608666,1.2566162050906318,0.5663080679193792,0.33338479301541796,0.8264069431930814,0.9535875848682033,0.45083695882644176,0.4114895296458634,0.3449525241819086,-0.12312567486892059,0.8391775955757256,0.8589715388953183,0.29631603927762695
ROI_078,0.13679826245879842,1.209608449066682,0.9585180194370437,0.9699092833084996,0.7047999093677152,0.661483957542882,0.5170525908145179,0.9186968573719707,0.8256468677372852,1.265214324216754,0.9729155555466739,1.335972205363606,0.8687997333792085,0.6760124999536228,0.71212920708591,1.2722453714369306,1.024538904743879,1.0107220349358876,0.8399410793004338,0.9311824923412206,0.860478748208397,0.9010761585555183,0.7269888266818902,1.224218661575281,1.1846169390969996,1.0183205407722171,0.882621934420948,1.3565914575473748,1.1601848035654887,1.2759503563899708,0.47039469937583495,0.289085238964312,0.07719055122498744,1.1064745131638738,0.34478914742041367,0.44919992809447196,0.5158223340450906,0.5033079689555134,0.6061540636147305,0.48683540564732075,0.4188273585375988,0.5191078419433343,0.04650384100275145,0.3259272159702937,-0.29916553539912805,-0.5022901890146367,-0.3949975962903369,-0.4787837523860584,0.22104786891231987,-0.04612837379182055,0.6448186619270443,1.1931859674733845,1.3322183217291383,0.9743227268480507,0.6568152968083635,0.7422947808274724,1.1097822194039764,0.9535401047008752,1.4075137013099195,1.1143465830137778,1.4295403932555177,0.7970152085121502,1.0161387289222337,0.8437783166548796,1.0021265216068018,0.6290970672116788,0.8525764108530336,0.8770902098395911,1.267077136279839,1.2557956112559534,0.9380298776612082,0.8840786072610577,1.0272051232041048,1.163119700576955,1.457848511301472,1.4069391848236459,1.114032371893327,7.254328619247669,-0.23640014550588248,0.22917191996573608,0.9148550647282238,0.7191800446709306,-0.31712425119154886,0.235817152459789,0.741610954856162,0.4405241593862864,0.6277967072284295,0.9847805883520863,0.8000136671668666,0.3625113876650987,0.37474459969149426,0.9085459798761691,1.2209875075875964,0.7617260829242752,0.646920538510119,0.6653856068525803,-0.21182506881613483,0.5565222172765434,0.4522740063393238,-0.038809300870836755
ROI_079,0.2352803763779672,-0.39618040209168587,-0.38229957743045256,-0.46851341584029665,-0.5105400039548792,-0.5472729270633349,-0.38232910479561255,-0.508206107753178,-0.5311824018772607,-0.3438083721107446,-0.48388597204196576,-0.4612819628008306,-0.5569975874084436,-0.579267321112615,-0.570919044221908,-0.35128932537929336,-0.5245915519175363,-0.4357155128125041,-0.5796321281849176,-0.3241531701700317,-0.5006851753785329,-0.4722080012863291,-0.31369901209449835,-0.33510354365639133,-0.03700937606304633,-0.3116765790915391,-0.28589782247431067,-0.14353793815073315,-0.3057033828366401,-0.38660296330721744,0.3472827761694771,0.4237045810095006,0.3588956382006874,-0.3016076706541799,0.12975689106227567,-0.029650625525189437,-0.010737454916046434,-0.10609765664625422,-0.45271950536496824,-0.3701632495282536,-0.24390402258003344,-0.13763229947255257,0.04539724073015147,0.31010749293869755,0.7901534711766879,0.11324841580959208,0.00939945969895388,0.016056957761380466,-0.25009060865504573,-0.06677430221213904,0.04535163785204308,-0.44420377136933453,-0.3586969353975556,-0.48319439374139905,-0.5239158993197487,-0.5910497677481797,-0.4674574817254389,-0.5362572762712263,-0.30021123325279375,-0.4409344598011532,-0.33621741513323916,-0.5574790591815476,-0.47098242508363464,-0.5706977120646035,-0.43341607095405665,-0.6230968906507486,-0.2914224150293014,-0.5164180930175709,-0.37941715027541834,-0.3931344631654888,-0.5948982268336132,-0.3278441766322403,-0.4603052911491521,-0.27444738614457553,-0.34758773924979386,-0.16522190447939852,-0.3967411769644341,-0.23640014550588248,7.254328619247669,0.3571001918863539,-0.09886618636511356,-0.1179010375505504,0.9760256742627424,0.34697203140615174,0.12617636431579368,-0.16045666170471432,-0.0976247322842146,-0.09374275796241631,-0.17926051719767297,-0.09817443591122661,0.29802173672677185,-0.06498908648592032,-0.2855202831252778,0.2426262651505111,-0.07884245727109263,0.24454124373186278,0.18393589586885326,-0.2114279806583843,-0.36126530309779703,-0.13259293068477526
ROI_080,0.2607521759306917,0.041309623809632844,0.07941540055397198,-0.003489008023329904,-0.06302276599149531,-0.05251240399936249,-0.18241282191567681,-0.09959197619303045,-0.057666135873884,0.05592537960196742,-0.09376255777663245,0.00018714858204122678,-0.11415138266538778,-0.14503940943375013,-0.04996992539388157,0.07822048918783756,0.0210282544378465,-0.046242714708133764,-0.05286941172526854,-0.016588545533000064,-0.08691933638960253,-0.037913476995920944,-0.010985118124829663,0.05105479798209024,0.13398356638327716,-0.02438986393665142,0.05216640819623042,0.16985641480643693,0.12869298509601873,0.014942671584271169,0.10971522409558165,0.5083586586028026,0.08410519570887144,0.10477389973218248,-0.020429740288128308,-0.04669354426044721,0.2626302453778775,0.32594273344428576,-0.13909881173919972,-0.0654567383145181,0.08515283176619054,-0.05872422201066543,-0.07220747149557519,-0.004121935712984843,-0.10431954108301254,0.022413920804664953,-0.1376424568624202,-0.20522832607606167,-0.11587141007547865,-0.005052133767137538,0.5627800011280583,0.044736225362707244,0.15942054764404967,0.03791368710108566,-0.04984952162021547,-0.046148291836084016,0.014232550346112588,-0.0011104621960156148,0.3151087334630319,0.13429399088889746,0.1578325367523749,0.06767077678749366,0.09713224292450684,0.058456465489797375,0.019518893272539466,-0.10031961466000368,0.2591247617194366,0.08682460553126845,0.2215956320714322,0.16256433827141145,0.01190987742137912,0.40801801264469756,0.21738812738638597,0.3198277234178087,0.17638415599287738,0.44414153277645835,0.053723697350499644,0.22917191996573613,0.3571001918863539,7.254328619247669,0.3685231214640937,0.28039757513197794,0.2666479582015004,0.26766927563286885,0.49139025395536173,0.3822678803992725,0.32717483359288013,0.23643336223778055,0.07915151793093288,0.4973010806245452,0.6341656544240118,0.6075012180869279,0.3481786930964639,0.5340197458580961,0.5404687815523228,0.2472880161851638,0.25436391347077303,0.29409594996681604,0.05913207124935344,-0.046299973553775166
ROI_081,0.31542009761998724,0.7543932131966806,0.6938300628491888,0.5602242322537437,0.39681440412147867,0.3860856367198206,0.22875485532856074,0.5183088756047013,0.48204190061645985,0.8810282132022362,0.5716296065882267,0.8101572750219496,0.5095550170886298,0.34012438749266843,0.38568226800232547,0.9297245099077219,0.7010929788264888,0.6399455952366401,0.4380624786909736,0.6499627637600812,0.4507851107781225,0.6207137383854104,0.42394299721441653,0.9349305059022909,0.8861767682020221,0.6387347066448352,0.6232646390931597,0.9872763014525978,0.8339243713006544,0.6355657275522604,0.559178976108115,0.3409824548093267,0.3073244722412326,0.8922646655366384,0.44219073822213517,0.47042798219220094,0.6957430165352141,0.3113810364102682,0.21522197251895936,0.20653661820067648,0.46189924958249245,0.20186933984744057,-0.09878697124346784,0.05234308206345271,-0.21861785324814273,-0.7615611820130603,-0.3999767457009571,-0.4429611770619009,0.08186116194841848,-0.18219100253897497,0.7770338793994529,0.786037996268093,0.9709976201494155,0.5921930857299379,0.41845247831908816,0.49255555856296973,0.6617568817858325,0.6246002192040121,0.9895477525252587,0.7062596823358145,0.9842463591299754,0.5261385972309455,0.6957279436069128,0.5510303217758619,0.6037274332716923,0.3216265716509124,0.9882780816403504,0.5133434306423261,1.0657145409946345,0.8836778273620683,0.5848630004117681,0.9023664377776965,0.8288161683875053,0.9930930395852797,1.042756688493384,1.1239990463641074,0.9536005405400955,0.9148550647282238,-0.09886618636511356,0.3685231214640937,7.254328619247669,1.4782458238108196,0.05066117991606212,0.725111221072116,1.0391863392949916,1.1442907155094935,0.8743375510614052,0.8522489701431664,0.9676859747309888,0.8841744537590621,0.6345876216018904,0.7630101651891356,0.9799013525222166,0.8211106037572532,0.8833630463365831,0.6074467259240567,-0.04560010698099506,0.7623662182039295,0.2831391047919484,-0.1226936918597013
ROI_082,0.43493648017125996,0.8207369730324946,0.8504266481290234,0.640057676497266,0.49992936889703476,0.5180448263367632,0.3974406072844073,0.5923694807006235,0.5962722695106979,0.851629832723014,0.672384152527554,0.7873062227694962,0.609537583816731,0.4309372751663244,0.4392181556221092,0.9701202567042575,0.7117038802894198,0.7158382334970258,0.509105422089068,0.8123082843792214,0.5305628267081911,0.6123194212412184,0.5327104386822542,0.7725641695999985,0.7676565318435671,0.4991516714638789,0.5432732002208776,0.7788648148652056,0.7275814058626596,0.5774682861042026,0.41646130232557926,0.3140061247491242,0.29593753962925967,0.9622985236070842,0.3964575120679182,0.7156270203208929,0.7341031056630015,0.3592690929915621,0.1989848465516126,0.2907306685207851,0.729982667542923,0.08008962088530842,-0.17388164133805312,-0.0016996638669425671,-0.19709905944446868,-0.736609247763786,-0.14907762296417854,-0.23972078203453026,0.2500594367053439,0.10825291331793521,0.8186937397968824,0.8350231250606969,0.9540543138584943,0.6537964783138751,0.4999890369267207,0.5854291906181859,0.6835797655431879,0.7110520888222678,0.886104311498686,0.7444912704428654,0.9142999738286065,0.6072908826854471,0.7057655494936024,0.5791082418296122,0.6706433841469425,0.36942638015906293,1.1053712384917758,0.5247242243233972,1.0402112274916862,0.9260051837954352,0.6436774950133591,0.5887535685841246,0.7205235034447767,0.8140837170251501,0.8653206005002672,0.818762812362157,1.0317085923508968,0.7191800446709306,-0.11790103755055041,0.280397575131978,1.47824582381082,7.254328619247669,0.03154205901358984,0.5171556410047528,0.7398781905793852,1.1291945111032033,1.0062612287354824,0.5979420211587421,1.268107931169554,1.0719661751113887,0.5575857352914146,0.6341773126993338,0.6794695565193005,0.6079047932629214,0.5353260206390941,0.4247086540905481,-0.03749430607304342,0.8237367461079353,0.40019805169505557,0.15263665509684904
ROI_083,0.19723154058016348,-0.5444233037561806,-0.47518299363118427,-0.6921324438586686,-0.7904641970622881,-0.7405048007044203,-0.6243623977825744,-0.7175577635988846,-0.7047618742122501,-0.3689683241613383,-0.5909184648184331,-0.5211189871052565,-0.7217015309973127,-0.8296677125279945,-0.8566988696889243,-0.45144891933633957,-0.6772414845833886,-0.6156541075615195,-0.8423430835525505,-0.4693140582697434,-0.654619525739319,-0.6632970202830136,-0.4875380395586933,-0.4070204106130184,-0.12608186277248462,-0.38216684877505347,-0.3012008699396011,-0.1740563850861374,-0.41857430403895685,-0.5935012219244253,0.3042388190149545,0.31731369048665725,0.5130831637279375,-0.40695923946690227,0.1497362473079963,-0.054974901175359026,0.02554775671214361,-0.39504050724247564,-0.7270272775726079,-0.5720133962363894,-0.2345792985606679,-0.2460295690787415,-0.039802024253216856,0.21796735770548284,0.8701960676599637,-0.031299874537453136,0.06750158278932138,0.06304452117382532,-0.4316656897298704,-0.27804947427175125,-0.07661557657241952,-0.5514172061469412,-0.4371746677041472,-0.7092912087436897,-0.7642553665856353,-0.7160544384275599,-0.655422092295053,-0.6941075460724404,-0.3324620902619176,-0.5879161658769169,-0.3796103025135079,-0.7330373175966913,-0.6310137733365769,-0.7995859240498715,-0.5961849801027621,-0.9291211938129226,-0.3331145739956792,-0.7914115511638664,-0.4259125575534788,-0.5210623398142435,-0.6915835420682583,-0.40991442389415006,-0.5648397805017726,-0.43602960219949377,-0.41244490878778073,-0.2017097059970851,-0.45033837878095795,-0.31712425119154886,0.9760256742627422,0.2666479582015004,0.05066117991606212,0.03154205901358984,7.254328619247669,0.661550407719025,0.3137280578833887,0.10694489557263638,-0.023536919319501252,-0.028757630162195402,-0.10957348300268299,0.08389307210777189,0.29663834438917275,-0.2911136743818594,-0.37417789091902715,0.16971905304954787,-0.011712842379517441,0.2448176556814369,0.2081604272934946,-0.14315304174444665,-0.4974060308305535,-0.22059488013988085
ROI_084,0.2589645187953721,-0.0364592158987236,-0.038540942619706114,-0.17350740979206392,-0.2949291244069107,-0.30322082732490985,-0.3209976017823814,-0.18621458661062895,-0.26914493990875027,0.18200401222418364,-0.11764398027779949,0.05808337903945455,-0.18870041971569773,-0.2837522238285267,-0.2839704991526314,0.1311558251686122,-0.029776381713494324,-0.04876408033822947,-0.26206825819881263,-0.05031948808299106,-0.23023410856385607,0.03032195327267705,-0.060025890731251724,0.24946292522449073,0.42837786120117166,0.20912179604393566,0.03711926744526724,0.3940579017090689,0.11923851720884113,-0.04544986820388822,0.6461945162996763,0.4804318699204994,0.6248938569083959,0.16737145711275925,0.6275592056000152,0.07549003351961024,0.4162116606940588,-0.06556074941262904,-0.2556360557404285,-0.2938674168634849,-0.014922213513804187,0.04490586356037532,0.1438242983953899,0.07512954469842192,0.3274884380399346,-0.48543639362945384,-0.18699235424440092,-0.2684426269794999,-0.32859488812156074,-0.47630262699767917,0.2710644132197778,-0.05123986317502806,0.09404578687741394,-0.18040491202415246,-0.2888466649537,-0.26122641505524763,-0.11953996668595727,-0.16644703051211657,0.18141417718009914,-0.06890890455715966,0.14182856539338648,-0.24477147312496336,-0.08393078728966136,-0.20506221708459565,-0.14599784526758555,-0.3247056995897073,0.18798211616880514,-0.268492995946928,0.11664693585469635,0.050713958695722344,-0.16197691353730884,0.20687325591602002,0.00408537682792257,0.18426718573138745,0.17570788793130485,0.3558895999587086,0.1190998077817096,0.23581715245978901,0.34697203140615174,0.26766927563286885,0.725111221072116,0.5171556410047526,0.661550407719025,7.254328619247669,0.5663168922610448,0.5680126296210453,0.3510162672190917,0.4842017191854059,0.2374698650726802,0.3040662611922143,0.4528678561986105,0.1294340127278578,0.2034986855567184,0.6029092671958881,0.5408905439889445,0.5471534659143521,0.08478679715973854,0.11674484127586911,-0.27295008019824984,-0.4757082044581364
ROI_085,0.23158460467108655,0.47647041729343886,0.3959918316240022,0.2978858549440642,0.12654290538738427,0.15009977450058018,-0.013559388579798631,0.260393919377248,0.2655403949066194,0.5835587838432738,0.2928213230971489,0.4898898220505709,0.19488092989773853,0.04452632821390854,0.12281207106306379,0.5238015382720479,0.3240851634552313,0.2842658324332923,0.15810884876738085,0.34580413522071335,0.22725045825888562,0.23236322162427886,0.12090675763935392,0.5157788888269137,0.5816077108045323,0.3852357987687337,0.6019695103686634,0.8714132584713448,0.6715996994411436,0.44297295031869394,0.4408627930565692,0.2874601468864289,0.20785834310360435,0.4538241476077824,0.16251666687737254,0.310306257211769,0.5435001784514985,0.08433630966305737,0.008214842796283248,-0.016064082798858858,0.11501753856699397,0.14584826076292576,-0.267531582547319,0.2400551839428862,-0.05210450489047893,-0.43114598121755326,-0.5010312752340839,-0.4931352214197284,-0.11276099283335778,-0.31082447063323126,0.49574500058781407,0.5429202490730703,0.6153988914899888,0.31929605560073837,0.15688865534366025,0.25015648544886887,0.4149247232596429,0.34029470057948824,0.8510138402301469,0.5113475791924588,0.7478221120778824,0.31133614422868716,0.409140493578758,0.2520131656836696,0.3760526067916029,0.05667046082560007,0.5103889056183787,0.30472012920162106,0.6656555353600815,0.48361532765020465,0.33202490119124983,0.6569261151501757,0.5453956439286701,0.6309467869563592,0.779612905496776,1.0320974510823817,0.5143497730403127,0.741610954856162,0.12617636431579365,0.4913902539553617,1.0391863392949916,0.7398781905793852,0.31372805788338864,0.5663168922610448,7.254328619247669,0.7859568300125018,0.6067428140183012,0.8810105337257593,0.6467261414728652,0.6441664256803653,0.6438024541648192,0.7101009524313339,0.7947839841622771,0.7509934805614746,0.8320618928255435,0.7502525791296979,0.040890724394641254,0.7012348425223424,0.09539423176848551,-0.23745183642490375
ROI_086,0.2656420899152262,0.4085508392112823,0.46382344227158784,0.32605697122372684,0.2613354248187521,0.3020916391905627,0.11814220223264307,0.2867687292469585,0.33282049528743246,0.44306120754893025,0.30537643527309544,0.41471122472095023,0.3161851647445733,0.2115352784661416,0.28050533385412724,0.5208849872977083,0.44447282205944083,0.37290069783232516,0.280057713847765,0.4047545284025518,0.2715799385668918,0.39078175232066115,0.24775332210312478,0.4871490355412498,0.40174211480343386,0.23184925008540214,0.3812315098205441,0.5203365337809962,0.5050359503395978,0.3187504471754146,0.24001197484240847,0.1753113033853323,0.19790160138055374,0.565235308686396,0.24811359681618927,0.41565468940799716,0.5832036061492715,0.19971198891385802,0.07357857426973474,0.1207780142791339,0.5166605780606044,0.02699751477346494,-0.13135966278573244,-0.13266058898642788,-0.251584206482017,-0.3627658896598632,-0.05376356250494173,-0.23506085230431806,0.1240096111406158,-0.03482056924975186,0.6190901165483694,0.4884564351498584,0.5538285836588132,0.35406828848997846,0.31641046599204625,0.3976404495466803,0.38781344139016205,0.42848919572657806,0.6049458712833989,0.4770802564905642,0.5458702290136744,0.43474373801490757,0.4738064876457632,0.4147802838269863,0.3690521921002254,0.23961598484520824,0.783692820149511,0.3753409894576943,0.6922787230295901,0.553707834068048,0.39934353153315516,0.6747567515887138,0.6345616990212598,0.638567043907419,0.585206020892859,0.6355368625951904,0.6343629536293148,0.4405241593862864,-0.16045666170471432,0.3822678803992725,1.1442907155094935,1.1291945111032038,0.10694489557263638,0.5680126296210453,0.7859568300125018,7.254328619247669,0.6346922004496415,0.5621115745413421,0.7137254760535857,1.186824127390507,0.5693870969088861,0.5707540952620781,0.6154966014992223,0.5423963800599922,0.7891912734779034,0.3760197788356055,0.3314445766232228,0.7374620622167587,0.2600338574303176,-0.00945984558801225
ROI_087,0.3526050495080496,0.6610101272010622,0.7482540444883813,0.5372638002400891,0.4441615013578068,0.5042008820888748,0.4618157910253295,0.524051022502489,0.5280745311944331,0.7441823301358637,0.5568367923373404,0.689887222326792,0.5195248900756345,0.4241842831289901,0.41894461774581404,0.7626926964505633,0.631159510294619,0.6189168284925453,0.5328736789627491,0.7509569699417218,0.4934958319046628,0.5888983966497122,0.5915465610511759,0.6684261785345654,0.6470756440890263,0.44476857816571486,0.6415856179888653,0.6680500678575833,0.6205342804584628,0.5344882821177487,0.2728321550124874,0.41345224060956526,0.27812220541721033,0.8868009678886656,0.37095481065361824,0.8061874973265071,0.876056119659052,0.4493406710590416,0.2717479352181427,0.3941279633028608,0.7016121335442679,0.1381588406819026,-0.12170001561815397,0.047807121160908086,-0.09303296017523296,-0.5646487242608834,-0.08837893405445475,-0.02828437857796285,0.31753258981442284,0.22609268007411487,0.6508097691935718,0.6741265443582021,0.6963692450746659,0.5545364552357843,0.46184740940178826,0.5013814325311804,0.5653668696855401,0.5793870000170755,0.6801590225331245,0.578327360556956,0.6739359423663752,0.45027628614758664,0.5682652522996078,0.5089990879511924,0.590516990689527,0.38509695424697493,0.8813875555744622,0.46242220095780806,0.7409992757148018,0.7411358946529479,0.5518227531062083,0.49712297820834217,0.582807685110709,0.7672332562961259,0.6813263689357041,0.5963905166863538,0.8235834012726762,0.6277967072284295,-0.09762473228421459,0.32717483359288013,0.874337551061405,1.0062612287354822,-0.023536919319501255,0.3510162672190917,0.6067428140183014,0.6346922004496414,7.254328619247669,0.49447597562087414,1.1185528702879721,0.7181853375029551,0.3316603190139068,0.5810821259663101,0.5529251979573585,0.3714731871440278,0.3771149663831044,0.33262375797288507,-0.049930130840090445,0.7438380085653771,0.43784281937115616,0.2575306369854244
ROI_088,0.20660339994945012,0.5559385814440865,0.386234734767809,0.37786691072064343,0.18388325002083247,0.1902213403666752,0.1107892771188189,0.36055309333734026,0.30477507276780497,0.7221483895651807,0.4518656317933376,0.6830073520969523,0.34494101631149626,0.18542979792024392,0.21598666312574039,0.704897931218681,0.5196494599688133,0.4389310970137269,0.3109628094739355,0.3735249499682363,0.30388984257649104,0.5321184161998435,0.27496173334667096,0.7673048860244541,0.8932959243641736,0.765155832314332,0.6554687472838752,1.1498826317355502,0.7182362686515829,0.6676622060200401,0.711369249245953,0.383877648368587,0.25105387263192663,0.6100547864069401,0.39146963203030954,0.2738833444841643,0.5002937902384154,0.28973551269627795,0.3943829577507081,0.23360199389219197,0.24228651364891962,0.6357384194203487,0.20266021132081097,0.3473357994994531,-0.0691228793424631,-0.3274571254902845,-0.3134305420188895,-0.5839997586662079,-0.07401890064783087,-0.3274481991227695,0.4377312075269984,0.5640962120497157,0.6677587967945674,0.374730389883156,0.17742146548613094,0.24639537270547876,0.4707438552428799,0.3931660777372526,0.7756245775358555,0.5005000570329353,0.7720145760535353,0.30365831893593564,0.4156892235434234,0.2982640225641604,0.39169254395997793,0.1397442589247203,0.4005429774284505,0.33168804706605803,0.6253340714921445,0.5359519735078032,0.3761563394515229,0.5490531154113194,0.51824746843804,0.5961248413854902,0.796125360667128,0.9428923877299009,0.5858902605608667,0.9847805883520859,-0.09374275796241631,0.2364333622377806,0.8522489701431665,0.5979420211587421,-0.028757630162195402,0.4842017191854059,0.8810105337257593,0.5621115745413421,0.49447597562087414,7.254328619247669,0.5324136743944422,0.35981579277582365,0.3185551357149808,0.6214532792162615,0.9304955315321288,0.9319419621250258,0.9744010993279579,0.9405981475083521,0.07740353719388736,0.34282634430510406,0.027643740346286767,-0.27838075619686253
ROI_089,0.3847212765414882,0.9961571582861494,1.1237773110524865,0.8579475495177458,0.7318676931485654,0.8329644733427545,0.7530394291659477,0.8786285320832988,0.9058559492469348,1.015679270044889,0.9746038120675462,0.977988843933643,0.8893515206264627,0.7258878996959177,0.7091001587875819,1.109675536890866,0.8907138528137909,0.9859267329693208,0.7852144881027951,1.2565541501655064,0.8660960807989411,0.8017870312967443,0.8111450828714087,0.8828820557341571,0.7670691189711609,0.5700198301562127,0.895922000977774,0.8165262435892674,0.9423930142461822,0.8715228629141732,0.30264179966282273,0.23929427971123396,0.27235007686959395,1.2207150447150477,0.37279943619068684,1.1453946986956831,0.6927136873028252,0.44534850020286915,0.43960651042885884,0.6091752097365675,0.9023479014962923,0.1386290921292508,-0.19512669006885203,0.20738970542732024,-0.11768907344659321,-0.599287217772985,-0.08199982472749678,-0.014444521564212519,0.518499745829338,0.3298968321794789,0.6116780448183771,1.0218824713669854,1.0012136570419643,0.8494504901978179,0.746025535866912,0.8448701923198608,0.8863403601107842,0.9453030563876909,0.8580354321842588,0.8734289671111694,0.9565174525694375,0.758594453011569,0.8691550068180939,0.7739318617528613,0.9600302979217502,0.6331125118644558,1.16829285868309,0.7461516032914399,1.1172836505779757,1.0449191041042667,0.8676993354304346,0.5480467832522841,0.8332422048365273,0.9222115018175798,0.931487467851043,0.6829078168917198,1.2566162050906318,0.8000136671668666,-0.17926051719767297,0.07915151793093286,0.967685974730989,1.268107931169554,-0.10957348300268299,0.2374698650726802,0.6467261414728652,0.7137254760535855,1.118552870287972,0.5324136743944423,7.254328619247669,0.7408712954366626,0.29165933171954694,0.5610987046200733,0.6511155969602332,0.35509040770844447,0.3188660072970888,0.39959031861090477,-0.07035044844619946,0.9724495071440303,0.6589549521627501,0.3782764577926753
ROI_090,0.21827793782481275,0.38442568681724304,0.47316152689205615,0.30194549933514175,0.2644337785021946,0.3108540629491126,0.1363615822537844,0.2318931519997587,0.3202532032566232,0.3554654440120833,0.3024766010631182,0.33631096762742885,0.28322847676961727,0.1824546197269644,0.2507548527618476,0.4175707272770633,0.3546359805823651,0.30224706769167914,0.2681885700713185,0.4267054693745557,0.22833272716364303,0.26739806392810045,0.3067161714752938,0.3629549586908612,0.25586214507740773,0.11640565223326885,0.3132560536550251,0.320341765664474,0.36505106406744176,0.25594297407406774,0.08645696065104819,0.16506784067645078,0.008661896603137492,0.4585108220244554,0.04294329654148038,0.43512958502573573,0.6613594550387926,0.2831884099596451,0.031001531221220232,0.20210884767824686,0.619150080172,-0.04355545594741791,-0.2570495281848504,-0.1523008558570535,-0.33260500481983735,-0.3158188377123093,-0.010516381842603026,-0.08632092539959298,0.1348555847847612,0.22460243742515196,0.6597129275100455,0.4924500753939481,0.47634441820459045,0.35020466967639413,0.3132668918597341,0.40826747199166796,0.3339845408053244,0.39618162268484386,0.558543128321214,0.4802412383630066,0.47420569622623704,0.4347292023125212,0.4273484123360377,0.3889936665231331,0.35132144492853495,0.227158859872422,0.7382190569979259,0.37905052310591925,0.6379581060185588,0.5218728025948296,0.36226052188094365,0.535727441050345,0.6334748668125393,0.6155458314810961,0.4795035179298209,0.5334824014550846,0.5663080679193792,0.3625113876650987,-0.09817443591122663,0.4973010806245452,0.8841744537590619,1.0719661751113887,0.08389307210777189,0.3040662611922143,0.6441664256803653,1.1868241273905065,0.7181853375029551,0.35981579277582365,0.7408712954366626,7.254328619247669,0.5333611634950808,0.637162110414181,0.5062821301501835,0.43176245479910935,0.5279746605397317,0.19215729256515343,0.30698482570062524,0.8723493254127859,0.34049351245444215,0.2458027658631484
ROI_091,0.3012601348854086,0.30080374443112307,0.2543211515878763,0.2542296074325199,0.19530791954565874,0.11841570944696425,0.027084132225802318,0.15713745346041863,0.1673779595456347,0.20813389128287815,0.0749285302983363,0.1792819857434386,0.06905590667145216,0.0038232880739671967,0.10342480257010685,0.2951693054161201,0.14506668909871437,0.17118220381291321,0.025433873611916905,0.25614492259940086,0.09120631140077262,0.0486061847773838,-0.045881064057783756,0.20890948556202954,0.2669972155632249,0.07314688754846096,0.1568400944445422,0.4079760642501802,0.325363417075319,0.1472178693459819,0.29381355720176544,0.2061656825423727,0.15568673626593044,0.23541622039685028,0.1176106099349887,0.19750323658740881,0.29070114389884094,0.17518972790574697,-0.07649877976451218,-0.08576295484285616,0.02597398320484882,-0.055429155132186644,-0.31070559838645534,0.15140627272635246,-0.10596579989966187,-0.2733034866556253,-0.41140563700636756,-0.40931213104337566,0.12108748383216208,-0.08153823818770893,0.7294159881368829,0.3059419946542336,0.4661382724895052,0.2910735974633013,0.17999968140250294,0.17566616960916648,0.2735231552903552,0.2419536847903454,0.4247968894309261,0.3320635812076644,0.4128906560724154,0.23047589056253998,0.30421074264067766,0.22246636083230661,0.2541400027023026,0.027700608161291593,0.4703405077956097,0.195548946991176,0.3944646765718793,0.3126899718466449,0.2376924484977867,0.5081712340198843,0.3213582416936506,0.5087343803649493,0.3661118546739608,0.5829685842351753,0.33338479301541796,0.37474459969149426,0.29802173672677185,0.6341656544240116,0.6345876216018904,0.5575857352914148,0.2966383443891727,0.4528678561986106,0.6438024541648192,0.5693870969088859,0.3316603190139068,0.3185551357149808,0.29165933171954694,0.5333611634950808,7.254328619247669,0.5803082109123224,0.5169300221669814,0.7057736651521841,0.5573452830280196,0.38965555935940377,0.10640045976584145,0.3991900724609867,0.24511542952928064,-0.07346089537207777
ROI_092,0.19564194892447817,0.7979915062822736,0.7111364151781122,0.7141456935914379,0.6000444177488747,0.5745633673620413,0.39046734533073185,0.6119249011442617,0.6221164702535232,0.6498503788453885,0.5551639967367764,0.6792435862863718,0.5523020099068763,0.4533713332637555,0.5901566985215989,0.7778411964312985,0.7016497344623683,0.6176192342296271,0.6149780165636104,0.6491428020935035,0.5129156570262542,0.5873327618919074,0.4616253407646479,0.6932633179212631,0.6084693261880251,0.46614571591798426,0.5642446323442771,0.7836012322507372,0.8172184520802254,0.7562079608193187,0.20228821096966212,0.227032875736119,-0.17152356022732695,0.7175486057794959,0.054775065246376535,0.33693155322914425,0.5301856475014312,0.6274700052591957,0.4208613806048385,0.36818678914872094,0.37406366206201136,0.3038807229317071,-0.11523441745873766,0.09226976338492436,-0.543752465350156,-0.23093755905742616,-0.34048199757458664,-0.45071895151734165,0.2562057943310291,0.15216805052556573,0.8360713097046963,0.9028234066081163,0.903197085445319,0.7820090980040756,0.6372081398128239,0.6259538834169311,0.8003744550104209,0.7376705425214849,1.03180617066451,0.9503406041034073,0.9135700949094437,0.7811601564152623,0.8490729463086897,0.7726145436213315,0.7151788219963704,0.5379781470812349,0.8978427077184064,0.8260263944535502,0.954016338927969,0.9006617916874621,0.669206627073669,1.115433581071591,0.982328220331807,1.1873273006741418,1.0132339253654832,1.1171266358734386,0.8264069431930814,0.9085459798761694,-0.06498908648592033,0.607501218086928,0.7630101651891353,0.6341773126993338,-0.2911136743818593,0.1294340127278578,0.7101009524313339,0.5707540952620782,0.5810821259663103,0.6214532792162614,0.5610987046200733,0.637162110414181,0.5803082109123224,7.254328619247669,1.1774183139823526,0.7489792596284848,0.7962207868355,0.39665665360830016,0.08389270461941248,0.6618036025416162,0.5064748408218271,0.08054294798418911
ROI_093,0.15973352900299398,0.9828607023355898,0.7807718714386359,0.8229102343891183,0.6397250448494041,0.5968007363131216,0.43565189054213077,0.7774710169776008,0.7103662120337129,1.0139290967236227,0.738609176277556,1.0225099594272997,0.7155722600881581,0.5683865799688977,0.6879861994882324,1.0665082034660267,0.9764128754712945,0.8482955842932927,0.7444065315788841,0.7256591820163015,0.6915300665249361,0.8161923774154246,0.49900377515485783,1.1476538902257802,0.9028121676760481,0.8631452274609249,0.9169308191022524,1.1354671926531699,1.1132497848461635,1.0638895532073338,0.48392153723415177,0.25083175478126046,0.017248409622383675,0.88964803278641,0.25066661169676907,0.2767923653232176,0.49718200490570463,0.5887825029418153,0.6780265908168948,0.5016322720513171,0.38218330864768907,0.5765421479324935,0.026032700474170587,0.19654575062985785,-0.4515773829248647,-0.33728467149245656,-0.5017404607823057,-0.6191728769304184,0.18558124669730314,-0.11785444582812118,0.655833654482223,0.9913511583954722,1.2065476054900313,0.8643027729845778,0.6285464334264074,0.680415151325984,0.9534651129320489,0.8628267374433686,1.210695116671814,0.9636284398603796,1.1949802299713486,0.7772338785862353,0.9234583593225605,0.8561016454878496,0.8490731222975986,0.5964395886550016,0.8100667226775864,0.8936292131006325,1.1764998599672658,1.0363098711188574,0.8440112111788909,1.1619152813745455,1.0960453228735623,1.324373026333465,1.327823322231683,1.3260020855071948,0.9535875848682036,1.2209875075875967,-0.2855202831252778,0.3481786930964639,0.9799013525222169,0.6794695565193005,-0.37417789091902715,0.2034986855567184,0.7947839841622771,0.6154966014992223,0.5529251979573585,0.9304955315321288,0.6511155969602332,0.5062821301501834,0.5169300221669814,1.1774183139823529,7.254328619247669,0.7884361496736916,1.033723619182503,0.6372292788709394,-0.024379827545554483,0.559835217257965,0.40392830532393564,-0.09585647481594724
ROI_094,0.3029606048114314,0.3887312366435128,0.2753067092947398,0.25523711718101505,0.08878806881909802,0.030306866212277878,0.011667808512959964,0.18133597128940773,0.13832747618948105,0.4800777117636165,0.2549624030051763,0.44711535484718923,0.16993142568428113,0.030624216404870362,0.0800443499863561,0.5175156618113655,0.34446715808985073,0.3017403781413084,0.17625703761406128,0.2625533823760065,0.10722090467032772,0.3725932326345302,0.20078501182045957,0.5891541659727519,0.714341373778054,0.5629568155150377,0.30251717056434313,0.843443966480746,0.43745592585809945,0.4389213533055297,0.7461112955027204,0.6286474929297802,0.26996804539941915,0.4884281341780386,0.3998410515369146,0.1990471793384884,0.45329385159205654,0.3993437117408404,0.2254403692497043,0.13522924987090762,0.18490254957685828,0.46835390995880083,0.2567834065780796,0.3100348092452252,0.0021229809567207304,-0.34711620789871034,-0.31963635478229857,-0.6727541310318116,-0.07582192241079402,-0.2510981434061188,0.6087792854072595,0.3982333577205168,0.5601055685317247,0.2650537971512646,0.06999045947961277,0.10375525594066638,0.31741101772035574,0.2373582994797579,0.6459744553851836,0.3787979147816524,0.570977941084381,0.17459592328056564,0.3342117196893947,0.19435595629780697,0.25929463956467047,0.0011685424727861308,0.4135881931413609,0.21340199295950954,0.5294025518089346,0.4702804878243567,0.2161000267982065,0.5309270934507667,0.4248831648566014,0.5976845449844428,0.6086263012309798,0.9154893738192242,0.4508369588264418,0.7617260829242752,0.2426262651505111,0.5340197458580961,0.8211106037572532,0.6079047932629214,0.16971905304954793,0.6029092671958881,0.7509934805614746,0.5423963800599922,0.3714731871440278,0.9319419621250258,0.35509040770844447,0.43176245479910935,0.7057736651521841,0.7489792596284848,0.7884361496736918,7.254328619247669,0.9926928038765801,0.7489301297324499,0.08759161211878853,0.22702473410123192,0.03254136621157927,-0.2693633468906307
ROI_095,0.2217910985729354,0.3265771992046083,0.22411238215425003,0.2243662491427261,0.08030019104004457,0.08511048014267047,-0.05524671996539443,0.16855642250462124,0.15173723994860658,0.4150356040021948,0.1657021671268596,0.382537389493003,0.13556887013244925,0.0255794535754147,0.1334850862457629,0.4766689948532892,0.34829581981456637,0.24878732477314475,0.16756233609430954,0.1945909521301618,0.09918368635849259,0.3566929125786959,0.06417973563947921,0.54952679987237,0.5157817103792858,0.45238314949202174,0.3684721117100122,0.7426677733128682,0.5645709537699432,0.41525221360942083,0.5292426644869901,0.372134083189172,0.1519998498360794,0.41708583201277305,0.2009876244170931,0.0915763906535719,0.4647858995863223,0.28912912134142277,0.24285225084198073,0.14616776260342154,0.13462189170173341,0.44241557144548765,0.13610831505521662,0.1563972212282918,-0.255685467857785,-0.2309063640403254,-0.4035118652130628,-0.6951622235493251,-0.10581607036930635,-0.33650918695152526,0.5240672109123308,0.37733287659761716,0.5189486279227048,0.2632405289814912,0.11349886711262677,0.17135621823487346,0.30314195619943035,0.25410371061332515,0.6204310042227229,0.3702806151919961,0.5394959253961745,0.22380110763685335,0.3373485329247731,0.24972713372787061,0.22243789456453184,0.06127209240416968,0.40856768050779446,0.27617286125948964,0.5198341187177746,0.3995742370819011,0.2497372460464963,0.8019109285276599,0.5108449506943148,0.7049478744945664,0.6084107118009594,0.9216593355927564,0.41148952964586344,0.646920538510119,-0.07884245727109264,0.5404687815523228,0.8833630463365829,0.5353260206390943,-0.011712842379517441,0.5408905439889445,0.8320618928255438,0.7891912734779034,0.3771149663831044,0.9744010993279582,0.3188660072970888,0.5279746605397317,0.5573452830280196,0.7962207868355002,1.0337236191825028,0.9926928038765803,7.254328619247669,0.7301285772175464,0.2535818977062515,0.2939832807528653,0.05677037377320101,-0.32437395957392234
ROI_096,0.3107460156360418,0.3877980951302805,0.2968846653837639,0.22828155409204293,0.056146987822239876,0.06843299852252992,0.07263069303943699,0.23425834392209205,0.16317304777862787,0.5930228278359377,0.24015939516927176,0.4648120299947548,0.18772914922484985,0.041611502478805226,0.07401898607459108,0.5463432721869775,0.3039572397003208,0.3163836912853356,0.13146465337884028,0.2792418280745623,0.21851681259019365,0.3048092610564469,0.11611184411459878,0.5277821971845548,0.8487436659167032,0.5364495542860793,0.5245729128628714,0.8344292337001169,0.5662067711073578,0.45150494167490834,1.0486466534682364,0.5188112258154142,0.5384335305380008,0.42471728840743894,0.48908672767990913,0.26323797314104364,0.39835530192443785,0.2678548617182177,0.26559183548291854,0.15337759547010954,0.12879762843881182,0.5451721534901126,0.19730035626648706,0.6426555855192713,0.3314793144593212,-0.16669311118393368,-0.28191389456933025,-0.47180996771595135,-0.09974536951833547,-0.2965288659589476,0.4127862322381631,0.3343131074285283,0.4815155358856471,0.21134153688822913,0.023264164813127236,0.10211011819711587,0.2906642577593431,0.22296373658294108,0.5463230609089442,0.2811275885819519,0.549762961211981,0.10096827358307224,0.2507629112169737,0.11021866356918568,0.2707795709653169,-0.03680138720843357,0.21128695648908977,0.1527939876166054,0.37293240772530317,0.32134291755715005,0.23499595976014362,0.29075534368063793,0.22125853407617732,0.4132585417485299,0.5110680752251958,0.6763270428515898,0.3449525241819086,0.6653856068525803,0.2445412437318628,0.2472880161851638,0.6074467259240569,0.424708654090548,0.24481765568143685,0.5471534659143522,0.7502525791296979,0.3760197788356055,0.33262375797288507,0.9405981475083521,0.39959031861090477,0.19215729256515343,0.38965555935940377,0.39665665360830016,0.6372292788709394,0.7489301297324501,0.7301285772175464,7.254328619247669,0.14545164389590587,0.1294302023595233,-0.027812180054729577,-0.2639992885551489
ROI_097,0.08574290046389423,-0.3332505704389005,-0.1896483358472201,-0.29267843052771764,-0.20807839485923502,-0.13195315192254997,-0.11188641555870713,-0.3066447637635541,-0.21242583544220478,-0.3259757396960579,-0.2786611928488401,-0.3484071721643345,-0.22407404272477088,-0.17474944733458403,-0.10043022805898344,-0.24854003423630291,-0.22913415286815628,-0.25382417147089126,-0.1692845639726152,-0.16384286444343507,-0.23048544823427908,-0.14364593385809155,-0.08480475646429303,-0.22167266104760483,-0.2602074725995771,-0.40775413179818387,-0.013094162894445122,-0.20018973799306986,-0.17773740472989072,-0.16017516381143343,-0.016783625667013045,0.151033129307724,0.007636106194155748,-0.1760343079713909,-0.01797367457417349,0.027186141685685044,0.19175701974379517,0.12817465687259402,-0.0365254117499515,0.0619173490826519,0.21825809069044785,0.12548674464842366,0.20511540028228264,0.1721186238680071,0.1527351046867212,0.7520326013794824,0.4973621040984463,0.32138982320115184,0.10103944653457515,0.28710146253835717,0.05284160099133539,-0.24101625280953146,-0.27838376427974476,-0.2658293490803385,-0.12574838597346238,-0.13706401689704523,-0.29504024235686654,-0.219538169917708,-0.182898078486175,-0.21656014845407515,-0.2881292139554476,-0.13971398520964654,-0.17754154490486923,-0.1351079752240675,-0.2102791038938961,-0.09416723524459922,-0.040138177668245234,-0.12254975396577485,-0.19959627475883718,-0.21022065462638267,-0.2035416131547378,-0.04305401142258574,-0.033051598131036065,-0.030138395564669324,-0.2812073532086687,-0.17255118197165198,-0.12312567486892059,-0.21182506881613483,0.18393589586885323,0.25436391347077303,-0.045600106980995064,-0.03749430607304342,0.2081604272934946,0.08478679715973854,0.040890724394641254,0.3314445766232228,-0.04993013084009044,0.07740353719388736,-0.07035044844619946,0.30698482570062524,0.10640045976584142,0.08389270461941248,-0.024379827545554487,0.08759161211878853,0.2535818977062515,0.14545164389590587,7.254328619247669,0.07785170847810305,0.08926178356821823,0.21609468349030628
ROI_098,0.1907598225341808,0.6497337994085781,0.7399639299578349,0.5990539246542216,0.5999484188087114,0.6741455326011745,0.41067839684721896,0.5814164034057853,0.6818948550891667,0.5771345458485072,0.5857816786238134,0.5813297777989643,0.5937755089784802,0.5308341282139576,0.6365627704896679,0.5928545971168793,0.5944616274838161,0.5610751210403037,0.5545101619458197,0.7207590247818528,0.5741328714825747,0.4986943173665756,0.5033834888894431,0.5234177767523169,0.3018737835817107,0.2149086928175404,0.6772990685044229,0.5088371442358419,0.6692236479725306,0.578202232867965,-0.07442235511199426,-0.0576933748518686,-0.10190613206559951,0.6318945804829236,0.005546235747119784,0.5353263384512554,0.5099552717964275,0.28078323696787355,0.15134871117866033,0.28890321186798845,0.4653091489886924,-0.15403830395957172,-0.5271262899535569,-0.09816612611735419,-0.4215050602038874,-0.34071100070049637,-0.2171775931218757,0.07234585202787008,0.37946490484863515,0.23567507880034666,0.5792259939011961,0.7985771127565281,0.6700687331116971,0.6522705833103868,0.6695789236743318,0.746906762039669,0.6625805072193411,0.7098186132505339,0.7906075972840215,0.8171238244595544,0.7148326992681963,0.7872953787235714,0.7850608828193912,0.7249362303800592,0.7369289466900166,0.6353451699347489,1.0024084870309602,0.7290773676581891,0.8759575831412071,0.7657414963249417,0.6840693829608766,0.7978493790449139,0.9948683154627677,0.8449293953717748,0.7526844858501438,0.6388440377587521,0.8391775955757256,0.5565222172765434,-0.2114279806583843,0.29409594996681604,0.7623662182039295,0.8237367461079353,-0.14315304174444665,0.11674484127586911,0.7012348425223424,0.7374620622167585,0.7438380085653771,0.34282634430510417,0.9724495071440303,0.8723493254127859,0.3991900724609867,0.6618036025416164,0.5598352172579649,0.22702473410123195,0.2939832807528653,0.1294302023595233,0.07785170847810305,7.254328619247669,0.6167453495771387,0.2698281527096518
ROI_099,0.19713005362306132,0.7469903880328286,0.9294787635716363,0.9687502104482529,1.2066207486789318,1.3122226144020044,1.1575446971636594,0.94381448374172,1.1178525792575635,0.446875483622813,0.7516978602385533,0.5677384550429669,0.9261989986104617,1.0699100216289477,1.1563015801620977,0.6527389650341243,0.685059767860902,0.8425789067165149,0.9439743044777408,1.1126674011490716,0.9690151884582806,0.634117526234459,0.7074155000781966,0.44044197998698387,0.20069759412878121,0.17754640319512996,0.5134477680362505,0.31016446280220067,0.5853640033022018,0.6956153637850669,-0.23503632169499336,-0.06768252368064505,-0.14782553386077854,0.7126117457666571,0.005894052910663976,0.7536336053151624,0.26586563953237957,0.6227033629815808,0.5774890353378915,0.7637013443178412,0.675055912054755,0.04687305119301475,-0.2460885715149376,0.2003232523901598,-0.39000058645208985,-0.05055315445827659,0.07564636706387332,0.24953548607973083,1.2733761755212014,0.8126340425458324,0.5414294944216944,0.8231185490932038,0.6964311499500853,1.0487931723671813,1.2945372459039794,1.2138897934084618,0.8654933100988339,1.0154822780482722,0.46975749676549083,0.8116201844759855,0.5342686760489035,0.9960775767962612,1.0016977936664584,1.1110228215415603,1.0343552002426963,1.1019733333097181,1.0014174606225597,0.9882665087820887,0.7095838719165606,0.8054025657157893,1.0349901286217313,0.5403053770811023,0.7648440976919815,0.7787877315049649,0.5096479766404515,0.3418505959515055,0.8589715388953183,0.45227400633932385,-0.3612653030977971,0.059132071249353456,0.2831391047919485,0.40019805169505557,-0.4974060308305537,-0.27295008019824984,0.09539423176848551,0.2600338574303176,0.4378428193711562,0.027643740346286767,0.6589549521627501,0.34049351245444215,0.24511542952928064,0.5064748408218271,0.40392830532393564,0.03254136621157927,0.056770373773201,-0.027812180054729577,0.08926178356821825,0.6167453495771387,7.254328619247669,0.8613972935294476
ROI_100,0.19946632033350878,0.24825181023323142,0.4304623477154737,0.37845360934016564,0.5202608971293229,0.5914775113367963,0.7470032303067728,0.3755882791929971,0.5059126801452033,0.06814331901944595,0.3902176098834797,0.12510927076086442,0.44235595163436336,0.5179495685793946,0.4681156539075647,0.18750138785135192,0.2084924958815723,0.3250018605689773,0.4601314674130023,0.5318257048382954,0.43708456778771937,0.22426202342646598,0.4590701458969161,0.008293694549985067,-0.11602276828939026,-0.18538284541900957,0.15347461939839607,-0.1477840260983793,0.11218103021477745,0.19825605855753586,-0.3738895686138991,-0.028868937113321575,-0.08083293121244571,0.26623622015695225,-0.08730486470921132,0.6829347324666369,0.1461079556144482,0.42977683913297887,0.29297993387563187,0.6051965895550963,0.7150843007001961,-0.12499559849809867,-0.1838089576540227,0.1829384598882156,-0.05553746860833287,0.21027515137837038,0.5778724818317099,0.6245776605145951,0.896301888385246,1.3998811809400546,0.16975978523016133,0.2714475622916746,0.15862831796870963,0.38365557164033953,0.5374091265670886,0.5004773136175563,0.2669231550519867,0.3895601104265309,0.010337689400190383,0.2561666304860112,0.05268055842575881,0.4078059300011242,0.3188517659925416,0.38370765471683943,0.37022166801813355,0.4646006835028773,0.3551937824203847,0.3639253961577933,0.17597407760310824,0.2418312936128054,0.37095312646946665,-0.10273354730526514,0.18238284535031107,0.13817733683042288,-0.011350899847856854,-0.16652564033586806,0.2963160392776269,-0.038809300870836755,-0.13259293068477526,-0.046299973553775166,-0.1226936918597013,0.15263665509684904,-0.22059488013988085,-0.4757082044581364,-0.23745183642490375,-0.00945984558801225,0.2575306369854244,-0.2783807561968624,0.3782764577926753,0.2458027658631484,-0.07346089537207777,0.08054294798418911,-0.09585647481594724,-0.26936334689063074,-0.32437395957392234,-0.26399928855514887,0.21609468349030628,0.2698281527096518,0.8613972935294476,7.254328619247669
