,ROI_001,ROI_002,ROI_003,ROI_004,ROI_005,ROI_006,ROI_007,ROI_008,ROI_009,ROI_010,ROI_011,ROI_012,ROI_013,ROI_014,ROI_015,ROI_016,ROI_017,ROI_018,ROI_019,ROI_020,ROI_021,ROI_022,ROI_023,ROI_024,ROI_025,ROI_026,ROI_027,ROI_028,ROI_029,ROI_030,ROI_031,ROI_032,ROI_033,ROI_034,ROI_035,ROI_036,ROI_037,ROI_038,ROI_039,ROI_040,ROI_041,ROI_042,ROI_043,ROI_044,ROI_045,ROI_046,ROI_047,ROI_048,ROI_049,ROI_050,ROI_051,ROI_052,ROI_053,ROI_054,ROI_055,ROI_056,ROI_057,ROI_058,ROI_059,ROI_060,ROI_061,ROI_062,ROI_063,ROI_064,ROI_065,ROI_066,ROI_067,ROI_068,ROI_069,ROI_070,ROI_071,ROI_072,ROI_073,ROI_074,ROI_075,ROI_076,ROI_077,ROI_078,ROI_079,ROI_080,ROI_081,ROI_082,ROI_083,ROI_084,ROI_085,ROI_086,ROI_087,ROI_088,ROI_089,ROI_090,ROI_091,ROI_092,ROI_093,ROI_094,ROI_095,ROI_096,ROI_097,ROI_098,ROI_099,ROI_100
ROI_001,7.254328619247669,0.8548841948075553,0.6800903963090971,0.728670238893914,0.6718710897397777,0.6793748591013945,0.9172103113284968,0.5349477461443672,0.6263529955042809,0.8035028848554405,0.6883789284446004,0.8497201937534646,0.7882628184564769,0.5451106071493137,0.5937777518658127,0.9252551489088136,0.6867489579467161,0.6612145974186135,0.6189899270024911,0.9378632555326205,0.6405964660644357,0.6305569415141374,0.7537344450168807,0.9392342964613906,0.8601111336912469,0.6243696955956174,0.8933394539976319,0.7608243209948419,0.791774641067104,0.7861010775422964,0.7567625127219805,0.7723983715435487,0.8973061956145795,0.7210041181262606,0.6829104735229369,0.42261634795711134,0.9789574097456166,0.41411885319481967,0.3518275278604386,0.26107580317837115,0.52170564326685,0.7113611089407497,0.5122019967355003,0.9748566582318468,1.0494869766770005,0.7382486264594981,0.29272484801919896,0.5807748991119381,0.9474819686472874,0.7140264497297031,1.02303039422852,0.8122103085899158,0.8377763183135453,0.7377344192684939,0.6892271125137635,0.5747048403054836,0.6071666357412423,0.5517855947021378,0.7413227777557503,0.626009592455102,0.7431680173500641,0.6551495419966252,0.7715317042041737,0.5197691013673627,0.7439824583595449,0.5237758599538358,0.9146495818349187,0.5755914333090133,0.6405775934744068,0.6510551012174359,0.6658981987197201,0.5425601727014302,0.7570728255819182,0.7330636829871233,0.6916186898427126,0.7745096149988531,1.0199266854383437,0.8486846716102749,0.563520685535291,0.6363918454489162,0.6351222559730597,0.27969192687297334,0.5885340354266916,0.557036099115169,0.7058337530200287,0.47429559771191293,0.8936940063359173,0.8318137819425387,0.7485306413744967,0.20219681805498677,0.659412999015059,0.6893569284230985,0.7253974734762306,0.8484306168157439,0.8027171652870986,0.7991744242759639,0.7614509078709506,0.7046655870945361,0.9169843605693896,0.5749632814039686
ROI_002,0.8548841948075551,7.254328619247669,1.6260599583846838,1.9479475208744532,1.4946681417148837,1.4616774905046006,1.0738530945537947,1.6169095176849029,1.6139732756749832,1.9508228372016208,1.5913855426346637,1.7084449216356408,1.815954480681359,1.498296679295272,1.716439078039659,2.180915442929762,1.6909079318990927,1.7356257735326106,1.6392454788201398,1.9638477081720995,1.6138672128677354,1.319179808237554,1.5443843460275417,1.5187071904804033,1.5349429726316905,0.9091746508250264,0.963362864656039,1.376797886845984,1.4116635891079512,1.7144986447572124,1.4915592828379527,1.3328528264836323,0.9095024217650924,1.301880158077922,1.1093770301040176,0.03474782085049336,0.777427117246488,0.5838379826149445,0.7140933743227859,0.27749157947263664,0.27813792746924865,1.0650903517614927,0.7691375962748974,1.207259591008398,1.206648345526381,0.9916530810976121,0.11731957287297644,0.4327959872568574,0.6762721848710017,0.362913008911036,1.0121004492035026,1.9920888268828565,1.9681672728107633,1.9812937819603225,1.3649103953598112,1.5438987291731574,1.7906169706107826,1.5839364225180292,1.6247671219495263,1.597359178701305,1.4357034051591033,1.6016147789717705,1.9814067942073392,1.5513312839343774,1.9136675298234522,1.596702995050841,1.267938349279213,1.5632562157664487,1.4606360027492704,1.6755046080263671,1.7264463131274745,1.4590964142876848,1.6822296598077495,1.3590208873247707,1.3505353669641846,1.2497783923390293,1.7149603378848965,1.3753178688448884,0.5989357001706888,0.7567011628129501,1.0503899873373168,0.3447952674500606,0.309476575784375,0.9019364376898419,0.8416035301741265,0.8024163781915874,0.7102716620914798,1.040347949065231,0.5228622769887166,-0.07811325160361002,0.7892161551544362,1.3235268193063103,1.0913891147675037,1.1538460049630934,1.1552288337289418,1.183844680257506,0.9517771306980455,1.0366214254609505,0.8844623312319672,0.13290636692456806
ROI_003,0.6800903963090968,1.6260599583846846,7.254328619247669,1.7162407679411762,1.4173855622219083,1.4054360243787654,0.9070774615709313,1.74658049399785,1.5529989441768757,1.5445095444795056,1.5218787482381255,1.3798268324487888,1.5763159571322307,1.6857693049809015,1.761307907662265,1.5008496734558903,1.5958055242983478,1.820937639196313,1.7243106571576086,1.5149685279230172,1.65550530447665,1.4389253363655972,1.5965347542166397,1.2096984094623828,1.224088848944605,0.8262333446502128,0.7863719728274621,1.127361967142846,1.1887670338752696,1.5830466979717148,1.2201899505224674,1.1936344072703502,0.7695367822640443,1.2928282736220411,1.0623209503595148,-0.10464074660463661,0.5519540403337423,0.5747947961384684,0.7538556886766209,0.30142073101655026,0.19849956285691453,0.9190499250698242,0.6969173510710278,0.9469925338718094,1.0480160608624576,0.7792019130885028,0.11355000987130331,0.41650356892277873,0.5137260819811308,0.20504104005537174,0.8238666224392696,1.47202178562918,1.410539777991357,1.6058590950119846,1.2046477582612656,1.4142058448759283,1.5849175954399528,1.5078873205800138,1.2901816762185758,1.3437941390497365,1.202037487749177,1.4511737052939846,1.5138949942780704,1.4991568689118455,1.6958329761091442,1.66108043864289,1.0169920994949813,1.479822414130523,1.3531975458149565,1.5752688543774138,1.6180841320911967,1.227047849909268,1.3490248321873342,1.077298970544446,1.0605923486659543,0.9606717035609571,1.2650206984888264,1.1565963124246919,0.46152043966483564,0.6592722879666841,0.8040806183471458,0.32629350914296906,0.16032547293264054,0.7112498241418833,0.6247087323339021,0.6781695351866416,0.43651773159749774,0.7677245871336972,0.39219858124924284,-0.247991226190787,0.5822581906970952,1.042563298578588,0.807089635152992,0.8422268035473731,0.8483198706726165,0.9753027684217803,0.6979113231906217,0.8281034863833474,0.6448203820973667,-0.0015558059749288874
ROI_004,0.728670238893914,1.9479475208744532,1.716240767941177,7.254328619247669,2.0159622668975397,1.7656501013786627,1.10533734823901,1.8208771750898698,1.802747521617745,1.5488177809483004,1.5972626068245668,1.3481431470245389,1.5179435903250795,1.727620744747405,1.8312206811962266,1.7955392538558816,1.7116336939397592,1.7538455771118502,1.7929080831965878,1.6580179217726425,1.5147954622062383,1.5147111435385616,1.4595152244229506,1.2964621638876856,1.217067880196475,0.775661111983482,0.7623370053314017,1.0975070274568466,1.221750563483707,1.5132337022793418,1.2084873110806744,1.3954304234630348,0.8567132426314849,1.3240514270097206,1.1227242735496226,-0.021813207362685303,0.6460954642901168,0.7249239563903233,0.8938201363743133,0.367657419894438,0.2973332048194596,0.9899545638192376,0.7686175946033416,0.9095515460489783,1.0994460252341418,0.8862884376288789,0.1650460679977324,0.3939543822515918,0.6150316977831181,0.2632785744986583,0.8012130726506685,1.6313899351326915,1.654181997024411,2.283538940653738,1.6243385930600636,1.5680199464339726,1.840846550250456,1.6886395286629166,1.3154474305565254,1.4496971955390752,1.1545251639946061,1.3462051477364134,1.6549735741215452,1.7348119905079125,1.7537029809982885,1.749778688866061,1.1855371927543432,1.5753252920814638,1.400445312908499,1.5826395280963113,1.5824944707299187,1.2748321696729523,1.4223051684769537,1.1238372051989558,1.06445966556513,0.9605347651412762,1.342524761118624,1.0442213419196693,0.5099756563257036,0.7298506493374649,0.9036368348674085,0.3833729123926104,0.23173834657756961,0.7626084085475202,0.6688414539283424,0.8480380614469603,0.534716226116859,0.8003973215308661,0.47435611948610085,-0.1332472330073379,0.6764714558025275,1.1621341423421054,0.9147194263298166,0.9165676857120553,0.9574345732447188,0.9455781522710219,0.8182686008796937,0.8778279276141555,0.7720395865779417,0.05892286778262731
ROI_005,0.6718710897397779,1.4946681417148837,1.4173855622219083,2.015962266897541,7.254328619247669,1.9679228056195288,1.1564638717309728,1.5504056538187287,1.6958455366310685,1.151799568276747,1.2672165619304907,1.0098027711467887,1.1532735572711783,1.5200323932748716,1.5410552805616935,1.3853090492754216,1.3148822159416846,1.5134143522714456,1.555531036802009,1.4760007712442669,1.2153185386368173,1.332180058059169,1.1937650093980636,1.0378354202617757,0.911992310087755,0.5550390456958411,0.5703628262493546,0.8586193454877175,0.9775710094160831,1.2345996142162297,1.0091269877645492,1.2131729253840051,0.7652878687132804,1.2559864343369098,0.9379316917978118,0.03788644111201913,0.550408148787255,0.8253008530727736,0.9855697125355326,0.5054382540432547,0.39454005286695165,0.8882137159469579,0.6699903693055771,0.7379573316209241,0.9862176211241684,0.8028226276158287,0.21951236742464153,0.37375584366457487,0.5936258268223695,0.2799466899568021,0.7088026400389699,1.337944175545761,1.2884089307525592,1.8207755308469808,1.9245992824899771,1.5346092576730777,1.5516060959548037,1.520679368525468,0.9959713016721673,1.1396146459124201,0.8544038080775305,1.0135139622595601,1.2817720148312228,1.539611938560402,1.4816138606063165,1.5178811596155475,1.175825524428791,1.3514477835190435,1.2467564452362432,1.3854279564127143,1.2477315219111587,1.0438940831209877,1.1696574691242032,0.9722730175300861,0.7962650802073529,0.7140846438130205,1.1053855675305364,0.7721629778189495,0.5305960024066319,0.6687615205925292,0.8543039360524656,0.4858528065174335,0.2388821766026496,0.6308229392705433,0.540997106427522,0.9742212632048556,0.4492056387981904,0.6676491663798864,0.5141997607457938,-0.04629455489869232,0.663882844926318,0.9661233711333,0.8435081874460184,0.7616076687188302,0.8772822117974215,0.7617483112924305,0.7498180760105765,0.8075501005071026,0.8039085324958325,0.07591757123010141
ROI_006,0.6793748591013945,1.4616774905046006,1.4054360243787654,1.7656501013786619,1.9679228056195304,7.254328619247669,1.2039389881782878,1.5227093294289535,1.7407082267888656,1.1496970781391036,1.276612302790341,1.0462774516777014,1.2125016808325966,1.4520429528870182,1.5313821980214242,1.3873921657377069,1.334258493783815,1.4940973007039964,1.4479708990701317,1.4485741822343516,1.2379767853051393,1.2779999637579753,1.1128080554608886,1.0430850913126177,0.9415657783574837,0.5801987593095405,0.6273235624841923,0.9044068100923077,1.0471300562596901,1.2239926281372842,1.0216127343803685,1.1275832027579034,0.7655253576976885,1.2651925942029618,0.9494410669877408,0.0935761136286007,0.5721325964399733,0.7916664907578673,0.9101143654365225,0.4779703516560457,0.4568694726732446,0.9323094557335435,0.6860278299376728,0.7737974087446701,1.044434008747009,0.8346038627773504,0.232960491518839,0.4663842266007181,0.6192856070735269,0.28869721117721897,0.7019429382173672,1.378991549018941,1.2822229976126576,1.6878175808781668,1.8062738226696418,1.6053343073894706,1.5939438366882694,1.5564522436215478,1.0343385000837009,1.1930435244678979,0.9027228022818917,1.1047869945133033,1.3125413675531963,1.5447254437103393,1.483724955469218,1.4948599848480337,1.1541088218317046,1.3508291149572231,1.2590419221890505,1.3645897175481743,1.2850106911431716,1.1100709694410247,1.2282171944144369,0.9800677813477018,0.8437372119901468,0.7546847658481249,1.1464816586221644,0.7908043761810372,0.5150468468256232,0.6138743110881588,0.8891620033007704,0.5021288051218546,0.2636959123372409,0.6856152691030485,0.585405451599699,0.9590753169819153,0.48261469806507135,0.7022274933671987,0.5347983631888031,-0.01593050236645875,0.6767714549287293,1.0080675900504168,0.8715138845740273,0.8160250834661474,0.9363516697333101,0.7964136492942931,0.7636879613661315,0.8120072183686764,0.840687089383587,0.06727234628565393
ROI_007,0.9172103113284968,1.073853094553795,0.9070774615709315,1.1053373482390103,1.1564638717309728,1.2039389881782883,7.254328619247669,0.8820288605117068,0.9900498077907606,0.8653879337741015,1.0025102771761258,0.8794605172668499,0.9339308233125082,0.8882112625226988,0.8915159656412617,1.117446313543729,0.9390255268914135,0.9469960176789967,0.9128097319284605,1.1773713651345703,0.8486582982714974,1.0223487892226197,0.8517076804615905,0.9891671456528845,0.8409479905285542,0.6416778292631564,0.7381372593321165,0.7089341163804217,0.8309624132321035,0.9082225573323551,0.7121076050320932,0.9330489272571723,1.0687381533559062,0.9677024484065931,0.9692242574340297,0.48241672541017083,0.7883690616012815,0.8140266574277731,0.9290897462855685,0.7025246944792277,0.8695511736769037,1.0973251729203264,0.911149131537059,0.730647841043459,1.134783415272692,0.889212149178909,0.6485999196299165,0.5752258772830152,0.9958575907577948,0.7148453704017699,0.6966477582578616,0.8910854973511027,0.8955926907489786,1.0632165327527634,1.136368751162083,0.9024616293167309,0.8584424165052911,0.8594822870328674,0.6950209663803779,0.7549642720334776,0.6562189007362395,0.7045202483547525,0.8533986833393461,0.7875224166033847,0.8944585541250805,0.8215699269479811,0.8699081802538973,0.7160979121999349,0.690654400466867,0.7769499804321424,0.8919472206465207,0.6143821852843527,0.792707610008116,0.6732267231775207,0.5971593865471748,0.5722938279966704,0.9818407372798273,0.6818399268521459,0.35244575660771327,0.51955456493483,0.5354990423015504,0.3466017042170591,0.32320584551775994,0.5578531506302382,0.44660335185695055,0.6434230080169875,0.7244633585695927,0.622188453806144,0.7193993733756379,0.12974198851552554,0.5121068230672817,0.6113856584611136,0.7215661924969701,0.6519931116262219,0.7557491826273314,0.6656508498717191,0.803902225909089,0.5139399380203123,0.962532025470807,0.4976709379644512
ROI_008,0.5349477461443672,1.6169095176849029,1.746580493997848,1.8208771750898698,1.5504056538187294,1.5227093294289535,0.8820288605117068,7.254328619247669,1.982409902881937,1.4968299667269307,1.6879510129392241,1.2917230071317154,1.510960757358116,2.1070060489719005,2.1611505777082693,1.4242685366238887,1.742926434130464,2.0322165353536144,1.8947688650402275,1.3694846265338367,1.6999583008806558,1.368072419180038,1.4236391447864152,1.079950808278659,1.1664120388562016,0.766464336127784,0.7095587916029202,1.031209610594537,1.0612527113651726,1.3340638136666978,1.2152558386949794,1.2447765059930171,0.7358338458810287,1.2286887780036877,1.0763827051283843,-0.16311211656529925,0.4432313141911842,0.527984919572137,0.8042341961323168,0.28304453881592617,0.16166921091075098,0.9224850613086116,0.6994618773271956,0.815614365117521,0.9655546903339719,0.7399061868560527,0.08680176544714611,0.39129758739459986,0.38550352188832715,0.07472440353383644,0.6646877880569629,1.4275421122751686,1.3683468936767476,1.7389813706775936,1.2496163954522608,1.794330127069229,1.9326102355506445,1.9269380857261944,1.2695453104550778,1.4188297688915914,1.1052584995595949,1.4514533846518234,1.4988672614682321,1.9382767965486045,1.7331335416844742,2.1563730894900623,0.903377046194205,1.6399198956874705,1.387483377693377,1.668291092723885,1.6265227684346453,1.3070859644397368,1.2776453215702748,0.9866803127582019,1.0299579185450194,0.8635579108384135,1.0753511567471978,0.9647659545541327,0.36845792445577735,0.5958587808900576,0.7899295421887317,0.2966605960910849,0.06022260523261204,0.7283571333407783,0.5723668524157544,0.7043166638637764,0.3517039557817751,0.7140301492103822,0.2931484651959351,-0.3352357071526973,0.5322869960903963,1.017492331312036,0.7367327361676503,0.7699868829975527,0.7691887820997337,0.8819199619157765,0.6273426900526393,0.7686437167436788,0.5448833402688987,-0.1423982229725158
ROI_009,0.6263529955042811,1.6139732756749832,1.552998944176875,1.8027475216177462,1.6958455366310694,1.7407082267888665,0.9900498077907606,1.9824099028819384,7.254328619247669,1.363069690806645,1.5323733160746804,1.19580269639141,1.3644204219933092,1.7983890773419815,1.9445337962631823,1.452116564344801,1.5496373908532757,1.7007242949837165,1.5809827730540496,1.33794814184302,1.4892447215998261,1.3017174852213589,1.2904022457855253,1.0772963665170394,1.056473845017043,0.7043491444265251,0.7059607803855021,1.020968792476249,1.0798366302672362,1.2795786824779734,1.1628027948614417,1.2655466760174836,0.8011314339299435,1.2736438251579136,1.0905625770828353,-0.02677916299530387,0.5116336327092142,0.5997514198143942,0.8350322617526136,0.33445492266946797,0.28136704750768854,0.9720375799668757,0.7566280441978371,0.8401672108724719,1.0859444211684484,0.8353329679371007,0.16470329531919303,0.4690058068861654,0.4762854937106547,0.17576696509654274,0.6966705815326337,1.4616242316166663,1.486532129960014,1.9386911307931392,1.4200514037224512,1.744667410860667,2.043810486296827,2.128534903660397,1.2667916703201172,1.5058422352840448,1.0779652948764593,1.3730524284133132,1.5237006006600808,2.0797955198766944,1.6549190896507757,1.8865392302665955,1.0276280442274872,1.65365763994856,1.4710234349653795,1.605845113708411,1.4870824388744877,1.3489804741167062,1.3700013675881453,1.0533100009378173,1.0051899826457622,0.8831397811148461,1.0705177892856812,0.8980897060222996,0.39216227505564066,0.6377885900387807,0.9118759512369077,0.41473189023020735,0.1875498219661916,0.8000988146231106,0.6509360505416609,0.890297574011623,0.4235137029181016,0.7299242339123714,0.38532816108609486,-0.14610352705816745,0.6607724526836829,1.0819765682169318,0.8572241010206482,0.8716480441040004,0.8973691890163598,0.9142299349851121,0.7219004073227251,0.8549032068242167,0.6605507415865177,-0.06325759762107977
ROI_010,0.8035028848554405,1.9508228372016208,1.5445095444795056,1.5488177809482997,1.1517995682767468,1.1496970781391036,0.8653879337741017,1.4968299667269307,1.3630696908066455,7.254328619247669,1.7504527166940274,2.133939230231029,1.872189124483567,1.4253234077367511,1.5816281916519268,1.8998186553266225,1.8416801282946367,1.6422765482615103,1.4478479871100876,1.5540850041344207,1.7647817515590487,1.2409137031322022,1.5810397735594122,1.6439068031707114,1.951796882698285,1.105832984205384,1.1070533365139763,1.6090835832098647,1.5087592693442526,1.586827381098158,1.5325826439437056,1.1769378126998464,0.8823730604926091,1.2101256559795304,1.24603399121642,-0.04037655892872526,0.6859053558871259,0.37852988810804256,0.5564592584869447,0.1264770425646979,0.12157599310097428,0.9918014830664316,0.7349443034012565,1.2304647057308287,1.160045011414364,0.833201759789118,0.04593389408924936,0.4460487598247975,0.5570946850005889,0.23611466171247006,0.9212104899248852,1.6574417249732072,1.8015193527960534,1.526454256207536,1.0417272529667108,1.2722571432956997,1.5600220799973181,1.3811314519513584,1.9192325439831162,1.600254409818232,1.8038830087243005,1.679300470388379,1.8451711351762894,1.3588706166897528,1.7197169531859569,1.4292128025591848,1.063214433379228,1.479210763203761,1.424819228849264,1.5783184944477275,1.6627425536966294,1.4859054229358701,1.5424579799934706,1.3340638598419963,1.6814017924135274,1.4190219195070082,1.6262316833876365,1.599360250078411,0.5062404706524141,0.6484510994740516,0.97572049560243,0.25934087244844706,0.2446210342998552,1.0242297421116173,0.893888602821153,0.6467761975864696,0.650429016269063,1.0851806845207663,0.4646851796426452,-0.21445570321136595,0.6344872734700374,1.2376746910245988,0.9387872283551006,1.0335674767579168,1.0129170485696017,1.2739530250474524,0.8212215594421454,0.9709777828557832,0.6735999164534168,0.029702915556297303
ROI_011,0.6883789284446004,1.591385542634663,1.5218787482381255,1.5972626068245668,1.2672165619304911,1.2766123027903413,1.0025102771761258,1.6879510129392232,1.532373316074681,1.7504527166940285,7.254328619247669,1.6372492135213237,1.7044135254457486,1.6079576311114165,1.6594867893039371,1.5170315648410837,1.7478561823756211,1.675459703952033,1.501732679451621,1.3733575471651605,1.6377631927673808,1.3476602347381788,1.437579515447899,1.4089534121724578,1.4785844278105291,1.1175170150869438,0.9383906339922778,1.16606237704953,1.176141361570159,1.319469513859788,1.2252835567822011,1.2218094850105472,0.8816343757784681,1.1330198585736817,1.3556814215659867,-0.04896436525734082,0.543101486424344,0.46166258717234765,0.7412103762903642,0.256192407181633,0.2034309246796719,1.1434527202023856,0.889105167821746,0.9372214290925078,1.1059077054909616,0.7743520711566533,0.19744137887148516,0.4692691268023953,0.5137359076695381,0.17903893314881433,0.7022976403132656,1.3207147010787685,1.4297281117791238,1.4930023782081903,1.074170014432824,1.3095235259559532,1.5180992083944664,1.440885295160782,1.3611185231893208,1.4348714087022256,1.3125140065471492,1.4212895040166602,1.4815665281084225,1.4100395113571216,1.4853873902133687,1.53000283973794,0.8874389156248078,1.3602442332768356,1.1767339147968747,1.3500693971768358,1.52446525527046,1.2119452092527592,1.2472773024260522,1.0185720911371547,1.1970007766625952,1.0092437976390964,1.218390978458208,1.1820414749761812,0.3062752912284158,0.5736646707820826,0.7476020700303639,0.20270996230596192,0.11136765159549221,0.8806049242239199,0.6573871159746404,0.596348810240877,0.5170767148451239,0.8257506098315328,0.38395498811371065,-0.2865754081437047,0.5024239635765305,0.9913874828880375,0.7819950059689714,0.8084440498311792,0.8152240745136511,1.022102182670233,0.697398094112494,0.7300731433780135,0.6081296187912263,-0.018796731485148814
ROI_012,0.8497201937534646,1.7084449216356408,1.3798268324487892,1.3481431470245389,1.0098027711467887,1.0462774516777014,0.8794605172668499,1.291723007131715,1.1958026963914095,2.133939230231029,1.6372492135213244,7.254328619247669,1.8817989654518519,1.2058541071086364,1.3433382583398148,1.7156888241423114,1.6496946901941947,1.4237015248140763,1.250121341294317,1.4846292005008088,1.5347755761232322,1.204462236994048,1.438689920041576,1.7129164806328632,2.051819772194712,1.2880370849853995,1.2204099342245631,1.5829381636726656,1.386863299789065,1.5792406933251535,1.4879525575154606,1.0918026417734157,0.9428157642525176,1.092024222993598,1.2088593722465688,0.006466151319834946,0.7139404473214063,0.33903947635507314,0.5297471376982064,0.11754194704634253,0.1571680710137152,1.113875515807866,0.782661504431006,1.3346204677914917,1.17089364225409,0.8286419494184548,0.07501994940566926,0.4914382055171196,0.6101616907222954,0.28901629443734406,0.9095692161088378,1.4685387440505837,1.5821405984477463,1.2906371014278395,0.937355390846837,1.095170459056877,1.3041212986792101,1.1772684971615823,1.6674650424506443,1.457278480030915,1.8066986888150944,1.5550716769747008,1.634741764348783,1.1419424937960954,1.4819241153884826,1.220080773931638,0.9738373001443278,1.2492493633135735,1.1716174942399702,1.2942144523921821,1.5345731440277948,1.2760976044773906,1.4358719724861002,1.2401495908430955,1.6468119472733147,1.403316121557712,1.603221508426103,1.7434557363772276,0.44082023648940216,0.6137393789162295,0.897485883243558,0.1981327256518087,0.24480444890554118,1.0264839053632706,0.8861767424978026,0.5654292239499438,0.6908930791123307,1.1437638228741316,0.49106975277780457,-0.1976683567119712,0.5915335608402532,1.120533714910517,0.915646832454471,1.0262819988532448,0.9837412459403206,1.3327685292766114,0.8327801958892445,0.9103459629312317,0.7067480709680117,0.10273317364981079
ROI_013,0.7882628184564769,1.815954480681359,1.57631595713223,1.51794359032508,1.1532735572711783,1.2125016808325966,0.9339308233125082,1.510960757358116,1.3644204219933092,1.8721891244835656,1.7044135254457486,1.8817989654518543,7.254328619247669,1.4386674439331888,1.587273025745511,1.6644677124475091,1.8316788960739185,1.699302263778307,1.5418699795928146,1.569601654885238,1.7103762660737363,1.3371119772192348,1.6100876174395398,1.487125848755873,1.7509836440116313,1.0484633975174666,1.0550912342342371,1.337974342048106,1.3635726802779384,1.59941499080001,1.526837589490646,1.245077551354083,0.8881464597538173,1.1858445896513774,1.1367433235048812,-0.023596991152653058,0.6612920132536179,0.4526485842823225,0.611650440802159,0.21031710816164964,0.2072314510834612,1.0289999247500026,0.7155260930684064,1.2092712077532,1.1739258143822,0.8100622811731655,0.08762241278825364,0.4783876417831629,0.5919121415679148,0.2703013092619855,0.9586529343569542,1.5711682623519958,1.4884302603107735,1.42737745806134,1.0038535606717993,1.3224194651005492,1.4464507029601497,1.3313642150857132,1.4613357878334035,1.4782302153701259,1.5451709957083095,1.8667700588805252,1.7121763286265537,1.3199642975981107,1.6943456207523897,1.4475692731782726,0.9924642735842477,1.4232956256363147,1.2141903713755096,1.4434915141416236,1.6370164566556022,1.2760224270126403,1.4934236698206085,1.14087000702581,1.3624076450164588,1.2305372782642354,1.5337508656941958,1.5175373731072952,0.4834052569252496,0.6587050528221816,0.8274522499193161,0.22233878579902025,0.21579401163848322,0.8145754299187283,0.7752302123714218,0.5755976855153814,0.6476429830717281,0.9813524643394431,0.42631959527054475,-0.2514639558899268,0.6310478080809119,1.1991367593406905,0.8627909576024102,0.9913840182680226,0.9328021632415905,1.1726962418079794,0.769065052061269,0.917942140234392,0.7387796389159901,0.05701072831435809
ROI_014,0.5451106071493138,1.4982966792952728,1.6857693049809008,1.727620744747405,1.5200323932748723,1.4520429528870182,0.8882112625226988,2.1070060489718987,1.7983890773419795,1.4253234077367511,1.6079576311114172,1.205854107108636,1.4386674439331892,7.254328619247669,2.176303956962902,1.3372809777466501,1.6657300093407277,1.9853145945891417,1.8966956154764891,1.310443611448695,1.6485923977031132,1.428721651934008,1.6551606875816753,1.0732274389534187,1.1040323819232642,0.7592282596970743,0.6594305786703597,0.9745918611762876,1.0079458081117507,1.3006698140865125,1.0921282126669454,1.2604319733042995,0.7588240323240165,1.3422183454615197,1.17591124387413,-0.12048127299423732,0.47364461513740735,0.5360013767589178,0.8292355118262711,0.3527822685855335,0.2105599407054815,0.8905446753822133,0.7515105103792862,0.7446639531003533,0.9750567942409587,0.7032196744780548,0.17447210328837498,0.4665503390022782,0.3718575360275815,0.11690500476659717,0.6492379315167484,1.3366132411690124,1.2699632412280584,1.6554126694904925,1.1965757891492421,1.6804334237869907,1.7452297440966207,1.7635163718817142,1.1988020524369452,1.3142777379073434,1.0258063277919427,1.2995171207266294,1.396705739922695,1.8319512650904075,1.6206325567926352,2.137848306565665,0.9038069092665062,1.4962607906648258,1.3426217998377517,1.6868763383513177,1.4554995013188203,1.218188736749728,1.2558388994671932,0.9724996485421656,0.9553489155385848,0.8109373685456034,1.0598052263783808,0.9233681245406451,0.35296110395887587,0.6084529706426463,0.7689284513550664,0.3649505510917728,0.08276138122535204,0.7373324017383576,0.536833179008887,0.734813731438708,0.3888057943580978,0.6678212764340519,0.3454487057415168,-0.2887201531312863,0.5369532397231347,0.9530119413645692,0.6864208384169173,0.73811869219282,0.7533784466298953,0.810823348910423,0.6128010866544622,0.7537486034434192,0.5077883902390069,-0.10270034175501944
ROI_015,0.5937777518658127,1.716439078039659,1.761307907662264,1.8312206811962255,1.5410552805616935,1.5313821980214235,0.8915159656412617,2.1611505777082716,1.9445337962631823,1.5816281916519275,1.6594867893039371,1.3433382583398152,1.587273025745511,2.1763039569629,7.254328619247669,1.5070418726903527,1.7867427991527145,2.121104081600659,1.8822803976983777,1.4818768302416825,1.9629179776981367,1.3489814318439368,1.5810282709118457,1.169319988762897,1.2150534343933934,0.7821995679296451,0.7754279428395375,1.1559592391195617,1.2244497136626624,1.4877893391032828,1.284172804505275,1.22665290017244,0.754887266796228,1.338264479469407,1.155562214791276,-0.0860787450757375,0.5280667935235573,0.5271827953156645,0.7534452636398795,0.2777040001996505,0.18316350655772118,0.8981263980395728,0.6846408452372651,0.8852567739540603,1.0454559915621873,0.7923296194268951,0.09948273010033874,0.4866957286905994,0.44704353540392777,0.15993548770568958,0.7489822307799684,1.5599347159393322,1.5133040662164994,1.8062160100662372,1.3029796612528148,1.836511550406209,2.070214710193263,1.9435167548297134,1.4230996486334981,1.623030981247159,1.2330320451666552,1.537629061546251,1.7216179520271708,2.1082709419172674,2.0189620135455906,2.5981969288722566,1.0645128625073448,1.8039318538863023,1.5530754087013727,1.831357640782077,1.8366573966819995,1.4651399619924161,1.487635853625675,1.153747526531797,1.1474585751053532,0.9842048547532516,1.2147333620383434,1.0580179095760616,0.434177604595938,0.6264566269756284,0.9265854760378017,0.3842602051983717,0.17897157476960038,0.8279312277815982,0.6943319798268771,0.8262714928907291,0.45539569609946606,0.8034241551721065,0.38833939455594174,-0.22098478809716912,0.6489535915456353,1.1270339454951321,0.8357836761134058,0.8602598862354036,0.8940774715771436,0.9609213737022773,0.7200258682018351,0.9254177974561857,0.6084888779391794,-0.09184800864502932
ROI_016,0.9252551489088136,2.1809154429297597,1.5008496734558903,1.7955392538558816,1.3853090492754223,1.3873921657377064,1.1174463135437287,1.4242685366238883,1.452116564344801,1.8998186553266239,1.517031564841083,1.7156888241423114,1.6644677124475091,1.3372809777466506,1.5070418726903534,7.254328619247669,1.7932802199703886,1.5722551464883545,1.4668698891226626,1.8063058571192543,1.5755796160471176,1.3614988580717065,1.3957757308169088,1.698319069744291,1.593269711083325,0.9265189470547744,1.0002581003644917,1.4006748558418176,1.4695426294030838,1.602630434360881,1.443024679355669,1.2602314391051461,1.0593320469490612,1.3265851086444551,1.2190881220181278,0.10582507962382208,0.8150109981752188,0.5718897277132189,0.6809641042771757,0.24493078687807987,0.31544898381861103,1.0354553106010713,0.7841011452203351,1.214418767806417,1.2997814962993492,0.9682357943420743,0.16008975151079777,0.4794662469397076,0.7302616390447068,0.3884938910967021,1.0125293290380528,1.7683590542681709,1.9584406343161804,1.7840804296964494,1.334610095377518,1.3184116646611646,1.5365790984272263,1.4272536771187585,1.588341405037715,1.4832364742295319,1.4917119825788019,1.4333657679831513,1.792056455285855,1.3459262904206928,1.7417203054621984,1.373479016972384,1.2440255819794168,1.384334337524965,1.3600222467999403,1.4501496658616841,1.642586696430189,1.304308805731823,1.572675011895299,1.2533704816146352,1.3871203939392718,1.2718495248727066,1.7317534444182123,1.3522652582999326,0.5875131751794191,0.7159843191499269,1.0326128509141606,0.3822942181670405,0.36670107686107983,0.9656958384896578,0.8773631906685243,0.8177368499848123,0.7742506297301635,1.0741286073364904,0.5756440231554438,-0.05478615895967664,0.7669347212376143,1.2457148464049856,1.0382383229365555,1.140057977474838,1.190386903772404,1.2134580321457797,0.9885367814529331,1.051656110178846,0.8671952774493894,0.1812148102623516
ROI_017,0.6867489579467161,1.690907931899092,1.5958055242983469,1.7116336939397592,1.3148822159416846,1.334258493783815,0.9390255268914135,1.742926434130465,1.549637390853275,1.8416801282946367,1.74785618237562,1.6496946901941953,1.8316788960739174,1.6657300093407286,1.7867427991527134,1.7932802199703906,7.254328619247669,1.9267267885351511,1.666773898594688,1.432636485450176,1.8119900004939111,1.6080914847794165,1.5730800685076929,1.4512850619416944,1.5060606027255916,0.9727542285567276,0.8846578186401554,1.2529413994281309,1.263255661011175,1.4994035581062646,1.3854735786238286,1.2359547521722432,0.9282839508793184,1.4570830205758902,1.3717857955093944,-0.02007362561784165,0.6077932032168967,0.4526211018843938,0.6938863572556432,0.23904115995210842,0.21319904206653767,0.9578135162589354,0.7566562678340889,0.983405183038477,1.1439723862871252,0.7276946087748108,0.12914166434518087,0.48393906660490055,0.48461246076226966,0.16937771375493613,0.8025864266375619,1.4614444962284239,1.5168746528819528,1.5846389472487548,1.1261162638429685,1.4218808854266913,1.6047164763358992,1.5140966185221216,1.4670333402894333,1.479126359563585,1.4263026376312382,1.5090904556923277,1.6221112698395537,1.4766252122958359,1.7053132547691687,1.5740821139206198,1.005037244260399,1.5161940430229837,1.4196869816905389,1.5982903503946215,1.591075806116592,1.341592205835027,1.4494125959386994,1.1040349396375326,1.3030409719156137,1.0863813410200924,1.3249409776756318,1.203395446771279,0.40734693964445906,0.6354376825550319,0.9094424160567112,0.38191664453134827,0.1901597381977299,0.9328718168952008,0.7246061953364734,0.7456425103500794,0.5551458845727437,0.8897094925525395,0.45814663282606394,-0.24610460310352192,0.5593338176843572,1.1145434169050603,0.769509319899281,0.8856560952375828,0.9156462631476892,1.0414957614182547,0.7223108197373117,0.9150936055563252,0.6156968746327742,-0.022971776848937166
ROI_018,0.6612145974186133,1.7356257735326106,1.820937639196312,1.7538455771118502,1.5134143522714452,1.4940973007039964,0.9469960176789967,2.0322165353536126,1.7007242949837156,1.6422765482615094,1.675459703952032,1.4237015248140763,1.699302263778307,1.9853145945891417,2.121104081600657,1.5722551464883552,1.9267267885351511,7.254328619247669,2.0029256198257417,1.5885796551595317,1.7971251886338602,1.4849089944619038,1.6863604391198461,1.2573926070365191,1.2965027659928203,0.8368888475531722,0.7543863997832324,1.0906940780649708,1.1126922972266258,1.471739683385539,1.3254054985153607,1.2738104776309152,0.7962154667299384,1.5711351515740346,1.1564368871987019,-0.044762330641382096,0.5629724872930699,0.5030282735398581,0.7268096899400929,0.33075354067531776,0.22971804403156043,0.8857055408629836,0.6705496636496818,0.8910415356073215,1.0352868147044327,0.6768183158171097,0.10736490002895574,0.4811560585156167,0.46294489597004984,0.17140908976218064,0.7837920779721175,1.485902650644976,1.4058837527986696,1.6473441399242599,1.1992098454887263,1.7789547600411653,1.729760390911796,1.602579492544717,1.3181255712980564,1.4104043123873116,1.1983158360351744,1.4500094522544047,1.5761267415584295,1.664209655560126,1.8648256377909234,1.8862125583898453,1.0850961197075288,1.5897711245325636,1.474009764590172,1.9427346983348595,1.5854179871051481,1.2915542491557064,1.402618360977127,1.0920949612332065,1.0954874053909198,0.941099698729118,1.25965924387649,1.0817273701339094,0.4399342630336754,0.6614983282293229,0.8797652147574413,0.4047671554148716,0.1272016060946403,0.7850323729454777,0.6102144826039836,0.7379020935338036,0.5135306422694755,0.7971317442237468,0.45874851519507664,-0.25876351341646203,0.57602752539135,1.0282601102424935,0.7382310953574798,0.7992423340964319,0.835020649314873,0.925944239357415,0.6393266224287021,0.8756883101879268,0.645394064684543,-0.03792061748182401
ROI_019,0.6189899270024911,1.639245478820139,1.7243106571576086,1.7929080831965887,1.5555310368020083,1.447970899070131,0.9128097319284605,1.8947688650402261,1.5809827730540487,1.4478479871100876,1.501732679451621,1.250121341294317,1.5418699795928152,1.8966956154764905,1.882280397698379,1.4668698891226626,1.666773898594688,2.0029256198257404,7.254328619247669,1.4312435272479394,1.617469025318334,1.3871991127645773,1.4518611904429517,1.0818372943778694,1.1645917126710448,0.7037954836659017,0.6423847986982678,0.9736314031800055,1.0941358106690262,1.312724951384692,1.2112570111404661,1.2066003475704155,0.7610697177394138,1.2873696926395826,1.0199641828276842,-0.10415914833017717,0.5107970960213438,0.5774619943778104,0.783237297938685,0.312561173845264,0.20389523191838582,0.8221040177903883,0.6445091535267896,0.8212828874411273,0.9416105765238437,0.6964245546547989,0.10445384862192304,0.35047040686407727,0.45600568594616026,0.14087886725809975,0.7937073165389976,1.50446175675502,1.3054528740213676,1.7189888993845344,1.2329226426660964,1.6439492062043233,1.6611678489233044,1.6212966464376282,1.213828136620841,1.3289918652029222,1.0823447646023554,1.3864799762445152,1.5161530459102561,1.6768477572854696,1.7378679446989023,1.8712896525380815,0.9869149559014889,1.611300095510408,1.3462354713372566,1.6565809909738065,1.4536267944156431,1.2039625948904502,1.3082688800738616,0.9795380927282428,0.9973488931790442,0.8726930533181516,1.1760179676491402,0.9972037168883273,0.4812606551848857,0.6223545050187876,0.802348601621737,0.3706354876235412,0.1350894835161103,0.6601163826975814,0.5522467650849697,0.7434033981715225,0.4692957179390122,0.7272004263818621,0.3475174770890052,-0.25877460432407345,0.596107347477469,1.045103524201747,0.7343726524794386,0.8020975761828338,0.8311637844384419,0.8661038448541328,0.6543218870051587,0.8135744350403066,0.6338130276600067,-0.0552382364598654
ROI_020,0.9378632555326207,1.9638477081720995,1.5149685279230172,1.6580179217726425,1.4760007712442669,1.4485741822343512,1.1773713651345699,1.3694846265338367,1.3379481418430195,1.5540850041344207,1.3733575471651605,1.4846292005008095,1.569601654885238,1.310443611448695,1.4818768302416832,1.8063058571192543,1.432636485450176,1.5885796551595317,1.4312435272479394,7.254328619247669,1.4748657999863888,1.2400433959826371,1.4114340256887519,1.404209414470665,1.3155753072078409,0.8062584343566057,0.9702241237838941,1.2302097123990918,1.3270905068872378,1.6616263733836492,1.3356560516667055,1.1664306990887932,0.9012394137204238,1.24590833670581,1.0353448965385559,0.14422191879062954,0.8159450699436461,0.59598274788438,0.6777787823677648,0.3315994419020142,0.35013186301848664,1.0006491598856486,0.667245662299464,1.1635101835782782,1.2287161883345548,0.9257165308377593,0.15629784443830058,0.49997211217971677,0.7666908283782795,0.469295042416148,0.999732600788017,1.688687604414605,1.6058619314989273,1.599469861086428,1.4174489335857015,1.35317541258341,1.4574863501826603,1.3183952091649775,1.3117971628084357,1.3152046876750223,1.2488081707153091,1.2905998202448938,1.5952589041310372,1.2664070141075405,1.8094251042448877,1.3503729586543975,1.3650082119902351,1.2765212669519594,1.26668138321139,1.450066194302973,1.630103023932494,1.1452225252064456,1.3852407449452377,1.2377792211031469,1.1651268583980567,1.06929939296857,1.7391238006630547,1.274344051428359,0.6338946639388311,0.6839632044839768,0.9331508791127128,0.365977312077494,0.3479548734988988,0.790678460919241,0.7856457711799417,0.7649159596175775,0.7018425871876494,0.9775120908735077,0.661940371684743,-0.05088852756231639,0.7471018374410493,1.1055597158388177,1.0039386197107907,0.9976576010309869,1.0588133247833285,1.088275437575321,0.9086529646563036,0.9769796134152292,0.9279958079605276,0.21338617837804333
ROI_021,0.6405964660644357,1.6138672128677354,1.6555053044766492,1.5147954622062383,1.2153185386368173,1.2379767853051398,0.8486582982714974,1.6999583008806567,1.4892447215998255,1.7647817515590487,1.6377631927673817,1.5347755761232322,1.7103762660737363,1.6485923977031132,1.962917977698138,1.575579616047117,1.8119900004939111,1.7971251886338602,1.617469025318334,1.4748657999863883,7.254328619247669,1.2062042650262341,1.5010908132451597,1.2644872229523727,1.3946210676780553,0.8769699095427644,0.9164539350626211,1.2455340850683776,1.4208175058191834,1.4642228411733553,1.4319000883519653,1.1072140785431688,0.8685773085482911,1.1871521308952047,1.2051831727811093,-0.05308154003401141,0.552480256681744,0.3907265213296046,0.5989627126758321,0.15701289074192845,0.136997433195248,0.8904839319226143,0.6518195690157735,1.0320061740049262,1.1216096618708906,0.7781865527447431,0.09393699723358202,0.5381409087614429,0.4664430857398054,0.18526841631087346,0.8360982934294982,1.4915179561902394,1.4926482143116289,1.5152305044408712,1.0985837812545258,1.451679319270006,1.5924962355190224,1.5589886803418664,1.5087480523057448,1.4881025715782727,1.4372579480589653,1.6169403245450913,1.6755423479075122,1.4937322522458323,1.881198069741118,1.7179893079548554,0.9529967622083055,1.5228780687024333,1.3452343511214453,1.4916847771471473,1.9904698079356349,1.3329439119550284,1.4012772965140663,1.077984725986292,1.3197985455369914,1.0962185033948944,1.2835495832619015,1.2285669650609459,0.43532011739728427,0.5661486901115388,0.8786656061257652,0.31688944241197825,0.2208721466589531,0.8780714777111817,0.7848447362819574,0.7004595473691192,0.5284650077919191,0.9132885270444093,0.38963852504513186,-0.2722868600835562,0.6155116882015923,1.0865180686376985,0.7917761986355972,0.8513012208909765,0.9094715569196405,1.1351292663157708,0.7372499722099489,0.927878525311377,0.5845554240110986,-0.0666683281366918
ROI_022,0.6305569415141374,1.3191798082375545,1.4389253363655972,1.5147111435385616,1.332180058059169,1.2779999637579753,1.0223487892226197,1.368072419180038,1.3017174852213589,1.2409137031322022,1.3476602347381788,1.2044622369940476,1.3371119772192352,1.4287216519340085,1.3489814318439368,1.3614988580717065,1.6080914847794165,1.4849089944619038,1.3871991127645773,1.2400433959826371,1.2062042650262341,7.254328619247669,1.323722045530651,1.201422639095811,1.0768827074072282,0.9141386020180314,0.6756209958607123,0.9268533036141616,0.9132380394648514,1.34085862234701,0.8993412852500285,1.1518309012037096,0.897855722319761,1.46079715131647,1.2403926522254416,-0.010748215898990016,0.5450130349355018,0.6755148820174952,0.9547680116569742,0.5201969764744342,0.314191893960957,1.0146899597089656,0.9337808448166993,0.6982523854492333,0.935311273608691,0.6475890205799274,0.28335571220981254,0.36082873644686664,0.4626003033465411,0.20890531727545764,0.6270855015043599,1.1011058058690328,1.12296128333129,1.3347383003429663,1.125809105467392,1.1895910621333605,1.239605203009925,1.193749588404197,1.0227932923734981,1.110822199190984,0.9744002391448446,1.0538184689662375,1.1726376387990807,1.185259318610144,1.2419858041476597,1.282799849669408,0.8913246738209999,1.1172614694839118,1.0667465360495278,1.2369488940773716,1.1994502106940752,0.9862588722444515,1.086655056392874,0.9059081773752962,0.8639067060517649,0.8064247347418824,1.0637240288240137,0.9377821320089849,0.2898739972253303,0.6148184227681766,0.6653070263056984,0.408549999428694,0.10146635324560245,0.6827604223394796,0.4606855482335912,0.7296728867613798,0.479558946908437,0.6432937102770482,0.49716183310931267,-0.18886819702149849,0.46268812577886476,0.8170996662924586,0.6885334714550184,0.7198425027736646,0.7781374084356304,0.6945986947574276,0.6167966809690317,0.6207012690222938,0.5791882805134796,0.08997447033309527
ROI_023,0.7537344450168807,1.5443843460275424,1.5965347542166397,1.4595152244229501,1.193765009398064,1.1128080554608886,0.8517076804615907,1.4236391447864147,1.2904022457855258,1.5810397735594128,1.437579515447899,1.438689920041576,1.6100876174395398,1.6551606875816745,1.581028270911845,1.395775730816908,1.5730800685076922,1.6863604391198452,1.4518611904429513,1.4114340256887519,1.501090813245159,1.3237220455306506,7.254328619247669,1.2963735385059043,1.344191784978337,0.9404221063719534,0.837539147531566,1.1274414787257077,1.0545191742589253,1.5054680808638612,1.1898649568390192,1.2952280386800024,0.8253151625255235,1.372496823617693,1.1454467309293719,-0.046253206918821094,0.6459053545459448,0.43817988918353157,0.617668514326553,0.30207930554469653,0.21792802362121086,0.8597155454866676,0.696967409234148,0.9420255722875946,1.029590010639535,0.7105922533744884,0.13666668083782654,0.5282596393227635,0.5034259799891753,0.27512758602924847,0.8643758934371972,1.3228214039742716,1.3056638243365901,1.3668647306316877,0.9728375601999762,1.2759073106695247,1.3422781276755607,1.232321159773895,1.2618590977286166,1.2366792461140772,1.1867298142533456,1.3101880030588802,1.4258961444329008,1.2798888024162347,1.5222770921839905,1.4571074082256226,1.0141580847102567,1.2878536957914555,1.229100178812928,1.5764754097726925,1.3901347808404836,1.1433767302784994,1.3588768348260711,1.0861001675662196,1.0832652641191804,1.0079611522136227,1.3171468220250742,1.2113971711394744,0.44002735224949624,0.7829494081805534,0.802263112047375,0.30939629729587226,0.17294125120011297,0.7529210694500875,0.6364603423128613,0.5897873119884162,0.5639764612724535,0.7942647493206842,0.4485891562868593,-0.2377103645362449,0.5679462097606967,0.988601067570447,0.7058692588832268,0.844690239073373,0.7804134600233799,0.9203689310644453,0.6510289704339991,0.865985247435958,0.5980077582946215,0.06463515032819636
ROI_024,0.9392342964613908,1.5187071904804033,1.2096984094623828,1.2964621638876856,1.0378354202617757,1.0430850913126177,0.9891671456528848,1.079950808278659,1.0772963665170394,1.6439068031707114,1.4089534121724585,1.7129164806328632,1.4871258487558734,1.0732274389534187,1.169319988762897,1.6983190697442918,1.451285061941694,1.2573926070365187,1.0818372943778694,1.404209414470665,1.2644872229523723,1.201422639095811,1.2963735385059043,7.254328619247669,1.7095855084494032,1.2092424303575928,1.1066737808422222,1.456558159316252,1.3580869512718237,1.4821231770674823,1.3208042693527227,1.0762951119190434,0.9555036838256127,1.1348256501926197,1.2017458721692074,0.11270925749338614,0.8658601281882398,0.4354962386177692,0.6432516225944139,0.27402974244901457,0.31218851897708366,1.0783740677835967,0.8316184545656865,1.2286664471384399,1.2087964358912053,0.8991916461892602,0.2025160508609024,0.5174696271812258,0.7720335618846411,0.38587222989708897,0.913422546929616,1.2365209676030497,1.4291388440702604,1.1692064024753623,0.9703250467692669,0.9775625358814305,1.1162788311552732,1.0122760944743614,1.3423888757863605,1.1538186994525064,1.4160544410478038,1.1651251001070784,1.2937043146959677,0.9744737921367679,1.2343244394447923,1.059657707797086,1.049388443478094,1.029723055795548,1.057007258483811,1.1055550487740287,1.2551399403471653,1.0791609296312776,1.258750667781736,1.2043565854821299,1.3107337830635637,1.2151355862939728,1.573369195177544,1.4547817326676742,0.5130971359727221,0.6408823681865431,0.943042348449452,0.2722207144402093,0.33566222399055745,1.042821141790687,0.8677480755824379,0.6491389408349186,0.8129008324635465,1.2270350497247313,0.6415252817640766,-0.05518906213280345,0.6636898775232425,1.0732756668845576,0.9817261495789966,0.9919337516622582,1.077066175409898,1.1828463721518798,0.9512123859586978,0.9301793130055003,0.8535887416861738,0.25698998226959957
ROI_025,0.8601111336912468,1.5349429726316905,1.2240888489446047,1.217067880196475,0.911992310087755,0.9415657783574837,0.840947990528554,1.1664120388562016,1.0564738450170434,1.951796882698285,1.4785844278105291,2.051819772194712,1.7509836440116322,1.1040323819232642,1.2150534343933939,1.593269711083325,1.5060606027255916,1.2965027659928203,1.1645917126710448,1.3155753072078413,1.3946210676780553,1.076882707407228,1.344191784978337,1.7095855084494032,7.254328619247669,1.2342494064635006,1.2641518706995651,1.5789254461109565,1.3863269636290694,1.3708042934799216,1.4729286297339454,1.0624933535187169,0.861289647039092,1.0275225160084378,1.181546596949944,0.010740763688906191,0.7515461564391747,0.3255685669802609,0.49183043560037604,0.10099181416599787,0.15631705999830894,1.0226018430724577,0.7436107854842983,1.3307692974511396,1.1830394511059399,0.8432475843118128,0.0836691352885261,0.4931931765639552,0.6492879209920787,0.29574585580526563,0.9391159329671439,1.3076959746789014,1.405219031640869,1.163984541179799,0.8407145346239777,0.9858349031178711,1.1481396326063793,1.0520695728102751,1.4984840684414127,1.268440350313069,1.6357881392141824,1.4791023025459815,1.450757426794766,1.024410187949945,1.3271894860936413,1.0986431741410423,0.8892047713488254,1.1139169958451403,1.075113309912463,1.1679346437923561,1.3115213153212955,1.1741452169906748,1.280177437912124,1.1228359983912202,1.5252553985628505,1.341709070813891,1.5113730917923414,1.6505144429719198,0.48556445636580087,0.6003422267585294,0.8582294377983352,0.1616242858321338,0.26999346986731815,0.989168139818198,0.897184925242695,0.4993945940148971,0.7639555649276973,1.1945866126658984,0.4630238426393395,-0.21140548088419742,0.5872877991468705,1.1106948546027686,0.8845930480013682,1.0026979777255027,0.9562288333111072,1.3324904509795148,0.8481244169821616,0.8877590307996867,0.698087791961432,0.11684050222531008
ROI_026,0.6243696955956174,0.9091746508250264,0.8262333446502128,0.775661111983482,0.5550390456958411,0.5801987593095405,0.6416778292631564,0.766464336127784,0.7043491444265251,1.1058329842053845,1.1175170150869438,1.2880370849853995,1.0484633975174666,0.7592282596970743,0.7821995679296453,0.9265189470547744,0.9727542285567276,0.8368888475531719,0.7037954836659017,0.8062584343566057,0.8769699095427647,0.9141386020180314,0.9404221063719537,1.209242430357593,1.2342494064635001,7.254328619247669,1.1617298529696962,1.0676054988503225,0.8397885117742878,0.9769182806658411,0.7913616615963903,0.8171023844664649,0.7405099374793449,0.7242646861741804,1.1144859347257874,-0.016334700861769032,0.6025044144603048,0.2106361806846209,0.48713607987371527,0.17512715008269025,0.10987914174640515,1.0362586805982859,1.0081156575056223,0.8724939338668671,0.8152185084722083,0.6548850803139641,0.22312908423199274,0.4475601477527763,0.4589502693419616,0.23330374043571786,0.5111161073704347,0.7333279730664668,0.8690640313378024,0.7237221122542175,0.5041973590610086,0.6133232779623411,0.7390361304068979,0.6762221775957045,0.9813682786354267,0.8674041758326282,1.0583191148738316,0.8922754567138766,0.8288035473105908,0.650703338884408,0.7428319370997174,0.725455598260112,0.5387407014243907,0.6710103465305332,0.6485146736730768,0.723642229794597,0.8675813453864107,0.7847638786567845,0.7867528967315551,0.8364182864220912,0.9821022187872467,0.9528589822712772,0.8976814364703585,1.1673479029674543,0.10371659309213828,0.4553635972796904,0.5033343271169729,0.010518520472620101,0.08564315551156154,0.8672713092323848,0.6455889639581275,0.2760059782247884,0.5952155054906171,0.8507358409101555,0.38432174531831365,-0.22783770505073006,0.3169897345210179,0.6713629735982397,0.645633931894314,0.6441442351797679,0.6340580912559031,0.8486211392448829,0.6193119745247694,0.4781201822206437,0.4396302123214258,0.1807402636188891
ROI_027,0.8933394539976319,0.9633628646560388,0.7863719728274621,0.7623370053314015,0.5703628262493546,0.6273235624841921,0.7381372593321166,0.70955879160292,0.7059607803855021,1.1070533365139765,0.9383906339922778,1.2204099342245633,1.0550912342342371,0.6594305786703597,0.7754279428395375,1.0002581003644917,0.8846578186401554,0.7543863997832326,0.6423847986982678,0.9702241237838941,0.9164539350626209,0.6756209958607123,0.837539147531566,1.1066737808422227,1.2641518706995651,1.1617298529696962,7.254328619247669,1.3605915313571697,1.1373778779969452,1.0519897702108192,0.9871825761462238,0.7551276161962754,0.7770752069861658,0.6195450680512737,0.9471774005138465,0.19138387324188047,0.8211252370519849,0.22895349817428387,0.3492972214623622,0.04288100637917599,0.1812060018513766,1.0144758592775225,0.6848179727110104,1.416486816650815,1.1697612474989392,1.0090838675813578,0.1495427203592431,0.6069920618203332,0.7036482513790677,0.4734349252856049,0.7924751273623725,0.9095893911687167,1.017124222048391,0.7780783341728783,0.6231016360436921,0.6256227545273892,0.7821591394898907,0.7195825829302602,1.0901240327556452,0.9146061202096541,1.1719220700273085,0.9950931853441799,0.9410375889312698,0.6520891914683075,0.8658753472791312,0.6788102257794543,0.7247485472264164,0.6983661870285103,0.719097464007014,0.7249452470897005,0.9732760688383882,0.8354973646131068,0.8733518951839109,0.9910892168028904,1.135897651350322,1.1125916518241432,1.1119888836559468,1.3106650717121946,0.3907371293226804,0.4564269168069199,0.6529196180224792,0.06516159823595116,0.4423321098344154,0.9039211844460504,1.1139235521689492,0.378657799754754,0.7215089240816406,1.189996199555999,0.5010774201642909,-0.038890412698652725,0.5772596879358582,0.8775815246014639,0.9276537843167837,0.8921530929437029,0.8675805623848977,1.2307642146665332,0.9548714254334033,0.735042966724666,0.6211459778467895,0.28837546922405893
ROI_028,0.7608243209948419,1.376797886845984,1.127361967142846,1.0975070274568466,0.8586193454877175,0.9044068100923075,0.7089341163804216,1.031209610594537,1.0209687924762487,1.6090835832098647,1.1660623770495302,1.5829381636726656,1.3379743420481056,0.9745918611762876,1.1559592391195612,1.4006748558418172,1.2529413994281313,1.0906940780649708,0.9736314031800052,1.2302097123990916,1.2455340850683776,0.9268533036141616,1.1274414787257077,1.456558159316252,1.5789254461109565,1.0676054988503225,1.3605915313571701,7.254328619247669,1.580057861380458,1.5070012859699904,1.3714170489659703,0.8887733361036592,0.7767704820571026,0.9034361886157752,1.0602728552290708,0.031139953211895874,0.7340463234391853,0.2979258465426751,0.46733123440315805,0.04613010905177711,0.09150650670009167,0.9729480756013285,0.653059081245939,1.482388665623793,1.1440020860240203,1.004430374804782,0.0031854968697403816,0.47135936172585347,0.628645422624553,0.31389942730327947,0.8815830021719673,1.3323221858225223,1.4841460281950747,1.106365832632797,0.8829238221711655,0.9095072788049275,1.1711972710272345,1.064201010685647,1.6561737549598623,1.323738428315466,1.7004956280323937,1.3594682999006882,1.3937857952634274,1.0199229203003295,1.2676748544488976,1.0401725416510712,0.9944175998035683,1.1308582622656622,1.1975678777773755,1.132988590887059,1.3002181576819458,1.3387889371712907,1.3251001864114624,1.4485544382425088,1.6508320637097729,1.4980344153125573,1.5400669581501443,1.678964664195559,0.5747023135183217,0.5253980561519583,1.066618260533186,0.2635508375963163,0.4343295058198366,1.1360661391703293,1.1934690904532745,0.6693741729256794,0.6635503717822755,1.4167858185575966,0.5023226070004893,-0.05893525738310687,0.7475764122554027,1.2371897896358672,1.1870483988156864,1.151796884340531,1.18674617318855,1.4432064070279709,1.0562181906789896,1.0640501105075695,0.6952503577697302,0.11813220457725623
ROI_029,0.791774641067104,1.4116635891079512,1.1887670338752692,1.221750563483707,0.9775710094160831,1.0471300562596901,0.8309624132321037,1.0612527113651726,1.079836630267236,1.5087592693442522,1.176141361570159,1.386863299789065,1.3635726802779384,1.0079458081117507,1.2244497136626624,1.4695426294030833,1.263255661011175,1.1126922972266258,1.0941358106690262,1.3270905068872378,1.4208175058191834,0.9132380394648517,1.0545191742589255,1.3580869512718237,1.386326963629069,0.8397885117742878,1.1373778779969452,1.580057861380458,7.254328619247669,1.3630540792858101,1.3180742414488293,0.9041431644357746,0.7731872326762022,0.8952696995775075,0.9418748991795984,0.08154815590168986,0.7275953351977326,0.40597019126386213,0.5035808652057264,0.08387339262223237,0.16781398577805237,0.8789879530643806,0.5840266735605577,1.3080831022897998,1.1338353890172106,0.9602656676649303,0.062132397009388,0.4685153439150504,0.7384292909064251,0.3451311693812222,0.9864128044015519,1.3917601111034645,1.507482757436342,1.2287817098768168,1.0187094936910277,0.978077998045445,1.2081440330076194,1.1309115766423796,1.4826159654257984,1.3366001171924027,1.5361244451886866,1.373440410915264,1.4650273551785304,1.0828572210643304,1.3695586823394807,1.1141149805009294,1.0321365538519396,1.2280983677096582,1.1752579623935102,1.0776450777024422,1.4310001919374913,1.2546025511091499,1.3459051492263043,1.2627881987957899,1.4487349701921433,1.3622263263544814,1.538293364856287,1.3906812559314887,0.6478432087619554,0.5259547110633822,1.0091419758769804,0.28931902911792345,0.47944354049660565,0.9338612929468497,1.1098741750856171,0.7119938287052909,0.6999040798839458,1.1785554933743427,0.49408565445469027,-0.03253613956091873,0.7903135613807472,1.2905481774445953,1.1261123042741497,1.035954292341331,1.1691278992637115,1.336760775881595,1.0070789031890401,1.0329295620057415,0.7972155078327925,0.10127378724230424
ROI_030,0.7861010775422966,1.7144986447572124,1.5830466979717148,1.5132337022793418,1.2345996142162297,1.2239926281372842,0.9082225573323551,1.3340638136666978,1.2795786824779734,1.586827381098158,1.319469513859788,1.5792406933251526,1.5994149908000093,1.300669814086513,1.4877893391032833,1.6026304343608817,1.4994035581062646,1.4717396833855396,1.312724951384692,1.6616263733836492,1.4642228411733553,1.34085862234701,1.5054680808638612,1.4821231770674828,1.3708042934799216,0.9769182806658411,1.0519897702108194,1.5070012859699904,1.3630540792858101,7.254328619247669,1.3266277933376582,1.1108588465524694,0.8425078466985748,1.1821668991974617,1.0435723007480453,-0.009262466879170686,0.7047271035820825,0.5498046307431881,0.7363590444703361,0.3162720821101779,0.20671304474840932,1.0780961637031226,0.7171930919444861,1.1959644631514252,1.0951053715314203,0.9799461137631089,0.10173236515801883,0.44049256285385185,0.597343460172978,0.3299928140172346,0.8961042031849189,1.5402855467685177,1.505356905613634,1.380063038256955,1.1612991583203114,1.2100431822145064,1.3985415952471014,1.2582552726347682,1.4031081159714198,1.3264862451356427,1.361816325127799,1.3881127575398569,1.5096501383288836,1.2366982695232744,1.5883216437865013,1.3600257407084182,1.151311657922475,1.2809495257506356,1.257215619248423,1.3896978307688532,1.5937558662362794,1.2836834575846319,1.4283378510759799,1.3752724574454926,1.2271842144729344,1.1680921352987719,1.580975353856407,1.4931863731473158,0.5809120118530632,0.6508788426804485,0.9436697678415618,0.3312982277181504,0.2985480047643127,0.8063669354876815,0.836968339237279,0.7612160685205183,0.6000117335818849,1.0969472355087193,0.5494213571711842,-0.10731672874181125,0.7228035286583268,1.1553412628838076,1.0541631293710119,1.0187151488456563,1.1119362233831063,1.0556396613431587,0.9394772508662829,0.9843743071398018,0.7587991607068665,0.1447835532336517
ROI_031,0.7567625127219805,1.4915592828379522,1.2201899505224678,1.2084873110806744,1.009126987764549,1.0216127343803685,0.7121076050320932,1.2152558386949794,1.1628027948614417,1.5325826439437056,1.2252835567822007,1.4879525575154606,1.526837589490646,1.0921282126669454,1.284172804505275,1.443024679355669,1.385473578623829,1.3254054985153607,1.2112570111404661,1.335656051666705,1.4319000883519648,0.8993412852500285,1.1898649568390192,1.3208042693527227,1.4729286297339454,0.7913616615963903,0.9871825761462238,1.3714170489659703,1.3180742414488293,1.3266277933376582,7.254328619247669,0.9939609977334045,0.7493379690041366,0.9493483470618687,0.915382133082326,-0.011043563604231322,0.6708297823958597,0.2881033976688905,0.41172304592664044,0.013317917136360059,0.1280123097144331,0.8208802851753524,0.48795744871567176,1.5162481879118892,1.2021689309260182,0.8280157209386784,-0.05805584601053565,0.48298226085416396,0.5421850817440362,0.22968044846618163,1.0288582105863986,1.5302751610138594,1.481681310127379,1.2191984792922803,0.934082923010982,1.1204678753304658,1.2890823225143802,1.2084807473207237,1.4483201218162935,1.2793827387900085,1.5560571743569493,1.509007249646459,1.499277929096553,1.1605845082240067,1.5258776287263998,1.1886212319834337,1.0333348075250366,1.2874377128955954,1.2096770624969813,1.2989636266206501,1.3075124497061839,1.2521029622635786,1.4743597676176927,1.1900700054925695,1.4704903901820567,1.1996043207279226,1.3930723397702802,1.3729758001454417,0.696719114822039,0.5826159625209442,1.0941160985091913,0.2815354312443178,0.3826907724596691,0.985889545592154,1.0160639856224984,0.67680746191641,0.6280017204588715,1.268202364692324,0.4343094622594432,-0.14057700537526635,0.7947286845566635,1.2770390225364916,0.9467805289153642,1.0946031301429566,1.096327903581008,1.6102877451171769,0.9186165979066006,1.2652484972920048,0.7413613410867536,0.030125238545722674
ROI_032,0.7723983715435485,1.3328528264836328,1.1936344072703502,1.3954304234630344,1.2131729253840051,1.1275832027579034,0.9330489272571723,1.2447765059930167,1.265546676017484,1.1769378126998464,1.2218094850105468,1.0918026417734157,1.2450775513540835,1.2604319733042995,1.2266529001724396,1.2602314391051461,1.2359547521722427,1.2738104776309152,1.2066003475704155,1.1664306990887927,1.1072140785431683,1.1518309012037096,1.2952280386800024,1.0762951119190434,1.0624933535187169,0.8171023844664649,0.7551276161962754,0.8887733361036594,0.9041431644357746,1.1108588465524694,0.9939609977334045,7.254328619247669,0.8621988757169213,1.1077547381054451,0.9798423115313314,0.018480468154728907,0.7471034148731986,0.710442218474981,0.7145088008171421,0.3748803313378653,0.36568162280208305,0.8776947893710949,0.7920611753660639,0.8650725069235514,1.054637373180393,0.8239288637489025,0.24909494414373426,0.48590424629403556,0.6211146871781004,0.3270702657306298,0.8534143124915584,1.1634257660323997,1.2236432519576106,1.4020200305973978,0.9919434285869408,1.1933228494958303,1.2247825858777528,1.2267724522693182,1.0912866333430828,1.1132711241957651,0.9278367569965699,1.1368563487587178,1.2194151984330095,1.2421536956658108,1.1873831807840733,1.1802623086762645,0.9415406151725694,1.1568722786890362,1.0448802779163013,1.2128769234575651,1.0917009320572422,1.0062055691704805,1.1607860809516481,0.9411251985471812,0.8515321517144608,0.8944000928770992,1.057857891029048,0.9168475549938505,0.4785411752015517,1.1003049705814933,0.7574050867801873,0.31610257799988173,0.26870077478213356,0.6487511947288593,0.6552577140737357,0.6024488390084013,0.6120851867649468,0.7038546117061726,0.3623496230357914,-0.11302271016036351,0.6252263605845779,1.0488495123819142,0.7826799346209226,0.8922759671278759,0.7958031047597838,0.852281566235258,0.7171749988739788,0.7564070117125171,0.7178379250858365,0.171578561601371
ROI_033,0.8973061956145795,0.9095024217650924,0.7695367822640443,0.8567132426314849,0.7652878687132804,0.7655253576976885,1.0687381533559064,0.7358338458810287,0.8011314339299435,0.8823730604926093,0.8816343757784681,0.9428157642525176,0.8881464597538173,0.7588240323240163,0.754887266796228,1.059332046949061,0.9282839508793184,0.7962154667299384,0.7610697177394138,0.9012394137204238,0.8685773085482911,0.897855722319761,0.8253151625255235,0.9555036838256127,0.861289647039092,0.7405099374793449,0.7770752069861661,0.7767704820571025,0.7731872326762022,0.8425078466985746,0.7493379690041366,0.8621988757169213,7.254328619247669,0.8162035239957425,1.0497953682267251,0.38612474294886584,0.6776322927890334,0.44801024019888064,0.5993581720751436,0.33068397709664643,0.5334318858426659,0.9034718983324255,0.799226533910693,0.8281460468133701,1.092680672758127,0.7489021491934978,0.495338250481949,0.5963326365447158,0.6978137653442118,0.5474258468317511,0.7317989181174732,0.791624460499297,0.8420552544257165,0.8544365839885331,0.7434428705866603,0.6944211298001174,0.6945433840390188,0.7236274829227737,0.7586363210391912,0.7004137718764202,0.7747759869472236,0.7052075132942717,0.7991659277638973,0.6401671467501578,0.7921980176811876,0.676125448445646,0.6380541470879652,0.6377338012093868,0.6110008821789673,0.6652327385474552,0.8534429363969012,0.5739789843015626,0.7536747125621427,0.5863260533283919,0.7016989034754436,0.6873613035431959,0.8850084366712986,0.7921390684788557,0.2613474914265958,0.46170538094232616,0.5065470552493416,0.2772066399215491,0.3664391331102939,0.6077934227532088,0.5386609343731641,0.5206737411591538,0.746810496064206,0.717825162756317,0.5670007018717031,-0.0014222740775385499,0.48720905758957606,0.5489721644950887,0.5755958710118072,0.6893274248612806,0.752868511210341,0.764778553135946,0.7212736875414728,0.5515176235415497,0.6326880359901927,0.45230141381474914
ROI_034,0.7210041181262606,1.301880158077922,1.292828273622041,1.3240514270097201,1.2559864343369098,1.2651925942029618,0.9677024484065929,1.2286887780036877,1.2736438251579136,1.21012565597953,1.133019858573682,1.0920242229935981,1.1858445896513774,1.3422183454615193,1.338264479469407,1.3265851086444544,1.4570830205758902,1.5711351515740346,1.2873696926395826,1.24590833670581,1.1871521308952042,1.46079715131647,1.372496823617693,1.1348256501926193,1.0275225160084374,0.7242646861741802,0.6195450680512737,0.9034361886157752,0.8952696995775075,1.1821668991974617,0.9493483470618689,1.1077547381054451,0.8162035239957425,7.254328619247669,1.1178554801681362,0.15932907304002394,0.7006515039386936,0.5277543101784755,0.6989798801512941,0.4723490507083169,0.41560839462331384,0.7543890891996753,0.6965560425518238,0.7107759866244203,0.9654407946033629,0.5625805932985497,0.2391261463911535,0.5830092688871352,0.49953236318721983,0.2874818515298292,0.7684843831302919,1.1473688847929193,1.154005624613467,1.2839727850027611,1.0912915984174227,1.284926788458192,1.2519191952695525,1.1877658228511545,1.0691368551053027,1.093514821420094,0.9491624214382328,1.020299428259551,1.205565886245025,1.2003955584171082,1.2571567705752937,1.210749099276354,1.1480556342356647,1.1708677604791815,1.3256662261154095,1.4921557411315212,1.0887881658336054,1.0659637211420383,1.216681402578504,1.030578865075404,0.8862308234757694,0.8311718324004999,1.1233612799573067,0.8521760211173307,0.4031322695278781,0.7259706260394324,0.9210601147673896,0.6852857648211472,0.22213462441325416,0.7895940184203368,0.5484914579869548,0.8823841048569255,0.6241111239020912,0.6907047230722052,0.6878947507357452,-0.03897097062363849,0.5567183809812639,0.8673723099353033,0.6544005095806816,0.7658244074094966,0.8377057360248561,0.7219416591275742,0.5795282589779602,0.8172392479803583,0.6602274058737017,0.1078924778753335
ROI_035,0.682910473522937,1.1093770301040171,1.0623209503595148,1.122724273549623,0.9379316917978119,0.9494410669877408,0.9692242574340297,1.0763827051283843,1.0905625770828353,1.24603399121642,1.3556814215659863,1.2088593722465684,1.1367433235048812,1.17591124387413,1.155562214791276,1.2190881220181278,1.3717857955093944,1.1564368871987019,1.019964182827684,1.0353448965385557,1.2051831727811089,1.2403926522254412,1.145446730929372,1.201745872169207,1.1815465969499435,1.1144859347257878,0.9471774005138468,1.0602728552290708,0.9418748991795984,1.0435723007480453,0.915382133082326,0.9798423115313314,1.0497953682267251,1.1178554801681364,7.254328619247669,0.17447669059175275,0.680218891461321,0.3753137814219674,0.7086906029872756,0.30633727341168143,0.3340830235410295,1.045430769756342,1.1236647262912076,0.8112154473661315,1.270453669815184,0.7703915165728217,0.4277675375417584,0.6448790230745866,0.49483126923340104,0.29373288753814175,0.5501452733918334,0.9347706313671393,1.086303192365403,1.100688971034655,0.8947376660062885,0.9056012773286036,1.0464542492562516,1.0650606282410033,1.0810835801912455,1.0501542087446876,1.053057187662945,0.9632056338361941,1.0453418536724841,0.9834484259201505,1.0405342662798247,1.0371849587060937,0.7209103958386294,0.9050340445539815,0.9233716904157977,0.9991044801421114,1.0698941920681766,0.9134370480438043,0.9502715486251826,0.848709618484162,0.9646203071954226,0.8348861523311599,0.9833958561611519,0.9253387015952257,0.17183112163996642,0.4477681573133389,0.6700087029757169,0.3734702693888706,0.24974222505966664,1.0619876750066222,0.6667294259621499,0.6671706620990626,0.5980797150329165,0.7961372798994605,0.5568380957462897,-0.13493105037356715,0.4623319529180253,0.7451171892333406,0.6902131672400545,0.7183664593493335,0.8103868955307356,0.8966217225085686,0.7589777300481994,0.6203794120848737,0.46414634478888733,0.12478944676622288
ROI_036,0.42261634795711134,0.03474782085049337,-0.10464074660463658,-0.021813207362685303,0.03788644111201914,0.09357611362860069,0.4824167254101709,-0.16311211656529923,-0.026779162995303873,-0.04037655892872526,-0.04896436525734082,0.006466151319834946,-0.023596991152653058,-0.12048127299423732,-0.0860787450757375,0.10582507962382208,-0.020073625617841647,-0.044762330641382096,-0.10415914833017714,0.14422191879062954,-0.05308154003401141,-0.010748215898990016,-0.046253206918821094,0.11270925749338614,0.010740763688906191,-0.016334700861769032,0.19138387324188047,0.031139953211895874,0.08154815590168986,-0.009262466879170686,-0.011043563604231322,0.01848046815472891,0.38612474294886584,0.15932907304002394,0.17447669059175275,7.254328619247669,0.5471132328105494,0.13871990252019004,0.031126732749985554,0.29958080298897316,1.0040431459514716,0.1658191553544351,0.1890689329471804,0.16833617927395125,0.3374554377117484,0.20941768435255445,0.6790470701603742,0.5315035344074511,0.6281382107129714,0.9873426356772856,0.19876581799536555,0.0018117236521541765,0.03434624957373541,0.012823747578272138,0.13557816356249125,-0.051059593211917706,-0.09142421002179328,-0.06518833591113446,-0.052880400404965895,-0.05496410244631154,-0.031063850395848133,-0.12167645417569406,-0.021168726597040072,-0.13187383892689483,-0.02342323929316829,-0.16274955576424485,0.21477948702666125,-0.1425158193443591,-0.048832365877319185,-0.07227132636088456,-0.046269319621297406,-0.13021291868366608,0.029526610138301462,0.036288182799574374,-0.034613815621265545,0.002293853053338937,0.17021487618846307,-0.02311213770911528,0.12009611014346615,0.06766781851635625,0.13165275570421367,0.4266519436081449,0.5825444349401192,0.17508446226453633,0.1750360139690444,0.2418455821321822,0.6047529347792139,0.13518079066725885,0.7249232613063628,0.7438854106206122,0.18697049982466168,-0.052886110595087577,0.1490962669495459,0.10724322897886028,0.24478379072156423,0.10119861940569427,0.30195394566205325,0.10786578603045768,0.424855237668941,0.8005826127044173
ROI_037,0.9789574097456166,0.777427117246488,0.5519540403337423,0.6460954642901168,0.550408148787255,0.5721325964399733,0.7883690616012813,0.4432313141911842,0.5116336327092142,0.6859053558871259,0.5431014864243439,0.7139404473214063,0.6612920132536181,0.4736446151374074,0.5280667935235573,0.8150109981752185,0.6077932032168967,0.5629724872930699,0.5107970960213438,0.8159450699436461,0.552480256681744,0.5450130349355018,0.6459053545459446,0.8658601281882398,0.7515461564391747,0.602504414460305,0.8211252370519847,0.7340463234391853,0.7275953351977325,0.7047271035820825,0.6708297823958597,0.7471034148731984,0.6776322927890336,0.7006515039386936,0.6802188914613211,0.5471132328105492,7.254328619247669,0.42588277084300413,0.38443151465221426,0.30245817486560644,0.6308872265459422,0.6491451657159638,0.6403418073685476,0.8680703457177928,0.9176092362099132,0.8376257825311227,0.38377306357634494,0.58886636646484,0.9655877480725256,0.8811157637954969,0.8527406769821498,0.7191317057277378,0.7866727930903432,0.6716092758289803,0.6377005783669705,0.5025212304636448,0.5678468426445965,0.538247899257948,0.7193547555887005,0.6010097442233852,0.6672511674272238,0.5762219706655528,0.6912834745738363,0.4852877934705103,0.609282495170706,0.45585400346466276,0.8450737660038885,0.4768308932429654,0.5960212643976338,0.6035972688344307,0.5837081989430256,0.5564861370711023,0.7216476240739929,0.8093289180443733,0.6497700111250375,0.7532988475508838,0.9261529333018028,0.7625678773421561,0.5490947601305811,0.7043047352541839,0.7177328191553276,0.44253135301310303,0.7198465627109503,0.7123574855872125,0.795134565485335,0.5535239767578473,1.1337104998150076,0.8469202973827651,0.8560183910998921,0.4172310629704221,0.7321433889977177,0.7353737321382983,0.836914381907671,0.8769880791852864,0.9299714122822563,0.7759943851445187,0.925836117264181,0.6710005038048016,0.8344999930097121,0.6951281999886008
ROI_038,0.41411885319481967,0.5838379826149445,0.5747947961384684,0.7249239563903233,0.8253008530727737,0.7916664907578673,0.8140266574277731,0.527984919572137,0.5997514198143942,0.3785298881080425,0.46166258717234765,0.3390394763550731,0.4526485842823225,0.5360013767589178,0.5271827953156645,0.5718897277132188,0.45262110188439375,0.5030282735398582,0.5774619943778102,0.59598274788438,0.3907265213296046,0.6755148820174952,0.43817988918353157,0.4354962386177692,0.32556856698026077,0.21063618068462095,0.22895349817428384,0.2979258465426751,0.40597019126386213,0.5498046307431881,0.2881033976688905,0.710442218474981,0.44801024019888064,0.5277543101784755,0.3753137814219674,0.13871990252019004,0.42588277084300424,7.254328619247669,0.9312322991522294,0.7897597486901341,0.6036325045430538,0.5363750491515761,0.5341407083044014,0.2772212711896055,0.45007285870642233,0.6551886819524563,0.42380385491920336,0.10928746787024397,0.6119280516217022,0.4600379092443391,0.3956362200005174,0.5479348213829462,0.5035415286630506,0.6854051624353167,0.8107186730057663,0.583542967820867,0.5411863437043466,0.5496616172784667,0.333882502588418,0.43129611406254265,0.2513297297316826,0.39895555767552243,0.47427553985167664,0.5661204400017341,0.5103473647886928,0.553015238523454,0.5717288081607496,0.45923952981789884,0.4097305096855513,0.45166185731817,0.4831430742009487,0.3799990796868089,0.4754900256178096,0.39469690310429456,0.19851489606061992,0.27515869072903365,0.4836769818397438,0.28981226376925157,0.45422168664215384,0.5761718719869477,0.28663891893188215,0.2742135858336942,0.26864165646857124,0.1090276141445121,0.17552616090077247,0.5364768427581245,0.3703067433421566,0.22865457823194907,0.309039373208077,0.22492951892149785,0.503439079113896,0.47381417655228764,0.567492894871246,0.4591006044674066,0.5054907022154224,0.22768621595575142,0.5380518860749682,0.3212761235981699,0.6658314996361779,0.3966023196542612
ROI_039,0.3518275278604386,0.7140933743227859,0.7538556886766209,0.8938201363743131,0.9855697125355326,0.9101143654365226,0.9290897462855685,0.8042341961323168,0.8350322617526136,0.5564592584869447,0.7412103762903642,0.5297471376982064,0.611650440802159,0.8292355118262711,0.7534452636398797,0.6809641042771759,0.6938863572556432,0.7268096899400929,0.783237297938685,0.6777787823677648,0.5989627126758321,0.9547680116569742,0.617668514326553,0.6432516225944139,0.49183043560037604,0.4871360798737152,0.3492972214623622,0.46733123440315794,0.5035808652057265,0.7363590444703361,0.41172304592664044,0.7145088008171421,0.5993581720751435,0.6989798801512941,0.7086906029872756,0.031126732749985554,0.38443151465221426,0.9312322991522294,7.254328619247669,0.9966110674181413,0.518821293951434,0.8956381081695575,0.9222712939397919,0.3284927275612574,0.6038694825118402,0.712873457075128,0.575629795642695,0.2222797499341942,0.43120230680105553,0.19784568158184104,0.2481088879118768,0.5582153312882568,0.5581717640979584,0.7779294897691942,0.9192665906568479,0.712185771679401,0.6979977948802666,0.7455888689048596,0.4439041105422285,0.514858309389493,0.34542858795368386,0.4782082721037952,0.5272039517765914,0.714178785252634,0.5879695598543218,0.7612419939550548,0.4638590589074957,0.5616195527734497,0.5361257427117402,0.5779867096501287,0.6313444778661189,0.4840700849124604,0.49111919216707206,0.4815705505174651,0.2788790414275385,0.2569460287204675,0.5178751824549184,0.3820906936188224,0.12365714412902219,0.3136523507025595,0.3267891480780442,0.2873106747217166,0.030948447943339057,0.3095930228797513,0.1682674335583335,0.6366229091384793,0.2316024923639079,0.3989575230514868,0.35556567671892864,-0.027152055165219964,0.34110761651660915,0.44161741493934537,0.5518386549640354,0.3484896177008746,0.533990950210667,0.31183346155901953,0.5580162243409229,0.25194080087087656,0.4911847559039041,0.2022845094994658
ROI_040,0.26107580317837115,0.27749157947263653,0.30142073101655026,0.36765741989443795,0.5054382540432547,0.4779703516560457,0.7025246944792277,0.28304453881592617,0.3344549226694679,0.1264770425646979,0.256192407181633,0.11754194704634253,0.21031710816164964,0.3527822685855335,0.2777040001996505,0.2449307868780798,0.23904115995210842,0.33075354067531776,0.312561173845264,0.3315994419020141,0.1570128907419284,0.5201969764744342,0.30207930554469653,0.27402974244901457,0.10099181416599787,0.17512715008269025,0.042881006379175995,0.04613010905177712,0.08387339262223238,0.3162720821101778,0.013317917136360059,0.37488033133786536,0.33068397709664643,0.4723490507083169,0.30633727341168143,0.29958080298897316,0.30245817486560644,0.7897597486901341,0.9966110674181411,7.254328619247669,0.8269874508793934,0.45342945827644116,0.5387650691580396,-0.008394236308743015,0.2610256542997575,0.31672419709023175,0.7971246117264758,0.20596116359418273,0.37451196443002444,0.36852260646897667,0.10664256081722821,0.14740682534764357,0.12463778653174955,0.29722677419305277,0.44513943001374784,0.35143665900230525,0.2270004885525775,0.23191585758097163,0.013559107424962842,0.07279676351457146,-0.06929699063755917,0.04566689711423788,0.10760813105090641,0.2277674209726094,0.17978015577203,0.2761748336710972,0.27713735287949176,0.135099468587089,0.14240895766744915,0.22015624193889383,0.17209897285677622,0.06879491481984186,0.1296139063789024,0.1522960559122879,-0.13309925057686733,-0.0825875603435501,0.19887742116426235,0.03034321764057837,0.039872681353915314,0.2603541567444276,0.05611946790964933,0.34268099529966856,0.012112622792713345,-0.029142384916490897,-0.1533558265969731,0.3691244816908227,0.23556169097579635,0.06300299772404486,0.4459531522164873,0.21929770533105503,0.12724525861866062,0.04928156559808839,0.20015192309815003,0.03950690532833364,0.20402937054525647,-0.0927173465139135,0.21916248260485277,-0.030769426508155413,0.4178461116016249,0.4788009217482345
ROI_041,0.52170564326685,0.27813792746924865,0.1984995628569145,0.2973332048194596,0.39454005286695165,0.4568694726732446,0.8695511736769037,0.16166921091075098,0.2813670475076886,0.12157599310097428,0.2034309246796719,0.1571680710137152,0.20723145108346117,0.2105599407054815,0.18316350655772118,0.31544898381861103,0.21319904206653767,0.22971804403156043,0.20389523191838582,0.3501318630184866,0.136997433195248,0.314191893960957,0.21792802362121086,0.31218851897708366,0.15631705999830892,0.10987914174640515,0.1812060018513766,0.09150650670009167,0.16781398577805237,0.20671304474840924,0.1280123097144331,0.36568162280208305,0.5334318858426659,0.4156083946233138,0.3340830235410294,1.0040431459514711,0.6308872265459422,0.6036325045430537,0.518821293951434,0.8269874508793932,7.254328619247669,0.4166968551732345,0.5029373711463498,0.21839414907976792,0.5174359446868149,0.4635162000140192,1.0393097264505875,0.6087656510633789,0.8014907373810684,0.907569066821302,0.3053710369677411,0.1933331955368743,0.1920819588421585,0.29028105000823423,0.43795075660070554,0.26467707953707653,0.16370684377284234,0.21234953431458878,0.06051049911729029,0.0934450910592115,0.013546746129889617,0.06519043392498931,0.1443315994505527,0.15056468476418963,0.1814858180491569,0.14914724291804798,0.3350489996775467,0.07604080809562515,0.10509596844398218,0.15115474396825032,0.14819869842440828,0.016628510679130418,0.19457650211216002,0.13602593860863846,-0.022994264249610315,0.02064469514387607,0.29506270768287857,0.0500118114970275,0.17701962650646264,0.30917774461741626,0.17519492670214168,0.4016563960028624,0.40900039416719214,0.16980773956060546,0.09664155863444657,0.3770164575337265,0.540509306070845,0.18716277608091103,0.6152112773477234,0.5460115929355642,0.29852045985904596,0.11647505761739263,0.26969556438692355,0.2201784721375445,0.3442718472179055,0.15172614141166754,0.441923037272068,0.15449819945947305,0.673392990671323,0.8060517659339315
ROI_042,0.7113611089407499,1.0650903517614927,0.9190499250698242,0.9899545638192376,0.8882137159469579,0.9323094557335435,1.0973251729203264,0.9224850613086116,0.9720375799668757,0.9918014830664318,1.1434527202023856,1.113875515807866,1.0289999247500023,0.8905446753822135,0.8981263980395728,1.0354553106010713,0.9578135162589354,0.8857055408629836,0.8221040177903883,1.0006491598856488,0.8904839319226143,1.0146899597089656,0.8597155454866676,1.0783740677835965,1.0226018430724575,1.036258680598286,1.014475859277522,0.9729480756013285,0.8789879530643804,1.0780961637031226,0.8208802851753525,0.8776947893710946,0.9034718983324252,0.7543890891996752,1.045430769756342,0.1658191553544351,0.6491451657159638,0.5363750491515761,0.8956381081695575,0.45342945827644116,0.41669685517323446,7.254328619247669,1.263872576830359,0.9146798937605454,1.0948460321825813,1.0797385220850928,0.4876283800180829,0.479427085155535,0.621212119586116,0.41812615629104455,0.5879255114834551,0.892135862056424,0.9477650478300529,0.9623897533012217,0.8851358832904035,0.8002401576097184,0.9091877951954547,0.9085666316871689,0.8756989894814345,0.857452559828918,0.8211849353907357,0.8596522247946006,0.8810053508884472,0.8170200765298973,0.8571514346284114,0.8535069106284509,0.639226189841122,0.7387552257653774,0.6924826859994737,0.7603989413758437,0.925526110422641,0.7722214590631481,0.8102139112246416,0.8202967822278803,0.7680646903200798,0.7339783514925188,0.946475742075763,0.9201612342558588,0.24829408243873882,0.43059789802522946,0.5777645940140625,0.172260867215552,0.24559107095954028,0.7873922112377428,0.6327410106045379,0.5744542676261556,0.5808572614799388,0.8516682370418269,0.5252526768288456,-0.010618417034842493,0.4946845742048977,0.7088455377073325,0.9107066996401239,0.733432638765766,0.866842047749708,0.8488966660168936,0.9586766737792807,0.49643096707636497,0.6434329711590667,0.31046479050674036
ROI_043,0.5122019967355002,0.7691375962748974,0.6969173510710278,0.7686175946033416,0.669990369305577,0.6860278299376725,0.9111491315370588,0.6994618773271956,0.7566280441978371,0.7349443034012565,0.889105167821746,0.7826615044310058,0.7155260930684064,0.7515105103792862,0.6846408452372651,0.7841011452203351,0.7566562678340887,0.6705496636496818,0.6445091535267896,0.6672456622994639,0.6518195690157733,0.9337808448166993,0.696967409234148,0.8316184545656865,0.7436107854842983,1.0081156575056223,0.6848179727110104,0.653059081245939,0.5840266735605577,0.717193091944486,0.4879574487156717,0.7920611753660639,0.7992265339106928,0.696556042551824,1.1236647262912076,0.18906893294718044,0.6403418073685475,0.5341407083044014,0.9222712939397919,0.5387650691580396,0.50293737114635,1.2638725768303594,7.254328619247669,0.5361878772655173,0.8172881261766707,0.8296620167285388,0.7413114645800754,0.4254458425609001,0.4905308718269277,0.3942996474557285,0.3292591411500198,0.5848816051245782,0.6985093171528973,0.7634377052142525,0.6696464485467509,0.5975913491968605,0.6815454942151742,0.7324589088286754,0.66678358063517,0.6738554445357735,0.5878605652641744,0.5949411712410295,0.6327597557146055,0.6453605541846482,0.5832186664412409,0.6700040018159983,0.40954012509537746,0.519310091673421,0.4988312374691744,0.5686520199261311,0.6563552474253704,0.5722544890099429,0.5908521186774763,0.5722763830676602,0.5393496878295142,0.5490138760088696,0.6286646824973015,0.6252645176250204,0.004964272217125311,0.3939532725810812,0.3732337512097739,0.16561496985662383,0.13512009482655896,0.7204835818094855,0.4098322085474736,0.47478665640299506,0.5132800262423622,0.535180753626292,0.38439466251241683,0.02896856302871414,0.3337243348588722,0.4907118368583433,0.6570020786829422,0.5586545354091175,0.6422370765947648,0.5364037110411142,0.7142457765592721,0.2486727492117954,0.4040022424193367,0.32314632962284906
ROI_044,0.9748566582318465,1.2072595910083983,0.9469925338718094,0.9095515460489783,0.7379573316209241,0.7737974087446701,0.730647841043459,0.8156143651175213,0.8401672108724719,1.2304647057308287,0.9372214290925078,1.3346204677914912,1.2092712077532,0.7446639531003533,0.8852567739540603,1.2144187678064173,0.983405183038477,0.8910415356073212,0.8212828874411271,1.1635101835782782,1.0320061740049262,0.6982523854492333,0.9420255722875949,1.2286664471384399,1.3307692974511391,0.8724939338668671,1.4164868166508156,1.4823886656237935,1.3080831022897994,1.1959644631514252,1.5162481879118885,0.8650725069235513,0.8281460468133701,0.7107759866244203,0.8112154473661313,0.16833617927395125,0.8680703457177928,0.2772212711896055,0.3284927275612574,-0.008394236308743015,0.21839414907976792,0.9146798937605454,0.5361878772655174,7.254328619247669,1.2968181326457353,1.0799107748358456,0.036819571160553635,0.5468235221881866,0.8014765271611994,0.49270602412646525,1.163809885270129,1.2218745054148497,1.2522667164767112,0.9537482058301856,0.7730914236533658,0.7796997495953836,0.9249990559208053,0.867600948540659,1.2366802782072297,1.013781399268031,1.3383898828834009,1.1688930184580788,1.159491887869641,0.7979159226068354,1.093276145123093,0.8062482266700792,0.9440528659081652,0.9065460564978783,0.898924290588729,0.90925393499901,1.048893899881342,0.9755333883059238,1.162660912880655,1.1660436620438803,1.2991162125126052,1.2684796229493949,1.4359232230673722,1.4895174336466854,0.7174151923127173,0.5873028558619448,0.9720812909121866,0.1961598957129794,0.5908705221829492,0.9453434712793602,1.3063249335060025,0.5487915504210206,0.8208721144733392,1.5035746706294815,0.5314919914756479,0.040166324991020894,0.8489469274200524,1.1667300267422485,1.121933543420442,1.1634351613269989,1.1729239488701368,1.8178326485410043,1.1959399161023847,1.1498264090441805,0.8885204386002207,0.2978574807389379
ROI_045,1.0494869766770005,1.2066483455263814,1.0480160608624576,1.0994460252341418,0.9862176211241684,1.0444340087470092,1.1347834152726919,0.9655546903339719,1.0859444211684484,1.1600450114143643,1.1059077054909618,1.1708936422540897,1.1739258143822,0.9750567942409587,1.0454559915621873,1.2997814962993492,1.1439723862871252,1.0352868147044327,0.9416105765238437,1.2287161883345548,1.1216096618708906,0.935311273608691,1.029590010639535,1.208796435891206,1.1830394511059394,0.8152185084722083,1.169761247498939,1.1440020860240203,1.1338353890172106,1.0951053715314198,1.2021689309260182,1.054637373180393,1.0926806727581275,0.9654407946033631,1.270453669815184,0.3374554377117484,0.9176092362099132,0.4500728587064223,0.6038694825118402,0.2610256542997575,0.5174359446868149,1.0948460321825815,0.8172881261766707,1.2968181326457353,7.254328619247669,1.1081153469020095,0.3806946753652556,0.8380699520788941,0.8387909848090723,0.5476402376283692,0.9236840029574385,1.1357065780794835,1.210350304185089,1.142238703556812,1.018959372081074,0.9075473007618753,1.0319580100287262,1.0548503209417825,1.0860154246640037,1.0099716848629252,1.0545682719864367,1.037877009022005,1.1038315563712189,0.9394790142174942,1.1264062470664244,0.9239617543940449,0.9303623608265351,0.9089161246694704,0.9287676334544295,0.9646622719769524,1.0563442857449183,0.8848621062919956,1.0835952211159272,0.9802732640056739,0.976130970221125,0.9044832029655974,1.1974685317416038,0.9988763833562025,0.4971043380403562,0.5721525625108845,0.838438759071043,0.38913625048211864,0.5816547093827767,0.9881753646730337,0.9669344101941865,0.7357648530044726,0.7604416401186105,1.091620452188795,0.6685990566190241,0.07299683653005799,0.7329641520056039,0.9359398549045589,0.9507905836799477,0.9903312498163998,1.0834894614164818,1.3247959731527272,1.1166938038142715,0.8994175172009395,0.8374940207216413,0.3154734000528322
ROI_046,0.7382486264594981,0.9916530810976121,0.7792019130885027,0.8862884376288789,0.8028226276158287,0.8346038627773504,0.8892121491789092,0.7399061868560527,0.835332967937101,0.8332017597891183,0.7743520711566533,0.8286419494184547,0.8100622811731655,0.7032196744780547,0.7923296194268953,0.9682357943420743,0.7276946087748108,0.6768183158171097,0.6964245546547991,0.9257165308377593,0.7781865527447431,0.6475890205799275,0.7105922533744884,0.8991916461892604,0.8432475843118128,0.6548850803139641,1.0090838675813578,1.004430374804782,0.9602656676649303,0.9799461137631089,0.8280157209386781,0.8239288637489025,0.7489021491934977,0.5625805932985497,0.7703915165728218,0.20941768435255445,0.8376257825311229,0.6551886819524563,0.712873457075128,0.31672419709023175,0.4635162000140192,1.079738522085093,0.8296620167285388,1.0799107748358456,1.108115346902009,7.254328619247669,0.3803237911890045,0.4879578328101299,0.8668897327749931,0.6182052161921032,0.7478405452861484,0.9278883282772704,0.9737507198267764,0.9339388906459348,0.9464174826836492,0.7318184869153351,0.8445385964693645,0.8643117626377806,0.8669440932589063,0.7947669918181426,0.7558208858453836,0.8109492986265001,0.8452742570028999,0.767215664403411,0.8317956579572043,0.7705535566227797,0.7294585517257449,0.7001079019636174,0.6741842727601194,0.6721588394692438,0.8821860407094639,0.7750882483272264,0.8201246829447686,0.878055485812088,0.737583990039254,0.7825320305142098,0.9425564214995127,0.8486697793750766,0.5711687502160344,0.5271548254622914,0.7127196472969106,0.17669212218200614,0.6011762088373352,0.7175365456099735,0.9217508927877847,0.6777800343539292,0.6527457139292729,1.0151520281797226,0.4177291168646142,0.22645222614510072,0.8914795135316043,0.9173952596038211,1.3053309438932295,0.9796038599887439,1.1351521695031392,0.9652438823544733,1.6618645822735945,0.728955961856092,0.8421954482244635,0.4320522921726579
ROI_047,0.29272484801919896,0.11731957287297644,0.11355000987130329,0.16504606799773236,0.2195123674246415,0.23296049151883902,0.6485999196299165,0.08680176544714611,0.16470329531919303,0.04593389408924937,0.19744137887148516,0.07501994940566928,0.08762241278825363,0.17447210328837498,0.09948273010033874,0.16008975151079777,0.1291416643451809,0.10736490002895574,0.10445384862192304,0.15629784443830058,0.09393699723358204,0.28335571220981254,0.13666668083782657,0.20251605086090246,0.08366913528852611,0.22312908423199274,0.1495427203592431,0.003185496869740382,0.062132397009388,0.10173236515801883,-0.05805584601053565,0.24909494414373423,0.4953382504819489,0.2391261463911535,0.4277675375417584,0.6790470701603742,0.38377306357634505,0.42380385491920336,0.5756297956426952,0.7971246117264758,1.0393097264505875,0.48762838001808284,0.7413114645800754,0.036819571160553635,0.3806946753652556,0.3803237911890045,7.254328619247669,0.5130205547519193,0.42091450667384533,0.5785787173458404,0.041200582429843445,0.0007340310559416865,0.03704988326635105,0.15487696638402296,0.22886617166746545,0.08891640050722635,0.03925383572923125,0.1159426020422369,-0.035173870852955084,-0.0239499421521666,-0.08739267028343352,-0.060294152467619516,-0.005101855024061551,0.039575480944604384,0.03375027520054208,0.068338731426012,0.014621600279757112,-0.06779921590883159,-0.06328444724279492,-0.013317510937868182,0.04944224217538581,-0.1104829758831933,-0.011318643531400002,-0.029745953689610628,-0.1365883432461896,-0.10678970770289851,0.09269987522465967,-0.026530493569432663,-0.1840977074570372,0.09060093339614851,-0.08072562877129949,0.189779515045815,0.16452882131167104,0.12001696861293062,-0.05801641929127147,0.1978358937942936,0.31895639128659653,0.04889031377744918,0.37146464339722896,0.2866155848938254,0.017068045537707445,-0.10156615601954962,0.09940153589369179,0.00010857085905909079,0.15533636286695288,0.004976874271789546,0.3057885201375993,-0.15977253170731223,0.2327423413101943,0.6158596179268457
ROI_048,0.5807748991119381,0.4327959872568574,0.41650356892277873,0.3939543822515919,0.37375584366457487,0.4663842266007181,0.5752258772830154,0.39129758739459986,0.4690058068861654,0.4460487598247975,0.4692691268023953,0.4914382055171196,0.47838764178316306,0.4665503390022782,0.4866957286905994,0.47946624693970763,0.48393906660490055,0.4811560585156167,0.3504704068640772,0.4999721121797167,0.5381409087614428,0.3608287364468666,0.5282596393227635,0.517469627181226,0.4931931765639553,0.4475601477527763,0.6069920618203333,0.47135936172585347,0.4685153439150504,0.44049256285385185,0.482982260854164,0.48590424629403556,0.5963326365447157,0.5830092688871352,0.6448790230745866,0.5315035344074511,0.5888663664648399,0.10928746787024397,0.2222797499341942,0.20596116359418273,0.6087656510633791,0.479427085155535,0.42544584256090023,0.5468235221881866,0.8380699520788941,0.4879578328101299,0.5130205547519194,7.254328619247669,0.48587927628344296,0.49551185248097473,0.4630559240435497,0.42768016635198675,0.4514068683500563,0.41410697827660586,0.4024198796252816,0.42438785957167013,0.40603346356484366,0.4476009114522228,0.45371527513236026,0.41392408191463204,0.4207382032209375,0.4129809379684308,0.4353865134134228,0.39513780069093396,0.47585769939638634,0.4124111522784698,0.4527755865829191,0.3529821373149958,0.4245223493569284,0.43249925548040125,0.4488620164021047,0.3529634707582366,0.4815295007576737,0.43979203695654945,0.406416226886173,0.36062459025420873,0.4928030299934,0.396469396672124,0.12612416959232975,0.311737887796335,0.43686103260593545,0.3601541829691534,0.4113536688156764,0.6113893553324832,0.5094632515232413,0.38819352846984917,0.5021368588716058,0.5323947618627132,0.5669669485122456,0.1497369814054588,0.3658611224343078,0.33325100769733473,0.3082960757162599,0.38486716742564,0.4377763383168471,0.5706750688575706,0.48084058739586866,0.48516787952295964,0.4317391321921286,0.2849842277221298
ROI_049,0.9474819686472874,0.6762721848710017,0.5137260819811308,0.6150316977831181,0.5936258268223695,0.6192856070735269,0.9958575907577948,0.3855035218883271,0.4762854937106547,0.5570946850005889,0.5137359076695381,0.6101616907222956,0.5919121415679148,0.3718575360275815,0.4470435354039279,0.7302616390447068,0.48461246076226966,0.46294489597004995,0.45600568594616037,0.7666908283782795,0.46644308573980536,0.4626003033465411,0.5034259799891752,0.7720335618846411,0.6492879209920787,0.4589502693419616,0.7036482513790677,0.628645422624553,0.7384292909064251,0.597343460172978,0.5421850817440362,0.6211146871781004,0.6978137653442118,0.49953236318721983,0.49483126923340104,0.6281382107129715,0.9655877480725253,0.6119280516217022,0.4312023068010555,0.3745119644300245,0.8014907373810682,0.621212119586116,0.4905308718269276,0.8014765271611994,0.8387909848090723,0.8668897327749931,0.42091450667384545,0.48587927628344296,7.254328619247669,1.0582128702824225,0.7936700202602696,0.6005279159638365,0.6597129363222237,0.6027891819613671,0.6640714760269947,0.4247517105780528,0.45010505502624837,0.4212766788398344,0.5115995998424234,0.49588214985216506,0.5284593828620076,0.48627919114485973,0.5779786478479374,0.3891207755529703,0.5373084209454663,0.3879627151334513,0.7320608813761125,0.4211495927003916,0.4157024788089365,0.4073743976925891,0.5546150166066973,0.3878920850809519,0.5826667780297915,0.5738762335877305,0.49304132515465293,0.5745992659189504,0.838304761393827,0.602280229462094,0.5856279448369387,0.5561023972797734,0.5098366861555917,0.18985306236793445,0.6796219560309689,0.42923006981886547,0.6104589465056186,0.3943494818006568,0.9274514366800072,0.6561455241771069,0.653417078038204,0.39612018914726826,0.6231077943060023,0.5920979301503448,0.7724197039463275,0.6403791562560591,0.702268011077099,0.7004790137221838,0.8721658161344448,0.5503254861149999,1.2698191552938338,0.8167805167780765
ROI_050,0.7140264497297031,0.362913008911036,0.20504104005537171,0.26327857449865827,0.27994668995680216,0.28869721117721897,0.7148453704017699,0.07472440353383643,0.17576696509654274,0.23611466171247006,0.17903893314881433,0.28901629443734406,0.2703013092619855,0.1169050047665972,0.15993548770568958,0.3884938910967021,0.16937771375493613,0.17140908976218064,0.14087886725809973,0.469295042416148,0.18526841631087346,0.2089053172754577,0.27512758602924847,0.38587222989708897,0.2957458558052655,0.23330374043571786,0.4734349252856049,0.31389942730327947,0.3451311693812222,0.3299928140172346,0.22968044846618163,0.3270702657306298,0.5474258468317511,0.2874818515298293,0.2937328875381417,0.9873426356772856,0.8811157637954967,0.4600379092443391,0.19784568158184104,0.36852260646897667,0.907569066821302,0.4181261562910445,0.3942996474557285,0.49270602412646525,0.5476402376283693,0.6182052161921032,0.5785787173458404,0.49551185248097473,1.0582128702824225,7.254328619247669,0.5696544248527444,0.31799500471816194,0.33269364961577247,0.2952823363278723,0.376619617730852,0.1815336030885195,0.15125222800079277,0.1516563897557817,0.21918386826884675,0.2029419749474604,0.2300827728772643,0.16783470848471066,0.2712188455439333,0.09986432804303147,0.25505687621023954,0.1048900127875422,0.48303540554525853,0.08615466032336791,0.12563152497874763,0.162359155413885,0.2623458402001437,0.10783363047445965,0.3035950312766972,0.318513420963789,0.2116391910494597,0.31866249612148545,0.5019916144247241,0.34170636983448266,0.41774057224471345,0.40264273010503854,0.2504563413371839,0.21464397793123693,0.7079917014034413,0.2590820203207155,0.38618263590652263,0.26047869079392433,0.8568242899223283,0.36615996850868604,0.703897673187019,0.6550845153449568,0.4727740434254254,0.2334413878166389,0.5158597055336419,0.4502772198355818,0.4818795743745828,0.3570622562110558,0.6556653303185722,0.3136615358066467,0.7720213973200889,1.196853699833705
ROI_051,1.02303039422852,1.0121004492035026,0.8238666224392696,0.8012130726506684,0.7088026400389699,0.7019429382173671,0.6966477582578616,0.6646877880569629,0.696670581532634,0.9212104899248854,0.7022976403132658,0.9095692161088376,0.9586529343569542,0.6492379315167485,0.7489822307799684,1.0125293290380528,0.8025864266375619,0.7837920779721175,0.7937073165389974,0.999732600788017,0.8360982934294982,0.6270855015043599,0.8643758934371972,0.913422546929616,0.9391159329671439,0.5111161073704347,0.7924751273623725,0.8815830021719675,0.9864128044015522,0.8961042031849189,1.0288582105863988,0.8534143124915584,0.7317989181174732,0.7684843831302919,0.5501452733918334,0.19876581799536555,0.8527406769821498,0.3956362200005174,0.2481088879118768,0.10664256081722821,0.30537103696774115,0.5879255114834551,0.32925914115001986,1.163809885270129,0.9236840029574387,0.7478405452861484,0.041200582429843445,0.4630559240435497,0.7936700202602696,0.5696544248527444,7.254328619247669,1.1032734004041849,1.0115085640343893,0.8671467968388831,0.7019205087506011,0.7811152465751694,0.7755945261740157,0.7202786891054854,0.9624449563923178,0.8385192334153172,0.9471694279494989,0.9454913303084181,1.0287194575374754,0.7012648861165924,0.9252576211383751,0.6901835296904383,1.0713265537848127,0.8551282192077593,0.8450883964147291,0.8497297301398083,0.8358018274104377,0.8512503214571187,1.0550327040509824,0.9611411057947958,0.921084886003054,1.089548531984412,1.1722064151489193,1.028264986136127,0.9696489538878871,0.9229957429202702,0.9215059435796084,0.3570801395307434,0.6924568022903435,0.6138188748133114,0.9137817219534364,0.5687581725232994,0.9368301325510684,0.9606162054448438,0.5270704831651093,0.19663467289118913,0.9403402526987017,1.0558776995844594,0.8884714034608316,1.1773006435453681,0.9888355188608638,1.0338211189133901,0.8636011826709001,1.0607605705653849,1.0298799944576653,0.3873026367959253
ROI_052,0.812210308589916,1.9920888268828552,1.47202178562918,1.6313899351326924,1.3379441755457615,1.378991549018941,0.8910854973511027,1.4275421122751693,1.4616242316166663,1.6574417249732072,1.3207147010787685,1.4685387440505837,1.5711682623519958,1.3366132411690117,1.5599347159393315,1.768359054268173,1.4614444962284239,1.485902650644976,1.5044617567550194,1.688687604414606,1.4915179561902394,1.1011058058690335,1.3228214039742716,1.2365209676030502,1.3076959746789014,0.7333279730664668,0.9095893911687167,1.3323221858225223,1.391760111103464,1.5402855467685177,1.5302751610138594,1.1634257660323997,0.791624460499297,1.1473688847929198,0.9347706313671393,0.0018117236521541765,0.7191317057277378,0.5479348213829462,0.5582153312882568,0.14740682534764357,0.1933331955368743,0.8921358620564237,0.5848816051245781,1.2218745054148497,1.1357065780794837,0.9278883282772704,0.0007340310559416865,0.4276801663519867,0.6005279159638363,0.31799500471816194,1.1032734004041849,7.254328619247669,2.0162972610034124,1.806697898176018,1.2966526119915434,1.4388905515428538,1.8055767797715805,1.5779709200383485,1.7026544043036262,1.6834741505233597,1.4790927326954584,1.6632815351462389,2.1562365365541085,1.5806992911973452,1.9765678734811238,1.4889047670931246,1.3829129960738669,1.6721785014237864,1.5821817091958967,1.7190606049810173,1.5752736775931875,1.5820999080647804,1.9265095120990452,1.473237370240531,1.4339568929966144,1.3441623879158022,1.6657010335238287,1.332246591161848,0.7514261492047813,0.7550470940899012,1.1384223450702327,0.3886436044638789,0.40255217018183165,0.8838423369937917,0.9323927112886832,0.8443774472537866,0.6561672786520321,1.027999616931652,0.48472974777295125,-0.03597331304482704,0.9177624790406331,1.4980161004242352,1.1303104160237953,1.3485643916340448,1.2107221870754046,1.2228672803833456,0.9387282122419,1.1981664412828796,0.8422733032845713,0.07846630734290387
ROI_053,0.8377763183135453,1.9681672728107633,1.4105397779913575,1.6541819970244116,1.2884089307525592,1.2822229976126576,0.8955926907489786,1.3683468936767482,1.486532129960014,1.8015193527960522,1.4297281117791238,1.582140598447747,1.4884302603107742,1.2699632412280584,1.5133040662164994,1.958440634316179,1.5168746528819534,1.4058837527986696,1.3054528740213676,1.6058619314989266,1.4926482143116293,1.12296128333129,1.3056638243365901,1.4291388440702604,1.4052190316408686,0.8690640313378026,1.017124222048391,1.4841460281950754,1.507482757436343,1.5053569056136347,1.4816813101273796,1.2236432519576106,0.8420552544257168,1.1540056246134673,1.0863031923654032,0.03434624957373541,0.7866727930903434,0.5035415286630506,0.5581717640979585,0.12463778653174955,0.1920819588421585,0.9477650478300529,0.6985093171528973,1.2522667164767114,1.2103503041850894,0.9737507198267767,0.03704988326635105,0.45140686835005617,0.6597129363222237,0.33269364961577247,1.0115085640343893,2.0162972610034124,7.254328619247669,1.8599070204755552,1.2988870609530179,1.2977676763997965,1.780860242335688,1.567051141397972,2.0154495550919305,1.8865251305389046,1.7068864485145685,1.6065441465377917,2.1808279533329706,1.5249506940843034,1.7615846550023735,1.4053580687737193,1.3560193196085548,1.6050732891440496,1.593881817593075,1.5498375711765795,1.6389033854525437,1.6677511883473242,1.8955512004911803,1.540565259685224,1.6349334534635698,1.4998297559579326,1.6232898433751424,1.3944699034077206,0.6368081221722038,0.7857961226666383,1.221103736714873,0.38213428466176175,0.4269169555922563,1.0833256923869072,1.0706877658556027,0.8630337007104534,0.6993979895011533,1.0708541388333368,0.5014468660881035,-0.010577380199570038,0.9118706691587652,1.5476313429082713,1.2179278345003595,1.3482868368445977,1.2579461745698781,1.3472433797571328,0.9952546280515676,1.1741266948168918,0.8056688524627386,0.09168750585239034
ROI_054,0.7377344192684939,1.9812937819603238,1.605859095011984,2.2835389406537354,1.8207755308469797,1.6878175808781668,1.0632165327527634,1.7389813706775936,1.9386911307931407,1.526454256207536,1.4930023782081903,1.29063710142784,1.42737745806134,1.6554126694904931,1.8062160100662372,1.7840804296964485,1.5846389472487548,1.6473441399242614,1.7189888993845344,1.599469861086428,1.5152305044408712,1.3347383003429663,1.3668647306316872,1.1692064024753626,1.1639845411797989,0.7237221122542172,0.7780783341728783,1.106365832632797,1.2287817098768168,1.3800630382569556,1.2191984792922803,1.4020200305973978,0.854436583988533,1.2839727850027611,1.1006889710346546,0.012823747578272138,0.6716092758289803,0.6854051624353167,0.7779294897691942,0.2972267741930527,0.29028105000823423,0.9623897533012217,0.7634377052142525,0.9537482058301856,1.1422387035568118,0.9339388906459348,0.15487696638402296,0.4141069782766058,0.602789181961367,0.2952823363278723,0.8671467968388833,1.806697898176018,1.8599070204755563,7.254328619247669,1.641941218985152,1.6493358621753649,2.1157047771853428,1.9990494170452637,1.443057865652545,1.6183595556256989,1.1865774949717793,1.4229639990245535,1.8291131144140544,1.949615370925078,1.8377202833710713,1.746545866240674,1.2343609068328958,1.7143082918546069,1.5364821906280475,1.6983753387106593,1.570923699791881,1.413476514709261,1.5425725031734447,1.1953376802226123,1.1241911057450522,1.0378485665998616,1.3210293672373612,1.0338303768722854,0.5425519064841345,0.7854369330386561,0.9937933466695645,0.43545914569920197,0.30368003375726255,0.8326678790951206,0.7556809242519659,0.9184164993458082,0.5758892088229165,0.8042154870905368,0.44400175732072117,-0.0633760428890737,0.7810189995267338,1.27206870628449,0.9991464767786746,1.0391540547806517,1.043507154469281,1.020320204098383,0.8681129543275237,0.9356295868584222,0.7644040563662341,0.05674889521451839
ROI_055,0.6892271125137632,1.3649103953598112,1.2046477582612656,1.6243385930600636,1.9245992824899758,1.8062738226696406,1.1363687511620832,1.2496163954522608,1.4200514037224512,1.0417272529667105,1.074170014432824,0.9373553908468372,1.0038535606717993,1.1965757891492421,1.3029796612528148,1.3346100953775175,1.1261162638429685,1.1992098454887263,1.2329226426660964,1.4174489335857015,1.0985837812545258,1.125809105467392,0.972837560199976,0.9703250467692667,0.8407145346239777,0.5041973590610086,0.6231016360436918,0.8829238221711657,1.0187094936910277,1.1612991583203114,0.934082923010982,0.9919434285869406,0.7434428705866603,1.0912915984174227,0.8947376660062885,0.13557816356249125,0.6377005783669705,0.8107186730057663,0.9192665906568479,0.4451394300137479,0.43795075660070565,0.8851358832904035,0.6696464485467509,0.7730914236533656,1.018959372081074,0.946417482683649,0.22886617166746545,0.40241987962528164,0.6640714760269947,0.37661961773085195,0.7019205087506009,1.2966526119915434,1.2988870609530174,1.641941218985152,7.254328619247669,1.3159883827482373,1.4199171255814964,1.4161429564306587,0.9874319809839849,1.098243574518888,0.8386412146469706,0.9311030138737558,1.2275040006063107,1.341187842378152,1.3464899229773104,1.2723137976540286,1.227585306464159,1.1986748955785251,1.1753885084976918,1.1912685166720922,1.2071136028391134,1.0357571226826572,1.134959633644238,1.0294689582711312,0.8057992704745104,0.7323507704054751,1.1267375615648587,0.7470510847520679,0.5581369503233603,0.5949700793144957,0.932661016420566,0.5579298138613262,0.383698201646823,0.699871447617892,0.6603365762057559,1.1404827386533554,0.5036640849135016,0.7393466452422146,0.6014213763190733,0.11795186481357213,0.8071949864952196,1.002310699058473,1.0199691984272385,0.8317698212649616,1.061495832210784,0.8048956862285572,0.9177396957572796,0.8389358081473237,0.8560383833622313,0.14450929494079925
ROI_056,0.5747048403054837,1.5438987291731567,1.4142058448759278,1.5680199464339726,1.5346092576730777,1.6053343073894712,0.9024616293167307,1.794330127069229,1.744667410860667,1.2722571432956997,1.3095235259559537,1.0951704590568765,1.3224194651005496,1.6804334237869907,1.836511550406209,1.318411664661164,1.4218808854266913,1.7789547600411653,1.643949206204324,1.35317541258341,1.4516793192700064,1.1895910621333605,1.2759073106695247,0.9775625358814305,0.9858349031178711,0.6133232779623411,0.6256227545273892,0.9095072788049275,0.978077998045445,1.2100431822145064,1.1204678753304658,1.1933228494958303,0.6944211298001174,1.2849267884581916,0.9056012773286036,-0.051059593211917706,0.5025212304636448,0.5835429678208672,0.712185771679401,0.3514366590023053,0.2646770795370765,0.8002401576097182,0.5975913491968605,0.7796997495953836,0.9075473007618753,0.7318184869153354,0.08891640050722634,0.42438785957167013,0.42475171057805283,0.1815336030885195,0.7811152465751696,1.4388905515428538,1.297767676399797,1.6493358621753649,1.3159883827482377,7.254328619247669,1.8012318423726255,1.7014306688029066,1.1931109385651695,1.334971288656064,0.9892650693096944,1.2939368618147733,1.4461449179652779,1.8123372687431776,1.668094493618003,1.8630417499082532,1.103572978567104,1.6035815573129115,1.4333269569034264,1.7097044124027743,1.4562817984144558,1.340685415680353,1.3349344308084055,1.049902496936706,0.9583501326444078,0.8616362775440868,1.0837554502835018,0.8703665067469972,0.4934398317186178,0.7208211533658526,0.9421442322339135,0.4464934419644543,0.1755057081114423,0.7150463595409852,0.6206351309846629,0.8629825742129237,0.47007030117397947,0.7089831590468505,0.3990266987278787,-0.12760921727777844,0.6656845676648134,1.0679084143675013,0.8057569572458914,0.8255547654556025,0.8670008413700627,0.8040700499708818,0.6635203142113608,0.8841875101038127,0.6953511588950226,-0.05287088782902564
ROI_057,0.6071666357412423,1.7906169706107815,1.5849175954399535,1.840846550250456,1.5516060959548037,1.5939438366882686,0.8584424165052911,1.9326102355506471,2.043810486296827,1.5600220799973188,1.518099208394467,1.3041212986792092,1.4464507029601503,1.7452297440966207,2.070214710193263,1.5365790984272256,1.6047164763358985,1.729760390911796,1.6611678489233037,1.4574863501826607,1.5924962355190238,1.239605203009925,1.3422781276755607,1.1162788311552732,1.1481396326063793,0.7390361304068979,0.7821591394898907,1.1711972710272345,1.2081440330076199,1.398541595247102,1.2890823225143797,1.2247825858777528,0.694543384039019,1.251919195269553,1.0464542492562514,-0.09142421002179327,0.5678468426445966,0.5411863437043466,0.6979977948802666,0.2270004885525775,0.1637068437728424,0.9091877951954545,0.6815454942151741,0.9249990559208056,1.0319580100287262,0.8445385964693645,0.03925383572923125,0.40603346356484366,0.45010505502624837,0.15125222800079277,0.7755945261740157,1.8055767797715818,1.780860242335688,2.1157047771853428,1.419917125581496,1.8012318423726266,7.254328619247669,2.343434353307056,1.5845127579766598,1.8219335040262161,1.271135570579138,1.577835225372985,1.8650278248625722,2.4477113941538904,1.913446125745359,2.026453262687609,1.1815394437909317,2.0424238686880276,1.7415058944686788,1.9595643016708035,1.6294367046707834,1.7433150613518351,1.599025377304525,1.31933805177874,1.2391721532866575,1.0739944764111706,1.2374318125646637,1.050083321660501,0.503836751447072,0.6788515776657241,1.064748293414083,0.42168001245608583,0.23649876911650058,0.9043424418215862,0.7948721762267063,0.917732261223708,0.46262556274532,0.8337811164359122,0.3917532742559647,-0.12663364309365732,0.7357399051032143,1.3399204896107872,0.9762127604673786,1.0056572166827107,1.0124096465844412,1.0212575401224648,0.7834623279297689,0.9751689883269891,0.648832732346577,-0.08676997999813184
ROI_058,0.5517855947021376,1.58393642251803,1.5078873205800138,1.6886395286629166,1.520679368525468,1.5564522436215478,0.8594822870328674,1.9269380857261944,2.128534903660397,1.3811314519513584,1.440885295160782,1.1772684971615828,1.3313642150857132,1.7635163718817142,1.943516754829712,1.4272536771187585,1.514096618522122,1.6025794925447163,1.621296646437629,1.3183952091649775,1.5589886803418658,1.1937495884041966,1.232321159773895,1.0122760944743614,1.0520695728102754,0.6762221775957045,0.7195825829302602,1.064201010685647,1.13091157664238,1.2582552726347682,1.2084807473207237,1.2267724522693182,0.7236274829227737,1.1877658228511545,1.0650606282410031,-0.06518833591113446,0.538247899257948,0.5496616172784667,0.7455888689048596,0.23191585758097163,0.2123495343145888,0.9085666316871689,0.7324589088286754,0.867600948540659,1.0548503209417825,0.8643117626377806,0.1159426020422369,0.4476009114522228,0.4212766788398345,0.1516563897557817,0.7202786891054854,1.5779709200383478,1.5670511413979713,1.9990494170452637,1.4161429564306587,1.7014306688029066,2.343434353307059,7.254328619247669,1.401197635088923,1.615824859811964,1.1338793285855342,1.453983678341845,1.6310060580174544,2.351229418987268,1.7340405250299573,1.9377841430555187,1.002670026947621,1.7905937371898841,1.5469390433123942,1.6676191243067446,1.5190616146691875,1.5007740703971415,1.430485446311291,1.1395013245054664,1.090217721585933,0.9512109939612091,1.0953454742628017,0.932138416518093,0.4501568755392132,0.6334349256519862,0.972812051724405,0.4369992368539461,0.23634220248743842,0.8690292376215706,0.7438972115952674,0.9375181290143393,0.4190439606234656,0.7794280273701221,0.3356857501178331,-0.13401481515660188,0.7273683760582786,1.2146764891555342,0.9240041458814765,0.9460950493547764,0.9862478176382081,0.980393867739072,0.785032077652882,0.8966507991329988,0.5951797169341705,-0.09887202597373533
ROI_059,0.7413227777557503,1.6247671219495263,1.2901816762185758,1.3154474305565254,0.9959713016721673,1.0343385000837009,0.6950209663803779,1.2695453104550778,1.2667916703201172,1.9192325439831148,1.3611185231893201,1.6674650424506443,1.4613357878334041,1.1988020524369452,1.4230996486334981,1.588341405037715,1.467033340289434,1.3181255712980569,1.2138281366208414,1.3117971628084357,1.5087480523057448,1.0227932923734981,1.2618590977286162,1.3423888757863605,1.4984840684414127,0.9813682786354271,1.0901240327556452,1.656173754959863,1.4826159654257984,1.4031081159714192,1.4483201218162935,1.0912866333430828,0.7586363210391912,1.0691368551053029,1.081083580191246,-0.05288040040496589,0.7193547555887005,0.333882502588418,0.44390411054222856,0.013559107424962842,0.060510499117290305,0.8756989894814344,0.66678358063517,1.2366802782072293,1.0860154246640035,0.8669440932589061,-0.035173870852955084,0.45371527513236026,0.5115995998424234,0.21918386826884675,0.9624449563923175,1.7026544043036271,2.0154495550919305,1.443057865652545,0.9874319809839849,1.1931109385651695,1.5845127579766598,1.4011976350889235,7.254328619247669,1.922493176382527,1.9925426438637193,1.7441199007089843,1.9319509435801892,1.3850592055059383,1.5588390425387273,1.3100849749331656,1.134189084157943,1.5308667043707007,1.5819154529908914,1.5097653480747695,1.5327192387499273,1.8713101898403095,1.6870782080914404,1.587394272806166,1.996895516909062,1.7916552690788017,1.459637090833793,1.510092276534976,0.5672450497206074,0.7154981132875561,1.1969005533023962,0.3303780276956787,0.3827558587659767,1.2121370084901508,1.1591290936094745,0.7564661565784014,0.6403796716554362,1.1497710147333968,0.42086470024499867,-0.08513383032826687,0.8010469492640256,1.5151377505029697,1.1133885867642024,1.2994227072700202,1.1790193467314087,1.3786011520684385,0.9031621547537013,1.1148353058329803,0.6554119275280778,-0.005996772761536249
ROI_060,0.6260095924551018,1.5973591787013057,1.3437941390497368,1.4496971955390758,1.1396146459124201,1.1930435244678979,0.7549642720334776,1.4188297688915914,1.5058422352840448,1.600254409818232,1.4348714087022256,1.4572784800309158,1.4782302153701259,1.3142777379073434,1.62303098124716,1.4832364742295319,1.479126359563585,1.410404312387312,1.3289918652029222,1.3152046876750223,1.488102571578272,1.110822199190984,1.2366792461140776,1.1538186994525064,1.268440350313069,0.8674041758326282,0.9146061202096541,1.323738428315466,1.3366001171924027,1.3264862451356427,1.2793827387900085,1.1132711241957651,0.7004137718764202,1.093514821420094,1.0501542087446878,-0.05496410244631153,0.6010097442233852,0.43129611406254265,0.514858309389493,0.07279676351457146,0.0934450910592115,0.8574525598289178,0.6738554445357735,1.0137813992680311,1.0099716848629252,0.7947669918181426,-0.0239499421521666,0.4139240819146319,0.49588214985216506,0.2029419749474604,0.8385192334153174,1.6834741505233604,1.886525130538906,1.6183595556256996,1.098243574518888,1.334971288656064,1.8219335040262161,1.615824859811963,1.9224931763825255,7.254328619247669,1.6596559592594464,1.809751665766157,2.065577888407437,1.697051756264707,1.6618218170416614,1.541240282407645,1.1339030274012107,1.7697664886327142,1.5456101786222465,1.5710731379208784,1.622225878188283,1.8555134240599733,1.6904272594187786,1.3874073623736998,1.581383705172793,1.454771374887032,1.279231848342098,1.230149092809098,0.47925152855674347,0.698951377726969,1.0435960137321016,0.3382884415210053,0.2891787403284031,1.0159042651063441,0.9342646920685117,0.7764962647828486,0.5606011338268488,0.8729001050518315,0.3699776488181078,-0.10523136004934827,0.7439004568869834,1.390964771615264,1.0265829300687985,1.1554982120565827,1.0124665704274005,1.1434958815114464,0.7771158659621439,0.9920201963194336,0.6479858444427473,-0.07727040828378691
ROI_061,0.7431680173500642,1.4357034051591029,1.2020374877491775,1.1545251639946061,0.8544038080775305,0.9027228022818917,0.6562189007362395,1.1052584995595953,1.0779652948764593,1.8038830087242994,1.3125140065471497,1.8066986888150953,1.5451709957083086,1.0258063277919427,1.2330320451666552,1.4917119825788026,1.4263026376312387,1.1983158360351744,1.0823447646023554,1.2488081707153091,1.4372579480589653,0.9744002391448446,1.1867298142533456,1.4160544410478033,1.6357881392141824,1.0583191148738318,1.1719220700273085,1.7004956280323937,1.5361244451886866,1.361816325127799,1.5560571743569487,0.92783675699657,0.7747759869472236,0.9491624214382328,1.053057187662945,-0.031063850395848133,0.6672511674272237,0.25132972973168266,0.34542858795368386,-0.06929699063755917,0.013546746129889617,0.8211849353907357,0.5878605652641744,1.3383898828834009,1.0545682719864367,0.7558208858453836,-0.0873926702834335,0.4207382032209375,0.5284593828620074,0.23008277287726428,0.9471694279494991,1.479092732695458,1.7068864485145694,1.1865774949717793,0.8386412146469706,0.9892650693096944,1.271135570579138,1.1338793285855342,1.9925426438637193,1.6596559592594455,7.254328619247669,1.697568218726292,1.7130612029681256,1.1171899958703213,1.4210968703593625,1.1219160315407013,1.0187919963783805,1.30250665494281,1.2652833187001105,1.2420333489547108,1.4706870809329975,1.4898334099225723,1.5582982907066532,1.3427917010215304,2.50446413005404,1.8568969114282448,1.4802918015413027,1.785884581851915,0.5308756764755398,0.5895225948725986,1.03121009617746,0.23526883460333964,0.3545432733888385,1.1277133033682933,1.1079295855839775,0.6068328762864741,0.660528148582808,1.1423931912885303,0.42414389762554267,-0.14714520417700336,0.7166643607784398,1.3055741325280081,0.9963240385410148,1.2000807036882033,1.0690860713721007,1.4589323999974873,0.8255631028764182,1.0825600353965976,0.6339319883440183,0.006369106063866826
ROI_062,0.6551495419966252,1.6016147789717698,1.4511737052939846,1.3462051477364134,1.0135139622595601,1.104786994513303,0.7045202483547525,1.4514533846518238,1.3730524284133128,1.679300470388379,1.4212895040166598,1.5550716769747008,1.8667700588805263,1.2995171207266298,1.5376290615462516,1.4333657679831513,1.5090904556923277,1.4500094522544047,1.3864799762445152,1.2905998202448938,1.6169403245450913,1.0538184689662375,1.3101880030588802,1.1651251001070784,1.4791023025459822,0.8922754567138766,0.9950931853441797,1.3594682999006886,1.3734404109152634,1.3881127575398569,1.5090072496464584,1.1368563487587178,0.7052075132942717,1.020299428259551,0.9632056338361938,-0.12167645417569409,0.5762219706655528,0.3989555576755225,0.4782082721037952,0.04566689711423788,0.06519043392498931,0.8596522247946006,0.5949411712410296,1.1688930184580788,1.0378770090220053,0.8109492986265001,-0.060294152467619516,0.41298093796843066,0.48627919114485985,0.1678347084847107,0.9454913303084181,1.6632815351462389,1.6065441465377925,1.4229639990245535,0.9311030138737562,1.2939368618147737,1.5778352253729857,1.453983678341845,1.7441199007089843,1.809751665766157,1.697568218726292,7.254328619247669,1.8787598454621846,1.4794297374935703,1.6375006368187588,1.4502456250031686,0.960419756140793,1.6276007833521369,1.372497186495972,1.4758252551874933,1.6068119897251119,1.6329584583300272,1.6009070300296706,1.2012491693964646,1.5315697597354005,1.4053282024059341,1.2874016930498535,1.4183130276410405,0.5324371350046128,0.686394659217181,0.9302104187717533,0.2252166759914985,0.2555482734989324,0.8532258582783117,0.9018342843906564,0.6008654380314569,0.5550192335697238,0.9529404231191453,0.28325645533591465,-0.23727839246932456,0.7237140162072354,1.420131816429876,0.9344016702509181,1.1393358595384644,0.9642669708709775,1.2511596557696505,0.753389967587467,0.9947713225160622,0.6423063463867578,-0.07841263212294397
ROI_063,0.7715317042041737,1.9814067942073392,1.5138949942780697,1.6549735741215452,1.2817720148312228,1.3125413675531963,0.8533986833393461,1.4988672614682321,1.5237006006600808,1.8451711351762894,1.481566528108422,1.6347417643487823,1.7121763286265537,1.396705739922695,1.7216179520271708,1.792056455285855,1.6221112698395537,1.5761267415584295,1.5161530459102561,1.5952589041310372,1.6755423479075122,1.1726376387990807,1.4258961444329008,1.2937043146959681,1.4507574267947667,0.8288035473105909,0.9410375889312698,1.3937857952634274,1.4650273551785304,1.5096501383288836,1.499277929096553,1.219415198433009,0.7991659277638975,1.2055658862450254,1.0453418536724843,-0.021168726597040072,0.6912834745738361,0.47427553985167664,0.5272039517765914,0.10760813105090641,0.1443315994505527,0.881005350888447,0.6327597557146055,1.159491887869641,1.1038315563712189,0.8452742570028999,-0.005101855024061551,0.4353865134134228,0.5779786478479372,0.2712188455439333,1.0287194575374754,2.1562365365541063,2.180827953332973,1.8291131144140533,1.2275040006063107,1.4461449179652779,1.8650278248625711,1.6310060580174535,1.9319509435801892,2.0655778884074354,1.7130612029681256,1.8787598454621832,7.254328619247669,1.6744864871676581,2.04792329228588,1.5749930949565483,1.279264767712085,1.887986851668417,1.6529043970191675,1.7300268988319432,1.7643283260681462,1.7492794913224972,2.032274204688283,1.4195895532408247,1.6187911210886954,1.478664832560504,1.6046207783513944,1.4005647704357982,0.6054328306594142,0.7670526461267682,1.1377535238393381,0.3665737775238854,0.34613251187214517,0.942287078705904,0.9421990844374621,0.7970106591457211,0.6469397164126718,0.9785803767665112,0.43666265278433414,-0.0937755829615634,0.8284180555310632,1.4841467789500664,1.0652632407442162,1.2609026329962263,1.1205411536236145,1.2331418751317624,0.848675691301245,1.1097113839068318,0.7512922188778367,0.01314875711731698
ROI_064,0.5197691013673627,1.5513312839343767,1.4991568689118455,1.7348119905079114,1.539611938560402,1.54472544371034,0.7875224166033847,1.9382767965486059,2.0797955198766944,1.3588706166897528,1.4100395113571216,1.1419424937960954,1.3199642975981112,1.8319512650904086,2.108270941917269,1.3459262904206928,1.4766252122958352,1.6642096555601253,1.6768477572854688,1.2664070141075403,1.4937322522458323,1.1852593186101446,1.2798888024162347,0.9744737921367677,1.024410187949945,0.650703338884408,0.6520891914683073,1.0199229203003297,1.0828572210643304,1.2366982695232744,1.1605845082240065,1.2421536956658112,0.6401671467501578,1.2003955584171082,0.9834484259201508,-0.13187383892689483,0.4852877934705103,0.5661204400017341,0.7141787852526338,0.2277674209726094,0.1505646847641896,0.8170200765298973,0.6453605541846482,0.7979159226068354,0.9394790142174942,0.7672156644034108,0.039575480944604384,0.395137800690934,0.3891207755529703,0.09986432804303147,0.7012648861165924,1.5806992911973452,1.5249506940843034,1.949615370925078,1.341187842378152,1.8123372687431776,2.4477113941538904,2.351229418987271,1.3850592055059383,1.697051756264707,1.1171899958703213,1.479429737493571,1.6744864871676581,7.254328619247669,1.7386876344330686,2.195773575608302,1.0525669804989466,2.04396577790084,1.6503647285514575,1.8288315685104055,1.481570851115196,1.603494923212445,1.4955262720223403,1.1554254439151763,1.075554439558741,0.9560815334973554,1.0708782234121292,0.9119293525751185,0.464210165279399,0.6908434503261128,0.9889120024772555,0.4270811607950102,0.19122581619334117,0.8011004580175751,0.6975977707859826,0.8952059105127252,0.40433887184868167,0.7134399408063371,0.31013820552435134,-0.1583982427643749,0.6986117538200989,1.2346081259607709,0.874141061366352,0.917835267814547,0.8979291205686192,0.8983691650869055,0.6925789887584537,0.9134353349424538,0.5860363150570855,-0.15229964803001117
ROI_065,0.7439824583595449,1.9136675298234536,1.695832976109145,1.7537029809982885,1.4816138606063172,1.483724955469218,0.8944585541250805,1.733133541684475,1.6549190896507757,1.7197169531859569,1.4853873902133692,1.4819241153884826,1.6943456207523906,1.6206325567926352,2.0189620135455906,1.7417203054621992,1.7053132547691678,1.8648256377909234,1.7378679446989023,1.8094251042448888,1.881198069741118,1.2419858041476592,1.5222770921839905,1.2343244394447923,1.3271894860936413,0.7428319370997173,0.8658753472791312,1.2676748544488976,1.3695586823394814,1.5883216437865013,1.5258776287263998,1.1873831807840733,0.7921980176811876,1.2571567705752933,1.0405342662798247,-0.02342323929316829,0.609282495170706,0.5103473647886928,0.5879695598543219,0.17978015577203,0.18148581804915687,0.8571514346284114,0.5832186664412409,1.093276145123093,1.1264062470664244,0.8317956579572046,0.03375027520054208,0.47585769939638634,0.5373084209454662,0.25505687621023954,0.9252576211383748,1.9765678734811254,1.7615846550023726,1.8377202833710702,1.34648992297731,1.668094493618004,1.9134461257453603,1.7340405250299573,1.5588390425387273,1.6618218170416614,1.4210968703593625,1.6375006368187597,2.04792329228588,1.7386876344330677,7.254328619247669,1.8314145755290407,1.2465429042071483,1.7914492345950854,1.5999495219560564,1.8626643247745063,1.871610594007835,1.4610757981496996,1.692585674451046,1.2675009047481287,1.3372084252192036,1.1594667397041885,1.4933891186908117,1.2401392878407562,0.6047892100579338,0.6777589221067951,1.02341035889732,0.37998211022484485,0.29371957376456276,0.8441197577009016,0.8237809517217495,0.8204804711683304,0.5546468994873376,0.922373516435417,0.4537350691832576,-0.1601939929576973,0.7444831301234102,1.264092484818828,0.935229215137556,1.0157290751540369,1.031178309808791,1.1233019563330608,0.805079888757426,1.0946724657093554,0.7199891571615594,-0.013202373505234954
ROI_066,0.5237758599538359,1.5967029950508402,1.66108043864289,1.7497786888660598,1.5178811596155475,1.4948599848480337,0.8215699269479813,2.1563730894900646,1.8865392302665955,1.4292128025591848,1.53000283973794,1.220080773931638,1.4475692731782726,2.137848306565665,2.5981969288722566,1.373479016972384,1.5740821139206211,1.8862125583898453,1.8712896525380815,1.350372958654398,1.7179893079548554,1.282799849669408,1.4571074082256232,1.059657707797086,1.0986431741410423,0.7254555982601122,0.6788102257794542,1.040172541651071,1.1141149805009294,1.3600257407084178,1.1886212319834337,1.1802623086762645,0.676125448445646,1.210749099276354,1.0371849587060937,-0.16274955576424485,0.45585400346466276,0.553015238523454,0.7612419939550548,0.2761748336710972,0.149147242918048,0.8535069106284511,0.6700040018159983,0.8062482266700792,0.9239617543940447,0.7705535566227797,0.068338731426012,0.4124111522784698,0.3879627151334513,0.1048900127875422,0.6901835296904383,1.488904767093124,1.4053580687737188,1.7465458662406732,1.2723137976540286,1.8630417499082532,2.026453262687609,1.9377841430555187,1.3100849749331656,1.541240282407645,1.1219160315407013,1.4502456250031692,1.5749930949565483,2.195773575608297,1.8314145755290407,7.254328619247669,0.983661673075093,1.7523528905345693,1.4353791894435353,1.7096948567728147,1.6696709125794251,1.412991500433198,1.4007563310970208,1.0743967071696507,1.0591991213977014,0.9157496403757686,1.1058084393075496,0.9769912787943337,0.4236877593202303,0.6087597379772289,0.869927963879532,0.340532118652378,0.12180270895101782,0.7598036606160473,0.6245663100746008,0.7970167219726708,0.40362652653869036,0.7240439188749219,0.30730898796666517,-0.2448357949368205,0.6468276311786311,1.0948745463805116,0.801109261991303,0.8257330731773053,0.8362879264472893,0.8783583175447636,0.6791989233268232,0.8662393515960318,0.5633346281006134,-0.13358098736377855
ROI_067,0.9146495818349187,1.267938349279213,1.0169920994949813,1.1855371927543432,1.175825524428791,1.1541088218317046,0.869908180253897,0.903377046194205,1.0276280442274872,1.063214433379228,0.8874389156248078,0.9738373001443278,0.9924642735842477,0.9038069092665062,1.0645128625073443,1.2440255819794168,1.005037244260399,1.0850961197075284,0.9869149559014889,1.3650082119902356,0.9529967622083055,0.8913246738209996,1.0141580847102563,1.049388443478094,0.8892047713488254,0.5387407014243907,0.7247485472264164,0.994417599803568,1.0321365538519394,1.151311657922475,1.0333348075250366,0.9415406151725697,0.6380541470879652,1.1480556342356647,0.7209103958386294,0.2147794870266612,0.8450737660038887,0.5717288081607496,0.4638590589074957,0.27713735287949176,0.33504899967754675,0.639226189841122,0.40954012509537757,0.9440528659081652,0.9303623608265351,0.7294585517257451,0.014621600279757112,0.4527755865829191,0.7320608813761125,0.48303540554525853,1.0713265537848127,1.3829129960738669,1.3560193196085548,1.2343609068328958,1.227585306464159,1.1035729785671045,1.1815394437909321,1.002670026947621,1.134189084157943,1.1339030274012112,1.0187919963783805,0.960419756140793,1.2792647677120845,1.0525669804989466,1.2465429042071479,0.983661673075093,7.254328619247669,1.138902939856616,1.3152347599232916,1.2841001514426682,1.0377609886592127,1.1249372406830926,1.3248679035153543,1.378698031154153,1.0130916688312364,1.0394046126170249,1.3735736732096377,0.9445949885893485,0.8318382728432153,0.8520763321412735,1.2743061730419754,0.6535213069985493,0.5762094314011116,0.7959186740714822,0.8764059429252179,1.008123261793743,0.7520657459211875,0.8682013574422524,0.8135649206253401,0.25042164963446895,0.9359844228950969,1.15919373337731,1.03641203901693,1.073020555553462,1.1147369036748045,0.9053035247077534,0.8470077575088996,1.2357254641986453,1.05529219337008,0.24410531605474534
ROI_068,0.5755914333090133,1.5632562157664494,1.4798224141305236,1.5753252920814638,1.3514477835190435,1.3508291149572231,0.7160979121999349,1.6399198956874699,1.6536576399485592,1.479210763203761,1.3602442332768356,1.249249363313574,1.4232956256363147,1.4962607906648264,1.803931853886301,1.3843343375249657,1.5161940430229837,1.5897711245325636,1.611300095510408,1.2765212669519594,1.522878068702434,1.1172614694839118,1.2878536957914557,1.029723055795548,1.1139169958451403,0.6710103465305333,0.6983661870285103,1.1308582622656622,1.2280983677096582,1.2809495257506356,1.2874377128955954,1.1568722786890362,0.6377338012093868,1.1708677604791813,0.9050340445539815,-0.14251581934435906,0.4768308932429653,0.4592395298178988,0.5616195527734495,0.135099468587089,0.07604080809562515,0.7387552257653772,0.5193100916734212,0.9065460564978781,0.9089161246694701,0.7001079019636174,-0.06779921590883159,0.3529821373149958,0.4211495927003916,0.08615466032336791,0.855128219207759,1.6721785014237864,1.6050732891440496,1.7143082918546078,1.1986748955785251,1.6035815573129115,2.042423868688026,1.7905937371898841,1.5308667043707007,1.7697664886327134,1.30250665494281,1.6276007833521369,1.887986851668417,2.04396577790084,1.7914492345950845,1.7523528905345682,1.138902939856616,7.254328619247669,1.7817027163223391,1.820748586689448,1.4812590366150835,1.79661836326962,1.6549100701522408,1.2758136566855565,1.2572164408738602,1.1468713951131966,1.2175470359607028,1.052426943132269,0.5528000559039123,0.7172080551271262,1.1123152296365664,0.42126154607329475,0.24508633261032464,0.806016781604282,0.801618156501763,0.8579656950199017,0.4567455891752528,0.8108735452552271,0.3181901228928229,-0.15139213490395467,0.7191965423072034,1.4162988747648861,0.8972554631308575,0.979198218757688,0.9558856090519724,1.0003242660065383,0.6892456804837903,1.0428085162325837,0.6590346907579606,-0.15207246655205447
ROI_069,0.6405775934744069,1.4606360027492704,1.3531975458149565,1.400445312908499,1.2467564452362432,1.2590419221890508,0.6906544004668672,1.387483377693377,1.4710234349653795,1.4248192288492636,1.1767339147968743,1.1716174942399704,1.2141903713755091,1.3426217998377517,1.5530754087013734,1.3600222467999399,1.4196869816905393,1.4740097645901715,1.3462354713372566,1.26668138321139,1.3452343511214457,1.0667465360495278,1.2291001788129283,1.0570072584838113,1.0751133099124635,0.6485146736730768,0.719097464007014,1.197567877777375,1.1752579623935102,1.257215619248423,1.2096770624969813,1.0448802779163018,0.6110008821789671,1.3256662261154095,0.9233716904157977,-0.04883236587731918,0.5960212643976338,0.4097305096855513,0.5361257427117402,0.14240895766744915,0.10509596844398218,0.6924826859994737,0.4988312374691744,0.898924290588729,0.9287676334544295,0.6741842727601194,-0.06328444724279492,0.4245223493569283,0.41570247880893646,0.12563152497874763,0.8450883964147291,1.5821817091958967,1.5938818175930742,1.5364821906280475,1.1753885084976918,1.4333269569034264,1.7415058944686779,1.5469390433123935,1.5819154529908914,1.5456101786222471,1.2652833187001105,1.3724971864959725,1.6529043970191675,1.6503647285514584,1.5999495219560564,1.4353791894435353,1.3152347599232912,1.7817027163223391,7.254328619247669,1.9436735599918236,1.321394446009214,1.7800014205042654,1.5901810289563973,1.4448310445615407,1.2570381372811286,1.147429214074558,1.2335220722881386,1.0328096096196446,0.5861860598888371,0.747357838028684,1.359727971048664,0.5873414214971951,0.3252747791505323,0.9452601520862666,0.8630701558165027,0.9959539826253732,0.49077425008499026,0.8632472142112393,0.47498199593644364,-0.05655028052822701,0.771287336733018,1.3628031717255953,0.9225806116790292,1.0380390189789706,1.033795655025604,0.9873031073722308,0.7004677551555059,1.1640984066824025,0.6528536696016431,-0.10129660156268479
ROI_070,0.6510551012174359,1.675504608026368,1.5752688543774145,1.5826395280963113,1.3854279564127143,1.3645897175481743,0.7769499804321426,1.6682910927238843,1.605845113708411,1.5783184944477269,1.3500693971768358,1.294214452392182,1.4434915141416236,1.6868763383513177,1.831357640782077,1.4501496658616841,1.5982903503946215,1.9427346983348595,1.6565809909738074,1.4500661943029722,1.4916847771471466,1.2369488940773712,1.5764754097726925,1.1055550487740284,1.1679346437923557,0.723642229794597,0.7249452470897005,1.1329885908870587,1.0776450777024422,1.389697830768854,1.2989636266206501,1.2128769234575651,0.6652327385474552,1.4921557411315212,0.9991044801421114,-0.07227132636088456,0.6035972688344307,0.4516618573181699,0.5779867096501287,0.22015624193889383,0.15115474396825032,0.7603989413758437,0.5686520199261311,0.90925393499901,0.9646622719769524,0.6721588394692438,-0.013317510937868182,0.4324992554804012,0.4073743976925891,0.162359155413885,0.8497297301398083,1.7190606049810173,1.5498375711765802,1.6983753387106593,1.1912685166720922,1.7097044124027734,1.9595643016708035,1.6676191243067446,1.5097653480747695,1.5710731379208775,1.2420333489547108,1.4758252551874933,1.7300268988319432,1.8288315685104044,1.8626643247745052,1.7096948567728147,1.2841001514426682,1.820748586689448,1.943673559991825,7.254328619247669,1.413083956178061,1.5969914656720998,1.61414776688638,1.350540054491542,1.1983756441502909,1.0793260472996533,1.2877688052344682,1.0790084673467866,0.548978100485173,0.7678884204389637,1.0886739263986456,0.4989445570704961,0.21670627863875158,0.8517924471649196,0.7279703786036889,0.8417062995605057,0.5032398253874135,0.8094204643513511,0.4656963070350814,-0.14793581181027393,0.6841704234458179,1.2191271558356365,0.834501262948228,0.9614591802686137,0.930962903356766,0.9515990003305,0.6629780523333986,1.0313382892239153,0.6367082457788126,-0.07355237487520214
ROI_071,0.6658981987197203,1.7264463131274737,1.6180841320911976,1.5824944707299187,1.2477315219111587,1.285010691143172,0.8919472206465207,1.6265227684346446,1.4870824388744877,1.6627425536966294,1.52446525527046,1.5345731440277948,1.637016456655603,1.4554995013188199,1.8366573966819995,1.642586696430189,1.591075806116592,1.5854179871051488,1.4536267944156431,1.630103023932494,1.9904698079356349,1.1994502106940752,1.390134780840484,1.2551399403471657,1.3115213153212955,0.8675813453864107,0.9732760688383879,1.3002181576819463,1.431000191937492,1.5937558662362794,1.3075124497061834,1.0917009320572422,0.8534429363969012,1.0887881658336056,1.0698941920681766,-0.046269319621297406,0.5837081989430256,0.4831430742009487,0.6313444778661189,0.17209897285677622,0.14819869842440828,0.925526110422641,0.6563552474253704,1.048893899881342,1.0563442857449183,0.8821860407094639,0.0494422421753858,0.4488620164021047,0.5546150166066973,0.26234584020014357,0.8358018274104376,1.5752736775931875,1.6389033854525445,1.570923699791881,1.2071136028391134,1.4562817984144558,1.6294367046707825,1.5190616146691875,1.5327192387499278,1.622225878188283,1.4706870809329975,1.6068119897251119,1.7643283260681462,1.4815708511151955,1.871610594007835,1.6696709125794242,1.0377609886592127,1.4812590366150828,1.321394446009214,1.4130839561780606,7.254328619247669,1.3678845521854726,1.4498915263032968,1.15933020037279,1.353295659650938,1.1792808306388993,1.3611996324860927,1.2890161511929308,0.4563863391971575,0.5981128336507273,0.8648457884130774,0.24799226827087875,0.2337980452189528,0.8204794689212748,0.809833602325901,0.6860406571707569,0.5155410763994362,0.8883569410107705,0.39210695283585834,-0.21248509112706093,0.6796842761651282,1.1357964188252747,0.9222453490109627,0.9427368654795186,0.938133190743321,1.09530257666676,0.7963724769530711,0.9371458358334024,0.6592622359761412,0.002267989331830951
ROI_072,0.5425601727014301,1.4590964142876848,1.227047849909268,1.2748321696729528,1.0438940831209877,1.1100709694410242,0.6143821852843527,1.3070859644397368,1.3489804741167055,1.4859054229358697,1.2119452092527592,1.2760976044773906,1.2760224270126403,1.218188736749728,1.4651399619924161,1.3043088057318235,1.341592205835027,1.2915542491557064,1.2039625948904507,1.1452225252064456,1.3329439119550284,0.9862588722444515,1.1433767302784992,1.0791609296312776,1.1741452169906748,0.7847638786567845,0.8354973646131068,1.3387889371712907,1.2546025511091503,1.2836834575846319,1.2521029622635786,1.0062055691704805,0.5739789843015626,1.0659637211420383,0.9134370480438045,-0.13021291868366608,0.5564861370711023,0.3799990796868089,0.48407008491246034,0.06879491481984186,0.016628510679130414,0.7722214590631481,0.5722544890099429,0.9755333883059242,0.8848621062919956,0.7750882483272267,-0.1104829758831933,0.3529634707582366,0.3878920850809519,0.10783363047445965,0.8512503214571187,1.5820999080647804,1.6677511883473242,1.413476514709261,1.035757122682657,1.340685415680353,1.7433150613518351,1.5007740703971415,1.8713101898403095,1.8555134240599722,1.4898334099225723,1.6329584583300272,1.7492794913224972,1.603494923212445,1.4610757981496996,1.412991500433198,1.1249372406830926,1.7966183632696209,1.7800014205042654,1.5969914656720998,1.3678845521854726,7.254328619247669,1.7168482840443728,1.593923768087005,1.52971937143456,1.4249339343098495,1.2102924822454888,1.1712995449589412,0.5818261008418305,0.7244238997293364,1.3207978157793565,0.42113700765319745,0.3244637655236639,1.057708854376764,1.0204365924291134,0.8739922581791947,0.5313612550532655,0.9759990039230686,0.36396477841528274,-0.04608879038332681,0.8243867253317324,1.5895007700179262,1.0984209941186087,1.1917777122131281,1.1298097878415796,1.08759077559168,0.7951249236719169,1.1057088105120945,0.621424754446418,-0.11059640538728749
ROI_073,0.757072825581918,1.6822296598077495,1.3490248321873342,1.4223051684769532,1.1696574691242032,1.2282171944144369,0.792707610008116,1.2776453215702748,1.3700013675881453,1.5424579799934706,1.2472773024260522,1.4358719724860998,1.4934236698206091,1.2558388994671936,1.4876358536256757,1.5726750118952983,1.4494125959386994,1.402618360977127,1.3082688800738616,1.3852407449452382,1.4012772965140663,1.086655056392874,1.3588768348260711,1.2587506677817355,1.2801774379121245,0.7867528967315551,0.8733518951839109,1.3251001864114624,1.3459051492263043,1.4283378510759799,1.4743597676176927,1.1607860809516486,0.7536747125621427,1.216681402578504,0.9502715486251829,0.029526610138301466,0.7216476240739929,0.4754900256178096,0.49111919216707206,0.1296139063789024,0.19457650211216002,0.8102139112246416,0.5908521186774763,1.1626609128806555,1.0835952211159272,0.8201246829447686,-0.011318643531400002,0.4815295007576737,0.5826667780297916,0.3035950312766972,1.0550327040509824,1.9265095120990439,1.8955512004911803,1.5425725031734454,1.134959633644238,1.334934430808405,1.5990253773045244,1.430485446311291,1.6870782080914404,1.6904272594187786,1.5582982907066532,1.6009070300296706,2.032274204688283,1.4955262720223403,1.692585674451046,1.4007563310970212,1.3248679035153539,1.6549100701522408,1.5901810289563973,1.61414776688638,1.4498915263032968,1.7168482840443717,7.254328619247669,1.5631624265048867,1.4934793273491398,1.4353980026831161,1.5775647610645063,1.3230747417013902,0.7030627040294742,0.8347434421796386,1.2809914580583892,0.44164764832322384,0.430162411698382,0.9873591354582473,0.9912468370180392,0.8513459058247773,0.7110017100192757,1.0114765298685484,0.4679732655367899,0.019786886339841606,0.961858477545647,1.5418242642788216,1.108180919812628,1.3671001798887952,1.2224435636973896,1.2210312254003433,0.8782290524333746,1.2881970315293785,0.7866299077883461,0.07615402161281537
ROI_074,0.7330636829871231,1.3590208873247702,1.077298970544446,1.1238372051989558,0.9722730175300859,0.9800677813477021,0.6732267231775207,0.9866803127582019,1.0533100009378173,1.3340638598419963,1.0185720911371547,1.2401495908430955,1.14087000702581,0.9724996485421656,1.1537475265317971,1.2533704816146352,1.1040349396375326,1.0920949612332067,0.9795380927282431,1.2377792211031466,1.0779847259862918,0.9059081773752962,1.0861001675662196,1.2043565854821299,1.1228359983912202,0.8364182864220909,0.9910892168028904,1.4485544382425084,1.2627881987957899,1.375272457445493,1.1900700054925695,0.941125198547181,0.5863260533283917,1.0305788650754037,0.848709618484162,0.036288182799574374,0.8093289180443732,0.3946969031042945,0.4815705505174651,0.1522960559122879,0.13602593860863846,0.8202967822278803,0.5722763830676604,1.1660436620438803,0.9802732640056742,0.878055485812088,-0.029745953689610628,0.43979203695654956,0.5738762335877305,0.318513420963789,0.9611411057947956,1.473237370240531,1.5405652596852233,1.1953376802226123,1.0294689582711314,1.049902496936706,1.3193380517787405,1.1395013245054664,1.5873942728061654,1.3874073623736998,1.3427917010215304,1.201249169396465,1.4195895532408247,1.1554254439151763,1.2675009047481287,1.0743967071696505,1.378698031154153,1.2758136566855565,1.4448310445615407,1.350540054491542,1.1593302003727899,1.5939237680870044,1.5631624265048867,7.254328619247669,1.3689940042891675,1.4275311698680153,1.4755321908571766,1.257199462131688,0.7200837479660576,0.7541200038826499,1.3798647432618505,0.4751958542334516,0.5068761148388017,1.0881022153387343,1.1954787505547935,0.9081007684223139,0.6928620857718717,1.2153606823023653,0.6248714573516522,0.14657937687297848,0.9523336460243451,1.4831194468262274,1.3614219197129356,1.2335391574119323,1.3433868651536238,1.1617021672014507,0.9879499806526191,1.2090790814696517,0.8161688470390359,0.14201179570271247
ROI_075,0.6916186898427127,1.3505353669641846,1.0605923486659543,1.0644596655651295,0.7962650802073526,0.8437372119901468,0.5971593865471747,1.0299579185450194,1.0051899826457622,1.6814017924135274,1.1970007766625947,1.6468119472733156,1.3624076450164588,0.9553489155385846,1.1474585751053532,1.3871203939392718,1.3030409719156142,1.0954874053909198,0.997348893179044,1.1651268583980572,1.3197985455369914,0.8639067060517649,1.083265264119181,1.3107337830635633,1.5252553985628499,0.9821022187872467,1.135897651350322,1.6508320637097729,1.4487349701921437,1.227184214472934,1.4704903901820572,0.8515321517144608,0.7016989034754434,0.8862308234757694,0.9646203071954226,-0.034613815621265545,0.6497700111250377,0.19851489606061992,0.2788790414275385,-0.13309925057686733,-0.022994264249610315,0.7680646903200798,0.5393496878295142,1.2991162125126052,0.976130970221125,0.737583990039254,-0.1365883432461896,0.4064162268861729,0.493041325154653,0.2116391910494597,0.9210848860030544,1.4339568929966144,1.6349334534635704,1.1241911057450522,0.8057992704745102,0.9583501326444078,1.2391721532866575,1.0902177215859326,1.996895516909062,1.5813837051727924,2.5044641300540356,1.5315697597354012,1.6187911210886954,1.075554439558741,1.3372084252192031,1.0591991213977012,1.0130916688312366,1.2572164408738606,1.2570381372811286,1.1983756441502906,1.353295659650938,1.52971937143456,1.4934793273491398,1.3689940042891668,7.254328619247669,1.8972728744676803,1.407523642599629,1.6303556362834493,0.551450823157686,0.5669049965575074,1.1127158549745735,0.23362779252072602,0.36932319080424814,1.224927994989146,1.1923762497512305,0.6135122748043071,0.6560206597841608,1.155857961529007,0.4142634536787262,-0.10951930238394292,0.7180962938948552,1.3278014236165805,0.9911124555701909,1.2081123428653187,1.063201700752346,1.4481078285083309,0.8297810500746342,1.1254516356103839,0.6074196324112068,-0.01653669964136626
ROI_076,0.7745096149988531,1.2497783923390293,0.9606717035609573,0.9605347651412764,0.7140846438130207,0.7546847658481249,0.5722938279966704,0.8635579108384133,0.8831397811148461,1.4190219195070082,1.0092437976390964,1.4033161215577123,1.2305372782642354,0.8109373685456036,0.9842048547532513,1.271849524872707,1.0863813410200927,0.941099698729118,0.8726930533181518,1.06929939296857,1.0962185033948944,0.8064247347418826,1.0079611522136227,1.2151355862939728,1.341709070813891,0.9528589822712772,1.1125916518241428,1.4980344153125573,1.3622263263544814,1.1680921352987714,1.1996043207279221,0.8944000928770992,0.6873613035431959,0.8311718324004999,0.8348861523311601,0.002293853053338937,0.7532988475508839,0.2751586907290337,0.2569460287204675,-0.0825875603435501,0.02064469514387607,0.7339783514925188,0.5490138760088696,1.2684796229493949,0.9044832029655976,0.7825320305142098,-0.1067897077028985,0.36062459025420873,0.5745992659189504,0.31866249612148545,1.0895485319844116,1.3441623879158027,1.4998297559579319,1.037848566599862,0.7323507704054751,0.8616362775440868,1.0739944764111709,0.9512109939612089,1.7916552690788017,1.454771374887032,1.8568969114282448,1.4053282024059341,1.4786648325605034,0.9560815334973554,1.1594667397041885,0.9157496403757686,1.0394046126170247,1.1468713951131966,1.1474292140745577,1.0793260472996533,1.1792808306388993,1.4249339343098495,1.4353980026831157,1.427531169868016,1.8972728744676817,7.254328619247669,1.3973422406889655,1.6138452214118844,0.6508316558499596,0.7495885580775353,1.0911468678264693,0.24526386605366515,0.4914672927871098,1.04331688233153,1.2529685551445937,0.5928208650722689,0.7868004250943701,1.1311909011195074,0.41587991958713905,0.015058213211836705,0.8239883929957826,1.4123538165756866,1.1265111128151022,1.4364022628131026,1.1381883430413569,1.259020160098071,0.870623919670877,1.0938364617526988,0.7067161786802154,0.10445139395763564
ROI_077,1.0199266854383437,1.7149603378848974,1.2650206984888264,1.3425247611186244,1.1053855675305364,1.1464816586221647,0.9818407372798273,1.0753511567471978,1.0705177892856814,1.6262316833876365,1.218390978458208,1.6032215084261037,1.5337508656941958,1.059805226378381,1.2147333620383434,1.7317534444182123,1.3249409776756318,1.2596592438764898,1.1760179676491407,1.7391238006630547,1.2835495832619015,1.0637240288240137,1.3171468220250742,1.573369195177544,1.5113730917923414,0.8976814364703587,1.1119888836559468,1.5400669581501443,1.5382933648562864,1.580975353856407,1.3930723397702798,1.057857891029048,0.8850084366712986,1.1233612799573067,0.9833958561611517,0.17021487618846307,0.9261529333018028,0.4836769818397438,0.5178751824549186,0.19887742116426235,0.29506270768287846,0.946475742075763,0.6286646824973017,1.4359232230673722,1.1974685317416043,0.9425564214995127,0.09269987522465967,0.4928030299934,0.8383047613938267,0.5019916144247242,1.1722064151489193,1.6657010335238287,1.6232898433751417,1.3210293672373616,1.1267375615648585,1.0837554502835018,1.2374318125646642,1.0953454742628015,1.4596370908337937,1.279231848342098,1.4802918015413034,1.2874016930498535,1.604620778351395,1.0708782234121292,1.4933891186908117,1.1058084393075494,1.3735736732096377,1.2175470359607028,1.2335220722881386,1.2877688052344678,1.361199632486093,1.2102924822454888,1.5775647610645063,1.475532190857177,1.407523642599629,1.397342240688966,7.254328619247669,1.5746620397686064,0.7511539300118213,0.7204414043489564,1.0954521015609657,0.365190674767669,0.48733639708248583,0.9182253967949202,1.0060198537262337,0.7372465671980237,0.8981034695415738,1.206284638973138,0.6836172571437706,0.047294833695157724,0.8490812614548672,1.3043807427291876,1.1673364761763083,1.21046264562425,1.2796392524378402,1.2649030163924115,1.0379605219047496,1.137477692358716,0.9977588574249651,0.27761578956862737
ROI_078,0.8486846716102749,1.3753178688448884,1.1565963124246919,1.0442213419196689,0.7721629778189495,0.7908043761810372,0.6818399268521459,0.9647659545541324,0.8980897060222996,1.59936025007841,1.1820414749761812,1.7434557363772276,1.5175373731072945,0.9233681245406451,1.0580179095760616,1.3522652582999326,1.203395446771279,1.0817273701339094,0.9972037168883277,1.274344051428359,1.2285669650609454,0.9377821320089851,1.211397171139474,1.4547817326676742,1.650514442971919,1.1673479029674543,1.3106650717121946,1.678964664195558,1.3906812559314887,1.4931863731473154,1.3729758001454417,0.9168475549938503,0.7921390684788555,0.8521760211173307,0.9253387015952257,-0.02311213770911528,0.7625678773421561,0.2898122637692515,0.3820906936188224,0.03034321764057837,0.0500118114970275,0.9201612342558588,0.6252645176250204,1.4895174336466854,0.9988763833562025,0.8486697793750766,-0.026530493569432663,0.39646939667212394,0.6022802294620939,0.34170636983448266,1.028264986136127,1.332246591161848,1.3944699034077206,1.0338303768722852,0.7470510847520679,0.8703665067469972,1.050083321660501,0.932138416518093,1.510092276534976,1.2301490928090975,1.7858845818519158,1.4183130276410412,1.4005647704357975,0.9119293525751185,1.2401392878407562,0.9769912787943337,0.9445949885893483,1.052426943132269,1.0328096096196444,1.0790084673467861,1.2890161511929303,1.1712995449589407,1.3230747417013902,1.257199462131688,1.6303556362834484,1.613845221411885,1.574662039768607,7.254328619247669,0.5718404688745576,0.6077496754318128,0.8704427590265447,0.12996705213070942,0.33681130051322394,0.8881828839456393,0.9885630509980502,0.4760747664544092,0.7469820262875955,1.21150684400831,0.43616512885833153,-0.1412735646566194,0.6924430218120468,1.143745009756069,1.002707982279798,1.162952961075111,1.028028026615254,1.3040415325190475,0.8757114581440313,0.950468147451247,0.6780974952692294,0.16819984070142813
ROI_079,0.563520685535291,0.5989357001706888,0.4615204396648357,0.5099756563257036,0.5305960024066319,0.5150468468256231,0.35244575660771327,0.36845792445577735,0.39216227505564066,0.5062404706524141,0.3062752912284158,0.4408202364894023,0.4834052569252497,0.35296110395887587,0.4341776045959381,0.5875131751794191,0.40734693964445906,0.4399342630336754,0.48126065518488576,0.6338946639388312,0.43532011739728427,0.28987399722533025,0.4400273522494963,0.5130971359727221,0.48556445636580087,0.10371659309213828,0.3907371293226804,0.5747023135183217,0.6478432087619554,0.5809120118530632,0.696719114822039,0.4785411752015517,0.2613474914265958,0.4031322695278781,0.17183112163996642,0.12009611014346615,0.5490947601305811,0.4542216866421539,0.12365714412902219,0.039872681353915314,0.17701962650646264,0.24829408243873882,0.004964272217125311,0.7174151923127173,0.4971043380403562,0.5711687502160344,-0.1840977074570372,0.12612416959232975,0.5856279448369387,0.41774057224471345,0.9696489538878871,0.7514261492047813,0.6368081221722038,0.5425519064841345,0.5581369503233603,0.49343983171861777,0.503836751447072,0.4501568755392132,0.5672450497206074,0.47925152855674347,0.5308756764755397,0.5324371350046129,0.6054328306594142,0.4642101652793992,0.6047892100579338,0.4236877593202303,0.8318382728432155,0.5528000559039123,0.5861860598888371,0.548978100485173,0.4563863391971575,0.5818261008418305,0.7030627040294741,0.7200837479660573,0.551450823157686,0.6508316558499596,0.7511539300118215,0.5718404688745576,7.254328619247669,0.6342537667956443,0.8151891034083455,0.3671082680143757,0.8345183166915817,0.37184845665537547,0.7438848361172571,0.5639717703406976,0.6064477014756385,0.7121007707691008,0.39431291936272456,0.37209581683146903,0.9702446255974323,0.8484801470331633,0.8213608074459747,0.8382181788407357,0.838133166420565,0.6356892906258036,0.7498207488387719,0.9485968574721082,0.803691570334451,0.3154639791598257
ROI_080,0.636391845448916,0.7567011628129501,0.6592722879666841,0.7298506493374649,0.6687615205925295,0.6138743110881588,0.51955456493483,0.5958587808900576,0.6377885900387807,0.6484510994740516,0.5736646707820826,0.6137393789162295,0.6587050528221816,0.6084529706426463,0.6264566269756284,0.7159843191499269,0.6354376825550319,0.6614983282293229,0.6223545050187878,0.6839632044839768,0.5661486901115389,0.6148184227681768,0.7829494081805534,0.6408823681865431,0.6003422267585294,0.4553635972796904,0.4564269168069199,0.5253980561519583,0.5259547110633822,0.6508788426804485,0.5826159625209442,1.1003049705814936,0.46170538094232616,0.7259706260394324,0.447768157313339,0.06766781851635625,0.7043047352541839,0.576171871986948,0.3136523507025595,0.2603541567444276,0.30917774461741626,0.43059789802522946,0.3939532725810813,0.587302855861945,0.5721525625108848,0.5271548254622915,0.0906009333961485,0.311737887796335,0.5561023972797736,0.40264273010503854,0.9229957429202704,0.7550470940899012,0.7857961226666381,0.7854369330386564,0.5949700793144957,0.7208211533658526,0.6788515776657243,0.6334349256519863,0.7154981132875561,0.698951377726969,0.5895225948725986,0.686394659217181,0.7670526461267684,0.6908434503261126,0.6777589221067952,0.6087597379772292,0.8520763321412738,0.7172080551271262,0.747357838028684,0.7678884204389637,0.5981128336507275,0.7244238997293364,0.8347434421796386,0.7541200038826499,0.5669049965575074,0.7495885580775355,0.7204414043489564,0.6077496754318128,0.6342537667956443,7.254328619247669,0.7180120086914275,0.38455697654654347,0.4122732078146771,0.43452440525625136,0.5676111011115718,0.4640637087719319,0.667858164957769,0.4724576707885408,0.3078892610639632,0.1828021397407915,0.6443546347166381,0.8697003756634337,0.639633139972726,0.8220556370222275,0.6062246074183454,0.5418325289828789,0.5019293737216303,0.6817128526198437,0.6941967511431615,0.2987475341584604
ROI_081,0.6351222559730599,1.0503899873373164,0.8040806183471458,0.9036368348674085,0.8543039360524656,0.8891620033007707,0.5354990423015504,0.7899295421887317,0.911875951236908,0.97572049560243,0.7476020700303639,0.8974858832435578,0.8274522499193163,0.7689284513550664,0.9265854760378017,1.0326128509141606,0.9094424160567112,0.8797652147574413,0.802348601621737,0.9331508791127128,0.8786656061257652,0.6653070263056984,0.8022631120473752,0.9430423484494523,0.8582294377983352,0.5033343271169729,0.6529196180224792,1.066618260533186,1.0091419758769804,0.9436697678415618,1.094116098509191,0.757405086780187,0.5065470552493414,0.9210601147673898,0.6700087029757169,0.13165275570421367,0.7177328191553276,0.28663891893188215,0.3267891480780442,0.05611946790964933,0.17519492670214162,0.5777645940140625,0.3732337512097739,0.9720812909121866,0.838438759071043,0.7127196472969106,-0.08072562877129949,0.43686103260593545,0.5098366861555917,0.2504563413371838,0.9215059435796081,1.1384223450702329,1.2211037367148732,0.9937933466695645,0.9326610164205662,0.9421442322339135,1.0647482934140828,0.972812051724405,1.1969005533023962,1.0435960137321014,1.03121009617746,0.9302104187717536,1.1377535238393381,0.9889120024772559,1.02341035889732,0.869927963879532,1.2743061730419754,1.1123152296365666,1.3597279710486636,1.0886739263986458,0.8648457884130771,1.320797815779356,1.280991458058389,1.379864743261851,1.112715854974573,1.0911468678264689,1.0954521015609653,0.8704427590265447,0.8151891034083455,0.7180120086914275,7.254328619247669,0.7363765724094199,0.668139470381371,1.119011548665877,1.2074739546424709,1.1838091635501116,0.6961805511143705,1.089695438672595,0.6219423557386123,0.2988744626119714,1.0265765458505296,1.3302674540744146,1.0962147761579917,1.1323776648282466,1.3472085861201637,1.043854022241309,0.9353224295027007,1.5062379865745859,0.8137509860944675,0.07591257062940895
ROI_082,0.2796919268729733,0.3447952674500606,0.3262935091429691,0.38337291239261045,0.4858528065174335,0.5021288051218546,0.3466017042170591,0.29666059609108497,0.4147318902302073,0.25934087244844706,0.20270996230596197,0.19813272565180873,0.22233878579902025,0.3649505510917728,0.3842602051983717,0.3822942181670405,0.38191664453134827,0.4047671554148717,0.3706354876235412,0.3659773120774941,0.31688944241197825,0.40854999942869397,0.30939629729587226,0.2722207144402093,0.1616242858321338,0.010518520472620103,0.06516159823595116,0.26355083759631637,0.28931902911792334,0.3312982277181504,0.2815354312443178,0.3161025779998818,0.2772066399215491,0.6852857648211472,0.3734702693888706,0.4266519436081449,0.44253135301310303,0.27421358583369415,0.2873106747217166,0.34268099529966856,0.40165639600286246,0.172260867215552,0.16561496985662383,0.19615989571297943,0.38913625048211875,0.17669212218200614,0.189779515045815,0.3601541829691535,0.18985306236793445,0.21464397793123693,0.3570801395307434,0.38864360446387897,0.38213428466176175,0.435459145699202,0.557929813861326,0.44649344196445434,0.42168001245608583,0.4369992368539461,0.3303780276956787,0.33828844152100535,0.2352688346033396,0.2252166759914985,0.3665737775238854,0.4270811607950102,0.37998211022484485,0.340532118652378,0.6535213069985493,0.42126154607329486,0.587341421497195,0.4989445570704961,0.24799226827087875,0.42113700765319745,0.44164764832322384,0.4751958542334516,0.23362779252072602,0.24526386605366515,0.365190674767669,0.12996705213070942,0.3671082680143757,0.38455697654654347,0.7363765724094201,7.254328619247669,0.5580911025765514,0.44254673762727653,0.3574502645611517,1.1028610532928236,0.4052336168754142,0.3028202161843289,0.7520102960550099,0.5386357628892053,0.48677457773450056,0.3847341398422137,0.3601045748314546,0.34903166647156786,0.5823094880647285,0.2345565423084492,0.3443379676451695,0.5361689827419923,0.3777299216016417,0.11959998818898743
ROI_083,0.5885340354266916,0.309476575784375,0.16032547293264054,0.23173834657756967,0.2388821766026496,0.2636959123372409,0.32320584551775994,0.06022260523261204,0.18754982196619166,0.24462103429985524,0.11136765159549221,0.24480444890554118,0.21579401163848322,0.08276138122535204,0.17897157476960038,0.36670107686107983,0.1901597381977299,0.12720160609464035,0.13508948351611033,0.34795487349889886,0.2208721466589531,0.10146635324560244,0.17294125120011292,0.33566222399055745,0.26999346986731815,0.08564315551156156,0.4423321098344154,0.4343295058198366,0.47944354049660565,0.2985480047643127,0.3826907724596691,0.26870077478213356,0.3664391331102939,0.22213462441325416,0.2497422250596666,0.5825444349401192,0.7198465627109504,0.2686416564685713,0.030948447943339057,0.012112622792713345,0.40900039416719214,0.24559107095954028,0.13512009482655893,0.5908705221829491,0.5816547093827767,0.6011762088373352,0.16452882131167104,0.4113536688156765,0.6796219560309689,0.7079917014034413,0.6924568022903435,0.40255217018183165,0.4269169555922564,0.30368003375726266,0.383698201646823,0.17550570811144228,0.23649876911650058,0.23634220248743837,0.3827558587659766,0.2891787403284032,0.35454327338883845,0.2555482734989324,0.34613251187214517,0.1912258161933412,0.29371957376456276,0.12180270895101782,0.5762094314011117,0.24508633261032461,0.3252747791505323,0.21670627863875158,0.2337980452189528,0.3244637655236639,0.430162411698382,0.5068761148388017,0.3693231908042481,0.49146729278710993,0.4873363970824857,0.33681130051322394,0.8345183166915815,0.4122732078146771,0.668139470381371,0.5580911025765514,7.254328619247669,0.5091564472942093,0.8964648877478323,0.6328955438057738,0.7087410481084229,0.6447372175666609,0.5957227556599098,0.8847939425578226,0.9295830211276913,0.5500628482811908,0.7417479012218638,0.6970707533376976,0.8320220713587676,0.583075062092306,0.8732844466393811,0.7193417931809449,0.6734669223609008,0.566701650481475
ROI_084,0.557036099115169,0.9019364376898417,0.7112498241418833,0.7626084085475202,0.6308229392705431,0.6856152691030483,0.5578531506302382,0.7283571333407786,0.8000988146231104,1.0242297421116173,0.8806049242239201,1.0264839053632706,0.8145754299187283,0.7373324017383576,0.8279312277815982,0.9656958384896576,0.9328718168952008,0.7850323729454779,0.6601163826975814,0.790678460919241,0.8780714777111817,0.6827604223394796,0.7529210694500875,1.042821141790687,0.989168139818198,0.8672713092323848,0.9039211844460506,1.1360661391703288,0.9338612929468499,0.8063669354876815,0.985889545592154,0.6487511947288593,0.6077934227532088,0.7895940184203368,1.061987675006622,0.17508446226453628,0.7123574855872122,0.1090276141445121,0.3095930228797514,-0.029142384916490897,0.16980773956060546,0.7873922112377428,0.7204835818094856,0.94534347127936,0.9881753646730337,0.7175365456099735,0.12001696861293062,0.6113893553324832,0.42923006981886547,0.2590820203207155,0.6138188748133114,0.8838423369937917,1.0833256923869075,0.8326678790951206,0.699871447617892,0.7150463595409852,0.9043424418215862,0.8690292376215704,1.2121370084901504,1.0159042651063441,1.1277133033682938,0.8532258582783117,0.942287078705904,0.8011004580175751,0.8441197577009016,0.7598036606160473,0.7959186740714823,0.8060167816042823,0.9452601520862666,0.8517924471649196,0.8204794689212745,1.057708854376764,0.9873591354582473,1.0881022153387343,1.2249279949891456,1.04331688233153,0.9182253967949202,0.8881828839456393,0.3718484566553756,0.4345244052562514,1.119011548665877,0.44254673762727653,0.5091564472942093,7.254328619247669,1.1582815213861166,0.7856932901650147,0.6399481753551288,1.069556938256285,0.5806434501246338,0.1538046488973504,0.6760413554134859,0.9284694069457988,0.9115355113269888,0.9189713212661771,1.0374171098912055,1.1658679142987403,0.9287667097739087,0.9041977109307809,0.502359039743076,0.08327122384175699
ROI_085,0.7058337530200287,0.8416035301741263,0.6247087323339021,0.6688414539283422,0.5409971064275217,0.585405451599699,0.4466033518569505,0.5723668524157544,0.6509360505416609,0.8938886028211528,0.6573871159746404,0.8861767424978026,0.7752302123714219,0.5368331790088872,0.6943319798268771,0.8773631906685241,0.7246061953364734,0.6102144826039836,0.5522467650849697,0.7856457711799417,0.7848447362819574,0.4606855482335912,0.6364603423128613,0.8677480755824379,0.8971849252426952,0.6455889639581275,1.1139235521689492,1.193469090453275,1.1098741750856174,0.836968339237279,1.0160639856224984,0.6552577140737357,0.5386609343731641,0.5484914579869548,0.6667294259621499,0.1750360139690444,0.7951345654853349,0.17552616090077244,0.1682674335583335,-0.1533558265969731,0.09664155863444657,0.6327410106045379,0.4098322085474736,1.3063249335060025,0.9669344101941865,0.9217508927877844,-0.05801641929127147,0.5094632515232413,0.6104589465056186,0.38618263590652263,0.9137817219534361,0.9323927112886832,1.0706877658556029,0.7556809242519659,0.6603365762057559,0.6206351309846627,0.7948721762267063,0.7438972115952674,1.159129093609474,0.9342646920685117,1.1079295855839777,0.9018342843906564,0.9421990844374619,0.6975977707859828,0.8237809517217495,0.6245663100746008,0.8764059429252179,0.8016181565017633,0.8630701558165027,0.7279703786036886,0.8098336023259011,1.0204365924291134,0.9912468370180392,1.1954787505547935,1.1923762497512305,1.2529685551445942,1.0060198537262337,0.98856305099805,0.7438848361172569,0.5676111011115718,1.2074739546424709,0.35745026456115175,0.8964648877478323,1.1582815213861166,7.254328619247669,0.7117839004100331,0.7428714988063392,1.3480581270379057,0.511533901707731,0.2751917523087229,0.9727921116538463,1.2570095803021317,1.209136854889112,1.1244603700679054,1.2573897579310136,1.3583484247564843,1.1785945590391418,1.2223157302343801,0.6899279582412511,0.18514149349142484
ROI_086,0.47429559771191293,0.8024163781915874,0.6781695351866416,0.8480380614469603,0.9742212632048556,0.9590753169819153,0.6434230080169875,0.7043166638637767,0.8902975740116232,0.6467761975864695,0.5963488102408772,0.5654292239499438,0.5755976855153815,0.734813731438708,0.8262714928907291,0.8177368499848123,0.7456425103500794,0.7379020935338036,0.7434033981715225,0.7649159596175775,0.7004595473691192,0.7296728867613798,0.5897873119884159,0.6491389408349186,0.4993945940148971,0.27600597822478845,0.37865779975475394,0.6693741729256794,0.7119938287052909,0.7612160685205183,0.67680746191641,0.6024488390084014,0.5206737411591538,0.8823841048569255,0.6671706620990626,0.24184558213218227,0.5535239767578474,0.5364768427581245,0.6366229091384793,0.3691244816908227,0.3770164575337265,0.5744542676261556,0.474786656402995,0.5487915504210206,0.7357648530044728,0.6777800343539292,0.1978358937942936,0.38819352846984917,0.3943494818006568,0.26047869079392433,0.5687581725232994,0.8443774472537866,0.8630337007104534,0.9184164993458082,1.1404827386533551,0.8629825742129237,0.9177322612237082,0.9375181290143393,0.7564661565784014,0.7764962647828486,0.6068328762864741,0.6008654380314568,0.7970106591457211,0.8952059105127252,0.8204804711683304,0.7970167219726708,1.008123261793743,0.8579656950199017,0.9959539826253729,0.8417062995605058,0.686040657170757,0.8739922581791949,0.8513459058247774,0.9081007684223141,0.6135122748043071,0.5928208650722689,0.7372465671980237,0.4760747664544093,0.5639717703406976,0.4640637087719319,1.1838091635501116,1.1028610532928236,0.6328955438057736,0.7856932901650147,0.7117839004100331,7.254328619247669,0.4843663104610297,0.6993171480725187,0.6899859717121198,0.43652385243011027,0.8748025899137053,0.8233856334813832,0.900674081876038,0.7506548645929257,1.1711253774794208,0.605773582338526,0.8548453045672014,0.9082913828673844,0.6764377962672329,0.10441427328384642
ROI_087,0.8936940063359173,0.7102716620914798,0.4365177315974977,0.534716226116859,0.4492056387981904,0.48261469806507135,0.7244633585695927,0.3517039557817751,0.4235137029181016,0.6504290162690629,0.5170767148451239,0.6908930791123307,0.6476429830717279,0.3888057943580977,0.4553956960994661,0.7742506297301635,0.5551458845727437,0.5135306422694755,0.4692957179390122,0.7018425871876494,0.5284650077919191,0.47955894690843703,0.5639764612724535,0.8129008324635465,0.7639555649276973,0.5952155054906172,0.7215089240816406,0.6635503717822755,0.6999040798839458,0.6000117335818849,0.6280017204588715,0.6120851867649468,0.746810496064206,0.6241111239020911,0.5980797150329165,0.6047529347792139,1.1337104998150076,0.37030674334215663,0.23160249236390784,0.23556169097579635,0.5405093060708451,0.5808572614799387,0.5132800262423622,0.8208721144733392,0.7604416401186105,0.6527457139292729,0.31895639128659653,0.5021368588716058,0.927451436680007,0.8568242899223283,0.9368301325510684,0.6561672786520323,0.6993979895011533,0.5758892088229165,0.5036640849135016,0.47007030117397947,0.46262556274532,0.4190439606234656,0.6403796716554363,0.5606011338268488,0.6605281485828078,0.5550192335697238,0.6469397164126718,0.40433887184868167,0.5546468994873375,0.40362652653869047,0.7520657459211877,0.4567455891752528,0.49077425008499026,0.5032398253874135,0.5155410763994362,0.5313612550532655,0.7110017100192757,0.6928620857718718,0.6560206597841608,0.7868004250943701,0.8981034695415738,0.7469820262875957,0.6064477014756385,0.6678581649577687,0.6961805511143705,0.40523361687541415,0.7087410481084228,0.6399481753551288,0.7428714988063392,0.48436631046102957,7.254328619247669,0.8079933498322487,0.7728114863846304,0.45187067190236285,0.7272762650500301,0.6719693823792352,0.7300396456080117,0.8017402387407722,0.8883080382334145,0.7190950272978832,0.8040399194076883,0.6852345298381903,0.9007097638099753,0.7155652263792542
ROI_088,0.8318137819425387,1.040347949065231,0.7677245871336972,0.8003973215308661,0.6676491663798861,0.7022274933671987,0.6221884538061438,0.7140301492103822,0.7299242339123713,1.0851806845207663,0.8257506098315328,1.1437638228741316,0.9813524643394433,0.667821276434052,0.8034241551721063,1.0741286073364904,0.8897094925525395,0.7971317442237468,0.7272004263818621,0.9775120908735077,0.9132885270444093,0.6432937102770482,0.7942647493206841,1.2270350497247313,1.1945866126658984,0.8507358409101555,1.1899961995559991,1.4167858185575966,1.1785554933743427,1.096947235508719,1.268202364692324,0.7038546117061725,0.717825162756317,0.6907047230722052,0.7961372798994607,0.13518079066725888,0.8469202973827653,0.22865457823194907,0.3989575230514867,0.06300299772404486,0.18716277608091103,0.8516682370418271,0.535180753626292,1.5035746706294815,1.0916204521887956,1.0151520281797226,0.04889031377744917,0.5323947618627132,0.6561455241771069,0.36615996850868604,0.9606162054448436,1.0279996169316523,1.0708541388333368,0.804215487090537,0.7393466452422146,0.7089831590468505,0.8337811164359122,0.7794280273701221,1.1497710147333968,0.8729001050518312,1.1423931912885303,0.9529404231191454,0.9785803767665112,0.7134399408063371,0.9223735164354172,0.7240439188749219,0.8682013574422524,0.8108735452552271,0.8632472142112393,0.8094204643513511,0.8883569410107705,0.9759990039230686,1.0114765298685484,1.215360682302365,1.155857961529007,1.1311909011195072,1.206284638973138,1.21150684400831,0.7121007707691008,0.4724576707885409,1.089695438672595,0.3028202161843289,0.6447372175666609,1.069556938256285,1.3480581270379057,0.6993171480725185,0.8079933498322487,7.254328619247669,0.6191745419037987,0.1443484262047126,0.8921393088114311,1.1000984295100087,1.1653660199569478,1.0671247728730922,1.3762189150089097,1.395388452469877,1.2665606543562657,1.105056254225823,0.8281277568638059,0.2915807734833514
ROI_089,0.7485306413744967,0.5228622769887166,0.39219858124924284,0.47435611948610085,0.5141997607457938,0.5347983631888031,0.7193993733756379,0.2931484651959351,0.3853281610860948,0.4646851796426452,0.3839549881137107,0.4910697527778046,0.4263195952705447,0.3454487057415168,0.38833939455594174,0.5756440231554439,0.45814663282606394,0.45874851519507664,0.3475174770890052,0.661940371684743,0.38963852504513186,0.49716183310931267,0.4485891562868593,0.6415252817640766,0.4630238426393395,0.3843217453183136,0.5010774201642909,0.5023226070004894,0.4940856544546902,0.5494213571711842,0.4343094622594432,0.3623496230357914,0.5670007018717031,0.6878947507357454,0.5568380957462897,0.7249232613063628,0.8560183910998921,0.309039373208077,0.3555656767189286,0.4459531522164873,0.6152112773477234,0.5252526768288457,0.38439466251241683,0.5314919914756479,0.6685990566190241,0.4177291168646141,0.37146464339722896,0.5669669485122455,0.653417078038204,0.703897673187019,0.5270704831651092,0.48472974777295125,0.5014468660881035,0.4440017573207212,0.6014213763190733,0.39902669872787866,0.3917532742559647,0.3356857501178331,0.42086470024499856,0.36997764881810774,0.42414389762554267,0.28325645533591465,0.4366626527843342,0.31013820552435134,0.4537350691832575,0.3073089879666651,0.8135649206253401,0.3181901228928229,0.4749819959364437,0.4656963070350814,0.39210695283585845,0.36396477841528274,0.4679732655367899,0.6248714573516522,0.4142634536787261,0.41587991958713905,0.6836172571437706,0.4361651288583315,0.39431291936272445,0.3078892610639632,0.6219423557386123,0.7520102960550099,0.5957227556599098,0.5806434501246339,0.5115339017077313,0.6899859717121198,0.7728114863846304,0.6191745419037988,7.254328619247669,0.5058201433005978,0.4516582963235378,0.3653769291507686,0.5270693561424431,0.41256225158263454,0.6817670926931253,0.4566997723755537,0.600384362134589,0.5460539880388444,0.731527108722559,0.6144764404563612
ROI_090,0.20219681805498674,-0.07811325160361002,-0.24799122619078703,-0.1332472330073379,-0.04629455489869232,-0.01593050236645875,0.12974198851552554,-0.33523570715269724,-0.14610352705816745,-0.21445570321136595,-0.2865754081437047,-0.1976683567119712,-0.2514639558899268,-0.2887201531312863,-0.22098478809716912,-0.05478615895967664,-0.24610460310352192,-0.25876351341646203,-0.25877460432407334,-0.05088852756231638,-0.2722868600835562,-0.18886819702149849,-0.2377103645362449,-0.055189062132803446,-0.21140548088419736,-0.22783770505073006,-0.03889041269865272,-0.05893525738310687,-0.03253613956091873,-0.10731672874181125,-0.14057700537526632,-0.11302271016036353,-0.00142227407753855,-0.03897097062363849,-0.13493105037356715,0.7438854106206122,0.41723106297042223,0.22492951892149787,-0.027152055165219964,0.21929770533105503,0.5460115929355643,-0.010618417034842495,0.028968563028714145,0.040166324991020894,0.07299683653005798,0.22645222614510072,0.2866155848938254,0.14973698140545882,0.3961201891472684,0.6550845153449568,0.1966346728911891,-0.03597331304482704,-0.010577380199570038,-0.0633760428890737,0.11795186481357213,-0.12760921727777846,-0.12663364309365732,-0.13401481515660185,-0.08513383032826687,-0.10523136004934829,-0.14714520417700336,-0.23727839246932456,-0.0937755829615634,-0.1583982427643749,-0.1601939929576973,-0.24483579493682045,0.25042164963446895,-0.15139213490395464,-0.05655028052822701,-0.14793581181027393,-0.21248509112706088,-0.04608879038332681,0.019786886339841606,0.14657937687297845,-0.10951930238394293,0.015058213211836707,0.04729483369515773,-0.1412735646566194,0.37209581683146903,0.1828021397407915,0.2988744626119714,0.5386357628892052,0.8847939425578226,0.1538046488973504,0.2751917523087229,0.43652385243011027,0.45187067190236285,0.1443484262047126,0.5058201433005978,7.254328619247669,0.47181367258241763,0.0835147438396622,0.35596741234182666,0.2349057422971926,0.36996937989217343,0.014050842886045677,0.3977512007542967,0.19493816521023163,0.43743181511714796,0.6825380988747132
ROI_091,0.659412999015059,0.7892161551544362,0.5822581906970951,0.6764714558025274,0.6638828449263182,0.6767714549287293,0.5121068230672817,0.5322869960903963,0.6607724526836828,0.6344872734700374,0.5024239635765304,0.5915335608402532,0.6310478080809118,0.5369532397231347,0.6489535915456351,0.7669347212376143,0.5593338176843572,0.57602752539135,0.596107347477469,0.7471018374410491,0.6155116882015923,0.46268812577886476,0.5679462097606967,0.6636898775232425,0.5872877991468707,0.3169897345210179,0.5772596879358582,0.7475764122554025,0.7903135613807472,0.7228035286583268,0.7947286845566632,0.625226360584578,0.48720905758957606,0.5567183809812637,0.4623319529180253,0.18697049982466168,0.7321433889977177,0.503439079113896,0.34110761651660915,0.12724525861866062,0.29852045985904596,0.4946845742048977,0.3337243348588722,0.8489469274200524,0.7329641520056039,0.8914795135316043,0.017068045537707445,0.3658611224343078,0.6231077943060025,0.47277404342542545,0.9403402526987017,0.9177624790406329,0.9118706691587652,0.781018999526734,0.8071949864952196,0.6656845676648134,0.7357399051032143,0.7273683760582786,0.8010469492640256,0.7439004568869834,0.7166643607784398,0.7237140162072355,0.8284180555310632,0.6986117538200987,0.7444831301234102,0.6468276311786311,0.9359844228950971,0.7191965423072034,0.771287336733018,0.684170423445818,0.6796842761651283,0.8243867253317324,0.961858477545647,0.9523336460243449,0.7180962938948552,0.8239883929957825,0.8490812614548672,0.6924430218120468,0.9702446255974325,0.6443546347166381,1.0265765458505296,0.4867745777345005,0.9295830211276915,0.6760413554134859,0.9727921116538463,0.8748025899137053,0.7272762650500301,0.8921393088114311,0.4516582963235378,0.47181367258241763,7.254328619247669,1.0842491148596491,1.2054535468805958,1.2234860474633567,1.252160275395667,0.8504893586695237,1.0838882642861505,1.091268859107154,0.8226148567337824,0.33147521078357817
ROI_092,0.6893569284230983,1.3235268193063103,1.042563298578588,1.1621341423421052,0.9661233711333003,1.008067590050417,0.6113856584611136,1.017492331312036,1.0819765682169316,1.2376746910245988,0.9913874828880375,1.1205337149105168,1.1991367593406903,0.9530119413645692,1.1270339454951321,1.245714846404986,1.1145434169050603,1.0282601102424935,1.0451035242017472,1.1055597158388182,1.0865180686376983,0.8170996662924583,0.988601067570447,1.0732756668845576,1.110694854602769,0.6713629735982397,0.8775815246014639,1.2371897896358668,1.2905481774445948,1.1553412628838071,1.2770390225364916,1.0488495123819144,0.5489721644950887,0.8673723099353033,0.7451171892333406,-0.052886110595087577,0.7353737321382985,0.47381417655228764,0.44161741493934537,0.049281565598088384,0.11647505761739263,0.7088455377073327,0.49071183685834313,1.1667300267422485,0.9359398549045589,0.9173952596038211,-0.10156615601954962,0.33325100769733473,0.5920979301503448,0.2334413878166389,1.0558776995844597,1.4980161004242352,1.5476313429082706,1.2720687062844904,1.002310699058473,1.0679084143675015,1.3399204896107877,1.2146764891555342,1.515137750502969,1.390964771615264,1.3055741325280081,1.4201318164298755,1.4841467789500664,1.2346081259607713,1.264092484818828,1.094874546380512,1.1591937333773097,1.4162988747648866,1.3628031717255953,1.2191271558356365,1.1357964188252747,1.5895007700179256,1.5418242642788216,1.483119446826227,1.32780142361658,1.4123538165756866,1.3043807427291876,1.143745009756069,0.8484801470331633,0.8697003756634337,1.330267454074415,0.38473413984221366,0.5500628482811908,0.9284694069457988,1.2570095803021317,0.8233856334813829,0.6719693823792352,1.1000984295100087,0.3653769291507686,0.08351474383966222,1.0842491148596494,7.254328619247669,1.2851447439540595,1.4016652540649228,1.286228642263321,1.2211637683662633,0.990119766433525,1.3230915068507973,0.8192654737687844,0.045441538171882914
ROI_093,0.7253974734762308,1.0913891147675032,0.807089635152992,0.9147194263298164,0.8435081874460185,0.8715138845740273,0.7215661924969701,0.7367327361676503,0.8572241010206482,0.9387872283551006,0.7819950059689714,0.915646832454471,0.8627909576024101,0.6864208384169173,0.8357836761134058,1.0382383229365555,0.769509319899281,0.7382310953574798,0.7343726524794386,1.003938619710791,0.7917761986355972,0.6885334714550185,0.7058692588832268,0.9817261495789966,0.8845930480013682,0.645633931894314,0.9276537843167835,1.1870483988156864,1.1261123042741499,1.0541631293710119,0.946780528915364,0.7826799346209226,0.5755958710118072,0.6544005095806815,0.6902131672400545,0.1490962669495459,0.836914381907671,0.567492894871246,0.5518386549640354,0.20015192309815003,0.26969556438692355,0.9107066996401239,0.6570020786829421,1.121933543420442,0.9507905836799477,1.3053309438932295,0.09940153589369179,0.3082960757162599,0.7724197039463275,0.5158597055336421,0.8884714034608319,1.1303104160237951,1.2179278345003595,0.9991464767786746,1.0199691984272385,0.8057569572458914,0.9762127604673786,0.9240041458814762,1.1133885867642024,1.0265829300687985,0.9963240385410145,0.9344016702509181,1.0652632407442162,0.874141061366352,0.935229215137556,0.8011092619913028,1.03641203901693,0.8972554631308575,0.9225806116790294,0.834501262948228,0.9222453490109627,1.0984209941186087,1.1081809198126278,1.3614219197129365,0.9911124555701909,1.1265111128151026,1.1673364761763083,1.0027079822797975,0.8213608074459747,0.639633139972726,1.0962147761579917,0.3601045748314546,0.7417479012218636,0.9115355113269888,1.209136854889112,0.900674081876038,0.7300396456080117,1.1653660199569478,0.5270693561424431,0.35596741234182677,1.2054535468805958,1.28514474395406,7.254328619247669,1.333889906860202,1.63607517662395,1.0583780847461302,1.4720392022731914,0.9554843311576239,0.9610198199044301,0.32495155669821035
ROI_094,0.8484306168157439,1.1538460049630934,0.8422268035473731,0.916567685712055,0.7616076687188302,0.8160250834661474,0.6519931116262221,0.7699868829975525,0.8716480441040004,1.0335674767579168,0.8084440498311792,1.0262819988532448,0.9913840182680226,0.73811869219282,0.8602598862354034,1.140057977474838,0.8856560952375828,0.7992423340964319,0.8020975761828338,0.9976576010309867,0.8513012208909765,0.7198425027736646,0.844690239073373,0.9919337516622578,1.0026979777255027,0.6441442351797679,0.8921530929437029,1.151796884340531,1.0359542923413312,1.0187151488456565,1.0946031301429568,0.8922759671278759,0.6893274248612806,0.7658244074094966,0.7183664593493335,0.10724322897886028,0.8769880791852862,0.4591006044674066,0.3484896177008745,0.03950690532833364,0.22017847213754452,0.7334326387657661,0.5586545354091175,1.1634351613269986,0.9903312498163995,0.9796038599887439,0.00010857085905909078,0.38486716742564,0.6403791562560591,0.45027721983558183,1.1773006435453683,1.3485643916340448,1.3482868368445977,1.0391540547806517,0.8317698212649617,0.8255547654556025,1.0056572166827107,0.9460950493547764,1.2994227072700202,1.1554982120565827,1.2000807036882033,1.1393358595384646,1.2609026329962263,0.917835267814547,1.0157290751540369,0.8257330731773053,1.0730205555534618,0.979198218757688,1.0380390189789706,0.9614591802686134,0.9427368654795186,1.1917777122131281,1.3671001798887947,1.2335391574119328,1.2081123428653187,1.4364022628131026,1.21046264562425,1.1629529610751115,0.8382181788407357,0.8220556370222274,1.1323776648282464,0.34903166647156786,0.6970707533376976,0.9189713212661771,1.124460370067906,0.7506548645929257,0.8017402387407719,1.0671247728730922,0.41256225158263465,0.2349057422971926,1.2234860474633567,1.4016652540649228,1.333889906860202,7.254328619247669,1.3633086995959591,1.1405368423674442,1.083463145911416,1.141193674481809,0.8343429227998984,0.25067052481445856
ROI_095,0.8027171652870984,1.1552288337289418,0.8483198706726165,0.9574345732447188,0.8772822117974215,0.9363516697333104,0.7557491826273312,0.7691887820997337,0.8973691890163601,1.0129170485696017,0.8152240745136514,0.9837412459403206,0.9328021632415905,0.7533784466298953,0.8940774715771436,1.190386903772404,0.9156462631476892,0.835020649314873,0.8311637844384421,1.0588133247833282,0.9094715569196405,0.7781374084356306,0.7804134600233801,1.0770661754098982,0.9562288333111072,0.6340580912559031,0.8675805623848977,1.18674617318855,1.1691278992637115,1.1119362233831063,1.096327903581008,0.7958031047597838,0.7528685112103408,0.8377057360248561,0.8103868955307356,0.24478379072156423,0.9299714122822565,0.5054907022154224,0.5339909502106671,0.20402937054525647,0.34427184721790544,0.8668420477497082,0.6422370765947648,1.1729239488701364,1.0834894614164818,1.1351521695031392,0.1553363628669529,0.4377763383168471,0.702268011077099,0.48187957437458273,0.9888355188608638,1.2107221870754048,1.2579461745698777,1.043507154469281,1.0614958322107837,0.8670008413700627,1.0124096465844408,0.9862478176382081,1.1790193467314092,1.0124665704274007,1.0690860713721007,0.9642669708709771,1.1205411536236145,0.8979291205686192,1.031178309808791,0.8362879264472893,1.1147369036748045,0.9558856090519724,1.033795655025604,0.930962903356766,0.938133190743321,1.1298097878415798,1.2224435636973896,1.3433868651536238,1.0632017007523462,1.138188343041357,1.2796392524378402,1.0280280266152544,0.838133166420565,0.6062246074183454,1.3472085861201637,0.5823094880647285,0.8320220713587676,1.0374171098912055,1.2573897579310136,1.171125377479421,0.8883080382334145,1.376218915008909,0.6817670926931253,0.36996937989217343,1.252160275395667,1.286228642263321,1.636075176623951,1.3633086995959596,7.254328619247669,1.1489983068473926,1.489690479440783,1.174168220864191,0.9588518667954534,0.3188580427083455
ROI_096,0.7991744242759639,1.1838446802575064,0.9753027684217803,0.9455781522710222,0.7617483112924305,0.7964136492942931,0.6656508498717191,0.8819199619157765,0.9142299349851121,1.273953025047453,1.022102182670233,1.3327685292766114,1.1726962418079794,0.810823348910423,0.9609213737022773,1.2134580321457793,1.0414957614182547,0.925944239357415,0.8661038448541328,1.0882754375753212,1.1351292663157708,0.6945986947574276,0.9203689310644453,1.1828463721518798,1.3324904509795152,0.8486211392448827,1.2307642146665332,1.4432064070279702,1.3367607758815943,1.055639661343159,1.6102877451171769,0.8522815662352582,0.764778553135946,0.7219416591275745,0.8966217225085686,0.10119861940569427,0.7759943851445189,0.22768621595575142,0.31183346155901953,-0.0927173465139135,0.15172614141166754,0.8488966660168936,0.536403711041114,1.8178326485410032,1.3247959731527272,0.9652438823544733,0.004976874271789545,0.5706750688575706,0.7004790137221838,0.3570622562110558,1.0338211189133901,1.2228672803833456,1.3472433797571328,1.020320204098383,0.804895686228557,0.8040700499708818,1.0212575401224653,0.980393867739072,1.378601152068439,1.1434958815114464,1.4589323999974868,1.2511596557696505,1.2331418751317624,0.8983691650869055,1.1233019563330604,0.8783583175447636,0.9053035247077534,1.0003242660065381,0.987303107372231,0.9515990003305,1.0953025766667601,1.08759077559168,1.2210312254003433,1.1617021672014503,1.4481078285083315,1.259020160098071,1.2649030163924115,1.304041532519047,0.6356892906258036,0.5418325289828789,1.0438540222413095,0.2345565423084492,0.583075062092306,1.1658679142987403,1.3583484247564843,0.605773582338526,0.719095027297883,1.3953884524698765,0.4566997723755537,0.014050842886045679,0.8504893586695237,1.2211637683662633,1.0583780847461304,1.1405368423674442,1.1489983068473926,7.254328619247669,1.1206911840660039,1.1740556014579702,0.7697057738690848,0.15750963893692307
ROI_097,0.7614509078709504,0.9517771306980453,0.6979113231906219,0.8182686008796938,0.7498180760105765,0.7636879613661313,0.803902225909089,0.6273426900526391,0.7219004073227253,0.8212215594421456,0.697398094112494,0.8327801958892446,0.769065052061269,0.6128010866544622,0.7200258682018351,0.9885367814529331,0.7223108197373117,0.6393266224287021,0.6543218870051587,0.9086529646563039,0.7372499722099489,0.6167966809690317,0.6510289704339991,0.9512123859586976,0.8481244169821616,0.6193119745247694,0.954871425433403,1.0562181906789898,1.0070789031890401,0.9394772508662829,0.9186165979066009,0.7171749988739786,0.7212736875414728,0.5795282589779602,0.7589777300481991,0.30195394566205325,0.9258361172641812,0.5380518860749682,0.558016224340923,0.21916248260485277,0.441923037272068,0.9586766737792803,0.7142457765592721,1.1959399161023847,1.1166938038142713,1.6618645822735945,0.30578852013759933,0.4808405873958687,0.872165816134445,0.6556653303185722,0.8636011826709001,0.9387282122419002,0.9952546280515676,0.8681129543275237,0.9177396957572796,0.6635203142113608,0.7834623279297689,0.785032077652882,0.9031621547537013,0.7771158659621439,0.8255631028764182,0.753389967587467,0.848675691301245,0.6925789887584537,0.8050798887574262,0.6791989233268232,0.8470077575088999,0.6892456804837903,0.7004677551555059,0.6629780523333987,0.7963724769530713,0.7951249236719171,0.8782290524333746,0.9879499806526191,0.8297810500746342,0.8706239196708773,1.0379605219047496,0.8757114581440313,0.7498207488387717,0.5019293737216302,0.935322429502701,0.3443379676451695,0.8732844466393811,0.9287667097739087,1.1785945590391418,0.8548453045672012,0.8040399194076883,1.2665606543562657,0.600384362134589,0.39775120075429676,1.083888264286151,0.990119766433525,1.4720392022731914,1.0834631459114157,1.489690479440783,1.1206911840660039,7.254328619247669,0.9460855751144944,0.9462017748544719,0.4945362311190325
ROI_098,0.7046655870945361,1.036621425460951,0.8281034863833472,0.8778279276141555,0.8075501005071026,0.8120072183686764,0.5139399380203123,0.7686437167436788,0.8549032068242167,0.9709777828557832,0.7300731433780135,0.9103459629312317,0.917942140234392,0.7537486034434193,0.9254177974561857,1.051656110178846,0.9150936055563255,0.8756883101879268,0.8135744350403066,0.9769796134152292,0.9278785253113768,0.6207012690222938,0.8659852474359577,0.9301793130055,0.8877590307996867,0.47812018222064356,0.735042966724666,1.0640501105075693,1.0329295620057415,0.9843743071398018,1.2652484972920044,0.7564070117125173,0.5515176235415497,0.8172392479803583,0.6203794120848737,0.10786578603045768,0.6710005038048016,0.3212761235981699,0.25194080087087656,-0.030769426508155413,0.15449819945947305,0.49643096707636497,0.2486727492117954,1.1498264090441805,0.8994175172009395,0.728955961856092,-0.15977253170731218,0.48516787952295964,0.5503254861149999,0.3136615358066467,1.0607605705653849,1.1981664412828796,1.1741266948168918,0.9356295868584222,0.8389358081473237,0.8841875101038127,0.9751689883269891,0.8966507991329988,1.1148353058329803,0.9920201963194336,1.0825600353965976,0.9947713225160622,1.1097113839068318,0.913435334942454,1.0946724657093554,0.8662393515960318,1.2357254641986457,1.0428085162325837,1.164098406682402,1.0313382892239153,0.9371458358334024,1.1057088105120945,1.288197031529379,1.2090790814696513,1.1254516356103839,1.093836461752699,1.137477692358716,0.950468147451247,0.9485968574721083,0.6817128526198437,1.5062379865745859,0.5361689827419923,0.7193417931809449,0.9041977109307809,1.2223157302343801,0.9082913828673844,0.6852345298381903,1.105056254225823,0.5460539880388444,0.19493816521023163,1.091268859107154,1.3230915068507978,0.9554843311576239,1.141193674481809,1.174168220864191,1.1740556014579702,0.9460855751144942,7.254328619247669,0.844931967634662,0.09958840297477549
ROI_099,0.9169843605693895,0.8844623312319672,0.6448203820973669,0.7720395865779417,0.8039085324958325,0.840687089383587,0.962532025470807,0.5448833402688986,0.6605507415865177,0.6735999164534168,0.6081296187912263,0.7067480709680116,0.7387796389159901,0.5077883902390069,0.6084888779391794,0.8671952774493892,0.6156968746327742,0.6453940646845431,0.6338130276600067,0.9279958079605276,0.5845554240110986,0.5791882805134796,0.5980077582946213,0.8535887416861736,0.6980877919614319,0.4396302123214258,0.6211459778467895,0.6952503577697302,0.7972155078327925,0.7587991607068665,0.7413613410867538,0.7178379250858365,0.6326880359901927,0.6602274058737019,0.46414634478888733,0.4248552376689409,0.8344999930097121,0.6658314996361777,0.4911847559039041,0.4178461116016249,0.673392990671323,0.6434329711590667,0.4040022424193367,0.8885204386002209,0.8374940207216413,0.8421954482244635,0.2327423413101943,0.4317391321921285,1.2698191552938338,0.7720213973200889,1.0298799944576653,0.8422733032845711,0.8056688524627384,0.7644040563662343,0.8560383833622315,0.6953511588950229,0.648832732346577,0.5951797169341707,0.6554119275280778,0.6479858444427473,0.6339319883440183,0.6423063463867577,0.7512922188778365,0.5860363150570855,0.7199891571615594,0.5633346281006134,1.05529219337008,0.6590346907579607,0.6528536696016433,0.6367082457788126,0.6592622359761412,0.621424754446418,0.7866299077883463,0.8161688470390359,0.6074196324112068,0.7067161786802154,0.9977588574249651,0.6780974952692294,0.8036915703344509,0.6941967511431615,0.8137509860944675,0.3777299216016417,0.6734669223609008,0.5023590397430759,0.6899279582412511,0.6764377962672329,0.9007097638099753,0.8281277568638059,0.731527108722559,0.43743181511714796,0.8226148567337824,0.8192654737687844,0.9610198199044301,0.8343429227998983,0.9588518667954534,0.7697057738690848,0.9462017748544719,0.8449319676346618,7.254328619247669,0.5816583233808255
ROI_100,0.5749632814039684,0.13290636692456806,-0.0015558059749288874,0.05892286778262731,0.07591757123010141,0.06727234628565393,0.4976709379644512,-0.1423982229725158,-0.06325759762107977,0.029702915556297303,-0.018796731485148814,0.10273317364981079,0.0570107283143581,-0.10270034175501944,-0.09184800864502932,0.1812148102623516,-0.022971776848937166,-0.03792061748182401,-0.0552382364598654,0.21338617837804333,-0.0666683281366918,0.08997447033309527,0.06463515032819636,0.25698998226959946,0.11684050222531008,0.18074026361888912,0.288375469224059,0.11813220457725623,0.10127378724230424,0.1447835532336517,0.030125238545722674,0.17157856160137097,0.45230141381474903,0.10789247787533347,0.12478944676622288,0.8005826127044173,0.6951281999886006,0.3966023196542612,0.2022845094994658,0.4788009217482345,0.8060517659339315,0.3104647905067404,0.32314632962284906,0.2978574807389379,0.31547340005283225,0.4320522921726579,0.6158596179268457,0.2849842277221298,0.8167805167780767,1.1968536998337045,0.3873026367959253,0.07846630734290387,0.09168750585239034,0.05674889521451838,0.14450929494079925,-0.052870887829025645,-0.08676997999813185,-0.09887202597373533,-0.005996772761536249,-0.07727040828378691,0.006369106063866826,-0.07841263212294396,0.01314875711731698,-0.15229964803001117,-0.013202373505234953,-0.13358098736377855,0.24410531605474534,-0.15207246655205447,-0.1012966015626848,-0.07355237487520214,0.002267989331830951,-0.11059640538728747,0.07615402161281537,0.14201179570271247,-0.01653669964136626,0.10445139395763564,0.27761578956862737,0.1681998407014281,0.3154639791598257,0.2987475341584604,0.07591257062940895,0.11959998818898743,0.566701650481475,0.08327122384175699,0.18514149349142484,0.10441427328384642,0.7155652263792542,0.29158077348335143,0.6144764404563612,0.6825380988747132,0.33147521078357817,0.045441538171882914,0.3249515566982104,0.2506705248144586,0.3188580427083455,0.15750963893692307,0.4945362311190325,0.09958840297477549,0.5816583233808255,7.254328619247669
