,ROI_001,ROI_002,ROI_003,ROI_004,ROI_005,ROI_006,ROI_007,ROI_008,ROI_009,ROI_010,ROI_011,ROI_012,ROI_013,ROI_014,ROI_015,ROI_016,ROI_017,ROI_018,ROI_019,ROI_020,ROI_021,ROI_022,ROI_023,ROI_024,ROI_025,ROI_026,ROI_027,ROI_028,ROI_029,ROI_030,ROI_031,ROI_032,ROI_033,ROI_034,ROI_035,ROI_036,ROI_037,ROI_038,ROI_039,ROI_040,ROI_041,ROI_042,ROI_043,ROI_044,ROI_045,ROI_046,ROI_047,ROI_048,ROI_049,ROI_050,ROI_051,ROI_052,ROI_053,ROI_054,ROI_055,ROI_056,ROI_057,ROI_058,ROI_059,ROI_060,ROI_061,ROI_062,ROI_063,ROI_064,ROI_065,ROI_066,ROI_067,ROI_068,ROI_069,ROI_070,ROI_071,ROI_072,ROI_073,ROI_074,ROI_075,ROI_076,ROI_077,ROI_078,ROI_079,ROI_080,ROI_081,ROI_082,ROI_083,ROI_084,ROI_085,ROI_086,ROI_087,ROI_088,ROI_089,ROI_090,ROI_091,ROI_092,ROI_093,ROI_094,ROI_095,ROI_096,ROI_097,ROI_098,ROI_099,ROI_100
ROI_001,7.254328619247669,0.906981868164188,0.7946674687262343,0.9249376069348297,0.8634617811244036,0.8590186685745126,0.914724934896511,0.8643490024863991,0.8105001758903871,0.9168069999131637,0.9240045159598199,0.7812896356766685,0.9856106009796515,0.8866585895600463,0.8509533813307315,1.068944452242669,0.8770881094732371,0.8108162616410384,0.8514861696389671,0.9517799927430667,0.8975436348550142,0.7548075347096359,0.8731400604681548,0.6441909196618766,0.7271704394616683,0.1941552480350173,0.813001343874028,0.7454551097734046,0.8817252143258234,0.861722210350063,0.8151336322574542,1.1235973118282172,0.8352014475164052,0.6540384099624222,0.5651995162539796,0.4232317939888785,0.7963817349061953,1.0045490985203194,0.7879478960045139,0.7179967395242975,0.6890996070154265,0.30212900563234635,0.3169720053034048,0.9541678948740966,0.81419445610919,0.6827690662955656,0.4878205905722528,0.7056273604020757,0.6571178666020201,0.5588020148397322,0.7963482526223559,0.8777430124256291,0.8917451121193292,0.8878883560450623,0.7717411113316592,0.8427226411460271,0.7688643687950029,0.7944664661114121,0.7945065491600468,0.9314686190779392,0.7126394555875413,0.873000455927291,0.988195073680701,0.8882835599983184,1.0111712926784622,0.8439341489158187,0.8426901097423996,1.0414215141293282,0.7075844711260064,0.787660206372179,0.8812007665069527,0.5587660567620876,0.854613324791598,0.7035518295939454,0.5508583074743156,0.5678238738068443,0.9184285923712234,0.5437414267417164,0.6612594351415433,0.6889715945726542,0.5613896785261974,0.3518845918049415,0.44522657644250235,0.2254410237449833,0.4888762662494411,0.4491143289438192,0.722396988526362,0.5563667911832321,0.5001278065447716,0.3557204671568519,0.258770119659339,0.8032042502747134,0.674524267903819,0.42500613186345226,0.15097217696552437,0.805471601200405,0.5246777445932272,0.8146043646635528,0.7078020904338816,0.5092037667967168
ROI_002,0.906981868164188,7.254328619247669,1.662189785728744,2.0718058988234684,1.501072619089622,1.3015647167256137,0.9843634540620056,1.8712826156380864,1.4662001372685802,1.9432739874944402,1.4094620790200536,1.3472039002879816,1.3734736804174004,1.2024615174077657,1.1192657412870917,2.103848433806479,1.1965501690636904,1.605412600942978,1.3092963109917384,1.85486709214176,1.4624345826493754,0.8977341648487286,1.045756695599758,0.8981443437085306,1.1609577866436998,0.2829607501168452,0.9196417712276551,0.9943364150087322,1.2989044617810614,1.1580772649125193,1.051601670526037,1.0989020999470267,0.9001111484853005,1.0661687893030123,0.5297053582243239,0.7308618818086515,1.1448645174022118,1.322243905285962,0.9466873666304609,0.8532444066725878,0.6832454064659308,0.20631942069389791,0.16047144404538974,0.9567085020684534,0.7461824599562189,0.5026367034161306,0.3350592289277671,0.5928231792605085,0.7435563221278132,0.47843338858171885,0.8323422336867603,1.8169293725650706,1.9871674596134294,1.7640845325211703,1.2259231654775675,1.3575560775830111,1.788919465302409,1.460374705794869,1.3914332874037818,1.6569807675722488,1.1487906516099715,1.1569346904639768,1.6455295713934743,1.4525223197474924,1.62618100076361,1.1392244805042737,1.069984499042671,1.6806983477603297,1.2114165444459768,1.7419680396636037,1.6393962275370217,0.7733544061545949,1.1851585134325848,1.2913724889968838,0.9348934153440704,0.7621018958787862,1.7097050132282285,0.7962653042064874,0.5924070013372322,0.806328818654229,0.7170267358278853,0.5136028213573749,0.3933582095694256,0.23804832435026704,0.6422888465094516,0.42913348863970846,1.131820214706372,0.7076436498755315,1.1144025730224738,0.2299336505975618,0.24607883734314,0.9981442517171618,1.0490803525843275,0.2528728129777875,0.05845229358598355,0.7761264719863729,0.32836420640240943,0.8747818882779747,0.9182090355904251,0.5028301694869871
ROI_003,0.7946674687262343,1.662189785728744,7.254328619247669,1.6821224902499203,1.4522981328840905,1.5060173836810093,1.0923333064768037,1.9732913430517498,1.687284445723604,1.651466393228037,1.4933565105007185,1.204718467330195,1.4133807661708935,1.4718398194542888,1.3629623311726673,1.6138830504364494,1.1806550087285101,1.658683594204002,1.5350112940850016,1.7084223675823944,1.6173183411250736,0.9437447722060962,1.174932166725081,0.7011010940281406,0.9724516839223728,0.1893845133442229,0.8050473270222858,0.7348590141472964,1.2584684133296655,1.043814399845247,1.083708286509183,0.8945628313762811,0.8982435534390982,0.9863018194693177,0.5034007980570205,0.5922705648450073,0.9497113171984389,1.112122909852336,1.0237625258148997,0.7646188732976162,0.6678593527083613,0.22808584792053896,0.17860677751625745,0.9585054164347684,0.7324180670774717,0.5319999549533492,0.3627510335878915,0.6344217481433808,0.8328748451448572,0.5181691379838589,0.8012492463262326,1.608594602145508,1.3621301550761487,1.567358790467958,1.4014428284584153,1.6213571049669546,1.7042795199292826,1.5795683589467329,1.21698016710769,1.428592001063533,0.9331827204655189,1.2653542908022823,1.5088066481404823,1.512675893188249,1.413774930353493,1.3650965556456565,0.9857348491629803,1.5077952623957338,0.9555194982610768,1.3908248595874158,1.454700747286129,0.6614508486949121,1.0957168373566535,0.9701174036766659,0.7072722051355668,0.5513197752211579,1.4112501902198644,0.6550741926259586,0.45536160747065924,0.6633704432086016,0.5275963432715398,0.4414313310165064,0.33073121748991796,0.12265628432057434,0.4609159647689201,0.3654559054963535,0.9055749609835874,0.5454264240482452,0.8551915370269412,0.21689324618567918,0.2757790829269653,0.8900223770624058,0.9027579025138636,0.16150678674933244,-0.028053573414625367,0.8046184752228687,0.35746159975674613,0.8306591480677499,1.0080564765903326,0.5043564700720644
ROI_004,0.9249376069348295,2.07180589882347,1.6821224902499212,7.254328619247669,2.0500541708030653,1.5849423270215888,1.1572750225764796,2.0924055460649607,1.813062982107094,1.7347568756486245,1.43769582487651,1.0982745883357636,1.3011252847655532,1.4067165334184444,1.2980535829773412,1.9005542574774759,1.135631946914662,1.4952987196341392,1.3534964033154726,1.925976976998124,1.3801618830900775,0.904184070176483,1.055955104759593,0.7124445475033372,0.9338971125743721,0.180416438750551,0.8427543994895857,0.8559743029357593,1.210906416983002,1.0339934781482634,1.1414375660240164,1.0100587721627108,1.0371624007868698,1.0039267887205343,0.6271482057434656,0.6385875339892192,1.0171858897215675,1.243763187409189,1.033013005110636,0.8269350876230375,0.7843222098131176,0.25750611132868956,0.2812284893280198,1.0300195499133278,0.8714714429664733,0.5970330166005444,0.45338982522342913,0.7231261118276046,0.8587042581900479,0.5344649196812606,0.791173112480896,1.6484377140940625,1.7465045289570023,2.352187878216961,1.595843885955731,1.5548709253075106,1.949250153275064,1.8550243101829949,1.252482795119394,1.4964470908957561,0.9384526611871133,1.151951659105384,1.525345732083151,1.8014991395267699,1.5639894783358714,1.354725370612332,1.190787409932544,1.6185698418146501,1.0622117852784896,1.5067032084642848,1.516716208080679,0.7111416328842218,1.152856107232499,1.2054257112233158,0.6984317143883104,0.580123759796108,1.4941828801524917,0.6177739336178729,0.5227133997940604,0.6692888421782147,0.650020785353454,0.5617142680324847,0.4584625870355976,0.2708854866745629,0.5580409451156909,0.5044721692990664,0.9691724736534395,0.6062970345637491,0.9312923641195471,0.30859330811855173,0.2904860763066384,0.9146427466339963,1.062798799890991,0.24333235863494193,0.07712293062288873,0.8803251718251621,0.44319905746837196,0.9495861935055927,1.058183363406329,0.5343089504509104
ROI_005,0.863461781124404,1.501072619089622,1.4522981328840905,2.0500541708030653,7.254328619247669,1.959841958287763,1.4046363876890673,1.7379857203589124,2.0276071115037295,1.3669697062508277,1.2661672061953562,0.8237712294717886,1.149988289701502,1.554079459826207,1.472093918210867,1.463759155953077,1.0102841355074579,1.25484450848579,1.3138848281166442,1.6858073128295625,1.2147377359622584,0.8608440744239626,1.028065164836093,0.5158295415437034,0.6992650719432083,0.00875400596857974,0.7391539135115446,0.6858716910253013,1.0107500286700704,0.858795046341004,1.1413395656084182,0.8935729352283778,1.13628072141933,0.8915979743220095,0.6760043781104395,0.5762016934798804,0.9530037212782894,1.1202481988208797,1.0424287510437324,0.8457265363302332,0.9838371821587406,0.23576904317276645,0.37549989034364606,1.0810562044177354,0.9964319775804924,0.7668427907750812,0.6453264292956677,0.9545499654486336,1.0667184233933278,0.698435839695228,0.7113863223046789,1.3293449211587802,1.3349034778185793,2.2938670541285036,2.0301681478611493,1.6956509449489745,1.563829648032779,1.9481208280536644,1.0301717154655048,1.2930096005583607,0.7162973970434273,1.1035749929713838,1.2913888331317733,2.0415713342379127,1.3401219840266743,1.6025836226024532,1.3886377498560418,1.4447493407654755,0.8806488987020794,1.2360011379251015,1.2762107451303328,0.5969694294547966,1.0164756523231278,1.0384066014922968,0.4643779322274066,0.3913397310580428,1.2589068765754878,0.40364524821072956,0.4383205451602752,0.5755324920860141,0.6040135298068455,0.6322066240177088,0.5003611810551678,0.29219132696747974,0.4622223397354215,0.6173735852358625,0.9055328624851102,0.5576126761846939,0.7472700366299706,0.46889518620637155,0.3540108675812677,0.7800605630567621,1.0151721338337114,0.22995716846840783,0.06881779027839004,0.9694754955675453,0.6277119664736162,1.0463881631643988,1.3092717783077785,0.6584965805156996
ROI_006,0.8590186685745126,1.3015647167256137,1.5060173836810087,1.5849423270215894,1.9598419582877644,7.254328619247669,1.5718309609963281,1.6346213166625299,2.0022949864771533,1.254068760681092,1.2715505035970904,0.8144036202462227,1.1847210046772136,1.6056015977248674,1.6136141464634735,1.3109454045439253,1.0187821693175407,1.2359634761456235,1.4067324062644715,1.5474271924137806,1.2567418217066963,0.881067265313945,1.066693191726002,0.46517157959909744,0.673495343769869,-0.021181420603730818,0.6912463256205251,0.6106245456978612,1.0307580369456797,0.8297303007659237,1.123753391694556,0.8208620968827207,1.0437457297365655,0.8145292362451318,0.5930062682705168,0.5328278146523868,0.8511185614831167,1.024609607409573,1.0558914150928134,0.84499895066598,0.9435716953347963,0.25977459067201564,0.3356809284714471,1.124447450666167,0.8927700360828225,0.8030210115948249,0.6208872008048988,0.9476794609485805,1.1942521122586245,0.7815057629016133,0.7265586735196474,1.2760644107632724,1.1159941955644024,1.7174768945934562,2.0001807090756203,2.0079263959787332,1.4522786054241223,1.8026090119760416,0.9749309429747371,1.2875927847729127,0.686811305704235,1.1861017262363804,1.2578100676276172,1.8024448078721145,1.211751704674528,1.6853516662883292,1.36019181379114,1.386560143458588,0.761972050209923,1.0780366128391432,1.191067797545147,0.5859203294336274,0.9789861281675812,0.895280758055989,0.42617120178005596,0.35349295692005406,1.2013819464448874,0.37324913037938,0.3716603869284926,0.5398208509583532,0.5164651490410578,0.5583032044638563,0.4206095610579895,0.2131498696768601,0.39325549813754224,0.5526078583854762,0.8104555465146174,0.5380153429986042,0.6463168101776179,0.4768421282260717,0.41471133546705424,0.8172259641484175,0.9309109246516422,0.18004700434363535,0.05006523024086645,0.9638515298997443,0.663958783692097,1.0065226694491263,1.4113807434023264,0.685924043106353
ROI_007,0.9147249348965112,0.9843634540620056,1.0923333064768037,1.1572750225764792,1.4046363876890673,1.5718309609963281,7.254328619247669,1.1846858685212789,1.3136806361370124,0.9723605450066682,1.2149512917954752,0.6476069921855798,1.0582483839437231,1.4222257956425228,1.421916171332956,1.0888775151478771,0.8988515867878919,0.9761848373994559,1.1502190933698244,1.2308819000395521,1.0700712693069845,0.9277572313598921,1.1000948782374258,0.4865686097105292,0.610732923143402,-0.03862817229528739,0.6755721701500331,0.5749189928542083,0.8716590025418096,0.7803905487999687,0.9641349927391569,0.8156462286723353,1.0643421326351892,0.6515946237771423,0.6887395507587147,0.45829576467080824,0.7273072593417683,1.0592654747781205,1.0726957082121145,1.0393368082084278,1.1246332451482424,0.39503621616688545,0.5785121859087915,1.2709717509222658,0.9059785891716792,1.1449051139383353,0.8910017788843173,1.3697318230633342,1.4015515538240704,1.0374046050661927,0.6206252565410838,0.9155474978402854,0.8365836558897538,1.2133242037744394,1.271631676331392,1.3459909406704784,0.9652643305395122,1.1572836557473183,0.7048312460213937,0.9785518510350267,0.5251777493111855,1.009916518830952,1.0249684336485851,1.2944975676891743,1.0509938035116022,1.4679245866881396,1.390481950473889,1.119878575827868,0.5890238378845003,0.8147525502871195,0.9745760197576164,0.4040096628975622,0.8192178108225818,0.6825580575972447,0.2907709560985973,0.27006520647429794,1.0103688753077813,0.28287405272558735,0.3377512955256873,0.47938701699903813,0.45360614580958447,0.4413269979908944,0.3774242155848724,0.1981020386890833,0.27434215009898383,0.5671621331440593,0.6604031443527416,0.528731039665989,0.43056170991720305,0.5751454700006765,0.34283310605725553,0.6296298268308375,0.7343895271075286,0.21107026525615338,0.02174552528560323,0.9670099289887849,0.9167505245402862,0.9728188916335954,1.3659786488152004,0.8798667391782488
ROI_008,0.8643490024863993,1.871282615638085,1.9732913430517514,2.0924055460649624,1.7379857203589115,1.634621316662529,1.1846858685212789,7.254328619247669,1.921615668311851,1.852691280854319,1.7116295270641855,1.2122646318952575,1.4973772685360995,1.6427170915791458,1.4450651410571584,1.7835290181127506,1.2211366581841585,1.8950149145853576,1.63353868286823,1.9269514795309455,1.6441308307626052,0.9832206246587283,1.2040333002586086,0.7641784161464878,0.9928038529300647,0.20981263636683364,0.8044234787710952,0.791862140534023,1.2684803546892425,1.0425702588332295,1.1458555390469174,0.9307011191870255,1.003080746484675,1.0730601545087874,0.5965678462597443,0.6330200444995785,0.9286863680556994,1.1248946053698878,1.1074276314815008,0.8577028363212413,0.7606366267045677,0.2702741358996454,0.26570806332601565,0.9654876422741789,0.8064835645873782,0.5524754098284745,0.4378880241711712,0.6953923892301618,0.8400158064277083,0.5100953818335248,0.7355006017345285,1.6431572774835606,1.4797852364706163,1.8261671776382808,1.5042466231579523,1.719314812892506,1.8941790796334386,1.827581657280263,1.1775248025639216,1.4491180651482998,0.9279085237730929,1.2462024066807704,1.5401271904945517,1.6932961810391127,1.5062473169012602,1.4714984249404737,1.0720553267475608,1.5484515574165774,1.0042043634488131,1.4989076554732763,1.536371028006789,0.6354086531122891,1.0734023985815968,0.9975484742602814,0.6822324724955684,0.5334686625006528,1.5637538673589737,0.6314349782216312,0.43032018639993175,0.6025194498877371,0.6012033338692095,0.5299703703890848,0.36988415413937353,0.20349830215057177,0.4827354190149179,0.44435980485796606,0.9342896307859171,0.6052926407291908,0.9308337666485126,0.2539301538024654,0.25826664595582643,0.8283480044592465,0.9329304179082246,0.15940944947979607,0.01011893518471359,0.7995055568086643,0.38068037593353987,0.875753012470459,1.0089710604958426,0.5085171041795041
ROI_009,0.8105001758903871,1.4662001372685802,1.6872844457236047,1.8130629821070952,2.0276071115037295,2.002294986477152,1.3136806361370128,1.921615668311851,7.254328619247669,1.3968440017305794,1.3751208836909092,0.8939938399628068,1.2677812739891352,1.747540807353992,1.7226239255368334,1.4500515252831208,1.0638849536507398,1.4223062754384264,1.4966328177594488,1.783995737898805,1.429738197844214,0.8637389073974141,1.058993393069469,0.5146595416637848,0.7142064594504838,0.030895390470499925,0.7668454726690402,0.6902339321771381,1.1122622042794834,0.8744198339711111,1.1485406945771324,0.8075329599309377,1.080503099791453,0.9420578534572961,0.6031996985234482,0.6691290470124683,0.9735326668214527,1.0433748680448918,1.0777767286905797,0.7936916766341816,0.8909328675601161,0.2161490133986458,0.27051468891524405,1.0837606923026042,0.9402915614669223,0.7158958626965372,0.5621474893128945,0.8495857417258721,0.9846969731456889,0.6596153292531128,0.7759107437902268,1.489025348590084,1.3294242743716582,1.9750297739450093,1.9562265684406892,2.0469980737322446,1.7577092158757972,2.34053892944255,1.1239837357264557,1.4023187872514746,0.7724993625917786,1.2778015271691343,1.4137597191488944,2.0662454398056043,1.4144081809897615,1.7949304876697945,1.2078790149207401,1.5128049167628108,0.9295658764920192,1.291209855926339,1.405727908353041,0.6243827576179294,1.07639614626015,0.9173436460405195,0.5176497929423916,0.4287817991481115,1.3235255335313754,0.46142261799446427,0.42203266355320995,0.5572022514162169,0.6083441920988477,0.625258764895336,0.4973661235387331,0.276629372686123,0.4843411362941404,0.5657304980047196,0.8903005797337018,0.5912164008772955,0.8090056147372928,0.4328144142697878,0.40226896014510954,0.8207378211161889,0.9949584776475707,0.21588162404219258,0.08352745358911735,0.9793070657625254,0.5685546674070884,1.0646674203526345,1.2611486617115688,0.6060459457733764
ROI_010,0.9168069999131637,1.9432739874944387,1.6514663932280362,1.7347568756486256,1.3669697062508273,1.254068760681092,0.9723605450066682,1.85269128085432,1.3968440017305799,7.254328619247669,1.5478716013387228,1.5787073054275498,1.599279793144501,1.3116317659663574,1.2208191130708705,1.9882516704112854,1.470016374757473,1.914136984575086,1.531854282701431,1.779023672975547,1.585414428866984,1.1161325174011523,1.3123177920319762,1.0066333070672633,1.2058101847405565,0.33808677119063185,1.0157730799071263,1.0530755278343187,1.3649789319520405,1.4098996332859852,1.1364803120387152,1.093640392984295,1.0203361336983334,1.2856599756782596,0.6289863895977077,0.6308532587759969,1.0390828744491836,1.1986940187266277,1.0500542049859327,0.8624625317883357,0.7175735399736032,0.2220129728579614,0.1997976825074725,0.9547372479591668,0.8123789350459009,0.48177943754050107,0.3553978404690679,0.582468229139223,0.6656034675136718,0.3961947739147956,0.823731825475876,1.6335908966116282,1.644585390943344,1.4500673573759593,1.1721180288638453,1.2879363546058842,1.541021199786921,1.3359105876905144,1.3260082815415575,1.5306955624150769,1.209646112078027,1.2711642931713232,1.6565304173400348,1.3948926581687173,1.6520663384813516,1.2229509928539561,0.9525551735727508,1.7452324449972514,1.3074198467310236,1.8153324649346294,1.6094371672887953,0.8303122608229986,1.2545050260931294,1.075827107786687,0.9134116479143027,0.7582517852878902,1.7579541053022918,0.8899947032129348,0.5338065835333383,0.6833808640471105,0.7635815793413891,0.5564918898380541,0.4442894499064036,0.2944175677567734,0.6925451204558475,0.4967713063612075,1.0151758162704332,0.7645502124028887,1.0822478664260218,0.19346998806272347,0.20485716063837198,0.8480212013252614,1.0277485580616397,0.16888371744516706,0.08137275409597838,0.7814346445902257,0.3037039338642504,0.947895280330339,0.790502584890265,0.39575290085720305
ROI_011,0.9240045159598197,1.4094620790200536,1.4933565105007185,1.43769582487651,1.2661672061953562,1.2715505035970909,1.2149512917954752,1.7116295270641873,1.3751208836909088,1.5478716013387221,7.254328619247669,1.2402458178965845,1.6511559290981757,1.478142970416256,1.3113903378652776,1.543817802290502,1.275775286615343,1.5842251168280734,1.5722658646942878,1.5973087468115983,1.545510745092414,1.1536137071474226,1.3182010828110966,0.9176253112194579,1.1346370207993801,0.37110032277002175,0.9247421987674488,0.8444996930214278,1.2331290453158938,1.1079103683283678,1.0402003914997802,0.9500648206412928,0.9399093827297202,0.9814183963388975,0.6875229688199728,0.6446603244033811,0.8574809479682504,1.1313140634375396,1.1243704523474134,0.9516042159412836,0.7509920396268603,0.41203149036245024,0.35345446511214595,0.9983288249032919,0.7957123136819555,0.5980152536051826,0.4659996706056427,0.7353905824146124,0.809517852621179,0.5279880182212565,0.6243597311294553,1.2802776979954205,1.1842965522691673,1.2735073420471839,1.0972295724600754,1.2806223821522196,1.3060007631062238,1.2387884906695557,0.9661809917784242,1.2518116815320155,0.9060813711237832,1.1922946555227518,1.378197719261261,1.2681043913159462,1.3654284116155289,1.2852925829277573,0.9063036031752935,1.3740545289054464,0.9118580805047509,1.2131437164533754,1.3029440470454785,0.528011703873218,0.9569493888853173,0.7753157735558499,0.7043608714046021,0.5524455423232176,1.4132089395470635,0.6951678894469779,0.42503307314588873,0.5535203679729555,0.5585960401572279,0.4082039653638163,0.3050125006519196,0.1961720427295984,0.43494528113973774,0.3703934929613151,0.8287671689117379,0.6563889766331046,0.7863583753657186,0.20322364589933703,0.1346785365002702,0.7162816645462593,0.7269136724168118,0.13983356838078095,-0.047300538693094966,0.7363419512747836,0.3936404047232481,0.8092575684242928,0.8597550463340851,0.5394408958363591
ROI_012,0.7812896356766685,1.3472039002879816,1.2047184673301945,1.0982745883357636,0.8237712294717886,0.8144036202462227,0.6476069921855799,1.212264631895258,0.8939938399628068,1.5787073054275491,1.2402458178965847,7.254328619247669,1.4556649259215049,0.848617453069345,0.7963098250654974,1.32099031346626,1.34327219194336,1.4339790725263266,1.1438694640930787,1.132686444543043,1.2178979936777328,1.008761500505809,1.0322342891366851,1.1610075876811132,1.546645896219962,0.6137470215055923,1.0241443719986443,1.0758209752637877,1.2047760671391934,1.3417580437071879,0.8732649584930597,0.8813237432685549,0.6478450874580529,1.0422799413907604,0.44524976514287007,0.5150123149437359,0.7870211198384,0.9251751894591339,0.7377563352725709,0.6297319633266479,0.3813308086182289,0.28583179756481003,0.002813269458476774,0.7249342273737576,0.4859084442679249,0.22488006964622964,0.056148211442986755,0.2947651649303849,0.4435529889251104,0.19115921349067092,0.7157055410223444,1.2842619591978135,1.236333738083712,0.918105499153627,0.7181676888505085,0.8666721559801938,1.1018537418277337,0.8453485847684127,1.0928176574450659,1.228357565169461,1.477901907283855,1.0874210127713646,1.3062057821717277,0.8687057442872655,1.1398773716104056,0.7777881628282892,0.5993471915297925,1.2478858726360424,1.1174931635284744,1.253989866711812,1.1589119400432697,0.7937496368552679,1.052269768915216,0.8496458850039654,1.2955336671865243,0.9625990665303705,1.319473758163301,1.2279021559566008,0.487417880054051,0.6297172408397833,0.595714930805721,0.28932926687738153,0.2263315233310883,0.16019344884801517,0.6325660024542731,0.22563467765566628,0.807903932354386,0.7294460667792745,0.9429899678647439,-0.06604704721578541,0.06313374366512975,0.7860307545158679,0.7315192375049868,0.1048576180485524,-0.025277696069991296,0.5122926611593109,0.06029450760895067,0.6319906034216861,0.4978645235126323,0.21060336074903946
ROI_013,0.9856106009796515,1.3734736804174,1.4133807661708935,1.3011252847655532,1.1499882897015021,1.1847210046772136,1.0582483839437231,1.4973772685361002,1.2677812739891352,1.599279793144501,1.6511559290981757,1.4556649259215049,7.254328619247669,1.3603180237212082,1.2946802874301502,1.5711474357362778,1.4794972929604695,1.4940225128716542,1.63476677449497,1.4633301616338368,1.4866670744144086,1.1672899420418645,1.3889689488043075,0.8673510926636575,1.1473900067231027,0.3203418767322675,1.023409231796302,0.9637892537725026,1.3140316309965456,1.3352897140472855,1.1997551854962554,1.031948726989336,0.9748241635979615,1.0325727784424925,0.6030390860310039,0.5602380842098212,0.900005359869641,1.171692033314412,1.0463868957917963,0.8190191827951238,0.7316050311533493,0.3049277699526116,0.1996849757010203,1.1573446129983003,0.773167114845064,0.5961378042301759,0.38492620333081995,0.6444468861495524,0.7417161522379198,0.4834481245964421,0.8196573566922986,1.4322904550741835,1.2649713537931924,1.200138447287061,1.0323247938763505,1.2234194490334789,1.1976641125813845,1.141342113546992,1.0902860860316606,1.4860230672904853,1.1682976677617278,1.7015540221156011,1.762707680584705,1.2731855913302188,1.4068152624772767,1.2643804606445652,0.8635994173279189,1.7334651680789235,1.087740524810993,1.2724245150231122,1.2554123538465596,0.7159875084475843,1.2163931510175214,0.7593752844053631,0.841671272161647,0.7280933375305932,1.5908989461933425,0.8437557178588522,0.553483421999361,0.658091901863779,0.6911177310351798,0.47065380403298956,0.40394843942114667,0.24407255235804093,0.5731111750944481,0.4462050264908477,0.9040752839761627,0.7771612318959493,0.759721406754337,0.26055592047345405,0.23269066217703416,0.8749696822308769,0.8448258412513472,0.2129251951109071,0.058008578185170044,0.8223952369553341,0.4092342930148981,0.9701924367811696,0.7861441680734451,0.47049286581168076
ROI_014,0.8866585895600463,1.2024615174077657,1.4718398194542888,1.4067165334184448,1.5540794598262064,1.6056015977248683,1.4222257956425233,1.6427170915791458,1.747540807353992,1.3116317659663574,1.4781429704162568,0.848617453069345,1.3603180237212087,7.254328619247669,2.2163250442765943,1.3203518264894454,1.0925368764762056,1.3973298117013426,1.74728083847515,1.5348498898628633,1.4864449402976896,0.9967811838399814,1.4432151157115642,0.5667722456220337,0.6933815031934562,0.02350105799995012,0.7060504623337452,0.6053493816990223,1.044712266341471,0.922159063737913,1.1981205307310963,0.8434853602418337,1.2187444596469796,0.9614813030899596,0.6851907703893287,0.5033541243503743,0.822088042211829,0.9839273780998938,1.2708756342175378,0.8810287223917723,1.0127413984015328,0.24780121034995148,0.4157843217827332,1.0583724152729652,0.9617297677438226,0.7901278046455505,0.7154000507964602,0.975286395823876,0.9249262363053781,0.6357772629964844,0.7374433983752406,1.235477865793167,1.0447640592791247,1.4632959270886723,1.5749905066788732,1.6423893689275066,1.2957196041752652,1.6207419629378175,0.9623421102045534,1.146519107103465,0.6434226341562324,1.2729410181847647,1.2655466537275601,1.7548401477308677,1.3564523034945994,2.249714229267394,1.0837757782740232,1.3478417048224673,0.8190475166757472,1.166905557450428,1.2613423366027963,0.5365949896775652,1.0290115457970608,0.7463527443375222,0.39901668070469365,0.32783371655670035,1.2501396763589225,0.4324029004552318,0.4034290056732861,0.49243930533545305,0.5803474774607091,0.628361846081205,0.48602394341813343,0.23497967354844937,0.3913149408340688,0.6042001611128571,0.8123631809646268,0.5693504637094061,0.6328682260374706,0.4754921861486356,0.4046660062302227,0.7044638355690843,0.86966954524245,0.19169221114448093,0.09577792815324707,0.9175721696389577,0.6062734076403413,1.0480123321331558,1.0845445830295941,0.5944133486423492
ROI_015,0.8509533813307317,1.1192657412870919,1.3629623311726673,1.2980535829773412,1.472093918210867,1.6136141464634735,1.421916171332956,1.4450651410571584,1.7226239255368325,1.2208191130708705,1.311390337865278,0.7963098250654974,1.2946802874301497,2.2163250442765943,7.254328619247669,1.2219518787706753,1.0551335851769434,1.275408518664848,1.5632456604929197,1.5379015163702165,1.4818633536842893,0.9071020521046036,1.2879723015866211,0.5006603273429334,0.6244191060636425,-0.05683763075692756,0.7228961633584273,0.6600614251359777,1.0878832035153938,0.979595886718966,1.239027023967316,0.7674513868520244,1.1624152134191328,0.8802436238247852,0.5955530870899083,0.4916792479863374,0.8400385206856276,0.9747609677146057,1.2211338345151537,0.837229012442165,1.0176557578973604,0.20538934827469943,0.32955542085955275,1.210790015445717,0.9166069996976033,0.9027648497764494,0.7063198927279969,0.9512225268913997,0.9386672383713737,0.6786656939676938,0.8070575416117661,1.232326761113562,1.0314756057348338,1.3844442704920432,1.5781050465826163,1.6814401062414883,1.2569174664661078,1.562817070763159,1.0254242302517633,1.2259047299454686,0.6884329547889159,1.4353655847661244,1.319282849624545,1.820026680583188,1.4064303281239738,2.6130457317534233,1.1437898348409197,1.3992243983415202,0.857939188646881,1.1209681069167476,1.334060377898495,0.6220726917583599,1.1043305641237342,0.7342251753394198,0.4145305083453715,0.3834330469301673,1.282347324137405,0.45472307482846736,0.42204627443084397,0.47742477859528515,0.6401565433517059,0.6708226455672455,0.5376667083208865,0.268557220344024,0.4756745714287885,0.6878863451763065,0.793024539064465,0.6579954197510524,0.6188216850363041,0.5743418354448221,0.5076271183916047,0.7611185244770995,1.001325684624411,0.22343981083271144,0.18031863320425912,1.053320875955752,0.717626158996265,1.2189373525865121,1.13406838598039,0.6087096166755529
ROI_016,1.068944452242669,2.103848433806479,1.6138830504364503,1.9005542574774759,1.463759155953077,1.3109454045439253,1.0888775151478771,1.7835290181127506,1.4500515252831212,1.9882516704112838,1.543817802290502,1.3209903134662604,1.5711474357362778,1.3203518264894454,1.221951878770675,7.254328619247669,1.4228037216021296,1.6706988643046088,1.4423316926932874,1.9184467826413343,1.5165926277758035,1.0509794007039892,1.205742585412214,0.9614260046147085,1.1603882487823913,0.2902653018490667,0.962950684005,1.0468300208516637,1.3319164381704987,1.2284026312071914,1.1257589926930167,1.244288100377168,1.0405818346430245,1.190463777341613,0.6746515812796159,0.695868572786208,1.1240772981094909,1.3969448709580343,1.0213535922795292,0.8708602978541327,0.7918056418375826,0.20555498809584777,0.23254916956729585,1.0811547400614985,0.8814876523238826,0.5795449750041836,0.41725931148426204,0.6848040213756846,0.7435587505131743,0.48834364085524734,0.898297090186222,1.6729090422098676,1.8553759365129932,1.620892412553135,1.1991770602635183,1.3454568877096245,1.5384423599297372,1.4120235040284972,1.3329771046156025,1.5999827039793013,1.1352287528854428,1.3138414321822298,1.7513111661524143,1.4683816165746288,1.693003782787512,1.2310642283895556,1.073788442526249,1.8512788218317884,1.2919201546763783,1.6510602376954437,1.5622594784882198,0.7836973083022959,1.3017353304015367,1.071014106078714,0.8882437252403239,0.7705141537907801,1.7252041800329059,0.7779782654894315,0.6389144513534218,0.7843102260837965,0.8288813016615819,0.5896772006480491,0.5045780836151808,0.321847306134133,0.6854971884424342,0.5274380900602748,1.1103604284509683,0.7559239611873501,1.0147346306835334,0.29147594407360344,0.26179131379524706,0.9774125344170316,1.017272083124412,0.28392271861208496,0.1298097198005007,0.8519053758683942,0.3978430467219782,1.0092523824984523,0.8771796049386384,0.47590813410092797
ROI_017,0.8770881094732371,1.19655016906369,1.1806550087285101,1.135631946914662,1.0102841355074579,1.0187821693175405,0.8988515867878919,1.2211366581841585,1.0638849536507398,1.4700163747574726,1.275775286615343,1.34327219194336,1.4794972929604688,1.0925368764762056,1.0551335851769434,1.4228037216021303,7.254328619247669,1.5175348025413737,1.4395764969810703,1.223647383263969,1.1844916217364958,1.5031800271885454,1.3589500277835649,0.9749617644477513,1.068518242417266,0.34933231563980144,0.9575744606471501,0.9075265973104699,1.1455524081821424,1.1629302801164785,0.9919860788835266,0.9029217509736209,0.8978883847415607,1.4851668351646508,0.7655539580505164,0.49244717743061855,0.8240660632881174,0.8742220725305548,0.8252556958943674,0.6876112513388557,0.7325776559435078,0.13154486020578363,0.15592040145228023,0.8391118284875115,0.7440360201535777,0.4179804000023302,0.3588225577275849,0.615997628414807,0.5840350897430442,0.34909568070592956,0.7410426187071478,1.1446929776158847,1.1285217047385503,0.9991258668105443,0.8872121726478672,0.9865771930493591,1.0002677399040243,0.9544229441537165,0.9621420482266382,1.14812830417658,1.0138398380605984,1.3115861889078588,1.1989365367794234,1.026845443198498,1.109119892144571,1.0367174569020572,0.814328608394433,1.3873612970086295,1.2000292491634705,1.2461552748736868,1.0817715538955117,0.8456366225837026,1.2228278131645938,0.7368574434943868,0.8176042812721324,0.6560940541627616,1.2930608270053536,0.7523773271575411,0.4348186291259761,0.5252832632504831,0.7954089522917753,0.5957114590199374,0.4327457345409728,0.36745412100896463,0.6312837753727589,0.518772251229404,0.8332074297608877,0.7680497434578737,0.7799592160370878,0.20288305163316409,0.1751136008232068,0.7226491666442086,0.7946481082971069,0.07553241726368567,0.08815085351328303,0.625230585758853,0.2918262337982169,0.9494375821642518,0.6302748149953401,0.3079299452028114
ROI_018,0.8108162616410384,1.6054126009429772,1.6586835942040026,1.4952987196341385,1.25484450848579,1.235963476145623,0.9761848373994557,1.8950149145853576,1.422306275438427,1.9141369845750846,1.5842251168280734,1.433979072526326,1.4940225128716549,1.3973298117013422,1.2754085186648476,1.6706988643046095,1.517534802541373,7.254328619247669,1.7378637649002255,1.5759762754929552,1.6549034871516135,1.152239258192428,1.336098885977093,0.9419563139251828,1.0860695881824411,0.32419989881332245,0.8759673783948728,0.8516292223537364,1.2474703811560464,1.1588187226057114,1.0456525232340452,0.9023097898579663,0.8990610771511472,1.4511050060824353,0.638346413501932,0.5840017508648695,0.8568121008646052,0.9782887817319006,1.0636957267413731,0.8188703581874617,0.7002789910509405,0.19508658709721022,0.20226072730274758,0.8043105129755794,0.745963307675629,0.41266538519557466,0.35541056550707467,0.5657845837389643,0.6124428842703984,0.35059505796233,0.7499304610571562,1.4690907698439004,1.3343291069164862,1.298546868405469,1.128585960347358,1.3265779937641753,1.4765202980406422,1.3328266166767737,1.1282591021930688,1.2900859170079655,1.0051090125425377,1.2278342255046266,1.3804280732182157,1.2903805106333137,1.3730706999492523,1.2593515843935323,0.8793838388675567,1.4618531248761086,1.1738718954567986,1.6337333955823035,1.4759107693948914,0.728884327596388,1.1266357967728138,0.8956578708576843,0.7896721856719877,0.5920687481743976,1.4991285501608602,0.7525821979991192,0.4049843384266967,0.5430563364393682,0.6885387502476714,0.5642680504667207,0.38822822767963233,0.24079251490127204,0.5873510854142817,0.45614320170383266,0.9069491854961798,0.6897450747540789,0.9980758899785731,0.1681663958025942,0.22017573243728725,0.761292034596772,0.8897969239270622,0.07753696572098467,0.03385020535346254,0.6558201204104321,0.25472919997709914,0.8534213506674954,0.7421986242626825,0.35071276840009835
ROI_019,0.8514861696389671,1.309296310991738,1.5350112940850016,1.3534964033154726,1.3138848281166442,1.4067324062644715,1.1502190933698244,1.63353868286823,1.4966328177594492,1.531854282701431,1.572265864694287,1.1438694640930787,1.63476677449497,1.7472808384751508,1.5632456604929204,1.4423316926932874,1.4395764969810703,1.7378637649002255,7.254328619247669,1.4779497741121377,1.485153427074971,1.2126222301690481,1.5809277745401344,0.7363568977043159,0.9053335641587769,0.1844129649087187,0.8250596741038041,0.7134104875725923,1.145185551121053,1.0971555009759928,1.1734753386412502,0.8644355428423034,1.0313397087537934,1.2689964333434764,0.6649635256838111,0.5216689887720571,0.870230197207217,0.9776190802365524,1.1837162305706956,0.8715706119217285,0.8922436169126167,0.23420895987657978,0.2900164984574291,0.9233648248189673,0.8511325084304981,0.5709623693173528,0.5198207868861155,0.7173344414016157,0.746135553822164,0.47951381227011386,0.7846968810129551,1.3779831951355264,1.1262386622601146,1.2970782576834161,1.273616122839948,1.4038573641096563,1.3068701696310254,1.3720700517191382,1.0453846528755053,1.2722043085222763,0.8202138682182831,1.4030782381857916,1.3299149023962538,1.4306504646486842,1.2970226861881937,1.5487261351513266,0.8921325620845529,1.5301769087971862,1.01010599473018,1.3737399728120687,1.2395550842229113,0.6934009459596122,1.1462547917668446,0.7618145543597983,0.5954945913871974,0.46729321037427674,1.3745106206257998,0.5920450940363922,0.4188997049998431,0.5203041052423801,0.6574498388535351,0.6169992155653697,0.44030441822996114,0.23685294272035268,0.4801546381658975,0.5308276613443993,0.9257471751347446,0.6509076205880461,0.7329306035792095,0.3256846309080065,0.3236117681821241,0.7758177949513289,0.8721462625414304,0.1232525695767802,0.07482015728227938,0.7351631290050976,0.4146142565303301,0.9817785634902754,0.843748845731703,0.4323577571397134
ROI_020,0.9517799927430665,1.85486709214176,1.7084223675823935,1.9259769769981254,1.6858073128295625,1.54742719241378,1.2308819000395521,1.9269514795309441,1.783995737898805,1.779023672975547,1.5973087468115976,1.132686444543043,1.4633301616338361,1.5348498898628633,1.5379015163702165,1.918446782641333,1.2236473832639685,1.5759762754929558,1.4779497741121377,7.254328619247669,1.7016840635557173,0.9268044441906003,1.19021664453336,0.7684409229575759,0.9823497022578349,0.17104847156718295,0.9472628361140197,0.9815748497051529,1.4506261969657126,1.1943164910731763,1.162736884600683,1.0194737014306072,1.0168553527574884,0.9975649905472463,0.5883312256334731,0.6824048130840438,1.1287118815041581,1.314419760021494,1.0707831594880257,0.9101655166586322,0.8132770521061634,0.23113942087000056,0.22688254462498395,1.17337095432922,0.8393563551745066,0.6990376341376722,0.4758526226931962,0.771108807330492,0.8846731263473424,0.6143244729114471,0.8481450642814602,1.7341216076345485,1.7099264117492932,1.8823866547792925,1.4629808744563455,1.673240943290386,1.750540237031381,1.6722047641739908,1.4129648376705357,1.7433787320638652,1.0486342833910907,1.398527393073843,1.8023812108637616,1.8245163458049192,1.9839534766818927,1.545655001463532,1.2533115538655863,1.8455824201240019,1.1662438247626254,1.6209628561747964,1.9518487704458936,0.7220732263085164,1.2622541051819167,1.1341281914258874,0.7661536906443638,0.6820494688472618,1.8378512353250864,0.7253274433256455,0.5476097629185542,0.7120351770710549,0.7319172453913184,0.576800909128978,0.46002679674512126,0.2839514794684963,0.6404200754382263,0.5303817328734836,1.0516428721353168,0.7776787997618474,0.9961259739268529,0.36749750937687914,0.32112775939837457,0.9639149615229342,1.1027840518972634,0.27809115154336495,0.10237349101701416,0.9679629393215013,0.5033822790545466,1.0936052655743693,1.1033565581334124,0.5987724502033712
ROI_021,0.8975436348550142,1.462434582649376,1.6173183411250744,1.3801618830900768,1.214737735962258,1.2567418217066968,1.0700712693069845,1.6441308307626052,1.429738197844214,1.5854144288669847,1.5455107450924146,1.2178979936777325,1.486667074414408,1.4864449402976896,1.48186335368429,1.5165926277758042,1.1844916217364962,1.6549034871516135,1.4851534270749716,1.7016840635557182,7.254328619247669,0.9609039275572236,1.2019403557621757,0.8545366545514882,1.0340834562679642,0.24833899516736155,0.8906619991626135,0.892875021916892,1.4548123410952587,1.2587916266631465,1.1179837402645192,0.9617111984845469,0.9632408231823496,0.9776458312100103,0.5239077532537905,0.6250222442187238,0.9475859275805538,1.1443561181299189,1.1250488567364163,0.9151327563181911,0.716266389094069,0.25005955052841755,0.21280799863810876,1.0121692936547646,0.7303334081570412,0.6088399606828921,0.42144941643989514,0.623338550294632,0.742098342934499,0.46793747582514766,0.8370826786353504,1.4408336469186274,1.2943042666159543,1.2840515564904214,1.1464649918330416,1.377932862412919,1.435961226742857,1.3150748272105408,1.2282675492829607,1.384464673881938,0.9911853439191335,1.3262239734101926,1.5549551038084568,1.357726809965095,1.7299096629475588,1.3751346981967882,0.9070954488635757,1.4698059639958256,1.0344159494383742,1.3465909634707287,1.8407197351873772,0.6699480090275948,1.1054903142965835,0.8330634530186256,0.7585843147002581,0.6675779450053234,1.6413741083611832,0.7801086193555843,0.511135931702101,0.6476394572508489,0.6828539315477522,0.48086723847245183,0.3906700974947649,0.16180463527274613,0.5651310980775875,0.4569850966858229,0.9329121332291097,0.7518128975680463,0.8598147217108277,0.25980173177102167,0.3137580651859572,0.8623107070845902,0.923934377683504,0.18811267604713972,0.10331395953397292,0.8373532291460357,0.3968470034813572,0.8810399754379034,0.8507706423010676,0.4535334174570331
ROI_022,0.7548075347096359,0.8977341648487288,0.9437447722060962,0.904184070176483,0.8608440744239628,0.881067265313945,0.9277572313598921,0.9832206246587285,0.8637389073974139,1.116132517401152,1.1536137071474226,1.008761500505809,1.1672899420418643,0.9967811838399814,0.9071020521046036,1.0509794007039892,1.5031800271885454,1.152239258192428,1.2126222301690481,0.9268044441906005,0.9609039275572234,7.254328619247669,1.3890223353742301,0.9094919671510346,0.8878358357392925,0.34364198470147106,0.8836106239769879,0.6993391860868807,0.8572069771490397,1.010716819823416,0.8860878105998516,0.8419544901348959,0.9724933470777704,1.154296294751372,0.9012857580139226,0.4317337722681082,0.621789945732563,0.8190371371054819,0.9245565310289556,0.8795246841542802,0.8177211601328885,0.2558550919717663,0.4124106603762487,0.7404924860184688,0.801540523166649,0.47419524723783074,0.5049362797090953,0.6983242871260309,0.6189471158967973,0.41104770871650415,0.5472819707884645,0.8112367092116362,0.7751857397606893,0.7850287113882248,0.7178169314781616,0.7861258001891355,0.7395821060114445,0.7383739943720586,0.6441871089317547,0.8241971297816412,0.6975076010304347,0.9437328960302355,0.8799385180565169,0.802975591363884,0.867617067648963,0.9099700107424353,0.6977500165023514,1.0501733169724057,0.8234697949944463,0.8990983652842002,0.813645636613345,0.5948684094002921,0.8874729296328046,0.5446126485115846,0.5428485381117426,0.4232645793939603,0.9716964100046492,0.5760713640579536,0.3209605581443297,0.4055641841281841,0.5658407691387407,0.4634839042167347,0.36934902139423825,0.2862285317848437,0.39272982043787874,0.47569435035170626,0.6597722750497178,0.568933074071214,0.5189591384308755,0.1772703428767745,0.10437477912793626,0.49341329555668134,0.583616179956298,-0.007633848534421975,0.010834834512186246,0.5592116687155088,0.3447475345620605,0.7826978429700171,0.5458855292113434,0.3908917242725589
ROI_023,0.8731400604681548,1.0457566955997581,1.1749321667250807,1.0559551047595928,1.028065164836093,1.0666931917260019,1.1000948782374258,1.2040333002586086,1.058993393069469,1.3123177920319762,1.3182010828110962,1.0322342891366854,1.3889689488043075,1.4432151157115647,1.2879723015866216,1.2057425854122144,1.3589500277835649,1.3360988859770935,1.5809277745401344,1.1902166445333604,1.2019403557621757,1.3890223353742301,7.254328619247669,0.820611768903042,0.8711585933041046,0.18100826362155842,0.8255027324393519,0.7049124673697492,0.9619623999713176,1.1541275078955422,1.0198445897565347,0.9305212504621952,1.0710378974961179,1.1453462217460715,0.7141407236560519,0.38584271918044977,0.7549289550001087,0.9321234502291212,1.0335658480570475,0.8970244591400275,0.877926813737741,0.21798908530676367,0.3630634952104974,0.9009918708005678,0.7964292492632127,0.6132827626806023,0.5761338857633893,0.8324936718038572,0.6923899047708361,0.5132910417749299,0.7484610852293977,1.0482376205578632,0.8963261817405339,0.998582917418416,0.9497964609053702,1.082142707541119,0.9108696477529639,0.9616366634371446,0.8487447393148488,0.9859538131625653,0.7378812503587633,1.1598245284271986,1.1137604512093213,1.1050653720514685,1.1425968680973888,1.28587178402083,0.8915518061409398,1.2439524186310496,0.8733464534759897,1.138431845486794,1.0313294884957547,0.609387353669326,1.0714078619914782,0.6975711930867429,0.5239105345913617,0.4378881460489553,1.202134747434294,0.6240998368571458,0.4009656955600263,0.527514117121239,0.5750308937936575,0.5193386636419807,0.39494215792523735,0.22932731721061816,0.420762002618278,0.5158856638239451,0.7860468758973875,0.6022097642992271,0.5878116315743495,0.31231702745533513,0.24425465784178485,0.6272193969331978,0.7349604670282455,0.11951986350269893,0.04106953221864008,0.6895173516753841,0.44055433887014195,0.9572838987993644,0.7466808938751436,0.5011419006149177
ROI_024,0.6441909196618766,0.8981443437085306,0.7011010940281406,0.7124445475033372,0.5158295415437035,0.46517157959909744,0.48656860971052907,0.7641784161464878,0.5146595416637848,1.0066333070672633,0.9176253112194577,1.1610075876811132,0.8673510926636575,0.5667722456220335,0.5006603273429333,0.9614260046147083,0.9749617644477513,0.9419563139251828,0.736356897704316,0.7684409229575759,0.8545366545514882,0.9094919671510346,0.8206117689030418,7.254328619247669,1.3160922552219565,0.6622284704576177,0.7450149966724017,0.9962606960205455,0.8386043748265767,1.0242196781927764,0.5492318907268181,0.8976893536851476,0.5603279977131691,0.9028963154923392,0.5088447561667881,0.5802800288679445,0.6706045856621994,0.8328105366491265,0.6470853513331007,0.7781360020972455,0.4266498557523158,0.19388913722557355,0.1926679612230985,0.5007003392928713,0.412322865085841,0.20616975900807002,0.16621887382196804,0.2615679099755197,0.24860094743062677,0.1193565883055654,0.5299175632520734,0.7308900213096483,0.8191440678900569,0.5591653343636576,0.36104010510765594,0.4851284309461946,0.6211987725503112,0.48516175404618195,0.6738826129751465,0.734622997013723,0.8942858719439435,0.629559342300787,0.7836687747354746,0.5076180249256309,0.8202658728875516,0.4838339969253805,0.4354454892164814,0.7685545160323317,0.9018108983979412,0.8740905614181461,0.8087493066637441,0.5683096094191672,0.7164046482066738,0.5880066691972099,0.9910991854036948,0.8350786813614763,0.9558045153536701,0.9849953391001313,0.5048187948539542,0.5730389912795357,0.7229444384676963,0.31807872350042604,0.21769442737996528,0.2571679937357163,0.5716052021292064,0.26987014340190213,0.7556184725977576,0.7245500502781385,0.8500156725223998,-0.042838502825169204,-0.05723252481859311,0.510728058328313,0.5202005877515071,0.09445514103541414,0.08178069475029413,0.3170694374663517,0.013985421140936522,0.4528285512602202,0.24148898281510867,0.17790442187730046
ROI_025,0.7271704394616681,1.1609577866436998,0.9724516839223728,0.9338971125743719,0.6992650719432084,0.673495343769869,0.610732923143402,0.9928038529300647,0.7142064594504838,1.2058101847405565,1.1346370207993801,1.546645896219962,1.1473900067231027,0.6933815031934562,0.6244191060636425,1.1603882487823913,1.0685182424172663,1.0860695881824414,0.9053335641587771,0.9823497022578349,1.0340834562679642,0.8878358357392925,0.8711585933041046,1.316092255221956,7.254328619247669,0.7510676781307546,0.8892262143186194,1.0369072777418318,1.0012246229923147,1.0822358686094655,0.6854795121725072,0.9563986979362856,0.553809082457645,0.8439575607724658,0.46211864549222964,0.6257674319047514,0.7609574453269387,0.9656813454693332,0.6652122859662429,0.7411308106632154,0.38460092669098866,0.35017906711472296,0.13117559797436415,0.6288134575439659,0.43806659657061253,0.24478025612630716,0.1138037359409337,0.3111574902663822,0.46103067838007145,0.243255280106644,0.5683274420402088,0.9467587325684312,1.00323486356956,0.7789243972742811,0.5583191765077632,0.6981068006933926,0.8652251447577344,0.6733672700695335,0.799389755642182,0.976395083801905,1.1206823359609301,0.8213054992466877,1.0155711552613522,0.6823436379170583,0.9639858686428182,0.6086720243751285,0.5283827493057981,0.9806313956782423,0.8814478349684035,0.975651656141128,0.9734137625322368,0.5568509713749537,0.7586705590842506,0.7227954049050951,1.1607793491181462,0.9075570927844732,1.1256499022275956,1.0468143984428033,0.4340078759600128,0.6365620943676971,0.5518568092552866,0.2073412668119903,0.11247970786593672,0.12218668258986118,0.49802495010903053,0.14431873246660298,0.8478208063888146,0.7251457296055286,0.8679842702217291,-0.08652670325545461,-0.12259880084149541,0.6558667406561383,0.5320720892345112,0.07732232753168386,-0.08931273376670604,0.426109877723647,0.05758910480473801,0.4648842620152835,0.43305679569947825,0.28427526672371883
ROI_026,0.1941552480350173,0.2829607501168452,0.1893845133442229,0.180416438750551,0.00875400596857974,-0.02118142060373082,-0.03862817229528739,0.20981263636683364,0.030895390470499925,0.33808677119063185,0.37110032277002175,0.6137470215055923,0.3203418767322675,0.02350105799995012,-0.05683763075692756,0.29026530184906674,0.34933231563980144,0.32419989881332245,0.1844129649087187,0.17104847156718295,0.24833899516736155,0.343641984701471,0.18100826362155842,0.6622284704576177,0.7510676781307544,7.254328619247669,0.496839621502422,0.45992761027744006,0.3063376601791631,0.32395900826715246,0.08762699595143336,0.27571492389774893,0.017195287057966958,0.3003632681924755,0.33588514299318456,0.246331751565834,0.07216952169779563,0.14085131840652748,0.08328293609111072,0.11928627453939916,-0.21757570081029032,0.4342716526266259,0.018462447617373718,0.007930939483891659,0.05445753708799061,-0.32078811739902585,-0.33585031850409924,-0.18744891187899596,-0.0956311831119264,-0.2917731571329062,-0.024522778586668327,0.16791015674024462,0.26143720481772936,0.05121137609502157,-0.07289369820137101,-0.005078514380459893,0.20010427050191296,0.014278925657873209,0.16467029867977206,0.1688401527470558,0.5038421453345846,0.10668654869041407,0.19854965680559594,-0.03969499804460953,0.17065212062363527,-0.07270015674496116,-0.1257806459950798,0.17912283547596677,0.26816203851206594,0.22438385402505762,0.19942098627876884,0.1319738966395985,0.1281034291433895,0.131369078598611,0.6966972690442318,0.4988989538121085,0.22892926064160088,0.6216728466657567,0.06495555277593214,0.06927671928658484,0.0787605089820754,-0.23662860462689062,-0.11102453718074073,0.09254111847868014,0.2307929648075191,-0.2704545296314295,0.10384045027888389,0.3014910631879383,0.35702347274356716,-0.6814776046983538,-0.5158812521005175,0.06617150529524127,-0.089195628540012,-0.1797641155225951,-0.18020250377295502,-0.0661020314512662,-0.3989019419142825,-0.11634254709983889,-0.20167614330732975,-0.20658738903500995
ROI_027,0.813001343874028,0.9196417712276553,0.8050473270222858,0.8427543994895857,0.7391539135115446,0.6912463256205251,0.6755721701500331,0.8044234787710952,0.7668454726690402,1.0157730799071265,0.9247421987674488,1.0241443719986443,1.023409231796302,0.7060504623337452,0.7228961633584273,0.962950684005,0.9575744606471501,0.8759673783948728,0.8250596741038041,0.9472628361140197,0.8906619991626135,0.8836106239769876,0.8255027324393519,0.7450149966724015,0.8892262143186194,0.49683962150242206,7.254328619247669,1.197933306880128,0.9773541416416183,1.0911255514498737,0.7339848875066453,0.7312837010062799,0.7027196304986862,0.7497718687261347,0.5712066223436283,0.6367517033862021,0.8371712622651044,0.8359655857180407,0.718887277191393,0.6916552815468531,0.4831113194047142,0.34769522654942137,0.14139038661036407,0.8818145852192801,0.6888718974255776,0.4895951667151372,0.25141912758817797,0.4822701434087901,0.5612625866502693,0.4460222369257638,0.5686489063117663,0.8528124742512706,0.9309866067684132,0.7543455831161232,0.6351826899735713,0.692047044683556,0.7845146128658111,0.6691588625635967,0.8394816189844769,0.9527850237179737,1.1125180915351418,0.9000720019214695,0.9734039379481867,0.7251092956497037,0.9719405213986351,0.7130303607103191,0.6484584045675001,1.0819546897251378,0.9264631673431413,0.8568827340242556,0.9831238020237695,0.6627811097236743,0.8791962275171524,0.7071217734775631,0.921309937311313,0.810683811769146,0.9894954225909016,0.9595533773287356,0.4421296008599352,0.45297066546860065,0.5505294149112464,0.25834661249679447,0.4274805705232855,0.38673045584661603,0.807001782590879,0.346584958886819,0.6597721340835954,0.8840293138723645,0.7770667393066121,0.08213846745789699,0.06451658474229743,0.597807366008992,0.6931507449311356,0.15055831081359933,0.06305954921233366,0.7794324920343848,0.36934048859967716,0.8320228439305155,0.5468498512615529,0.4708850829757458
ROI_028,0.7454551097734046,0.9943364150087319,0.7348590141472964,0.8559743029357595,0.6858716910253011,0.6106245456978612,0.5749189928542084,0.7918621405340233,0.6902339321771381,1.0530755278343187,0.8444996930214278,1.0758209752637875,0.9637892537725026,0.6053493816990223,0.6600614251359777,1.0468300208516637,0.9075265973104699,0.8516292223537364,0.7134104875725923,0.9815748497051529,0.8928750219168918,0.699339186086881,0.7049124673697492,0.9962606960205455,1.0369072777418316,0.45992761027744006,1.1979333068801274,7.254328619247669,1.0134951632531064,1.3090162315692198,0.7212589215703464,0.8155837438256998,0.6542554354139503,0.7510639031086381,0.4705684518999904,0.6689248254360806,0.9067664636498343,0.9688360531692279,0.6548914927923741,0.6619285191338329,0.48653777736136367,0.23980512723818903,0.05639887589284192,0.934749322614538,0.5719610135347408,0.48257467228451467,0.20920689513882773,0.3670495518190266,0.4007099784340614,0.30764397483926587,0.7308240238602054,0.9425276442952132,1.1285679331431318,0.7380737220019168,0.5624883397833795,0.6452921843253493,0.7929087827224421,0.6552076188827964,1.016609517340027,1.0660264420712466,1.432180743404514,0.925679268559053,1.1116419966289837,0.7267385033492396,1.088431726714316,0.6422850652026327,0.6480078731747386,1.0890433015167704,1.2192107070596343,0.9564507255546694,1.0517582271077421,0.8355675275238755,1.014355258478901,0.7668801530991474,1.2269765706358908,1.308659955941804,1.2049585879804967,1.232817770134126,0.6649320975539099,0.6120053949940718,0.9590860670923045,0.45507576778214104,0.5352508906551551,0.5624602549670513,1.1706776521124787,0.517439393887522,0.8350612710562599,1.3016402089720989,1.0330800466640393,0.20183453691614076,0.16256552070596328,0.778547437832857,0.9100339293379772,0.356623014503904,0.33012839845610875,0.7952292711223596,0.34892914214649434,0.8961804018227195,0.4418185974793079,0.31944836705348956
ROI_029,0.8817252143258234,1.298904461781061,1.2584684133296655,1.2109064169830022,1.0107500286700704,1.0307580369456795,0.8716590025418096,1.2684803546892425,1.112262204279483,1.3649789319520405,1.2331290453158934,1.2047760671391934,1.3140316309965456,1.044712266341471,1.0878832035153938,1.331916438170499,1.1455524081821424,1.2474703811560464,1.145185551121053,1.4506261969657126,1.4548123410952594,0.8572069771490395,0.9619623999713176,0.8386043748265767,1.0012246229923152,0.30633766017916303,0.9773541416416185,1.0134951632531064,7.254328619247669,1.307240302085824,1.0049831995327372,0.833953767525798,0.7476548706942912,0.834220618333848,0.4499426260589606,0.5489630297935391,0.930597117807233,1.046554637578368,0.8804397044060291,0.7138532298624057,0.5291996030445384,0.2445118508813933,0.06616602318832514,0.964741474833611,0.5688328905660238,0.4893863346239916,0.2366079536423844,0.47231960141038154,0.6650631314502208,0.40584202964278443,0.7700341845367876,1.3396260054634483,1.2752698564646758,1.1096925862461877,0.9695074789246626,1.1162728632464818,1.2842899709367461,1.061019535308421,1.289328273934453,1.3683153048155294,1.19798221818163,1.2427399893725988,1.4404988286700162,1.101742904819233,1.436193005974252,1.0340969450442834,0.8223227141461777,1.3503818878996257,1.0377144433325471,1.1978029514196142,1.505133509317135,0.7907831461122296,1.1933174498690513,0.9046522388071812,0.9573730748000675,0.8429104723884419,1.5653300800594652,0.9269410818096542,0.5597826727853388,0.5942268749512623,0.6361632266949734,0.4003602745517883,0.3520776956721206,0.2106951317628045,0.6385431593408369,0.345870667472066,0.7603105195551041,0.7663110879200492,0.8877344683609861,0.17533459193220632,0.25833379073279483,0.9979703535633283,0.9345664717088179,0.19482251155421318,0.1365786041432871,0.79042429350874,0.3235058726165604,0.8242702006703602,0.7461966086080468,0.3982949566282035
ROI_030,0.8617222103500629,1.1580772649125193,1.043814399845247,1.0339934781482634,0.8587950463410038,0.8297303007659239,0.7803905487999686,1.0425702588332295,0.8744198339711111,1.4098996332859846,1.107910368328368,1.3417580437071879,1.3352897140472855,0.9221590637379132,0.979595886718966,1.2284026312071914,1.1629302801164785,1.1588187226057112,1.0971555009759928,1.1943164910731763,1.2587916266631465,1.0107168198234158,1.1541275078955424,1.0242196781927764,1.0822358686094655,0.32395900826715246,1.0911255514498737,1.3090162315692193,1.307240302085824,7.254328619247669,0.9894076879334917,0.9604374451440517,0.8203213890542707,0.9249531044100805,0.45411932143703265,0.4613984302637813,0.9041035150478607,1.1250797580510337,0.9823109378695513,0.8630950030527399,0.6382897316456212,0.24154861600590616,0.13980629261219235,1.0375274101835639,0.6271048506333077,0.5603684750360677,0.3126687250531075,0.4378450021643716,0.4963510219957935,0.35393444966069393,0.8654207885990094,1.1862993224464942,1.1395108281392226,0.9033349020385069,0.7508599684139232,0.8637881588984253,0.9640585057979608,0.8131389312645636,1.1955612676735488,1.2603021964756786,1.3255833242739765,1.2275153917845911,1.3994501421666734,0.9711264479797901,1.3935617807335159,0.9399028227373408,0.7348256113674662,1.4145229687924306,1.2270324194722655,1.2313795983553029,1.3077936791255975,0.9610126244010274,1.2628812809260495,0.8352519085897603,1.0057716284693452,1.0019651601233093,1.4901738326169118,1.233533352161604,0.6285231544305112,0.6646623139766953,0.808365022552274,0.4730893282005337,0.4581066240670715,0.2712137951019732,0.82605909509143,0.5194294445138916,0.8665541330848591,0.9228908781551355,0.8068380780910756,0.22716014611105984,0.2539462389307456,0.8794260261887737,1.0545800364785496,0.23786567503557793,0.23328639727667996,0.7980213654208467,0.3711670868649818,0.9500517495446,0.5500574289168052,0.3409032926087981
ROI_031,0.8151336322574542,1.051601670526037,1.0837082865091827,1.1414375660240164,1.1413395656084182,1.123753391694556,0.9641349927391569,1.1458555390469176,1.148540694577132,1.1364803120387152,1.0402003914997802,0.8732649584930597,1.1997551854962554,1.1981205307310963,1.2390270239673165,1.1257589926930167,0.9919860788835269,1.0456525232340452,1.1734753386412502,1.162736884600683,1.1179837402645187,0.8860878105998516,1.0198445897565347,0.5492318907268181,0.6854795121725072,0.08762699595143336,0.733984887506645,0.7212589215703464,1.0049831995327372,0.9894076879334917,7.254328619247669,0.8350818418990019,1.1990322939975533,0.776733933966903,0.6556912996111374,0.40758387228209003,0.7600295374464098,0.9745048965028986,0.9698220446722444,0.6793455052898792,0.7877979141485665,0.3191737866589975,0.2935344131774934,1.062591422999335,0.9228717580762681,0.6758889598366657,0.4669266198724741,0.6880376827316697,0.6660590589045949,0.40871187215398325,0.854971390732073,1.1277361212054386,1.0243841467204662,1.1406413289005435,1.128277843962896,1.092514768170055,1.0524336179530596,1.1085848261227764,0.9525703487529851,1.1521088195539697,0.7795425475737809,1.1667396672431212,1.1915169660683689,1.2596552915278716,1.2290041359506936,1.2290281019959914,0.846849363412648,1.2130610730103972,0.8495836429192799,0.9876386100056187,1.0372308221403728,0.6462198397898188,1.0274248284785668,0.6783631805934778,0.5213745860287411,0.4830074394219281,1.1068179273265002,0.5498895462355875,0.5884936760116802,0.4642571761671978,0.6479929032337723,0.6014291530017023,0.6058630692242012,0.3287344311062897,0.5572472447846729,0.6254641920994404,0.79175513091755,0.6423347397124324,0.5627050406471236,0.44465194543575653,0.45136722851957467,0.7802680480991542,0.9468841102013407,0.3317278620329095,0.2607273884178192,1.0068876252931878,0.5825823445996936,0.9794482916377475,0.7375152923712022,0.3851639370388049
ROI_032,1.1235973118282168,1.0989020999470267,0.8945628313762809,1.010058772162711,0.8935729352283778,0.8208620968827207,0.8156462286723352,0.9307011191870251,0.8075329599309377,1.093640392984295,0.9500648206412932,0.8813237432685551,1.031948726989336,0.8434853602418336,0.7674513868520244,1.244288100377168,0.9029217509736209,0.9023097898579665,0.8644355428423034,1.0194737014306072,0.9617111984845471,0.8419544901348961,0.9305212504621952,0.8976893536851476,0.9563986979362856,0.27571492389774893,0.7312837010062799,0.8155837438256998,0.833953767525798,0.9604374451440515,0.8350818418990021,7.254328619247669,0.9153791547956112,0.7975299526542379,0.619087446331759,0.5812259461388198,0.9399710591726053,1.3449758226363222,0.8695082901851037,0.9072745306402282,0.7438268135238804,0.22671188756249352,0.38365819937632273,0.8781358101749533,0.8826852410905305,0.6238194154639234,0.47724925773524374,0.6393630644870624,0.5998672756802415,0.4756490395012248,0.8788859012657897,0.9656562994360761,1.0401221682097161,0.9686484745123121,0.7244393069214984,0.832325968063778,0.8129337700287139,0.802321309841635,0.8333734371391699,1.0287210080665499,0.8163909340492792,0.8392409441406552,1.0884176209498435,0.8999729706619334,1.1065180950427094,0.7875330502917218,0.8600081384932566,1.1289579681455215,0.9183612499607438,1.0023949310928266,0.9099249732669794,0.6373848301401319,0.8848729885258607,0.8340212557030157,0.6780460269815962,0.6963398674601708,1.035694644211276,0.6613254752989786,0.8109501232092012,1.1057580699101857,0.7447710396071384,0.4466263291812113,0.5112135343034307,0.2643703862052742,0.5707444498881813,0.5041012848277495,1.0255404174819398,0.5911332745145148,0.6691490015023257,0.34672094993915764,0.1744415691969627,0.8349348179341943,0.7380013207406428,0.414565007031994,0.1682463172166504,0.7273360401603369,0.4253010277327936,0.7709089261655276,0.6395780489769635,0.47213779811796647
ROI_033,0.8352014475164052,0.9001111484853005,0.8982435534390985,1.0371624007868698,1.1362807214193296,1.0437457297365658,1.0643421326351894,1.003080746484675,1.080503099791453,1.0203361336983334,0.9399093827297202,0.6478450874580528,0.9748241635979613,1.2187444596469796,1.1624152134191328,1.040581834643024,0.8978883847415605,0.8990610771511472,1.0313397087537934,1.0168553527574882,0.9632408231823496,0.9724933470777704,1.0710378974961177,0.5603279977131691,0.553809082457645,0.017195287057966958,0.702719630498686,0.6542554354139501,0.7476548706942912,0.8203213890542707,1.1990322939975533,0.9153791547956112,7.254328619247669,0.8178751935943991,0.9243660155500134,0.5544652944207302,0.7623822704130678,0.9929485737110073,1.0417478607248605,0.8296355379676508,1.1160461191583386,0.22912045492793648,0.5537117221960005,1.0028521236348467,1.2756954134122587,0.8398489522033675,0.8050844040895125,0.9930242220599594,0.7170072583045767,0.5458049656753555,0.7362117373824514,0.8665558047066351,0.8755903149760673,1.0273740771620896,1.0389267399349182,0.9623796703124317,0.850491706577184,1.025835279649654,0.7324278130887837,0.8710875534523297,0.551651130400787,0.884786805148378,0.9562767454527771,1.1351563390191708,1.090596239108628,1.2061897113244378,0.9112180182680938,1.0659530728766793,0.786168270652514,0.8726449784369401,0.9095708585237973,0.5297645452419918,0.8982494624696058,0.6200244779042798,0.3303372815982492,0.34016799026000427,0.9390987006162945,0.36770262476219145,0.5454517427625829,0.48340368026575303,0.7060606826316594,0.7089421038037405,0.7538150061540958,0.49292743156664004,0.5016729029644337,0.8434088104549357,0.7782972813169505,0.5975775295334216,0.5145916467929998,0.5659295999027844,0.4240683825953907,0.5421923296210008,0.8070026698023791,0.305118802084564,0.26561325295027166,1.0036376408596843,0.6967168756650847,1.090590557847452,0.759318938945419,0.5360922386927608
ROI_034,0.6540384099624221,1.0661687893030123,0.9863018194693179,1.0039267887205339,0.8915979743220095,0.8145292362451321,0.6515946237771423,1.073060154508787,0.9420578534572961,1.2856599756782596,0.9814183963388975,1.0422799413907604,1.0325727784424927,0.9614813030899593,0.8802436238247849,1.190463777341613,1.4851668351646508,1.4511050060824346,1.2689964333434764,0.9975649905472463,0.9776458312100103,1.154296294751372,1.1453462217460715,0.902896315492339,0.8439575607724655,0.3003632681924755,0.7497718687261347,0.7510639031086381,0.8342206183338482,0.9249531044100802,0.776733933966903,0.7975299526542377,0.8178751935943991,7.254328619247669,0.7464373109707991,0.5249508798164179,0.7956855062085203,0.6989466141006625,0.8292859901038285,0.6576358467941829,0.7424907940539024,-0.013559819813049809,0.18244167273912673,0.5513349495347916,0.7559797859423945,0.2645560897267965,0.3725235332165544,0.47106815990303097,0.34017589447977653,0.17948039131057353,0.6706780748474145,0.9867397257224149,1.0057081645620092,0.883717507846305,0.7784020369516564,0.8347583816850082,0.9082767925130572,0.9050667452043243,0.8549688463634795,0.885432194123582,0.7834806394729678,0.9363743430549596,0.9186465716875546,0.8834757054942629,0.9248400484330349,0.8769838821704414,0.6511035595831272,1.0942512418955794,1.2888812462759378,1.3371906949095032,0.9361339641279023,0.8044407744531802,1.017747325094777,0.6886477602716258,0.6681718926093712,0.5133203205072004,1.0399146386004838,0.6183661044581515,0.37857016848169167,0.4521614165928962,0.8960331018178362,0.8223904233157461,0.5605983439391853,0.4537190202297787,0.6909611137210168,0.6194601526427429,0.8575002522358506,0.6794234047226143,0.9167617851523304,0.1970815870994699,0.18170386238246208,0.565685575761314,0.7730254903802002,0.038607611294946935,0.17388317900265682,0.4801250854199367,0.15654989271428182,0.8446352600211059,0.45982721870047427,0.15744871200797622
ROI_035,0.5651995162539796,0.5297053582243239,0.5034007980570204,0.6271482057434657,0.6760043781104395,0.5930062682705166,0.6887395507587147,0.5965678462597443,0.6031996985234483,0.6289863895977077,0.6875229688199728,0.44524976514287007,0.6030390860310039,0.6851907703893287,0.5955530870899083,0.6746515812796159,0.7655539580505163,0.638346413501932,0.6649635256838109,0.5883312256334731,0.5239077532537905,0.9012857580139226,0.7141407236560519,0.5088447561667881,0.46211864549222964,0.33588514299318456,0.5712066223436285,0.4705684518999906,0.4499426260589607,0.45411932143703265,0.6556912996111374,0.619087446331759,0.9243660155500134,0.7464373109707992,7.254328619247669,0.407002429606222,0.40490023601263236,0.4902379806079958,0.6153899172570534,0.530569613868894,0.8003466893597407,0.32934453762683524,0.7369290242295166,0.5180665109756973,1.1342318980830899,0.4483901776598138,0.6927134679933326,0.8061164294221099,0.4536565049842523,0.3012368953302656,0.313854377242672,0.41910942328463824,0.5104616731039363,0.5664898813152844,0.5860147090564196,0.5125360625126372,0.47229734578240534,0.5672546681881615,0.31994326264705497,0.4114145062990392,0.3086033944580668,0.47508678807710797,0.4663202938029606,0.5603222539598488,0.531741295713471,0.633402268785304,0.5395311084562033,0.5800886110936065,0.5096808661948868,0.511466702134294,0.44737889208177634,0.25761722237775586,0.5196482084455802,0.30650670136630115,0.19107604744433052,0.12002557132422942,0.4993042864352121,0.15194624170062418,0.261215026117585,0.1408756108408609,0.510040156806888,0.5689529938759192,0.6617287966469397,0.6781047052824496,0.3601570804606615,0.643990975259256,0.44896789926351277,0.5020967881993506,0.3728273937820267,0.29892545335087034,0.0911619390257268,0.18329980679736685,0.34295608271921535,0.12017040237275868,0.16184503650432108,0.5580219604423612,0.4715429182078852,0.6375275086907201,0.39711182906521686,0.2902708945160143
ROI_036,0.4232317939888785,0.7308618818086515,0.5922705648450073,0.6385875339892192,0.5762016934798804,0.5328278146523869,0.45829576467080824,0.6330200444995785,0.6691290470124683,0.6308532587759969,0.6446603244033811,0.5150123149437359,0.5602380842098215,0.5033541243503744,0.4916792479863373,0.695868572786208,0.49244717743061855,0.5840017508648695,0.5216689887720571,0.6824048130840438,0.6250222442187238,0.4317337722681082,0.3858427191804499,0.5802800288679446,0.6257674319047513,0.24633175156583398,0.6367517033862022,0.6689248254360806,0.5489630297935391,0.4613984302637813,0.40758387228209003,0.5812259461388201,0.5544652944207302,0.524950879816418,0.407002429606222,7.254328619247669,0.9481620993444365,0.7262514611410595,0.5518225816824718,0.6474803119214051,0.5341091883860472,0.10252292653866486,0.14211448090288947,0.5195259098973,0.6478913112549518,0.40058626523496454,0.33589772323536177,0.39502211584017494,0.4270381623577744,0.49127925388177723,0.43677069012530784,0.6271232272130446,0.6924396563377788,0.6134103652468265,0.4831263962437125,0.5739064036787159,0.6252327730222185,0.6304761307108777,0.5620050834747379,0.6582744312457103,0.5360693812297016,0.4947431031368424,0.6282293058123603,0.5421786120398706,0.6573573349953661,0.49147329213654306,0.4759696422183673,0.6343812280269159,0.6719842611826417,0.6180702840086939,0.6727447064809012,0.32372884518776074,0.47110807221210105,0.49243630619456025,0.5604211441239589,0.4990520935727126,0.6582672363740948,0.4196934405866168,0.45575537146663303,0.5274536796866379,0.5994115958845415,0.4287601844155232,0.3870360659637534,0.401051597315906,0.5197126111174803,0.32357966725659465,0.8505299272673812,0.6284213769772946,0.9452869497977956,0.2520246409925226,0.09973291818725645,0.45470877084777545,0.48995358550001444,0.2476868405948333,0.10682841595719168,0.5017150374253505,0.2691857043062702,0.5198293721844987,0.4637659283254602,0.5528249199471594
ROI_037,0.7963817349061953,1.1448645174022118,0.9497113171984392,1.0171858897215675,0.9530037212782896,0.8511185614831167,0.7273072593417683,0.9286863680556996,0.9735326668214527,1.0390828744491836,0.8574809479682504,0.7870211198384002,0.9000053598696408,0.822088042211829,0.8400385206856276,1.1240772981094906,0.8240660632881175,0.8568121008646052,0.870230197207217,1.1287118815041581,0.9475859275805542,0.6217899457325627,0.7549289550001087,0.6706045856621996,0.7609574453269387,0.07216952169779561,0.8371712622651044,0.906766463649834,0.930597117807233,0.9041035150478607,0.7600295374464098,0.939971059172605,0.762382270413068,0.7956855062085203,0.40490023601263236,0.9481620993444365,7.254328619247669,1.1689563750896976,0.7628272629814961,0.788998994662606,0.7714653373538456,0.08925397835481987,0.11098410869782169,0.8805401413826287,0.7646181876820481,0.6329524581807784,0.4321051578725182,0.5948044989816941,0.5991517397514581,0.603410518451669,0.8840109856136376,1.1237288060078472,1.1756500217725274,1.0312018946658308,0.8383451171256678,0.9137165247102612,0.9171184848459456,0.9314227223628861,1.0986436280817917,1.1234757854636563,0.8288400709147608,0.9240335889748068,1.1252515118101092,0.9905346261343168,1.1795952954030016,0.8594734768562662,0.8593220750986398,1.1409103419029247,1.1168136947722078,1.1246393184291863,1.073058845438082,0.7275864712695465,0.9765997533310726,0.9247082679393127,0.7367991435233897,0.743847662413938,1.1147056630344963,0.6451468264400533,0.7596170334387086,0.9502617616951555,0.8704263695464073,0.6183631225951441,0.5750169565418803,0.37740006667788617,0.7546336037337973,0.5543700033582125,1.2647683194803154,0.7744838507523514,1.022704963800232,0.4586486511916145,0.30372130973760636,0.9124260981110773,0.9805960544095385,0.4315098124454723,0.2259526182831164,0.7654454857001166,0.4449794360016294,0.9719323277938647,0.7809951169024129,0.5813733866805191
ROI_038,1.0045490985203194,1.322243905285962,1.1121229098523362,1.243763187409189,1.1202481988208797,1.024609607409573,1.0592654747781205,1.1248946053698874,1.043374868044892,1.1986940187266277,1.1313140634375396,0.9251751894591339,1.1716920333144123,0.9839273780998938,0.9747609677146057,1.3969448709580343,0.8742220725305548,0.9782887817319004,0.9776190802365524,1.3144197600214944,1.1443561181299189,0.8190371371054819,0.9321234502291215,0.8328105366491265,0.9656813454693332,0.14085131840652748,0.8359655857180407,0.9688360531692279,1.046554637578368,1.1250797580510337,0.9745048965028988,1.3449758226363222,0.9929485737110073,0.6989466141006625,0.49023798060799584,0.7262514611410595,1.1689563750896976,7.254328619247669,1.019847959654376,1.0772133312385854,0.8121289523103509,0.2783813692644928,0.32967531855695226,1.1857742043588602,0.8007910485535877,0.82360540992792,0.48285518485538403,0.6923849530306819,0.8038988217291292,0.6930745862420558,0.934630683035503,1.2387464728013584,1.2699631614491,1.1995957702542785,0.9122966006605879,1.0311335430441786,1.0292254973516577,0.9986684602285701,1.0137135358321385,1.3202395269377818,0.9244669041354482,0.9990243293123677,1.4005809668993998,1.1287903943265623,1.440751064740989,0.9888748677478435,1.0269065234937536,1.346735924333527,0.9539818466030633,1.1170459561774162,1.215779747966329,0.6310745825153439,1.0220580376837245,0.9601876357588003,0.734089698065813,0.7622755468407723,1.3033869423192346,0.7017024085626977,0.8465246406621062,1.0067773656458712,0.7146016061523476,0.4234077961025204,0.44159187283247986,0.21878287167000712,0.5628741915707218,0.4782865837944612,1.0915060646292243,0.6529107072598335,0.7608299275042759,0.4223127662068257,0.30113858117646003,1.026179857823143,0.9647684497065251,0.4851907622732102,0.127884894784584,0.8996486799780795,0.545307816841224,0.8949757180059359,0.8833842010139024,0.703824504385518
ROI_039,0.7879478960045139,0.9466873666304609,1.0237625258148997,1.033013005110636,1.0424287510437327,1.0558914150928134,1.072695708212114,1.1074276314815008,1.0777767286905797,1.0500542049859327,1.1243704523474134,0.7377563352725711,1.0463868957917963,1.2708756342175376,1.2211338345151537,1.0213535922795292,0.8252556958943674,1.0636957267413731,1.1837162305706952,1.0707831594880257,1.1250488567364163,0.9245565310289553,1.0335658480570475,0.6470853513331007,0.6652122859662429,0.08328293609111072,0.718887277191393,0.6548914927923741,0.8804397044060291,0.9823109378695515,0.9698220446722444,0.8695082901851037,1.041747860724861,0.8292859901038285,0.6153899172570533,0.5518225816824717,0.7628272629814961,1.0198479596543755,7.254328619247669,1.2671258189254786,1.057450923306933,0.3425119830362095,0.6376954924619047,0.9217285821940149,0.9164773358224063,0.8300849765582562,0.7691966145742939,0.6918263669623631,0.6730728628163842,0.5713895501746218,0.6185649035374654,0.9066278230486153,0.8060825747399923,0.9761417396992944,0.9693884343405431,1.0285199797435662,0.920166063257311,1.0363290532335863,0.7423257084208517,0.9119858060460138,0.5843960481637801,0.9396602297425681,0.9771386974027566,1.0632323075645136,1.0566569204565615,1.2155946719055273,0.7889267741624131,1.0874079664403202,0.7772050188117169,0.935128901009893,1.0283411372323048,0.5578511534151636,0.8232985492677509,0.6110118097689985,0.3750152925968815,0.3475173260241372,1.0099199472918414,0.47583685573769996,0.41078659462745787,0.45694998678307586,0.6314950742589083,0.6156965510915262,0.5518289066350831,0.2648383481511284,0.49701661561453486,0.6750941419656593,0.782632347168752,0.6128549056062992,0.6101815552321292,0.49726296634254014,0.3523832936304993,0.632669609888471,0.9101977718465937,0.1705378378449913,0.2130327332176558,0.8585091901336547,0.6065538437698885,0.8826022061686251,0.7038141948400457,0.5351475683024742
ROI_040,0.7179967395242975,0.8532444066725878,0.7646188732976162,0.8269350876230375,0.8457265363302334,0.84499895066598,1.0393368082084276,0.8577028363212413,0.7936916766341817,0.8624625317883359,0.9516042159412836,0.6297319633266477,0.8190191827951238,0.8810287223917723,0.837229012442165,0.8708602978541327,0.6876112513388556,0.8188703581874617,0.8715706119217285,0.9101655166586322,0.9151327563181911,0.87952468415428,0.8970244591400277,0.7781360020972455,0.7411308106632154,0.11928627453939916,0.6916552815468529,0.6619285191338327,0.713853229862406,0.8630950030527399,0.6793455052898792,0.9072745306402282,0.8296355379676505,0.6576358467941829,0.530569613868894,0.6474803119214051,0.788998994662606,1.0772133312385856,1.2671258189254784,7.254328619247669,1.063040186865827,0.33702021895075635,0.6744485989570109,0.8075600098517627,0.7017217545362774,0.8584369118811415,0.8245908133690119,0.7686130723649451,0.739480156857584,0.7565481232391273,0.4909483105840262,0.6948570249823298,0.678227397860347,0.7894962046178571,0.6712673276734165,0.7641397850225908,0.6688658664438617,0.7079911791412251,0.56630652692335,0.7649221363196461,0.49118892962824817,0.6816779732545707,0.7854859468330009,0.7728614164979615,0.8895313282320537,0.8523343664932943,0.8255072681481362,0.8660813874101448,0.63137963554595,0.7749056222498791,0.8603171469567737,0.37375468589964866,0.6190351766118518,0.6078803628276999,0.3651654838371771,0.3658221437152842,0.9174837342460336,0.4389228684440675,0.34630574773517375,0.5595115453158056,0.5647711393602654,0.4403588098858177,0.33177032855995126,0.1802214699125213,0.3727206824006423,0.5344376574120325,0.8393732025700803,0.6135014216624906,0.5653085707083102,0.4483067670471608,0.17029070355107717,0.5039099984338,0.6926330727118599,0.12947958430805093,0.07074852116145634,0.6340404006280652,0.5903834482238508,0.6944613475316501,0.6697585961552123,0.7486504654156898
ROI_041,0.6890996070154265,0.6832454064659308,0.6678593527083613,0.7843222098131176,0.9838371821587406,0.9435716953347963,1.1246332451482424,0.7606366267045677,0.8909328675601161,0.7175735399736032,0.7509920396268602,0.3813308086182289,0.7316050311533493,1.0127413984015328,1.0176557578973604,0.7918056418375828,0.7325776559435079,0.7002789910509403,0.8922436169126167,0.8132770521061634,0.7162663890940693,0.8177211601328883,0.877926813737741,0.42664985575231573,0.38460092669098855,-0.21757570081029035,0.4831113194047142,0.48653777736136367,0.5291996030445384,0.6382897316456214,0.7877979141485666,0.7438268135238801,1.116046119158339,0.7424907940539024,0.8003466893597407,0.5341091883860472,0.7714653373538456,0.8121289523103509,1.057450923306933,1.063040186865827,7.254328619247669,0.1321343397574739,0.7118673548457135,0.8799771141083567,1.1484103152822969,1.1302002848550003,1.5153461966417694,1.2025454540782101,0.7326331120480236,0.7959190294490393,0.5619949649133691,0.6199710319372328,0.6076296544334598,0.8209048597673729,0.8551880779728489,0.807600242731698,0.5841913288841132,0.8172577097688265,0.4962479759278082,0.6603077861695784,0.29131469260665993,0.7594975226118714,0.6963421189230402,0.9338735263666529,0.7717958057883492,1.0828621640970189,0.9030647224730362,0.8501661272446127,0.6494845190945834,0.6880636732626344,0.6682853507727784,0.41609673671855657,0.6794319086986922,0.45028316352866893,0.10113110740593861,0.1418670963996396,0.7592978023137568,0.12667279817074692,0.37223138092539776,0.4168148211622474,0.8063780580810341,0.9913815778663946,0.7492651989449207,0.5044991835093099,0.41545651431234915,1.1593176548074435,0.8110203809624104,0.6160849993746499,0.4182816630413584,1.0021174219887943,0.4187734800578647,0.42842630568929185,0.7528052606573064,0.24032079478803323,0.30368258715722213,0.8049153831248121,0.9840945365196727,1.075207047584357,0.7436842690159089,0.6892513953653248
ROI_042,0.30212900563234635,0.20631942069389797,0.22808584792053896,0.2575061113286895,0.23576904317276642,0.25977459067201564,0.39503621616688545,0.2702741358996453,0.21614901339864584,0.2220129728579614,0.4120314903624503,0.28583179756481003,0.3049277699526116,0.24780121034995148,0.20538934827469943,0.20555498809584782,0.13154486020578363,0.19508658709721022,0.2342089598765797,0.23113942087000056,0.25005955052841755,0.2558550919717664,0.2179890853067637,0.19388913722557355,0.35017906711472285,0.43427165262662604,0.3476952265494213,0.23980512723818903,0.2445118508813933,0.24154861600590616,0.31917378665899737,0.22671188756249352,0.22912045492793648,-0.013559819813049809,0.32934453762683524,0.10252292653866486,0.08925397835481987,0.2783813692644928,0.3425119830362095,0.33702021895075635,0.1321343397574739,7.254328619247669,0.564017295335483,0.3322257900021598,0.2621888975493658,0.29780393542572403,0.1925916753845434,0.2723617255172878,0.32875278236346855,0.21102173547710432,0.060727307421951864,0.18167952128916653,0.15684999345379627,0.2161491770254477,0.21320043375434425,0.23460293903096133,0.232598909001979,0.1999032827045645,0.09153557418085702,0.18953615418223982,0.15890987556907793,0.1580149321245243,0.22801286771857565,0.19141877953908082,0.23819952302019656,0.21757031580189745,0.16764430149863818,0.19932101409305913,0.028721769694738688,0.08256734032772366,0.19371193426467087,-0.038636210043980566,0.05551745520383584,0.09906767408741032,0.12509984060194854,0.07352164393520713,0.19561312049924978,0.19411919252588816,0.03243881967844452,0.010844198907621956,-0.11714336147250047,-0.23324191138309702,-0.008605676856256793,0.007359108656146174,-0.02831704957443514,-0.05839440175374789,-0.035869732311263065,0.1858924062604416,0.028709265594175075,-0.05935696428609884,-0.1526960314633683,0.08914033680194018,0.011340033085486406,0.11576276629308561,-0.1251112582713584,0.2861029676593103,0.26776009095991615,0.04108978228250146,0.22949391439130332,0.2117676902827003
ROI_043,0.31697200530340475,0.1604714440453897,0.17860677751625745,0.2812284893280198,0.37549989034364606,0.3356809284714471,0.5785121859087915,0.26570806332601565,0.27051468891524405,0.1997976825074725,0.35345446511214595,0.002813269458476774,0.1996849757010203,0.4157843217827332,0.32955542085955275,0.23254916956729588,0.15592040145228023,0.20226072730274755,0.2900164984574291,0.226882544624984,0.21280799863810876,0.4124106603762487,0.3630634952104974,0.1926679612230985,0.13117559797436418,0.018462447617373718,0.14139038661036407,0.05639887589284192,0.06616602318832511,0.13980629261219238,0.29353441317749335,0.38365819937632273,0.5537117221960005,0.18244167273912673,0.7369290242295166,0.14211448090288947,0.1109841086978217,0.32967531855695226,0.6376954924619048,0.6744485989570109,0.7118673548457136,0.564017295335483,7.254328619247669,0.3054351294388011,0.6449292745661597,0.6032760363179561,1.0025065374359494,0.6903992508048413,0.39759026974826817,0.40222020488961485,0.03474818131801368,0.04268147189290122,0.07613091761469895,0.26718368210047666,0.31013744679535543,0.2365592114115365,0.13677246449973365,0.2589536582102173,-0.06270830190605385,0.04941354982094307,-0.1604153964664443,0.07422720953852999,0.09681381710582135,0.26859967498281195,0.21352912553573916,0.37107767387892016,0.3411456880299625,0.17668227547324286,0.02548042299198775,0.11478792855751017,0.1395391076988882,-0.10439553820585136,0.06045847239449267,0.0540319899183453,-0.2883305020487618,-0.278364431736406,0.1473128155396445,-0.18470810049310118,0.025079945929003835,0.00046679237456071393,0.11957224211224009,0.2337891975930445,0.31221287575640916,0.22802636540268784,-0.062362290211254355,0.43375674439776923,0.150549556027423,0.10191706043684624,-0.03819670248048649,0.3868799172205418,0.01584170388880513,-0.07436971225756817,0.11802258081761262,0.03268223064472733,0.05990790399032818,0.3227485486611368,0.5757909056389879,0.24077092060657904,0.2717658425875426,0.3886852771237065
ROI_044,0.9541678948740969,0.9567085020684534,0.9585054164347684,1.0300195499133276,1.0810562044177354,1.124447450666167,1.2709717509222656,0.9654876422741789,1.0837606923026042,0.9547372479591666,0.9983288249032919,0.7249342273737576,1.1573446129983005,1.0583724152729652,1.2107900154457165,1.0811547400614987,0.8391118284875115,0.8043105129755792,0.9233648248189673,1.1733709543292203,1.0121692936547648,0.740492486018469,0.9009918708005678,0.5007003392928713,0.6288134575439661,0.007930939483891657,0.8818145852192804,0.934749322614538,0.964741474833611,1.037527410183564,1.062591422999335,0.8781358101749533,1.0028521236348467,0.5513349495347916,0.5180665109756974,0.5195259098973,0.8805401413826287,1.18577420435886,0.9217285821940149,0.8075600098517627,0.8799771141083569,0.3322257900021598,0.3054351294388011,7.254328619247669,0.8560064291686426,1.2598400023343757,0.6252568256789296,0.9285434440431696,1.0005137004128766,0.8863105851115914,0.8965101307469231,1.0314375280458108,0.9936428027292061,1.0668107025805065,1.0201532542655993,1.1030747106118588,0.9060863361180906,0.9955077505162208,0.9698046754897977,1.223840376666056,0.8645597458490324,1.314996935592047,1.3301568709458749,1.2015264812257893,1.2097728583480496,1.192533488167838,1.1778893475358707,1.3112824471709352,0.8002437693868365,0.824125231714486,1.024693016713601,0.663256761098519,1.1079119292254584,0.7054832463054864,0.5558892314648618,0.6581004610132285,1.141934007218528,0.5800226546108621,0.6473514835667048,0.6453469896038557,0.6781534270280744,0.48459838287800727,0.6191027225480775,0.38703373702696175,0.6276337017008851,0.6768740421283193,0.7486604746635315,0.8140762742090264,0.5298011407172564,0.6506545321001705,0.49925087842267796,0.9127818646572007,0.992688073223403,0.4710229342982567,0.3132383801243374,1.4778127087568578,1.030988272031519,1.2982399822569668,1.059016806600395,0.7668545430003145
ROI_045,0.8141944561091901,0.7461824599562189,0.7324180670774717,0.871471442966473,0.9964319775804924,0.8927700360828225,0.9059785891716792,0.8064835645873782,0.9402915614669223,0.8123789350459009,0.7957123136819555,0.4859084442679249,0.773167114845064,0.9617297677438222,0.9166069996976033,0.8814876523238828,0.7440360201535777,0.745963307675629,0.8511325084304981,0.8393563551745068,0.7303334081570412,0.801540523166649,0.7964292492632128,0.412322865085841,0.4380665965706126,0.0544575370879906,0.6888718974255776,0.571961013534741,0.5688328905660238,0.6271048506333077,0.9228717580762681,0.8826852410905305,1.2756954134122587,0.7559797859423945,1.1342318980830899,0.6478913112549518,0.7646181876820483,0.8007910485535877,0.9164773358224062,0.7017217545362776,1.1484103152822969,0.26218889754936586,0.6449292745661597,0.8560064291686422,7.254328619247669,0.815931114982621,0.9074807667402024,0.9669384325455936,0.6334144565114642,0.565165819855133,0.6308482228926096,0.6925822450473565,0.7346299239542654,0.8801795310149239,0.9093739914109756,0.8271136111644039,0.7165296242398814,0.8984604353481619,0.5856225439795584,0.7152656474404545,0.4376915478581941,0.7200463115018225,0.7488558328783397,0.9431815506444489,0.8375368454399679,0.968127888568672,0.7798634889813915,0.8957748914706162,0.7023883202358057,0.7346983709624448,0.6917073849208878,0.43824766924022734,0.6992897188252051,0.4783751487160569,0.24078843543129339,0.22978481539665305,0.6934520817010456,0.23485009747013033,0.5158056127931345,0.4131005530124695,0.6869688349414429,0.7483541240884676,0.948224718016481,0.6206940181396731,0.5305942177596796,0.893283926464879,0.749838629946084,0.5796057299154537,0.5165797514031142,0.5907183389574613,0.31820580247132924,0.4475267488303883,0.6642919405406659,0.3387177023693014,0.27793624522020216,0.9893697277411024,0.7722815137420868,1.0350709460067544,0.6701073993556184,0.4949529710654008
ROI_046,0.6827690662955656,0.5026367034161306,0.5319999549533491,0.5970330166005444,0.7668427907750812,0.8030210115948251,1.1449051139383353,0.5524754098284745,0.7158958626965372,0.48177943754050107,0.5980152536051827,0.22488006964622964,0.5961378042301759,0.7901278046455505,0.9027648497764494,0.5795449750041836,0.4179804000023301,0.41266538519557466,0.5709623693173527,0.6990376341376722,0.6088399606828921,0.47419524723783074,0.6132827626806023,0.20616975900807002,0.24478025612630716,-0.32078811739902585,0.4895951667151372,0.48257467228451467,0.4893863346239915,0.5603684750360676,0.6758889598366656,0.6238194154639234,0.8398489522033675,0.2645560897267965,0.4483901776598138,0.4005862652349645,0.6329524581807784,0.8236054099279201,0.8300849765582563,0.8584369118811417,1.1302002848550003,0.29780393542572403,0.6032760363179561,1.2598400023343757,0.815931114982621,7.254328619247669,1.1603049057834567,1.1956986786588915,0.9622112769525337,1.2170011685018152,0.5700088344971806,0.5183343313859478,0.4836243465196054,0.6800773524305743,0.7304879961846587,0.73438437477431,0.4719317953790037,0.6480745500691966,0.464702015027055,0.6369819192879136,0.29814109986739734,0.7035648059742452,0.6681416622651899,0.801146677112036,0.7193278200708447,0.9184053070072395,0.9780264990516239,0.7114470382550863,0.39864709263616166,0.4352424095181389,0.6035119300046652,0.31009531290022796,0.5739208865310862,0.3981134068850048,0.0768560339517897,0.21372536310475257,0.6313415759630222,0.14480399458913387,0.4382911352422403,0.4632608675588541,0.49766580357103757,0.4790437741468365,0.584130260014701,0.3339501249243214,0.3437658870497529,0.7878545335466851,0.546412301700245,0.5524315227614975,0.21417752098623377,1.0904113678146117,0.513553801991887,0.5097348847641462,0.6799359960284526,0.4775118021743781,0.31236546915424745,1.1366625985955685,1.7988345920765496,0.9811482243769721,0.9385982189534121,1.0100107506164397
ROI_047,0.4878205905722528,0.3350592289277671,0.36275103358789146,0.45338982522342913,0.6453264292956677,0.6208872008048986,0.8910017788843175,0.4378880241711711,0.5621474893128943,0.3553978404690679,0.4659996706056427,0.056148211442986755,0.38492620333082006,0.7154000507964602,0.7063198927279971,0.41725931148426193,0.3588225577275849,0.35541056550707467,0.5198207868861154,0.4758526226931963,0.4214494164398952,0.5049362797090953,0.5761338857633893,0.16621887382196798,0.1138037359409337,-0.3358503185040993,0.25141912758817797,0.20920689513882773,0.2366079536423844,0.3126687250531075,0.4669266198724741,0.47724925773524374,0.8050844040895128,0.3725235332165545,0.6927134679933326,0.33589772323536177,0.4321051578725182,0.4828551848553841,0.7691966145742939,0.8245908133690119,1.5153461966417694,0.1925916753845434,1.0025065374359494,0.6252568256789296,0.9074807667402024,1.1603049057834567,7.254328619247669,1.2516926180939585,0.6473113973654259,0.798867575225408,0.2907046282984008,0.26718016129832695,0.26689090951897065,0.5049531986167952,0.5856457933824288,0.5144353764142787,0.29255058791250005,0.516749832476757,0.19098703318736932,0.3049000854005425,-0.029629709739917624,0.41480743989327196,0.3461825384048803,0.5939379407162029,0.4447405518212055,0.7566475522676387,0.664703523005357,0.453719150429305,0.2651012780608403,0.3180153251398017,0.36583510723626317,0.11585761679822554,0.33380509395435093,0.1908613228016441,-0.22182578027558678,-0.14881792815816203,0.3995708562324214,-0.14430408859309504,0.16794686870283754,0.20861676083903652,0.45377864650546607,0.6740591091746558,0.5781401124449466,0.3913567403294896,0.15078237984425652,0.9251177816271877,0.46306384384623045,0.37515131311486316,0.11622321064156761,1.0087936713198833,0.3443793422316246,0.14289922549326592,0.41873775574399136,0.1939844470593019,0.24107690579957705,0.6282293436404301,1.1149218477883813,0.7188425777808903,0.5982093949464721,0.7040433577383681
ROI_048,0.7056273604020757,0.5928231792605084,0.6344217481433808,0.7231261118276046,0.9545499654486336,0.9476794609485805,1.3697318230633337,0.6953923892301618,0.8495857417258719,0.5824682291392232,0.7353905824146122,0.29476516493038496,0.6444468861495523,0.975286395823876,0.9512225268913997,0.6848040213756846,0.6159976284148069,0.5657845837389643,0.7173344414016157,0.771108807330492,0.623338550294632,0.6983242871260309,0.8324936718038575,0.2615679099755197,0.3111574902663822,-0.18744891187899596,0.48227014340879,0.3670495518190266,0.47231960141038154,0.4378450021643716,0.6880376827316695,0.6393630644870623,0.9930242220599594,0.47106815990303097,0.8061164294221098,0.39502211584017505,0.5948044989816941,0.692384953030682,0.6918263669623629,0.7686130723649451,1.2025454540782101,0.2723617255172878,0.6903992508048412,0.9285434440431696,0.9669384325455939,1.195698678658891,1.251692618093958,7.254328619247669,1.1098204923841015,1.105611171264043,0.43992036727711376,0.5248092293514666,0.5229857013209833,0.8071180791482172,0.8758829799666423,0.8307740261891633,0.5430278733250635,0.762217695247835,0.4011896160693097,0.5726923302246809,0.21712805077476735,0.6476220405921803,0.6129861946054337,0.871072931529863,0.6784837967380873,1.0267085368096684,1.1155718216653323,0.7066211261375377,0.3860077847940477,0.504568459620169,0.5742880006633911,0.1985151840224577,0.5626972723946257,0.44827083618407476,0.020934515437582537,0.03799295269754076,0.6195134205939663,0.025090939846834234,0.2651333217086124,0.36325295668179225,0.39488885533801293,0.4918616997586638,0.4692988541846066,0.3607250183241916,0.17405158636339,0.668072343564826,0.5232627545599545,0.4296042253966149,0.22773784585501858,0.7728402070916051,0.3139202857543322,0.3412157480544128,0.4762109211043202,0.2519597956323094,0.06298191418873957,0.8391637258210485,1.130331750054984,0.8914667985135198,1.0390461678750116,0.9700723257098973
ROI_049,0.6571178666020201,0.7435563221278132,0.8328748451448572,0.8587042581900479,1.0667184233933278,1.1942521122586245,1.4015515538240697,0.8400158064277083,0.9846969731456889,0.6656034675136718,0.809517852621179,0.4435529889251104,0.7417161522379198,0.9249262363053778,0.9386672383713737,0.7435587505131743,0.5840350897430442,0.6124428842703983,0.746135553822164,0.8846731263473424,0.7420983429344988,0.6189471158967973,0.6923899047708361,0.24860094743062677,0.46103067838007145,-0.0956311831119264,0.5612625866502693,0.4007099784340614,0.6650631314502206,0.4963510219957935,0.6660590589045949,0.5998672756802413,0.7170072583045765,0.34017589447977653,0.4536565049842523,0.4270381623577743,0.5991517397514581,0.8038988217291291,0.6730728628163845,0.739480156857584,0.7326331120480236,0.32875278236346855,0.39759026974826817,1.0005137004128766,0.6334144565114642,0.9622112769525337,0.6473113973654259,1.109820492384101,7.254328619247669,1.3070986211735514,0.4412924380089454,0.6677913334536812,0.6155912891214903,0.9606358793053195,1.0445040390144305,1.0557348199801668,0.7496496176364347,0.8839395102775698,0.5213457163266413,0.7878064257387022,0.4042409724914652,0.7409637519325969,0.7580532960160641,0.9300499627689853,0.7117460407749713,0.9652363344059678,1.1663125232782312,0.8046227191943149,0.3181492706507382,0.5229582546206095,0.6815380200722861,0.23258149052513066,0.5526418265859318,0.6175437050581094,0.20230071340040431,0.19746847686684185,0.7139318854004455,0.13324599181817912,0.22920230003603664,0.4316950412385699,0.1930178960859298,0.18519661924851707,0.1654940431024217,0.037474087977742015,0.07991608621296166,0.29675086767821135,0.5149958734514333,0.3498228936667076,0.2966314186180516,0.4429983994603399,0.21589881774061076,0.5337811561275113,0.49559496642128864,0.13280011966547958,-0.11175251592623585,0.8581550023071067,0.8570335011507637,0.6739035358936808,1.5530923702289015,1.0599540348719718
ROI_050,0.5588020148397322,0.47843338858171885,0.5181691379838589,0.5344649196812606,0.698435839695228,0.7815057629016133,1.0374046050661925,0.5100953818335248,0.6596153292531128,0.3961947739147956,0.5279880182212565,0.19115921349067092,0.48344812459644215,0.6357772629964844,0.6786656939676938,0.48834364085524734,0.34909568070592956,0.35059505796232987,0.47951381227011386,0.6143244729114471,0.46793747582514766,0.4110477087165042,0.5132910417749299,0.1193565883055654,0.24325528010664402,-0.2917731571329062,0.4460222369257638,0.30764397483926587,0.40584202964278454,0.35393444966069404,0.40871187215398336,0.4756490395012248,0.5458049656753555,0.17948039131057353,0.30123689533026554,0.49127925388177723,0.603410518451669,0.693074586242056,0.5713895501746218,0.7565481232391273,0.795919029449039,0.21102173547710432,0.40222020488961485,0.8863105851115917,0.565165819855133,1.2170011685018156,0.7988675752254082,1.1056111712640428,1.3070986211735518,7.254328619247669,0.3840464503356086,0.44460603168971313,0.3895117390510357,0.6270187708620384,0.658197070173679,0.7271295781066276,0.42554006251667703,0.5756630158537323,0.34707993899821404,0.5525122058101037,0.21910833578067052,0.5291189915483953,0.5254460394293025,0.6395968027557315,0.5099408776298369,0.7090990304504489,0.9837648330033978,0.5777454252634706,0.22038620165367645,0.3465279316262596,0.4794049177057681,0.1381170449423248,0.40540194147088393,0.4572948331647074,0.05616594059619403,0.11938506593290225,0.4948434320662628,0.030121496969822064,0.2314123507184715,0.4510328268469971,0.19271997525725473,0.21029554659673025,0.20834470269620162,0.09986542230998938,0.09099420849017496,0.35552565355175136,0.48147447523359566,0.32296982521785017,0.2159355551507234,0.6879461688677028,0.2786694183057785,0.4418388377848086,0.4274974737043842,0.2665734816872183,-0.02996411130419901,0.7651446740130021,1.085228442798028,0.6461960495575755,1.1459609077636423,1.6153596928048637
ROI_051,0.7963482526223559,0.8323422336867603,0.8012492463262326,0.791173112480896,0.7113863223046789,0.7265586735196474,0.6206252565410838,0.7355006017345285,0.7759107437902268,0.823731825475876,0.6243597311294555,0.7157055410223444,0.8196573566922988,0.7374433983752406,0.8070575416117665,0.8982970901862217,0.7410426187071478,0.7499304610571562,0.784696881012955,0.8481450642814602,0.8370826786353504,0.5472819707884646,0.7484610852293979,0.5299175632520734,0.5683274420402087,-0.024522778586668327,0.5686489063117665,0.7308240238602054,0.7700341845367876,0.8654207885990092,0.8549713907320732,0.8788859012657899,0.7362117373824515,0.6706780748474146,0.313854377242672,0.4367706901253079,0.8840109856136376,0.9346306830355033,0.6185649035374654,0.4909483105840262,0.5619949649133691,0.060727307421951864,0.03474818131801368,0.8965101307469231,0.6308482228926096,0.5700088344971806,0.2907046282984008,0.43992036727711376,0.4412924380089454,0.3840464503356086,7.254328619247669,1.0360789869053368,0.9400198651278028,0.8172088006932735,0.7399173577554407,0.8292539187326622,0.776779440256284,0.786039292616825,1.1034050271432945,1.0560685886132861,0.7804227377224386,0.9467523958617261,1.0413497941515237,0.8816520358800897,1.0131177070874888,0.8031159596325425,0.7717241088560667,0.9987829356980251,0.9279275679585177,0.9380105028139867,0.8623812613638819,0.9285810773075597,1.1982544793795935,0.7729100293974782,0.6494913531733301,0.7468435177196442,0.9108628119353903,0.6403672261035305,1.0360458808466402,0.9213914527628984,0.7640011356624666,0.5572013142695929,0.6793442451912237,0.32181517489882144,0.7110933994299737,0.5814308847276027,0.8470226856696734,0.6222197847388169,0.6134877527491467,0.48423163577159106,0.6901435854399517,1.180850858678254,1.0259633338559564,0.6632985938911093,0.5068691823160199,0.8012041946616603,0.47421045238191595,0.9209842120291224,0.6178179485487811,0.3024563136206284
ROI_052,0.8777430124256291,1.8169293725650697,1.608594602145508,1.6484377140940616,1.3293449211587807,1.2760644107632724,0.9155474978402852,1.6431572774835597,1.489025348590084,1.6335908966116275,1.2802776979954205,1.2842619591978135,1.4322904550741828,1.2354778657931667,1.232326761113562,1.6729090422098685,1.1446929776158847,1.4690907698438997,1.3779831951355264,1.7341216076345485,1.4408336469186274,0.8112367092116362,1.0482376205578632,0.7308900213096483,0.9467587325684311,0.16791015674024462,0.8528124742512706,0.9425276442952132,1.339626005463448,1.1862993224464946,1.1277361212054386,0.9656562994360761,0.8665558047066351,0.9867397257224152,0.41910942328463824,0.6271232272130446,1.1237288060078472,1.2387464728013584,0.9066278230486153,0.6948570249823298,0.6199710319372328,0.1816795212891665,0.042681471892901224,1.0314375280458108,0.6925822450473565,0.5183343313859478,0.26718016129832695,0.5248092293514665,0.6677913334536812,0.44460603168971313,1.0360789869053368,7.254328619247669,1.8584197713358253,1.5952707715147354,1.255661981185165,1.4536343579787796,1.7941503367572846,1.5147893040927491,1.7125164741986596,1.9878045140425138,1.216973131543558,1.4054694786236686,1.9700543833775137,1.5691829082161326,1.7203803256908925,1.2317277909005553,1.0247033039055156,1.7781442642466065,1.2814767204815662,1.7551511583031725,1.6013291108681103,0.9256256455226308,1.4716689872704012,1.205067377637469,0.9421355176176897,0.8144030616585871,1.6637844783009228,0.8533017559370581,0.7139927214842091,0.8428189368618709,0.7303314363408067,0.5461635409092983,0.467360737504921,0.25409065949086446,0.6923525642083938,0.45223225815875223,1.058191276157197,0.6860073273321231,1.011531260656182,0.3046914682361243,0.42658546845454115,1.2575595726243833,1.2019280975042166,0.3967204153822625,0.15487631794988083,0.84108781282364,0.34821141388416965,0.9894232081767805,0.9276641234127652,0.4339011585151464
ROI_053,0.8917451121193292,1.9871674596134294,1.3621301550761487,1.7465045289570023,1.33490347781858,1.1159941955644024,0.8365836558897538,1.4797852364706163,1.329424274371658,1.6445853909433432,1.1842965522691673,1.2363337380837118,1.2649713537931924,1.0447640592791247,1.0314756057348335,1.8553759365129945,1.1285217047385503,1.3343291069164858,1.1262386622601146,1.7099264117492932,1.2943042666159539,0.7751857397606893,0.8963261817405339,0.8191440678900569,1.00323486356956,0.26143720481772936,0.9309866067684132,1.1285679331431318,1.2752698564646763,1.1395108281392226,1.0243841467204664,1.0401221682097161,0.8755903149760673,1.0057081645620096,0.5104616731039363,0.6924396563377787,1.1756500217725274,1.2699631614491,0.8060825747399923,0.678227397860347,0.60762965443346,0.15684999345379624,0.07613091761469895,0.9936428027292061,0.7346299239542654,0.4836243465196054,0.26689090951897065,0.5229857013209834,0.6155912891214902,0.3895117390510358,0.9400198651278028,1.8584197713358253,7.254328619247669,1.5964493939757503,1.1316486298110313,1.189940977698175,1.6536155656486777,1.3616224268878272,1.6674852606003343,1.7160834979715671,1.3077301322844672,1.1982320129057449,1.736253418150357,1.3894483914911415,1.6985339293615487,1.048630331048983,1.0130474571349957,1.6580516703064772,1.4513821864473284,1.7343910086480927,1.6057905000291985,0.9053364149465476,1.3744851385631371,1.267104045828631,1.0384085397392202,0.9245023933005769,1.6426045857461062,0.8799785211816499,0.7338631232501328,0.8535386340285774,0.8581001379300005,0.5739985834069853,0.5244700368263236,0.3627294070874644,0.8224159113871715,0.4956680307909932,1.0954232943889033,0.7773846142060498,1.1576608034970188,0.26540561772941446,0.33656168132489755,1.096023918873317,1.1709326233556192,0.40020191765427815,0.1874152462770509,0.8355474698616892,0.3277252881588467,0.9737570364923102,0.8285063830390764,0.3992197725575759
ROI_054,0.8878883560450626,1.7640845325211703,1.5673587904679587,2.352187878216958,2.2938670541285036,1.7174768945934553,1.2133242037744398,1.8261671776382808,1.9750297739450093,1.4500673573759588,1.2735073420471832,0.918105499153627,1.200138447287061,1.463295927088673,1.3844442704920432,1.6208924125531365,0.9991258668105443,1.298546868405469,1.2970782576834166,1.8823866547792925,1.2840515564904214,0.7850287113882246,0.998582917418416,0.5591653343636576,0.778924397274281,0.05121137609502157,0.7543455831161232,0.7380737220019169,1.1096925862461877,0.9033349020385069,1.1406413289005433,0.9686484745123121,1.0273740771620896,0.883717507846305,0.5664898813152842,0.6134103652468265,1.0312018946658308,1.199595770254278,0.9761417396992944,0.7894962046178569,0.8209048597673729,0.21614917702544764,0.26718368210047666,1.0668107025805063,0.8801795310149239,0.6800773524305743,0.5049531986167952,0.8071180791482173,0.9606358793053195,0.6270187708620384,0.8172088006932735,1.5952707715147347,1.5964493939757496,7.254328619247669,1.8387137769803485,1.7188738441388267,1.852178789438275,2.0563064191582803,1.2288637801188378,1.4991758628801746,0.8325560976263867,1.1571735366957752,1.467188241538902,2.13967239407096,1.5225518805837284,1.4818720569156216,1.3244773873702762,1.5562267785827304,0.9670158767298963,1.3984440128779918,1.4289280398129571,0.6582514811270167,1.114432302724857,1.1979786691387353,0.5880498016051371,0.5055663545498232,1.372079092300371,0.5123000015789094,0.5208190275015536,0.6966512351835024,0.6139710324432287,0.5788468690596784,0.47185456040480406,0.24453722607309009,0.5079052637081694,0.5238926561707203,0.9826478709354742,0.5638833047368512,0.8406235804860243,0.41026573080714707,0.36481439435770835,0.9220575648407385,1.0669625955892699,0.2966501449624526,0.07833149908899796,0.9313493099139045,0.5303988835752562,1.0038503383758097,1.2505113007548574,0.6086052253493414
ROI_055,0.771741111331659,1.225923165477567,1.401442828458416,1.5958438859557302,2.0301681478611493,2.0001807090756185,1.271631676331392,1.5042466231579523,1.9562265684406892,1.1721180288638455,1.0972295724600754,0.7181676888505084,1.0323247938763505,1.5749905066788732,1.5781050465826163,1.1991770602635183,0.8872121726478672,1.128585960347358,1.2736161228399476,1.4629808744563455,1.1464649918330416,0.7178169314781616,0.9497964609053702,0.3610401051076559,0.5583191765077632,-0.07289369820137101,0.6351826899735713,0.5624883397833795,0.9695074789246626,0.7508599684139232,1.1282778439628964,0.7244393069214983,1.0389267399349182,0.7784020369516562,0.5860147090564198,0.4831263962437125,0.8383451171256678,0.9122966006605879,0.9693884343405434,0.6712673276734165,0.8551880779728489,0.21320043375434433,0.31013744679535543,1.0201532542655996,0.9093739914109759,0.7304879961846587,0.5856457933824287,0.8758829799666425,1.0445040390144305,0.658197070173679,0.7399173577554407,1.2556619811851655,1.1316486298110313,1.8387137769803474,7.254328619247669,1.8547967142192199,1.5445479862036038,2.119834678419288,1.0377063388235872,1.1937792069002497,0.6363849627819026,1.0914790405696473,1.1727169084084212,2.0034164479190633,1.2038996798404917,1.6921495459330962,1.2737672836295626,1.2727055503226867,0.7571984172404033,1.0830710783100874,1.1620985943796875,0.5964469376282011,0.9908803827142593,0.95359112950937,0.3796660117158015,0.3152855671378174,1.0932570013656517,0.33641628571902155,0.40986512725338936,0.48239175673053025,0.5074637658564826,0.6161490116750943,0.510250996713892,0.2616448189722489,0.42230249663082,0.5885500464100424,0.76590788483331,0.4874944374157326,0.6576422892392981,0.4901509044211164,0.4748480282632834,0.808341465770026,1.0043212610788566,0.22524650642012703,0.12199422333294115,0.9929742437472806,0.641269346133663,1.0195351782765647,1.3520941319870998,0.5882658893241229
ROI_056,0.8427226411460271,1.3575560775830116,1.6213571049669546,1.5548709253075106,1.6956509449489745,2.0079263959787315,1.3459909406704784,1.719314812892507,2.0469980737322464,1.2879363546058842,1.2806223821522191,0.8666721559801938,1.2234194490334787,1.6423893689275066,1.6814401062414883,1.3454568877096251,0.9865771930493591,1.3265779937641753,1.4038573641096563,1.6732409432903854,1.3779328624129186,0.7861258001891355,1.0821427075411192,0.4851284309461947,0.6981068006933927,-0.005078514380459892,0.692047044683556,0.6452921843253493,1.116272863246482,0.8637881588984253,1.0925147681700549,0.832325968063778,0.9623796703124317,0.8347583816850082,0.5125360625126372,0.5739064036787159,0.913716524710261,1.0311335430441784,1.0285199797435665,0.7641397850225907,0.807600242731698,0.23460293903096133,0.23655921141153657,1.1030747106118588,0.8271136111644036,0.73438437477431,0.5144353764142787,0.8307740261891633,1.0557348199801668,0.7271295781066276,0.8292539187326625,1.4536343579787796,1.189940977698175,1.7188738441388258,1.8547967142192199,7.254328619247669,1.5941173771799506,1.9859829826070297,1.1241800452345172,1.4043301120172509,0.7618629684316403,1.2626734056010176,1.3931251299563345,1.844464888450501,1.326569428274688,1.6816758730333163,1.3155425123082416,1.4389606240954975,0.8260268845843983,1.1975936563750809,1.3219508360339498,0.611898709689593,1.0351150554617885,0.9481221761597585,0.5057824741770268,0.438784879840409,1.2805233022324236,0.45469573983196826,0.4399242656233911,0.6032167322982415,0.5244820130747414,0.5459100183408084,0.43154322641174325,0.19558530347137523,0.43509296289226335,0.5033963334735455,0.8341560033480547,0.545748605424351,0.7500456832098523,0.4421867668618818,0.42541395956438366,0.9118197738719126,0.9535513194688515,0.24111800014069934,0.0867472045811669,0.9926597511184234,0.5922523782557751,0.994684394293577,1.4070116264132047,0.6486338526643677
ROI_057,0.7688643687950029,1.788919465302409,1.7042795199292835,1.949250153275064,1.563829648032779,1.452278605424123,0.9652643305395119,1.8941790796334386,1.7577092158757972,1.541021199786921,1.3060007631062238,1.1018537418277337,1.1976641125813845,1.2957196041752657,1.2569174664661078,1.5384423599297372,1.0002677399040243,1.4765202980406422,1.3068701696310254,1.7505402370313798,1.4359612267428574,0.7395821060114443,0.9108696477529636,0.6211987725503112,0.8652251447577344,0.2001042705019129,0.7845146128658114,0.7929087827224424,1.2842899709367461,0.9640585057979608,1.0524336179530596,0.8129337700287139,0.850491706577184,0.9082767925130575,0.4722973457824053,0.6252327730222185,0.9171184848459456,1.0292254973516575,0.920166063257311,0.6688658664438617,0.5841913288841134,0.232598909001979,0.13677246449973365,0.9060863361180906,0.7165296242398814,0.47193179537900376,0.29255058791250005,0.5430278733250635,0.7496496176364347,0.4255400625166771,0.776779440256284,1.7941503367572835,1.6536155656486777,1.852178789438275,1.5445479862036031,1.5941173771799506,7.254328619247669,1.924439562595514,1.4296440546107652,1.5442855328857135,1.0002943871742933,1.1371086366208127,1.4653835788501453,1.6482641112121013,1.5024589502112429,1.2677739590593966,1.0166703994075166,1.4610895675308238,1.0247194022137494,1.4834149376272365,1.60089717207474,0.7514725892052756,1.1333238735537614,1.1565881184582174,0.7682193821537694,0.615649493203514,1.4075878984970505,0.6700667197965187,0.5047016302481532,0.6034700612026066,0.5825536445062091,0.4962388011280057,0.4045831929570229,0.21555793478163526,0.5674154979444873,0.40009418915536776,0.875444381024956,0.5837241801185958,0.9670651523820608,0.22433945431266855,0.3518253131147928,0.9676576262970343,1.0498512329921637,0.22605026368477976,0.08465553473480371,0.8127005473591555,0.3363233516926809,0.8389330073095509,0.983903599407126,0.4151713785456091
ROI_058,0.7944664661114119,1.460374705794869,1.5795683589467329,1.855024310182996,1.948120828053663,1.8026090119760416,1.1572836557473183,1.8275816572802641,2.34053892944255,1.335910587690514,1.2387884906695557,0.8453485847684127,1.1413421135469917,1.6207419629378175,1.5628170707631583,1.4120235040284979,0.9544229441537165,1.3328266166767737,1.3720700517191382,1.6722047641739908,1.3150748272105408,0.7383739943720589,0.9616366634371446,0.48516175404618195,0.6733672700695335,0.014278925657873207,0.6691588625635967,0.6552076188827965,1.061019535308421,0.8131389312645636,1.1085848261227764,0.802321309841635,1.0258352796496542,0.9050667452043243,0.5672546681881616,0.6304761307108775,0.9314227223628861,0.9986684602285701,1.0363290532335863,0.707991179141225,0.8172577097688265,0.1999032827045645,0.2589536582102174,0.9955077505162205,0.8984604353481619,0.6480745500691966,0.5167498324767569,0.762217695247835,0.8839395102775698,0.5756630158537323,0.786039292616825,1.5147893040927491,1.3616224268878272,2.056306419158282,2.119834678419286,1.9859829826070297,1.924439562595514,7.254328619247669,1.1867013509909898,1.35432705229918,0.7470080211858774,1.1709848199381145,1.3407699497236931,2.077716942465644,1.3670245125336633,1.628271193438733,1.1714302113136945,1.4068079074419721,0.9181331260609102,1.2863872920019375,1.3556798002377988,0.6540213269898327,1.0690358185468758,0.9878155259859717,0.508549498544358,0.4239857528232677,1.2641579799193332,0.44369133710026837,0.47125574758645483,0.5623490150698904,0.6160004440201422,0.6654532712300916,0.5298921148273804,0.29328771437461154,0.5011508514566517,0.5718187582374127,0.8922137731865332,0.5569608099346852,0.8383808470174259,0.44284204882570866,0.45988144219301696,0.8796770853975711,1.0403566498033647,0.264279948615868,0.15148987053015697,0.9534361344571329,0.5251368233649039,0.9967048615977284,1.1929825215717171,0.5338916023110787
ROI_059,0.7945065491600468,1.3914332874037818,1.21698016710769,1.2524827951193944,1.0301717154655048,0.9749309429747371,0.7048312460213938,1.1775248025639216,1.1239837357264557,1.3260082815415575,0.9661809917784244,1.0928176574450659,1.0902860860316606,0.9623421102045534,1.0254242302517633,1.332977104615602,0.9621420482266385,1.1282591021930688,1.0453846528755053,1.4129648376705362,1.2282675492829607,0.6441871089317545,0.8487447393148492,0.6738826129751465,0.799389755642182,0.16467029867977206,0.8394816189844769,1.0166095173400267,1.289328273934453,1.1955612676735485,0.9525703487529851,0.8333734371391699,0.7324278130887837,0.8549688463634793,0.3199432626470549,0.5620050834747379,1.0986436280817915,1.0137135358321385,0.7423257084208517,0.56630652692335,0.4962479759278083,0.09153557418085702,-0.06270830190605385,0.9698046754897973,0.5856225439795584,0.464702015027055,0.19098703318736932,0.4011896160693097,0.5213457163266413,0.34707993899821404,1.1034050271432945,1.7125164741986614,1.6674852606003352,1.228863780118838,1.0377063388235876,1.1241800452345172,1.4296440546107652,1.18670135099099,7.254328619247669,1.6020178814075192,1.2769883012621717,1.244865483400984,1.5582375370183221,1.2381408243132026,1.5321106289409425,1.0025145709083738,0.8999231879802726,1.448630568453995,1.3229335721005762,1.5066081456939182,1.5060936806300758,1.0966035236193312,1.4823569656744358,1.1859094513751454,1.017071805567332,1.0008611689746965,1.4673720440193583,0.9583806510865017,0.7930606616271499,0.8405357647483862,0.7950842709917275,0.5598393523677615,0.5403231022313575,0.30250529956917516,0.8761948903248171,0.48069239202957265,0.9827406295298708,0.763006197142797,1.0156205463098802,0.28761977227449714,0.5097552275474695,1.3138251833423453,1.3341499606184455,0.44173683265696556,0.3380770099275132,0.832474178191827,0.3258620520104387,0.9883010273778858,0.759410496448227,0.31715777665139083
ROI_060,0.9314686190779392,1.6569807675722488,1.428592001063533,1.4964470908957561,1.2930096005583607,1.2875927847729127,0.9785518510350265,1.4491180651483004,1.402318787251475,1.5306955624150762,1.251811681532016,1.228357565169461,1.4860230672904853,1.146519107103465,1.2259047299454686,1.599982703979302,1.14812830417658,1.2900859170079655,1.2722043085222763,1.7433787320638652,1.384464673881938,0.8241971297816415,0.9859538131625653,0.734622997013723,0.976395083801905,0.1688401527470558,0.9527850237179739,1.0660264420712462,1.3683153048155294,1.2603021964756782,1.1521088195539693,1.0287210080665499,0.8710875534523297,0.885432194123582,0.4114145062990392,0.6582744312457103,1.1234757854636563,1.3202395269377818,0.9119858060460138,0.764922136319646,0.6603077861695784,0.18953615418223987,0.04941354982094307,1.2238403766660564,0.7152656474404545,0.6369819192879137,0.3049000854005425,0.5726923302246808,0.787806425738702,0.5525122058101036,1.0560685886132861,1.9878045140425122,1.7160834979715662,1.4991758628801746,1.1937792069002497,1.4043301120172516,1.5442855328857135,1.35432705229918,1.6020178814075199,7.254328619247669,1.3267061582031123,1.5572677647609552,2.1285568586458115,1.5092409615452502,1.699221380612436,1.2165806139395778,1.1167952394714749,1.9856977349249434,1.2443820814300233,1.5045968178602098,1.5427565598655546,0.946939566760671,1.4286542596649663,1.1519893144407718,0.9764050282250052,0.9218980677275499,1.7405319550264249,0.8746031908667685,0.7487691696113248,0.8774148168908403,0.7845093529830932,0.531906693537527,0.4741806537811754,0.2832751286350858,0.7488615693884964,0.49152994906721464,1.100389981528405,0.8161854806857891,0.9569938075621205,0.35814161218288737,0.3940912048715744,1.2565825806345086,1.2274944807721957,0.3949233747207676,0.1853712853712799,0.9744235841168827,0.4620158331409819,1.082018047989042,0.9753522983505729,0.5063697736481179
ROI_061,0.7126394555875413,1.1487906516099713,0.9331827204655189,0.9384526611871136,0.7162973970434273,0.686811305704235,0.5251777493111855,0.9279085237730929,0.7724993625917786,1.209646112078027,0.9060813711237832,1.477901907283855,1.168297667761728,0.6434226341562322,0.6884329547889159,1.1352287528854423,1.0138398380605982,1.0051090125425375,0.8202138682182831,1.0486342833910904,0.9911853439191335,0.6975076010304347,0.7378812503587633,0.8942858719439433,1.1206823359609306,0.5038421453345846,1.1125180915351418,1.432180743404514,1.19798221818163,1.325583324273977,0.7795425475737809,0.8163909340492792,0.551651130400787,0.7834806394729678,0.3086033944580668,0.5360693812297016,0.8288400709147608,0.9244669041354482,0.5843960481637801,0.49118892962824817,0.29131469260665993,0.15890987556907793,-0.1604153964664443,0.8645597458490322,0.4376915478581941,0.29814109986739734,-0.029629709739917628,0.21712805077476735,0.40424097249146507,0.21910833578067052,0.7804227377224386,1.2169731315435584,1.3077301322844677,0.8325560976263869,0.6363849627819026,0.7618629684316404,1.0002943871742933,0.7470080211858774,1.276988301262172,1.3267061582031123,7.254328619247669,1.116392309988684,1.3495164889945002,0.7989049307250758,1.118687147758348,0.6554847665571922,0.6381026480612159,1.2319602646085475,1.2500373613496405,1.1227954296991267,1.119731703079597,0.9917644917567409,1.159059649683736,0.8977219273915142,1.7433515708458855,1.5112926980471322,1.2753217723286028,1.5181570284103563,0.6541001554500329,0.7009759505966412,0.7183346772671817,0.31236200402867986,0.3563135765342381,0.2994072123062716,0.9595142639218766,0.28944337795634484,0.7919293176714006,0.9005857290607399,0.997567363428713,0.03348766152991962,0.17502797323167446,0.9819460131408955,0.8917851393170634,0.2821746684100089,0.16466168526330582,0.6783786236548812,0.15885372702583186,0.7587817429866806,0.4924942055473258,0.23219318952874948
ROI_062,0.873000455927291,1.1569346904639768,1.2653542908022823,1.151951659105384,1.1035749929713843,1.18610172623638,1.0099165188309522,1.2462024066807704,1.2778015271691343,1.2711642931713232,1.1922946555227518,1.0874210127713646,1.7015540221156011,1.2729410181847647,1.435365584766125,1.3138414321822298,1.3115861889078588,1.227834225504627,1.4030782381857916,1.398527393073843,1.3262239734101926,0.9437328960302358,1.1598245284271986,0.6295593423007871,0.8213054992466878,0.10668654869041405,0.9000720019214695,0.9256792685590527,1.2427399893725988,1.227515391784591,1.166739667243121,0.839240944140655,0.8847868051483783,0.9363743430549596,0.47508678807710797,0.4947431031368422,0.9240335889748068,0.9990243293123677,0.9396602297425684,0.6816779732545707,0.7594975226118714,0.1580149321245243,0.07422720953852999,1.3149969355920474,0.7200463115018225,0.7035648059742451,0.41480743989327196,0.6476220405921802,0.7409637519325967,0.5291189915483953,0.9467523958617261,1.4054694786236686,1.1982320129057449,1.1571735366957752,1.0914790405696473,1.2626734056010172,1.1371086366208127,1.170984819938115,1.244865483400984,1.5572677647609559,1.116392309988684,7.254328619247669,1.7358033931540517,1.362577515878675,1.3411513254477871,1.3708581354819467,0.9456847477819036,1.7418001898054636,1.1400399613594,1.179601451000777,1.2300884548295188,0.9056569654702528,1.471384410972078,0.7383076492137919,0.7609410947540614,0.7449225670493008,1.4971142879697863,0.7672383204868695,0.5819625680424432,0.6471789261839502,0.8126227674640076,0.6249008978609168,0.5367182031756166,0.3191157803701926,0.6955728336787526,0.6074006380214195,0.8991392511285737,0.8558599957935148,0.7149895986090021,0.46017471983766645,0.45034227778249286,1.01041460151712,1.0587051437965471,0.29273270487132386,0.23908622279627068,0.9725451310509141,0.5538196918850933,1.2681112241796424,0.861185942607871,0.4542004525952168
ROI_063,0.9881950736807013,1.6455295713934743,1.5088066481404832,1.5253457320831516,1.2913888331317729,1.2578100676276172,1.0249684336485856,1.5401271904945524,1.413759719148894,1.6565304173400357,1.378197719261261,1.3062057821717277,1.762707680584705,1.2655466537275601,1.3192828496245455,1.7513111661524143,1.1989365367794234,1.3804280732182157,1.3299149023962538,1.8023812108637616,1.5549551038084568,0.8799385180565169,1.1137604512093213,0.7836687747354746,1.0155711552613522,0.19854965680559594,0.9734039379481867,1.1116419966289832,1.4404988286700162,1.3994501421666734,1.1915169660683689,1.0884176209498433,0.9562767454527769,0.9186465716875543,0.4663202938029606,0.6282293058123603,1.1252515118101092,1.4005809668993998,0.9771386974027566,0.7854859468330009,0.69634211892304,0.22801286771857565,0.09681381710582135,1.3301568709458749,0.7488558328783397,0.66814166226519,0.3461825384048803,0.6129861946054337,0.7580532960160641,0.5254460394293025,1.0413497941515237,1.9700543833775122,1.736253418150357,1.4671882415389024,1.1727169084084212,1.3931251299563345,1.4653835788501453,1.3407699497236931,1.5582375370183221,2.1285568586458115,1.3495164889945006,1.7358033931540517,7.254328619247669,1.5381351114039883,1.890418244209877,1.301370317077429,1.0596522559922508,2.0637765599850306,1.2802565663531298,1.503512446432839,1.6033898379763725,0.8793503735358068,1.48284612419034,1.039885827122072,0.9498961915748161,0.9142426203594691,1.9222059032095962,0.9213216785709751,0.7364079886110722,0.8771462486512143,0.7998671823910958,0.5344848653539067,0.5067479111367473,0.28473152661792134,0.7407379957526007,0.517933027644733,1.0397118001653012,0.8213141127263182,0.9392398466894352,0.3588696354493155,0.37959842457674525,1.1788635896550312,1.159425060405322,0.39450962248579485,0.18280361631898476,1.0004052008133455,0.4682002074991234,1.122352115206443,0.9313848088610442,0.5072113971901026
ROI_064,0.8882835599983187,1.4525223197474924,1.512675893188249,1.801499139526771,2.0415713342379127,1.8024448078721134,1.2944975676891743,1.6932961810391127,2.0662454398056043,1.3948926581687173,1.2681043913159462,0.8687057442872655,1.2731855913302188,1.7548401477308677,1.820026680583188,1.4683816165746295,1.026845443198498,1.2903805106333137,1.4306504646486835,1.824516345804918,1.3577268099650954,0.802975591363884,1.1050653720514685,0.507618024925631,0.6823436379170585,-0.03969499804460952,0.7251092956497037,0.7267385033492396,1.101742904819233,0.9711264479797901,1.2596552915278716,0.8999729706619334,1.1351563390191708,0.8834757054942629,0.5603222539598488,0.5421786120398706,0.9905346261343168,1.1287903943265623,1.0632323075645136,0.7728614164979615,0.9338735263666531,0.19141877953908082,0.2685996749828119,1.2015264812257893,0.9431815506444486,0.801146677112036,0.5939379407162029,0.871072931529863,0.9300499627689855,0.6395968027557315,0.8816520358800899,1.569182908216132,1.3894483914911415,2.139672394070962,2.0034164479190633,1.8444648884505024,1.6482641112121013,2.077716942465644,1.238140824313203,1.5092409615452502,0.7989049307250756,1.3625775158786746,1.5381351114039876,7.254328619247669,1.6083603030460674,1.9906931205646423,1.3023977792803703,1.6170781169794826,0.9835969273482743,1.3450495863951164,1.4377507423442573,0.7122186264833195,1.2099257958754641,1.0189405213209446,0.5194938847519874,0.47605549427691685,1.3902709879561248,0.5045513924517931,0.5343777311869874,0.6377710018974938,0.6885828511226829,0.687346176866053,0.5668631145972214,0.2960650687469871,0.5481397072559334,0.666201470855171,0.9476791673571507,0.6218999042773536,0.7595484202165919,0.5378545562114012,0.47614819191981356,0.9109936554062128,1.1731654483806224,0.31208834785405287,0.16460106320170254,1.0334825935850465,0.6402076732307032,1.2146621759585965,1.231059700932373,0.5903198700175878
ROI_065,1.0111712926784624,1.6261810007636108,1.4137749303534923,1.5639894783358714,1.3401219840266738,1.211751704674528,1.0509938035116022,1.5062473169012602,1.4144081809897615,1.6520663384813516,1.3654284116155282,1.1398773716104054,1.4068152624772778,1.3564523034946,1.4064303281239743,1.693003782787512,1.1091198921445713,1.373070699949253,1.2970226861881935,1.9839534766818911,1.7299096629475588,0.8676170676489627,1.142596868097389,0.8202658728875517,0.9639858686428184,0.17065212062363527,0.9719405213986353,1.0884317267143155,1.4361930059742516,1.3935617807335154,1.2290041359506931,1.106518095042709,1.090596239108628,0.9248400484330349,0.5317412957134711,0.6573573349953661,1.1795952954030016,1.4407510647409894,1.0566569204565612,0.8895313282320537,0.7717958057883492,0.23819952302019656,0.21352912553573916,1.2097728583480496,0.8375368454399679,0.7193278200708447,0.4447405518212055,0.6784837967380873,0.7117460407749713,0.5099408776298369,1.0131177070874886,1.7203803256908907,1.6985339293615478,1.5225518805837277,1.2038996798404917,1.326569428274688,1.5024589502112429,1.3670245125336629,1.5321106289409425,1.6992213806124354,1.1186871477583482,1.3411513254477876,1.890418244209877,1.6083603030460674,7.254328619247669,1.393583074099327,1.0830091112748752,1.7462765656050427,1.2687092359035486,1.591372771612621,2.1032056489455133,0.8139991856651126,1.3724786822787298,1.0904276243555042,0.8357112139463199,0.8117477610921229,1.8552594510618892,0.8719182620556113,0.7254733296452202,0.8029894328091699,0.8332740026965839,0.5740196980490304,0.5520911719970176,0.30825964618992396,0.7481841993835341,0.5797849238164646,1.0607225659051065,0.8316845050649294,0.9601860454759042,0.38516227237827677,0.3946471094565051,1.012136265639731,1.2157444780622182,0.3995711303134543,0.2112032249427791,1.0023283098408629,0.4956333260836263,1.1229680590651434,0.9071276102502355,0.5165476897903667
ROI_066,0.8439341489158187,1.1392244805042737,1.365096555645657,1.3547253706123323,1.602583622602454,1.6853516662883292,1.4679245866881396,1.4714984249404741,1.7949304876697956,1.2229509928539561,1.2852925829277573,0.777788162828289,1.2643804606445657,2.2497142292673913,2.6130457317534184,1.2310642283895559,1.0367174569020572,1.2593515843935323,1.5487261351513266,1.5456550014635313,1.3751346981967882,0.9099700107424356,1.28587178402083,0.4838339969253805,0.6086720243751287,-0.07270015674496118,0.7130303607103191,0.6422850652026327,1.0340969450442832,0.9399028227373408,1.2290281019959914,0.7875330502917218,1.2061897113244378,0.8769838821704414,0.633402268785304,0.4914732921365431,0.8594734768562664,0.9888748677478433,1.2155946719055273,0.8523343664932943,1.0828621640970189,0.21757031580189745,0.37107767387892016,1.1925334881678382,0.9681278885686723,0.9184053070072395,0.7566475522676389,1.0267085368096684,0.9652363344059678,0.7090990304504489,0.8031159596325427,1.231727790900555,1.048630331048983,1.4818720569156212,1.6921495459330962,1.6816758730333172,1.2677739590593966,1.628271193438733,1.0025145709083738,1.2165806139395778,0.6554847665571922,1.3708581354819471,1.301370317077429,1.9906931205646423,1.393583074099327,7.254328619247669,1.192570556568346,1.4020681544522804,0.8513856375034695,1.1281264594317928,1.288706547043893,0.6111562050658975,1.1113506819609011,0.7742530842000619,0.3857310881879707,0.3514343462727749,1.2551928458007715,0.4264006350157494,0.4273985736372001,0.49974257903358604,0.6423196532798052,0.7014668154960824,0.5650984198709411,0.2977211308118478,0.4672913450899198,0.7203302825201141,0.825064561169575,0.6363291644807745,0.6270233244708286,0.60596728737907,0.5074588075702868,0.7437098098052373,1.0151959449407886,0.2374028438904389,0.16390283606694883,1.0236185751254867,0.7433921187428135,1.2435319846147825,1.1611081590054098,0.6451151275665226
ROI_067,0.8426901097423996,1.069984499042671,0.9857348491629805,1.190787409932544,1.3886377498560418,1.36019181379114,1.390481950473889,1.0720553267475608,1.2078790149207401,0.9525551735727505,0.9063036031752935,0.5993471915297923,0.8635994173279189,1.0837757782740232,1.1437898348409197,1.073788442526249,0.814328608394433,0.8793838388675563,0.8921325620845529,1.2533115538655863,0.907095448863576,0.6977500165023515,0.8915518061409398,0.4354454892164814,0.5283827493057981,-0.1257806459950798,0.6484584045675001,0.6480078731747386,0.8223227141461777,0.7348256113674662,0.8468493634126482,0.8600081384932566,0.9112180182680938,0.6511035595831273,0.5395311084562033,0.4759696422183674,0.8593220750986396,1.0269065234937533,0.7889267741624133,0.8255072681481362,0.9030647224730362,0.16764430149863818,0.3411456880299625,1.177889347535871,0.7798634889813917,0.9780264990516235,0.6647035230053572,1.1155718216653323,1.166312523278231,0.9837648330033978,0.7717241088560667,1.0247033039055153,1.0130474571349957,1.3244773873702762,1.2737672836295626,1.3155425123082412,1.0166703994075166,1.1714302113136947,0.8999231879802726,1.1167952394714749,0.6381026480612161,0.9456847477819036,1.0596522559922508,1.3023977792803703,1.0830091112748754,1.1925705565683462,7.254328619247669,1.1421660726782512,0.7374797251921328,0.9640447086848494,1.0037276821860428,0.6038693827883891,0.9738511381434388,1.1158943238153511,0.4091810976402946,0.4170083813781875,1.0461297338922984,0.3518288126238958,0.5018601723190267,0.6948706193402968,0.552353785868071,0.5361751341676112,0.4704494799608435,0.31916155066436314,0.4717197732785916,0.6256363106589367,0.7678603551322936,0.5714265812169282,0.6011660146626895,0.637870068033532,0.4507501899378579,0.8390740613417089,0.989392557148608,0.362989263967052,0.14747919566177317,1.027357774501257,0.8481395839187066,1.0902742969659145,1.517501525910411,0.878506158435362
ROI_068,1.0414215141293284,1.6806983477603306,1.5077952623957338,1.6185698418146501,1.4447493407654755,1.386560143458588,1.1198785758278678,1.5484515574165774,1.5128049167628108,1.7452324449972514,1.3740545289054469,1.2478858726360424,1.7334651680789235,1.3478417048224673,1.3992243983415202,1.8512788218317884,1.38736129700863,1.4618531248761086,1.5301769087971868,1.8455824201240019,1.4698059639958256,1.0501733169724057,1.2439524186310496,0.7685545160323317,0.9806313956782423,0.17912283547596677,1.0819546897251378,1.0890433015167704,1.350381887899626,1.4145229687924306,1.2130610730103977,1.1289579681455215,1.0659530728766793,1.0942512418955794,0.5800886110936065,0.6343812280269159,1.1409103419029245,1.3467359243335275,1.08740796644032,0.8660813874101448,0.8501661272446127,0.1993210140930591,0.17668227547324286,1.3112824471709352,0.8957748914706162,0.7114470382550863,0.4537191504293049,0.7066211261375377,0.8046227191943149,0.5777454252634705,0.9987829356980251,1.7781442642466077,1.6580516703064772,1.5562267785827304,1.2727055503226863,1.4389606240954982,1.4610895675308238,1.4068079074419721,1.448630568453995,1.985697734924945,1.231960264608547,1.7418001898054647,2.0637765599850306,1.6170781169794832,1.7462765656050427,1.4020681544522804,1.1421660726782512,7.254328619247669,1.3609658232045234,1.6003546841530216,1.5468454011806914,0.952645393152611,1.5488495309081147,1.062022493647117,0.8628178763949038,0.8097266872158466,1.8297535300988832,0.8231549555025338,0.6652125110163088,0.800646027636786,0.852311813958347,0.6304447109120879,0.576886785201614,0.34814830946052006,0.7681787779817415,0.6229353278303205,1.094878857643986,0.8473523749355032,0.8933366713656002,0.4129883887277751,0.38253124480124423,1.097253561665208,1.2127844296294676,0.32279961207193375,0.1920002696187435,1.0418993822803946,0.5363603280710564,1.2784231071198955,0.9590695754755412,0.5314292851175144
ROI_069,0.7075844711260064,1.2114165444459768,0.9555194982610768,1.0622117852784896,0.8806488987020794,0.7619720502099231,0.5890238378845003,1.004204363448813,0.9295658764920195,1.3074198467310236,0.9118580805047509,1.117493163528474,1.087740524810993,0.8190475166757469,0.8579391886468811,1.2919201546763783,1.2000292491634705,1.1738718954567988,1.01010599473018,1.1662438247626257,1.0344159494383742,0.8234697949944463,0.8733464534759897,0.9018108983979412,0.8814478349684035,0.26816203851206594,0.9264631673431413,1.2192107070596343,1.0377144433325471,1.2270324194722657,0.8495836429192799,0.9183612499607436,0.786168270652514,1.2888812462759378,0.5096808661948868,0.6719842611826417,1.1168136947722078,0.9539818466030635,0.7772050188117169,0.63137963554595,0.6494845190945834,0.028721769694738688,0.02548042299198775,0.8002437693868365,0.7023883202358057,0.3986470926361616,0.2651012780608403,0.3860077847940477,0.3181492706507382,0.22038620165367645,0.9279275679585177,1.2814767204815662,1.4513821864473277,0.9670158767298963,0.7571984172404033,0.8260268845843983,1.0247194022137498,0.9181331260609106,1.3229335721005757,1.2443820814300233,1.250037361349641,1.1400399613594,1.2802565663531302,0.9835969273482743,1.2687092359035488,0.8513856375034695,0.7374797251921327,1.3609658232045239,7.254328619247669,1.5750570510284372,1.22123403145439,1.2046500270395026,1.375900024981301,0.9375975568415245,1.0678009093595802,1.0056226442163554,1.3541272866766838,1.0068551793882994,0.7143783446260128,0.7411526483664647,1.297126195167295,0.8240696466937627,0.7275276673011322,0.5895205088047152,1.2330919343013333,0.7047165434778542,1.0551623755991844,1.0135826213912096,1.1960829089473688,0.3238957830025611,0.3271328687151004,0.9079887287341541,1.20355304382621,0.329372716827106,0.3716043869086527,0.6870322184679248,0.25891671777999226,1.065638420707775,0.48907970063798306,0.22364758670910154
ROI_070,0.7876602063721793,1.7419680396636048,1.3908248595874158,1.5067032084642848,1.2360011379251015,1.0780366128391432,0.8147525502871197,1.498907655473277,1.2912098559263385,1.8153324649346294,1.213143716453375,1.253989866711812,1.2724245150231122,1.1669055574504281,1.1209681069167476,1.6510602376954444,1.2461552748736873,1.6337333955823035,1.3737399728120687,1.6209628561747973,1.3465909634707287,0.8990983652842002,1.138431845486794,0.8740905614181461,0.975651656141128,0.22438385402505762,0.8568827340242556,0.9564507255546694,1.1978029514196142,1.2313795983553033,0.9876386100056189,1.0023949310928268,0.8726449784369401,1.3371906949095032,0.511466702134294,0.6180702840086939,1.1246393184291865,1.1170459561774162,0.935128901009893,0.7749056222498791,0.6880636732626344,0.08256734032772366,0.11478792855751017,0.824125231714486,0.7346983709624448,0.4352424095181389,0.3180153251398018,0.504568459620169,0.5229582546206095,0.3465279316262596,0.938010502813987,1.7551511583031725,1.7343910086480936,1.3984440128779925,1.0830710783100872,1.1975936563750809,1.483414937627237,1.2863872920019375,1.5066081456939182,1.5045968178602098,1.1227954296991267,1.1796014510007768,1.503512446432839,1.3450495863951164,1.591372771612621,1.128126459431793,0.9640447086848496,1.6003546841530216,1.5750570510284372,7.254328619247669,1.5535139058681746,0.9508326895274758,1.3546652759875226,1.228532424523625,0.9116963075635044,0.7734061262605042,1.6093108173345803,0.8557815917695817,0.6277356644814671,0.795086592456677,0.8690573379610514,0.6767979175405426,0.5140650504677172,0.3305007529168796,0.7859309892117473,0.5440213173144731,1.1215335179663424,0.7423161872929301,1.1711040241378596,0.2701054682484097,0.310004178034041,0.9763190555322224,1.1900337108784023,0.2730719285667751,0.16590213814326624,0.7082911487510835,0.265925216436371,0.9794237274610594,0.7468272267058654,0.34542837265057497
ROI_071,0.8812007665069527,1.6393962275370226,1.454700747286129,1.5167162080806784,1.2762107451303328,1.191067797545147,0.9745760197576164,1.5363710280067897,1.405727908353041,1.6094371672887944,1.3029440470454785,1.1589119400432701,1.2554123538465596,1.2613423366027967,1.334060377898495,1.562259478488219,1.0817715538955117,1.4759107693948914,1.2395550842229113,1.9518487704458936,1.8407197351873772,0.813645636613345,1.0313294884957542,0.8087493066637441,0.9734137625322368,0.19942098627876884,0.9831238020237695,1.0517582271077426,1.5051335093171343,1.3077936791255975,1.0372308221403728,0.9099249732669792,0.9095708585237975,0.9361339641279023,0.44737889208177634,0.6727447064809011,1.0730588454380818,1.215779747966329,1.0283411372323048,0.8603171469567737,0.6682853507727783,0.19371193426467087,0.1395391076988882,1.0246930167136008,0.6917073849208878,0.6035119300046653,0.36583510723626317,0.5742880006633911,0.681538020072286,0.479404917705768,0.8623812613638819,1.6013291108681103,1.6057905000291985,1.4289280398129565,1.1620985943796875,1.3219508360339494,1.60089717207474,1.3556798002377992,1.5060936806300758,1.542756559865554,1.119731703079597,1.2300884548295192,1.6033898379763734,1.4377507423442568,2.103205648945515,1.288706547043893,1.0037276821860432,1.5468454011806914,1.22123403145439,1.5535139058681746,7.254328619247669,0.7963518941212347,1.2264239903608325,1.0990894491565018,0.8694550455483551,0.7917008193620134,1.7563234294820171,0.8836287869587254,0.5503296364411853,0.6774316906579376,0.752443374902406,0.5193228684994919,0.4351926347761426,0.24007851207959086,0.73286778585345,0.4902517993504374,0.9730761751234124,0.8177813862290357,1.0542334517979075,0.28568836378333407,0.3520052145996788,0.9413871786917336,1.1647579323868866,0.2640560592913214,0.1505045343306759,0.872507998112835,0.39575984528002567,0.9687823894669151,0.8767997728923435,0.4920603517993845
ROI_072,0.5587660567620876,0.7733544061545947,0.6614508486949121,0.7111416328842218,0.5969694294547964,0.5859203294336274,0.40400966289756224,0.6354086531122891,0.6243827576179294,0.8303122608229986,0.528011703873218,0.7937496368552681,0.7159875084475843,0.5365949896775652,0.6220726917583599,0.7836973083022957,0.8456366225837026,0.7288843275963879,0.6934009459596122,0.7220732263085164,0.6699480090275948,0.5948684094002921,0.609387353669326,0.568309609419167,0.5568509713749537,0.13197389663959852,0.6627811097236743,0.8355675275238758,0.7907831461122298,0.9610126244010274,0.646219839789819,0.6373848301401319,0.5297645452419918,0.8044407744531802,0.25761722237775586,0.32372884518776074,0.7275864712695465,0.6310745825153439,0.5578511534151636,0.37375468589964866,0.41609673671855657,-0.03863621004398057,-0.10439553820585136,0.663256761098519,0.43824766924022734,0.3100953129002279,0.11585761679822554,0.1985151840224577,0.23258149052513066,0.1381170449423248,0.9285810773075597,0.9256256455226306,0.9053364149465476,0.6582514811270167,0.5964469376282009,0.611898709689593,0.7514725892052756,0.654021326989833,1.0966035236193308,0.946939566760671,0.9917644917567412,0.9056569654702524,0.879350373535807,0.7122186264833196,0.8139991856651125,0.6111562050658974,0.6038693827883889,0.952645393152611,1.204650027039503,0.9508326895274758,0.7963518941212347,7.254328619247669,1.2404056824469651,0.8366335524150403,0.8815181489972932,0.9059515355862441,0.883911695596162,0.8463560610511509,0.7083877053947526,0.6209953054755036,0.9054713117700411,0.6443619067371237,0.6488838254630046,0.48822737426351187,1.0635413053612803,0.6227230841638904,0.6980859621545638,0.7230317163886114,0.6954399221654064,0.3227646080610691,0.501290676898764,1.0138278857169742,1.1756512017203944,0.29637204382218024,0.5501860182114623,0.5737039817917093,0.24650261380764493,0.8771850953696037,0.3752049775530077,0.08775046676625456
ROI_073,0.854613324791598,1.1851585134325844,1.095716837356653,1.152856107232499,1.0164756523231278,0.9789861281675812,0.8192178108225818,1.0734023985815968,1.07639614626015,1.2545050260931294,0.9569493888853174,1.052269768915216,1.2163931510175212,1.0290115457970606,1.1043305641237342,1.3017353304015367,1.2228278131645942,1.1266357967728142,1.1462547917668446,1.2622541051819167,1.1054903142965835,0.8874729296328043,1.0714078619914782,0.7164046482066738,0.7586705590842506,0.12810342914338946,0.8791962275171524,1.0143552584789015,1.1933174498690509,1.2628812809260495,1.0274248284785668,0.8848729885258605,0.8982494624696058,1.0177473250947768,0.5196482084455802,0.47110807221210105,0.9765997533310726,1.0220580376837245,0.8232985492677509,0.6190351766118518,0.6794319086986922,0.05551745520383584,0.06045847239449267,1.107911929225459,0.6992897188252051,0.573920886531086,0.3338050939543509,0.5626972723946257,0.5526418265859318,0.405401941470884,1.198254479379594,1.4716689872704005,1.3744851385631371,1.1144323027248568,0.9908803827142593,1.0351150554617885,1.133323873553761,1.069035818546876,1.4823569656744358,1.4286542596649663,1.159059649683736,1.471384410972078,1.4828461241903403,1.209925795875464,1.3724786822787298,1.1113506819609011,0.9738511381434388,1.5488495309081147,1.375900024981301,1.3546652759875233,1.2264239903608325,1.2404056824469651,7.254328619247669,1.0029460343621168,0.8776000103826298,0.8673491379222052,1.376134705747336,0.8721614348729738,0.8237268558259173,0.751074476495823,0.9325450499555938,0.702221005062878,0.6994888733391351,0.46651240705615776,0.8893312763511761,0.6750538696951482,0.9160171653506233,0.8217976344335521,0.8105207038165756,0.4408210651378567,0.6157064248234558,1.184535204710283,1.3554924334717242,0.44659020402870203,0.3920032540751371,0.8915297642474015,0.46169782186297015,1.2835424449724573,0.7354020273189676,0.35783995875810687
ROI_074,0.7035518295939451,1.2913724889968838,0.9701174036766659,1.2054257112233158,1.0384066014922968,0.895280758055989,0.6825580575972447,0.9975484742602814,0.9173436460405193,1.0758271077866868,0.7753157735558501,0.8496458850039654,0.7593752844053628,0.7463527443375221,0.7342251753394199,1.071014106078714,0.7368574434943865,0.8956578708576841,0.7618145543597985,1.1341281914258874,0.8330634530186256,0.5446126485115848,0.6975711930867429,0.5880066691972098,0.7227954049050951,0.131369078598611,0.7071217734775629,0.7668801530991476,0.9046522388071812,0.8352519085897603,0.6783631805934776,0.8340212557030157,0.6200244779042798,0.6886477602716258,0.30650670136630115,0.49243630619456025,0.9247082679393127,0.9601876357588001,0.6110118097689985,0.6078803628276999,0.45028316352866893,0.09906767408741032,0.0540319899183453,0.7054832463054863,0.47837514871605685,0.3981134068850048,0.1908613228016441,0.44827083618407476,0.6175437050581094,0.4572948331647074,0.7729100293974782,1.205067377637469,1.2671040458286305,1.1979786691387353,0.95359112950937,0.9481221761597585,1.156588118458217,0.9878155259859717,1.1859094513751454,1.1519893144407718,0.8977219273915142,0.7383076492137919,1.039885827122072,1.0189405213209446,1.0904276243555042,0.7742530842000619,1.1158943238153511,1.062022493647117,0.9375975568415245,1.228532424523625,1.0990894491565018,0.8366335524150403,1.002946034362117,7.254328619247669,0.7922605887078844,0.7082087170629618,1.0622069291231069,0.6794708121344888,0.6066692040421579,0.8633451925629397,0.5172714917224918,0.3847668845803416,0.32852321751042723,0.21848589120012593,0.6303419159209704,0.34611983192742013,0.8526832079772192,0.5247083340626397,0.9305503276246522,0.23539931401356542,0.2858867491177038,1.0069751799226834,1.0654003071785734,0.31450490640165407,0.09137873225884732,0.632426443683784,0.2831165959452101,0.7180767068819568,0.8436959924376942,0.5025262917247337
ROI_075,0.5508583074743154,0.9348934153440702,0.7072722051355668,0.6984317143883105,0.4643779322274067,0.42617120178005596,0.2907709560985973,0.6822324724955684,0.5176497929423914,0.9134116479143027,0.7043608714046021,1.2955336671865243,0.8416712721616472,0.39901668070469365,0.4145305083453715,0.8882437252403239,0.8176042812721326,0.7896721856719877,0.5954945913871974,0.7661536906443638,0.7585843147002581,0.5428485381117426,0.5239105345913617,0.9910991854036946,1.1607793491181464,0.6966972690442318,0.9213099373113133,1.2269765706358908,0.9573730748000675,1.0057716284693452,0.5213745860287411,0.6780460269815962,0.3303372815982492,0.6681718926093712,0.19107604744433052,0.5604211441239589,0.7367991435233898,0.734089698065813,0.3750152925968815,0.3651654838371771,0.10113110740593863,0.12509984060194854,-0.28833050204876176,0.5558892314648617,0.24078843543129339,0.0768560339517897,-0.2218257802755868,0.020934515437582537,0.20230071340040431,0.05616594059619403,0.6494913531733301,0.9421355176176897,1.0384085397392198,0.5880498016051371,0.3796660117158015,0.5057824741770267,0.7682193821537693,0.508549498544358,1.0170718055673318,0.9764050282250052,1.7433515708458867,0.7609410947540614,0.9498961915748161,0.5194938847519874,0.8357112139463199,0.3857310881879707,0.40918109764029453,0.8628178763949036,1.0678009093595802,0.9116963075635046,0.8694550455483548,0.8815181489972932,0.8776000103826298,0.7922605887078844,7.254328619247669,1.7167839364776727,0.957616712209588,1.6137450170063836,0.6361016345798913,0.683371780165545,0.6322836785544876,0.18143601620579214,0.21155609712862952,0.24428063290585247,0.8581605897139019,0.1072747182679454,0.6986894717992376,0.7791615433563376,0.9842778584451227,-0.144531377823536,0.0417866042298583,0.853740605466064,0.6523529962415718,0.23953159936392074,0.12622191763241605,0.40613314332797285,-0.06297013357524316,0.4719758377421273,0.2739297267403698,0.09818687095141689
ROI_076,0.5678238738068443,0.7621018958787862,0.5513197752211579,0.5801237597961082,0.3913397310580428,0.35349295692005406,0.27006520647429794,0.5334686625006528,0.42878179914811154,0.7582517852878901,0.5524455423232176,0.9625990665303708,0.7280933375305932,0.3278337165567004,0.3834330469301673,0.7705141537907801,0.6560940541627615,0.5920687481743975,0.46729321037427674,0.6820494688472618,0.6675779450053234,0.42326457939396034,0.4378881460489553,0.8350786813614761,0.9075570927844732,0.4988989538121085,0.8106838117691457,1.3086599559418035,0.842910472388442,1.0019651601233093,0.4830074394219281,0.6963398674601708,0.34016799026000427,0.5133203205072004,0.12002557132422942,0.4990520935727126,0.743847662413938,0.7622755468407723,0.3475173260241372,0.3658221437152842,0.1418670963996396,0.07352164393520713,-0.278364431736406,0.6581004610132285,0.229784815396653,0.21372536310475257,-0.14881792815816203,0.03799295269754076,0.19746847686684185,0.11938506593290225,0.7468435177196442,0.814403061658587,0.9245023933005769,0.5055663545498231,0.3152855671378174,0.438784879840409,0.615649493203514,0.42398575282326784,1.0008611689746962,0.9218980677275499,1.5112926980471322,0.7449225670493008,0.9142426203594689,0.4760554942769168,0.8117477610921229,0.3514343462727749,0.4170083813781875,0.8097266872158466,1.0056226442163554,0.7734061262605042,0.7917008193620132,0.9059515355862439,0.8673491379222052,0.7082087170629618,1.7167839364776727,7.254328619247669,0.8909999314169669,1.4411845240907388,0.7898086586000094,0.7909033199568198,0.7546696674286165,0.23217126859084794,0.33529413649819895,0.3105514065628172,0.9714054404817085,0.2325520304887354,0.6944072625700373,0.8433170053404344,0.8233285186474796,0.026334627936302216,0.15183551628195863,0.8999368683222032,0.7176768666750408,0.40723524886931567,0.3375784705654847,0.5033571240333061,0.08066312031063513,0.5481157708812808,0.2657108437958747,0.11905239679045913
ROI_077,0.9184285923712234,1.7097050132282285,1.4112501902198644,1.4941828801524917,1.2589068765754878,1.2013819464448874,1.0103688753077813,1.5637538673589737,1.323525533531375,1.757954105302291,1.4132089395470628,1.319473758163301,1.5908989461933425,1.250139676358923,1.2823473241374046,1.7252041800329059,1.2930608270053536,1.4991285501608602,1.3745106206257998,1.8378512353250878,1.6413741083611832,0.971696410004649,1.2021347474342943,0.95580451535367,1.1256499022275956,0.22892926064160088,0.9894954225909016,1.2049585879804963,1.5653300800594645,1.4901738326169123,1.1068179273265002,1.0356946442112762,0.9390987006162945,1.039914638600484,0.49930428643521224,0.6582672363740948,1.1147056630344963,1.3033869423192346,1.0099199472918414,0.9174837342460336,0.7592978023137568,0.19561312049924978,0.1473128155396445,1.141934007218528,0.6934520817010456,0.6313415759630222,0.3995708562324215,0.6195134205939665,0.7139318854004455,0.4948434320662628,0.9108628119353903,1.6637844783009237,1.6426045857461062,1.3720790923003714,1.0932570013656517,1.2805233022324236,1.4075878984970505,1.2641579799193332,1.4673720440193576,1.740531955026424,1.2753217723286023,1.4971142879697863,1.9222059032095962,1.3902709879561248,1.8552594510618892,1.2551928458007715,1.0461297338922981,1.8297535300988832,1.3541272866766838,1.6093108173345794,1.7563234294820171,0.883911695596162,1.3761347057473365,1.062206929123107,0.957616712209588,0.8909999314169669,7.254328619247669,0.9468495910501683,0.6399808624769369,0.7842942096327854,0.8858095273662837,0.6032484927825138,0.4639553396748226,0.3273856058480369,0.7651576756887957,0.552741769669066,1.1224987463321805,0.9558434254001087,1.0531645394632698,0.3432304029376298,0.32447903674476547,1.0396742829482888,1.175775863730385,0.2862125616073541,0.19708359312638035,0.8829203969607217,0.42765863079122207,1.0640446088720443,0.8419103949670734,0.5131276369054529
ROI_078,0.5437414267417164,0.7962653042064874,0.6550741926259583,0.6177739336178729,0.4036452482107296,0.37324913037938,0.28287405272558735,0.6314349782216313,0.46142261799446427,0.8899947032129348,0.6951678894469779,1.2279021559566003,0.8437557178588522,0.4324029004552318,0.45472307482846736,0.7779782654894315,0.7523773271575412,0.752582197999119,0.5920450940363922,0.7253274433256455,0.7801086193555841,0.5760713640579536,0.6240998368571458,0.9849953391001313,1.0468143984428033,0.6216728466657567,0.9595533773287354,1.232817770134126,0.9269410818096542,1.2335333521616036,0.5498895462355875,0.6613254752989786,0.3677026247621914,0.6183661044581517,0.15194624170062418,0.41969344058661673,0.6451468264400533,0.7017024085626977,0.47583685573769985,0.4389228684440675,0.12667279817074692,0.19411919252588816,-0.18470810049310118,0.5800226546108622,0.23485009747013033,0.14480399458913387,-0.14430408859309504,0.025090939846834238,0.13324599181817912,0.030121496969822067,0.6403672261035305,0.8533017559370581,0.8799785211816499,0.5123000015789094,0.33641628571902155,0.45469573983196826,0.6700667197965187,0.44369133710026826,0.9583806510865017,0.8746031908667685,1.5181570284103563,0.7672383204868695,0.9213216785709751,0.5045513924517931,0.8719182620556114,0.4264006350157494,0.3518288126238958,0.8231549555025338,1.0068551793882994,0.8557815917695817,0.8836287869587254,0.8463560610511509,0.8721614348729738,0.679470812134489,1.6137450170063843,1.4411845240907395,0.946849591050168,7.254328619247669,0.5755703965212414,0.6029523789406462,0.599324033218126,0.17381280404332766,0.23650716592612775,0.20672590100721097,0.8686904424180389,0.15813415597401706,0.5976969752280794,0.7642658035814002,0.8484579127756033,-0.11766929665292143,0.0669228125000754,0.7375723507008136,0.68104649032457,0.23027193285650985,0.16995979801387487,0.4288313718298512,-0.017636287707390053,0.4968328689944974,0.2013226583552047,0.07986583881600558
ROI_079,0.6612594351415431,0.5924070013372322,0.4553616074706592,0.5227133997940605,0.4383205451602751,0.3716603869284926,0.3377512955256873,0.43032018639993175,0.42203266355320995,0.5338065835333383,0.42503307314588873,0.487417880054051,0.553483421999361,0.40342900567328605,0.42204627443084386,0.6389144513534218,0.43481862912597613,0.4049843384266967,0.4188997049998431,0.5476097629185541,0.5111359317021009,0.3209605581443297,0.4009656955600263,0.5048187948539542,0.43400787596001267,0.06495555277593212,0.4421296008599352,0.6649320975539099,0.5597826727853387,0.6285231544305112,0.5884936760116802,0.8109501232092012,0.5454517427625829,0.37857016848169167,0.26121502611758507,0.45575537146663303,0.7596170334387086,0.8465246406621062,0.4107865946274578,0.34630574773517375,0.3722313809253978,0.03243881967844452,0.025079945929003835,0.6473514835667048,0.5158056127931345,0.4382911352422403,0.16794686870283754,0.2651333217086124,0.22920230003603664,0.2314123507184715,1.0360458808466402,0.7139927214842091,0.7338631232501328,0.5208190275015536,0.4098651272533893,0.439924265623391,0.5047016302481532,0.47125574758645483,0.7930606616271499,0.7487691696113248,0.654100155450033,0.5819625680424432,0.7364079886110724,0.5343777311869874,0.7254733296452202,0.4273985736372001,0.5018601723190267,0.6652125110163088,0.7143783446260128,0.6277356644814672,0.5503296364411855,0.7083877053947526,0.8237268558259173,0.6066692040421579,0.6361016345798916,0.7898086586000094,0.6399808624769369,0.5755703965212414,7.254328619247669,0.9910052970538737,0.7370686042723115,0.438134372212656,0.6549505686445969,0.3879060417845995,0.6728800094805999,0.4481829369246369,0.7570008148289015,0.5091945702196614,0.49274121972572743,0.42241724214564264,0.5534940229433049,0.9921475579344632,0.7523684611926228,1.0033383308269144,0.5392950487213357,0.6203773076364342,0.3395166728229082,0.6275575448511673,0.35495751605260256,0.2338035874927689
ROI_080,0.6889715945726542,0.806328818654229,0.6633704432086016,0.6692888421782147,0.5755324920860141,0.5398208509583532,0.4793870169990382,0.6025194498877369,0.5572022514162169,0.6833808640471103,0.5535203679729555,0.6297172408397833,0.6580919018637787,0.4924393053354531,0.4774247785952851,0.7843102260837965,0.5252832632504832,0.5430563364393682,0.5203041052423801,0.7120351770710549,0.6476394572508489,0.4055641841281841,0.5275141171212391,0.5730389912795357,0.6365620943676971,0.06927671928658484,0.45297066546860065,0.6120053949940718,0.5942268749512625,0.6646623139766953,0.4642571761671978,1.1057580699101857,0.48340368026575303,0.4521614165928962,0.1408756108408609,0.5274536796866379,0.9502617616951555,1.0067773656458716,0.45694998678307586,0.5595115453158057,0.4168148211622474,0.010844198907621956,0.00046679237456071393,0.6453469896038555,0.4131005530124695,0.4632608675588541,0.20861676083903657,0.3632529566817922,0.43169504123856983,0.4510328268469971,0.9213914527628984,0.8428189368618709,0.8535386340285774,0.6966512351835024,0.48239175673053025,0.6032167322982415,0.6034700612026065,0.5623490150698904,0.8405357647483862,0.8774148168908403,0.7009759505966412,0.6471789261839503,0.8771462486512145,0.6377710018974938,0.8029894328091697,0.49974257903358615,0.6948706193402968,0.8006460276367858,0.7411526483664647,0.795086592456677,0.6774316906579376,0.6209953054755036,0.751074476495823,0.8633451925629397,0.683371780165545,0.7909033199568198,0.7842942096327854,0.6029523789406461,0.9910052970538737,7.254328619247669,0.5879521681809065,0.2977722268008651,0.32678824908246723,0.10837289666124895,0.488397029129369,0.29624292572337824,0.9704563377244555,0.4332227302291371,0.5978696823653903,0.3410295863962467,0.30394828516848094,0.9890634218003587,0.6912400505908012,0.6593997509545986,0.1568782069966082,0.49483877541091537,0.2763345808037985,0.569473015367597,0.5661717003118545,0.4477671505519372
ROI_081,0.5613896785261974,0.7170267358278853,0.5275963432715398,0.650020785353454,0.6040135298068455,0.5164651490410578,0.45360614580958447,0.6012033338692095,0.6083441920988477,0.7635815793413891,0.5585960401572279,0.595714930805721,0.6911177310351798,0.5803474774607094,0.6401565433517059,0.8288813016615817,0.7954089522917753,0.6885387502476715,0.657449838853535,0.7319172453913186,0.6828539315477522,0.5658407691387407,0.5750308937936575,0.7229444384676962,0.5518568092552866,0.0787605089820754,0.5505294149112464,0.9590860670923045,0.6361632266949734,0.808365022552274,0.6479929032337725,0.7447710396071383,0.7060606826316594,0.896033101817836,0.5100401568068881,0.5994115958845415,0.8704263695464073,0.7146016061523478,0.6314950742589083,0.5647711393602654,0.8063780580810341,-0.11714336147250046,0.11957224211224006,0.6781534270280744,0.6869688349414428,0.49766580357103757,0.45377864650546607,0.39488885533801293,0.1930178960859298,0.19271997525725473,0.7640011356624666,0.7303314363408067,0.8581001379300003,0.6139710324432287,0.5074637658564826,0.5244820130747414,0.5825536445062091,0.6160004440201422,0.7950842709917273,0.7845093529830932,0.7183346772671819,0.8126227674640073,0.7998671823910958,0.6885828511226831,0.8332740026965841,0.642319653279805,0.552353785868071,0.852311813958347,1.2971261951672954,0.8690573379610512,0.752443374902406,0.9054713117700411,0.9325450499555941,0.5172714917224918,0.6322836785544879,0.7546696674286163,0.8858095273662839,0.599324033218126,0.7370686042723115,0.5879521681809065,7.254328619247669,1.22948197611085,1.0038764737438475,0.8714888163477422,1.1994156297587135,1.1360328997963203,0.961009327427153,1.0964279342541707,0.8328788110302933,0.630032124719564,0.4426633023214419,0.649135434788711,0.981356575190878,0.41957583043500785,0.7297372249697253,0.6250610224595835,0.40482539139116597,0.9926942502582501,0.3020378712055582,0.14645640197612123
ROI_082,0.3518845918049416,0.5136028213573749,0.4414313310165064,0.5617142680324847,0.6322066240177086,0.5583032044638562,0.4413269979908944,0.5299703703890848,0.625258764895336,0.5564918898380541,0.4082039653638163,0.28932926687738153,0.47065380403298956,0.628361846081205,0.6708226455672456,0.5896772006480491,0.5957114590199376,0.5642680504667207,0.6169992155653699,0.5768009091289777,0.4808672384724519,0.4634839042167348,0.5193386636419808,0.31807872350042604,0.2073412668119903,-0.23662860462689062,0.25834661249679447,0.4550757677821411,0.4003602745517883,0.47308932820053373,0.6014291530017023,0.4466263291812114,0.7089421038037405,0.8223904233157461,0.5689529938759191,0.4287601844155232,0.6183631225951441,0.4234077961025204,0.6156965510915264,0.4403588098858178,0.9913815778663944,-0.23324191138309702,0.2337891975930445,0.4845983828780072,0.7483541240884676,0.47904377414683647,0.6740591091746557,0.4918616997586638,0.18519661924851707,0.21029554659673022,0.5572013142695931,0.5461635409092982,0.5739985834069853,0.5788468690596783,0.6161490116750943,0.5459100183408083,0.4962388011280057,0.6654532712300916,0.5598393523677617,0.5319066935375268,0.31236200402867986,0.6249008978609168,0.5344848653539067,0.687346176866053,0.5740196980490304,0.7014668154960824,0.5361751341676112,0.6304447109120879,0.8240696466937625,0.6767979175405426,0.519322868499492,0.6443619067371237,0.7022210050628778,0.38476688458034164,0.18143601620579214,0.23217126859084794,0.6032484927825138,0.17381280404332766,0.438134372212656,0.2977722268008651,1.22948197611085,7.254328619247669,1.123293829948762,0.8744938912887033,0.7484591298552108,1.4750856442868112,0.7292785221560613,0.6602190506901361,0.5828161310911291,0.8801683052881414,0.5995409760311693,0.43224448476931554,0.8520461385487339,0.29389424432870026,0.7230745412892656,0.5480886343395858,0.4874915672619583,0.9319894217760133,0.3327107471050571,0.1494284868152054
ROI_083,0.44522657644250235,0.3933582095694256,0.33073121748991796,0.4584625870355976,0.5003611810551678,0.42060956105798947,0.3774242155848724,0.36988415413937353,0.4973661235387331,0.4442894499064036,0.30501250065191965,0.22633152333108833,0.4039484394211466,0.48602394341813354,0.5376667083208865,0.5045780836151808,0.4327457345409727,0.38822822767963244,0.4403044182299612,0.46002679674512126,0.3906700974947649,0.3693490213942382,0.39494215792523735,0.21769442737996525,0.11247970786593672,-0.11102453718074073,0.4274805705232855,0.5352508906551552,0.3520776956721206,0.4581066240670715,0.6058630692242013,0.5112135343034307,0.7538150061540958,0.5605983439391853,0.6617287966469397,0.3870360659637535,0.5750169565418803,0.44159187283247986,0.5518289066350831,0.3317703285599513,0.7492651989449207,-0.008605676856256794,0.31221287575640916,0.6191027225480775,0.948224718016481,0.584130260014701,0.5781401124449463,0.4692988541846066,0.1654940431024217,0.20834470269620162,0.6793442451912237,0.4673607375049211,0.5244700368263236,0.47185456040480395,0.510250996713892,0.43154322641174325,0.4045831929570229,0.5298921148273804,0.5403231022313574,0.4741806537811754,0.3563135765342381,0.5367182031756166,0.5067479111367473,0.5668631145972216,0.5520911719970176,0.565098419870941,0.4704494799608435,0.5768867852016137,0.7275276673011322,0.5140650504677172,0.4351926347761426,0.6488838254630046,0.6994888733391352,0.3285232175104273,0.21155609712862958,0.33529413649819895,0.4639553396748226,0.23650716592612775,0.654950568644597,0.32678824908246723,1.0038764737438475,1.123293829948762,7.254328619247669,1.124504610666761,0.941612545697131,1.3799017836603256,0.5385710525800368,0.6310904602418835,0.4499770206648677,0.8028306075812918,0.6617374065506876,0.46221979612869657,0.7839236014613347,0.5536750256400508,1.0042166904029923,0.7852303138394845,0.652896749799494,0.9814613695988987,0.2897447365427446,0.13636056196564483
ROI_084,0.22544102374498326,0.23804832435026707,0.12265628432057434,0.27088548667456297,0.2921913269674798,0.2131498696768601,0.1981020386890833,0.20349830215057177,0.27662937268612287,0.2944175677567735,0.1961720427295984,0.16019344884801517,0.24407255235804093,0.2349796735484494,0.268557220344024,0.32184730613413304,0.36745412100896463,0.24079251490127204,0.23685294272035262,0.2839514794684963,0.16180463527274613,0.28622853178484375,0.2293273172106182,0.2571679937357163,0.1221866825898612,0.09254111847868014,0.38673045584661603,0.5624602549670512,0.2106951317628045,0.27121379510197324,0.32873443110628964,0.2643703862052742,0.49292743156663993,0.4537190202297787,0.6781047052824496,0.401051597315906,0.37740006667788617,0.21878287167000712,0.26483834815112833,0.1802214699125213,0.5044991835093099,0.007359108656146174,0.22802636540268792,0.38703373702696164,0.6206940181396731,0.3339501249243214,0.39135674032948964,0.3607250183241916,0.037474087977742015,0.09986542230998939,0.32181517489882144,0.25409065949086446,0.36272940708746443,0.24453722607309009,0.2616448189722489,0.19558530347137523,0.21555793478163526,0.29328771437461154,0.30250529956917516,0.2832751286350858,0.29940721230627154,0.31911578037019256,0.28473152661792134,0.2960650687469871,0.30825964618992396,0.29772113081184776,0.31916155066436314,0.34814830946051994,0.5895205088047152,0.33050075291687964,0.24007851207959086,0.488227374263512,0.4665124070561577,0.21848589120012593,0.24428063290585247,0.3105514065628172,0.32738560584803694,0.206725901007211,0.3879060417845995,0.10837289666124894,0.8714888163477422,0.8744938912887033,1.124504610666761,7.254328619247669,0.869475957805103,0.9623685435447393,0.3583808030106421,0.7511395393463723,0.4649126868390232,0.5324572167591436,0.31775573296328063,0.2113727477120316,0.4944206364227218,0.32924628167552733,0.7577174906464287,0.5013986751703985,0.42789173933504904,0.6754540777443522,0.09674848427393294,0.07715270525417106
ROI_085,0.4888762662494411,0.6422888465094516,0.4609159647689201,0.5580409451156909,0.4622223397354215,0.39325549813754224,0.27434215009898383,0.4827354190149179,0.4843411362941404,0.6925451204558475,0.4349452811397376,0.6325660024542731,0.5731111750944481,0.3913149408340688,0.4756745714287885,0.6854971884424342,0.6312837753727589,0.5873510854142817,0.48015463816589754,0.6404200754382263,0.5651310980775875,0.39272982043787874,0.420762002618278,0.5716052021292064,0.4980249501090305,0.2307929648075191,0.807001782590879,1.1706776521124787,0.638543159340837,0.82605909509143,0.557247244784673,0.5707444498881812,0.5016729029644336,0.6909611137210168,0.3601570804606615,0.5197126111174805,0.7546336037337975,0.5628741915707218,0.49701661561453486,0.3727206824006422,0.41545651431234915,-0.02831704957443514,-0.062362290211254355,0.6276337017008851,0.5305942177596797,0.34376588704975297,0.15078237984425652,0.17405158636339005,0.07991608621296166,0.09099420849017496,0.7110933994299737,0.6923525642083938,0.8224159113871715,0.5079052637081694,0.42230249663081987,0.4350929628922634,0.5674154979444874,0.5011508514566515,0.876194890324817,0.7488615693884961,0.9595142639218769,0.6955728336787523,0.7407379957526007,0.5481397072559334,0.7481841993835341,0.4672913450899198,0.4717197732785916,0.7681787779817415,1.2330919343013331,0.7859309892117473,0.73286778585345,1.0635413053612806,0.8893312763511759,0.6303419159209704,0.8581605897139019,0.9714054404817087,0.7651576756887957,0.8686904424180387,0.6728800094805999,0.488397029129369,1.1994156297587135,0.7484591298552108,0.941612545697131,0.869475957805103,7.254328619247669,0.7842607700215887,0.7168664233023757,1.1476115412662147,0.9486366459198435,0.3582516170259403,0.3760925466292097,0.6786609435276293,1.0255801721656814,0.4059934899987272,0.6812405766294781,0.6594874927878124,0.2971164734479876,0.8968968674544647,0.22234744458881267,0.08225765774999037
ROI_086,0.4491143289438192,0.42913348863970846,0.3654559054963535,0.5044721692990662,0.6173735852358625,0.5526078583854761,0.5671621331440595,0.44435980485796606,0.5657304980047195,0.49677130636120737,0.3703934929613151,0.22563467765566628,0.4462050264908477,0.6042001611128571,0.6878863451763065,0.5274380900602746,0.5187722512294038,0.45614320170383266,0.5308276613443993,0.5303817328734837,0.4569850966858229,0.47569435035170626,0.5158856638239451,0.2698701434019022,0.14431873246660298,-0.2704545296314295,0.346584958886819,0.517439393887522,0.345870667472066,0.5194294445138916,0.6254641920994404,0.5041012848277495,0.8434088104549359,0.6194601526427428,0.643990975259256,0.32357966725659454,0.5543700033582125,0.4782865837944612,0.6750941419656591,0.5344376574120325,1.1593176548074435,-0.05839440175374789,0.4337567443977692,0.676874042128319,0.893283926464879,0.7878545335466851,0.9251177816271879,0.668072343564826,0.29675086767821135,0.35552565355175136,0.581430884727603,0.45223225815875223,0.4956680307909932,0.5238926561707204,0.5885500464100424,0.5033963334735455,0.40009418915536776,0.5718187582374129,0.48069239202957276,0.49152994906721464,0.28944337795634484,0.6074006380214195,0.5179330276447329,0.666201470855171,0.5797849238164646,0.7203302825201141,0.6256363106589367,0.6229353278303205,0.7047165434778542,0.5440213173144731,0.49025179935043733,0.6227230841638904,0.6750538696951482,0.34611983192742013,0.1072747182679454,0.2325520304887354,0.5527417696690661,0.15813415597401706,0.4481829369246369,0.29624292572337824,1.1360328997963207,1.4750856442868119,1.3799017836603262,0.9623685435447396,0.7842607700215887,7.254328619247669,0.6123930495783443,0.7250956270470058,0.40310627436682334,1.1243816035371503,0.6431401599849138,0.38164205589696604,0.8701613836063995,0.36439804104257834,0.8190840929544806,0.748597429469049,0.8327325792143724,1.1146257621326123,0.3925367795753034,0.2634182725600443
ROI_087,0.722396988526362,1.1318202147063716,0.9055749609835874,0.9691724736534395,0.9055328624851102,0.8104555465146172,0.6604031443527416,0.9342896307859171,0.8903005797337018,1.0151758162704334,0.8287671689117379,0.807903932354386,0.9040752839761627,0.8123631809646268,0.7930245390644648,1.1103604284509683,0.8332074297608877,0.90694918549618,0.9257471751347444,1.051642872135317,0.9329121332291099,0.6597722750497178,0.7860468758973875,0.7556184725977574,0.8478208063888146,0.10384045027888392,0.6597721340835955,0.8350612710562599,0.7603105195551041,0.8665541330848588,0.79175513091755,1.0255404174819398,0.7782972813169508,0.8575002522358506,0.44896789926351277,0.8505299272673812,1.264768319480315,1.0915060646292247,0.7826323471687522,0.8393732025700803,0.8110203809624104,-0.035869732311263065,0.150549556027423,0.7486604746635315,0.749838629946084,0.546412301700245,0.46306384384623045,0.5232627545599545,0.5149958734514333,0.48147447523359566,0.8470226856696734,1.058191276157197,1.0954232943889033,0.9826478709354742,0.76590788483331,0.8341560033480547,0.875444381024956,0.8922137731865332,0.9827406295298712,1.100389981528405,0.7919293176714006,0.8991392511285737,1.0397118001653007,0.9476791673571511,1.0607225659051063,0.825064561169575,0.7678603551322936,1.094878857643986,1.0551623755991841,1.1215335179663424,0.9730761751234124,0.698085962154564,0.9160171653506229,0.852683207977219,0.6986894717992376,0.6944072625700375,1.1224987463321805,0.5976969752280796,0.7570008148289015,0.9704563377244552,0.961009327427153,0.7292785221560613,0.5385710525800367,0.3583808030106422,0.7168664233023756,0.6123930495783444,7.254328619247669,0.808545505504684,0.9559027958686712,0.47271269367436464,0.31919403141422753,0.8524050122429195,0.9439855256563418,0.4006284693020817,0.2330125317387368,0.6351035549269405,0.37943163826148296,0.8925269627868994,0.6224320072293681,0.49109194195354566
ROI_088,0.5563667911832318,0.7076436498755315,0.5454264240482452,0.6062970345637491,0.5576126761846939,0.5380153429986043,0.528731039665989,0.6052926407291906,0.5912164008772955,0.7645502124028889,0.6563889766331046,0.7294460667792743,0.7771612318959491,0.5693504637094063,0.6579954197510524,0.7559239611873502,0.7680497434578737,0.6897450747540789,0.6509076205880461,0.7776787997618474,0.7518128975680463,0.5689330740712141,0.6022097642992271,0.7245500502781385,0.7251457296055286,0.3014910631879383,0.8840293138723645,1.3016402089720989,0.7663110879200492,0.9228908781551354,0.6423347397124324,0.5911332745145148,0.5975775295334216,0.6794234047226143,0.5020967881993506,0.6284213769772946,0.7744838507523512,0.6529107072598335,0.6128549056062991,0.6135014216624906,0.6160849993746497,0.1858924062604416,0.10191706043684624,0.8140762742090261,0.5796057299154537,0.5524315227614975,0.37515131311486316,0.4296042253966149,0.3498228936667076,0.32296982521785006,0.6222197847388169,0.6860073273321231,0.7773846142060498,0.5638833047368512,0.4874944374157326,0.545748605424351,0.5837241801185958,0.5569608099346852,0.7630061971427968,0.8161854806857891,0.9005857290607399,0.855859995793515,0.821314112726318,0.6218999042773534,0.8316845050649294,0.6363291644807745,0.5714265812169282,0.8473523749355032,1.0135826213912098,0.7423161872929301,0.817781386229036,0.7230317163886114,0.8217976344335519,0.5247083340626397,0.7791615433563377,0.8433170053404344,0.9558434254001087,0.7642658035814,0.5091945702196613,0.4332227302291371,1.0964279342541712,0.6602190506901361,0.6310904602418835,0.7511395393463723,1.1476115412662145,0.7250956270470058,0.808545505504684,7.254328619247669,0.841056970572909,0.4224859116363967,0.2818853311294241,0.5666282481246038,0.7961139354026642,0.2813681398097266,0.45973078559576525,0.7576871709864746,0.47703017711946605,0.9257963418557695,0.3766062615607143,0.30591183919424175
ROI_089,0.5001278065447716,1.1144025730224736,0.8551915370269412,0.9312923641195473,0.7472700366299705,0.6463168101776179,0.43056170991720305,0.9308337666485126,0.8090056147372929,1.0822478664260218,0.7863583753657184,0.9429899678647441,0.759721406754337,0.6328682260374706,0.6188216850363039,1.0147346306835334,0.7799592160370878,0.9980758899785728,0.7329306035792092,0.9961259739268529,0.8598147217108277,0.5189591384308755,0.5878116315743493,0.8500156725223998,0.8679842702217289,0.35702347274356716,0.7770667393066122,1.0330800466640393,0.8877344683609861,0.8068380780910756,0.5627050406471236,0.6691490015023256,0.5145916467929998,0.9167617851523308,0.3728273937820266,0.9452869497977956,1.0227049638002321,0.7608299275042759,0.6101815552321292,0.5653085707083103,0.4182816630413584,0.02870926559417507,-0.03819670248048649,0.5298011407172564,0.5165797514031142,0.21417752098623377,0.11622321064156761,0.22773784585501855,0.2966314186180516,0.2159355551507234,0.6134877527491465,1.011531260656182,1.157660803497019,0.8406235804860243,0.657642289239298,0.7500456832098523,0.9670651523820608,0.8383808470174259,1.0156205463098802,0.9569938075621205,0.997567363428713,0.7149895986090021,0.9392398466894352,0.7595484202165921,0.9601860454759042,0.6270233244708286,0.6011660146626895,0.8933366713656,1.1960829089473684,1.1711040241378596,1.0542334517979073,0.6954399221654064,0.8105207038165756,0.9305503276246522,0.9842778584451227,0.8233285186474796,1.0531645394632698,0.8484579127756033,0.49274121972572743,0.5978696823653903,0.8328788110302933,0.5828161310911291,0.4499770206648677,0.4649126868390232,0.9486366459198435,0.4031062743668233,0.9559027958686713,0.841056970572909,7.254328619247669,0.11535416124274835,0.12229494466403489,0.6841054310802065,0.8633543639954876,0.20473497447656377,0.19154243190175974,0.5086921591416176,0.08026047349090559,0.6538639999916536,0.45761054658189443,0.2685913909684985
ROI_090,0.3557204671568519,0.22993365059756177,0.21689324618567918,0.30859330811855173,0.4688951862063715,0.4768421282260717,0.5751454700006765,0.2539301538024654,0.4328144142697878,0.19346998806272347,0.20322364589933703,-0.06604704721578541,0.26055592047345405,0.4754921861486356,0.5743418354448221,0.29147594407360344,0.20288305163316409,0.1681663958025942,0.3256846309080065,0.36749750937687914,0.25980173177102167,0.1772703428767745,0.31231702745533513,-0.04283850282516919,-0.08652670325545461,-0.6814776046983538,0.082138467457897,0.20183453691614076,0.17533459193220632,0.22716014611105984,0.44465194543575653,0.34672094993915764,0.5659295999027844,0.1970815870994699,0.29892545335087034,0.2520246409925226,0.4586486511916146,0.4223127662068257,0.4972629663425401,0.4483067670471608,1.0021174219887943,-0.05935696428609884,0.3868799172205417,0.6506545321001705,0.5907183389574613,1.0904113678146117,1.0087936713198833,0.7728402070916051,0.4429983994603399,0.6879461688677028,0.48423163577159106,0.3046914682361243,0.26540561772941446,0.41026573080714707,0.4901509044211164,0.4421867668618818,0.22433945431266852,0.44284204882570866,0.28761977227449714,0.35814161218288737,0.03348766152991962,0.46017471983766645,0.3588696354493155,0.5378545562114011,0.3851622723782768,0.6059672873790702,0.637870068033532,0.41298838872777516,0.3238957830025611,0.2701054682484097,0.28568836378333407,0.3227646080610691,0.4408210651378567,0.23539931401356542,-0.144531377823536,0.026334627936302216,0.3432304029376298,-0.11766929665292143,0.42241724214564275,0.3410295863962467,0.630032124719564,0.8801683052881414,0.8028306075812915,0.5324572167591436,0.3582516170259403,1.1243816035371506,0.47271269367436464,0.4224859116363968,0.11535416124274835,7.254328619247669,0.821032283434144,0.39877007584988206,0.6198807186668418,0.5576871844563728,0.6329214701226564,0.6901762679307619,1.1942881306248498,0.8166144023322988,0.5419758835093367,0.5640776170500607
ROI_091,0.2587701196593389,0.24607883734314004,0.2757790829269653,0.2904860763066384,0.3540108675812677,0.41471133546705424,0.3428331060572554,0.25826664595582643,0.4022689601451096,0.204857160638372,0.13467853650027015,0.06313374366512975,0.23269066217703413,0.4046660062302227,0.5076271183916046,0.26179131379524706,0.1751136008232068,0.22017573243728725,0.3236117681821241,0.32112775939837457,0.31375806518595717,0.10437477912793626,0.24425465784178482,-0.05723252481859312,-0.12259880084149541,-0.5158812521005175,0.06451658474229743,0.16256552070596328,0.25833379073279483,0.2539462389307456,0.45136722851957467,0.1744415691969627,0.4240683825953907,0.18170386238246208,0.0911619390257268,0.09973291818725645,0.3037213097376064,0.30113858117646003,0.3523832936304993,0.17029070355107714,0.4187734800578647,-0.1526960314633683,0.01584170388880513,0.4992508784226779,0.31820580247132924,0.513553801991887,0.34437934223162453,0.3139202857543322,0.21589881774061076,0.27866941830577846,0.6901435854399515,0.42658546845454115,0.33656168132489744,0.36481439435770835,0.4748480282632833,0.4254139595643837,0.3518253131147928,0.4598814421930169,0.5097552275474695,0.3940912048715744,0.17502797323167446,0.45034227778249286,0.37959842457674525,0.47614819191981356,0.394647109456505,0.5074588075702867,0.4507501899378579,0.38253124480124423,0.32713286871510033,0.31000417803404096,0.3520052145996788,0.501290676898764,0.6157064248234558,0.2858867491177038,0.0417866042298583,0.15183551628195865,0.32447903674476547,0.0669228125000754,0.5534940229433047,0.3039482851684809,0.44266330232144196,0.5995409760311693,0.6617374065506877,0.31775573296328063,0.3760925466292096,0.6431401599849138,0.3191940314142275,0.2818853311294242,0.12229494466403489,0.821032283434144,7.254328619247669,0.601173970857988,0.6933316682035352,0.6668880235590713,0.7512284608766591,0.5480145956417911,0.578668033096018,0.6018459611698782,0.40506070796741556,0.2074974327537963
ROI_092,0.8032042502747134,0.9981442517171615,0.8900223770624061,0.9146427466339963,0.7800605630567621,0.8172259641484175,0.6296298268308375,0.8283480044592465,0.8207378211161889,0.8480212013252614,0.7162816645462593,0.7860307545158681,0.8749696822308769,0.7044638355690843,0.7611185244770993,0.9774125344170318,0.7226491666442086,0.7612920345967722,0.7758177949513289,0.9639149615229342,0.8623107070845901,0.49341329555668134,0.6272193969331978,0.510728058328313,0.6558667406561385,0.0661715052952413,0.5978073660089919,0.778547437832857,0.9979703535633283,0.8794260261887741,0.780268048099154,0.8349348179341943,0.5421923296210008,0.5656855757613137,0.18329980679736685,0.45470877084777533,0.9124260981110773,1.026179857823143,0.632669609888471,0.5039099984338001,0.42842630568929196,0.0891403368019402,-0.07436971225756817,0.9127818646572009,0.4475267488303883,0.5097348847641461,0.14289922549326597,0.3412157480544129,0.5337811561275113,0.44183883778480865,1.1808508586782542,1.2575595726243833,1.096023918873317,0.9220575648407385,0.8083414657700262,0.9118197738719128,0.9676576262970343,0.8796770853975711,1.3138251833423458,1.2565825806345086,0.9819460131408955,1.01041460151712,1.178863589655031,0.9109936554062131,1.012136265639731,0.7437098098052375,0.8390740613417087,1.097253561665208,0.9079887287341541,0.9763190555322221,0.9413871786917334,1.013827885716974,1.184535204710283,1.0069751799226834,0.8537406054660642,0.8999368683222032,1.0396742829482888,0.7375723507008138,0.9921475579344632,0.989063421800359,0.649135434788711,0.4322444847693156,0.46221979612869657,0.2113727477120316,0.6786609435276293,0.3816420558969661,0.8524050122429193,0.5666282481246038,0.6841054310802065,0.3987700758498821,0.601173970857988,7.254328619247669,1.093692098555449,0.6009197404252041,0.3907354585552663,0.7602537331951149,0.3901065269664593,0.7904450920161527,0.722862655168323,0.39418237989154875
ROI_093,0.674524267903819,1.0490803525843275,0.9027579025138633,1.0627987998909907,1.0151721338337114,0.9309109246516419,0.7343895271075286,0.9329304179082244,0.9949584776475705,1.0277485580616397,0.7269136724168116,0.7315192375049868,0.8448258412513472,0.8696695452424498,1.001325684624411,1.0172720831244118,0.7946481082971069,0.8897969239270622,0.8721462625414307,1.1027840518972634,0.9239343776835042,0.583616179956298,0.7349604670282455,0.5202005877515071,0.5320720892345112,-0.089195628540012,0.6931507449311358,0.9100339293379772,0.9345664717088179,1.0545800364785496,0.9468841102013407,0.7380013207406428,0.8070026698023791,0.7730254903802002,0.34295608271921535,0.48995358550001455,0.9805960544095382,0.9647684497065251,0.910197771846594,0.6926330727118599,0.7528052606573064,0.011340033085486406,0.11802258081761262,0.9926880732234028,0.6642919405406659,0.6799359960284526,0.4187377557439913,0.4762109211043202,0.49559496642128864,0.4274974737043841,1.0259633338559562,1.2019280975042166,1.1709326233556192,1.0669625955892699,1.0043212610788566,0.9535513194688515,1.0498512329921632,1.0403566498033647,1.334149960618446,1.2274944807721957,0.8917851393170634,1.0587051437965471,1.1594250604053218,1.1731654483806224,1.2157444780622182,1.0151959449407886,0.9893925571486083,1.2127844296294676,1.2035530438262096,1.1900337108784023,1.1647579323868866,1.1756512017203944,1.3554924334717242,1.0654003071785731,0.6523529962415718,0.717676866675041,1.175775863730385,0.68104649032457,0.7523684611926226,0.6912400505908012,0.981356575190878,0.8520461385487339,0.7839236014613347,0.4944206364227218,1.0255801721656814,0.8701613836063995,0.9439855256563415,0.796113935402664,0.8633543639954878,0.6198807186668418,0.6933316682035351,1.093692098555449,7.254328619247669,0.4538026431964918,0.5208523574832106,0.9077235882468113,0.5567175546210372,1.234437234453623,0.7098747396576542,0.3850634029462991
ROI_094,0.42500613186345226,0.2528728129777875,0.16150678674933244,0.24333235863494193,0.22995716846840783,0.18004700434363533,0.21107026525615338,0.15940944947979604,0.21588162404219258,0.1688837174451671,0.13983356838078095,0.1048576180485524,0.21292519511090716,0.19169221114448087,0.22343981083271144,0.28392271861208496,0.07553241726368569,0.07753696572098467,0.12325256957678019,0.27809115154336495,0.18811267604713972,-0.007633848534421975,0.11951986350269893,0.09445514103541414,0.07732232753168386,-0.1797641155225951,0.15055831081359933,0.356623014503904,0.19482251155421323,0.23786567503557793,0.3317278620329095,0.414565007031994,0.30511880208456404,0.038607611294946935,0.12017040237275868,0.2476868405948333,0.4315098124454722,0.48519076227321023,0.1705378378449913,0.12947958430805095,0.24032079478803323,0.11576276629308561,0.03268223064472733,0.4710229342982567,0.3387177023693014,0.4775118021743781,0.1939844470593019,0.2519597956323094,0.13280011966547958,0.2665734816872183,0.6632985938911092,0.3967204153822625,0.40020191765427815,0.2966501449624526,0.22524650642012703,0.24111800014069934,0.22605026368477976,0.264279948615868,0.44173683265696556,0.3949233747207676,0.2821746684100089,0.29273270487132386,0.39450962248579474,0.31208834785405287,0.39957113031345426,0.23740284389043886,0.36298926396705206,0.32279961207193375,0.32937271682710595,0.2730719285667752,0.2640560592913214,0.2963720438221802,0.44659020402870203,0.31450490640165407,0.23953159936392077,0.40723524886931567,0.2862125616073541,0.23027193285650985,1.0033383308269144,0.6593997509545986,0.41957583043500796,0.2938942443287003,0.5536750256400508,0.32924628167552733,0.4059934899987272,0.3643980410425783,0.40062846930208174,0.28136813980972664,0.2047349744765638,0.5576871844563726,0.6668880235590711,0.6009197404252044,0.4538026431964918,7.254328619247669,0.5137512968174953,0.522143058413157,0.43854457059370866,0.427649329588499,0.31504017205659923,0.24832773337069772
ROI_095,0.15097217696552437,0.05845229358598355,-0.02805357341462537,0.07712293062288873,0.06881779027839004,0.05006523024086645,0.021745525285603234,0.010118935184713592,0.08352745358911735,0.08137275409597838,-0.04730053869309496,-0.0252776960699913,0.05800857818517004,0.09577792815324705,0.18031863320425912,0.1298097198005007,0.08815085351328303,0.03385020535346254,0.07482015728227936,0.10237349101701416,0.10331395953397292,0.010834834512186248,0.04106953221864007,0.08178069475029413,-0.08931273376670601,-0.18020250377295505,0.06305954921233366,0.33012839845610875,0.1365786041432871,0.23328639727667996,0.2607273884178192,0.1682463172166504,0.2656132529502716,0.17388317900265682,0.16184503650432105,0.10682841595719167,0.2259526182831164,0.127884894784584,0.2130327332176558,0.07074852116145634,0.30368258715722213,-0.1251112582713584,0.05990790399032818,0.3132383801243374,0.27793624522020216,0.31236546915424745,0.2410769057995771,0.06298191418873957,-0.11175251592623585,-0.02996411130419901,0.5068691823160199,0.15487631794988083,0.1874152462770509,0.07833149908899795,0.12199422333294115,0.0867472045811669,0.08465553473480371,0.15148987053015697,0.3380770099275131,0.1853712853712799,0.16466168526330585,0.23908622279627076,0.18280361631898476,0.16460106320170254,0.21120322494277913,0.16390283606694883,0.14747919566177317,0.1920002696187435,0.3716043869086527,0.16590213814326624,0.1505045343306759,0.5501860182114625,0.39200325407513714,0.09137873225884732,0.12622191763241605,0.33757847056548473,0.19708359312638035,0.16995979801387484,0.5392950487213357,0.1568782069966082,0.7297372249697252,0.7230745412892657,1.0042166904029923,0.7577174906464287,0.6812405766294781,0.8190840929544805,0.2330125317387368,0.45973078559576525,0.1915424319017597,0.6329214701226564,0.7512284608766591,0.3907354585552663,0.5208523574832106,0.5137512968174953,7.254328619247669,0.4372141824458863,0.41598561967122705,0.45510977586997836,-0.025877674341665564,-0.13696257831477832
ROI_096,0.805471601200405,0.7761264719863729,0.8046184752228684,0.8803251718251621,0.9694754955675453,0.9638515298997445,0.9670099289887849,0.7995055568086644,0.9793070657625251,0.7814346445902257,0.7363419512747836,0.5122926611593109,0.8223952369553341,0.9175721696389577,1.053320875955752,0.8519053758683942,0.6252305857588528,0.6558201204104323,0.7351631290050977,0.9679629393215013,0.8373532291460357,0.5592116687155089,0.6895173516753839,0.3170694374663517,0.426109877723647,-0.06610203145126618,0.7794324920343848,0.7952292711223596,0.79042429350874,0.7980213654208467,1.0068876252931878,0.7273360401603369,1.003637640859684,0.4801250854199367,0.5580219604423612,0.5017150374253505,0.7654454857001166,0.8996486799780795,0.8585091901336547,0.6340404006280651,0.8049153831248121,0.2861029676593103,0.3227485486611368,1.477812708756857,0.9893697277411022,1.1366625985955683,0.6282293436404301,0.8391637258210485,0.8581550023071067,0.7651446740130022,0.8012041946616603,0.8410878128236399,0.8355474698616892,0.9313493099139045,0.9929742437472809,0.9926597511184234,0.8127005473591553,0.9534361344571332,0.832474178191827,0.9744235841168827,0.678378623654881,0.9725451310509141,1.0004052008133453,1.0334825935850462,1.0023283098408626,1.0236185751254867,1.027357774501257,1.0418993822803946,0.6870322184679251,0.7082911487510835,0.872507998112835,0.5737039817917092,0.8915297642474015,0.6324264436837841,0.40613314332797285,0.5033571240333061,0.8829203969607217,0.4288313718298512,0.6203773076364344,0.49483877541091537,0.6250610224595835,0.5480886343395858,0.7852303138394845,0.5013986751703985,0.6594874927878122,0.748597429469049,0.6351035549269405,0.7576871709864748,0.5086921591416176,0.6901762679307619,0.5480145956417911,0.7602537331951149,0.9077235882468113,0.522143058413157,0.4372141824458864,7.254328619247669,1.0918140462608323,1.1590776126904885,0.9471353107449406,0.6457033523539244
ROI_097,0.5246777445932272,0.32836420640240943,0.35746159975674613,0.44319905746837196,0.627711966473616,0.663958783692097,0.9167505245402865,0.38068037593353987,0.5685546674070884,0.3037039338642504,0.3936404047232482,0.06029450760895067,0.40923429301489817,0.6062734076403414,0.717626158996265,0.3978430467219782,0.2918262337982169,0.25472919997709914,0.4146142565303301,0.5033822790545465,0.3968470034813572,0.3447475345620605,0.44055433887014195,0.013985421140936524,0.05758910480473801,-0.3989019419142825,0.36934048859967716,0.34892914214649434,0.3235058726165604,0.3711670868649818,0.5825823445996936,0.4253010277327936,0.6967168756650847,0.15654989271428182,0.4715429182078852,0.2691857043062702,0.4449794360016295,0.545307816841224,0.6065538437698885,0.5903834482238508,0.9840945365196727,0.26776009095991615,0.5757909056389879,1.030988272031519,0.772281513742087,1.7988345920765485,1.1149218477883813,1.1303317500549845,0.8570335011507637,1.085228442798028,0.47421045238191595,0.34821141388416954,0.3277252881588467,0.5303988835752563,0.641269346133663,0.5922523782557751,0.3363233516926809,0.525136823364904,0.3258620520104387,0.4620158331409818,0.15885372702583186,0.5538196918850932,0.4682002074991235,0.6402076732307032,0.4956333260836263,0.7433921187428135,0.8481395839187063,0.5363603280710562,0.25891671777999226,0.26592521643637107,0.39575984528002567,0.24650261380764493,0.4616978218629702,0.2831165959452101,-0.06297013357524316,0.08066312031063515,0.42765863079122207,-0.017636287707390057,0.3395166728229082,0.2763345808037985,0.40482539139116597,0.4874915672619582,0.652896749799494,0.4278917393350491,0.29711647344798753,0.8327325792143724,0.37943163826148296,0.477030177119466,0.0802604734909056,1.1942881306248498,0.578668033096018,0.3901065269664593,0.5567175546210372,0.43854457059370855,0.41598561967122705,1.0918140462608326,7.254328619247669,0.8778978217981501,0.8023427159569195,0.8501569224805534
ROI_098,0.8146043646635527,0.8747818882779747,0.8306591480677497,0.9495861935055927,1.0463881631643983,1.0065226694491263,0.9728188916335954,0.8757530124704588,1.0646674203526345,0.947895280330339,0.809257568424293,0.6319906034216863,0.9701924367811696,1.0480123321331558,1.2189373525865121,1.0092523824984518,0.949437582164252,0.8534213506674954,0.9817785634902754,1.0936052655743693,0.8810399754379034,0.7826978429700169,0.9572838987993644,0.4528285512602202,0.4648842620152835,-0.11634254709983889,0.8320228439305157,0.8961804018227193,0.8242702006703602,0.9500517495446,0.9794482916377473,0.7709089261655276,1.0905905578474522,0.8446352600211059,0.6375275086907201,0.5198293721844987,0.9719323277938647,0.8949757180059359,0.8826022061686251,0.6944613475316501,1.075207047584357,0.041089782282501465,0.240770920606579,1.2982399822569668,1.0350709460067544,0.9811482243769724,0.7188425777808901,0.8914667985135198,0.6739035358936808,0.6461960495575755,0.9209842120291222,0.9894232081767805,0.9737570364923102,1.0038503383758097,1.019535178276565,0.994684394293577,0.8389330073095509,0.9967048615977284,0.9883010273778858,1.0820180479890418,0.7587817429866806,1.2681112241796424,1.122352115206443,1.2146621759585965,1.1229680590651434,1.2435319846147828,1.0902742969659145,1.278423107119895,1.065638420707775,0.9794237274610598,0.9687823894669151,0.8771850953696037,1.2835424449724577,0.718076706881957,0.4719758377421274,0.5481157708812807,1.0640446088720443,0.49683286899449725,0.6275575448511673,0.569473015367597,0.9926942502582501,0.9319894217760135,0.9814613695988987,0.6754540777443523,0.8968968674544647,1.1146257621326119,0.8925269627868996,0.9257963418557698,0.6538639999916536,0.8166144023322988,0.601845961169878,0.7904450920161527,1.234437234453623,0.427649329588499,0.4551097758699783,1.159077612690488,0.8778978217981503,7.254328619247669,0.8488642721594182,0.5584528659018009
ROI_099,0.7078020904338816,0.9182090355904251,1.0080564765903326,1.0581833634063293,1.3092717783077785,1.4113807434023269,1.3659786488152004,1.0089710604958426,1.2611486617115688,0.790502584890265,0.8597550463340851,0.4978645235126323,0.7861441680734451,1.0845445830295941,1.13406838598039,0.8771796049386381,0.6302748149953401,0.7421986242626825,0.8437488457317032,1.1033565581334128,0.8507706423010672,0.5458855292113434,0.7466808938751436,0.24148898281510867,0.43305679569947825,-0.20167614330732975,0.5468498512615529,0.4418185974793079,0.7461966086080467,0.5500574289168052,0.7375152923712022,0.6395780489769637,0.759318938945419,0.45982721870047427,0.3971118290652168,0.4637659283254602,0.7809951169024126,0.8833842010139021,0.7038141948400457,0.6697585961552123,0.7436842690159089,0.2294939143913034,0.2717658425875426,1.0590168066003953,0.6701073993556184,0.9385982189534124,0.5982093949464721,1.0390461678750114,1.5530923702289023,1.1459609077636428,0.617817948548781,0.9276641234127649,0.8285063830390766,1.2505113007548578,1.3520941319870998,1.407011626413204,0.9839035994071264,1.1929825215717171,0.759410496448227,0.9753522983505729,0.4924942055473258,0.8611859426078711,0.9313848088610442,1.231059700932373,0.9071276102502355,1.1611081590054098,1.517501525910411,0.959069575475541,0.48907970063798306,0.7468272267058654,0.8767997728923435,0.3752049775530077,0.7354020273189676,0.843695992437694,0.2739297267403698,0.2657108437958747,0.8419103949670734,0.2013226583552047,0.3549575160526025,0.5661717003118545,0.3020378712055581,0.3327107471050571,0.2897447365427446,0.09674848427393294,0.22234744458881267,0.3925367795753034,0.6224320072293681,0.3766062615607143,0.45761054658189443,0.5419758835093367,0.4050607079674155,0.722862655168323,0.709874739657654,0.31504017205659923,-0.025877674341665567,0.947135310744941,0.8023427159569197,0.8488642721594182,7.254328619247669,0.9971449880324992
ROI_100,0.5092037667967168,0.5028301694869871,0.5043564700720644,0.5343089504509105,0.6584965805156995,0.685924043106353,0.8798667391782485,0.5085171041795041,0.6060459457733764,0.39575290085720294,0.5394408958363592,0.21060336074903946,0.4704928658116808,0.5944133486423492,0.6087096166755529,0.475908134100928,0.3079299452028114,0.35071276840009835,0.4323577571397134,0.5987724502033712,0.4535334174570331,0.3908917242725589,0.5011419006149177,0.17790442187730043,0.28427526672371883,-0.20658738903500995,0.4708850829757458,0.3194483670534895,0.3982949566282035,0.3409032926087981,0.3851639370388049,0.4721377981179663,0.5360922386927608,0.15744871200797622,0.2902708945160143,0.5528249199471594,0.5813733866805189,0.703824504385518,0.5351475683024743,0.7486504654156897,0.6892513953653246,0.2117676902827003,0.3886852771237065,0.7668545430003145,0.49495297106540076,1.0100107506164397,0.7040433577383681,0.9700723257098975,1.0599540348719718,1.6153596928048637,0.3024563136206284,0.4339011585151464,0.3992197725575759,0.6086052253493414,0.5882658893241229,0.6486338526643677,0.41517137854560915,0.5338916023110787,0.31715777665139083,0.5063697736481179,0.23219318952874946,0.4542004525952168,0.5072113971901026,0.5903198700175878,0.5165476897903667,0.6451151275665226,0.8785061584353623,0.5314292851175145,0.22364758670910162,0.345428372650575,0.4920603517993845,0.08775046676625456,0.3578399587581068,0.5025262917247337,0.09818687095141689,0.1190523967904591,0.5131276369054529,0.0798658388160056,0.2338035874927689,0.4477671505519372,0.14645640197612123,0.1494284868152054,0.13636056196564483,0.07715270525417106,0.08225765774999037,0.2634182725600443,0.4910919419535456,0.30591183919424175,0.2685913909684985,0.5640776170500607,0.2074974327537963,0.3941823798915488,0.38506340294629915,0.24832773337069772,-0.13696257831477832,0.6457033523539244,0.8501569224805534,0.5584528659018009,0.9971449880324992,7.254328619247669
