,ROI_001,ROI_002,ROI_003,ROI_004,ROI_005,ROI_006,ROI_007,ROI_008,ROI_009,ROI_010,ROI_011,ROI_012,ROI_013,ROI_014,ROI_015,ROI_016,ROI_017,ROI_018,ROI_019,ROI_020,ROI_021,ROI_022,ROI_023,ROI_024,ROI_025,ROI_026,ROI_027,ROI_028,ROI_029,ROI_030,ROI_031,ROI_032,ROI_033,ROI_034,ROI_035,ROI_036,ROI_037,ROI_038,ROI_039,ROI_040,ROI_041,ROI_042,ROI_043,ROI_044,ROI_045,ROI_046,ROI_047,ROI_048,ROI_049,ROI_050,ROI_051,ROI_052,ROI_053,ROI_054,ROI_055,ROI_056,ROI_057,ROI_058,ROI_059,ROI_060,ROI_061,ROI_062,ROI_063,ROI_064,ROI_065,ROI_066,ROI_067,ROI_068,ROI_069,ROI_070,ROI_071,ROI_072,ROI_073,ROI_074,ROI_075,ROI_076,ROI_077,ROI_078,ROI_079,ROI_080,ROI_081,ROI_082,ROI_083,ROI_084,ROI_085,ROI_086,ROI_087,ROI_088,ROI_089,ROI_090,ROI_091,ROI_092,ROI_093,ROI_094,ROI_095,ROI_096,ROI_097,ROI_098,ROI_099,ROI_100
ROI_001,7.254328619247669,0.6526565769562301,0.528443362310238,0.5999442986105776,0.6532120251167286,0.6402548699855574,0.8029397351458962,0.33863321951688635,0.4564595282052963,0.6350292974419626,0.5384717017246046,0.7028690177067491,0.7190364393570049,0.45842745626437276,0.47186795405576615,0.8066354103114932,0.537175618987624,0.502283583779129,0.5666188334952476,0.9158407111712693,0.5365000878661357,0.6043581891873884,0.6926367185345537,0.6553302220237924,0.7289049740367455,0.34566220882194243,0.533641066610219,0.6261520780046594,0.6577392684316609,0.7287430226260975,0.7185661220411453,0.599104842480881,0.9886603071790147,0.5208158678413676,0.5453346062154278,0.593951445104309,0.7182284691472726,0.5520381793509229,0.4812687411659732,0.5321308606336288,0.5875398889463523,0.6038221577223187,0.28031541889513645,1.0306449784828455,1.048052358323376,0.43499774274308706,0.33534697336593017,0.4721563374535821,0.8606114565444648,0.6416167157009901,0.8648576503369243,0.5492771169306729,0.6153388288479946,0.5858274966454591,0.68558978931076,0.3796867403180027,0.3151103117389113,0.36825779649268187,0.47079903231562004,0.4031310039799612,0.5709601533844142,0.4939557002320983,0.5906469709908438,0.34395673483466327,0.6386330633897569,0.40986944367083805,0.6622252445945345,0.40491915372422804,0.4001797886124204,0.4572024820117613,0.5429702281839873,0.26512322730178756,0.561572786468023,0.5153334776358337,0.42018527759943275,0.5169958864030929,0.9532125994180133,0.6879874272572989,0.5865745883960145,0.5304447148486507,0.284096625296335,0.2543027399342135,0.43675234005385055,0.033359628135432404,0.20510317782581342,0.14103770365112803,0.7472126739929124,0.7497373282826966,0.6059868479262187,0.16248960394894088,0.48630583778828634,0.4964359334913584,0.6245854559492788,0.6747835529360404,0.7550075415936823,0.7135297144202869,0.44366653196002087,0.5083369896655642,0.7034927111263766,0.6071946528639252
ROI_002,0.6526565769562301,7.254328619247669,1.4695929001512213,1.9295122699450304,1.4196366729346819,1.2209717824383375,0.5587237012460257,1.4527283286059829,1.4527057306127855,1.7527110450404375,1.2374844188179608,1.5426009056076604,1.5257940559121876,1.3123695904411126,1.3784685772903915,1.9778234267993635,1.3824749431424126,1.691848024528939,1.4729924626408928,1.5359796314076433,1.4399273643849968,1.3401473635568069,1.2616213184338534,1.0331100112464744,1.246013925219946,0.6330699548329076,0.7384503421915671,1.2127995468886539,1.229317772644414,1.4218383353765487,1.2533903689647072,1.0196094816761307,0.6997223969906001,1.289098193993664,0.9667053615181245,0.04407727198527245,0.5074306129920442,0.659247749235271,0.8539583763255225,0.35715082618010036,0.1839597146850987,0.8233236442269526,0.3678328195281104,0.7759500040801386,0.9717695036538254,0.3718369750085531,-0.029114473069948476,0.10688777604694367,0.2996509331044142,0.08243133454989178,0.6909042827005205,1.9502931388665814,1.8742478055132175,1.9205419501921541,1.2629656630542798,1.2986391590573505,1.5519844025356933,1.42709394904488,1.463720217056371,1.282585452051237,1.4307037590499454,1.388548328839941,1.7841040057991224,1.2863361239517945,1.6835681541244474,1.3240017989841668,0.8755196318189783,1.442833626702234,1.3063054816849526,1.5848973046776622,1.5414810445594662,1.2539653142010387,1.4877674081780747,1.1746974218204695,1.3399264334905923,1.082357802934477,1.390875505767266,1.1373218617209906,0.46855455109400257,0.6135375172336136,0.9044915182270312,0.38258397378513215,0.20236027306951032,0.4338448307474787,0.5504314145184771,0.45923375222074425,0.4593174551729287,0.8031796213784629,0.49426505100350987,-0.20301188443125331,0.4210674458380666,1.0123709321777676,0.9156252443130977,0.8789965553590393,0.8841967511376833,0.8671115239653346,0.2815167783823154,0.8981921998092961,0.37906684777272887,-0.029442277470352288
ROI_003,0.528443362310238,1.4695929001512213,7.254328619247669,1.6249353078252367,1.393681154550572,1.2759685805814873,0.5933075539363182,1.6535199031735592,1.4912731089409594,1.3852994673432077,1.4328324423620085,1.2252528466009356,1.3121116113072049,1.540917490650749,1.5374500736270376,1.3875089435489638,1.1320952500677604,1.6159085524449766,1.3838817441286095,1.177508461060824,1.601098641170895,1.2660322908969852,1.27256861265456,0.7478474506726869,0.9925783942092722,0.6209725494119763,0.5481602188948178,1.0136471299004095,1.0310890728561948,1.256994771970566,1.1357036494818031,0.979267893372368,0.5949339022688034,0.9851641680778801,0.946207358574458,-0.10958187740169065,0.2753351819279786,0.6441574222114956,0.915510511902873,0.39211411532876717,0.14495387770287982,0.780722641773951,0.4405605831279832,0.6997461584847203,0.8632632683811254,0.4068102620553498,0.051982367550450014,0.21554218048108312,0.28122048862976484,0.040321118300887984,0.5200171313216895,1.308238791451366,1.2370885992288245,1.477138813640161,1.1280563996791542,1.2856484368669867,1.3607928373493738,1.3518918349226137,1.1800433295776525,1.1744767184564369,1.1827681470474154,1.3088583749715932,1.3289414709879106,1.3172963353480553,1.3929604382771592,1.486767614338534,0.7828444381227877,1.320666257715723,0.9904098722025491,1.214703044633885,1.3814284455759822,1.0341881705338267,1.1825318199935801,0.8772688321760662,0.9593235829294964,0.7641428307470016,1.0626030798882589,0.943431091126297,0.2787715693283894,0.4355907416442131,0.6006672520121028,0.3273216848516163,0.017473493161122032,0.4176790043499295,0.30858099130732153,0.4770845668145975,0.1826368005220895,0.5955109272171352,0.28539761946340925,-0.3369128749157519,0.34132839049023583,0.8218312003068511,0.5884130084334407,0.574557242685428,0.6265380748359852,0.8727047040488096,0.3111199041971436,0.7282577854108164,0.36003292790967384,-0.10434117681324649
ROI_004,0.5999442986105779,1.9295122699450291,1.624935307825236,7.254328619247669,1.8418410829463094,1.5173503605221756,0.6793595912669617,1.6344142766324021,1.658205626809139,1.566809587679884,1.4937737112806604,1.377645327306042,1.3843273709530912,1.5340717387138711,1.6373028846909885,1.7811159662286222,1.2646690159144451,1.6393726337337444,1.4372552991587062,1.3883396507236434,1.4291654153487081,1.431846502304005,1.3192455429280885,0.8912495643549745,1.0981989065875168,0.6352406548025569,0.5934380834216502,1.1069996165940397,1.108393385388209,1.3820802823534202,1.2707434392513086,1.2098885249905875,0.6504494374853492,1.1151124480957493,1.0445422079783322,-0.02305259726406873,0.4390112706828287,0.7914464661511645,1.0394830360122798,0.43657973711486586,0.2348507530621541,0.907020417675101,0.5110095278922093,0.7461254222585798,0.95888888701329,0.4778556346924753,0.07200744391092725,0.216652668492197,0.36676502582112336,0.09994069211893919,0.591877366694554,1.5874565303867136,1.6931616032443042,2.2035802478873716,1.458568195036195,1.4303570851633176,1.6106552004592238,1.5638880544069944,1.4070614057408464,1.4078446173278696,1.2725237513641763,1.3360615800998545,1.6857336030470678,1.5504978802127056,1.5266459344451249,1.5759956566177025,0.9859563117423757,1.5172892807127414,1.1444504341321133,1.3740079636018065,1.4077865753941132,1.2420120302512625,1.4435022554486645,1.1342031916501414,1.1021062725397324,0.895188085747991,1.2430940573252958,0.9713016702440077,0.36786570796101276,0.6278182804317729,0.8050573716091847,0.45391902972459447,0.13241050226997778,0.5232057513759802,0.4098312352454042,0.5961124587186485,0.3324755104184489,0.7231260349568069,0.3850498764895418,-0.18094632512190603,0.45431620319930854,1.094989131749553,0.8045372585363257,0.8084581184536803,0.8255326581796131,0.9313291267967008,0.39597146985426496,0.876113654653168,0.45671659490808225,-0.028347799761375518
ROI_005,0.6532120251167287,1.4196366729346819,1.393681154550572,1.8418410829463108,7.254328619247669,1.9766196852744387,0.9153310312108188,1.305353673364224,1.55072008751741,1.1917347031060375,1.3283738973464325,1.065036947887692,1.1365131495688434,1.4561531106070227,1.5953750190539406,1.4273986662567888,0.9460724770271063,1.3288787309378405,1.282705936981903,1.4203548693100583,1.2172966001598329,1.1851370394686933,1.239173650023459,0.6791234232184135,0.8753836529767882,0.4089534948439483,0.3890573760868738,0.9399993522596167,0.8911493035644097,1.2846530280270312,1.2650859067436189,1.2220869449497582,0.6515975228645063,0.9185644871950712,0.8302075591661331,0.07648740692063494,0.4254448768848456,0.9412013605804181,1.0877926518116692,0.6405166195968263,0.4036104922323727,0.8735834747560848,0.5110474046813531,0.8460508414173649,0.9780051092217455,0.6157278909016952,0.21847947337749335,0.4080459018206238,0.535379353831099,0.2783874798585549,0.6172857058020115,1.2699192666283736,1.2882255701358802,1.7377497494097047,1.869330670735012,1.5038759081695217,1.2739571920976205,1.3780275089185494,1.1294625853866576,1.2594601200709394,0.9787308489141097,1.0789679116973836,1.3791497525940795,1.5020727380250245,1.3712390228819125,1.50615486747556,1.2273472553347193,1.3032899003410852,0.9428107902703986,1.150757576748846,1.1236297435438616,1.0465946870108573,1.3130801407618948,1.1577362769295976,0.7924900002662415,0.6985365929559783,1.1832040822685432,0.7883582719744626,0.41159675393103856,0.6567053488635167,0.7084072240036877,0.6355249849248767,0.13600113134212427,0.4809207431366112,0.24340365389552535,0.7677235028349437,0.3137589539083352,0.6955907677948645,0.3732126475633294,-0.006768047819851433,0.6110483920097199,1.1077417398536011,0.7926398054552855,0.7667376564443191,0.9100562429142632,0.9886613974094797,0.5629229067925436,0.9565030820834484,0.6908153331698643,0.12179974553217388
ROI_006,0.6402548699855571,1.2209717824383375,1.2759685805814873,1.5173503605221763,1.9766196852744402,7.254328619247669,1.0189722670134402,1.1879547276388838,1.4561018595348818,1.1265160018752791,1.3427256182000473,1.0390286653170642,1.1526787700288939,1.4192337842980527,1.5499213054054375,1.3181032183941523,0.9233084210768617,1.216694765576972,1.2618971287278455,1.3905679596375957,1.1718071653416071,1.1475466463220583,1.200823194912703,0.6325928717080185,0.8746330802189475,0.39323205575315995,0.3392396610022909,0.8399136750312686,0.8542767987317278,1.1650814021969944,1.2517727728029902,1.1603372596726027,0.6617239176162515,0.829605339387218,0.7993038605625121,0.13721587212162337,0.4197751584832,0.943481717463241,0.9777496170952283,0.6481467005961217,0.47482970005852143,0.8764838940197043,0.5423463938481142,0.8818944159758261,0.9971314149447003,0.6269406719917473,0.2642452962226808,0.4974720834109367,0.6394591709848223,0.36596128339681605,0.6186312233687892,1.1071733509009303,1.1315526157429163,1.5137823078782857,1.7060100342302882,1.4556167960022772,1.1239434565255424,1.302957722685497,1.056825887762153,1.2233822869444422,0.9173160675175632,1.104738303064244,1.2840092253869448,1.4316207885571286,1.3313477542457106,1.4901217307715162,1.1943319000186996,1.2299830984926041,0.8429196715300277,1.055462814989757,1.0754762295436016,0.9699259662997871,1.2485656234757498,1.032842187911385,0.7285949314317145,0.6448010945300994,1.132548016984,0.7327651516324597,0.4201877947840413,0.6208582482959691,0.5650456322620072,0.5682386690129674,0.10003881582932865,0.425604486713991,0.13790906681806195,0.650257176564669,0.30288583104531575,0.5670981669464438,0.3228902229935704,-0.010914605108128486,0.5782799541564148,1.0815656789929973,0.7217715797769507,0.7823198248102794,0.8773134566096842,1.0311719958952321,0.5840438104370276,0.8277974007224012,0.769996531275367,0.17428797401356177
ROI_007,0.8029397351458962,0.5587237012460257,0.5933075539363184,0.6793595912669618,0.9153310312108185,1.0189722670134407,7.254328619247669,0.4574240098271321,0.6021460198492983,0.5415048343235108,0.7508994684465056,0.5714786724326493,0.628942619861577,0.6362933942534111,0.6871032744862945,0.7037215253698703,0.3371172841543787,0.4730778773927562,0.5386303336329554,0.840415387471208,0.5465670843651299,0.5947639169030061,0.712271982761575,0.26325983028386196,0.5094500231817054,0.23785943814129212,0.19968190839590205,0.4932387719855389,0.4267874452283332,0.6524332849805167,0.6551978062041459,0.775912296300661,0.6824551289231336,0.3173538543697302,0.5016652930738726,0.42807894691515747,0.48176476446005756,0.942796092204131,0.6480557642127374,0.9371552343831223,0.9621943503661692,0.8057644217251062,0.7093257109544171,0.917095024160922,0.8127738933630033,0.9022019919214728,0.7825650875491418,0.9801000838310466,1.301654173510005,0.9846777581864148,0.5713274815473449,0.4760791558866196,0.5053159794440997,0.667849966657669,0.9009021698155694,0.6573605083632825,0.39763380857331954,0.4843115520218747,0.46674438100351034,0.6419281936613037,0.4663681080426596,0.5072857316839676,0.5950183893721464,0.5766577073498981,0.564799643657336,0.6232217646984629,0.9762439654739921,0.44432709666469583,0.20400291054113923,0.3509860989319127,0.4946386901863556,0.3413249842541976,0.5943063700422194,0.5394727864799942,0.2624330612350418,0.32467594605489486,0.7496518870974566,0.5034553622069782,0.23446420477141303,0.47859432035553245,0.06924403791801903,0.44337832108706904,0.08948128353182569,0.2957037468603746,-0.18837006265203654,0.514195691241416,0.40123241845896773,0.3898742393223727,0.2373353270982157,0.32528729379903576,0.6192461371157808,0.5970604675848862,0.42218027062563057,0.5296151503646477,0.5842490171701394,0.8285346715256455,0.9013438244349721,0.4602705270696002,1.2650815779809002,0.6754163060336495
ROI_008,0.33863321951688635,1.4527283286059833,1.6535199031735583,1.6344142766324015,1.3053536733642235,1.1879547276388838,0.45742400982713205,7.254328619247669,1.824382259225772,1.3189301544429515,1.4293254004821745,1.1396523398644094,1.1772649904588792,1.732438039700546,1.6355963235885436,1.2339834061043444,1.195186680060425,1.7539860115530415,1.37936061156118,0.9808171806370323,1.479676456862007,1.1976661863763793,1.135931808651302,0.672966538729239,0.8905227522466685,0.6052453523210537,0.49322040366962294,0.8604854954045612,0.8610885986697224,1.0070964951914785,1.0672793573351604,0.9770395926595292,0.45773506877875747,1.0052711020551837,0.977494076380386,-0.2567581138359196,0.16572214496707,0.5225160477033062,0.8644377892302518,0.2598816112962399,0.021384759923392702,0.7559859836698181,0.45699693450193263,0.492138988957552,0.7045444435119965,0.31034953845448815,-0.06791043853083867,0.10109866262160785,0.1020140459948926,-0.1362329406866471,0.39268316733001135,1.349646218998502,1.2593535103937634,1.5842558961585727,1.0375033572750845,1.5447703748482247,1.874827636582555,1.8113836168385447,1.2562933527169715,1.297367303725705,1.0618419756370625,1.3327862910387889,1.313255791242658,1.6642377518214448,1.3138031060720137,1.6786262292321268,0.6807615185191322,1.5040206474580198,1.0788969080199333,1.350225920218898,1.3429617249227737,1.2305569826752925,1.1498359589277578,0.8450269464522091,1.0056726868471797,0.7024953865652733,0.8367884078556626,0.739342621671534,0.1679220725397607,0.41643937026307626,0.658070526006152,0.2921593557000534,-0.07488686323113448,0.5417047347611159,0.340673529829319,0.5022815251713638,0.07303112688564208,0.4875100015308314,0.16163184154567686,-0.4452272936196783,0.2670944740001876,0.8380175911209508,0.5238642716861288,0.5655598478485335,0.5123343781980594,0.7188386209686611,0.20672767286394866,0.6529580311731494,0.22031482062735633,-0.29605677003831643
ROI_009,0.4564595282052963,1.4527057306127855,1.4912731089409594,1.658205626809139,1.5507200875174108,1.4561018595348818,0.6021460198492983,1.824382259225772,7.254328619247669,1.2399519851773289,1.4498475230444454,1.0720317524308705,1.1495709537971008,1.7418114390295165,1.7390385963394375,1.2988679465040895,1.1243385083547124,1.5731342448208483,1.3500218769614154,1.0956129727821307,1.3948907776233044,1.1868220398617872,1.1567472706026383,0.6716448843037875,0.8614876704372707,0.5175441766890778,0.4552632034400827,0.854874686116102,0.8827743751256887,1.045335634212225,1.0878603843655104,1.0813798842145623,0.5755211360529906,1.021846805122353,0.9747690434040157,-0.0721244441975958,0.26486212800260883,0.6622543812341921,0.9634835285864918,0.39116963202519534,0.16336274552071472,0.8239926559354593,0.5058375285931193,0.608716442514882,0.8805417826071656,0.41061595802212164,0.04093161848427397,0.22925841239030123,0.2621837326879657,0.03321405189747236,0.4809218853384374,1.3348086166932902,1.379237432329716,1.8565241896003162,1.3014876066387737,1.599086757646817,1.7724803406823697,2.001834229787873,1.2794457727984803,1.440478286119728,1.0401197480690312,1.3222724662404461,1.400199884113753,1.8898069706288663,1.3953769734482,1.6899176946451064,0.84425645954052,1.5516992603056268,1.1176593346833492,1.359501972511131,1.2966862690130867,1.253603624377843,1.2875545912191149,0.9721289176394537,0.9299423622715124,0.7250104045361082,0.8991297219043989,0.697243637439518,0.24713078335941097,0.532139156330324,0.696698854899254,0.4281729748935486,0.03727272469511326,0.5287517673970711,0.32934538156831245,0.5913944323713286,0.1802076494348403,0.49110963216865594,0.2546850006452453,-0.23776632860591224,0.4136717261516294,0.9469584482646157,0.6710338348769567,0.6900858665530413,0.6705933185140598,0.8394392314694024,0.31299573200220193,0.7453933943895987,0.3716544131999529,-0.1259835283856695
ROI_010,0.6350292974419626,1.7527110450404384,1.3852994673432077,1.5668095876798833,1.1917347031060375,1.1265160018752791,0.5415048343235108,1.3189301544429515,1.2399519851773293,7.254328619247669,1.419325298850209,1.9862902150394135,1.6779957212472258,1.3282387348543336,1.3410384003322844,1.7531290021575505,1.5530801673649575,1.5944643640469067,1.5280165009343434,1.4309735123556593,1.5820211534640374,1.4767688462164295,1.380571208706438,1.1114237408591487,1.6368530869373417,0.8116868063197994,0.7906832617883585,1.3680235742419082,1.319268801466707,1.4468224489336239,1.2338269881452029,0.90828200937357,0.7350278620215192,1.1697618167180805,1.0735486652643418,0.006210387162587069,0.42463289825532585,0.5198488457777432,0.7504048640704429,0.3158078632934591,0.1061667824988158,0.8665089098456222,0.3666151893724323,0.7856361285230583,0.9456006333909065,0.3101054867012835,-0.03100014523815186,0.116085906702123,0.28245841797310217,0.07283306317107625,0.6757427190899963,1.486501780329446,1.5494332701326763,1.5184471179511771,1.0686738459041265,1.1258966623897035,1.3000261559562267,1.2506742380164668,1.568896744687713,1.21927989364749,1.6245127189438673,1.4369658795091078,1.6302011229769584,1.1597453183688786,1.660621639901057,1.2902774344334078,0.7552875898455363,1.4109365480817928,1.2445235825226928,1.5300926541556035,1.489357429555161,1.2463849437642927,1.2912509914605597,1.1408013602030218,1.447400410417663,1.165179026817896,1.3850458341728782,1.3211835047549307,0.47486589856821615,0.5420301248617422,0.699456327395697,0.263446047884473,0.09853411284421408,0.37316945099349863,0.46516240926854463,0.3016495880137511,0.4121744526354404,0.7913674655796924,0.45069231071076815,-0.33405667080638296,0.2915344171190585,0.9392395169850256,0.8075877663705495,0.782147598808965,0.7965884129479723,0.8543698449316177,0.22463861528243184,0.6846606434344501,0.31275281889431333,-0.013204555115800971
ROI_011,0.5384717017246046,1.2374844188179608,1.4328324423620085,1.4937737112806597,1.3283738973464325,1.3427256182000478,0.7508994684465056,1.4293254004821745,1.4498475230444454,1.419325298850209,7.254328619247669,1.32925504183834,1.3242030886704916,1.5685065618204945,1.538055835730186,1.279316604600946,1.0977448019344886,1.336939696512188,1.26347032254497,1.123273459304152,1.412691888410815,1.3286100315410294,1.2942071597144396,0.7168544919531429,1.081601478465851,0.7928514248933599,0.5279331095464749,0.9244251971249031,0.9148144809382578,1.0755066234034754,1.0526450404642516,1.0478167150817939,0.6129754681301455,0.8426393566740726,1.1214464969066813,-0.0852390145855061,0.2595432359491218,0.6368859976652602,0.8849724592049254,0.4118304737886675,0.19527579834257885,0.9991686158528533,0.6533727557286578,0.6720105101074909,0.8738455883697804,0.43237594964667864,0.15318383346292483,0.30443096266125813,0.3643575172257928,0.12997564920165844,0.48951872560808457,1.1170646435747849,1.1736121534756343,1.409901656355866,1.108915891105163,1.22961495948694,1.240225525316758,1.3155650462309127,1.2557035084383747,1.3648209314558797,1.202234950230684,1.3047442473331934,1.33426051521359,1.3453223783458037,1.2370196386653198,1.4377806204396977,0.8070632580676763,1.2565612215485185,0.858771904897623,1.0693698326674788,1.224314790404544,1.0364445897780659,1.1450791846585748,0.8773903348531993,0.9627988015915185,0.7939348532633861,1.018134926916407,0.8853835855079205,0.19569244133194558,0.4823112498488409,0.44853023332972475,0.2667180266629009,-0.042641056485840344,0.5188926988058622,0.2071330633842621,0.4483097911199123,0.19867593106695544,0.49275120440591896,0.2222982498521373,-0.28824148998527954,0.31789292100066313,0.892467285298259,0.5721638041647066,0.6367753871309908,0.5949104868040571,0.8735557853467149,0.3533672780790705,0.5707106522045896,0.42030060114448237,-0.03146878657713227
ROI_012,0.7028690177067491,1.5426009056076604,1.225252846600936,1.377645327306042,1.0650369478876915,1.0390286653170646,0.571478672432649,1.139652339864409,1.0720317524308705,1.986290215039415,1.3292550418383404,7.254328619247669,1.6910277892466137,1.1086397457007895,1.1382964522544516,1.625422258956671,1.485568256552213,1.37484735596505,1.3506234235426742,1.4124273278506758,1.3929173842831948,1.4599938797283376,1.233178132185618,1.166070063708513,1.7438234189961872,0.8875190542036245,0.8206912957496943,1.2341818224278744,1.2654013099291586,1.3752128478428172,1.1458231573858102,0.7989361815606897,0.8405862880346516,1.0924284004438642,1.0136979168891849,0.07632469846002743,0.44704116766931273,0.4999668978566348,0.7193377910210477,0.30728047636916805,0.15676900523304338,0.9679321496187364,0.37238204187257234,0.8030720996128734,0.9567683185931278,0.27220414341961835,-0.0032670276834674914,0.13114064143620102,0.3349089655101958,0.11103784438146384,0.6708704965919634,1.3248371457465953,1.3552249590609977,1.278815838217373,0.9859709436237049,0.9528677037151845,1.0795302546850842,1.034606076393744,1.2843183890008705,1.0880664663120594,1.534009979320057,1.263607674204604,1.4446101027348057,0.9530492778060344,1.4607997866066709,1.087918729214713,0.6821752906109683,1.1618041832177435,1.0346949514500103,1.2560162395371122,1.4030725872107328,0.9939290894339828,1.161044480685156,0.9669377048410607,1.3572979030931842,1.1038789714689012,1.370690984990393,1.3082801720246386,0.4356825142268597,0.49393149201634867,0.5977564522707253,0.17035609276924474,0.07604364317335432,0.31155461474537627,0.4221791026155964,0.20584952419684072,0.4627379306491653,0.7757178163784029,0.49530685134927344,-0.32739723580074553,0.21886073064955786,0.7770847233742934,0.7403792652883677,0.7342514802264722,0.7281945401048838,0.8227954112779302,0.18771231292757826,0.5863602968778903,0.3336673436144333,0.04746180739835548
ROI_013,0.7190364393570051,1.5257940559121876,1.3121116113072049,1.3843273709530912,1.1365131495688436,1.1526787700288939,0.628942619861577,1.1772649904588792,1.1495709537971008,1.6779957212472258,1.3242030886704916,1.6910277892466137,7.254328619247669,1.2886670108650042,1.315084739922103,1.53804999796647,1.483141132263102,1.5501539442514445,1.707552040574044,1.4525097501775892,1.5074798920123487,1.4339019073898938,1.4468990113873867,1.0497419343490066,1.5808270542132088,0.6882758151960502,0.6703035879447317,1.061114164079518,1.1665203989079092,1.387801454673464,1.33102505974553,0.9422330072517331,0.825630903651247,1.135344335139269,0.9249353194956448,0.11263300939608259,0.4435761641775587,0.5828258813817834,0.7742830104912092,0.41673195693942083,0.24975615154531824,0.801943559770996,0.31911055048656767,0.8528013785015512,1.0222091638404307,0.29205167237288887,0.04347693352610614,0.2247961599418455,0.3799857056581814,0.1625928243750001,0.7807952082509982,1.3000843095769163,1.2058490379055227,1.3032487500997978,0.9843475792333577,1.0979642984574338,1.0490723160670237,1.1073705312343431,1.1322936857946198,1.0973048036240272,1.3314198947140223,1.5466620441402625,1.4623519236830274,1.062894220885036,1.578856727756785,1.2636372551160462,0.7119157593976306,1.2835723949532656,1.024399024613358,1.34360261529518,1.3663897908012175,0.9637942928760812,1.2236366258022684,0.9054945849902852,1.0856943016258933,0.9717779736474577,1.3334288811591062,1.2102469561967895,0.5033486307799957,0.5753890875665608,0.5480911217458002,0.22102716781969262,0.05158130529532278,0.17614843398912297,0.3170214378553555,0.19738169193230118,0.48445408327336,0.6787451008133002,0.41199742272430945,-0.34189229276426003,0.3035925477416978,0.8687739018300791,0.6763959637650896,0.7634446471266447,0.7352699324039816,0.8194648954681496,0.19956411460540488,0.6766716196934519,0.424289237265753,0.07057033270068667
ROI_014,0.45842745626437276,1.312369590441113,1.540917490650749,1.5340717387138718,1.4561531106070227,1.4192337842980527,0.6362933942534111,1.732438039700546,1.7418114390295165,1.3282387348543336,1.5685065618204945,1.1086397457007895,1.2886670108650042,7.254328619247669,2.150608448542742,1.2134539270201428,1.1433919270582313,1.6542703477015908,1.53858141280317,1.1033200260960203,1.5477877135311213,1.2490197019708753,1.6096740805695986,0.6713912979131964,0.9326445729567002,0.5366923607163142,0.3942794186676779,0.8627076179186945,0.8549165059728736,1.116300612359072,1.1523372125252755,1.0885775639213564,0.5745504150168685,1.0077634889163318,1.0167184242974416,-0.11190293036157806,0.2361479748631285,0.6052960993856772,0.9287576504158087,0.4474408494070537,0.17331655892625697,0.7601849228893081,0.49954302487357055,0.6073991454491465,0.8429374129690934,0.39514417212367636,0.08837848529166355,0.33487787598105484,0.26971782516263093,0.06606296115396595,0.5160642790772463,1.1941880499314144,1.1496889026551287,1.518841854972193,1.1466110894593038,1.5947640450275866,1.4356737178452026,1.6398141088716134,1.1868911859358418,1.2671609931494614,0.9899705557212606,1.3059860646899146,1.311741082422248,1.7608347730016356,1.4170202247462862,2.0804018965650983,0.8310812033807997,1.4905347412732952,1.0026028638189464,1.3511074727534946,1.2327157892573215,1.1458188510153604,1.2543400411002663,0.9462062016221117,0.8597055202201571,0.6702519543072806,0.9329071473744205,0.7565044563542385,0.2710467618150342,0.5133831017111212,0.5729184631489596,0.40011382489873004,-0.033337735182053754,0.466883440760743,0.20855954068484964,0.5053398791760293,0.17418107227024807,0.5054662507764132,0.21270741723717154,-0.30279773348069616,0.3891607308325112,0.9028283692263647,0.5384098502557084,0.6359035289730397,0.6120464178270918,0.8024398630678635,0.31798649064099593,0.7154323247097293,0.37775334698783075,-0.0907293395418998
ROI_015,0.47186795405576604,1.3784685772903915,1.5374500736270376,1.6373028846909878,1.5953750190539406,1.5499213054054375,0.6871032744862945,1.6355963235885427,1.7390385963394384,1.341038400332284,1.538055835730186,1.1382964522544516,1.315084739922103,2.150608448542744,7.254328619247669,1.2911893545917128,1.1077581285382694,1.5803919056414568,1.5350025565889913,1.2472812800993642,1.695469705236321,1.2058104349549645,1.4494635774045856,0.6544937239148144,0.9399358251122103,0.48014808681843363,0.4230204534641744,0.9762760703744633,0.97337958929932,1.282143639912441,1.255046060038537,1.0544030675722216,0.5717773395604299,0.9440956483459366,0.9386114748480181,-0.0796174481136033,0.27899914359475564,0.6939029273182078,0.921011563946865,0.43094837637127115,0.1871635244169269,0.7473903810854944,0.4498393536856253,0.709339797462568,0.8587520911384838,0.48873734782294204,0.07253515259453135,0.34871823338442176,0.340179143899367,0.1297375095883069,0.5590709190008537,1.2993293767434677,1.2611805471268613,1.6381134746993973,1.3330172557998032,1.7316168505658045,1.4890169982476045,1.6783267128065378,1.3402329120824152,1.539735605958096,1.1328922069079554,1.4391846285862,1.533546361972847,1.9822766557927587,1.5966098272976306,2.5825672827953268,0.9567646859807472,1.6350764132515396,1.0331557436831615,1.3284004471338493,1.4519323335594325,1.2713747394617723,1.3964036209338184,1.089497666961383,0.9439717558354821,0.7797607737013392,1.0207129995165123,0.8342560799666486,0.3300843530808267,0.5300052840316591,0.6236282595281984,0.44972078101312635,0.030959191189545564,0.46059559284020374,0.25894372088484974,0.5904559422472627,0.20742697516107625,0.5763918791580825,0.23325370829788092,-0.22037795314044595,0.49048672069812543,1.054743702569816,0.6676870701484315,0.7089749463762558,0.7341895213271556,0.8926730506272414,0.40791909869499293,0.8523293876154173,0.4469974306581956,-0.05058341532141463
ROI_016,0.8066354103114932,1.9778234267993635,1.3875089435489638,1.7811159662286222,1.4273986662567888,1.3181032183941523,0.7037215253698703,1.2339834061043444,1.298867946504089,1.7531290021575505,1.2793166046009468,1.625422258956671,1.53804999796647,1.2134539270201432,1.2911893545917128,7.254328619247669,1.3791191329989418,1.465975420538224,1.4109484351235393,1.6994647380009482,1.3758221240713304,1.4629998493542427,1.2796947030735533,1.1328312312751592,1.396937840991635,0.6728279144956442,0.7326500180118424,1.270956471250872,1.3041881003901599,1.5294591539254039,1.3008013400951624,1.0173159866826864,0.8549145496625394,1.1944960441254073,1.0174158116313603,0.14977008036777578,0.5618929124055722,0.7446565460464967,0.9076036258164911,0.4371597881265925,0.28558406575645556,0.9104618165707092,0.4235107435068423,0.9087173183531884,1.1075568022725137,0.4407239993855139,0.06656819961720595,0.2043235766955533,0.4747119254026565,0.2082089171827964,0.7866271023406597,1.5596488444763423,1.7546084308699437,1.7108405885450584,1.365987599220563,1.1354360231276284,1.2255523549233789,1.2426518799261148,1.347135385600467,1.192581662393014,1.4125720464168048,1.2693724005498515,1.5963809554765889,1.1319042328118005,1.612861685802492,1.2267104356574032,0.9454067352320321,1.2726594558694224,1.129494988454256,1.3223069104998832,1.470981261730783,1.0692066621111045,1.3937025250035682,1.1573800854375418,1.221274165473187,1.0617200142378507,1.596487406451137,1.158338876997121,0.5274453928293473,0.6362014345738911,0.7577990853390513,0.3668486716409446,0.21428715968090478,0.3895137651719984,0.4507096069843923,0.40891384320458257,0.5335892226513964,0.8593093576623322,0.5212675022030165,-0.14719271402093861,0.4550188027950225,0.9963878031943656,0.9460823341665223,0.9292664340010763,0.9802658063527963,0.9622177705098475,0.37221696987792974,0.8444609342101379,0.49934656173293024,0.1236585748008775
ROI_017,0.5371756189876239,1.3824749431424126,1.1320952500677604,1.2646690159144451,0.9460724770271063,0.9233084210768617,0.33711728415437864,1.195186680060425,1.1243385083547124,1.5530801673649575,1.0977448019344886,1.485568256552213,1.4831411322631027,1.1433919270582313,1.107758128538269,1.3791191329989418,7.254328619247669,1.6023002569082105,1.5591623034446689,1.1035159069031475,1.3221259130937086,1.5742958237158027,1.1651371268814417,1.4230901227329182,1.3567084379728953,0.7921118480388317,0.7214488919382146,1.0166074042272994,1.205076892560579,1.165032348122079,1.0492826308256369,0.7199003626004954,0.6803746084896705,1.5730011105758037,1.0549531247985,0.04862949759290073,0.3803433383278392,0.36587082684056627,0.820715427756402,0.2693878285773558,0.06164419869000343,0.6783749202497794,0.22225835132800364,0.5489438705138348,0.8830301104526497,0.06541571696841222,-0.15658794338784615,0.003657712868358001,0.1484852354931504,-0.09715443877210966,0.5911946005845611,1.2000408393205482,1.2595892068650896,1.204872342679847,0.8751778830524866,0.9304627590615477,1.1337241744634783,1.1582344922076566,1.1079439594762182,0.914242254133564,1.154240387046685,1.17649555212767,1.1802728816182344,0.9711902441539932,1.3943291572274308,1.1094048530476968,0.5335701492139462,1.3121208182794781,1.484065525471572,1.6592068023888,1.2972920232068765,1.062821074902071,1.1156454349256253,0.9370057443610879,1.191452024437174,0.8976339491021905,1.0672084503837365,0.9115939654139954,0.4865949251146248,0.5062445121387823,0.7836262821051592,0.24252375697922635,0.08748646342267463,0.24194117855470607,0.5216043703142413,0.1396442220741446,0.39547479812727077,0.6617296514040913,0.5179580374593339,-0.42344618644267973,0.13498964494957677,0.7342487283108472,0.7065656866454306,0.6403291724675635,0.6930228570787176,0.5841823535650591,-0.010391674009365602,0.5919375591198721,0.1741363867091702,-0.11305734805884503
ROI_018,0.502283583779129,1.6918480245289398,1.6159085524449766,1.6393726337337444,1.3288787309378403,1.216694765576972,0.4730778773927562,1.7539860115530415,1.5731342448208483,1.5944643640469067,1.336939696512188,1.3748473559650496,1.5501539442514445,1.65427034770159,1.5803919056414562,1.4659754205382236,1.6023002569082114,7.254328619247669,1.8895729772107581,1.2369858182907647,1.6650029287315078,1.4739100050610194,1.3531165841847361,0.9707774252696383,1.155867059754108,0.6496180523644306,0.5682550873723196,0.9641025003311956,1.0712214075191497,1.2446424545338577,1.2001452039260931,0.9446283459511622,0.5965544136555491,1.4330528169315582,0.9995563347045815,-0.04761949408364531,0.3259002178072408,0.52252691580088,0.9181944989911786,0.38424236764881897,0.10576603088372123,0.7132975879115656,0.32191527527262104,0.5846005470709291,0.8505427405216662,0.20527207072649398,-0.06397027739368312,0.11282122039290397,0.17901271549934644,-0.047809393948487204,0.5540950919609653,1.4401321096050235,1.3284027813911754,1.536806137812635,1.0832570790947245,1.4044163090669763,1.516474981764229,1.5094744903950439,1.221461902489593,1.1295182127642358,1.153432768917712,1.3584923779701046,1.4103452381621706,1.374401812592604,1.6409395539047615,1.535497495469627,0.7236458529528375,1.5654080779119053,1.3348008530665358,1.8122956458739976,1.422295139712645,1.1564482986054363,1.2674890649089479,0.9986310539357737,1.064471336484818,0.8027798198313978,1.0948246946858178,0.8880624588967084,0.3757237472420965,0.5098391889655632,0.7484604750387001,0.3786098679511809,0.026788528330106233,0.35479147666029726,0.3923406902049558,0.3735486008848333,0.30155302802059275,0.6316521955740071,0.41549135527175013,-0.3935846612286022,0.26492974371751343,0.838880950147932,0.6360159163226018,0.5992666265284673,0.6533649852198312,0.7049049436079085,0.13054589163701766,0.7118866222671628,0.2836749975958444,-0.13573375995984363
ROI_019,0.5666188334952477,1.4729924626408928,1.38388174412861,1.4372552991587062,1.282705936981903,1.2618971287278455,0.5386303336329555,1.37936061156118,1.3500218769614154,1.5280165009343434,1.26347032254497,1.3506234235426742,1.707552040574044,1.53858141280317,1.5350025565889909,1.41094843512354,1.5591623034446682,1.8895729772107592,7.254328619247669,1.3055658215811186,1.5507003308472331,1.3897766495807027,1.4663222021796298,0.95385358318483,1.2430364081863896,0.5212914158895443,0.47635857237685003,0.9537339841426534,1.0566418172706293,1.2799580380527416,1.4127413125746644,0.9190232125739417,0.6595128779986096,1.2514946897871893,0.8551487945076369,0.028014083155968626,0.34868939464280996,0.5276374223783661,0.8532771966551203,0.4018198426335816,0.16499154141620342,0.6413257278893155,0.23295299799795396,0.71527230609028,0.9011708207348866,0.2265664718385185,-0.053907191617017014,0.17357470615905599,0.28833518314029455,0.06279895528056366,0.7251744769384758,1.3542535168613503,1.2138066323908752,1.4132857036234885,1.1043678276745867,1.2733971098089327,1.2253648086317093,1.3686454654135507,1.1583834004748903,1.0980898242135895,1.142779465458443,1.4454465872166498,1.436557401995895,1.3077652157653468,1.7046571050773456,1.5348554420463028,0.7496061788238167,1.603536393990139,1.2609544966258162,1.7182573325134765,1.286770661564312,1.1184457291788896,1.374560792858221,1.0152569753293783,1.0049556092155356,0.805246277480733,1.1639506470267176,0.9394207614177296,0.5385916519947177,0.5720372795828566,0.6670785037267158,0.3635103344557875,0.03590192241090152,0.20807783832029378,0.2934805000930846,0.2885348061231861,0.34107060798677175,0.6412674887930809,0.37628924398294017,-0.345414519264153,0.3388261447531404,0.923856770515526,0.6719491790832188,0.7213810466199638,0.7505810985302561,0.7771270469565184,0.17131544875851962,0.7337621301839437,0.38494486337877937,-0.005303400623786244
ROI_020,0.9158407111712693,1.5359796314076433,1.177508461060824,1.3883396507236434,1.4203548693100583,1.3905679596375953,0.840415387471208,0.9808171806370323,1.0956129727821309,1.4309735123556597,1.1232734593041525,1.4124273278506754,1.4525097501775892,1.10332002609602,1.247281280099364,1.699464738000949,1.1035159069031475,1.2369858182907643,1.3055658215811186,7.254328619247669,1.3126545650296713,1.1446316416714957,1.2507065503665167,0.955239933057549,1.2273833037566024,0.4653530070289912,0.6416885666548263,1.1772609775900025,1.2477558031816587,1.6467195177965963,1.4728451601679766,0.912085495707197,0.8795775701290743,1.0028278852715822,0.790481239317208,0.2856106926913707,0.6621871297007103,0.7293729070391879,0.7950634822611399,0.521606104088009,0.4162918369726271,0.8467252494671061,0.29864258477869693,1.2226976183231735,1.2262451301338304,0.5279520537705776,0.13915043459330884,0.3832406969657988,0.6199422160381167,0.40924915268483814,0.9111736795569797,1.3552258112760964,1.3499634661259692,1.3968360679460372,1.4810955649987576,1.114794483787332,0.9995958183185266,1.0669588823778082,1.174490298056089,1.068410762007247,1.2238263690069477,1.159807492206139,1.4733584084416667,1.030758650448409,1.700439442807115,1.1588885389921066,1.0907801664658623,1.1281727740775016,1.0078187138364525,1.2169647573059146,1.3560570284944697,0.9248878637048495,1.3042847466572434,1.2377118399589706,0.9997047931442796,0.9795769027496577,1.7964721993989448,1.1513293001463396,0.6938139982647973,0.6579603029076152,0.6961423480462782,0.4657177860154345,0.2903284288674315,0.2777996537505326,0.388124232259808,0.4246064383569977,0.5989227333078634,0.9554808317422323,0.6296769252398813,-0.013754110098105548,0.5552594990886064,1.0158931155666202,1.0069320192970448,0.9164163615959843,1.1311197676188725,1.0706502259678896,0.47458243856777194,0.9659969692377544,0.6683455241915539,0.27355713541333765
ROI_021,0.5365000878661357,1.4399273643849968,1.6010986411708943,1.4291654153487086,1.2172966001598329,1.1718071653416071,0.5465670843651299,1.4796764568620067,1.3948907776233044,1.5820211534640374,1.412691888410815,1.3929173842831943,1.5074798920123487,1.5477877135311213,1.695469705236321,1.3758221240713309,1.3221259130937082,1.6650029287315071,1.5507003308472331,1.3126545650296713,7.254328619247669,1.2115475188517943,1.3339367789731085,0.8389280389309821,1.1341015849251004,0.6141090306704167,0.6405360303416783,1.0607419735264803,1.246162864821407,1.3335729287126816,1.2544179968760367,0.8568791486525841,0.7055982435592343,1.020996467941866,0.9632267791150773,-0.0471603213321959,0.30382550073451414,0.5129979959930537,0.7729947620458358,0.32107933827788687,0.09553188810296183,0.748952367920204,0.3066457342595324,0.7405527428954138,0.9113192511985112,0.3423989676371275,-0.015112860102576247,0.24018750589343088,0.2533506761371671,0.06242576273535037,0.6214262385602112,1.352883884680241,1.3154281744466607,1.4446213396321839,1.1156098094194684,1.3027916478563921,1.3355212913497523,1.4095396883656088,1.3429942625826325,1.2373744860590918,1.3369783834954818,1.4954576678286655,1.4933804870956497,1.3045346746645567,1.7339607305085494,1.6162525579722589,0.7238485205056581,1.4651645023924678,1.1010833962907438,1.3697418119306202,1.8710094127747519,1.1431625698147776,1.2441642501691037,0.9669805137502291,1.1324316423752614,0.9143337163514768,1.1191195878911908,1.021184296359962,0.3827818788801237,0.4618507517804804,0.5998941522845714,0.27884460557112917,0.05739860053308304,0.3352817561598719,0.38777146810323143,0.3543482060323611,0.29740402119780657,0.6837351858077262,0.31837781494957035,-0.36353628383437164,0.3583836428996099,0.8744299417070507,0.6741556630547342,0.6336879932709639,0.7089713323707441,0.8748863049381007,0.23712381586353384,0.7126769861320114,0.3061109033906825,-0.07376856304097348
ROI_022,0.6043581891873884,1.3401473635568073,1.2660322908969852,1.431846502304005,1.1851370394686933,1.1475466463220583,0.5947639169030061,1.1976661863763793,1.1868220398617872,1.4767688462164295,1.328610031541029,1.4599938797283372,1.4339019073898938,1.2490197019708753,1.205810434954965,1.4629998493542427,1.5742958237158027,1.473910005061019,1.3897766495807027,1.1446316416714957,1.2115475188517943,7.254328619247669,1.313273305067999,1.16540598293755,1.256075896385304,0.9033419289169193,0.5739108903618261,0.9949886648756562,0.9958211449097518,1.2262705663026232,0.9777720631430594,0.8843006827066451,0.7393544469168147,1.3569628758758467,1.1450151564725126,0.049317357069734925,0.3637933407364714,0.5899108592080127,1.0265712191975096,0.5421309449694134,0.24382901250328523,0.8970830818020521,0.48308349225274144,0.5780340989728812,0.8811596908821756,0.21669827203238437,0.08764840351816455,0.18565959916169442,0.3351849388893208,0.062488244545088036,0.5722814484218154,1.0760365217091952,1.1552181558969912,1.2590827907314897,0.98133501248237,1.0387154760557482,1.0535215445470894,1.059613502512904,1.0542187545653494,1.015717728326566,1.0878032534121078,1.062934346152613,1.1501655328457954,1.012391076562428,1.2391547556984208,1.1878368346800665,0.7165641551754907,1.1811237164052848,1.0963924880084472,1.2720825036195271,1.1544958892892088,0.9824697669644282,1.1151696523695813,0.939724091731472,0.9655154113047882,0.81710359485434,1.0993360439914568,0.918564449970072,0.3392932292020325,0.5381104282411306,0.6294318682645614,0.3351301934114603,0.0017219068801544784,0.3501503506531322,0.29017674317019726,0.3146084572149293,0.37772830360657217,0.5894189890515265,0.47205324172063495,-0.2846172778948545,0.21451959647192456,0.7213909526159706,0.6227395622020108,0.6155332917689432,0.6868841926328731,0.6151852784953163,0.15928020046597854,0.5780702812482251,0.3794082426160217,0.006380681248806931
ROI_023,0.6926367185345538,1.2616213184338538,1.27256861265456,1.3192455429280885,1.239173650023459,1.200823194912703,0.7122719827615751,1.135931808651302,1.1567472706026383,1.380571208706438,1.2942071597144396,1.233178132185618,1.4468990113873867,1.6096740805695993,1.449463577404586,1.2796947030735533,1.165137126881442,1.3531165841847368,1.4663222021796298,1.2507065503665167,1.333936778973108,1.313273305067999,7.254328619247669,0.8348011757940298,1.127923194467609,0.5788495467549202,0.4574281258920261,0.932729637524342,0.9143657067531487,1.3261391433729495,1.168636353259094,1.0300725974928462,0.7392730029745155,1.0440294236127456,0.9450436951411897,0.052484268185847664,0.3850637886871853,0.5912956596623465,0.8091541908396952,0.5462752480456747,0.28385864822369317,0.7275770952628579,0.41694370282210597,0.7610956861163548,0.9464768565296823,0.38241693791895914,0.14688545090896957,0.3882067991806187,0.43982890493258636,0.23713664784645044,0.7552985935873923,1.1040186455610697,1.0597569772873068,1.2392640636699546,1.012276467208021,1.1621693892868636,1.0035455765040238,1.0826793068043505,1.0340119447541365,1.012674175318889,1.001381101487637,1.162905880854869,1.2228941667029125,1.1378407634823113,1.3621914547424896,1.3881374553727572,0.8790593788801853,1.1923712731732516,0.9091987941146297,1.235566984553592,1.1187807325431396,0.9246624259025127,1.2387395184872845,0.9664557028280811,0.8380315424252679,0.7602413697342949,1.176995404736205,0.9644040344094935,0.4397455240236145,0.6576164282099503,0.5155300146199944,0.3576052889826508,0.057203844096181844,0.2697786280066804,0.19263518651876357,0.34521095784599215,0.3877955775202601,0.6045174673218218,0.35663849513827667,-0.2228196730408316,0.3815864578486879,0.8392539887484929,0.5526985565219695,0.7233556578573145,0.690112081071675,0.7658671363931381,0.32111384982382835,0.7335836193627029,0.4981723722090683,0.12294548334226815
ROI_024,0.6553302220237924,1.0331100112464744,0.7478474506726867,0.8912495643549745,0.6791234232184135,0.6325928717080186,0.26325983028386196,0.672966538729239,0.6716448843037877,1.1114237408591487,0.7168544919531429,1.166070063708513,1.0497419343490066,0.6713912979131964,0.6544937239148144,1.1328312312751592,1.4230901227329182,0.9707774252696383,0.95385358318483,0.955239933057549,0.838928038930982,1.16540598293755,0.8348011757940298,7.254328619247669,1.2417654363179205,0.7783427486389186,0.8311447978450099,0.9465280828030158,1.0908767261476042,1.0260871478663438,0.7478680126221263,0.5124632319596395,0.7499361081903521,1.3200030847986597,0.8735036812312887,0.28451105566517904,0.6075343260694356,0.31718092615450794,0.7447084974000981,0.32678726195979707,0.17894049278357327,0.6120605448177895,0.16418427939317384,0.5087991230924599,0.8363234277386782,0.022668256694269296,-0.054383267943119,-0.042386669313324146,0.2016614210602402,-0.008514326528948426,0.5658618243125809,0.8635180639734004,0.983350236919881,0.8075420197745485,0.6768231243102643,0.5231251108634916,0.6909433339782006,0.6789973653144059,0.7705186515009222,0.5551479494574393,0.9205407572258409,0.7061863504948053,0.821544826706544,0.5335564787271019,0.946667392514829,0.641753308797429,0.4034701563105209,0.7517484558216866,1.0796069699410704,1.033204808495923,0.883509524603748,0.6610539788294245,0.7813392107650081,0.7662113117686669,0.9649935202065958,0.8274209233878573,1.0105467459588393,0.8768722800838317,0.5998253017536268,0.4503273718991931,0.7838956949576896,0.2111334427258578,0.25083008770950843,0.13571140811583127,0.6107860621705333,0.01738221747555571,0.6350038373064482,0.7958196234323293,0.8577694519361624,-0.23103368574089592,0.08744036522689266,0.5186412250627126,0.7879288503639704,0.5769963341876128,0.7613286558947469,0.43324242687992404,-0.04242839241305481,0.4948586061757642,0.14194354872449247,0.06958735257962365
ROI_025,0.7289049740367455,1.2460139252199465,0.9925783942092722,1.0981989065875168,0.8753836529767882,0.8746330802189475,0.5094500231817054,0.8905227522466683,0.8614876704372707,1.6368530869373417,1.081601478465851,1.7438234189961872,1.5808270542132088,0.9326445729567002,0.9399358251122105,1.396937840991635,1.356708437972896,1.155867059754108,1.2430364081863892,1.2273833037566024,1.1341015849251004,1.256075896385304,1.1279231944676091,1.2417654363179205,7.254328619247669,0.8205337074697681,0.8041125095520005,1.1537436339068206,1.1445765059636566,1.2383793294558527,1.0421620600950667,0.753905131449906,0.8421714149871309,1.043581991977187,0.9286343073488674,0.16396710496513558,0.5541621361487935,0.4758875530219847,0.6794009760231015,0.3391055139295235,0.20104689591567748,0.806892385336101,0.30407336651188693,0.7885066209635774,0.9765501930814631,0.24851444784854357,0.03052340631314787,0.13027528498172813,0.3668810531253845,0.15026628055269134,0.6977907141316696,1.0466889665139048,1.0961150591690019,1.0315930221818745,0.8290862907519554,0.7578946607116643,0.8339328682994845,0.8571540456916682,1.055826983494243,0.8498670240882134,1.2479333529109935,1.1212076889863873,1.175076890358313,0.7677534499148573,1.2528052976008137,0.8934764212163208,0.5574926467840879,0.974020093102492,0.9339527681048424,1.1118989650032245,1.0827738729156628,0.8181053110280512,0.9356971725707534,0.8399775724784677,1.0951508125395504,1.008032497954453,1.2319045036457552,1.168700577455832,0.5518649550577392,0.4925361855355109,0.5098303926302096,0.14420689155339184,0.08211709657160887,0.1377371315909484,0.37216525602004064,0.07240782715531294,0.5718000942089398,0.7734064881936294,0.5219521767467348,-0.3433489878776189,0.18180692849768232,0.7128923835459707,0.7033344212167175,0.697946650648527,0.7438857074167247,0.7517356628795804,0.14550855988348804,0.507779290890138,0.3050357096692273,0.13722873400975005
ROI_026,0.34566220882194254,0.6330699548329076,0.6209725494119763,0.635240654802557,0.4089534948439483,0.39323205575315995,0.23785943814129212,0.6052453523210537,0.5175441766890778,0.8116868063197994,0.7928514248933601,0.8875190542036245,0.6882758151960502,0.5366923607163142,0.48014808681843363,0.6728279144956442,0.7921118480388317,0.6496180523644308,0.5212914158895443,0.4653530070289912,0.6141090306704166,0.9033419289169193,0.5788495467549204,0.7783427486389186,0.8205337074697678,7.254328619247669,0.793095430050385,0.6314700858105817,0.6004809355766246,0.5217789566792823,0.328943679870333,0.4405030623490716,0.42573200188688903,0.6798398385075965,1.0380899965169195,-0.07519400938610403,0.201614105559231,0.206891041627772,0.46936288160665285,0.19005871338168615,-0.018314719085925166,0.7334555638271225,0.5886041207105993,0.18291342094314741,0.4588711169846794,-0.014439903043004094,0.06754016671417776,-0.04674875717611991,0.04569575621033072,-0.1403603452150721,0.1594096497167109,0.5072344370402879,0.6036895090131671,0.5523964300079808,0.31958474596888015,0.3719478326219626,0.552593304889445,0.4610598756773503,0.619510559784764,0.53876656383462,0.7299691398456855,0.5422053683811611,0.5390466263589938,0.39463839801224315,0.49040589099568294,0.4542907947614304,0.20340890347769014,0.477792093497895,0.49354705045428054,0.5380510456405166,0.6117710129243872,0.48215455765559273,0.4349014478510989,0.39954583067864413,0.727918276043616,0.6063312411389435,0.536942549008743,0.645986862223542,-0.08288302941306702,0.15826102620170068,0.2239615364410068,-0.10167077607984287,-0.08773306369425299,0.40397630173093774,0.3196501253491423,-0.009768986920359561,0.22084149180100546,0.2956507170241207,0.3239727912589629,-0.4476592268830484,-0.20826235488108252,0.22689301436165105,0.2552678855392592,0.21651249682510498,0.17046609833452056,0.2717326970509896,-0.09749560900518346,0.05193147282223777,-0.037193812253128004,-0.15862585975588778
ROI_027,0.5336410666102189,0.7384503421915672,0.5481602188948178,0.59343808342165,0.3890573760868738,0.3392396610022909,0.19968190839590208,0.49322040366962294,0.4552632034400827,0.7906832617883585,0.5279331095464749,0.8206912957496943,0.6703035879447317,0.39427941866767796,0.42302045346417444,0.7326500180118424,0.7214488919382146,0.5682550873723198,0.47635857237685003,0.6416885666548263,0.6405360303416782,0.573910890361826,0.4574281258920261,0.8311447978450099,0.8041125095520004,0.7930954300503847,7.254328619247669,0.9296035717977392,0.8915826697363516,0.6616017387125973,0.4561649135737994,0.3633581865457837,0.5534136305905354,0.5867659320941437,0.7952930338399984,0.21057397824381968,0.5514981871109846,0.21032664509443771,0.37320699947725083,0.027635767639585498,0.029019680484773127,0.6360567971068107,0.230977906799652,0.5398222562182883,0.7495515602529162,0.22239217775370015,-0.022458306437948855,-0.04825251313242037,0.11440737756996346,0.007122140177156905,0.33006998598902937,0.7024805139053505,0.7556234699933261,0.5997607450956205,0.42378393449122775,0.32554651168234944,0.5740864883972469,0.48677662280598044,0.7015001152027194,0.49822764120196994,0.8297799672119459,0.585408436837045,0.6275303899837834,0.34681765550470756,0.61471559234541,0.37894927195859873,0.23990064910401898,0.44535338390299994,0.6088910907855765,0.5748487800106474,0.7446928201209669,0.4868614387338813,0.4886801627394858,0.5138073767850176,0.8891596236216243,0.8130995686785051,0.7035719891738628,0.8224203742514268,0.26835544751595997,0.19344347409389795,0.4588579142171993,-0.02762788930180884,0.4150669400607602,0.30562766156144283,0.9290008447630501,0.03699924692833196,0.46775006778625133,0.759159023445328,0.5751811085564593,-0.1978269140588501,0.07979128906104048,0.39379749762948724,0.6905475684622836,0.4398576136358533,0.4828510960010942,0.502709358456667,0.10117775940653012,0.36196080602615877,-0.02728680766249739,-0.030877603497532616
ROI_028,0.6261520780046594,1.2127995468886537,1.0136471299004093,1.10699961659404,0.9399993522596165,0.8399136750312687,0.49323877198553895,0.8604854954045614,0.854874686116102,1.3680235742419082,0.9244251971249031,1.2341818224278742,1.061114164079518,0.8627076179186945,0.9762760703744633,1.270956471250872,1.0166074042272994,0.9641025003311958,0.9537339841426534,1.1772609775900025,1.0607419735264803,0.9949886648756562,0.932729637524342,0.9465280828030158,1.1537436339068206,0.6314700858105816,0.9296035717977392,7.254328619247669,1.3727799440999455,1.4726111651196805,0.9194997741653044,0.6703314368414254,0.71539747456338,0.8352468254816942,0.8944337292385495,0.10993171994607889,0.5130326152000132,0.533341081306903,0.7211491280976379,0.28052950082948785,0.1497189332217283,0.7358878170282005,0.30178997396302165,0.8766715824048863,0.8917572734220408,0.4820198433727125,0.0169047011009115,0.13505646019003678,0.33895845501427635,0.1603502424632032,0.5401474839689862,1.1503150301944007,1.2341805427238612,1.089783277130434,0.9459708077113353,0.7578638773111263,0.9373642898252573,0.8925534728914211,1.2837067915389637,1.0065641240445713,1.42493019703849,0.9904529942187018,1.1920295512913872,0.8305761510653861,1.1746426879361702,0.9121620492375873,0.700870316608169,0.9505739276352053,1.022354642957457,1.0297587665929633,1.1812213851796451,0.9885234835982074,1.0081517249441203,1.1108887448294087,1.2370278170254574,1.176802602242058,1.2506299246171793,1.3259640565589266,0.5133447145404599,0.4021230716418104,0.7282343589757235,0.3121563423516312,0.28337205667271737,0.37482133358880354,0.6139018645998081,0.3786700735839441,0.4134102153900076,1.0263496056253725,0.49235145865583907,-0.12332413040944679,0.39036295853174424,0.8421194473959398,1.058642428497314,0.7676408166689553,0.962679373346457,0.7844678578492537,0.36981524323014453,0.7846315173868879,0.2763381012154447,0.06848939500745817
ROI_029,0.6577392684316609,1.229317772644414,1.0310890728561946,1.1083933853882089,0.8911493035644097,0.8542767987317278,0.4267874452283332,0.8610885986697223,0.8827743751256885,1.319268801466707,0.9148144809382578,1.2654013099291586,1.1665203989079092,0.8549165059728734,0.9733795892993198,1.3041881003901599,1.205076892560579,1.0712214075191495,1.0566418172706293,1.2477558031816587,1.2461628648214074,0.9958211449097518,0.9143657067531487,1.0908767261476044,1.1445765059636566,0.6004809355766246,0.8915826697363514,1.372779944099945,7.254328619247669,1.3203547520352577,1.0367262345508128,0.6418284180853281,0.705235491317035,0.9526479604674603,0.825976316009166,0.1409299766244318,0.5248070146799411,0.4676452744537426,0.6422041393133883,0.21512778577495187,0.10745386306579548,0.6551824730643108,0.19039704819631545,0.83584827684724,0.9358467035006859,0.31241692331008586,-0.0956368542569541,0.09348250015853367,0.34636641976772775,0.10727838076844436,0.689186692696858,1.198782077093772,1.3336781170899565,1.1149966343013096,0.9516744848879485,0.7680003985153137,0.9726094991335541,0.9554128872218459,1.2096564902677323,0.9607147720982493,1.4298967525614747,1.106112554568751,1.2331726730445316,0.833233574388586,1.2710480009465477,0.9399968038578187,0.673786965692028,1.057001419617805,1.0935641851653592,1.0838586430957398,1.3842139373572226,0.9844280226964108,1.1160060814334105,1.070340870297145,1.2880261019934847,1.166019101950052,1.3290483364271675,1.1702732602902055,0.6045138953462109,0.4582501447033186,0.7776996434115612,0.2824440450217909,0.3475773987392679,0.2927221713980365,0.7101832064099103,0.2827676189339178,0.5466447805038954,0.9492763429649369,0.5368893608233888,-0.1538368269125712,0.3912065560280646,0.8910268210104827,1.0294072195649093,0.7643509498125836,0.9592152539655581,0.8348289790813511,0.2566510833602587,0.7677616541002429,0.28619682251096545,0.042058836745780336
ROI_030,0.7287430226260975,1.4218383353765487,1.256994771970566,1.3820802823534202,1.2846530280270312,1.1650814021969944,0.6524332849805167,1.0070964951914785,1.045335634212225,1.4468224489336243,1.0755066234034751,1.3752128478428172,1.3878014546734645,1.116300612359072,1.282143639912441,1.5294591539254032,1.1650323481220786,1.2446424545338577,1.2799580380527416,1.6467195177965972,1.3335729287126816,1.2262705663026232,1.3261391433729495,1.026087147866344,1.2383793294558532,0.5217789566792823,0.6616017387125975,1.4726111651196812,1.3203547520352572,7.254328619247669,1.2950906818209977,0.8336830609399117,0.8025310817618362,1.0036021079308919,0.8043286325156638,0.15146886411376465,0.5122868388905911,0.6934986264202884,0.890282803051278,0.48641900633555823,0.30001894305924914,0.7755973199506584,0.2746060263097039,1.0308935821070764,1.0041625816823676,0.5102565611423489,0.07916335445436644,0.28947261427451626,0.4683001937170713,0.25133869382814106,0.745624176309737,1.276542503393609,1.2915382391051755,1.2693183960028847,1.2064677625309181,1.0280574544618775,0.9950997695788695,1.0185751842063335,1.179372130245337,1.04245662582814,1.2994752487448364,1.1473765255799866,1.3752887081637746,1.008775076563314,1.592257907560242,1.2083533186879223,0.9312681096331714,1.1597031987261206,1.0648764891222027,1.2174273585920663,1.3693810758889473,0.9831841205686298,1.2546646235350718,1.1786899845683392,1.0452679577822297,1.0172458628768626,1.4569497785861396,1.2349356625253944,0.6488351266442965,0.575313371208393,0.7557588258266051,0.4275819578084408,0.2215770492505221,0.24290655629231186,0.4322039361582191,0.4294168048821891,0.4780203421890322,1.0094335246589936,0.5353577704167396,-0.09800704630041043,0.47559974894607704,0.9545009437512686,0.9398319192630208,0.7985534732533787,1.0552810581607213,0.8676486093236243,0.4161809058009303,1.0122677935851068,0.49119387149299165,0.15638180704061108
ROI_031,0.7185661220411451,1.2533903689647077,1.1357036494818031,1.2707434392513086,1.2650859067436193,1.2517727728029902,0.6551978062041457,1.0672793573351604,1.0878603843655104,1.2338269881452033,1.0526450404642518,1.1458231573858102,1.33102505974553,1.1523372125252755,1.255046060038537,1.3008013400951624,1.0492826308256369,1.200145203926093,1.4127413125746644,1.4728451601679766,1.2544179968760363,0.9777720631430592,1.168636353259094,0.7478680126221263,1.042162060095067,0.328943679870333,0.4561649135737994,0.9194997741653044,1.0367262345508128,1.2950906818209982,7.254328619247669,0.8798458716698613,0.651904100452005,0.7939044376230181,0.6425409116792028,0.051055541516695974,0.3852741625051497,0.5885722500580303,0.651298091857325,0.3139267949775864,0.22400241077679595,0.6956098909700842,0.1944556555042266,1.0953210688457564,0.9837497378379344,0.4527167609393911,-0.01727131632660839,0.2830877480249049,0.44054883447234633,0.21928044611904066,0.8693760661391595,1.2996422602096154,1.1637810956757104,1.2781281817326366,1.1794275546946547,1.1160363117396888,1.0164574486954152,1.1419095297521986,1.0838358193141215,1.0182367103852483,1.0925566680851186,1.303757067258933,1.3200269025630529,1.1207721891407108,1.550747188300321,1.2481070843212392,0.9496093384295592,1.2358898610649784,0.9171648506415181,1.1792883987136216,1.1605040405758498,0.9387678455591097,1.22402830130999,1.0070148659323879,0.9149349656870724,0.7832093890869686,1.2070106474415456,0.9607440375689267,0.6986402423182424,0.5605653444084194,0.6150785853642078,0.3362583343057421,0.17884996017715876,0.23839434449554558,0.2992077753923029,0.3879514133395241,0.332103573589293,0.8250530804364553,0.3193611759714956,-0.17867703484779757,0.5498683287330344,1.0359183436762698,0.7900735697554025,0.9061195231196322,0.9427483767334642,1.1636708278034584,0.4432166945895384,0.9297979093975755,0.5656424145921191,0.10588466371318109
ROI_032,0.5991048424808808,1.0196094816761312,0.979267893372368,1.2098885249905873,1.2220869449497582,1.1603372596726023,0.775912296300661,0.9770395926595292,1.0813798842145625,0.90828200937357,1.0478167150817939,0.7989361815606897,0.9422330072517331,1.0885775639213566,1.0544030675722216,1.017315986682686,0.7199003626004953,0.9446283459511622,0.9190232125739418,0.912085495707197,0.8568791486525839,0.8843006827066451,1.0300725974928462,0.5124632319596395,0.7539051314499062,0.4405030623490716,0.36335818654578367,0.6703314368414254,0.6418284180853281,0.833683060939912,0.8798458716698613,7.254328619247669,0.6042054598698933,0.6947158620040369,0.7521723907225024,0.044096885383528656,0.49796144405063875,1.0314967753985729,0.7512837703416799,0.5753640320489345,0.42715817198862593,0.7068448473890182,0.6117481658921118,0.6953166683485329,0.8560360558612274,0.6345261117530278,0.34147176385315603,0.4253620726502075,0.5300502903870095,0.2924260532622113,0.6145767139159746,0.9367955137556558,0.9460789083536878,1.2209602242728614,0.9365679898738548,1.1290276151869274,0.9372259309608264,1.0105138765828596,0.9391419553528583,1.0128257609319162,0.7605091411665598,0.974876875018307,1.0586320489482148,1.1286406075543842,0.9202368353969196,1.0339900400327344,0.921216728285142,0.9602801026300983,0.6463506183816646,0.8320486193117237,0.769271133266784,0.8185183643790367,0.9988068531761822,0.7772754833706386,0.599231485265852,0.6753753032691169,0.8426474345835372,0.6573550356265682,0.3353971914987241,0.9891373815914034,0.4850774565273597,0.4707273590987139,0.18642402629979826,0.39220556029426984,0.21102150271807343,0.5672056561866446,0.3891679354549278,0.45681298766860284,0.18580495200371572,-0.0282404899116846,0.54275358033918,1.018621087784359,0.5692093387503583,0.7790377506273272,0.6395225291039851,0.8053961586464184,0.534188420789702,0.7126512823935999,0.6102701667835699,0.14339859840937047
ROI_033,0.9886603071790147,0.6997223969906001,0.5949339022688034,0.6504494374853492,0.6515975228645063,0.6617239176162515,0.6824551289231339,0.45773506877875736,0.5755211360529906,0.7350278620215192,0.6129754681301455,0.8405862880346516,0.8256309036512472,0.5745504150168685,0.5717773395604299,0.8549145496625394,0.6803746084896706,0.5965544136555491,0.6595128779986096,0.8795775701290743,0.7055982435592343,0.7393544469168147,0.7392730029745155,0.7499361081903523,0.8421714149871309,0.42573200188688914,0.5534136305905354,0.71539747456338,0.705235491317035,0.8025310817618362,0.651904100452005,0.6042054598698935,7.254328619247669,0.6395311458599149,0.6769901185077368,0.5607761561435455,0.5786018202185982,0.5166241943990016,0.6116420670430706,0.5248399082007245,0.5658361932957039,0.7555516090846452,0.3136104184737556,0.8905266911890098,1.0843926995800461,0.41920114510406137,0.3655241672128124,0.4694576853235941,0.651640309881632,0.502662220507464,0.7392310908436156,0.5868340798660422,0.678668829568798,0.6724354226705223,0.692693691453516,0.47259770199789325,0.3991137412646101,0.49659908927578233,0.5463113295823542,0.4858986808996212,0.6448359829190258,0.5724211931349829,0.6657333015858113,0.43299774763126386,0.732437931472001,0.5188172728839942,0.48330669533917586,0.5188667534813379,0.49549363490079623,0.5626487008377399,0.6979346035284526,0.3559065353233868,0.5894069239170531,0.4907892961092643,0.49433014392670555,0.5947908405617657,0.8401696208090533,0.6716301083030684,0.46272662856341645,0.5110657520678217,0.29378154359178793,0.2372040759841205,0.2629917863132023,0.008063499361688995,0.19852471656537138,0.06918671523192607,0.7934716704850602,0.6388558698434318,0.5307059710696445,0.032400172783698285,0.33720583919818686,0.41851998289694176,0.6076392677800999,0.6180858746380495,0.693017499760353,0.6807632488865805,0.2818359945155248,0.3902314773636576,0.4896201234512199,0.5305892829432516
ROI_034,0.5208158678413676,1.289098193993664,0.9851641680778799,1.1151124480957493,0.918564487195071,0.8296053393872181,0.3173538543697303,1.0052711020551837,1.0218468051223526,1.1697618167180805,0.8426393566740726,1.0924284004438642,1.135344335139269,1.0077634889163318,0.9440956483459366,1.1944960441254073,1.573001110575803,1.4330528169315582,1.2514946897871897,1.0028278852715824,1.020996467941866,1.3569628758758467,1.0440294236127454,1.3200030847986601,1.0435819919771865,0.6798398385075963,0.586765932094144,0.8352468254816942,0.9526479604674603,1.003602107930892,0.7939044376230181,0.6947158620040369,0.6395311458599148,7.254328619247669,0.9823618405724738,0.15329276581873455,0.4665562737820614,0.3965023178312988,0.9050930246777095,0.4354371601646467,0.17053263424888473,0.5916003232207638,0.2384474158707759,0.42164755319719005,0.8098255965046368,0.02187651266475833,-0.06914455763598636,0.03427844882557335,0.14612772771728635,-0.06646907908861706,0.5668304855079882,1.0288755554729094,1.0737082856306406,1.076263275508156,0.8339582202897318,0.8706735992336446,1.0043216186759893,0.9911010701796417,0.8689225398169458,0.7446350592502967,0.8414088755966213,0.8543997474645472,0.9731172050071427,0.8466998212611205,1.1156273950891542,0.9243757235101601,0.5488981589473901,1.05686247089146,1.3702496993059592,1.4691074850213215,1.0023705808996701,0.8893174772019895,0.9893751587298902,0.9254623957635936,0.8911713344841503,0.7229936770810997,0.9546201466204677,0.7083730580341905,0.44692040865636085,0.5327304769211969,0.9195357108285613,0.45111151608914063,0.1628790952161275,0.2641431115614061,0.5292899217876998,0.22857356878630003,0.5285220516184687,0.6244960430401492,0.7337833472724669,-0.25183720233240353,0.1518548619758507,0.6013559390547571,0.6657904230774832,0.5286676078466455,0.6704081767735942,0.4378059394607055,-0.03791020658471431,0.5954166161278901,0.19081789301137994,-0.05635977619870265
ROI_035,0.5453346062154278,0.9667053615181241,0.9462073585744583,1.0445422079783326,0.8302075591661331,0.7993038605625121,0.5016652930738726,0.977494076380386,0.9747690434040155,1.0735486652643413,1.1214464969066813,1.013697916889185,0.924935319495645,1.0167184242974416,0.9386114748480181,1.0174158116313603,1.0549531247984998,0.9995563347045815,0.8551487945076369,0.7904812393172077,0.9632267791150773,1.1450151564725124,0.9450436951411895,0.8735036812312885,0.9286343073488671,1.0380899965169195,0.7952930338399983,0.8944337292385497,0.825976316009166,0.8043286325156638,0.6425409116792028,0.7521723907225024,0.676990118507737,0.9823618405724738,7.254328619247669,0.07986249943587435,0.3959679913398597,0.4078084452376313,0.9226872871769559,0.36867259086919046,0.20879932318436828,0.9309220529672096,0.7730635720241137,0.4366563531262737,0.9745828974776477,0.3077724209763669,0.23073198267522033,0.25674601894715443,0.23852513090976696,0.004886345687060492,0.32428059836861717,0.7945703461327154,0.9507517923442725,1.0022655767451591,0.7746403038821327,0.7370318277200749,0.9212349327094592,0.9441462976303674,0.8942845179539977,0.8298808884905291,0.8564214533194532,0.7754270963905664,0.8498600995643052,0.8192373427864186,0.843734578899285,0.8673759861315152,0.5010813080886352,0.81701311688916,0.794081055396445,0.8664625804311767,0.9093783282643354,0.7442516527865429,0.7442397354706722,0.7036486575682528,0.8104151619237422,0.6188515763583308,0.759820544309535,0.6371501479378175,0.06693874184143173,0.30165692122098486,0.5052668610418245,0.27583761621070346,0.12156162842194813,0.6235629589910139,0.42418452255444417,0.3284068542915061,0.29511354149307917,0.5455492506230878,0.4369187552936527,-0.253001926471543,0.1456441914273446,0.5192942202562026,0.5491640081093564,0.4691346137461482,0.5303483941566973,0.6183832959086414,0.21813504500543782,0.3807012864428224,0.1680334208043788,-0.06534129677687106
ROI_036,0.593951445104309,0.044077271985272455,-0.10958187740169065,-0.023052597264068733,0.07648740692063494,0.13721587212162337,0.42807894691515747,-0.2567581138359196,-0.0721244441975958,0.006210387162587069,-0.08523901458550613,0.07632469846002743,0.11263300939608259,-0.11190293036157806,-0.0796174481136033,0.14977008036777578,0.04862949759290073,-0.04761949408364531,0.028014083155968622,0.2856106926913707,-0.0471603213321959,0.049317357069734925,0.05248426818584766,0.28451105566517915,0.16396710496513558,-0.07519400938610403,0.21057397824381968,0.10993171994607892,0.1409299766244318,0.15146886411376465,0.05105554151669598,0.044096885383528656,0.5607761561435453,0.15329276581873455,0.07986249943587435,7.254328619247669,0.7423847493946621,0.21932329787770008,0.1695005079002589,0.5040951737884762,0.9289874998783484,0.19497896946180374,0.03299257219772123,0.42673766036084965,0.5132993463993132,0.2182066061102127,0.563058210475037,0.4628205364722268,0.6902784069586881,0.828922759342634,0.3262163238319586,-0.03813442624800857,0.03403584645808109,0.012887498241940566,0.2042941001287263,-0.11825107845891211,-0.21214470287612247,-0.1094228957452183,-0.11873714666332708,-0.11921219403360202,-0.04363656945177683,-0.11010589458316743,0.0036031782438047176,-0.16310683825072883,0.08197976042633866,-0.13082303580781487,0.1453324232269638,-0.11209926589095752,0.0032843001097481814,-0.003109840006146424,-0.02424069157703411,-0.2213116077677191,0.04048976432487756,0.11686154270003139,-0.1016004522916407,0.02446991870984191,0.28438618928351445,0.05160160440251367,0.45763980009789323,0.21686619513268804,0.046050020481569774,0.3157875130629366,0.465609965603889,-0.2790922726671563,0.03762911003261617,-0.13817457337164077,0.8057158620791612,0.2463241465459549,0.7177639168697334,0.6054302044884199,0.17809600567747075,-0.004721910995527353,0.35328154870947015,0.17764831901681938,0.4082734345318047,0.1634897938809346,0.20643034209877373,0.08339676254102729,0.44151819691900124,0.970777302949808
ROI_037,0.7182284691472726,0.5074306129920442,0.2753351819279786,0.43901127068282875,0.4254448768848456,0.4197751584832,0.48176476446005756,0.16572214496707,0.26486212800260894,0.42463289825532574,0.2595432359491219,0.4470411676693128,0.4435761641775587,0.23614797486312847,0.27899914359475564,0.5618929124055722,0.38034333832783923,0.3259002178072408,0.34868939464280996,0.6621871297007103,0.3038255007345142,0.3637933407364714,0.3850637886871853,0.6075343260694356,0.5541621361487934,0.201614105559231,0.5514981871109844,0.5130326152000132,0.5248070146799411,0.512286838890591,0.3852741625051497,0.4979614440506389,0.5786018202185982,0.46655627378206127,0.3959679913398598,0.7423847493946621,7.254328619247669,0.5256648542264807,0.4301309059500475,0.4936276691250579,0.6673673965423627,0.35921595534599277,0.22709731068907674,0.6279229453935626,0.7695232098907218,0.4527734076963465,0.37451128127347383,0.3553102779549716,0.6416389070538436,0.5755624484629174,0.5185249091194203,0.4359717353423565,0.4992719352639285,0.438032936398341,0.5167385124143895,0.24832914221098157,0.2597507101676156,0.27326421555194363,0.38419596537494927,0.2762465602522451,0.38702484387561353,0.2668457360912393,0.44089964979576585,0.22133961075122432,0.43676429360666313,0.2260897690731856,0.4699259991909754,0.23757751254330403,0.3735314626293815,0.3736165282936262,0.3528342815312149,0.21993273601520108,0.4304832124305105,0.5113426478036255,0.33592838956113474,0.4759609301725913,0.657861533719804,0.4847682589577496,0.5914847711873582,0.54436907069764,0.4284363938301339,0.44735670258321036,0.6577960782753822,0.07371206195059357,0.4173192695877192,0.15912603591535615,0.9733925400374409,0.6626066504376023,0.8666954963723792,0.39817633700349403,0.4111826551948867,0.45718964004453705,0.7058697888510627,0.5535240741050101,0.7564341111410493,0.45941855412240235,0.3842473605243785,0.458479661016788,0.4320948270806999,0.6244830737065676
ROI_038,0.5520381793509229,0.6592477492352711,0.6441574222114954,0.7914464661511645,0.9412013605804184,0.943481717463241,0.942796092204131,0.5225160477033062,0.6622543812341921,0.5198488457777432,0.6368859976652603,0.4999668978566347,0.5828258813817834,0.6052960993856774,0.693902927318208,0.7446565460464967,0.36587082684056627,0.52252691580088,0.5276374223783662,0.7293729070391878,0.5129979959930537,0.5899108592080129,0.5912956596623465,0.3171809261545079,0.4758875530219846,0.206891041627772,0.21032664509443771,0.533341081306903,0.4676452744537426,0.6934986264202881,0.5885722500580303,1.0314967753985729,0.5166241943990016,0.39650231783129875,0.4078084452376313,0.21932329787770014,0.5256648542264807,7.254328619247669,0.7321165324181854,0.732705076269731,0.6769416772536226,0.6096940423894006,0.5460606785480376,0.7142079168769622,0.6393072224175801,0.908026855315454,0.4764986769561309,0.5465429108499807,0.8266678582476281,0.5861938576197219,0.5143735897622064,0.629430912369957,0.6469060059152388,0.7654016719580372,0.8763489447889935,0.711415525945438,0.5428647875141974,0.5684727630628761,0.57375122424275,0.7060469036903627,0.5167752762402507,0.5854961087886322,0.6772397823337558,0.6917899032679395,0.5956798775952048,0.6632602661852707,0.922405235912745,0.5229476887160304,0.3457282281075977,0.4240279864170137,0.5286131171293891,0.49758380514866746,0.7281133281954114,0.6226804079170487,0.34802531749606347,0.4799850757350275,0.6820720040720506,0.4991348551681023,0.3638976022511045,0.7310213882888251,0.32348960724631326,0.522020541395268,0.2915151455338541,0.3084265235505702,0.07983088967827871,0.6806201442371764,0.45444230781360523,0.4316813106560595,0.22041981187218812,0.3339701668970022,0.819062816514791,0.8636462602484605,0.5996150021023847,0.6884928543182045,0.7138157198880182,0.717408245142289,0.8282660614490368,0.7916739536965024,0.882508325840117,0.4357162304155458
ROI_039,0.4812687411659732,0.8539583763255225,0.915510511902873,1.0394830360122798,1.0877926518116694,0.9777496170952283,0.6480557642127376,0.8644377892302518,0.9634835285864918,0.7504048640704429,0.8849724592049252,0.7193377910210474,0.7742830104912092,0.9287576504158087,0.9210115639468652,0.907603625816491,0.820715427756402,0.9181944989911786,0.8532771966551203,0.7950634822611399,0.7729947620458361,1.0265712191975096,0.8091541908396952,0.7447084974000981,0.6794009760231015,0.469362881606653,0.37320699947725083,0.7211491280976379,0.6422041393133883,0.8902828030512783,0.651298091857325,0.7512837703416799,0.6116420670430706,0.9050930246777095,0.9226872871769559,0.16950050790025895,0.4301309059500474,0.7321165324181856,7.254328619247669,0.8100737277244173,0.49470165699551777,0.7605600518173876,0.5790573170101133,0.4479687039601229,0.8346409090568772,0.4321505749035561,0.3368413202777203,0.3668362401866363,0.37839366368771593,0.11189232455103496,0.2881797060642457,0.6725625108806041,0.7609587596877552,0.9047048080877549,0.9788872411227475,0.7602036279473682,0.7613991942594528,0.8385036301126292,0.6278809850842336,0.6861950966586396,0.5791338838765402,0.6154356771417677,0.7007749407984548,0.8086525622887119,0.7524198113106237,0.8747647627202328,0.5954745148932792,0.7208915600249491,0.7418527857466352,0.7564273656667435,0.7315756387348243,0.6107020558212259,0.7080275227266993,0.653587802774361,0.4570792365828333,0.37275673978083196,0.6713663066557134,0.44958540326906,0.2015784262624733,0.37892220489377304,0.5600045280575632,0.5749066296782545,0.07509014284353206,0.3814806508570261,0.2117160550403406,0.5378135941321956,0.2630966908871575,0.583609031673314,0.4559495371745832,-0.02340143788897762,0.33557568515267683,0.59265665527621,0.561028297123832,0.38773963778926646,0.6413257503504763,0.5063003140865528,0.3182287061705287,0.5738427007287275,0.3814021391161247,0.08230056429733627
ROI_040,0.5321308606336288,0.35715082618010036,0.39211411532876717,0.4365797371148659,0.6405166195968263,0.6481467005961217,0.9371552343831226,0.2598816112962399,0.3911696320251954,0.3158078632934591,0.4118304737886675,0.307280476369168,0.41673195693942083,0.4474408494070537,0.4309483763712712,0.43715978812659245,0.26938782857735577,0.38424236764881897,0.4018198426335816,0.521606104088009,0.32107933827788687,0.5421309449694135,0.5462752480456747,0.326787261959797,0.3391055139295235,0.19005871338168615,0.027635767639585498,0.28052950082948785,0.21512778577495187,0.48641900633555823,0.3139267949775864,0.5753640320489345,0.5248399082007245,0.4354371601646468,0.36867259086919046,0.5040951737884762,0.4936276691250579,0.732705076269731,0.810073727724417,7.254328619247669,1.0668583837929215,0.4586987581740744,0.4772659018009796,0.4125039250316282,0.5622920077282313,0.45520608844487337,0.8543000309178165,0.7560064243987846,0.7827983119507493,0.6372703371660804,0.3531343040612984,0.2140758980920666,0.24018790498641682,0.3803834494306706,0.5395202085420993,0.44128805532245097,0.195121353829546,0.2501935911193822,0.18554001263289793,0.27411556267681625,0.16549679780483115,0.20253686800929363,0.27885798771200127,0.3165929728070035,0.33108259780923577,0.3933087080556886,0.5670810380966447,0.24525812455736454,0.19485255506696408,0.28286333110345624,0.23098276274535595,0.1602866641665911,0.33644429619527,0.38222563533588,-0.0035016674474574847,0.10306351745807864,0.4542333412821826,0.23253703460643915,0.21578943081950172,0.4535081911921239,0.11897053124832539,0.634215559069427,0.05034660573148074,0.06899852520482967,-0.22319881497571925,0.4011298930044004,0.43068479960524036,0.2938318714736775,0.42515457225683423,0.3356913496580521,0.3648727544673912,0.3104092228770601,0.23613652989918746,0.19218692892230227,0.42992952716551525,0.27487614631599633,0.41685914340195823,0.32448311084106135,0.7844566160162193,0.6082984815351747
ROI_041,0.5875398889463525,0.1839597146850987,0.14495387770287985,0.23485075306215408,0.4036104922323727,0.47482970005852143,0.962194350366169,0.021384759923392702,0.16336274552071472,0.1061667824988158,0.19527579834257883,0.15676900523304338,0.24975615154531824,0.17331655892625691,0.1871635244169269,0.28558406575645556,0.06164419869000343,0.10576603088372123,0.16499154141620342,0.4162918369726272,0.09553188810296183,0.24382901250328523,0.28385864822369317,0.17894049278357327,0.20104689591567748,-0.018314719085925166,0.029019680484773124,0.14971893322172827,0.10745386306579548,0.30001894305924914,0.22400241077679597,0.427158171988626,0.5658361932957039,0.17053263424888473,0.2087993231843683,0.9289874998783484,0.6673673965423624,0.6769416772536225,0.4947016569955176,1.0668583837929217,7.254328619247669,0.4398347569005215,0.4825647973673391,0.530067657257332,0.588329776988698,0.6755235618603747,1.2269829549148865,0.9964649075219574,1.0562193274214073,1.0479907800618689,0.3532653737300521,0.07284842440344705,0.11236906957306797,0.2273514206870819,0.42740826839516133,0.20546752957395448,-0.02330313978296705,0.09754808423180525,0.0068407467440794794,0.10688080904406884,0.010918482178427332,0.05444157650718669,0.14604601398313985,0.11216252255500786,0.176141079005404,0.1542052137609289,0.41531138882240987,0.027536332442057828,-0.03306483637732496,0.04554569576016768,0.07358892108732537,-0.08289453161089967,0.1833447166417092,0.17226375053813028,-0.14694615772811612,-0.016860933215961077,0.34688252007977777,0.10201041646254831,0.25532606857855206,0.3905687824647259,0.000952640989324485,0.49101001469672595,0.22597807329946087,-0.018359257793877034,-0.21555125190795374,0.26009964828310983,0.5412886824190442,0.24327523766726608,0.36288246445425676,0.6283885364140914,0.4111587842413539,0.2123791877110815,0.26157797546935097,0.25960922570011397,0.43691245811937734,0.33956440317085973,0.5984219368709306,0.2243297410340217,0.8441320287053613,0.9408978639516742
ROI_042,0.6038221577223188,0.8233236442269528,0.7807226417739512,0.9070204176751008,0.8735834747560848,0.8764838940197043,0.8057644217251064,0.7559859836698181,0.8239926559354593,0.8665089098456222,0.9991686158528533,0.9679321496187367,0.801943559770996,0.760184922889308,0.7473903810854944,0.9104618165707092,0.6783749202497795,0.7132975879115655,0.6413257278893155,0.8467252494671061,0.7489523679202043,0.8970830818020519,0.7275770952628579,0.6120605448177894,0.8068923853361007,0.7334555638271227,0.6360567971068107,0.7358878170282005,0.6551824730643108,0.7755973199506582,0.6956098909700843,0.7068448473890182,0.7555516090846451,0.5916003232207638,0.9309220529672094,0.19497896946180376,0.35921595534599277,0.6096940423894007,0.7605600518173876,0.4586987581740744,0.4398347569005216,7.254328619247669,0.8318292562752517,0.6820300118398547,0.9403573119477086,0.5476553923192135,0.4205925533317956,0.4147233946832161,0.4453689292507577,0.28522555843577163,0.39442214344832116,0.7201006682840311,0.8176769335172821,0.8930779955336757,0.8037521090751724,0.6616040017907611,0.7173516006554929,0.7297856072779572,0.7369509968874584,0.7624115846322863,0.7150274162613964,0.6592047005919061,0.7639443414460519,0.685896311269513,0.7322303944145186,0.7109503855243821,0.5958380119767287,0.6256910488855649,0.49727074728910675,0.6033251107863972,0.7380913832915178,0.5521017340393467,0.6634975665778235,0.6095598433860466,0.6237760644116307,0.5345440918815215,0.7675052034743141,0.6280865775170431,0.12721322865976717,0.30628863008170204,0.334907246685276,0.24272753248174264,0.09286749124764912,0.5543803137160273,0.2345534818600081,0.39207103219731865,0.32232803020379697,0.5317291945146357,0.3806764133224873,-0.035150099911898616,0.24075152974356737,0.5176048744797108,0.5500360810937288,0.5235879041875435,0.5518391007759298,0.795093264798115,0.4471529887955433,0.36853674186957913,0.4109351858006815,0.1757727937193998
ROI_043,0.2803154188951364,0.3678328195281104,0.4405605831279831,0.5110095278922093,0.511047404681353,0.5423463938481142,0.7093257109544171,0.45699693450193263,0.5058375285931193,0.3666151893724322,0.6533727557286578,0.37238204187257234,0.31911055048656767,0.4995430248735706,0.4498393536856253,0.4235107435068423,0.22225835132800364,0.32191527527262104,0.23295299799795396,0.29864258477869693,0.3066457342595324,0.48308349225274144,0.4169437028221061,0.16418427939317384,0.30407336651188693,0.5886041207105993,0.23097790679965205,0.30178997396302165,0.19039704819631545,0.2746060263097039,0.1944556555042266,0.6117481658921118,0.3136104184737555,0.23844741587077595,0.7730635720241137,0.032992572197721226,0.22709731068907674,0.5460606785480376,0.5790573170101134,0.47726590180097966,0.4825647973673391,0.8318292562752517,7.254328619247669,0.20502790935377802,0.4358587004200165,0.6042855879631412,0.7408249966662902,0.5230092325970718,0.4102102322968102,0.25924725201462384,0.00046765011248612047,0.26426379368476655,0.37121020446291675,0.4853376396989145,0.43065756901513413,0.4142545320146723,0.40794702568474733,0.4350607003060706,0.3708333224654456,0.5090985782394315,0.2979316919168398,0.2837040221454884,0.3467414286495996,0.4532264194159871,0.23471827991384145,0.42448294662004127,0.39801214555095804,0.2622308774669991,0.08350046208090381,0.17091187219865006,0.278187048828341,0.2664735238296153,0.2984097995583855,0.22893845899371967,0.2111919680853986,0.16613599261689926,0.27089623287507214,0.19395075769728407,-0.34726249355900635,0.154610305691501,0.029279906853731982,0.1860589685150897,-0.09057020746835702,0.7945031216842515,-0.0730032646194489,0.4969189978251887,0.06128583394279203,0.08935886066939486,0.00430689656676226,0.10316311748333315,0.17429158033461237,0.2751722394309298,0.145784680441724,0.2364817043200665,0.17387849237641356,0.40542013006772193,0.5259883996154974,0.06712804936476673,0.32367659436026436,0.11325408935640816
ROI_044,1.0306449784828458,0.7759500040801387,0.6997461584847203,0.7461254222585798,0.8460508414173649,0.8818944159758259,0.9170950241609218,0.4921389889575521,0.608716442514882,0.7856361285230583,0.6720105101074909,0.8030720996128734,0.8528013785015515,0.6073991454491466,0.709339797462568,0.9087173183531884,0.5489438705138349,0.584600547070929,0.71527230609028,1.2226976183231735,0.7405527428954141,0.5780340989728813,0.7610956861163548,0.5087991230924599,0.7885066209635774,0.18291342094314741,0.5398222562182883,0.8766715824048861,0.83584827684724,1.0308935821070764,1.0953210688457562,0.6953166683485327,0.8905266911890101,0.42164755319719016,0.4366563531262737,0.42673766036084965,0.6279229453935629,0.7142079168769622,0.44796870396012295,0.4125039250316282,0.5300676572573317,0.6820300118398547,0.20502790935377802,7.254328619247669,1.1082585736975914,0.8259295638374393,0.272827566879485,0.5589541428899033,0.8934005376035358,0.7301568373047537,0.9733972380257659,0.7981719882758498,0.7726115639748763,0.7944874508194919,0.9390496172470032,0.6234402555785554,0.5087362980740461,0.5945480021041027,0.7322436699802417,0.6766715685044193,0.7990120149089665,0.7745228947313264,0.8634785571161403,0.5989343953805609,0.9175357881881661,0.6532605329921064,0.9076147201800586,0.6312390248662012,0.491425110208783,0.59899302114577,0.7469675121787892,0.5006668257540117,0.7982550562050452,0.7682106864689412,0.5891675416368832,0.7158710400447885,1.118881443930347,0.9103778163207469,0.7752819802663802,0.5618324486407184,0.3555703747440134,0.3375433376339634,0.4341847303297045,0.1006492864058743,0.24705711981068246,0.3313609744128119,0.5725580562839759,0.8693197896048837,0.4271143977341924,0.17919765987009556,0.7070072373508034,0.8362054182970375,0.8466546229888402,0.8747572818190337,1.0070153404000703,1.2506676913796146,0.779507513568271,0.8357476004531939,0.8332910624202573,0.5766229232609636
ROI_045,1.048052358323376,0.9717695036538254,0.8632632683811257,0.95888888701329,0.9780051092217455,0.9971314149447003,0.8127738933630031,0.7045444435119967,0.8805417826071656,0.9456006333909065,0.8738455883697804,0.956768318593128,1.0222091638404307,0.8429374129690936,0.8587520911384838,1.1075568022725137,0.8830301104526495,0.8505427405216666,0.9011708207348866,1.2262451301338304,0.9113192511985112,0.8811596908821757,0.946476856529682,0.8363234277386783,0.9765501930814631,0.4588711169846794,0.7495515602529164,0.8917572734220408,0.9358467035006859,1.0041625816823676,0.9837497378379344,0.8560360558612274,1.0843926995800461,0.809825596504637,0.9745828974776475,0.5132993463993133,0.7695232098907218,0.6393072224175801,0.8346409090568772,0.5622920077282313,0.588329776988698,0.9403573119477086,0.4358587004200165,1.1082585736975914,7.254328619247669,0.5821217292056518,0.37512998014988325,0.5570799483593255,0.6901688489579139,0.45920129685593464,0.7681565471744465,0.8634319043412907,0.9490831020526442,1.0121089025811418,1.0443046300438301,0.707052905595533,0.7052208262312077,0.8349771817677848,0.790074066906102,0.7234415831581557,0.790762873412935,0.8136713373592311,0.8917656281870493,0.7303348155654019,1.0182766515141042,0.7788080246873116,0.7126430627086611,0.7530406491795987,0.7250118820764003,0.8322110750176293,0.8656421012230044,0.5821475321577756,0.8305015421480841,0.800543998619962,0.6342234101607911,0.6422961119480751,1.038124080718085,0.7153043939557752,0.5451530041071518,0.5677820450065192,0.4879953961239308,0.41083164309665954,0.4296306626171005,0.24893690416821843,0.4019116801038049,0.2949626523223487,0.6049164090186623,0.8238660939197289,0.6478044303042159,0.05360244477508689,0.46757474528457404,0.6897845447017077,0.8460282798112726,0.7576098498545949,0.9461503752439862,1.072627456209002,0.4852232828783961,0.6506833412564393,0.5672663618192255,0.3810013671981882
ROI_046,0.43499774274308695,0.3718369750085531,0.4068102620553498,0.4778556346924754,0.6157278909016952,0.6269406719917473,0.9022019919214728,0.31034953845448815,0.41061595802212175,0.31010548670128346,0.43237594964667864,0.27220414341961835,0.29205167237288887,0.39514417212367636,0.48873734782294204,0.4407239993855139,0.06541571696841222,0.20527207072649398,0.22656647183851847,0.5279520537705775,0.3423989676371275,0.21669827203238437,0.38241693791895914,0.0226682566942693,0.24851444784854357,-0.014439903043004094,0.22239217775370015,0.4820198433727124,0.31241692331008586,0.510256561142349,0.45271676093939117,0.634526111753028,0.4192011451040613,0.02187651266475833,0.3077724209763669,0.21820660611021273,0.4527734076963465,0.908026855315454,0.43215057490355596,0.4552060884448735,0.6755235618603747,0.5476553923192135,0.6042855879631412,0.8259295638374395,0.5821217292056515,7.254328619247669,0.6894514227891512,0.8149850980374356,0.7980225078786396,0.7385041842972302,0.3163885673900513,0.3705145864023167,0.40988363238338843,0.5079949772247856,0.6655378620814453,0.47100603561505044,0.33928927790856955,0.4013428149055829,0.44032321314142464,0.5139710972477215,0.35606624122605696,0.36321504272261,0.45629128459985574,0.4736537449623358,0.38708106148563753,0.45059715462855493,0.7183557425717839,0.2820751832328775,0.08224227632964329,0.15210714775599732,0.36146862955421394,0.2849714433229069,0.4105393648843882,0.40869885891082197,0.19483962685673614,0.302542104542088,0.4340069710154704,0.34361855106558437,0.1870867893345078,0.3680920847960837,0.14203787884854818,0.414654815006317,0.3302695035552184,0.4199840022213019,0.04649818261999925,0.7657114541621122,0.20606383712594592,0.4663721706560694,0.0285808839387474,0.4827145944484227,0.8472310244535051,0.6482325274660949,0.49641170731478484,0.5431223118767062,0.5953573008865847,0.8125438333983329,1.6081856792735403,0.6126124889104148,0.708267865304982,0.4740240122886431
ROI_047,0.33534697336593017,-0.029114473069948476,0.051982367550450014,0.07200744391092725,0.21847947337749335,0.2642452962226808,0.7825650875491418,-0.06791043853083867,0.04093161848427397,-0.031000145238151866,0.15318383346292483,-0.0032670276834674914,0.04347693352610614,0.08837848529166353,0.07253515259453133,0.06656819961720595,-0.15658794338784615,-0.06397027739368312,-0.053907191617017014,0.13915043459330884,-0.015112860102576247,0.08764840351816452,0.14688545090896957,-0.054383267943119,0.03052340631314787,0.06754016671417777,-0.02245830643794886,0.0169047011009115,-0.0956368542569541,0.07916335445436644,-0.01727131632660839,0.34147176385315614,0.3655241672128124,-0.06914455763598636,0.23073198267522033,0.563058210475037,0.37451128127347383,0.4764986769561309,0.3368413202777203,0.8543000309178165,1.2269829549148865,0.4205925533317956,0.7408249966662902,0.272827566879485,0.37512998014988325,0.6894514227891512,7.254328619247669,1.0740314176891401,0.715794292585982,0.7942840019783207,0.057522147158382865,-0.13754415431026457,-0.07384753866650869,0.05813611411850202,0.1923025894766557,0.06496924347561614,-0.13326251543021453,-0.03585982448383338,-0.09294379467766481,0.015813580141876477,-0.1117653557091407,-0.10401145332844006,-0.025081879565241477,0.004236462286839698,-0.035361858766241434,0.038580739027993236,0.21199743138867327,-0.1420497632394746,-0.2852413463114299,-0.18242782206393135,-0.09089242710300097,-0.21152504084695495,-0.034877580663009854,-0.028833854259980026,-0.29290325692086383,-0.15851427101152024,0.09133999271586042,-0.031084886681232028,-0.11110093684208379,0.169761750772803,-0.26486233188047864,0.29269250884980724,0.0603210573400175,0.12177577542602473,-0.3491701418559774,0.263336474874544,0.23291691732071512,0.037089389501005585,0.09936843966179991,0.48977608909279846,0.24600488161554193,0.00640362818059253,0.007785340790221416,0.006893154324817736,0.13659453567560204,0.2187188354917967,0.5937315531645961,-0.039861271164458624,0.5237917508993369,0.6826152913805745
ROI_048,0.472156337453582,0.10688777604694366,0.21554218048108312,0.216652668492197,0.4080459018206239,0.4974720834109367,0.9801000838310464,0.10109866262160785,0.22925841239030123,0.116085906702123,0.3044309626612581,0.131140641436201,0.2247961599418455,0.33487787598105484,0.34871823338442176,0.2043235766955533,0.0036577128683580014,0.11282122039290397,0.1735747061590559,0.38324069696579877,0.24018750589343088,0.18565959916169442,0.3882067991806187,-0.04238666931332415,0.13027528498172813,-0.04674875717611992,-0.04825251313242037,0.13505646019003678,0.09348250015853367,0.28947261427451626,0.2830877480249049,0.4253620726502075,0.46945768532359416,0.03427844882557335,0.25674601894715443,0.4628205364722268,0.35531027795497155,0.5465429108499809,0.3668362401866363,0.7560064243987846,0.9964649075219572,0.4147233946832161,0.5230092325970718,0.5589541428899033,0.5570799483593254,0.8149850980374356,1.0740314176891401,7.254328619247669,0.9068852516736315,0.9893263764341069,0.33240148461114283,0.05990336936346415,0.08708439915944689,0.23788811034680796,0.4379530959559015,0.296247034831013,0.03584285193722048,0.18486743084877114,0.09646694050901053,0.22317852218639095,0.03308050124919445,0.1445699506774403,0.1816646531087396,0.25057369235580995,0.23793889380459787,0.3147228593048866,0.49198406894093455,0.10312322263553,-0.09311108759382966,0.037187495825974255,0.15398517466723138,-0.005272710687744512,0.1951992914535474,0.19064492076872058,-0.15144061757142646,-0.028839842222047347,0.26547317057042463,0.08460346699925404,0.11655646747023059,0.2925182830974943,-0.18056351755755787,0.3813364496703664,0.1199493965531349,0.09408058488559258,-0.3238779698982951,0.3443119519751723,0.23826123832401494,0.20565141108675955,0.09479489656296113,0.4356471757740276,0.5059613079922916,0.22710724114542152,0.13072030403635615,0.2063656137941097,0.3281575111379042,0.4929879967153199,0.7972047236274287,0.22578311072171547,0.7650066935285831,0.6927200291521634
ROI_049,0.8606114565444645,0.2996509331044142,0.28122048862976484,0.36676502582112336,0.535379353831099,0.6394591709848225,1.301654173510005,0.1020140459948926,0.2621837326879657,0.28245841797310217,0.36435751722579285,0.3349089655101957,0.37998570565818135,0.26971782516263104,0.340179143899367,0.4747119254026564,0.1484852354931504,0.17901271549934644,0.2883351831402945,0.6199422160381167,0.25335067613716705,0.3351849388893208,0.4398289049325864,0.2016614210602402,0.36688105312538444,0.045695756210330715,0.11440737756996346,0.33895845501427635,0.34636641976772775,0.4683001937170713,0.4405488344723463,0.5300502903870095,0.651640309881632,0.14612772771728635,0.238525130909767,0.6902784069586881,0.6416389070538436,0.8266678582476281,0.37839366368771593,0.7827983119507494,1.0562193274214073,0.44536892925075783,0.4102102322968103,0.8934005376035358,0.6901688489579139,0.7980225078786394,0.7157942925859818,0.9068852516736315,7.254328619247669,1.4048688594377505,0.6517157444580224,0.2536516721169561,0.3028937037113949,0.3670049846884202,0.610140716852169,0.2960947865913229,0.09052457310424351,0.18555867978541354,0.2416021261848678,0.3451018124817349,0.27719253721663484,0.2742808982423289,0.3567405567980307,0.2504990928398811,0.34203757263733414,0.2872073388651262,0.7856446102570199,0.19760778089132913,0.038911521924107795,0.12775532942499052,0.25771282804660794,0.10720067997039415,0.38581190498296436,0.39727979273358194,0.0884752140351391,0.26232512172585787,0.6073043871233637,0.34992491614620824,0.4251122301272844,0.518250465726582,-0.010395344811675896,0.3791516104674557,0.3166403513859519,0.025280373806142054,-0.18404012028707023,0.3052042929993789,0.5887687176345703,0.3510462356669689,0.302278775317304,0.5560832516877279,0.6481295256927838,0.4529568810574931,0.4182887516724908,0.5376570465944058,0.6039446914936388,0.6608573415020297,0.8750919892863498,0.3935272110172757,1.4177710376851584,1.0795386809730219
ROI_050,0.6416167157009902,0.08243133454989178,0.040321118300887984,0.09994069211893916,0.27838747985855494,0.36596128339681605,0.9846777581864148,-0.1362329406866471,0.03321405189747236,0.07283306317107625,0.12997564920165844,0.11103784438146384,0.16259282437500008,0.06606296115396595,0.1297375095883069,0.2082089171827964,-0.09715443877210966,-0.047809393948487204,0.06279895528056366,0.40924915268483814,0.06242576273535037,0.062488244545088036,0.23713664784645044,-0.008514326528948426,0.15026628055269137,-0.14036034521507212,0.007122140177156905,0.16035024246320326,0.10727838076844433,0.25133869382814106,0.2192804461190406,0.2924260532622113,0.502662220507464,-0.06646907908861706,0.004886345687060492,0.828922759342634,0.5755624484629174,0.5861938576197219,0.11189232455103496,0.6372703371660806,1.0479907800618689,0.28522555843577163,0.25924725201462384,0.7301568373047538,0.45920129685593464,0.73850418429723,0.7942840019783209,0.9893263764341069,1.4048688594377505,7.254328619247669,0.5173423782319521,0.054003883096278744,0.08192656792621433,0.133130609144921,0.36871621979722585,0.11920825909855318,-0.12219613896316826,-0.022161077674619535,0.05587335842755117,0.13608426958868225,0.07702097348722237,0.06379996467303484,0.15097214333685022,0.04588021817048466,0.15335733692144676,0.07727001536974383,0.5644323572930889,-0.024289033276065068,-0.14850626486884635,-0.0556400754075795,0.06203679684297941,-0.08732647632422225,0.18184627731254208,0.2274700366528719,-0.08753989615300203,0.11565395873571375,0.3894527381247764,0.2196205999474034,0.37776240651797854,0.3849276715665163,-0.17029448044530124,0.32769531931576873,0.32586789638756986,-0.07830553074715266,-0.274762082928001,0.19416502126665316,0.5624079930307386,0.21135043307812765,0.27562551071112523,0.7475366439912604,0.5603597432105664,0.2541243410821398,0.2941298663789901,0.3781072268028987,0.43624032524874673,0.45812213501422744,0.7987755655452853,0.2541075184594354,1.0899578605061508,1.438502715068815
ROI_051,0.8648576503369241,0.6909042827005205,0.5200171313216895,0.5918773666945538,0.6172857058020116,0.618631223368789,0.5713274815473449,0.39268316733001135,0.4809218853384374,0.6757427190899963,0.48951872560808457,0.6708704965919634,0.7807952082509985,0.5160642790772462,0.5590709190008537,0.7866271023406597,0.5911946005845611,0.5540950919609653,0.725174476938476,0.9111736795569797,0.6214262385602113,0.5722814484218154,0.755298593587392,0.5658618243125809,0.6977907141316696,0.1594096497167109,0.33006998598902937,0.5401474839689863,0.6891866926968581,0.7456241763097368,0.8693760661391597,0.6145767139159743,0.7392310908436156,0.5668304855079882,0.32428059836861717,0.32621632383195853,0.5185249091194203,0.5143735897622064,0.2881797060642457,0.3531343040612984,0.3532653737300521,0.3944221434483211,0.00046765011248612047,0.9733972380257659,0.7681565471744465,0.3163885673900513,0.05752214715838287,0.33240148461114283,0.6517157444580226,0.5173423782319521,7.254328619247669,0.7382373592109686,0.6793253639052468,0.6549996412148245,0.6432148628484927,0.5611609122264802,0.4187031192609082,0.4765187120247727,0.6201381460656106,0.5434557008358427,0.6413195744865311,0.6916032917760461,0.7426082304754185,0.48433483427647944,0.7533553831731552,0.528026960535019,0.7922747249452535,0.6195321341358995,0.5406300620381632,0.6192752922938292,0.6258552172562147,0.5259868968262633,0.8141537959538281,0.7603955304560086,0.5452423679658178,0.7396246847414101,0.9338399520408529,0.7574142894464602,0.9254751292748465,0.8732318108846775,0.40865386698797185,0.32259808095494386,0.4973205121775122,-0.03741979800391231,0.2634864975133271,0.17005837036529903,0.7589824977621147,0.6602501235241112,0.4210460120027558,0.1403797246988798,0.6415781951809859,0.7514525133047955,0.66375330938938,1.0144439673650727,0.8272543602571594,0.7951389012613483,0.3848347052841088,0.7185409326521448,0.7338180253126116,0.5095403161710826
ROI_052,0.5492771169306729,1.950293138866583,1.3082387914513665,1.5874565303867145,1.2699192666283736,1.1071733509009307,0.4760791558866196,1.349646218998502,1.3348086166932902,1.486501780329446,1.1170646435747844,1.324837145746596,1.3000843095769163,1.1941880499314144,1.2993293767434677,1.5596488444763423,1.2000408393205482,1.4401321096050235,1.3542535168613499,1.3552258112760964,1.352883884680241,1.0760365217091952,1.1040186455610697,0.8635180639734004,1.0466889665139045,0.5072344370402879,0.7024805139053505,1.150315030194401,1.198782077093772,1.276542503393609,1.2996422602096154,0.9367955137556562,0.5868340798660424,1.0288755554729094,0.7945703461327154,-0.03813442624800857,0.43597173534235656,0.6294309123699572,0.6725625108806041,0.2140758980920666,0.07284842440344705,0.7201006682840311,0.26426379368476655,0.7981719882758498,0.8634319043412909,0.3705145864023167,-0.13754415431026457,0.05990336936346415,0.25365167211695616,0.054003883096278744,0.7382373592109686,7.254328619247669,1.8744259101565892,1.7366530298092953,1.1718292649017403,1.2538254655328194,1.6263825524081972,1.4429973793936948,1.5715006613505291,1.3230915577385705,1.4571462931936354,1.4322342808649724,1.8225642539074836,1.319188821470882,1.6152709746365561,1.269259791121988,0.8943171339590904,1.4633120712449366,1.28487879329452,1.513552344168259,1.4583297076041395,1.366482476012976,1.6378443251008226,1.2596400140036992,1.4390787848953346,1.1648288745694741,1.304849768887161,1.1521593854605123,0.5322528683237782,0.6216127673502745,0.9102474018276936,0.3493517061232485,0.2803924055680834,0.45125444443336543,0.6154944751314616,0.4868729803024151,0.37888712949930675,0.8055179957252624,0.4018715253603864,-0.18724218569448806,0.5124883832655462,1.1418620779641913,0.9713308951394148,1.017046161685122,0.8982719331640214,0.9353146899536197,0.317752680237635,1.0157286168934385,0.3532785040161558,-0.06030093749448738
ROI_053,0.6153388288479946,1.8742478055132175,1.2370885992288245,1.6931616032443049,1.2882255701358807,1.131552615742916,0.5053159794440997,1.2593535103937634,1.379237432329716,1.5494332701326756,1.1736121534756343,1.3552249590609973,1.2058490379055231,1.1496889026551287,1.2611805471268618,1.7546084308699428,1.2595892068650896,1.3284027813911754,1.2138066323908747,1.3499634661259692,1.3154281744466607,1.1552181558969912,1.0597569772873068,0.983350236919881,1.0961150591690019,0.6036895090131672,0.7556234699933259,1.2341805427238608,1.3336781170899565,1.291538239105175,1.1637810956757109,0.9460789083536878,0.678668829568798,1.0737082856306404,0.9507517923442725,0.0340358464580811,0.4992719352639286,0.6469060059152388,0.7609587596877554,0.24018790498641682,0.11236906957306797,0.8176769335172821,0.37121020446291675,0.7726115639748763,0.9490831020526442,0.4098836323833885,-0.07384753866650869,0.08708439915944689,0.30289370371139485,0.08192656792621433,0.6793253639052468,1.874425910156588,7.254328619247669,1.930238323202351,1.2965453016759514,1.1266392749677043,1.5624697794340616,1.4656593246681262,1.7213467147128072,1.3857646983148455,1.5573745630780658,1.3149693043251673,1.8141436963613622,1.2966871621807519,1.5385688835242008,1.2251629338457752,0.8957920028473856,1.445384793772945,1.3395755448233708,1.402021843008903,1.5186424100096032,1.393967095529016,1.5579824796534703,1.311496745500073,1.5099887088897799,1.2429299142114638,1.2780526815192994,1.0840711798358078,0.5026824985542317,0.6434244637081569,0.9782182930339479,0.38315252280987755,0.31382876827173234,0.5159648052972042,0.6640274671880879,0.49526986186789873,0.44881096644224866,0.8174160897189576,0.4586398080819955,-0.12022169283765022,0.5157966751935413,1.1410049828716309,1.1471633566161814,1.0554729249902595,1.0042994972763082,0.9433073070769172,0.34150275005030817,0.9134389064946205,0.34684005642345844,-0.02188802511204037
ROI_054,0.5858274966454591,1.9205419501921541,1.477138813640161,2.2035802478873716,1.7377497494097047,1.5137823078782857,0.6678499666576689,1.5842558961585727,1.8565241896003162,1.5184471179511771,1.409901656355866,1.2788158382173727,1.3032487500997982,1.518841854972193,1.6381134746993973,1.7108405885450584,1.2048723426798469,1.5368061378126356,1.4132857036234885,1.3968360679460368,1.4446213396321832,1.2590827907314899,1.2392640636699541,0.8075420197745483,1.0315930221818745,0.5523964300079808,0.5997607450956205,1.089783277130434,1.1149966343013096,1.2693183960028847,1.278128181732637,1.2209602242728617,0.6724354226705223,1.0762632755081563,1.0022655767451591,0.012887498241940564,0.438032936398341,0.7654016719580372,0.9047048080877547,0.3803834494306706,0.2273514206870819,0.893077995533676,0.4853376396989145,0.7944874508194919,1.0121089025811418,0.5079949772247856,0.05813611411850202,0.23788811034680796,0.3670049846884202,0.133130609144921,0.6549996412148245,1.7366530298092961,1.930238323202351,7.254328619247669,1.5268800795688318,1.5333120856797768,1.7685248124802704,1.8790433770371433,1.5762007346834945,1.56454165688405,1.2875500871993821,1.4457786461896531,1.9014138627216661,1.741173235983257,1.636022059375229,1.599592552374731,1.010888152383306,1.6560912335052544,1.2233998105179071,1.4588015210889438,1.4519806776490405,1.3987677713099183,1.6163224655961452,1.2299363457365313,1.1466350404366081,0.9647523483752718,1.211007856276438,0.9301330736240819,0.41189379736978,0.691013418633533,0.8474250789008606,0.4869195382496152,0.20221737034897366,0.5414039458913031,0.4639184198239152,0.6154401496274801,0.3642870705116208,0.7046326315104305,0.3589920949343707,-0.12637203098954033,0.5416897911843681,1.1952082038758556,0.9196717358163791,0.9357862111684604,0.9089796790076942,1.0294728416938745,0.42312437758827215,0.91014268741243,0.4553329034989705,-0.014061656016711574
ROI_055,0.68558978931076,1.26296566305428,1.1280563996791542,1.458568195036195,1.8693306707350106,1.7060100342302873,0.9009021698155694,1.0375033572750847,1.3014876066387737,1.0686738459041265,1.1089158911051629,0.9859709436237049,0.9843475792333575,1.1466110894593038,1.3330172557998037,1.365987599220563,0.8751778830524863,1.0832570790947245,1.1043678276745865,1.4810955649987576,1.1156098094194684,0.9813350124823697,1.0122764672080211,0.676823124310264,0.8290862907519554,0.3195847459688802,0.42378393449122775,0.9459708077113353,0.9516744848879483,1.2064677625309181,1.1794275546946547,0.9365679898738548,0.692693691453516,0.8339582202897318,0.7746403038821327,0.2042941001287263,0.5167385124143896,0.8763489447889935,0.9788872411227477,0.5395202085420993,0.42740826839516133,0.8037521090751724,0.43065756901513413,0.9390496172470035,1.0443046300438301,0.6655378620814453,0.1923025894766557,0.4379530959559015,0.610140716852169,0.36871621979722585,0.6432148628484927,1.1718292649017403,1.2965453016759514,1.526880079568831,7.254328619247669,1.2093488655739246,1.1151889211155526,1.2663657484327744,1.0793546358349428,1.1415816143615514,0.9481661794980235,0.9530742891218837,1.296723646036579,1.260369482363998,1.3249483001005244,1.239597581296514,1.2267455323319367,1.1579980333329787,0.9211798663688671,1.0334890555089276,1.1350910129573801,0.9744983372072374,1.2369442062143052,1.2118806820449624,0.8004695527428446,0.7021173708922328,1.2083180938614901,0.7345958019321632,0.49020324234857016,0.5944745780680017,0.7447163606985346,0.6719599936211543,0.26253530789768476,0.4692160489224191,0.3138284875087001,0.7389989384899481,0.38591891863159794,0.7822231630960045,0.46890867833281835,0.11762736941284255,0.7002707188539236,1.098423431770132,0.9830629466433901,0.8220093404568484,1.1267651994723102,1.114331474732924,0.6371428535422905,1.0014318570922016,0.7191935210860129,0.2122776126003348
ROI_056,0.3796867403180027,1.2986391590573505,1.2856484368669867,1.4303570851633176,1.5038759081695217,1.4556167960022772,0.6573605083632825,1.5447703748482247,1.599086757646817,1.1258966623897033,1.2296149594869397,0.9528677037151845,1.0979642984574336,1.5947640450275866,1.7316168505658034,1.1354360231276284,0.9304627590615477,1.4044163090669768,1.2733971098089327,1.1147944837873323,1.3027916478563915,1.038715476055748,1.1621693892868639,0.5231251108634916,0.7578946607116642,0.3719478326219627,0.32554651168234944,0.7578638773111263,0.7680003985153137,1.0280574544618775,1.1160363117396888,1.1290276151869276,0.4725977019978933,0.8706735992336446,0.7370318277200749,-0.11825107845891211,0.24832914221098157,0.7114155259454379,0.760203627947368,0.44128805532245086,0.20546752957395448,0.6616040017907612,0.4142545320146723,0.6234402555785554,0.707052905595533,0.4710060356150505,0.06496924347561614,0.29624703483101295,0.2960947865913229,0.11920825909855318,0.5611609122264802,1.2538254655328194,1.1266392749677043,1.5333120856797775,1.2093488655739246,7.254328619247669,1.4699230641764556,1.5376748893965941,1.2048392799092784,1.3460082018033095,0.9504147109177814,1.2603426830898423,1.367544575280624,1.7833564748432202,1.349842834268335,1.7563685243081415,1.007274496570811,1.4599780278138819,0.9641022781537282,1.2289657919705668,1.2100438223956782,1.2584345560303407,1.3056964592037827,1.017742644474549,0.8425828121107268,0.7162207417652391,0.9086332375501422,0.7112637726899269,0.30082583799041646,0.6397643341921383,0.664108884411829,0.5202798701302411,0.027460834472663533,0.4959842858509741,0.2482602052836236,0.7058139954139825,0.19413418201816257,0.4932933939539079,0.1930509800221808,-0.1540296684154203,0.5097700552480957,1.0708702316711847,0.6007142610496281,0.7012383067007633,0.6679485264544045,0.804947042572144,0.40760613470430546,0.873464961961465,0.4965081874496114,-0.06802078547782826
ROI_057,0.3151103117389113,1.5519844025356933,1.3607928373493734,1.6106552004592245,1.27395719209762,1.1239434565255422,0.39763380857331954,1.874827636582555,1.7724803406823697,1.3000261559562263,1.240225525316758,1.0795302546850842,1.0490723160670237,1.4356737178452026,1.4890169982476045,1.2255523549233789,1.1337241744634783,1.5164749817642296,1.2253648086317093,0.9995958183185266,1.3355212913497523,1.0535215445470894,1.0035455765040238,0.6909433339782008,0.8339328682994845,0.5525933048894449,0.5740864883972466,0.9373642898252573,0.9726094991335541,0.9950997695788695,1.016457448695415,0.9372259309608264,0.3991137412646101,1.0043216186759898,0.921234932709459,-0.21214470287612247,0.2597507101676156,0.5428647875141974,0.7613991942594528,0.195121353829546,-0.02330313978296705,0.7173516006554927,0.40794702568474744,0.5087362980740461,0.7052208262312077,0.33928927790856955,-0.13326251543021453,0.03584285193722049,0.09052457310424351,-0.12219613896316826,0.41870311926090825,1.6263825524081965,1.5624697794340616,1.7685248124802704,1.1151889211155523,1.4699230641764556,7.254328619247669,1.9825526584680007,1.5416251940433672,1.464219034032047,1.180308806503118,1.3009937144519166,1.488168759836244,1.7587330411349296,1.3311671659791193,1.5022817020894863,0.7732551023932206,1.6043365968789045,1.2505588166368027,1.4479829280189798,1.3422054963478511,1.577707478190757,1.3324456903440258,1.0939472999992124,1.234850211767977,0.8690605800977447,0.8923883906695612,0.7801549578867668,0.2501387933494132,0.4750190643835,0.8854774759913419,0.3832796704040016,0.10771594680003896,0.6717878763192362,0.5475314892756057,0.6174320899564465,0.14927314793401308,0.5631477190263564,0.2553076164640158,-0.27681842959027914,0.37711563482209,1.0295970153295355,0.7411821295218595,0.7116791253714753,0.6565539959784379,0.7688747178769425,0.26282832368179065,0.8033090998277738,0.2115989276927514,-0.28065338967595
ROI_058,0.36825779649268187,1.42709394904488,1.3518918349226137,1.5638880544069944,1.3780275089185494,1.3029577226854974,0.4843115520218747,1.8113836168385447,2.001834229787873,1.2506742380164668,1.3155650462309132,1.034606076393744,1.1073705312343431,1.6398141088716134,1.6783267128065371,1.2426518799261148,1.1582344922076564,1.5094744903950439,1.3686454654135511,1.0669588823778082,1.4095396883656088,1.0596135025129039,1.0826793068043505,0.6789973653144061,0.8571540456916681,0.4610598756773503,0.48677662280598044,0.8925534728914208,0.9554128872218459,1.0185751842063335,1.1419095297521986,1.0105138765828594,0.49659908927578233,0.9911010701796417,0.9441462976303674,-0.10942289574521828,0.27326421555194363,0.5684727630628762,0.8385036301126293,0.2501935911193822,0.09754808423180525,0.7297856072779572,0.4350607003060706,0.5945480021041026,0.8349771817677848,0.4013428149055829,-0.03585982448383339,0.18486743084877114,0.18555867978541354,-0.022161077674619535,0.4765187120247727,1.4429973793936948,1.4656593246681262,1.8790433770371433,1.2663657484327748,1.5376748893965941,1.982552658467999,7.254328619247669,1.3956532704452675,1.427727363236033,1.069139501535043,1.3629711072634385,1.476338494911811,2.0167447923840354,1.4628154891609273,1.730123030415277,0.7816785320836479,1.7217915122041803,1.2242224955237302,1.4690019956580573,1.3296732372659168,1.4111977040556605,1.3382967697344728,1.0448609980924917,1.0349220427474861,0.7697298591618844,0.8922975142762651,0.6947571472134642,0.31500881415011567,0.5196490657509877,0.8048931211583282,0.4252233512915728,0.09468371850790618,0.5617204077318121,0.4394072884378917,0.5760359009418804,0.17220023133948112,0.5545884268915428,0.22643252832217511,-0.2416609630919581,0.4294218137175349,1.0455388429885168,0.7575978229028516,0.7488970802820458,0.734475027662094,0.863961824090547,0.31455593179165997,0.7914111507728319,0.2886187554737591,-0.18424045442313183
ROI_059,0.47079903231562004,1.463720217056371,1.1800433295776525,1.4070614057408464,1.1294625853866576,1.056825887762153,0.4667443810035104,1.256293352716971,1.2794457727984807,1.568896744687713,1.2557035084383743,1.2843183890008705,1.1322936857946195,1.1868911859358418,1.3402329120824148,1.3471353856004677,1.1079439594762186,1.2214619024895934,1.1583834004748903,1.1744902980560894,1.3429942625826325,1.0542187545653494,1.0340119447541365,0.7705186515009222,1.055826983494243,0.6195105597847642,0.7015001152027194,1.2837067915389637,1.2096564902677323,1.179372130245337,1.0838358193141215,0.9391419553528583,0.5463113295823542,0.8689225398169458,0.8942845179539974,-0.11873714666332705,0.38419596537494916,0.57375122424275,0.6278809850842337,0.1855400126328979,0.0068407467440794794,0.7369509968874584,0.3708333224654456,0.7322436699802416,0.7900740669061023,0.44032321314142475,-0.09294379467766481,0.0964669405090105,0.2416021261848678,0.05587335842755118,0.6201381460656105,1.5715006613505291,1.7213467147128063,1.5762007346834952,1.0793546358349428,1.2048392799092784,1.5416251940433678,1.3956532704452675,7.254328619247669,1.6427913923975994,1.690545519273714,1.46613364288754,1.8021775951074979,1.3689254897148333,1.4292615818840835,1.2886937536518273,0.8687883694925113,1.469188349556244,1.206395194587262,1.2990947311091174,1.4458758865539412,1.6759884932277749,1.420957293482586,1.3218816344173903,1.5808901632318817,1.389091714426513,1.101568260975266,1.1268576830256238,0.43461135084174973,0.5976903239162892,0.8010751701690366,0.3266900711435749,0.2506156336846269,0.5846613624714269,0.5943403875853289,0.5209453711794152,0.2947753461472455,0.7494874343232893,0.3031682981297538,-0.18841017408127303,0.4871329749732071,1.241774916358104,0.9783215812467825,0.9848159747404366,0.8685926103923913,0.93357572938897,0.37662883247200146,0.8366966283821633,0.2982528064992347,-0.08701085668861736
ROI_060,0.4031310039799612,1.2825854520512374,1.1744767184564364,1.4078446173278691,1.259460120070939,1.2233822869444422,0.6419281936613037,1.2973673037257045,1.440478286119728,1.2192798936474898,1.3648209314558797,1.0880664663120594,1.0973048036240272,1.2671609931494618,1.5397356059580953,1.1925816623930143,0.914242254133564,1.1295182127642358,1.0980898242135897,1.0684107620072467,1.2373744860590916,1.015717728326566,1.012674175318889,0.5551479494574391,0.8498670240882132,0.53876656383462,0.49822764120196994,1.006564124044571,0.9607147720982491,1.04245662582814,1.0182367103852485,1.0128257609319162,0.4858986808996212,0.7446350592502966,0.8298808884905291,-0.11921219403360202,0.2762465602522451,0.7060469036903627,0.6861950966586396,0.27411556267681625,0.10688080904406885,0.7624115846322863,0.5090985782394315,0.6766715685044193,0.7234415831581557,0.5139710972477215,0.015813580141876477,0.22317852218639095,0.3451018124817349,0.13608426958868225,0.5434557008358427,1.3230915577385705,1.3857646983148462,1.56454165688405,1.1415816143615514,1.3460082018033095,1.464219034032047,1.427727363236033,1.6427913923975994,7.254328619247669,1.367373059911705,1.4877574466678347,1.657417962515882,1.663909576636773,1.2470343057513569,1.4693400169049669,0.9610389632211873,1.4510198774020044,0.9247653629715715,1.0846131524037643,1.3140140040781632,1.5123471362162986,1.4010246380571134,1.1469704317363114,1.1608888439625327,1.0598552589084593,0.9430599168946059,0.9144324580698641,0.2664223770318072,0.5628523014950491,0.6095201847330433,0.336061842038582,0.09360274705251061,0.5884860175428303,0.3597646534750073,0.6186854539500041,0.21618215012227432,0.5088811918595055,0.1539111610121708,-0.13682555177164396,0.5156586617038116,1.163659224693151,0.7911439710428825,0.8727014923526545,0.7257348418540167,0.9047969697486008,0.4447555546614463,0.7676570640022238,0.43693124863044713,-0.08469495537640956
ROI_061,0.5709601533844142,1.430703759049946,1.1827681470474152,1.2725237513641767,0.9787308489141099,0.9173160675175634,0.4663681080426596,1.0618419756370625,1.0401197480690312,1.624512718943868,1.202234950230684,1.5340099793200563,1.3314198947140223,0.9899705557212604,1.1328922069079554,1.4125720464168048,1.1542403870466853,1.153432768917712,1.142779465458443,1.2238263690069477,1.3369783834954818,1.0878032534121078,1.001381101487637,0.9205407572258409,1.2479333529109935,0.7299691398456855,0.8297799672119459,1.42493019703849,1.4298967525614747,1.299475248744836,1.0925566680851189,0.7605091411665598,0.6448359829190258,0.8414088755966213,0.8564214533194532,-0.04363656945177684,0.38702484387561353,0.5167752762402508,0.5791338838765402,0.16549679780483115,0.010918482178427332,0.7150274162613964,0.2979316919168398,0.7990120149089666,0.790762873412935,0.35606624122605696,-0.11176535570914073,0.03308050124919445,0.27719253721663484,0.07702097348722238,0.6413195744865311,1.4571462931936348,1.5573745630780664,1.2875500871993817,0.9481661794980235,0.9504147109177814,1.180308806503118,1.0691395015350431,1.690545519273714,1.367373059911705,7.254328619247669,1.473827759726777,1.6660531067308222,1.0298055683385106,1.3821087830919907,1.0874934749683856,0.7399307361888445,1.2337055606482825,1.0641007440426993,1.148187764728065,1.5319355301005717,1.2529395485268997,1.2966523154163225,1.0895039289109294,1.8454740342452818,1.566964235072422,1.2630126956569623,1.5464439468630558,0.44764039876087613,0.4878153407972864,0.6762291100497019,0.16746125878513024,0.18860644499767398,0.39771484858066625,0.5663841048836077,0.3331828503435625,0.38316194769524897,0.7825583213644575,0.35497212945315654,-0.25228519292489243,0.3908781045838639,0.9859165939613432,0.957963976053287,0.8943588021779919,0.8317742486877108,0.8848231970964769,0.2836954501427515,0.7366061116363954,0.2936504691357236,-0.03190606696662701
ROI_062,0.4939557002320984,1.388548328839941,1.3088583749715936,1.3360615800998545,1.0789679116973836,1.1047383030642444,0.5072857316839677,1.3327862910387889,1.3222724662404457,1.4369658795091083,1.3047442473331938,1.263607674204604,1.5466620441402625,1.3059860646899146,1.4391846285862004,1.2693724005498515,1.1764955521276697,1.3584923779701046,1.4454465872166498,1.1598074922061394,1.4954576678286648,1.0629343461526135,1.162905880854869,0.7061863504948056,1.1212076889863873,0.5422053683811613,0.585408436837045,0.990452994218702,1.106112554568751,1.1473765255799866,1.303757067258933,0.974876875018307,0.5724211931349829,0.8543997474645469,0.7754270963905664,-0.11010589458316743,0.2668457360912393,0.5854961087886322,0.6154356771417677,0.20253686800929366,0.05444157650718668,0.659204700591906,0.28370402214548845,0.7745228947313265,0.8136713373592311,0.36321504272261,-0.1040114533284401,0.1445699506774403,0.27428089824232893,0.06379996467303484,0.6916032917760458,1.4322342808649724,1.314969304325167,1.4457786461896531,0.9530742891218837,1.2603426830898423,1.3009937144519166,1.362971107263439,1.46613364288754,1.4877574466678347,1.4738277597267777,7.254328619247669,1.684223314391925,1.3954599562421193,1.5216044589753108,1.4510857292374328,0.7368607630344123,1.5382340265304606,1.048314350904978,1.2978933225134308,1.4518069767959896,1.322712106602246,1.3572249715644487,0.9285692397903342,1.205877333795505,1.0904119874237852,1.0164970547609824,1.0722834343711107,0.44091431009876303,0.6010370197896708,0.5626994774651892,0.18333556454793976,0.07405979661639189,0.2923993457377,0.38014863122828374,0.318526853743761,0.2773385737589375,0.577711145375114,0.1677556576190003,-0.36149324271660566,0.42818816507376817,1.1039663709424925,0.7063373657615356,0.882947987818077,0.687655635949947,0.9228427728785389,0.271232818624491,0.7542780629087904,0.34872642685273647,-0.09981786511180285
ROI_063,0.5906469709908438,1.7841040057991213,1.328941470987911,1.6857336030470678,1.37914975259408,1.2840092253869444,0.5950183893721466,1.313255791242658,1.4001998841137524,1.6302011229769584,1.33426051521359,1.444610102734805,1.4623519236830274,1.311741082422248,1.5335463619728464,1.5963809554765882,1.1802728816182344,1.41034523816217,1.436557401995895,1.4733584084416673,1.4933804870956502,1.150165532845795,1.2228941667029125,0.8215448267065443,1.1750768903583133,0.5390466263589938,0.6275303899837836,1.1920295512913872,1.233172673044532,1.3752887081637746,1.3200269025630529,1.0586320489482148,0.6657333015858113,0.9731172050071425,0.8498600995643052,0.0036031782438047176,0.4408996497957658,0.6772397823337558,0.700774940798455,0.27885798771200127,0.14604601398313985,0.7639443414460519,0.3467414286495996,0.8634785571161401,0.8917656281870493,0.45629128459985585,-0.025081879565241473,0.1816646531087396,0.3567405567980307,0.15097214333685022,0.7426082304754182,1.8225642539074836,1.8141436963613633,1.9014138627216661,1.2967236460365794,1.367544575280624,1.488168759836244,1.476338494911811,1.802177595107499,1.6574179625158827,1.6660531067308215,1.6842233143919259,7.254328619247669,1.50328022832441,1.8247723453949158,1.477613491040558,0.9729629382827173,1.6956789908633698,1.204046565407819,1.424332314786797,1.5825642216999982,1.461623670418681,1.7650860794786079,1.280929146881224,1.3942736955313546,1.2662330631191572,1.3601829964622187,1.192064161201438,0.5052809273960999,0.6913849551033233,0.8068604961426729,0.3851132202289433,0.2121536973071152,0.4103019836714942,0.4830894232614878,0.4966699343933355,0.4170853968857973,0.7490826721600952,0.3517184605976619,-0.15688227611464028,0.5428536043756792,1.2731904268128205,0.9711296718920056,1.030711463619764,0.9386648700675647,1.006492340110023,0.3825118592596263,0.921847570272016,0.42925082932275926,0.005182932155974138
ROI_064,0.34395673483466327,1.286336123951794,1.3172963353480553,1.5504978802127056,1.5020727380250245,1.4316207885571286,0.5766577073498981,1.6642377518214448,1.8898069706288663,1.1597453183688786,1.3453223783458037,0.9530492778060344,1.0628942208850363,1.7608347730016345,1.9822766557927602,1.1319042328118005,0.971190244153993,1.374401812592604,1.3077652157653468,1.0307586504484092,1.3045346746645567,1.012391076562428,1.1378407634823113,0.5335564787271019,0.7677534499148573,0.3946383980122431,0.3468176555047076,0.8305761510653861,0.833233574388586,1.008775076563314,1.1207721891407108,1.1286406075543842,0.43299774763126386,0.8466998212611205,0.8192373427864186,-0.16310683825072883,0.22133961075122432,0.6917899032679395,0.8086525622887117,0.3165929728070035,0.11216252255500789,0.685896311269513,0.45322641941598707,0.5989343953805609,0.7303348155654019,0.4736537449623358,0.004236462286839698,0.25057369235580995,0.25049909283988114,0.04588021817048466,0.48433483427647944,1.319188821470882,1.2966871621807519,1.741173235983257,1.260369482363998,1.7833564748432202,1.7587330411349296,2.0167447923840336,1.3689254897148333,1.663909576636773,1.0298055683385106,1.3954599562421193,1.50328022832441,7.254328619247669,1.3651667736225768,2.0491341984626485,0.9285144671402404,1.753261694820488,1.0502422072646127,1.2948567656122496,1.211757014680453,1.4720739219310643,1.4094198467492653,1.0774118769211094,0.924429569996304,0.7580431050362791,0.8556563426396901,0.6974052178374126,0.291864568626581,0.5896472356474066,0.7021518464576506,0.47598424761344277,0.04644519916299104,0.5495062908426511,0.30178889222744265,0.6806797204804903,0.13404859779219402,0.4772807342926935,0.1418849151996512,-0.18848020262653317,0.5189863866168685,1.1731863993635758,0.680830507744081,0.7641314542316548,0.6880809731478249,0.8556367652782444,0.40565492870761,0.850108679681163,0.39208405067960994,-0.14644422062763437
ROI_065,0.6386330633897569,1.6835681541244483,1.3929604382771592,1.5266459344451249,1.3712390228819125,1.3313477542457106,0.564799643657336,1.3138031060720137,1.3953769734482,1.660621639901057,1.2370196386653198,1.4607997866066709,1.5788567277567858,1.4170202247462862,1.5966098272976312,1.6128616858024913,1.3943291572274308,1.6409395539047609,1.7046571050773456,1.700439442807116,1.7339607305085503,1.2391547556984208,1.3621914547424896,0.946667392514829,1.2528052976008137,0.4904058909956829,0.61471559234541,1.1746426879361702,1.2710480009465477,1.592257907560242,1.5507471883003203,0.9202368353969196,0.7324379314720012,1.1156273950891542,0.843734578899285,0.08197976042633866,0.43676429360666313,0.5956798775952048,0.7524198113106239,0.33108259780923577,0.176141079005404,0.7322303944145186,0.2347182799138414,0.9175357881881663,1.0182766515141044,0.38708106148563753,-0.03536185876624144,0.2379388938045979,0.34203757263733414,0.15335733692144676,0.7533553831731551,1.6152709746365561,1.5385688835242008,1.6360220593752282,1.3249483001005244,1.349842834268335,1.3311671659791193,1.4628154891609273,1.4292615818840835,1.2470343057513569,1.3821087830919907,1.5216044589753115,1.8247723453949147,1.3651667736225768,7.254328619247669,1.5649999224507658,0.8832625178863872,1.630387192172705,1.326972149077013,1.6940227306692264,1.6851679540341358,1.2251967198754639,1.5386675262931966,1.2169928192787194,1.2025615508613579,1.0456495383721234,1.402108117508779,1.0778079675183396,0.6248138158057535,0.6213348415413487,0.7847598505848834,0.3845862767817895,0.18588370108548707,0.28348302347168386,0.45015110512245005,0.392012280108413,0.4108440418043752,0.8188203410799568,0.4501260537910076,-0.22115107076395682,0.459673028961232,1.0471091870377394,0.9159169733823859,0.863605342491542,0.9738981580329474,0.9673261722412,0.3137408450511775,0.9381978655143252,0.41184885716701375,0.031313902909771034
ROI_066,0.40986944367083816,1.3240017989841668,1.4867676143385333,1.5759956566177025,1.50615486747556,1.4901217307715162,0.623221764698463,1.6786262292321268,1.6899176946451064,1.2902774344334078,1.4377806204396977,1.0879187292147132,1.2636372551160462,2.0804018965650966,2.5825672827953317,1.2267104356574037,1.1094048530476968,1.5354974954696263,1.534855442046302,1.1588885389921066,1.6162525579722589,1.1878368346800665,1.3881374553727568,0.641753308797429,0.8934764212163208,0.4542907947614304,0.3789492719585986,0.9121620492375873,0.9399968038578185,1.2083533186879223,1.2481070843212392,1.0339900400327349,0.5188172728839939,0.9243757235101601,0.8673759861315152,-0.13082303580781482,0.2260897690731856,0.6632602661852707,0.8747647627202328,0.3933087080556886,0.1542052137609289,0.7109503855243821,0.42448294662004116,0.6532605329921064,0.7788080246873116,0.45059715462855476,0.03858073902799324,0.3147228593048866,0.2872073388651262,0.07727001536974383,0.528026960535019,1.269259791121988,1.2251629338457752,1.5995925523747303,1.239597581296514,1.7563685243081415,1.5022817020894863,1.730123030415277,1.2886937536518268,1.4693400169049669,1.0874934749683856,1.4510857292374322,1.477613491040558,2.0491341984626485,1.5649999224507665,7.254328619247669,0.8833078999423636,1.6583099478351426,1.0446570892534912,1.3371194516400708,1.401473559005647,1.3096020353872677,1.3862902098764767,1.0226213288400197,0.9327535707045205,0.7528610187113507,0.9556505667511955,0.798889058111769,0.3287243327619602,0.5375037939291382,0.6292141921052568,0.40739470860663446,-0.016053571945359033,0.43892225937326773,0.24827789303307263,0.5632260841846762,0.1654762426590316,0.533613333086368,0.17542318801280277,-0.2597859668679535,0.4701443225575477,1.0479151374516393,0.6306585507766095,0.7011633545489084,0.6977296558330168,0.8322704659296217,0.36894876745885724,0.8277341446613128,0.3996997410024802,-0.10038170857604498
ROI_067,0.6622252445945345,0.8755196318189781,0.7828444381227877,0.9859563117423757,1.227347255334719,1.1943319000186996,0.9762439654739921,0.6807615185191322,0.84425645954052,0.7552875898455363,0.8070632580676763,0.6821752906109683,0.7119157593976309,0.8310812033807994,0.9567646859807472,0.9454067352320321,0.5335701492139463,0.7236458529528375,0.7496061788238166,1.090780166465862,0.7238485205056581,0.7165641551754907,0.8790593788801855,0.4034701563105209,0.5574926467840879,0.20340890347769017,0.239900649104019,0.700870316608169,0.673786965692028,0.9312681096331716,0.949609338429559,0.921216728285142,0.4833066953391758,0.5488981589473902,0.5010813080886352,0.1453324232269638,0.4699259991909754,0.9224052359127453,0.5954745148932792,0.5670810380966448,0.41531138882240987,0.5958380119767286,0.39801214555095793,0.9076147201800586,0.7126430627086611,0.7183557425717839,0.21199743138867327,0.4919840689409345,0.7856446102570201,0.5644323572930887,0.7922747249452535,0.8943171339590906,0.8957920028473856,1.010888152383306,1.2267455323319367,1.007274496570811,0.7732551023932206,0.7816785320836479,0.8687883694925113,0.9610389632211873,0.7399307361888445,0.7368607630344123,0.9729629382827173,0.9285144671402404,0.8832625178863872,0.8833078999423636,7.254328619247669,0.8352276402780066,0.5925482584442626,0.7068005336509684,0.746289647216936,0.7908984226405116,1.0409431055070861,1.159999548571411,0.6038440165600791,0.6533168956715907,1.034610145998297,0.6721674150181642,0.4964853530384891,0.721991465785778,0.573912102975433,0.7459055550680904,0.36621709125307905,0.490350677434336,0.17196098236053217,0.9050136882761446,0.4043792166166005,0.6138633843616905,0.37378715594727796,0.31752225217644187,0.8567582726628078,1.067794060773764,0.781912637295602,0.9051444902013289,0.9392157509899445,0.9812907803422234,0.891884649257837,1.072904659950789,1.0980833357604693,0.346028999851778
ROI_068,0.40491915372422804,1.4428336267022333,1.320666257715723,1.517289280712742,1.3032899003410852,1.2299830984926041,0.44432709666469583,1.5040206474580198,1.5516992603056268,1.4109365480817928,1.256561221548519,1.161804183217744,1.2835723949532656,1.4905347412732952,1.6350764132515396,1.2726594558694224,1.3121208182794781,1.565408077911906,1.6035363939901397,1.1281727740775016,1.4651645023924684,1.1811237164052852,1.1923712731732516,0.7517484558216864,0.974020093102492,0.47779209349789503,0.445353383903,0.9505739276352053,1.057001419617805,1.1597031987261204,1.2358898610649784,0.9602801026300981,0.518866753481338,1.0568624708914605,0.81701311688916,-0.11209926589095752,0.23757751254330403,0.5229476887160303,0.7208915600249491,0.24525812455736454,0.027536332442057828,0.6256910488855649,0.262230877466999,0.6312390248662012,0.7530406491795987,0.2820751832328775,-0.14204976323947463,0.10312322263553,0.19760778089132913,-0.024289033276065065,0.6195321341358996,1.4633120712449366,1.4453847937729456,1.6560912335052544,1.1579980333329787,1.4599780278138825,1.6043365968789045,1.7217915122041794,1.469188349556244,1.4510198774020044,1.2337055606482825,1.5382340265304606,1.6956789908633698,1.753261694820488,1.6303871921727058,1.6583099478351435,0.8352276402780063,7.254328619247669,1.3722093202974166,1.6694909162390341,1.3438233032595905,1.6471198597462544,1.5282639676763325,1.1956460843498424,1.1606739240965598,0.9600577829889957,1.03426245883455,0.8505579380340038,0.4538570618992692,0.6130540922830772,0.8546066600092931,0.4332254593159227,0.08363245491760928,0.38126770793949344,0.4193370674368045,0.4820667193052272,0.2458894281547156,0.5805397774699858,0.2579933387722836,-0.2689599428627523,0.4017402231022058,1.1359173632872774,0.7754783755468501,0.793902833937136,0.7780887656494051,0.7918560812926028,0.2346182423137402,0.8339954245029108,0.3362942762452722,-0.16382808512906188
ROI_069,0.4001797886124205,1.3063054816849522,0.9904098722025491,1.1444504341321133,0.9428107902703986,0.8429196715300274,0.20400291054113923,1.078896908019933,1.117659334683349,1.2445235825226924,0.8587719048976228,1.0346949514500106,1.024399024613358,1.0026028638189464,1.0331557436831618,1.1294949884542558,1.484065525471572,1.3348008530665358,1.2609544966258166,1.0078187138364527,1.1010833962907438,1.0963924880084472,0.9091987941146297,1.0796069699410704,0.9339527681048424,0.49354705045428054,0.6088910907855765,1.0223546429574568,1.0935641851653592,1.064876489122203,0.9171648506415181,0.6463506183816646,0.49549363490079623,1.3702496993059592,0.794081055396445,0.003284300109748182,0.3735314626293815,0.3457282281075977,0.7418527857466353,0.19485255506696408,-0.03306483637732496,0.49727074728910675,0.08350046208090381,0.491425110208783,0.7250118820764003,0.08224227632964329,-0.2852413463114299,-0.09311108759382966,0.03891152192410779,-0.14850626486884635,0.5406300620381633,1.28487879329452,1.3395755448233713,1.2233998105179071,0.9211798663688671,0.9641022781537282,1.2505588166368027,1.2242224955237302,1.206395194587262,0.9247653629715717,1.0641007440426997,1.048314350904978,1.2040465654078192,1.0502422072646125,1.3269721490770134,1.044657089253491,0.5925482584442626,1.3722093202974166,7.254328619247669,1.8743596836636978,1.170866786556516,1.327942509269142,1.1869865222297256,1.1661419070162649,1.1692336857452867,0.9629310515222299,0.9557581085749951,0.8067888669814338,0.582284487530017,0.5688810485150416,1.2310405563081095,0.4624990968860012,0.2509566095322059,0.3035368865496006,0.7187765791968882,0.33133027963622746,0.34297491009992265,0.7221473071476335,0.5613393094798251,-0.24373262551351096,0.2868456308773877,0.8754264673858326,0.9409260170970835,0.7213757087967131,0.8454388655298775,0.5380555089167196,0.023203992673069874,0.7972123920368082,0.11697303378313725,-0.18165641855014295
ROI_070,0.4572024820117613,1.5848973046776635,1.214703044633885,1.3740079636018065,1.150757576748846,1.0554628149897574,0.3509860989319127,1.350225920218898,1.359501972511131,1.5300926541556035,1.0693698326674788,1.2560162395371122,1.34360261529518,1.3511074727534946,1.3284004471338493,1.3223069104998832,1.6592068023888,1.8122956458739987,1.7182573325134773,1.2169647573059146,1.3697418119306208,1.2720825036195271,1.235566984553592,1.0332048084959229,1.1118989650032245,0.5380510456405166,0.5748487800106475,1.0297587665929633,1.0838586430957398,1.2174273585920663,1.1792883987136216,0.8320486193117237,0.5626487008377399,1.469107485021321,0.8664625804311767,-0.003109840006146424,0.3736165282936262,0.4240279864170138,0.7564273656667433,0.2828633311034562,0.04554569576016768,0.6033251107863972,0.17091187219865006,0.59899302114577,0.8322110750176293,0.15210714775599737,-0.18242782206393135,0.037187495825974255,0.12775532942499057,-0.0556400754075795,0.6192752922938292,1.513552344168259,1.4020218430089038,1.4588015210889438,1.0334890555089276,1.2289657919705663,1.4479829280189793,1.469001995658058,1.2990947311091179,1.0846131524037643,1.1481877647280652,1.2978933225134308,1.424332314786797,1.2948567656122496,1.6940227306692273,1.3371194516400708,0.7068005336509685,1.6694909162390332,1.8743596836636989,7.254328619247669,1.295847669919553,1.3655969450651442,1.3508963076304183,1.2167681556036396,1.185030816593534,0.9323473579794761,1.0870186105190047,0.8980332035365374,0.5558213294786388,0.5998434346846353,0.9709623901900919,0.432096888859007,0.13631926903345098,0.30457379066543816,0.5307257017184749,0.3272130278319854,0.3470884911023874,0.6854216817758696,0.4971568454601791,-0.3077453904381325,0.28585154891622055,0.9055673868307581,0.8103743442891727,0.7346199373818765,0.7932178504877831,0.6613975228190221,0.08906250476559797,0.8049947758589833,0.2341737239803785,-0.1322145566222781
ROI_071,0.5429702281839872,1.5414810445594669,1.3814284455759815,1.4077865753941132,1.1236297435438616,1.075476229543602,0.49463869018635576,1.3429617249227737,1.2966862690130867,1.4893574295551604,1.224314790404544,1.4030725872107328,1.366389790801217,1.232715789257321,1.4519323335594325,1.4709812617307825,1.2972920232068765,1.422295139712645,1.286770661564312,1.3560570284944702,1.8710094127747519,1.1544958892892088,1.1187807325431398,0.8835095246037482,1.082773872915663,0.611771012924387,0.7446928201209669,1.1812213851796451,1.3842139373572226,1.3693810758889478,1.1605040405758498,0.7692711332667838,0.6979346035284524,1.0023705808996701,0.9093783282643352,-0.02424069157703411,0.35283428153121493,0.5286131171293891,0.7315756387348242,0.23098276274535595,0.07358892108732537,0.7380913832915178,0.278187048828341,0.7469675121787891,0.8656421012230044,0.36146862955421394,-0.090892427103001,0.15398517466723136,0.257712828046608,0.06203679684297941,0.6258552172562147,1.4583297076041402,1.5186424100096039,1.4519806776490405,1.13509101295738,1.2100438223956782,1.3422054963478511,1.3296732372659168,1.4458758865539412,1.3140140040781627,1.531935530100571,1.4518069767959896,1.5825642216999976,1.2117570146804526,1.6851679540341349,1.401473559005647,0.746289647216936,1.3438233032595905,1.1708667865565163,1.295847669919553,7.254328619247669,1.214996239361039,1.316020820818182,1.0342835289686223,1.3508950568122073,1.1058740978995774,1.1764839558346891,1.0973489995908738,0.39991449712942523,0.48091390276127466,0.7098465011170867,0.24890872342996767,0.1543698451616079,0.375617625605814,0.5385937058974962,0.3761671208817292,0.3443665605805708,0.7382252033227582,0.3643842328982463,-0.28413187796732914,0.40193492858994767,0.9122772409407909,0.8332391069433165,0.7522021291779929,0.7850562440874214,0.848525403702146,0.2554523868880593,0.808495015202669,0.28733504912389973,-0.07855638513940132
ROI_072,0.26512322730178756,1.2539653142010385,1.0341881705338267,1.2420120302512625,1.0465946870108571,0.9699259662997871,0.3413249842541977,1.230556982675293,1.253603624377843,1.2463849437642927,1.0364445897780659,0.9939290894339828,0.9637942928760812,1.1458188510153604,1.2713747394617718,1.0692066621111043,1.062821074902071,1.1564482986054359,1.1184457291788896,0.9248878637048498,1.1431625698147776,0.9824697669644279,0.9246624259025127,0.6610539788294245,0.8181053110280512,0.4821545576555927,0.4868614387338813,0.9885234835982077,0.9844280226964108,0.9831841205686296,0.9387678455591095,0.8185183643790367,0.3559065353233868,0.8893174772019897,0.7442516527865427,-0.22131160776771908,0.21993273601520108,0.49758380514866746,0.6107020558212259,0.1602866641665911,-0.08289453161089967,0.5521017340393467,0.2664735238296153,0.5006668257540117,0.5821475321577756,0.28497144332290686,-0.21152504084695495,-0.005272710687744513,0.10720067997039415,-0.08732647632422225,0.5259868968262633,1.3664824760129752,1.393967095529016,1.3987677713099187,0.9744983372072372,1.2584345560303412,1.577707478190757,1.4111977040556605,1.6759884932277749,1.5123471362162992,1.2529395485268997,1.3227121066022465,1.4616236704186814,1.472073921931065,1.2251967198754639,1.3096020353872673,0.7908984226405114,1.6471198597462544,1.327942509269142,1.3655969450651442,1.214996239361039,7.254328619247669,1.4101368095354596,1.3328766029345136,1.328464883589034,1.1224129353849086,0.862402762781776,0.8651732264128634,0.40254416806407645,0.5974561070983074,0.9314183745915494,0.40096332841881377,0.15270070728473353,0.5427697798803774,0.5650549159378603,0.5649735139959527,0.19609302193661587,0.578301688930847,0.21797419860555498,-0.1945824144545155,0.45098815705476786,1.2016929251400592,0.8605829356030281,0.8496281662969156,0.784818494676009,0.689697153957061,0.24826168075643396,0.8487422259960956,0.2323982254763632,-0.23561225331119906
ROI_073,0.561572786468023,1.4877674081780752,1.1825318199935801,1.4435022554486638,1.3130801407618948,1.2485656234757498,0.5943063700422194,1.1498359589277576,1.2875545912191144,1.2912509914605597,1.1450791846585748,1.161044480685156,1.2236366258022688,1.2543400411002659,1.3964036209338184,1.3937025250035677,1.1156454349256253,1.2674890649089479,1.374560792858221,1.3042847466572434,1.2441642501691037,1.1151696523695813,1.238739518487284,0.7813392107650081,0.9356971725707531,0.434901447851099,0.4886801627394858,1.00815172494412,1.1160060814334105,1.2546646235350718,1.22402830130999,0.9988068531761822,0.5894069239170531,0.9893751587298902,0.7442397354706722,0.04048976432487757,0.4304832124305105,0.7281133281954114,0.7080275227266993,0.33644429619527,0.18334471664170926,0.6634975665778233,0.2984097995583855,0.7982550562050451,0.8305015421480841,0.41053936488438825,-0.03487758066300985,0.1951992914535474,0.38581190498296425,0.18184627731254208,0.8141537959538281,1.6378443251008232,1.5579824796534696,1.616322465596146,1.2369442062143052,1.3056964592037827,1.3324456903440258,1.3382967697344728,1.420957293482586,1.4010246380571127,1.296652315416322,1.3572249715644487,1.7650860794786079,1.4094198467492658,1.538667526293198,1.3862902098764762,1.040943105507086,1.5282639676763325,1.1869865222297256,1.3508963076304183,1.3160208208181816,1.4101368095354596,7.254328619247669,1.3929160982479798,1.1807238826266075,1.1000508422764312,1.2768297924907213,1.0489090964404015,0.5914798830412944,0.7746472886814793,0.8587793754506993,0.47408861529117097,0.29831783982626947,0.41270160976879156,0.4676809749366098,0.539129709049382,0.44076463217584483,0.680327229087185,0.3672372337898398,-0.039198922321631614,0.6515910230895237,1.3036703080312086,0.9668519613944014,1.0806711814187424,1.009042983766134,0.8901379726815964,0.400903050507378,1.0735198542342144,0.4766561162104942,0.06459891959725587
ROI_074,0.5153334776358337,1.174697421820469,0.8772688321760662,1.1342031916501418,1.1577362769295974,1.032842187911385,0.5394727864799942,0.8450269464522091,0.9721289176394537,1.1408013602030218,0.8773903348531995,0.9669377048410605,0.9054945849902852,0.9462062016221117,1.089497666961383,1.157380085437542,0.9370057443610879,0.9986310539357737,1.015256975329378,1.2377118399589706,0.9669805137502291,0.9397240917314718,0.9664557028280808,0.7662113117686669,0.8399775724784675,0.39954583067864413,0.5138073767850176,1.1108887448294085,1.0703408702971446,1.1786899845683387,1.0070148659323883,0.7772754833706386,0.4907892961092643,0.9254623957635936,0.7036486575682528,0.11686154270003139,0.5113426478036254,0.6226804079170487,0.653587802774361,0.38222563533588,0.17226375053813028,0.6095598433860466,0.2289384589937197,0.768210686468941,0.800543998619962,0.40869885891082197,-0.028833854259980026,0.19064492076872058,0.39727979273358194,0.2274700366528719,0.7603955304560086,1.2596400140036992,1.311496745500073,1.2299363457365315,1.211880682044962,1.017742644474549,1.0939472999992121,1.0448609980924919,1.3218816344173903,1.1469704317363114,1.0895039289109294,0.9285692397903342,1.280929146881224,1.0774118769211096,1.2169928192787198,1.0226213288400197,1.159999548571411,1.1956460843498424,1.1661419070162649,1.2167681556036396,1.0342835289686223,1.3328766029345136,1.3929160982479802,7.254328619247669,1.0755080259991203,1.066808371128766,1.2097349710728764,0.9128364864839317,0.6830876750176036,0.6913162179180641,1.0000600450586918,0.678350704081221,0.43260101129673095,0.4896549347048697,0.5735008744572065,0.645818860580215,0.4608597697793469,0.8549664388053421,0.5814208261296029,0.11973284796016398,0.6229482499733594,1.1892989802357012,1.2010514123531038,0.946946747328923,1.190553584479611,0.825691144321732,0.4556931260223874,1.111287044935286,0.511121513880398,0.1291147233565314
ROI_075,0.42018527759943275,1.3399264334905927,0.9593235829294964,1.1021062725397321,0.7924900002662415,0.7285949314317144,0.2624330612350418,1.0056726868471793,0.9299423622715124,1.447400410417663,0.9627988015915185,1.3572979030931847,1.0856943016258929,0.8597055202201571,0.9439717558354821,1.221274165473187,1.191452024437174,1.064471336484818,1.0049556092155358,0.9997047931442796,1.1324316423752614,0.9655154113047882,0.8380315424252679,0.9649935202065958,1.0951508125395504,0.7279182760436158,0.8891596236216243,1.2370278170254574,1.288026101993485,1.0452679577822297,0.9149349656870724,0.599231485265852,0.49433014392670555,0.8911713344841503,0.8104151619237422,-0.1016004522916407,0.3359283895611347,0.34802531749606347,0.45707923658283334,-0.003501667447457485,-0.14694615772811612,0.6237760644116305,0.21119196808539864,0.5891675416368832,0.6342234101607911,0.19483962685673617,-0.29290325692086383,-0.15144061757142646,0.0884752140351391,-0.08753989615300203,0.5452423679658178,1.4390787848953346,1.5099887088897799,1.1466350404366081,0.8004695527428446,0.8425828121107268,1.2348502117679765,1.0349220427474861,1.5808901632318817,1.1608888439625331,1.8454740342452831,1.205877333795505,1.3942736955313546,0.9244295699963038,1.2025615508613579,0.9327535707045205,0.6038440165600791,1.1606739240965596,1.1692336857452867,1.185030816593534,1.3508950568122073,1.3284648835890345,1.1807238826266073,1.0755080259991203,7.254328619247669,1.49859349386794,1.0644875381676442,1.2483593015575551,0.4268718663873269,0.40573266984829204,0.8307547851679725,0.11389035745969657,0.21622173326630106,0.4733200629982787,0.7595824859663715,0.2696646802631549,0.3367955424604843,0.7270421948182632,0.38371207669527485,-0.2964124264055681,0.2769294947419529,0.8773899949288144,0.9328698830913122,0.8461249415926382,0.7443451052606377,0.6982122241803824,0.14587411293710748,0.6790702731143858,0.12115900720421534,-0.17433996011702974
ROI_076,0.5169958864030929,1.082357802934477,0.7641428307470017,0.8951880857479908,0.6985365929559785,0.6448010945300994,0.32467594605489486,0.7024953865652733,0.7250104045361082,1.165179026817896,0.7939348532633861,1.103878971468901,0.971777973647458,0.6702519543072806,0.7797607737013394,1.0617200142378505,0.8976339491021903,0.8027798198313978,0.805246277480733,0.9795769027496577,0.9143337163514765,0.81710359485434,0.7602413697342949,0.8274209233878574,1.008032497954453,0.6063312411389433,0.8130995686785047,1.176802602242058,1.166019101950052,1.0172458628768626,0.7832093890869686,0.6753753032691171,0.5947908405617657,0.7229936770810997,0.618851576358331,0.02446991870984191,0.4759609301725913,0.4799850757350275,0.37275673978083196,0.10306351745807865,-0.016860933215961077,0.5345440918815214,0.16613599261689926,0.7158710400447885,0.6422961119480749,0.3025421045420881,-0.15851427101152024,-0.028839842222047343,0.26232512172585787,0.11565395873571375,0.7396246847414103,1.1648288745694741,1.2429299142114634,0.9647523483752721,0.7021173708922326,0.7162207417652391,0.8690605800977447,0.7697298591618844,1.3890917144265134,1.0598552589084593,1.566964235072422,1.0904119874237852,1.2662330631191572,0.7580431050362791,1.0456495383721234,0.7528610187113508,0.6533168956715907,0.960057782988996,0.9629310515222299,0.9323473579794761,1.1058740978995771,1.1224129353849086,1.100050842276431,1.066808371128766,1.49859349386794,7.254328619247669,1.078498267996228,1.3657794214253296,0.5932047307601519,0.6791815904013542,0.7155485731272823,0.1614539037903499,0.384012674345655,0.2969309145871713,0.7287307661076585,0.2593347840270885,0.5560931566255519,0.7645429329800245,0.3869824287322728,-0.10081336164420293,0.44299420810938794,0.9803833677332242,1.0449195192552507,1.0360061416723794,0.8565243968638335,0.682744353180095,0.2456293312290251,0.7439050810008623,0.2511928853442054,0.03368697476250905
ROI_077,0.9532125994180133,1.3908755057672655,1.0626030798882584,1.2430940573252953,1.1832040822685432,1.1325480169839999,0.7496518870974566,0.8367884078556626,0.8991297219043987,1.3850458341728777,1.0181349269164068,1.3706909849903925,1.3334288811591062,0.9329071473744206,1.0207129995165123,1.5964874064511363,1.067208450383736,1.094824694685818,1.1639506470267176,1.7964721993989448,1.1191195878911913,1.0993360439914568,1.176995404736205,1.0105467459588389,1.2319045036457552,0.536942549008743,0.7035719891738625,1.2506299246171797,1.3290483364271675,1.4569497785861403,1.2070106474415452,0.8426474345835373,0.8401696208090533,0.9546201466204677,0.759820544309535,0.28438618928351445,0.657861533719804,0.6820720040720507,0.6713663066557134,0.4542333412821826,0.34688252007977777,0.767505203474314,0.27089623287507225,1.118881443930347,1.0381240807180845,0.4340069710154704,0.09133999271586041,0.26547317057042463,0.6073043871233637,0.3894527381247763,0.9338399520408531,1.3048497688871605,1.278052681519299,1.211007856276438,1.2083180938614901,0.9086332375501422,0.8923883906695612,0.8922975142762651,1.101568260975266,0.9430599168946059,1.2630126956569627,1.0164970547609826,1.360182996462218,0.8556563426396901,1.402108117508779,0.9556505667511955,1.0346101459982968,1.03426245883455,0.9557581085749951,1.087018610519005,1.1764839558346891,0.862402762781776,1.2768297924907213,1.2097349710728764,1.0644875381676442,1.078498267996228,7.254328619247669,1.3214819700920488,0.716040247936106,0.6550839315249772,0.6936555627098343,0.4120863054891097,0.34925379315450106,0.26590481834798724,0.43686429773094654,0.3782413943182207,0.678504912392724,0.9541051847146055,0.6468387418531365,-0.003876510172354761,0.5085225046267817,0.9816752693460626,1.0116227423229605,0.9285735903235973,1.0925891959622762,0.9498374646819873,0.42711061587926985,0.8943235426547103,0.6276257844358314,0.29661255731954844
ROI_078,0.6879874272572989,1.1373218617209906,0.943431091126297,0.9713016702440077,0.7883582719744626,0.7327651516324597,0.5034553622069783,0.7393426216715341,0.6972436374395179,1.3211835047549303,0.8853835855079207,1.3082801720246386,1.21024695619679,0.7565044563542385,0.8342560799666486,1.158338876997121,0.9115939654139954,0.8880624588967084,0.9394207614177296,1.1513293001463396,1.021184296359962,0.9185644499700718,0.9644040344094932,0.8768722800838317,1.1687005774558314,0.645986862223542,0.8224203742514268,1.3259640565589266,1.170273260290206,1.2349356625253944,0.9607440375689267,0.6573550356265679,0.6716301083030684,0.7083730580341905,0.6371501479378178,0.05160160440251368,0.4847682589577495,0.4991348551681023,0.44958540326906,0.23253703460643915,0.10201041646254831,0.6280865775170431,0.1939507576972841,0.9103778163207469,0.7153043939557752,0.34361855106558437,-0.031084886681232028,0.08460346699925404,0.34992491614620824,0.21962059994740338,0.7574142894464604,1.1521593854605123,1.0840711798358078,0.9301330736240819,0.7345958019321632,0.7112637726899269,0.7801549578867666,0.6947571472134642,1.1268576830256238,0.9144324580698641,1.5464439468630564,1.0722834343711107,1.1920641612014382,0.6974052178374125,1.0778079675183394,0.798889058111769,0.6721674150181642,0.8505579380340038,0.806788866981434,0.8980332035365374,1.097348999590874,0.8651732264128634,1.0489090964404015,0.9128364864839317,1.2483593015575551,1.36577942142533,1.3214819700920488,7.254328619247669,0.5535455767881792,0.49280494055042,0.5096640550233654,0.10762580635659258,0.21828573992560724,0.20000861397084968,0.47049102567109835,0.1969572558526634,0.49877254908452184,0.8190387391487969,0.40958290244933,-0.19911038485522906,0.39667011695181886,0.8151733673463366,0.8029820219632708,0.8317114331105393,0.764625044396284,0.732154213736826,0.27622890522432736,0.6887212610327099,0.34203157314371196,0.13698210015795775
ROI_079,0.5865745883960146,0.46855455109400257,0.2787715693283894,0.36786570796101276,0.4115967539310386,0.4201877947840413,0.23446420477141308,0.1679220725397607,0.24713078335941097,0.4748658985682161,0.19569244133194555,0.4356825142268597,0.5033486307799957,0.27104676181503407,0.3300843530808267,0.5274453928293473,0.4865949251146248,0.37572374724209645,0.5385916519947177,0.6938139982647973,0.38278187888012366,0.3392932292020325,0.43974552402361444,0.5998253017536268,0.5518649550577392,-0.08288302941306701,0.26835544751595986,0.5133447145404599,0.6045138953462107,0.6488351266442965,0.6986402423182424,0.3353971914987241,0.46272662856341645,0.4469204086563608,0.06693874184143173,0.45763980009789323,0.5914847711873582,0.36389760225110457,0.20157842626247327,0.21578943081950172,0.25532606857855206,0.12721322865976717,-0.34726249355900635,0.7752819802663798,0.5451530041071518,0.1870867893345078,-0.11110093684208382,0.11655646747023059,0.4251122301272844,0.37776240651797854,0.9254751292748465,0.5322528683237782,0.5026824985542316,0.41189379736978,0.49020324234857016,0.30082583799041646,0.25013879334941314,0.31500881415011567,0.43461135084174973,0.2664223770318072,0.44764039876087613,0.44091431009876303,0.5052809273960998,0.291864568626581,0.6248138158057535,0.3287243327619602,0.4964853530384891,0.4538570618992692,0.582284487530017,0.5558213294786387,0.3999144971294252,0.40254416806407645,0.5914798830412946,0.6830876750176037,0.4268718663873269,0.5932047307601519,0.716040247936106,0.5535455767881792,7.254328619247669,0.6808882037537745,0.57419322428147,0.36997293163271133,0.6270282856600141,-0.2428539753789641,0.3907676863749121,0.03317600738691397,0.6947430702700267,0.7412735950349033,0.5599867381388387,0.21941684818600585,0.530058462621579,0.6474600860509943,0.8397180276566402,0.7571441626786134,0.9771466611220597,0.5048180815051124,0.24658665060663912,0.7507563815816529,0.430582714481134,0.4624755180679895
ROI_080,0.5304447148486507,0.6135375172336136,0.43559074164421296,0.6278182804317731,0.6567053488635167,0.6208582482959691,0.47859432035553245,0.41643937026307626,0.532139156330324,0.5420301248617423,0.48231124984884094,0.4939314920163487,0.5753890875665608,0.5133831017111212,0.5300052840316593,0.6362014345738911,0.5062445121387824,0.5098391889655632,0.5720372795828563,0.6579603029076152,0.4618507517804803,0.5381104282411308,0.6576164282099503,0.45032737189919314,0.4925361855355109,0.15826102620170068,0.19344347409389795,0.40212307164181027,0.4582501447033187,0.575313371208393,0.5605653444084194,0.9891373815914031,0.5110657520678217,0.5327304769211969,0.30165692122098475,0.21686619513268804,0.54436907069764,0.7310213882888251,0.37892220489377304,0.45350819119212377,0.3905687824647259,0.30628863008170204,0.15461030569150103,0.5618324486407184,0.5677820450065192,0.3680920847960837,0.16976175077280298,0.2925182830974943,0.518250465726582,0.3849276715665163,0.8732318108846775,0.6216127673502745,0.6434244637081569,0.6910134186335332,0.5944745780680017,0.6397643341921383,0.4750190643835,0.5196490657509877,0.5976903239162892,0.5628523014950491,0.4878153407972864,0.6010370197896707,0.6913849551033233,0.5896472356474066,0.6213348415413487,0.5375037939291382,0.721991465785778,0.6130540922830772,0.5688810485150416,0.5998434346846353,0.48091390276127466,0.5974561070983074,0.7746472886814793,0.691316217918064,0.40573266984829204,0.6791815904013542,0.6550839315249772,0.49280494055042007,0.6808882037537745,7.254328619247669,0.5175110748091759,0.5094486193652712,0.4435772037658314,0.061660623394785494,0.27128646244852594,0.3288764986391271,0.6701720366471582,0.4175449400741738,0.2967262151629561,0.24192126291316426,0.5960560392307677,0.8781350315215023,0.6022110510717386,0.8617498317088981,0.6609691110271179,0.494670397637479,0.359113973416194,0.7077323341195051,0.5982126722566177,0.36939344248812733
ROI_081,0.2840966252963351,0.9044915182270314,0.6006672520121028,0.8050573716091847,0.7084072240036878,0.5650456322620073,0.06924403791801903,0.658070526006152,0.6966988548992542,0.699456327395697,0.44853023332972475,0.5977564522707253,0.5480911217458002,0.5729184631489593,0.6236282595281984,0.7577990853390513,0.7836262821051592,0.7484604750387001,0.6670785037267158,0.6961423480462782,0.5998941522845714,0.6294318682645614,0.5155300146199944,0.7838956949576895,0.5098303926302096,0.22396153644100686,0.4588579142171994,0.7282343589757235,0.7776996434115612,0.7557588258266051,0.6150785853642078,0.4850774565273597,0.29378154359178793,0.9195357108285613,0.5052668610418245,0.046050020481569774,0.4284363938301339,0.32348960724631326,0.5600045280575632,0.11897053124832536,0.000952640989324485,0.334907246685276,0.029279906853731982,0.35557037474401326,0.4879953961239308,0.14203787884854818,-0.2648623318804787,-0.18056351755755787,-0.010395344811675897,-0.1702944804453012,0.40865386698797185,0.9102474018276939,0.9782182930339479,0.8474250789008604,0.7447163606985346,0.6641088844118289,0.8854774759913421,0.8048931211583282,0.8010751701690368,0.6095201847330433,0.6762291100497019,0.5626994774651893,0.8068604961426729,0.7021518464576508,0.7847598505848832,0.6292141921052566,0.573912102975433,0.8546066600092931,1.2310405563081095,0.9709623901900919,0.7098465011170867,0.9314183745915494,0.8587793754506993,1.0000600450586918,0.8307547851679727,0.7155485731272823,0.6936555627098343,0.5096640550233654,0.57419322428147,0.5175110748091758,7.254328619247669,0.6908605252083009,0.5180620391221861,0.4282811833202299,0.9652790465489286,0.5518749819410785,0.38184588353676485,0.7573730688808942,0.628409547580943,0.1000679792464291,0.39332267236858826,0.7576939172762065,1.0339157935521566,0.6489396689345514,0.9065786974786809,0.4044142022272457,0.14262618181134978,0.9311217495374003,0.10253036434527164,-0.1707535677846444
ROI_082,0.25430273993421343,0.3825839737851322,0.32732168485161617,0.45391902972459447,0.6355249849248767,0.5682386690129674,0.44337832108706904,0.2921593557000534,0.42817297489354855,0.263446047884473,0.2667180266629009,0.17035609276924474,0.22102716781969262,0.40011382489872993,0.4497207810131264,0.3668486716409446,0.24252375697922632,0.3786098679511809,0.3635103344557875,0.4657177860154345,0.27884460557112917,0.3351301934114603,0.3576052889826508,0.2111334427258578,0.14420689155339184,-0.10167077607984287,-0.02762788930180884,0.31215634235163114,0.2824440450217909,0.4275819578084409,0.3362583343057421,0.47072735909871377,0.2372040759841205,0.45111151608914063,0.27583761621070346,0.3157875130629366,0.44735670258321036,0.522020541395268,0.5749066296782542,0.634215559069427,0.4910100146967259,0.24272753248174264,0.1860589685150897,0.33754333763396327,0.41083164309665954,0.414654815006317,0.2926925088498073,0.3813364496703664,0.3791516104674557,0.32769531931576873,0.3225980809549439,0.3493517061232485,0.38315252280987755,0.48691953824961515,0.6719599936211544,0.5202798701302411,0.3832796704040017,0.4252233512915728,0.3266900711435749,0.336061842038582,0.16746125878513024,0.18333556454793976,0.3851132202289432,0.4759842476134429,0.3845862767817895,0.40739470860663446,0.7459055550680902,0.4332254593159228,0.4624990968860013,0.43209688885900693,0.24890872342996762,0.40096332841881377,0.47408861529117086,0.6783507040812211,0.11389035745969657,0.16145390379034988,0.4120863054891097,0.10762580635659258,0.36997293163271133,0.5094486193652712,0.690860525208301,7.254328619247669,0.4575124053220228,0.3198906933587921,0.1833125528000791,0.8767845223487503,0.37667807097596023,0.4203838537094189,0.5249137749390783,0.604847827337128,0.5661566460519091,0.5338563794461296,0.545619602776845,0.32345085982630334,0.6880384672712105,0.3553919816516274,0.4919613808513323,0.6809650589739985,0.5308111222864504,0.28205274703661265
ROI_083,0.43675234005385066,0.2023602730695103,0.017473493161122032,0.13241050226997775,0.13600113134212427,0.10003881582932868,0.08948128353182568,-0.07488686323113448,0.03727272469511326,0.09853411284421408,-0.04264105648584035,0.07604364317335432,0.05158130529532278,-0.033337735182053754,0.030959191189545564,0.21428715968090478,0.0874864634226746,0.026788528330106236,0.03590192241090152,0.2903284288674315,0.057398600533083044,0.0017219068801544789,0.057203844096181844,0.25083008770950843,0.08211709657160887,-0.08773306369425299,0.4150669400607602,0.28337205667271737,0.3475773987392679,0.22157704925052213,0.17884996017715876,0.18642402629979826,0.26299178631320225,0.1628790952161275,0.12156162842194813,0.465609965603889,0.6577960782753822,0.29151514553385405,0.07509014284353206,0.05034660573148074,0.22597807329946087,0.09286749124764912,-0.09057020746835702,0.4341847303297045,0.4296306626171005,0.3302695035552184,0.0603210573400175,0.1199493965531349,0.31664035138595203,0.3258678963875698,0.4973205121775122,0.2803924055680834,0.31382876827173234,0.2022173703489737,0.26253530789768476,0.027460834472663533,0.10771594680003896,0.09468371850790618,0.25061563368462697,0.09360274705251061,0.18860644499767396,0.07405979661639189,0.2121536973071152,0.046445199162991044,0.18588370108548707,-0.01605357194535903,0.36621709125307905,0.08363245491760929,0.25095660953220594,0.136319269033451,0.15436984516160787,0.15270070728473353,0.29831783982626947,0.43260101129673095,0.21622173326630106,0.384012674345655,0.34925379315450106,0.2182857399256072,0.6270282856600141,0.4435772037658314,0.5180620391221861,0.4575124053220228,7.254328619247669,0.20001161743383655,0.7618241354722292,0.3106050685411378,0.606705195952808,0.6046057525332889,0.5785664322481886,0.6453231336808435,0.6456661142534066,0.4050356706546206,0.7497262298288362,0.5785828914617404,0.6913130579818767,0.3980296955318774,0.44454460284013037,0.5971721924348224,0.24779601780911634,0.3647032052610548
ROI_084,0.033359628135432404,0.4338448307474787,0.4176790043499295,0.5232057513759802,0.4809207431366112,0.425604486713991,0.2957037468603746,0.5417047347611159,0.5287517673970711,0.37316945099349863,0.5188926988058622,0.3115546147453763,0.17614843398912297,0.4668834407607429,0.4605955928402037,0.3895137651719984,0.241941178554706,0.35479147666029726,0.2080778383202938,0.2777996537505326,0.3352817561598719,0.3501503506531322,0.26977862800668034,0.13571140811583127,0.1377371315909484,0.4039763017309377,0.30562766156144283,0.37482133358880354,0.2927221713980365,0.24290655629231186,0.2383943444955456,0.3922055602942699,0.008063499361688996,0.2641431115614061,0.6235629589910139,-0.2790922726671564,0.07371206195059357,0.3084265235505702,0.3814806508570261,0.06899852520482967,-0.018359257793877034,0.5543803137160273,0.7945031216842513,0.10064928640587428,0.2489369041682184,0.419984002221302,0.12177577542602473,0.09408058488559258,0.025280373806142054,-0.07830553074715267,-0.03741979800391231,0.45125444443336543,0.5159648052972042,0.5414039458913031,0.46921604892241897,0.4959842858509742,0.6717878763192362,0.5617204077318123,0.5846613624714269,0.5884860175428303,0.39771484858066625,0.2923993457377,0.4103019836714942,0.5495062908426511,0.28348302347168386,0.43892225937326784,0.4903506774343361,0.3812677079394935,0.3035368865496006,0.30457379066543816,0.375617625605814,0.5427697798803774,0.41270160976879156,0.4896549347048697,0.4733200629982787,0.2969309145871713,0.26590481834798724,0.2000086139708497,-0.2428539753789641,0.061660623394785494,0.4282811833202299,0.31989069335879217,0.20001161743383655,7.254328619247669,0.36855415788345874,0.8764988751246541,-0.11618271767500314,0.2739810088768998,0.07964490254112448,0.13835602925562263,0.2882934223837677,0.42475357357318666,0.368511112019222,0.3070710994894896,0.2754714294642743,0.4260458450532929,0.5030919766788607,0.3272241075530928,0.1108396877168329,-0.23192672587853633
ROI_085,0.20510317782581344,0.5504314145184771,0.30858099130732153,0.4098312352454042,0.24340365389552535,0.13790906681806195,-0.18837006265203654,0.340673529829319,0.32934538156831245,0.46516240926854463,0.20713306338426207,0.4221791026155964,0.3170214378553556,0.20855954068484964,0.25894372088484974,0.4507096069843924,0.5216043703142413,0.3923406902049559,0.2934805000930846,0.38812423225980797,0.38777146810323143,0.29017674317019726,0.19263518651876357,0.6107860621705333,0.3721652560200406,0.3196501253491423,0.9290008447630503,0.613901864599808,0.7101832064099103,0.4322039361582191,0.2992077753923029,0.21102150271807343,0.19852471656537138,0.5292899217876998,0.4241845225544441,0.037629110032616174,0.4173192695877192,0.0798308896782787,0.2117160550403406,-0.22319881497571925,-0.21555125190795374,0.2345534818600081,-0.0730032646194489,0.24705711981068243,0.4019116801038049,0.04649818261999925,-0.3491701418559773,-0.323877969898295,-0.18404012028707023,-0.274762082928001,0.2634864975133271,0.6154944751314616,0.6640274671880879,0.4639184198239152,0.3138284875087001,0.24826020528362364,0.5475314892756059,0.43940728843789156,0.5943403875853289,0.35976465347500725,0.5663841048836077,0.38014863122828374,0.4830894232614878,0.30178889222744265,0.45015110512245,0.24827789303307263,0.17196098236053214,0.4193370674368045,0.7187765791968882,0.5307257017184749,0.5385937058974962,0.5650549159378603,0.4676809749366099,0.5735008744572065,0.7595824859663715,0.7287307661076585,0.4368642977309466,0.47049102567109835,0.3907676863749121,0.27128646244852594,0.9652790465489286,0.1833125528000791,0.7618241354722292,0.3685541578834588,7.254328619247669,0.21170623100138405,0.3752742782406165,0.7216875579152042,0.5439714270106278,0.011625015713966506,0.21243822142870086,0.44242660520760424,0.837934062904689,0.4554148142787463,0.5572835735029904,0.28760461325340214,0.010708620192153231,0.541400757714997,-0.21711801682950027,-0.24797201072532757
ROI_086,0.14103770365112805,0.4592337522207443,0.4770845668145975,0.5961124587186485,0.7677235028349437,0.650257176564669,0.514195691241416,0.5022815251713638,0.5913944323713286,0.3016495880137511,0.4483097911199123,0.20584952419684072,0.19738169193230118,0.5053398791760293,0.5904559422472627,0.4089138432045827,0.13964422207414462,0.37354860088483327,0.2885348061231861,0.4246064383569977,0.35434820603236106,0.3146084572149293,0.34521095784599215,0.01738221747555571,0.07240782715531294,-0.009768986920359561,0.03699924692833196,0.3786700735839441,0.2827676189339178,0.42941680488218914,0.3879514133395241,0.5672056561866446,0.06918671523192607,0.22857356878630003,0.3284068542915061,-0.13817457337164077,0.15912603591535615,0.6806201442371763,0.5378135941321958,0.4011298930044005,0.26009964828310983,0.39207103219731865,0.4969189978251888,0.3313609744128119,0.2949626523223487,0.7657114541621122,0.263336474874544,0.3443119519751723,0.3052042929993789,0.19416502126665316,0.17005837036529903,0.4868729803024151,0.49526986186789884,0.6154401496274801,0.7389989384899481,0.7058139954139827,0.6174320899564465,0.5760359009418804,0.5209453711794152,0.6186854539500041,0.3331828503435625,0.318526853743761,0.4966699343933355,0.6806797204804903,0.39201228010841305,0.5632260841846762,0.9050136882761444,0.48206671930522715,0.33133027963622746,0.3272130278319854,0.37616712088172927,0.5649735139959527,0.539129709049382,0.645818860580215,0.2696646802631549,0.2593347840270885,0.3782413943182207,0.1969572558526634,0.03317600738691397,0.3288764986391271,0.5518749819410785,0.8767845223487503,0.31060506854113773,0.876498875124654,0.21170623100138408,7.254328619247669,0.0034239078515219887,0.40082185408717685,0.09624818399647869,0.4460919573351999,0.7644501859986794,0.6932577732121039,0.49862342997517967,0.40414904873367347,0.5540755164146657,0.5275730608844824,0.8786888404797073,0.7760875233887145,0.5160276219256117,0.009559063089333675
ROI_087,0.7472126739929122,0.4593174551729286,0.1826368005220895,0.33247551041844886,0.3137589539083352,0.30288583104531575,0.4012324184589678,0.07303112688564208,0.1802076494348403,0.4121744526354404,0.1986759310669554,0.4627379306491652,0.48445408327336,0.17418107227024807,0.20742697516107625,0.5335892226513964,0.39547479812727077,0.30155302802059275,0.3410706079867717,0.5989227333078634,0.2974040211978065,0.37772830360657217,0.3877955775202601,0.6350038373064482,0.5718000942089398,0.22084149180100546,0.46775006778625133,0.41341021539000755,0.5466447805038954,0.47802034218903205,0.332103573589293,0.3891679354549278,0.7934716704850602,0.5285220516184687,0.29511354149307917,0.8057158620791612,0.9733925400374409,0.45444230781360523,0.2630966908871575,0.4306847996052403,0.541288682419044,0.32232803020379697,0.06128583394279203,0.5725580562839759,0.6049164090186623,0.20606383712594592,0.23291691732071512,0.23826123832401494,0.5887687176345702,0.5624079930307386,0.7589824977621147,0.37888712949930675,0.44881096644224866,0.3642870705116208,0.38591891863159794,0.19413418201816257,0.14927314793401308,0.17220023133948115,0.2947753461472455,0.21618215012227432,0.38316194769524897,0.2773385737589375,0.4170853968857973,0.13404859779219397,0.4108440418043752,0.1654762426590316,0.4043792166166005,0.2458894281547156,0.3429749100999227,0.3470884911023874,0.3443665605805708,0.1960930219366159,0.4407646321758448,0.4608597697793469,0.3367955424604843,0.5560931566255519,0.6785049123927239,0.49877254908452184,0.6947430702700267,0.6701720366471582,0.38184588353676485,0.3766780709759603,0.606705195952808,-0.11618271767500314,0.3752742782406165,0.0034239078515219882,7.254328619247669,0.5648301556248089,0.8153456010356003,0.3803482182758898,0.3717333581087055,0.38209242002989274,0.6487774290260743,0.5520486356546684,0.6881179995041404,0.35109861070455983,0.1886207605695886,0.3995632231213474,0.45042636917196893,0.6996128857445011
ROI_088,0.7497373282826968,0.8031796213784631,0.5955109272171352,0.7231260349568069,0.6955907677948645,0.5670981669464437,0.3898742393223728,0.4875100015308314,0.49110963216865594,0.7913674655796924,0.4927512044059191,0.7757178163784028,0.6787451008133001,0.5054662507764133,0.5763918791580825,0.859309357662332,0.6617296514040913,0.6316521955740071,0.6412674887930809,0.9554808317422323,0.6837351858077262,0.5894189890515265,0.6045174673218218,0.7958196234323293,0.7734064881936293,0.2956507170241207,0.759159023445328,1.0263496056253725,0.9492763429649371,1.0094335246589936,0.8250530804364553,0.45681298766860284,0.6388558698434318,0.6244960430401492,0.5455492506230877,0.2463241465459549,0.6626066504376023,0.43168131065605964,0.583609031673314,0.2938318714736775,0.24327523766726608,0.5317291945146357,0.08935886066939486,0.869319789604884,0.8238660939197289,0.4663721706560694,0.037089389501005585,0.20565141108675955,0.3510462356669688,0.21135043307812765,0.6602501235241112,0.8055179957252625,0.8174160897189576,0.7046326315104305,0.7822231630960045,0.4932933939539079,0.5631477190263564,0.5545884268915428,0.7494874343232893,0.5088811918595055,0.7825583213644575,0.577711145375114,0.7490826721600952,0.4772807342926935,0.8188203410799568,0.533613333086368,0.6138633843616905,0.5805397774699858,0.7221473071476335,0.6854216817758696,0.7382252033227584,0.578301688930847,0.6803272290871849,0.8549664388053421,0.7270421948182633,0.7645429329800245,0.9541051847146055,0.8190387391487971,0.7412735950349031,0.4175449400741739,0.7573730688808942,0.4203838537094189,0.6046057525332886,0.2739810088768998,0.7216875579152042,0.40082185408717697,0.5648301556248089,7.254328619247669,0.6975120546020483,0.13290057649270706,0.5642716410365023,0.7181991407935036,1.0349201859098769,0.6817377856520829,1.1038283054358229,0.7640137256523131,0.46907637976677236,0.8718733654310342,0.33366256292669627,0.24050692060198683
ROI_089,0.6059868479262187,0.49426505100350987,0.28539761946340925,0.38504987648954186,0.37321264756332945,0.3228902229935704,0.23733532709821575,0.16163184154567686,0.2546850006452453,0.45069231071076826,0.22229824985213734,0.49530685134927344,0.41199742272430956,0.21270741723717154,0.23325370829788097,0.5212675022030165,0.5179580374593339,0.41549135527175013,0.37628924398294006,0.6296769252398813,0.31837781494957035,0.472053241720635,0.35663849513827667,0.8577694519361624,0.5219521767467347,0.3239727912589629,0.5751811085564593,0.4923514586558391,0.5368893608233888,0.5353577704167396,0.3193611759714956,0.18580495200371572,0.5307059710696445,0.7337833472724667,0.43691875529365276,0.7177639168697334,0.8666954963723789,0.22041981187218812,0.4559495371745832,0.42515457225683423,0.36288246445425676,0.38067641332248736,0.004306896566762259,0.42711439773419235,0.6478044303042159,0.0285808839387474,0.09936843966179991,0.09479489656296113,0.30227877531730396,0.27562551071112523,0.4210460120027559,0.4018715253603864,0.4586398080819955,0.3589920949343707,0.46890867833281846,0.1930509800221808,0.2553076164640158,0.22643252832217511,0.3031682981297538,0.1539111610121708,0.35497212945315654,0.16775565761900027,0.3517184605976619,0.1418849151996512,0.4501260537910076,0.17542318801280277,0.37378715594727796,0.2579933387722836,0.5613393094798251,0.4971568454601791,0.3643842328982463,0.21797419860555498,0.3672372337898398,0.5814208261296029,0.38371207669527496,0.3869824287322728,0.6468387418531365,0.40958290244933,0.5599867381388387,0.2967262151629561,0.6284095475809428,0.5249137749390783,0.5785664322481886,0.07964490254112448,0.5439714270106278,0.09624818399647869,0.8153456010356003,0.6975120546020483,7.254328619247669,0.2643079310159274,0.10336615785896998,0.21430425204265308,0.667677357946526,0.27460262211355513,0.6488896588375613,0.2726068460662569,0.055365213507866017,0.40341360976232793,0.25455426315751845,0.40174717586385233
ROI_090,0.16248960394894085,-0.20301188443125331,-0.336912874915752,-0.18094632512190603,-0.006768047819851433,-0.010914605108128486,0.32528729379903576,-0.4452272936196783,-0.23776632860591226,-0.33405667080638296,-0.2882414899852796,-0.32739723580074553,-0.34189229276426003,-0.3027977334806961,-0.22037795314044598,-0.14719271402093864,-0.4234461864426797,-0.3935846612286022,-0.3454145192641531,-0.013754110098105548,-0.36353628383437164,-0.2846172778948545,-0.2228196730408316,-0.2310336857408959,-0.3433489878776189,-0.4476592268830485,-0.1978269140588501,-0.12332413040944677,-0.1538368269125712,-0.09800704630041042,-0.17867703484779757,-0.028240489911684596,0.03240017278369829,-0.25183720233240353,-0.253001926471543,0.6054302044884199,0.39817633700349403,0.3339701668970022,-0.02340143788897762,0.3356913496580521,0.6283885364140914,-0.035150099911898616,0.10316311748333315,0.17919765987009556,0.05360244477508688,0.4827145944484228,0.48977608909279846,0.4356471757740276,0.5560832516877279,0.7475366439912606,0.1403797246988798,-0.18724218569448806,-0.12022169283765022,-0.12637203098954033,0.11762736941284255,-0.15402966841542032,-0.27681842959027914,-0.2416609630919581,-0.188410174081273,-0.136825551771644,-0.25228519292489243,-0.36149324271660566,-0.15688227611464026,-0.18848020262653317,-0.2211510707639569,-0.25978596686795347,0.31752225217644187,-0.2689599428627523,-0.24373262551351094,-0.3077453904381325,-0.2841318779673291,-0.1945824144545155,-0.03919892232163162,0.11973284796016401,-0.2964124264055681,-0.10081336164420295,-0.003876510172354761,-0.19911038485522906,0.2194168481860059,0.24192126291316424,0.1000679792464291,0.604847827337128,0.6453231336808435,0.13835602925562265,0.011625015713966505,0.44609195733519996,0.3803482182758898,0.13290057649270706,0.2643079310159274,7.254328619247669,0.5882765584545749,0.11524206402419314,0.3054071306585197,0.19488902735315755,0.35204325731177166,0.09628168308443963,0.6495777422714731,0.2528581403224177,0.5341442597473139,0.7244456194912918
ROI_091,0.48630583778828645,0.4210674458380666,0.34132839049023583,0.45431620319930854,0.6110483920097202,0.5782799541564148,0.6192461371157808,0.2670944740001876,0.41367172615162934,0.2915344171190585,0.31789292100066313,0.21886073064955786,0.3035925477416978,0.3891607308325112,0.49048672069812543,0.4550188027950225,0.13498964494957677,0.2649297437175134,0.33882614475314043,0.5552594990886064,0.3583836428996099,0.21451959647192453,0.3815864578486879,0.08744036522689266,0.18180692849768235,-0.20826235488108252,0.0797912890610405,0.39036295853174424,0.3912065560280646,0.47559974894607704,0.5498683287330343,0.54275358033918,0.33720583919818686,0.1518548619758507,0.14564419142734458,0.17809600567747075,0.4111826551948867,0.819062816514791,0.3355756851526769,0.3648727544673912,0.4111587842413539,0.24075152974356745,0.1742915803346123,0.7070072373508034,0.46757474528457404,0.8472310244535051,0.24600488161554193,0.5059613079922917,0.6481295256927839,0.5603597432105664,0.6415781951809859,0.5124883832655462,0.5157966751935413,0.5416897911843681,0.7002707188539237,0.5097700552480957,0.37711563482208993,0.4294218137175349,0.487132974973207,0.5156586617038115,0.3908781045838639,0.42818816507376817,0.5428536043756791,0.5189863866168685,0.459673028961232,0.4701443225575477,0.8567582726628078,0.4017402231022058,0.2868456308773877,0.28585154891622055,0.40193492858994767,0.45098815705476786,0.6515910230895237,0.6229482499733594,0.27692949474195283,0.44299420810938794,0.5085225046267817,0.39667011695181886,0.530058462621579,0.5960560392307677,0.39332267236858826,0.5661566460519091,0.6456661142534064,0.2882934223837677,0.21243822142870086,0.7644501859986792,0.3717333581087055,0.5642716410365023,0.10336615785897,0.5882765584545749,7.254328619247669,0.8838990115924241,0.72756198176278,0.8924658818116431,0.8729532071867588,0.7352650803179193,0.9929595887009203,0.9689537623835185,0.7307955926596588,0.4199890281663504
ROI_092,0.4964359334913584,1.0123709321777676,0.8218312003068511,1.094989131749553,1.1077417398536011,1.0815656789929973,0.5970604675848862,0.8380175911209508,0.9469584482646163,0.9392395169850258,0.8924672852982588,0.7770847233742934,0.8687739018300791,0.9028283692263644,1.054743702569816,0.9963878031943654,0.7342487283108472,0.8388809501479317,0.9238567705155262,1.01589311556662,0.8744299417070509,0.7213909526159706,0.8392539887484928,0.5186412250627125,0.7128923835459708,0.22689301436165102,0.3937974976294873,0.8421194473959399,0.8910268210104827,0.9545009437512688,1.0359183436762702,1.018621087784359,0.41851998289694176,0.6013559390547571,0.5192942202562025,-0.004721910995527353,0.45718964004453705,0.8636462602484605,0.5926566552762103,0.3104092228770601,0.2123791877110815,0.5176048744797108,0.2751722394309298,0.8362054182970378,0.6897845447017077,0.648232527466095,0.00640362818059253,0.22710724114542158,0.452956881057493,0.2541243410821398,0.7514525133047955,1.1418620779641913,1.1410049828716313,1.1952082038758556,1.098423431770132,1.070870231671185,1.0295970153295355,1.0455388429885166,1.241774916358104,1.163659224693151,0.9859165939613435,1.1039663709424925,1.273190426812821,1.1731863993635758,1.0471091870377394,1.0479151374516393,1.0677940607737646,1.1359173632872774,0.8754264673858326,0.9055673868307581,0.9122772409407909,1.2016929251400592,1.3036703080312086,1.1892989802357012,0.8773899949288146,0.9803833677332242,0.9816752693460626,0.8151733673463366,0.6474600860509943,0.8781350315215023,0.7576939172762065,0.5338563794461294,0.4050356706546206,0.4247535735731867,0.4424266052076042,0.6932577732121039,0.3820924200298927,0.7181991407935036,0.21430425204265308,0.11524206402419317,0.8838990115924241,7.254328619247669,0.9970767692846876,1.1956272646508321,1.042070809672814,0.9233071331399172,0.6462310824986554,1.1894756849059933,0.5822504608447023,0.11964776325323936
ROI_093,0.6245854559492788,0.9156252443130977,0.5884130084334407,0.8045372585363257,0.7926398054552855,0.7217715797769507,0.42218027062563057,0.5238642716861287,0.6710338348769567,0.8075877663705495,0.5721638041647065,0.7403792652883677,0.6763959637650898,0.5384098502557084,0.6676870701484313,0.9460823341665223,0.7065656866454306,0.6360159163226019,0.6719491790832188,1.0069320192970448,0.6741556630547342,0.622739562202011,0.5526985565219695,0.7879288503639706,0.7033344212167176,0.2552678855392592,0.6905475684622836,1.0586424284973135,1.0294072195649093,0.9398319192630208,0.7900735697554025,0.5692093387503583,0.6076392677800997,0.6657904230774832,0.5491640081093564,0.35328154870947004,0.7058697888510627,0.5996150021023848,0.561028297123832,0.23613652989918746,0.261577975469351,0.5500360810937289,0.145784680441724,0.8466546229888402,0.8460282798112724,0.49641170731478484,0.007785340790221416,0.13072030403635615,0.41828875167249085,0.2941298663789901,0.6637533093893803,0.9713308951394148,1.1471633566161814,0.9196717358163793,0.9830629466433901,0.6007142610496281,0.7411821295218595,0.7575978229028516,0.9783215812467825,0.7911439710428825,0.9579639760532873,0.7063373657615356,0.9711296718920056,0.680830507744081,0.9159169733823859,0.6306585507766095,0.781912637295602,0.7754783755468501,0.9409260170970837,0.8103743442891729,0.8332391069433165,0.8605829356030279,0.9668519613944014,1.2010514123531038,0.9328698830913119,1.0449195192552507,1.0116227423229605,0.8029820219632706,0.8397180276566402,0.6022110510717386,1.0339157935521566,0.5456196027768451,0.7497262298288362,0.368511112019222,0.837934062904689,0.4986234299751796,0.6487774290260743,1.0349201859098767,0.667677357946526,0.3054071306585197,0.72756198176278,0.9970767692846876,7.254328619247669,1.0719006913027551,1.6149473621877155,0.8028972633529259,0.4867549541163183,0.9981341945824808,0.4138265836651127,0.2361463117238287
ROI_094,0.6747835529360403,0.8789965553590393,0.574557242685428,0.8084581184536803,0.7667376564443191,0.7823198248102793,0.5296151503646478,0.5655598478485335,0.690085866553041,0.7821475988089648,0.6367753871309908,0.7342514802264724,0.7634446471266447,0.6359035289730398,0.7089749463762556,0.9292664340010763,0.6403291724675635,0.5992666265284672,0.7213810466199638,0.9164163615959843,0.6336879932709639,0.6155332917689432,0.7233556578573145,0.5769963341876128,0.697946650648527,0.216512496825105,0.43985761363585335,0.7676408166689553,0.7643509498125833,0.7985534732533783,0.9061195231196324,0.7790377506273272,0.6180858746380495,0.5286676078466455,0.4691346137461482,0.17764831901681938,0.5535240741050101,0.6884928543182045,0.38773963778926657,0.19218692892230227,0.25960922570011397,0.5235879041875435,0.2364817043200665,0.8747572818190337,0.7576098498545949,0.5431223118767062,0.006893154324817736,0.2063656137941097,0.5376570465944058,0.3781072268028987,1.0144439673650727,1.0170461616851223,1.0554729249902595,0.9357862111684603,0.8220093404568486,0.7012383067007633,0.7116791253714755,0.748897080282046,0.9848159747404364,0.8727014923526545,0.8943588021779921,0.8829479878180773,1.030711463619764,0.764131454231655,0.8636053424915422,0.7011633545489084,0.9051444902013289,0.793902833937136,0.7213757087967131,0.7346199373818765,0.7522021291779929,0.8496281662969156,1.0806711814187424,0.946946747328923,0.8461249415926382,1.036006141672379,0.9285735903235973,0.8317114331105393,0.7571441626786134,0.8617498317088981,0.6489396689345514,0.32345085982630334,0.5785828914617404,0.3070710994894896,0.45541481427874647,0.40414904873367347,0.5520486356546684,0.681737785652083,0.27460262211355513,0.19488902735315755,0.8924658818116429,1.1956272646508321,1.0719006913027551,7.254328619247669,1.0754145368968147,0.9154552094813871,0.5707985033704682,0.938466362108746,0.5768304241615994,0.27751916227510026
ROI_095,0.7550075415936823,0.884196751137683,0.6265380748359851,0.8255326581796131,0.9100562429142632,0.8773134566096842,0.5842490171701394,0.5123343781980594,0.6705933185140598,0.7965884129479723,0.5949104868040569,0.7281945401048838,0.7352699324039815,0.6120464178270918,0.7341895213271558,0.9802658063527959,0.6930228570787177,0.6533649852198312,0.7505810985302563,1.1311197676188725,0.7089713323707441,0.686884192632873,0.6901120810716751,0.7613286558947467,0.7438857074167249,0.17046609833452056,0.4828510960010942,0.9626793733464574,0.9592152539655584,1.0552810581607213,0.9427483767334642,0.6395225291039853,0.6930174997603532,0.6704081767735942,0.5303483941566971,0.4082734345318047,0.7564341111410495,0.7138157198880182,0.6413257503504763,0.4299295271655153,0.43691245811937734,0.5518391007759298,0.17387849237641356,1.0070153404000703,0.9461503752439859,0.5953573008865847,0.1365945356756021,0.3281575111379042,0.6039446914936388,0.43624032524874673,0.8272543602571594,0.8982719331640214,1.0042994972763086,0.9089796790076939,1.1267651994723102,0.6679485264544044,0.6565539959784379,0.7344750276620939,0.8685926103923913,0.7257348418540165,0.8317742486877108,0.687655635949947,0.9386648700675647,0.6880809731478249,0.9738981580329474,0.6977296558330167,0.9392157509899445,0.7780887656494051,0.8454388655298775,0.7932178504877831,0.7850562440874216,0.784818494676009,1.0090429837661345,1.1905535844796105,0.7443451052606377,0.8565243968638335,1.0925891959622762,0.764625044396284,0.9771466611220597,0.6609691110271179,0.9065786974786811,0.6880384672712105,0.6913130579818767,0.2754714294642743,0.5572835735029904,0.5540755164146657,0.6881179995041404,1.1038283054358224,0.6488896588375613,0.35204325731177166,0.8729532071867588,1.0420708096728144,1.6149473621877155,1.0754145368968147,7.254328619247669,0.9026744972383789,0.6240959500934151,1.1330535977013245,0.6095437710321323,0.3773618499640451
ROI_096,0.7135297144202871,0.8671115239653346,0.8727047040488096,0.9313291267967011,0.9886613974094799,1.0311719958952321,0.8285346715256455,0.7188386209686612,0.8394392314694024,0.8543698449316177,0.8735557853467149,0.8227954112779302,0.8194648954681496,0.8024398630678635,0.8926730506272412,0.9622177705098471,0.5841823535650591,0.7049049436079085,0.7771270469565184,1.0706502259678896,0.8748863049381009,0.6151852784953163,0.7658671363931381,0.433242426879924,0.7517356628795804,0.27173269705098957,0.502709358456667,0.7844678578492537,0.8348289790813511,0.8676486093236243,1.1636708278034584,0.8053961586464187,0.6807632488865805,0.4378059394607055,0.6183832959086412,0.1634897938809346,0.4594185541224024,0.7174082451422887,0.5063003140865528,0.2748761463159963,0.33956440317085973,0.795093264798115,0.40542013006772193,1.2506676913796142,1.0726274562090021,0.8125438333983329,0.2187188354917967,0.49298799671531995,0.6608573415020297,0.45812213501422744,0.7951389012613486,0.9353146899536197,0.9433073070769172,1.0294728416938748,1.114331474732924,0.804947042572144,0.7688747178769423,0.863961824090547,0.9335757293889698,0.9047969697486008,0.8848231970964769,0.9228427728785389,1.0064923401100228,0.8556367652782446,0.9673261722412,0.8322704659296217,0.9812907803422234,0.7918560812926028,0.5380555089167196,0.6613975228190223,0.848525403702146,0.689697153957061,0.8901379726815964,0.8256911443217321,0.6982122241803824,0.682744353180095,0.9498374646819873,0.732154213736826,0.5048180815051125,0.494670397637479,0.4044142022272458,0.3553919816516274,0.3980296955318774,0.4260458450532929,0.28760461325340214,0.5275730608844824,0.35109861070455983,0.7640137256523131,0.27260684606625685,0.09628168308443963,0.7352650803179193,0.923307133139917,0.8028972633529259,0.9154552094813874,0.9026744972383789,7.254328619247669,0.8501068706666609,0.7766108546623756,0.6934315527068772,0.30341952618950363
ROI_097,0.44366653196002087,0.2815167783823153,0.3111199041971436,0.3959714698542649,0.5629229067925438,0.5840438104370275,0.9013438244349721,0.20672767286394872,0.31299573200220193,0.22463861528243184,0.35336727807907053,0.18771231292757826,0.19956411460540485,0.31798649064099593,0.40791909869499293,0.37221696987792974,-0.010391674009365602,0.13054589163701766,0.17131544875851965,0.47458243856777194,0.23712381586353384,0.15928020046597854,0.3211138498238283,-0.04242839241305481,0.14550855988348801,-0.09749560900518346,0.10117775940653014,0.36981524323014453,0.2566510833602586,0.4161809058009303,0.4432166945895384,0.534188420789702,0.2818359945155248,-0.03791020658471432,0.21813504500543782,0.20643034209877373,0.3842473605243786,0.8282660614490368,0.31822870617052873,0.41685914340195823,0.5984219368709306,0.44715298879554327,0.5259883996154974,0.779507513568271,0.4852232828783961,1.6081856792735403,0.593731553164596,0.7972047236274287,0.87509198928635,0.7987755655452853,0.3848347052841089,0.317752680237635,0.3415027500503081,0.42312437758827215,0.6371428535422905,0.40760613470430546,0.26282832368179065,0.31455593179166,0.37662883247200146,0.4447555546614463,0.2836954501427515,0.271232818624491,0.3825118592596264,0.40565492870761,0.3137408450511775,0.36894876745885724,0.8918846492578367,0.2346182423137402,0.023203992673069874,0.08906250476559797,0.2554523868880593,0.24826168075643396,0.4009030505073781,0.4556931260223874,0.14587411293710748,0.2456293312290251,0.42711061587926974,0.27622890522432736,0.24658665060663912,0.359113973416194,0.14262618181134976,0.4919613808513323,0.44454460284013025,0.5030919766788607,0.010708620192153231,0.8786888404797073,0.1886207605695886,0.4690763797667723,0.055365213507866017,0.6495777422714732,0.9929595887009203,0.6462310824986555,0.4867549541163183,0.5707985033704682,0.6240959500934153,0.8501068706666609,7.254328619247669,0.6629587114074414,0.898092186101599,0.5423324243586837
ROI_098,0.5083369896655642,0.8981921998092961,0.7282577854108164,0.8761136546531683,0.9565030820834486,0.8277974007224015,0.4602705270696002,0.6529580311731494,0.7453933943895987,0.6846606434344502,0.5707106522045896,0.5863602968778903,0.6766716196934518,0.7154323247097295,0.8523293876154173,0.8444609342101378,0.5919375591198721,0.711886622267163,0.7337621301839437,0.9659969692377544,0.7126769861320114,0.5780702812482251,0.7335836193627029,0.4948586061757642,0.507779290890138,0.05193147282223778,0.36196080602615877,0.7846315173868879,0.7677616541002427,1.0122677935851068,0.9297979093975755,0.7126512823935999,0.3902314773636576,0.5954166161278901,0.3807012864428224,0.08339676254102729,0.45847966101678794,0.7916739536965024,0.5738427007287276,0.32448311084106135,0.2243297410340217,0.36853674186957913,0.06712804936476673,0.8357476004531935,0.6506833412564393,0.6126124889104149,-0.039861271164458624,0.2257831107217155,0.3935272110172757,0.2541075184594354,0.7185409326521447,1.0157286168934385,0.9134389064946205,0.9101426874124298,1.0014318570922016,0.8734649619614652,0.8033090998277738,0.7914111507728319,0.8366966283821633,0.7676570640022238,0.7366061116363954,0.7542780629087906,0.9218475702720162,0.850108679681163,0.9381978655143252,0.8277341446613128,1.072904659950789,0.8339954245029106,0.7972123920368082,0.8049947758589835,0.808495015202669,0.8487422259960956,1.0735198542342144,1.1112870449352863,0.6790702731143856,0.7439050810008623,0.8943235426547103,0.6887212610327099,0.7507563815816529,0.7077323341195051,0.9311217495374003,0.6809650589739985,0.5971721924348224,0.3272241075530928,0.541400757714997,0.7760875233887145,0.3995632231213474,0.8718733654310344,0.4034136097623278,0.2528581403224177,0.9689537623835185,1.1894756849059938,0.9981341945824804,0.9384663621087463,1.133053597701325,0.7766108546623754,0.6629587114074417,7.254328619247669,0.5643609359292291,0.1430113738779153
ROI_099,0.7034927111263766,0.379066847772729,0.36003292790967384,0.45671659490808225,0.6908153331698643,0.769996531275367,1.2650815779809002,0.22031482062735633,0.371654413199953,0.3127528188943134,0.42030060114448237,0.3336673436144333,0.4242892372657529,0.37775334698783075,0.4469974306581956,0.49934656173293035,0.17413638670917023,0.2836749975958444,0.38494486337877937,0.6683455241915539,0.3061109033906825,0.3794082426160217,0.4981723722090683,0.14194354872449247,0.3050357096692273,-0.037193812253128004,-0.027286807662497393,0.2763381012154448,0.2861968225109654,0.4911938714929917,0.5656424145921193,0.6102701667835699,0.4896201234512199,0.19081789301137994,0.1680334208043788,0.44151819691900124,0.4320948270806999,0.8825083258401167,0.38140213911612475,0.7844566160162193,0.8441320287053613,0.4109351858006815,0.32367659436026436,0.8332910624202573,0.5672663618192255,0.7082678653049821,0.5237917508993369,0.7650066935285831,1.417771037685158,1.089957860506151,0.7338180253126115,0.35327850401615574,0.34684005642345844,0.4553329034989705,0.7191935210860129,0.4965081874496114,0.2115989276927514,0.2886187554737591,0.2982528064992347,0.436931248630447,0.2936504691357236,0.34872642685273647,0.42925082932275926,0.39208405067960994,0.41184885716701375,0.3996997410024802,1.0980833357604693,0.3362942762452722,0.11697303378313725,0.2341737239803785,0.28733504912389973,0.23239822547636318,0.4766561162104942,0.511121513880398,0.12115900720421532,0.2511928853442054,0.6276257844358313,0.34203157314371196,0.430582714481134,0.5982126722566177,0.10253036434527164,0.5308111222864504,0.24779601780911634,0.1108396877168329,-0.21711801682950027,0.5160276219256117,0.450426369171969,0.33366256292669627,0.25455426315751845,0.5341442597473139,0.730795592659659,0.5822504608447023,0.4138265836651127,0.5768304241615994,0.6095437710321323,0.6934315527068771,0.898092186101599,0.5643609359292291,7.254328619247669,0.803472384700076
ROI_100,0.6071946528639252,-0.029442277470352288,-0.1043411768132465,-0.028347799761375515,0.12179974553217388,0.17428797401356183,0.6754163060336495,-0.29605677003831643,-0.1259835283856695,-0.013204555115800973,-0.03146878657713227,0.04746180739835549,0.07057033270068667,-0.0907293395418998,-0.05058341532141463,0.12365857480087747,-0.11305734805884504,-0.13573375995984363,-0.005303400623786244,0.2735571354133377,-0.07376856304097348,0.006380681248806932,0.12294548334226815,0.06958735257962365,0.13722873400975005,-0.15862585975588778,-0.030877603497532616,0.06848939500745817,0.042058836745780336,0.15638180704061108,0.10588466371318109,0.14339859840937047,0.5305892829432516,-0.05635977619870266,-0.06534129677687106,0.970777302949808,0.6244830737065676,0.43571623041554586,0.08230056429733626,0.6082984815351747,0.9408978639516742,0.1757727937193998,0.11325408935640816,0.5766229232609636,0.3810013671981882,0.4740240122886431,0.6826152913805744,0.6927200291521634,1.0795386809730219,1.438502715068815,0.5095403161710826,-0.06030093749448738,-0.021888025112040372,-0.014061656016711572,0.2122776126003348,-0.06802078547782826,-0.28065338967595,-0.18424045442313183,-0.08701085668861736,-0.08469495537640956,-0.03190606696662701,-0.09981786511180285,0.005182932155974138,-0.14644422062763435,0.031313902909771034,-0.10038170857604496,0.346028999851778,-0.16382808512906188,-0.18165641855014295,-0.13221455662227813,-0.07855638513940132,-0.23561225331119906,0.06459891959725587,0.1291147233565314,-0.17433996011702974,0.03368697476250905,0.29661255731954844,0.13698210015795778,0.4624755180679895,0.36939344248812733,-0.17075356778464437,0.28205274703661265,0.3647032052610548,-0.23192672587853633,-0.24797201072532757,0.009559063089333675,0.699612885744501,0.24050692060198683,0.40174717586385233,0.7244456194912918,0.4199890281663504,0.11964776325323932,0.2361463117238287,0.27751916227510026,0.3773618499640451,0.30341952618950363,0.5423324243586837,0.14301137387791535,0.8034723847000759,7.254328619247669
