edge_index,mean_fc_z_across_windows,std_fc_z_across_windows
0,0.3194332205235168,0.3277238773095259
1,0.3704485891757954,0.27694557308946177
2,0.35413652876324514,0.30121596305996623
3,0.41659453481220254,0.2937686796002076
4,0.4634607886405311,0.30026730117144285
5,0.6220121897492453,0.21457413747301432
6,0.28172317040868633,0.2986100986127808
7,0.33826670242162304,0.3262875367943787
8,0.3312542641273128,0.37139331770903095
9,0.36050560366647305,0.31771600009962314
10,0.22906470728814934,0.35908444522980576
11,0.31489414870416216,0.33554438310180884
12,0.3630889863787241,0.34389271464770765
13,0.30488465877410337,0.3492716486503886
14,0.4553199531113415,0.29405207552346463
15,0.2332196214271283,0.29379991087761254
16,0.3132615947670417,0.27337634696524205
17,0.3116634661762717,0.3247113848798913
18,0.4412930634400217,0.3485771917548173
19,0.2099199411356414,0.3353923863964589
20,0.26523156872126435,0.2500904862437164
21,0.38312956187097924,0.2643210117761132
22,0.19253164180318663,0.35440610533560774
23,0.38309934860337613,0.3010955289249324
24,0.07101321046124828,0.2566215051787452
25,0.2629664783523783,0.32054763910247613
26,0.3164193629120019,0.2836831903636035
27,0.23279527038500522,0.31894121554548516
28,0.25865909481684385,0.30709370204940845
29,0.47981010357447534,0.199543491196299
30,0.6493511676106957,0.18378547258093755
31,0.5639857749409815,0.27166026029211293
32,0.27993163209750427,0.24106654998058316
33,0.3329231687199027,0.273035407731034
34,0.37241704228576294,0.16393876939647814
35,0.4764445343643798,0.23371518258517857
36,0.5052395042333,0.21699336852293236
37,0.3048114195226516,0.2752003322491951
38,0.34233238051494586,0.23944639255218045
39,0.42923895663164074,0.19727206710563433
40,0.30430440077227416,0.23601831969275242
41,0.25995301657823233,0.22200505151052272
42,0.6407285289750697,0.26544860364058054
43,0.6107094033057838,0.2639234032870305
44,0.40826049843342715,0.23775904379955193
45,0.302658547120455,0.19946818476530112
46,0.5303139659372889,0.1929107179616073
47,0.620121884666673,0.21106757940603965
48,0.4937529196860047,0.17599246264943025
49,0.5664537805012734,0.1755692062334935
50,0.3358257116574074,0.3237644565888906
51,0.3100262374355257,0.32057536121855434
52,0.3426035337525396,0.3137242563287265
53,0.4239258104662861,0.32631142378460276
54,0.3702688931067742,0.3405736325256824
55,0.22701031396931698,0.304613467665009
56,0.3277222714377835,0.321754559549729
57,0.2115851066614548,0.35666006304645204
58,0.23136801462063308,0.3684360635286337
59,0.16930137802971462,0.34137452622796377
60,0.18802843809964342,0.3763211336229856
61,0.2316947278329437,0.381504406822192
62,0.29438575638317166,0.35714030204457736
63,0.3159172251947436,0.3371118309858244
64,0.25394812347973617,0.3661295931387082
65,0.46454423567840797,0.2376639182438062
66,0.20784474150270746,0.3507647632077939
67,0.12392345887340306,0.3076924878375209
68,0.2142039860240944,0.28504189825390486
69,0.2024864936311172,0.33658135285877144
70,0.0003702164292710993,0.2799635673618704
71,0.2319577960254551,0.34252565363768983
72,0.2400945030219908,0.25648421892793394
73,0.024459265240618016,0.34257879816759307
74,0.12510016576798405,0.3212214794675294
75,0.3990802576930466,0.34841674266573275
76,0.12610873762356983,0.34472815622643255
77,0.3942184713778431,0.18206605310609428
78,0.4519081598153416,0.1742865057615491
79,0.10856733758557721,0.24196982520745622
80,0.1865136315400309,0.15403750326676965
81,0.27794788842617196,0.271824561089244
82,0.060343352349884714,0.2538908052050779
83,0.06581674164917194,0.30009785292230484
84,0.14421943639777748,0.20021621274818305
85,0.4775307087749981,0.20093830885894515
86,0.25542177282457046,0.28716605317407645
87,0.3193905708535671,0.20488059432473485
88,0.19312130195312244,0.14735919343281423
89,0.3211816243265203,0.18999650808579535
90,0.38543175404062385,0.2534310570249545
91,0.19167599806452854,0.30705245645442114
92,0.3913229889996845,0.24653703936495808
93,0.14817622309551787,0.2903610871487112
94,0.4951689283016564,0.22653619251340118
95,0.3821255965024462,0.21370746665931986
96,0.37807640205236576,0.2468541217596385
97,0.5485414915092134,0.23278049378415464
98,0.4219579692378362,0.17596107786048978
99,1.2112729558574216,0.4006427689694534
100,1.6394638094489071,0.3608550422541035
101,1.173221659409007,0.37237718568301165
102,0.8922016788760977,0.41530182568256513
103,0.5746825446265549,0.4394758447179654
104,1.3847920480976816,0.32325100072462626
105,1.1569941153501195,0.3812112612368921
106,1.216809478391668,0.5945951787365251
107,1.0118645995039617,0.43739694481058117
108,1.1885048984997,0.4626678284236934
109,1.1716304807172655,0.3628602128533276
110,0.9501387608257837,0.33269579610881905
111,1.0295347419162413,0.3590038233690504
112,1.4548776902910596,0.5472165536166451
113,0.9315346606732448,0.4606756985953061
114,1.2132948553156657,0.3719429191560547
115,0.9692230111798411,0.4064568973417327
116,1.1702881218509134,0.614533920476023
117,1.0691943346017423,0.3639084693716584
118,0.736662298865932,0.37425225317124067
119,0.8328087917276543,0.33048370013876
120,0.7562500053417878,0.4904315419345805
121,0.822283837507886,0.35554615176010396
122,0.5570268280799042,0.339257716291634
123,0.703302571510616,0.3595429300205193
124,0.769745419165678,0.3785910453191334
125,0.9876354651851145,0.3969053970105136
126,1.0123856129720676,0.4190998516062611
127,0.47128997265424816,0.48780975192212633
128,0.39385300909364745,0.46875214633536827
129,0.33623644685764437,0.3857639688650981
130,0.8918590036733421,0.47197638046611984
131,0.40844646666671525,0.38993982123657916
132,0.20073616205472963,0.3599862975763752
133,0.4930269157668482,0.3074815109422304
134,0.3890588713125892,0.38582788098333265
135,0.5158132912960656,0.35458781589566224
136,0.27358736691791363,0.38027361372024254
137,0.2941095208045121,0.34055095684942993
138,0.4371201967191066,0.3517208498035048
139,0.1942250008459803,0.4453728678193969
140,0.4654956168789691,0.41334265889875305
141,0.2924732989819826,0.494356921391831
142,0.22956184935888213,0.43385397684188015
143,0.059485169975149986,0.29885265192637583
144,0.1354054049164465,0.33651524308996683
145,0.3152726840479394,0.33844293861584546
146,0.1457456797525919,0.32564437545611596
147,0.4281058905843038,0.3230910744954434
148,1.4939526683984554,0.37719944283997436
149,1.5291274213377202,0.4221706739479678
150,1.492307924705367,0.41056320762917575
151,1.0103407362642955,0.35098656056973526
152,0.9981779394695782,0.3632817337394229
153,1.4073526726369037,0.3468843623096441
154,1.2651848516823532,0.34585353831994115
155,0.9671067253882584,0.42082616505719983
156,1.0470673702380051,0.4967127480594144
157,1.0324756100674608,0.43332900670964936
158,1.0010623650898327,0.35161663169986984
159,1.1692273265281297,0.47486021177842064
160,1.1081910521857887,0.3730452438962328
161,1.1930700762168747,0.4214188129111279
162,0.9869696876804998,0.33548008236324606
163,0.5583011309550906,0.47374247920611395
164,1.0346739167757855,0.41941373029336926
165,0.9542321250686943,0.47982517068486025
166,1.1449896774629613,0.4485083689566157
167,1.168352660653532,0.41768210236961417
168,0.7039101731873842,0.3793180404315151
169,0.8900419516215076,0.3729755566243178
170,0.694592685891752,0.5201151165100123
171,0.8939546769750778,0.4473566135133259
172,0.6695765051423423,0.3598137290124728
173,1.0868250843294893,0.5454502197826769
174,0.8460358171034323,0.41270977112400614
175,0.07300762493934038,0.38642528819584837
176,0.17351212538863853,0.3539305295715681
177,0.47025487074543815,0.3872607491029903
178,0.24452117670725476,0.40194090038387603
179,-0.02506209728204043,0.3576426352089743
180,0.16069282482045127,0.3843434290084714
181,0.4175914136448165,0.3345739306791076
182,0.25161910488764677,0.33009048018020454
183,0.4390751842863686,0.3174185812707308
184,0.5323435489464639,0.322227296811186
185,0.41373013599165537,0.4454639472676216
186,0.06626655736447574,0.24631929012065357
187,0.058960848667326045,0.3176740370339871
188,0.4771476924763194,0.41135083687237334
189,0.6601549056218919,0.43411772637247886
190,0.2603491565439017,0.32650499976485364
191,0.38408032822950605,0.4203003823596234
192,0.3606701930256913,0.3687202960673328
193,0.11342035655293342,0.39018607146037265
194,0.43192613750075354,0.3971107055210078
195,0.3801653585561835,0.39674417477003676
196,0.10210958071139133,0.2755021200585137
197,1.1917158513896722,0.4052054811584615
198,0.9771833895476136,0.4071618831682772
199,0.9549005131404187,0.42470731709406045
200,0.5676871404164006,0.39796742628739823
201,1.3335647465351814,0.40797212051819615
202,1.1415058561267617,0.41180589031411957
203,1.0656250981380844,0.4897454667610632
204,1.0896174415228235,0.3672585337998268
205,0.9957613513978185,0.3967904844555155
206,1.1207102722386275,0.3413914128487673
207,1.131221713407925,0.31624982445758665
208,1.10256714220951,0.3457028579873809
209,1.0950077821696735,0.4428706017903584
210,0.8512272608864616,0.46269308796635134
211,1.2631747302758423,0.3707823902472987
212,1.0316108910772643,0.4142294796602216
213,1.0381013372151378,0.45465050886836217
214,1.1189206044401976,0.42445298203423504
215,0.6890552928948942,0.4338020322625301
216,0.9231613964134573,0.3491137875183062
217,0.6086261075110345,0.46379439481775764
218,0.7414422688081512,0.2917728557245866
219,0.4965524026786118,0.38192017919539023
220,0.5406344799210065,0.42721428258259714
221,0.6005690136176778,0.40968741813536724
222,0.8231949857884386,0.4205313187753258
223,0.8298423026435061,0.44455841060642354
224,0.34954775046605263,0.45625982377157764
225,0.4056820577395207,0.46208500247784257
226,0.26763669525743267,0.36211607732350864
227,0.8041069961469415,0.4489266006207472
228,0.3628652199918875,0.41949594572034926
229,0.1578595691401924,0.30562263461914885
230,0.37261707060478316,0.3207754189581207
231,0.3780217160392462,0.37472356990708644
232,0.45183349725331473,0.39880396186500106
233,0.25190661233543693,0.35557267080356547
234,0.22652284293637076,0.35753271645137213
235,0.28514084991537114,0.3539426927072342
236,0.13593169304650307,0.4324159556725295
237,0.3572302164749597,0.4136409472770352
238,0.22225197316347323,0.47651670848616673
239,0.13672786221260327,0.4500407088076536
240,0.031988543252602294,0.3392890204472776
241,0.19436367749306835,0.34521531707017794
242,0.35031482331670377,0.27857419695028235
243,0.13406628385687056,0.30809026063639994
244,0.38031360807294173,0.24850949732674157
245,1.1362968762639858,0.3486905578170899
246,1.0317727138562807,0.344724279957033
247,1.0978487560384687,0.4194927860646795
248,0.9444257039324796,0.38342852541411776
249,1.0604216285303598,0.3412306425338417
250,1.181706015137224,0.3825840866313719
251,1.199765827958367,0.36138241165971446
252,0.8599229279834965,0.3718867232121185
253,0.9824624800598548,0.38471373850728086
254,0.8676843358668119,0.3408948091414898
255,0.9570859862962575,0.3460417721389762
256,1.033481367780644,0.42077604737311447
257,1.1305948785831552,0.31826644237961693
258,1.0817595193150171,0.36146987792897534
259,1.039522422278556,0.3348822244176626
260,0.5619842912373259,0.37379453893072434
261,0.9954310540821154,0.3871811538047217
262,0.7628448298867582,0.4315418926904754
263,1.0273952516409777,0.3813064491459016
264,1.0576545792059806,0.3990223908115173
265,0.5519895949035839,0.40132107826298685
266,0.76112929470127,0.4072169340750691
267,0.5789388407830904,0.42404524573029695
268,0.6810649771178852,0.38763760706716643
269,0.5304298610984326,0.31853924773024994
270,0.9541422050775725,0.41275641872705965
271,0.6682886281966312,0.41771379943586084
272,-0.0017476281278831964,0.3270428346306317
273,0.20468691164026784,0.3370083935731525
274,0.315513651231778,0.36715204208355195
275,0.17183661519019422,0.3786392727961285
276,-0.10995423288886488,0.3516562862362093
277,0.08032074499732765,0.3654877077977508
278,0.2572583082164668,0.3702243125117625
279,0.15895468263480528,0.3691766179595683
280,0.36974192014256674,0.29019204648409885
281,0.3384171905529397,0.40155971531832985
282,0.3888773655257044,0.34457205576308286
283,-0.0229617982351387,0.27112680853308935
284,0.010518704333299331,0.27383117445121263
285,0.40664838301706047,0.3257406259146714
286,0.46413781774207014,0.40649102374633284
287,0.16204619230859219,0.27653193239979806
288,0.21383994406332849,0.4018895245685146
289,0.3026606163533445,0.36560361700467964
290,0.048742001049421085,0.36889446826385747
291,0.41819462485108816,0.33344990494049886
292,0.40024220928529713,0.32576418494224163
293,0.10360909995847901,0.25077509400065745
294,1.5954259716877348,0.43223590340973156
295,1.1277068453358032,0.4576212994032015
296,0.6887146372164935,0.4318106150373614
297,1.497593102748731,0.429619630306672
298,1.3686989158392178,0.44547258414499147
299,1.0499095704947903,0.5670677087637166
300,1.035733199334129,0.4424206754368579
301,1.0130668465488113,0.46544670898801727
302,1.1041276539439997,0.3734989318147693
303,1.0632807611185882,0.40274642404061345
304,1.093844824228487,0.40409481495474187
305,1.341653722852346,0.4291867120731923
306,0.9263101879442717,0.47756935510330195
307,1.2122040729130676,0.3847462552587642
308,1.0446496515787518,0.4331919265404977
309,1.1805424464922458,0.5203900516234723
310,1.0035488606576037,0.4019020151047306
311,0.7918950794861568,0.38935809260210313
312,0.833620983510879,0.3010532154898941
313,0.6286985542237756,0.5241896879740321
314,0.6999128748805846,0.35815214361082853
315,0.4762666082382772,0.3793913555771259
316,0.593461448118348,0.3808047245864863
317,0.673070390470706,0.3871315431530996
318,0.9004378629733245,0.39227517248617016
319,0.9438087410604672,0.41547955417354776
320,0.4607411033058841,0.46510566756583266
321,0.39017667764121655,0.5217165133870714
322,0.3796208333396629,0.41087974369718305
323,0.8492929539850992,0.45965561247701264
324,0.40794260810469746,0.4126518108869057
325,0.20584272086962727,0.3148656621087239
326,0.40903413342526007,0.3064911186601444
327,0.4186638942978082,0.4184299301998649
328,0.5885078926513896,0.3873968101688857
329,0.2732845304231804,0.39463719117768525
330,0.3050942388586004,0.3474874755577269
331,0.4315244159887165,0.341991160779595
332,0.19465112905518908,0.4204974181096748
333,0.4838893902730739,0.385571858969929
334,0.29314863612145425,0.5222081192690038
335,0.2439883661299251,0.42095204509730705
336,0.08148231291124375,0.30192571221890746
337,0.2090019335022631,0.35402237641176937
338,0.4320534945902192,0.3218405300119155
339,0.1814404160517243,0.3263804169311884
340,0.3764857371400921,0.2596835529852701
341,1.2838272027557596,0.38092540901510713
342,1.326107597783401,0.38092148566396894
343,1.925453036059565,0.45795165067720106
344,1.3028134741789879,0.34729115312375297
345,1.0988053724610929,0.3913833246513647
346,1.4589411475384901,0.44205932979893353
347,1.4616749552284938,0.42083545814845846
348,0.802729909840845,0.4498315295996501
349,0.9942574520545944,0.47127799657849245
350,0.8390119387351181,0.43601651796764396
351,0.9429359553273856,0.39664267395035735
352,1.0532849485612985,0.5067017242760501
353,1.2563586381997753,0.44555213140716815
354,1.1127394528367895,0.45584745733741483
355,1.0595881583217397,0.3969346951582478
356,0.5938805561508536,0.4670072168833162
357,1.0157321177902126,0.4748593436138648
358,0.8367218752208107,0.4824993827287313
359,1.0275084352105401,0.48084952226372984
360,1.0887009150603315,0.4503428017886455
361,0.5941110310380258,0.43033170000374443
362,0.8264831900504734,0.41675118007751405
363,0.6033023553977415,0.529153295476747
364,0.6645570567878902,0.4689873391777682
365,0.508184582500286,0.3876012693866702
366,0.9709669767567897,0.48571473189184333
367,0.6801542456504991,0.4458030380308055
368,0.020577467804661978,0.37858942048686917
369,0.12074646972151563,0.35298051912288086
370,0.3320056486741822,0.42212200773062974
371,0.2300500247677341,0.4026786998289003
372,-0.10198969074194397,0.38470341338543235
373,0.0744214642020016,0.3793561131778652
374,0.27355473336893427,0.37953315660925596
375,0.22553351937472776,0.3520214225496748
376,0.34575486592465254,0.27822634678361935
377,0.4318010955574293,0.35545662493081026
378,0.34551695655981984,0.38670505066120603
379,0.02864515901574021,0.2526541851691655
380,0.06215889031865314,0.30495094396936456
381,0.44023314199018243,0.3778576666883657
382,0.538767747174968,0.47708495612862345
383,0.19184946434058736,0.31626599470164807
384,0.2964309965082512,0.4008988069496396
385,0.36196191264050287,0.35303570808122564
386,0.12649647956819562,0.36584847471254395
387,0.42620166509281676,0.37786029584140407
388,0.47671597167205615,0.37735352689789553
389,0.12283336766533076,0.26918100021438895
390,1.325732095305271,0.5048997641560764
391,0.9779343203013514,0.3832592453518377
392,1.2143730675664663,0.4867939811985273
393,1.3191135707833064,0.504594285930153
394,0.7794227868737874,0.5669696722979605
395,0.8941336636915581,0.42280166070442815
396,0.7259336132521753,0.487449248010566
397,0.9580910330455336,0.43550939931478166
398,1.0418855564390361,0.4502890108524319
399,1.0916882517593969,0.41569302765492877
400,1.0802997037586113,0.3623881824601482
401,0.7395665115251437,0.5035066526298211
402,0.9750070461990208,0.43429777979957757
403,0.9302425244539813,0.49337433369856915
404,1.1405473037234517,0.41137297658771443
405,0.8179445944927246,0.4754077659439111
406,0.7654196661379336,0.3533962081444028
407,0.8080402925326494,0.2749961058973915
408,0.4990563258520674,0.5048051856417585
409,0.5130866783015933,0.37354551314696044
410,0.28986111422556654,0.3930840383184243
411,0.5239610224080068,0.37080836047637544
412,0.5855734860787251,0.33207689304616145
413,0.6867123963563463,0.40366416951667955
414,0.8297553255583071,0.3700950550975625
415,0.4691270546069627,0.42827607949230984
416,0.42380153117814295,0.4774648203710987
417,0.47516421643203033,0.41447772490269047
418,0.7256647424083785,0.42510399499244367
419,0.414815296091563,0.3565177061075028
420,0.3278788995560175,0.2640481170628931
421,0.4542833797580976,0.2439128721104666
422,0.5965015937024097,0.40679362117762324
423,0.7400455936546916,0.3430033943129968
424,0.5099584291561129,0.31228374656799873
425,0.5568787166759684,0.34245966870916905
426,0.5028195250233283,0.36364938994367824
427,0.35873525046876664,0.4412077619513401
428,0.6250840669557489,0.3942398249028481
429,0.4589656769961356,0.5457995200127059
430,0.4821802255819361,0.43349546241130427
431,0.3227833915337292,0.3467894586716679
432,0.4545676590138759,0.4058414985609146
433,0.6625358784177618,0.3308071833844389
434,0.43875556886074296,0.3221562486240981
435,0.39325657954106324,0.21221233557741925
436,0.9416018949201829,0.4062272479259979
437,0.929905843899191,0.3805893356404903
438,1.5358890443843154,0.44617217754398575
439,1.613402409434649,0.35403714286388027
440,1.0968026130861752,0.4287042655359902
441,1.0591870484918295,0.4822088931572468
442,1.3066979187975514,0.4727399511002124
443,0.6034104615978975,0.4357215928985138
444,0.8042957778823117,0.44685704110325225
445,0.5643358584659245,0.46136011982280795
446,0.8199504999019013,0.4339867039677102
447,0.8606110533005349,0.5114415637555589
448,1.1988064048217897,0.5309211420285691
449,0.9422359007655905,0.4814969510852939
450,1.0671666744926493,0.41840116900100877
451,0.7204621160851136,0.457053870371652
452,0.8578892741063185,0.5314559992832143
453,0.6134374053608442,0.4813473378952097
454,0.7866443858628439,0.4950074831646538
455,0.8460787783420674,0.49665006982865995
456,0.4609340172892088,0.41689749734153575
457,0.7068642153191973,0.38945683885059856
458,0.5732315676182677,0.48309206819896877
459,0.3730908490112736,0.5032991457762349
460,0.3015126157778451,0.3909689309183171
461,0.8508930528070267,0.39417334732877984
462,0.46042056745233406,0.4350224725987684
463,0.06579773837891945,0.34286580375114845
464,0.16086673059691176,0.3256626880719864
465,0.28594135814052507,0.38742962487642896
466,0.3411407262912079,0.4105699490268189
467,-0.018641014909366583,0.38861533939136006
468,0.03931518834864401,0.35024162444569
469,0.15499526166564334,0.3419382395603645
470,0.37792630094203544,0.32336242530745746
471,0.3739753793423748,0.21199260727948735
472,0.43153888039812516,0.31999983450685193
473,0.37369556347285293,0.3080957440508278
474,0.1899993559710234,0.2618574507125879
475,0.1978815698028298,0.314741401976475
476,0.41943474634479266,0.33141440776792
477,0.5544849049112103,0.41895819591142586
478,0.21790587822761764,0.30614277107277793
479,0.34445238597226885,0.38922510230372065
480,0.44730991776742846,0.3423937114109541
481,0.35023780114375314,0.34879861603650325
482,0.5022091702005534,0.3561549268900322
483,0.6884232738541297,0.3632516087749993
484,0.33476997177645784,0.2581546184779688
485,1.026582051373709,0.40922941978838195
486,1.1197276120214001,0.4571394010973441
487,1.477516625611619,0.4338918060887781
488,0.6830419896970271,0.5202698955414182
489,0.8968719704604057,0.3889949235451951
490,0.617438560221695,0.4453568222733062
491,0.9142560822406204,0.41070916242741845
492,1.0382589955447632,0.44081593860405066
493,1.0741740820632828,0.4553138160384051
494,0.8522307733794415,0.4279787916876575
495,0.6323988391198401,0.53239973828166
496,0.9498849663998885,0.3913618237388485
497,0.8853729723829213,0.4732396857075011
498,1.0849069437551453,0.3607330934841352
499,0.7968427282325535,0.4910257981214122
500,0.5927836967276927,0.4500995593107136
501,0.6736254021428544,0.3316165153786228
502,0.31608451500336066,0.5181218314290118
503,0.47245498692469,0.36128084041376624
504,0.19312154574085896,0.4115251415908802
505,0.4215065054248766,0.44943991463162336
506,0.45598906148466234,0.4015770440603017
507,0.5986678119018966,0.42528865538878896
508,0.6467003497792588,0.4088434226605036
509,0.4392418958110517,0.468543233789775
510,0.3731741261324265,0.5145577145437813
511,0.4009146800397382,0.4644646128150262
512,0.6205505147860119,0.4250664321730961
513,0.2638596044240061,0.461545160826114
514,0.4155706081150894,0.27395802259686436
515,0.3898867383331824,0.3289713861287481
516,0.5437207073578532,0.4228949978272367
517,0.6729060641173584,0.4255024412786224
518,0.5325633943547378,0.38615115358311874
519,0.5116864463281418,0.41843547607416853
520,0.4475267773085553,0.45499195421545935
521,0.21978317511391196,0.5112199714887836
522,0.5897978227173777,0.48402903906950573
523,0.38500452655336953,0.6189592479299418
524,0.37653916400823545,0.5103917997917278
525,0.24952788937664938,0.46410414246017595
526,0.47092185358468297,0.4359764395323302
527,0.8317355723252305,0.30609298295554277
528,0.4669625369368647,0.38275024243607525
529,0.3870872779184792,0.21887399305894148
530,0.8126852500150887,0.43583369649115206
531,0.6830740013027561,0.44257494950497434
532,1.0883230246902555,0.5050915006642615
533,1.429960639220089,0.4887565019922501
534,1.3913011457345543,0.404012835391325
535,0.9368894560650117,0.4721757692137511
536,1.3028867058838554,0.40024163617892555
537,0.5082375629388302,0.4580525273815716
538,0.7711490695566743,0.4844330366014307
539,0.4731891304875469,0.4269867242757267
540,0.8311124690217705,0.470380452579344
541,0.7809539523313185,0.5447801009542197
542,1.1727144116825554,0.5340121951523022
543,0.8392011332252941,0.49517800063431944
544,1.033608746341149,0.4533799542801194
545,0.7479343664486512,0.4278464299702728
546,0.7951062167041912,0.5496947013623854
547,0.47889735897597735,0.4966436823916738
548,0.6844672902343966,0.47427908766430493
549,0.7575117611804076,0.5202826598951344
550,0.3334838479543491,0.4646745656393412
551,0.5703110385840252,0.4713841133286771
552,0.4863941521076975,0.43790842506342686
553,0.28185690718317574,0.4675791110500189
554,0.19543109071611348,0.36561553788234574
555,0.7719587642855672,0.3957546223112877
556,0.2926433754052478,0.46666450255401615
557,-0.01680570923710802,0.3551579935294316
558,0.1268055059566681,0.3486528075110566
559,0.11792768401995064,0.42206092994259004
560,0.278435099599031,0.3073469136429797
561,-0.1328319140527237,0.39556129531364626
562,-0.08214140000623425,0.40008259031777316
563,0.04882712834989743,0.3437621974225977
564,0.23363600369797316,0.3672229494561713
565,0.3582746437407609,0.251226088320648
566,0.3127106078542169,0.41059462363761323
567,0.4514201565497307,0.23086378469558666
568,0.12817094124298892,0.29406868026462274
569,0.11568714606058916,0.3160993248614799
570,0.44910547706347054,0.33621044593275773
571,0.3986259838610327,0.4182114600706324
572,0.09731919897549694,0.36602335938651853
573,0.1824955395675024,0.37451762889077994
574,0.4363137417557114,0.41338751538849317
575,0.3042588688490926,0.42422138091197487
576,0.5166185701104575,0.30685476321683847
577,0.9090373991014027,0.3152378480312702
578,0.35685054819357054,0.33945578477162025
579,0.6359026551583834,0.5078110553355748
580,0.7961718447787667,0.4385220839045904
581,0.38604617154208365,0.5196632310307493
582,0.665964171264825,0.40876542271753535
583,0.3520421391081042,0.4551388671182198
584,0.5744754219132359,0.39337671841052935
585,0.7009174926071714,0.45192770309257124
586,0.6978556768064936,0.4367367536844006
587,0.6966053236822769,0.3793769916353432
588,0.39002415513208855,0.4304762032029138
589,0.5379612390274849,0.4148920939200217
590,0.5365744427741946,0.43133161650383794
591,0.8516912275039507,0.3643111199831235
592,0.4385263308631636,0.4711507909888834
593,0.5648111351372272,0.3301677134704548
594,0.6217720551730063,0.257521805385633
595,0.27122536607360015,0.44558844486663
596,0.3481571987849303,0.399826522126103
597,0.1250165670057001,0.38623741746495394
598,0.4260215431980606,0.4360250199473584
599,0.3684320971991894,0.31821649955783443
600,0.3391917230850319,0.41087382826301794
601,0.5087734672425687,0.30759369873866926
602,0.40851773615149517,0.30353835822128306
603,0.5399486349566006,0.33844640239500823
604,0.6759919742106864,0.37448515829748874
605,0.40996050654543176,0.3747841050044074
606,0.4331915320436883,0.3267670807626074
607,0.5601197882207062,0.2526488851246275
608,0.4851795531484332,0.22782081707063298
609,0.8337373503227561,0.3244085569021084
610,0.8556472809699116,0.38596309941388895
611,0.9479975034214675,0.3459054179632361
612,1.004805833593584,0.3746110265342691
613,0.6264387116850232,0.37493552517548395
614,0.6549213890595175,0.4907398927210265
615,0.8014186967238456,0.3601196290602832
616,0.669644808960445,0.5068071901610489
617,0.7988936395363263,0.4486385486101172
618,0.7494266863979809,0.4162253464964164
619,0.9425605683468827,0.4189883095282709
620,1.1059782110395457,0.24090505928753017
621,0.954362210667915,0.22841947496389817
622,0.3721453416344076,0.18351174987054739
623,0.4197609988620135,0.4056554427400824
624,0.39413654383717694,0.40660562809855905
625,0.6642987591803575,0.4212998814742157
626,0.8817135253658394,0.3780161348618125
627,0.7336315167304074,0.4199260272226866
628,0.40422797726821547,0.4488778245254802
629,0.674169739853107,0.42947828697087975
630,0.19529987550262334,0.39467335284243227
631,0.37007288740693567,0.40061401695340265
632,0.13784084016459702,0.4228174335164201
633,0.3915015825972423,0.367876477808214
634,0.3774861220125609,0.4383147110448514
635,0.5958672483452065,0.43404807948568086
636,0.4532307022412275,0.4260536050064499
637,0.6356311979523679,0.46762249639177195
638,0.7684524180547565,0.3573457368129861
639,0.36481592890519243,0.4374031072310673
640,0.1291251742911304,0.4005436912915343
641,0.27731432410435547,0.39689777187353664
642,0.3915803844920303,0.4693386184704538
643,0.07477132884245985,0.34367811538846615
644,0.317689407371451,0.33358507310440805
645,0.3648926694530249,0.33219026558258696
646,-0.03773708590527218,0.4955760621356166
647,-0.024729084335103367,0.375039034226199
648,0.548705500117989,0.3602492612099858
649,0.12449874122620042,0.39454828882455356
650,0.0670328865128072,0.28304577674752923
651,0.1752328657626648,0.28553964418778705
652,0.04300298282844636,0.28222254121695933
653,0.3274139926770094,0.31027389639192476
654,0.0463916839324562,0.4269337452996779
655,0.024231365689789217,0.36611241711199993
656,-0.09465424775561962,0.36343341118438977
657,0.3396474683750742,0.29460536820768557
658,0.43796532706493935,0.1690641583071306
659,0.3120198849243895,0.3211860705638089
660,0.42488425044293177,0.22209292759712915
661,0.3841106261103401,0.29632949242267886
662,0.26845224784303257,0.35891311124047076
663,0.2760200082440061,0.2728370835619782
664,0.3545972630291815,0.35979514126900186
665,0.18797430602520798,0.32146126637416483
666,0.19672776994621463,0.31647090218326474
667,0.5132946870689041,0.3283723930090151
668,0.6447595255664497,0.36064498618152757
669,0.4416617776277962,0.2844309744906828
670,0.9977810185800838,0.27649799278256626
671,0.733863449707547,0.21339555366325821
672,1.4462684389273806,0.5247496387346074
673,1.1509331907562121,0.4479477086281647
674,1.2065786126997282,0.395804417161843
675,1.0960328726581814,0.33616877372638326
676,1.2548000598413593,0.3200448136609909
677,1.31863356266872,0.3817839192086737
678,1.2742284584631187,0.41097231237841353
679,1.1494666296299278,0.4276202021840043
680,0.9365613473137504,0.4213162666709368
681,1.4784436918893638,0.4078586566459915
682,1.1674799431652692,0.4256819232846945
683,1.000971708757715,0.5314688063683571
684,1.301576317087796,0.3632941968341551
685,0.7323710456590973,0.4113928612232596
686,0.8465310410178901,0.34457940630947353
687,0.6793009546208352,0.47048936086454163
688,0.7442591037179811,0.29347246641107666
689,0.5721300412891379,0.4004922194759868
690,0.6146874545144416,0.46521757822458976
691,0.5873455089389963,0.40024487916426266
692,0.9165873335124155,0.36345655437714375
693,0.840091266325771,0.4193012377564596
694,0.3688444162940405,0.4449271074228117
695,0.33175936193092515,0.5194009718488728
696,0.31742631035271013,0.4277842552285226
697,0.7719960731381491,0.4540766234622538
698,0.4216743012937459,0.45028301027143486
699,0.08736947506677993,0.3601535161940604
700,0.24844099762564156,0.3593345239794359
701,0.3443180366252794,0.4540773174004164
702,0.5674230107295126,0.38311718883711443
703,0.27338935707875234,0.41568906018657964
704,0.19175945478036607,0.4252229252983348
705,0.38134437780294506,0.3841206219626981
706,0.17751142599228706,0.484027346974039
707,0.32224400209519444,0.4400445232658346
708,0.1984108384392599,0.5202418153682014
709,0.13573716749046547,0.49106938415375206
710,0.020491605262846806,0.41543493474723353
711,0.15920693489252402,0.4171152291543926
712,0.3269418387679644,0.34281794929641646
713,0.0409997033682025,0.40079508133285696
714,0.2616675073799912,0.26195286594054207
715,1.133164779522699,0.3620072233359589
716,1.0241740151334948,0.3254424742108209
717,1.2544794704640474,0.49830513993713177
718,1.070087397087571,0.4642408346494395
719,1.2427390153085707,0.39506158108159767
720,1.4770972410274534,0.45630745906700604
721,1.4677734866836951,0.4846607427683483
722,0.7648727610171242,0.4003368917250212
723,0.9173534544199272,0.45165476563079704
724,0.8049943708812307,0.33191050762281127
725,0.957815565035445,0.3816228878357616
726,1.0161339645880707,0.4398856083054902
727,1.2354646428295584,0.43569765025019747
728,1.142506647581168,0.41239500104409016
729,1.2391713513206593,0.38725375305986093
730,0.42862888016206807,0.45571027039961054
731,1.0237094170740815,0.45215878201524756
732,0.7159960424952176,0.45122015179862973
733,0.9746214374320281,0.473192085103132
734,1.161315138495689,0.38402549131331754
735,0.514355515249887,0.43250463756178675
736,0.696448792451415,0.42411641431994573
737,0.4614813675182966,0.4813557539722908
738,0.6802374329207941,0.3751065430115148
739,0.42709171591967804,0.3180151965142676
740,0.8503324054099812,0.4659609663033693
741,0.603964678522251,0.41311236176110444
742,-0.12326943191264006,0.3492979399450152
743,0.02821803537240472,0.36170999183889824
744,0.23258479075297814,0.38964405650241213
745,0.04202267234895594,0.4150169823871229
746,-0.24441579100630068,0.38100526169050375
747,0.040347590991422586,0.3643809673864689
748,0.2083901842571366,0.3632782094776372
749,0.08309363728241775,0.413279339404686
750,0.23117872589226363,0.33347850910483384
751,0.3293798564536117,0.40168058639100707
752,0.2622962239669319,0.3853523658094895
753,-0.15448149500133662,0.31155771688589806
754,-0.10070099327038139,0.3302067174578778
755,0.2937422709442137,0.372401228514008
756,0.4139369855919623,0.4347601870946484
757,0.04661940744951846,0.3229372577824237
758,0.12593493038128628,0.4164815064836571
759,0.23601399409233703,0.38525823554738264
760,-0.013378600299829766,0.4385837616118971
761,0.3086045152442405,0.3831065144691968
762,0.35885355764829135,0.38203087254213697
763,0.014951644001227234,0.3319827719483241
764,0.8852327179153329,0.48632877308250855
765,1.047054555172039,0.4147972964582352
766,0.8312977413253694,0.4115765516790135
767,1.1161793663073791,0.3950356989352376
768,1.188062090497028,0.4396126403134899
769,1.2524500093240656,0.42114235073535816
770,1.031443329393232,0.3862156406398658
771,0.7818574831242422,0.47150074890019344
772,1.193665350907336,0.40079641886543727
773,1.017696443610054,0.4753314112550895
774,1.21403318592591,0.33862540131483054
775,1.0329202323534585,0.4904301100852048
776,0.6422621171520638,0.385351811287687
777,0.7393985237043401,0.3306073407915146
778,0.4406547137195699,0.4458970087400174
779,0.5593535029195494,0.326882262040013
780,0.3611900960290098,0.38356552639160074
781,0.5579144549921575,0.4193294568686063
782,0.5572925410744798,0.3770901175865082
783,0.7641871769591311,0.40722635159346465
784,0.773594860570945,0.3730229835471735
785,0.3922737378703026,0.5009604989327644
786,0.31798589673425465,0.5340525643112155
787,0.37548715862738924,0.46240033833592176
788,0.7914755084786743,0.37052199920122425
789,0.3136547414260005,0.4395105212028992
790,0.41283577689015605,0.29467756412434437
791,0.40835801998081234,0.35657157268745554
792,0.440657208247102,0.424229365628962
793,0.6008312104445669,0.3804276243353429
794,0.39560141849842045,0.36056497582398894
795,0.37549243916632835,0.4022742043308264
796,0.4040804234615357,0.42230593240980474
797,0.15060437397634188,0.5002939419464906
798,0.5049808383407088,0.48436609615492915
799,0.32399079562975613,0.5977082742151789
800,0.2368417450447037,0.49406621940494805
801,0.12169546821491038,0.4181073947435291
802,0.30186322674591953,0.44430798793012716
803,0.6007430164546647,0.33502247236934063
804,0.2933285114151911,0.3871269777055875
805,0.34654931314904014,0.2485961934332197
806,1.0430170414933204,0.43015529559636334
807,0.9514862455615164,0.3871221439455109
808,1.3115447918845304,0.5420460142999411
809,1.3293430009461953,0.48281391772856674
810,1.4582937787921464,0.43291198192572
811,1.251760436040715,0.5462008112545481
812,1.7428975273928902,0.44570322028431436
813,0.7220613299429985,0.4363320694654436
814,0.9403948536546224,0.4869372186993223
815,0.6919236876452036,0.4088496200298314
816,1.0212242709418424,0.4417177125755438
817,0.9877729452930064,0.5247386310873466
818,1.3528212178840555,0.553818415003688
819,1.0637127019285382,0.4890936811640094
820,1.186459251985782,0.4267283901612681
821,0.6549158118063834,0.3919017892050148
822,1.0011180528528416,0.5220687990412538
823,0.7323484769801994,0.46461836025222936
824,0.9043487264385655,0.4778094379798814
825,1.0267742057273537,0.49208045989508015
826,0.474703761845577,0.4816951189929609
827,0.7212303265943205,0.44423677054355754
828,0.5392599476173993,0.4314467035641689
829,0.5059376118917283,0.4657592887597328
830,0.3714582268306868,0.33782302543062104
831,0.8927774532488958,0.3522719105312238
832,0.48030085047544707,0.4640091304888242
833,-0.10388556606404001,0.3625038296227095
834,0.05897369794629952,0.3570198228658654
835,0.25740412337481067,0.38767556780425366
836,0.3018318716716908,0.3074442378831419
837,-0.12311742184671612,0.402763958105124
838,0.003599976017082472,0.4303998161001326
839,0.22151061605440864,0.3525552751804811
840,0.25203689994626305,0.3806517427247421
841,0.35705524203279826,0.282946877716091
842,0.40415571160900116,0.42196373363626644
843,0.5099830954135935,0.23839384597354898
844,0.08173571353933572,0.31660110911570183
845,0.04349208102191371,0.34001444102607814
846,0.3866976682984359,0.36225074662640366
847,0.4832546396096541,0.41784164099431786
848,0.10381193709676943,0.34254272295169647
849,0.21861094448009816,0.3836068488020532
850,0.41279518100295337,0.4127595632994973
851,0.1702985088159224,0.42726231544657695
852,0.5277201004872486,0.33246011116693286
853,0.6655209702413042,0.3317555844717107
854,0.24377793267238979,0.3169806452941136
855,1.1635577971627373,0.4199454345774525
856,1.54925881788874,0.34128713992438603
857,1.1468654555710671,0.4754872927883233
858,0.9597137724455471,0.41768521314138124
859,0.9607954257642526,0.4222869104211646
860,1.244858321973117,0.6025954741364743
861,1.1173143306424027,0.4504200855789459
862,1.1487007809286285,0.5363678756121837
863,1.0153266979988294,0.44314714990598025
864,0.867723204910771,0.6894826034953377
865,1.1321865121325376,0.399586716293973
866,0.7737432816771668,0.46498195282079585
867,0.8316890012768056,0.49583918589306586
868,0.995874595816486,0.40494002792315414
869,1.1825750556340866,0.33068699257453177
870,0.7331847661573352,0.3038752570223049
871,0.6216856960338729,0.44373280532522585
872,0.8313508689673914,0.41856844661881243
873,1.0511826506315636,0.3046664011039545
874,0.9177156343068881,0.46930498947719324
875,0.5018288739271137,0.4954905140905408
876,0.3881706900730851,0.4794215673714747
877,0.3512408233821714,0.4389489214255407
878,0.8986733771133679,0.5592250746075895
879,0.5021547200500577,0.39836006577849986
880,0.06606447069297931,0.4092017416721587
881,0.42318760297068037,0.3864289668874947
882,0.19549251458090083,0.4396032000130861
883,0.3879052734842286,0.4453774573750034
884,0.14318932019284653,0.4552303454692249
885,0.14640742418815714,0.4344606757672536
886,0.33112140384842825,0.3679599765982314
887,0.09614874515017091,0.35648724091183215
888,0.3283625631034042,0.547691409536868
889,0.27362197897657026,0.556815268130606
890,0.05439995043742704,0.45815265027182994
891,-0.04325749787151785,0.3193151292323699
892,0.07109741212246783,0.3903687286360806
893,0.1406966360548021,0.43518516467643126
894,-0.066214879565602,0.4097901491700325
895,0.3732436476933467,0.35239704055678395
896,1.0758111100723318,0.45493475914427506
897,1.0739186785840438,0.5090273294817202
898,0.8925321885161221,0.6068014859260837
899,0.7252145428134199,0.5261385823885719
900,0.8382292858177091,0.4466736798170341
901,1.0396041102213436,0.408795973610082
902,0.9465006552871522,0.46006884588882413
903,1.0804722653318233,0.33607368324100906
904,0.9498634097855314,0.4526248626878446
905,1.108526566694061,0.3381865639353665
906,0.8264365532813059,0.4827589741286231
907,1.0683052237914954,0.44471766799347506
908,0.8587130291897102,0.4727049144699046
909,1.122115813287658,0.430859582525761
910,0.9201214387887536,0.3955422228989064
911,0.3929597647222773,0.5018578515860608
912,0.9332104786177206,0.46705803332322354
913,0.9258287115246754,0.41642246005174505
914,0.9829368251496148,0.54691541508484
915,1.090014481365602,0.39151485250108353
916,0.671364968992636,0.33775303510705323
917,0.799258374291795,0.4181943378166701
918,0.5327613502602975,0.49537847784789457
919,1.0078376773514888,0.34325720721795405
920,0.7624935422581001,0.24579900279141856
921,1.0546979788834334,0.5149537264480297
922,0.9442850157558401,0.31146952943619644
923,0.05187871326446986,0.3831796001332233
924,0.15143799869043706,0.35376768962086413
925,0.5332252816520683,0.2982002904806069
926,0.16224737785346863,0.4053415050551764
927,-0.02929590132973821,0.36147025823998086
928,0.25909858916479767,0.3341675099195237
929,0.45348745010596025,0.3029740871831367
930,0.18210953064598673,0.3273245913338824
931,0.4449473479269553,0.3468031050665881
932,0.5579225442101211,0.32466578654117273
933,0.3670961297978887,0.46798318723848575
934,-0.09018644044177238,0.26257332714309156
935,-0.028522049338246827,0.31090973039978737
936,0.4053635493971511,0.3868357197328191
937,0.5181470998948573,0.4000194396222474
938,0.17677433712600324,0.343566405443428
939,0.28735553593192315,0.3774036046851717
940,0.3151806560356047,0.46511955740147226
941,0.00797161698583826,0.40370719194301713
942,0.3583049724276837,0.455103176816703
943,0.17378316939626307,0.45449599260225576
944,-0.055085422513939275,0.32383935349352366
945,1.148326775828823,0.444424630848261
946,1.3108141444762929,0.4282368322757134
947,1.2056370352085584,0.2937655854645519
948,1.1147895820776916,0.3377434543878216
949,0.9703358165832763,0.4597249881646741
950,0.9418841447925608,0.5106062370100009
951,1.150839892722865,0.4247127873170812
952,1.1166857115593463,0.39572569530834206
953,0.97885765069914,0.4229285585787988
954,1.1066186709763193,0.4278878744189896
955,0.7800158121019183,0.4753999344199027
956,0.9419945353087903,0.34239757484858835
957,0.7696989053230497,0.498306772750717
958,0.8928958064080007,0.31446983977402515
959,0.6545597992939886,0.40304829825081745
960,0.5268984645983835,0.4548826107198731
961,0.5924745719084858,0.4017663188596088
962,0.8490947450431331,0.38234096790132416
963,0.8151436386485114,0.431824809212855
964,0.38604451310030313,0.4209701437026529
965,0.431344494326448,0.4987096873052503
966,0.27227753428050583,0.41303819406187386
967,0.7057718350254414,0.4695085367299768
968,0.45112835898010595,0.45079659734401023
969,0.1893705153998597,0.28256597211894313
970,0.3439792324976481,0.30308025228424584
971,0.33808861243734906,0.37221512022896575
972,0.4986238520694351,0.3978815710057014
973,0.3508980600810234,0.36490151453356795
974,0.2838438734037071,0.32122530919179204
975,0.4148939266485628,0.3611982215439354
976,0.2309021571957803,0.40481217215298565
977,0.3825208545906314,0.4321901184995624
978,0.25524727110743717,0.5056419422044005
979,0.1615570606497969,0.4246917725095126
980,0.11321637151946372,0.3083486865140465
981,0.26094990518657957,0.3719629131637617
982,0.3666907083093183,0.3125607302324133
983,0.1569539574230567,0.3118667389624066
984,0.2615723202033597,0.2770396421347862
985,0.8874896517886895,0.39926261712800826
986,0.8206417560924344,0.4231794125935685
987,0.8844958735435381,0.48398850711616775
988,0.8455470178241842,0.36808217555606665
989,0.9455239484896948,0.33230118141442094
990,0.9413833876111151,0.42124439792640656
991,1.0380925286753908,0.38788605078364596
992,0.7125339549295725,0.3912843008438057
993,0.883356505507321,0.4297165145073093
994,0.7896508505603507,0.39726907327801336
995,0.8995144954160974,0.4063193704917514
996,0.9128950661281015,0.46450904760219813
997,0.9576730714952792,0.3958348247207352
998,0.9690036539933218,0.40015767920560286
999,1.039237845302585,0.34168149196674746
1000,0.5075727121195464,0.33758853496400026
1001,0.8705921055839045,0.43252335119747765
1002,0.6538781325613535,0.4494564873935051
1003,0.8335218986746995,0.4473703842696209
1004,0.9410988669259402,0.41612301821208025
1005,0.4406428862408357,0.4135951376771067
1006,0.655301896054103,0.4199415044528141
1007,0.5103575484878403,0.39963300483080205
1008,0.6367064148778186,0.411517762716711
1009,0.4406212036254813,0.3208721885695496
1010,0.9490191485124971,0.37206405517078756
1011,0.6577409737790857,0.41383138581223494
1012,-0.07365226400784128,0.33190066126552964
1013,0.1099595826728551,0.37711303791110357
1014,0.27353765550675996,0.36278174840158883
1015,0.13340900591838573,0.34209915240130406
1016,-0.2053689309748023,0.35137523972382007
1017,0.081999950943013,0.35978686071082
1018,0.14731251688834726,0.35183890981651356
1019,0.10886179998073686,0.31537680839170573
1020,0.3630653189733943,0.2594285230181322
1021,0.40697731322225394,0.3499169597371051
1022,0.3906186604717015,0.297145524716513
1023,-0.050499765980491024,0.2187994198543729
1024,-0.06979679306661105,0.2725785434284518
1025,0.3509183225056996,0.31854629204807955
1026,0.3871410577062982,0.37750199656516803
1027,0.1316171027159269,0.2760693624696381
1028,0.17803370941746802,0.3498651962483567
1029,0.284507144225909,0.3880375880251146
1030,0.07720720193608417,0.35008550053793797
1031,0.32436186535252726,0.3418108483818843
1032,0.3872507690210541,0.30432482003239747
1033,0.14683011236784435,0.25066418992573597
1034,1.3451646757718188,0.4271403097099311
1035,0.9150262621710553,0.32738209862719114
1036,0.9161732392198841,0.3549896585599927
1037,1.2064797601608925,0.45229940985992645
1038,1.3033034034224185,0.3845372339737676
1039,1.2443513183708612,0.38727958512573485
1040,1.0202077905227367,0.34799464174012706
1041,0.8784503361738183,0.5880174894391602
1042,1.158595127821722,0.24464075888630074
1043,0.9284631042763776,0.4119425962466216
1044,0.8551045393754777,0.38494774284903865
1045,1.093247744723432,0.45081850960450365
1046,1.136280842389433,0.4034400186120147
1047,0.9883228353466738,0.3767936019519827
1048,0.6824687170717735,0.4644404155750013
1049,0.8048047629785248,0.41950824450391283
1050,1.0031798221453714,0.3469790439590746
1051,1.028104037257475,0.4439690531868145
1052,0.38012245552048096,0.4955098031119237
1053,0.26128001554928565,0.44564801325666076
1054,0.26199760412040884,0.40566724234996754
1055,0.9415857526351702,0.4914483801207046
1056,0.49531428172662345,0.4204686947446856
1057,0.050603598445740576,0.3754440046275906
1058,0.29896329098224556,0.37142781695288346
1059,0.14284684341426454,0.39148780290086066
1060,0.363714629791562,0.41160352774984493
1061,0.13166620407738375,0.41946023258276804
1062,0.09780425563287748,0.3627737390228424
1063,0.39496094814587324,0.3687660601134529
1064,0.11104467529512903,0.3881381877350057
1065,0.24740176651306364,0.5287989589602445
1066,0.14700514022168004,0.532917788094458
1067,-0.03929803488582201,0.43102051498204885
1068,-0.08569591664803547,0.28493659897047835
1069,0.01873804597823364,0.3553049367283672
1070,0.11672802460605604,0.38065635168042167
1071,-0.10735697937435121,0.3615468233548743
1072,0.2983668035280574,0.35269181637831265
1073,1.0137037425677924,0.42637286591910833
1074,1.0978295835525504,0.38347683095941154
1075,0.8681269782573482,0.4820484577844637
1076,0.6441358214819896,0.45328161669706013
1077,0.7381299593621387,0.3597478212950612
1078,0.9889854080178339,0.3432645018063121
1079,0.8458717068759736,0.42521735240568465
1080,0.9447971423031878,0.32579249723547327
1081,0.9366854183115038,0.41292837292109397
1082,1.2349140338341766,0.33900894218026606
1083,0.8870913460756804,0.4341743275306802
1084,1.099383113003714,0.35778404784656354
1085,0.8250738003330196,0.4024024523944725
1086,1.101627598201658,0.31703668788583367
1087,0.9196586144157559,0.3469177773350183
1088,0.33611990174041306,0.47461959107201745
1089,0.9456776572779326,0.33428534006576804
1090,0.944056240470162,0.3864185158649346
1091,1.0074063345967468,0.4360415515417887
1092,1.1553305765358097,0.2917441814212992
1093,0.6780287196302983,0.31869463204200343
1094,0.8267423017432064,0.3753223730333851
1095,0.4780621528607697,0.5605001198781817
1096,1.1200822547462013,0.3110375596762437
1097,0.8047806429009116,0.26017447147512385
1098,1.0493103710956009,0.4949102751232534
1099,1.100308851942791,0.3437466129464151
1100,-0.08606568639032992,0.4041256749107673
1101,0.04735109830187298,0.3588330530468247
1102,0.4523356416787534,0.3192856637705953
1103,0.09369215991323757,0.4034284318037935
1104,-0.1871335891325081,0.3609632335832468
1105,0.21370758554688168,0.3718190022782164
1106,0.3818675316355338,0.3178887152472448
1107,0.0864370001219964,0.33334300395790434
1108,0.34084043105962586,0.34511217072801725
1109,0.523160531313859,0.3456449965167317
1110,0.3246786639634831,0.4661753934255625
1111,-0.18266380698302534,0.277926803408253
1112,-0.12405838674353822,0.3075728644561292
1113,0.28535655022568546,0.4301886987800911
1114,0.43007011141090745,0.4711569385191809
1115,0.13084306819237174,0.35286460608136544
1116,0.24150102774549687,0.40869556383015987
1117,0.19665009087967383,0.48210079710550546
1118,-0.12210632378247538,0.41212879046747897
1119,0.24830525674468162,0.4438158688901323
1120,0.1445902948571597,0.4050558689808242
1121,-0.10582428388519213,0.30281033118344675
1122,1.2333140366278554,0.29778951500906753
1123,1.2354871514440495,0.3101817479577276
1124,1.076822556335469,0.45598919838782737
1125,1.143965749482701,0.5351887499277647
1126,1.3498677301859503,0.35284352672823327
1127,1.2049252599677638,0.5131592630593954
1128,1.0642080401963552,0.4267193267362667
1129,1.2629932669727852,0.35250917048851904
1130,0.8677583819000356,0.45977006842338586
1131,1.0303849351854222,0.39849430347941694
1132,0.795505085355839,0.49950481936406704
1133,0.916090604241627,0.40392520512569924
1134,0.6635606947184328,0.416175424381887
1135,0.6240040058736865,0.4772759373958447
1136,0.6376301162255943,0.4545392113928644
1137,0.9461625008360149,0.41791156519289907
1138,1.0051796972762836,0.4774208859069376
1139,0.42759374438548503,0.5696698767017162
1140,0.30844519264046455,0.4960616344322661
1141,0.30257594590458997,0.42468016542414594
1142,0.859023713075733,0.4745940671046581
1143,0.4248950856133701,0.40846618701864146
1144,0.16901018707041907,0.259136815416804
1145,0.30307256584290354,0.36046675676205264
1146,0.32227434659161763,0.3264741437442634
1147,0.4820546213077784,0.3617969923026251
1148,0.2772458444223566,0.3534371331405798
1149,0.24437275044811785,0.31115075107951334
1150,0.36096785173662993,0.34345909763348725
1151,0.146438005021414,0.3510641755334787
1152,0.3499711079380396,0.4822360294336024
1153,0.22053343867204106,0.5285544380537553
1154,0.10549350268035175,0.38842224610191806
1155,0.037015130918530266,0.2526272349926974
1156,0.18214779631898498,0.3505021436939652
1157,0.338516665168357,0.3036503810853411
1158,0.0964310238468788,0.28151912278491165
1159,0.30765693171433084,0.37123045347476274
1160,0.9805524828386991,0.40772920487583164
1161,0.9811657758290353,0.3911410152752234
1162,0.9722814227351871,0.4313595526277257
1163,0.8709533859491942,0.4137591935218613
1164,0.9760816824795724,0.3390285373978598
1165,1.0113034640877188,0.32738887247579657
1166,1.0838668443815385,0.3909234742381027
1167,0.7618342151653053,0.43191957467168474
1168,0.9818277789736427,0.4488012107304912
1169,1.0006290339978297,0.4019211494514195
1170,1.2462550937543058,0.44991722079776275
1171,1.204278864164814,0.47574829428196747
1172,1.0616963292910555,0.4170497023572227
1173,1.1976247998835559,0.3721337506498111
1174,1.2114009734953057,0.2741169231861471
1175,0.47970177693345345,0.3673537955109184
1176,1.0883761396517087,0.4639476431817397
1177,0.8008444393705775,0.466609028241011
1178,0.9995230164309284,0.4237378727267249
1179,1.1352685928976578,0.348919323832198
1180,0.5488382300313144,0.4569597207082549
1181,0.8137740393659385,0.4936176266062094
1182,0.4732991175139915,0.4883288207863586
1183,0.7765986513712674,0.41243652560998106
1184,0.5404649300639836,0.3967866996379036
1185,1.0775045662901508,0.4290408471070094
1186,0.8327192269265861,0.4859280707732515
1187,-0.05387014729189871,0.3978933198412315
1188,0.05572920987343252,0.3851959028400826
1189,0.3242894832185394,0.4140310671477383
1190,0.1460187401743637,0.3476719551501253
1191,-0.19515372914465834,0.3928964193730787
1192,0.06621318852752846,0.4213309272058526
1193,0.23529430283972527,0.4131080202604343
1194,0.10073610241479254,0.3472457779016223
1195,0.34669754449917733,0.32290128572683563
1196,0.4060139798432202,0.4232805809052723
1197,0.37706699884642053,0.30807800804825336
1198,-0.10427656469685835,0.23397064365854628
1199,-0.07006982994952861,0.3104909249823382
1200,0.3252211384098055,0.412850326036226
1201,0.39842578005278617,0.46171928974301113
1202,0.11022765400064838,0.33948876880778134
1203,0.20541299059318924,0.4476593610248693
1204,0.2577873378168699,0.4257629027619906
1205,0.020752029416055442,0.34495108345517084
1206,0.3757789608604911,0.39758088644666795
1207,0.36339491889379266,0.3338482178461711
1208,0.07158696767132967,0.22646987244515715
1209,1.6793263027181,0.4390852811859438
1210,0.9465383024655856,0.334384754592254
1211,0.9061179632611919,0.40572411937987235
1212,1.3137263943309683,0.32951436125544364
1213,1.372739793970854,0.3470457287135004
1214,0.9892192993953208,0.3409463542170997
1215,1.2500840031818135,0.3625789328108072
1216,0.7719843750476818,0.35431103655104756
1217,1.1916864774087894,0.32358023843856254
1218,0.6170731980343613,0.46649101698647744
1219,0.7019597484839878,0.3308294226906785
1220,0.5100463099424986,0.44696996318076093
1221,0.4883573126885724,0.4667565137357376
1222,0.5333433712425832,0.39875031361806307
1223,0.759023253633627,0.35393929344536595
1224,0.8517487948643645,0.3361631814597558
1225,0.3699509309003259,0.4546788996829717
1226,0.40635014357595656,0.5211901585009407
1227,0.3515193777815784,0.46009632704577685
1228,0.8010541289687,0.42676888483184117
1229,0.48144570163502093,0.41915755861980925
1230,0.15019809374207732,0.25196628001386967
1231,0.28483708828220294,0.3173690583396718
1232,0.4005878326146319,0.3666049460940209
1233,0.5493184974955025,0.3628451625876962
1234,0.3564709094423052,0.3205568916419764
1235,0.3191148233144046,0.35796491591575563
1236,0.3564266995286941,0.31130315506914225
1237,0.257488540488137,0.35755037466007883
1238,0.3407071696805798,0.42714086511470395
1239,0.2927318227665778,0.513129429705321
1240,0.21543876698389558,0.40574950186404873
1241,0.18619135698692627,0.3483788413571707
1242,0.36919002574108617,0.4334141048753925
1243,0.40450090759824536,0.3323939242910576
1244,0.16009102351142898,0.345805125143197
1245,0.31505123918151495,0.24714835792735765
1246,0.8678093547274247,0.3148810795672421
1247,0.784416148261806,0.31059485670854126
1248,0.9883676418632317,0.44655797272522846
1249,0.9885249412691989,0.457814733509847
1250,1.1372119973652939,0.4607579870035669
1251,0.9689764876689559,0.4022862944157494
1252,1.1529149995420447,0.44042792507685946
1253,0.6571708283216042,0.39292089920596895
1254,0.817547806268716,0.3869417202153751
1255,0.6343052552921613,0.3339751544810687
1256,0.9018786733488847,0.4039012637448276
1257,0.9089939109201388,0.39069111799076806
1258,1.2793336147791925,0.45792114782335236
1259,1.1515147174960088,0.29736000610143737
1260,1.613789868275787,0.4552242579932722
1261,0.514806921453536,0.36232428589353394
1262,0.9839954370386498,0.40975483210745217
1263,0.6462526216100254,0.4217767035531587
1264,0.9214063121256528,0.38855496376997173
1265,1.023294101877693,0.30353079034932856
1266,0.45551940532761087,0.4256613771045598
1267,0.7438844109018657,0.40736633157132696
1268,0.4470007469347757,0.39511228176459806
1269,0.48014498084229584,0.3784731255816604
1270,0.346768958438897,0.3540976851511798
1271,0.859253545794012,0.3200356138424306
1272,0.5991698223730063,0.4294300993941978
1273,-0.060734618051687575,0.34934265481716603
1274,0.11070590591180994,0.39463548800175063
1275,0.2349092309633632,0.3938661882801013
1276,0.15392753389821354,0.3124959907345813
1277,-0.16870333720811143,0.38758839822553187
1278,0.05842935837532962,0.37541028513796354
1279,0.12951955966096834,0.42966850831477205
1280,0.18606285973464598,0.3424542254820873
1281,0.30131912895550345,0.26642542596433777
1282,0.3286042513973722,0.38905853316639666
1283,0.2975365998778345,0.25447203684270847
1284,-0.035088574857229694,0.24526703250345658
1285,-0.00636016741318622,0.2935030100780762
1286,0.29132167731804715,0.333284116651398
1287,0.35878256325032626,0.38170079947479557
1288,0.11580381461581393,0.2819376717746864
1289,0.19443297069768598,0.35477386802534855
1290,0.2781479439527617,0.38228418165919825
1291,0.12226419756203986,0.3496718709591272
1292,0.40816448586301246,0.39354671068852076
1293,0.4052782920778313,0.36040733244690065
1294,0.12263509787451084,0.27318096592023144
1295,0.9925349271660142,0.3260792412906462
1296,0.9065081624456762,0.43622649400167046
1297,1.226711813207258,0.3609079101396762
1298,1.1441174189136105,0.4542171681162918
1299,1.083735695391717,0.3358715263784369
1300,1.285424109591986,0.39521315945123847
1301,0.7534947518876238,0.34375020902435033
1302,1.0173413881582891,0.34782956556732336
1303,0.5879779363904305,0.4473731911529564
1304,0.6876953766314606,0.35903455469271617
1305,0.46570029964750836,0.4828661430377504
1306,0.5155226782689433,0.4170933103924307
1307,0.6357540807678155,0.3724788838670685
1308,0.8883308682656345,0.3583723371604968
1309,1.0199175174694766,0.34253459571444816
1310,0.4041899931221309,0.4995879561154458
1311,0.3251469761517512,0.5234759117431423
1312,0.32750894423083715,0.4706899586065262
1313,0.7746880794300084,0.41243456366464165
1314,0.43845400993810646,0.416733372680325
1315,0.13971463567460587,0.25548422020747164
1316,0.3145376375376608,0.2898731959370522
1317,0.43122662078684865,0.3646384263275409
1318,0.5491706426746805,0.35214890467385884
1319,0.3300420068404567,0.32369777083154383
1320,0.3073516328770874,0.36994067066119035
1321,0.35082052038877776,0.31817253214160196
1322,0.2196108035189895,0.38531385709605875
1323,0.4015352996709872,0.4817149682271838
1324,0.2566353672814566,0.5518616464600936
1325,0.2954102796961777,0.4189453189770027
1326,0.13868203186496636,0.3409562173720094
1327,0.3164690927094256,0.43053535908250534
1328,0.3966996640829582,0.3490134391958712
1329,0.18131446103872714,0.35530413018827245
1330,0.3582407852395209,0.27469891693630366
1331,0.9581636953199816,0.3435818369160988
1332,0.9130482145699462,0.3201661931767573
1333,1.0472065576080816,0.44446607281662576
1334,1.0661748855068867,0.4830542500311394
1335,1.2115401877648468,0.4868136439252462
1336,1.0604084170349455,0.4305299602754481
1337,1.2270070644513098,0.4474758586502065
1338,0.8189635570452861,0.37638183340376924
1339,1.032700682562098,0.3791412179966191
1340,0.7970669980154775,0.3553757052749589
1341,1.1442430170883635,0.3948580445403657
1342,1.1174476132580287,0.3762964846524867
1343,1.4873379511971248,0.4865438908310864
1344,1.339584041065534,0.3283667119761906
1345,1.9461243222029743,0.47581630021445964
1346,0.5901252940585687,0.36276770668984876
1347,1.1745381178154697,0.42474985834319745
1348,0.7567488094128934,0.4318763433924518
1349,0.9477294283807579,0.41942540162555797
1350,1.1987829997466026,0.3726227424972292
1351,0.650700210560915,0.4421600798596535
1352,0.8734475710517318,0.4059522775998535
1353,0.5169970995804977,0.4093768604718162
1354,0.6233523167294424,0.4322293623728837
1355,0.49717353413479454,0.3538826383593365
1356,0.9853802182231338,0.28451784627243276
1357,0.6575216033516571,0.4303597737469713
1358,-0.019415251637375175,0.38378411047531436
1359,0.08858040761113342,0.37108774817884954
1360,0.3491597821975564,0.3723344645589016
1361,0.211596949338166,0.3281813069882991
1362,-0.1007661032190996,0.42114131398340915
1363,0.15981785502902832,0.44261618638264827
1364,0.2292933748349346,0.36833201227851264
1365,0.2996502114855517,0.32873166789531244
1366,0.28121446377405473,0.2409808711657506
1367,0.4177221255983738,0.3613165667789772
1368,0.2864805609561986,0.2558269466884533
1369,0.03571334838747566,0.24745011343522852
1370,0.07582193260029303,0.3252527600190084
1371,0.3923363219007136,0.3445998773051307
1372,0.5111897735855677,0.35715074801606456
1373,0.17954944339896478,0.29851781969564156
1374,0.35658162476084526,0.3666038136683018
1375,0.33029465705022615,0.41327724799306115
1376,0.2059181137632278,0.3562640871519607
1377,0.5133260897957146,0.4082621515409717
1378,0.44695428408343574,0.37597095474979925
1379,0.1073415125880259,0.27281318347459405
1380,1.2128227847208815,0.32973300699063673
1381,1.244057006396365,0.37456586074136666
1382,0.9887295403537261,0.3628703740269854
1383,1.1564272094894907,0.5912633468247964
1384,1.0140991903289436,0.4233234094717999
1385,1.090100816951341,0.24844447609951684
1386,0.9059816366335842,0.3028098252565832
1387,0.9362030436501609,0.48888414267831115
1388,0.9289823723942192,0.40390623871134873
1389,0.6279365659228067,0.3426988366832308
1390,0.7242496570327417,0.3913937711574445
1391,0.8769860258669442,0.3688394700185764
1392,0.9589503535418363,0.4239834841390875
1393,1.0368858303566928,0.37834965122007513
1394,0.5444182610723708,0.4636247489710569
1395,0.4867772217331021,0.4347877141366325
1396,0.5843788231970816,0.3573074476298254
1397,1.1529231495190964,0.36917787447872213
1398,0.7398649794082357,0.39317531618518753
1399,0.26287724404579327,0.3493753381325722
1400,0.5055479711361779,0.30338902934360834
1401,0.4312858334895674,0.407164560362334
1402,0.5974301635864666,0.36533846994920144
1403,0.3375877338864651,0.3984137813540226
1404,0.4333480352456065,0.34316999710321
1405,0.4894337909974145,0.36218611438389287
1406,0.3595834413795891,0.4385318190931419
1407,0.4811926402923611,0.4567259431396329
1408,0.4602487111535869,0.5007462412244472
1409,0.2514955253930097,0.4629016352694256
1410,0.2149551153562969,0.3213337348575703
1411,0.3053653037797564,0.33768401420411254
1412,0.36448187370043356,0.32388637011443216
1413,0.1750330783705284,0.3154060886348086
1414,0.49912778549957626,0.2841480735857481
1415,1.1240815138806328,0.45101956267325355
1416,1.3605380304874608,0.43932059405679963
1417,1.2536102958683697,0.38014195534115747
1418,0.9388458710340868,0.3362864893276706
1419,0.8778405113737328,0.40804022821106317
1420,1.0498463865026648,0.4106162371445348
1421,1.047930227509921,0.4100350793048988
1422,0.9005178097806522,0.38496650974651464
1423,0.9108277209191088,0.46979959470643007
1424,0.9165838695150664,0.4568649433559834
1425,0.8122108702776397,0.42959323174118286
1426,1.053842927473667,0.47883081678483697
1427,0.9984896354444899,0.3617094739547912
1428,1.0993122331142462,0.4214913650478749
1429,0.9260360157752099,0.3134061679788231
1430,0.6245887819903843,0.4601274582338012
1431,0.9487106360727436,0.43399192209351617
1432,0.9111558494793371,0.39182966892937615
1433,0.9952079765495204,0.4231645332108888
1434,1.056579090494748,0.438079529254504
1435,0.6305910169504281,0.35430854272448625
1436,0.8834782481418954,0.3462063247988673
1437,0.560935679432334,0.5597510713207912
1438,0.7836803911410908,0.4538539555118812
1439,0.6561749894385958,0.36168081614828285
1440,1.1229239268121682,0.5004324426980118
1441,0.7950136538595296,0.4206831051372593
1442,0.11031116731122488,0.36671831979697644
1443,0.20760634944645318,0.3203253332707041
1444,0.531206577086415,0.35134433191183484
1445,0.3892638591513045,0.3913961528619383
1446,0.0456207110338077,0.353427540042497
1447,0.275454474877809,0.3652245236901479
1448,0.37094867823074423,0.3489550717870487
1449,0.3467172072498146,0.3047641624466257
1450,0.49968418478971854,0.29196595532501884
1451,0.5975130917832482,0.32841148028600686
1452,0.4260716442995973,0.4604708715459418
1453,0.07802714052496286,0.26263100196556094
1454,0.1366139641448879,0.3243357740385836
1455,0.4330595281842295,0.4353895050992081
1456,0.5508791958704365,0.4784958454003901
1457,0.314209839530425,0.34847924187522533
1458,0.43533254128148724,0.4039833325034564
1459,0.38798032047413206,0.4268963055111525
1460,0.16191771402665245,0.3924410268176361
1461,0.4540764385228965,0.3982988292297023
1462,0.3946354394143604,0.39583790109567407
1463,0.09457715761695233,0.28627851522660464
1464,1.27311544148172,0.4412465393048915
1465,1.1334334208117947,0.43157561900151353
1466,0.8097504193306506,0.49884711566628526
1467,1.014517915645552,0.41628001116360036
1468,1.2557381828500687,0.33064569783654746
1469,0.9419826074075198,0.38257567883280363
1470,1.0997243359365725,0.41573684861451
1471,0.9038028595236739,0.3522833830325723
1472,0.8069155361069058,0.33842122712621203
1473,0.6287477584697923,0.39249131090059547
1474,0.7081556478986017,0.33350420349570054
1475,0.878643854813597,0.3669127569689911
1476,0.9391762346713387,0.37676022440637524
1477,0.40061486548697056,0.4874294294516454
1478,0.25254939681991073,0.42305392004381026
1479,0.3483413794061496,0.3809393556378122
1480,1.2489707517996145,0.35251666746228205
1481,0.700252713006972,0.4075228183562906
1482,0.0851018366805353,0.29532727670078723
1483,0.2854604726669634,0.3170858337849972
1484,0.15356097848202252,0.36548882736812627
1485,0.44430142096057745,0.3850588750175367
1486,0.19140940270417175,0.39387443209541784
1487,0.23013638280188228,0.3408655066635282
1488,0.32197732131974827,0.3163063395571817
1489,0.1804182642473781,0.32137806607138597
1490,0.1621366924976511,0.45244345073562703
1491,0.2209883068486917,0.5135282142427715
1492,-0.022543555767388618,0.3685718127108931
1493,0.05049524115909856,0.2514122045503413
1494,0.12780929868565705,0.3201842156051941
1495,0.11363655293654573,0.3626749338061036
1496,-0.0832900278585764,0.31536454452940654
1497,0.2643243594816035,0.33579291702116204
1498,0.8065738386644327,0.4493992118176107
1499,0.9662418774774889,0.37038519213913285
1500,0.8277012171884495,0.47361915806062843
1501,0.6621840708376813,0.45718987238795017
1502,0.6637893427329975,0.4569628342079067
1503,0.8380581028001414,0.4273359406870391
1504,0.7909250928089591,0.4916652283188191
1505,0.7606486963648499,0.34459109157469064
1506,0.7861019487501796,0.44701249405516114
1507,0.900327827996024,0.3765075408177406
1508,0.8096962707305716,0.5094448764572699
1509,0.9191783976488517,0.4144574773712774
1510,0.8309367787861824,0.4371935460730903
1511,0.9697850595040803,0.398304272863892
1512,0.8758760302131225,0.37253917596545044
1513,0.39314483106809817,0.4939233050670046
1514,0.9577443183000527,0.40051295276275656
1515,1.0193763783968943,0.380921997519959
1516,1.0151850206450035,0.4519416922031487
1517,0.9597251816922815,0.38160889603587334
1518,0.7030463321630829,0.3497175607596875
1519,0.8884659020521396,0.35672094777668883
1520,0.42639010378604875,0.5528728347578351
1521,0.886114458405442,0.36046506395026057
1522,0.6450310946816433,0.2888253166709494
1523,0.9191678246081574,0.43687145521190157
1524,0.8078550374474334,0.32543889290639
1525,-0.022908006773848664,0.38065821222844237
1526,0.04312912221012354,0.33216781843793614
1527,0.5525026658550553,0.2989672919166524
1528,0.2655373541532326,0.3292656773861902
1529,-0.09668115315998346,0.38455063176681553
1530,0.27213810881640865,0.3593637702324752
1531,0.364880894882595,0.3160322978914758
1532,0.21195730975613927,0.28352771442780245
1533,0.3350009666355293,0.26560588235688126
1534,0.4871703004913568,0.29199596679906825
1535,0.3055641396367302,0.37873564696990425
1536,-0.10254394510873324,0.25150680884141186
1537,-0.05234569565482199,0.2700388582051529
1538,0.2812762018330836,0.4077599001048962
1539,0.38783811974538296,0.45024258114551247
1540,0.11736582706522936,0.32997685296339785
1541,0.3178737215253574,0.3479875633934713
1542,0.14604495820508442,0.4257471193203595
1543,-0.06971646794062518,0.334764180455014
1544,0.3114258528042322,0.43507695999566637
1545,0.12450946259660158,0.41760901414413953
1546,-0.11510248652419998,0.28591038120119405
1547,1.3788472545981518,0.3913860220370997
1548,1.1046523981571932,0.39988353339369964
1549,1.2941043981765714,0.39322925595401387
1550,0.9643048595395617,0.3958529704423044
1551,1.1001038104270882,0.3658854931311902
1552,0.8317681786317983,0.45809753366578737
1553,0.8528278922418588,0.2836070515242145
1554,0.7417656544322415,0.43413119591822774
1555,0.6499331344330547,0.45894836321035287
1556,0.6439652097016483,0.41346788959573394
1557,0.8765348069041589,0.4008299469753874
1558,0.9535656996936303,0.4158613409029606
1559,0.39149695623203,0.4707810066956379
1560,0.36271297751116716,0.46220403782595004
1561,0.30231064690127457,0.383101798730998
1562,1.1939774884139636,0.43071493079247153
1563,0.545395313001798,0.43877701575192307
1564,0.19168614237781892,0.2748586630564347
1565,0.30451688935006577,0.3219115113915034
1566,0.3156668818013797,0.36039733884707953
1567,0.5017925384470243,0.3865477885236916
1568,0.29999930277730846,0.36366238407202683
1569,0.22517072341296837,0.35723904993826794
1570,0.3422852232623543,0.3234977477764744
1571,0.17052172464969814,0.3869565499806837
1572,0.25480480311029,0.40085296143426563
1573,0.21096067863319073,0.48984284126694705
1574,0.008342242635215278,0.4318861879212661
1575,0.021719958066224208,0.3394925073069621
1576,0.1674145019316512,0.38776309825567296
1577,0.2837711266494507,0.27749046696577406
1578,0.03449162784101565,0.3215322913953393
1579,0.33111580012739217,0.26841132877011936
1580,1.0277859405099343,0.37158579660827096
1581,1.0536489956878652,0.3135847160288265
1582,1.0703468158265244,0.3906093961373926
1583,0.8845943078374402,0.38411313044052126
1584,1.035134924765772,0.36002526296579285
1585,1.2006505358913975,0.3583772979697664
1586,1.162144175630548,0.39305998294579864
1587,0.7628242102809316,0.3998804513837573
1588,0.9094840496553291,0.383308653318397
1589,0.8735367946485836,0.34249346835148475
1590,0.9444079847998194,0.3633963547304189
1591,1.0271938156826332,0.40611658733187395
1592,1.1224579050984478,0.33170991611878636
1593,1.2115282426303504,0.3764829708914832
1594,1.18088356509168,0.31896147463134894
1595,0.5170857978883521,0.3761845337288979
1596,1.0938517249291435,0.34823769516187736
1597,0.92013952613335,0.4151474208029322
1598,1.2911100674841614,0.4058382732157289
1599,1.1585101031632612,0.37043421708209534
1600,0.5897036847243902,0.4221195978816151
1601,0.8466887148760267,0.39725969856987764
1602,0.5127092700198774,0.4742656086485859
1603,0.7555553643085892,0.39941204574672473
1604,0.5364193837440512,0.33486727302584396
1605,1.0107970825344266,0.3795846236375302
1606,0.7515461917489403,0.44208596812952955
1607,-0.06514560797983358,0.3607812793738842
1608,0.10252901806465883,0.3630463820690583
1609,0.333778747583322,0.4010431669131145
1610,0.19564963858419887,0.3460403773677174
1611,-0.19422928231016662,0.37001097963398066
1612,0.09688033736981518,0.39899735739397924
1613,0.25936301673755163,0.3984336541105375
1614,0.11703946808244699,0.3756761039728081
1615,0.341389216196839,0.268729849296411
1616,0.38246621766877265,0.41423643900487966
1617,0.42443241089970507,0.33367717818772075
1618,-0.13662829341864652,0.25474551232683373
1619,-0.06435578091166377,0.3200215959846523
1620,0.3171973165527722,0.36129653863801775
1621,0.38584068167942226,0.4436445394102983
1622,0.10886532259802315,0.29891761236434045
1623,0.1824121893061098,0.407760895904863
1624,0.2106897569849411,0.3694221642026396
1625,-0.06462309089132132,0.3784756442902758
1626,0.3643982089487134,0.3651858134780868
1627,0.3230446792122112,0.3124884143251061
1628,0.01767841232411059,0.245310772598279
1629,0.9262210956396283,0.3928491809850278
1630,1.1342121947208632,0.41240607540658286
1631,0.8584778464570587,0.4228394917935416
1632,1.0787465899673199,0.36061637510390054
1633,0.7365455868392338,0.4356523076448593
1634,0.7560659176161284,0.29601761352072264
1635,0.5481525868213002,0.3638527729762763
1636,0.5022496367276251,0.43716150825144773
1637,0.5551588451968277,0.36707780469510914
1638,0.7539134238674753,0.37650395374367357
1639,0.8315975184352412,0.3932612057103
1640,0.41658568517069444,0.4958179822574573
1641,0.38036213919204176,0.4744457346875473
1642,0.2657578196820807,0.4270127639267028
1643,0.9310532584675119,0.42285374655824953
1644,0.4039555707062987,0.40862470158963937
1645,0.13797648070978713,0.25581500706171967
1646,0.3076403859153176,0.31727512806118763
1647,0.3164693927928701,0.35526735748232624
1648,0.4928548580287789,0.4076832713031789
1649,0.30766732324181634,0.3423146235018038
1650,0.27428303958132205,0.3450424185410689
1651,0.3076015626811238,0.2530703146932198
1652,0.1482988609494773,0.3140182839918417
1653,0.30166962984489276,0.39214441664325644
1654,0.2245240807963917,0.5230527626789215
1655,0.11321729502442483,0.3813305954172818
1656,0.08348712862817806,0.31436334552493816
1657,0.19256132544429885,0.38374262864367514
1658,0.3000604099620847,0.3044899043052965
1659,0.09040068727057123,0.32677342531270154
1660,0.3591919192726079,0.30367375400561575
1661,0.9590861551745545,0.3884135240223523
1662,0.8484462860124153,0.3359892081495025
1663,0.9950716483599352,0.48615338992802815
1664,0.9022818436474817,0.4427751809395242
1665,0.9294479238350072,0.4385831602274144
1666,0.9956675369014725,0.420344300494934
1667,1.0365366389088573,0.4770235555686384
1668,0.7082334586835802,0.40943548525035595
1669,0.8540093293475349,0.4115679715053975
1670,0.707483494767262,0.3585283403578792
1671,0.8733737319785406,0.5297586294788493
1672,0.9288496791127122,0.47057416061721674
1673,1.107869042280746,0.435933685109297
1674,1.0908283307090278,0.3917469637976119
1675,1.1579485114577206,0.43516306668835775
1676,0.45903630525801575,0.37986716761878686
1677,1.0887878991194098,0.4689884740587207
1678,0.8173795180701352,0.42849841512033526
1679,1.0715820052581009,0.46162092005065974
1680,0.9546466800681108,0.393618005042651
1681,0.529942370944016,0.413549255597201
1682,0.8600391326059275,0.3884946549737763
1683,0.4989968034970285,0.43502678526282623
1684,0.6109529218991742,0.38043922360104676
1685,0.4422845202249428,0.3341977374525937
1686,0.8800030026317226,0.3843002537184993
1687,0.6554797617108385,0.36772690606659975
1688,0.008765654618529236,0.422923942945884
1689,0.15193149582294205,0.37921199368145675
1690,0.2890927255607243,0.3855685502406286
1691,0.16535362518318386,0.325453034401801
1692,-0.17626506793447455,0.4103188849237006
1693,-0.02067492922115819,0.3216717394929274
1694,0.20096147809847228,0.4139475226171941
1695,0.12721961038974466,0.30968647816181477
1696,0.35457219327288286,0.2876980888129294
1697,0.35399932402434986,0.3422879473022182
1698,0.3028067197617891,0.2922975969774928
1699,-0.035804502567664626,0.20505228361132616
1700,0.008837767736412929,0.3041370408638856
1701,0.3823510398378078,0.32598399830069197
1702,0.3913939520149129,0.3978714892929803
1703,0.168785992409588,0.28610346161299954
1704,0.20752079478921914,0.33295206807559335
1705,0.25490792182327193,0.338559964515506
1706,0.03898532215640952,0.329129420939252
1707,0.3590445631877107,0.4000450673592455
1708,0.30141706684560676,0.3456875874352539
1709,0.09157683503503178,0.24667552003224646
1710,0.9487127989980922,0.5097476902011849
1711,0.7095408823412901,0.38124590966419686
1712,0.9074570167771046,0.2978462250259717
1713,0.5748736560772304,0.5545419711072498
1714,0.6539157764062471,0.42653823782081507
1715,0.39633560014441915,0.4523963897324663
1716,0.713756812680613,0.48947015710504965
1717,0.7401928919083777,0.37286179326517266
1718,0.8773042864793559,0.5146966546560867
1719,0.9923274051980758,0.4489116975150944
1720,0.4419172812333032,0.5077434950290485
1721,0.4281772446441129,0.42058316959996256
1722,0.3866051823868897,0.3668472302498891
1723,0.9030493699448476,0.4453941651310418
1724,0.35384456463334224,0.3508399878589734
1725,0.5609738869893122,0.3153656002365183
1726,0.5694344110082947,0.2602865029749741
1727,0.5620966488483596,0.35992649889124695
1728,0.5430450422174238,0.3577757751886223
1729,0.5148674794955331,0.3253338657247483
1730,0.4897151949883228,0.3085872712118653
1731,0.4363748146619672,0.3431860616658226
1732,0.18637628496643238,0.3815412989935474
1733,0.6531812254287673,0.44587823400215554
1734,0.41611147064574844,0.5126127326908069
1735,0.31015816133662877,0.4049128013359427
1736,0.19460376829697978,0.2849707801715101
1737,0.38006907691034614,0.3596140800171638
1738,0.6556162579617755,0.3473177970997999
1739,0.4586260568731781,0.32697721582129546
1740,0.44774834238938505,0.3375350479657009
1741,0.9673411252708084,0.5421891129639806
1742,1.0179236828569893,0.5372444229524294
1743,1.1371367588317065,0.4905875485578524
1744,1.0883579787188313,0.3570480741135661
1745,0.9966555662592215,0.3840697151013893
1746,0.9096539242135754,0.4990323791998522
1747,1.1133633377730128,0.377267624357397
1748,0.7260935109231866,0.49579769634018966
1749,0.929665643046807,0.48111242882790756
1750,0.7699430757469982,0.5159843286407301
1751,0.9412230194278952,0.362007191652673
1752,1.0091049924671092,0.5565221396522175
1753,1.070931402390811,0.3882161534143572
1754,1.1365814577333433,0.5481513052856529
1755,0.9906336493098951,0.33882344835352046
1756,0.8884851976069933,0.35936977035334505
1757,0.9378005042535426,0.46880492727033135
1758,0.8161579402109551,0.45957740888222615
1759,0.9518887874840588,0.44113270525322623
1760,1.0990690020060758,0.5760678408167356
1761,0.5450747149489961,0.4193082724561622
1762,0.8134078272748215,0.3814892258441502
1763,0.8089049194800402,0.42646218582142237
1764,0.5734943841848903,0.5777775452890178
1765,0.5231372841233337,0.4201965347440098
1766,1.2845394096642324,0.4312196027407161
1767,0.6981132068737927,0.5265991130861861
1768,0.07484352880689801,0.37372118967907464
1769,0.1929990467109868,0.36693606825075625
1770,0.3999353527976989,0.384677039094023
1771,0.44159679347389136,0.35025122846619455
1772,0.00731227175197334,0.3224142195172645
1773,0.1089253376333099,0.4196218379431885
1774,0.3136131941514624,0.37438348303626795
1775,0.32966818738638615,0.2655560785966431
1776,0.5306814812081891,0.23875886847360486
1777,0.5392056455341284,0.3280425520608713
1778,0.7658150978736894,0.2688332843329856
1779,0.22876081903790677,0.2395615219932287
1780,0.15138074858890163,0.3643800595726339
1781,0.5050371873969923,0.40565371631140407
1782,0.6402167698978327,0.4300967191665321
1783,0.26793253427754654,0.3391678813603855
1784,0.39831686687515433,0.3964740744325604
1785,0.5230283629154401,0.37115410136474897
1786,0.2830289312142449,0.34141346137435263
1787,0.6437161662880955,0.2948675730712768
1788,0.7217354367921561,0.3432362614870317
1789,0.4009327118692277,0.2793118509962049
1790,0.6798268836941306,0.3773875927459695
1791,0.8681348343720625,0.39689117784049505
1792,0.7281533282576479,0.370700447198798
1793,0.788185206371425,0.3186288284306508
1794,0.6094262256333974,0.3372879168256805
1795,0.5870152601190145,0.39133926723318535
1796,0.5740802939681221,0.38515291599353774
1797,1.0451218633647477,0.34257899487190435
1798,0.8861133412401047,0.39603075160033807
1799,0.3444900429344968,0.5244464006812429
1800,0.23417620316439694,0.46796522286042935
1801,0.2864377198571186,0.4405956283437987
1802,0.7381966600962473,0.4498029157989107
1803,0.4074862539891258,0.3842128179334891
1804,0.03902669873262682,0.33019711088354003
1805,0.2128332244043002,0.3937186445774494
1806,0.22507791709787178,0.3638592454370523
1807,0.3940663883583286,0.400495067180438
1808,0.18067334725594988,0.3871569842062759
1809,0.10572155452646875,0.3541143190802098
1810,0.26992932546270354,0.29037027625334216
1811,0.059639210848232795,0.3308981627920336
1812,0.244054685128111,0.46345179466537256
1813,0.1548061431056508,0.5012798021661745
1814,0.05905416250248286,0.3788109681696042
1815,-0.02329961932926894,0.29404995876473355
1816,0.09853999612609589,0.378560732806264
1817,0.1761845761584937,0.36826711532251716
1818,-0.046530290397551376,0.3515631824671302
1819,0.26550533518811487,0.34296511583386863
1820,0.9433114462443779,0.39379022013615184
1821,0.9483003158224685,0.35350378236832203
1822,0.9116036145754023,0.4709996674114555
1823,0.789125612415059,0.48280166758612125
1824,0.9439901078092672,0.4538445632611177
1825,1.0607527526013047,0.38642762120596535
1826,1.0140396225329238,0.4849900197842178
1827,0.8245747618447427,0.3820063440911969
1828,0.8963800153555119,0.42209990045273227
1829,0.9456069813710782,0.28857047057583946
1830,0.9903963117670026,0.4200547829327448
1831,1.074722010235486,0.42709524646375957
1832,1.0111263833066808,0.44052269194618215
1833,1.3431918068558255,0.3748474758254177
1834,1.1476715937249204,0.3393843197130817
1835,0.34049683232211775,0.45939645680316504
1836,1.030487672348721,0.40525728529737604
1837,0.806415230982425,0.39615912278420046
1838,0.9150922946583839,0.4544808115822374
1839,1.4861652464748127,0.29713947293416926
1840,0.5847116474584045,0.3610946370072286
1841,0.7509047163449772,0.4224341816618127
1842,0.4119361764944874,0.48281320252759063
1843,0.8228804608879121,0.2927222180653925
1844,0.5803000290782628,0.2825344521872612
1845,0.9024826339752565,0.4712537903675842
1846,0.7881238906118277,0.31841511011821205
1847,-0.0974999242716568,0.3804337355147589
1848,0.016204727951606112,0.3438245742002224
1849,0.32119935169015384,0.3667917901873482
1850,0.03690656752700465,0.38157466824255015
1851,-0.18661400576297,0.3349749968744357
1852,0.0892471656595948,0.36086271627817756
1853,0.303800579042989,0.3116765856704739
1854,0.08706269961521627,0.33343507241209513
1855,0.22841760106305134,0.3809528347532581
1856,0.38016487763865325,0.35265637979754993
1857,0.24777061629440725,0.4042287273224136
1858,-0.1900375604145325,0.25776428868593126
1859,-0.09315684695875338,0.3263246844753399
1860,0.2557984979508556,0.40688683533873626
1861,0.3713289619921174,0.4178249355485098
1862,0.03953896711774381,0.3049128871621692
1863,0.18323360520025353,0.384632244055918
1864,0.2188091333514327,0.43844928301341773
1865,-0.05231320255456353,0.35493442654629487
1866,0.2940243359149431,0.4339981196526098
1867,0.20456464860458012,0.4184556587879295
1868,-0.06095903612498738,0.31001219172277117
1869,0.9792393359375373,0.3159385359705355
1870,0.9955223407022235,0.37594618121621903
1871,0.7177583891476057,0.38749924879847464
1872,0.7675744229305355,0.34839203258620166
1873,0.6366535853969875,0.3176757549102524
1874,0.6924802340568961,0.301719774575675
1875,0.6352624214115443,0.37218320438044294
1876,1.0050778996824414,0.27687609538851815
1877,0.3330430219118365,0.36042800989550783
1878,0.3353078844424747,0.3625284395835214
1879,0.47190917226727774,0.3475354851283175
1880,1.1210177185522878,0.24216714336890774
1881,0.99445302691875,0.45368564878281475
1882,0.18603437970907144,0.25626510661184027
1883,0.31979265528362716,0.2107377314201973
1884,0.3605746402172007,0.29593192498591087
1885,0.7106839040552771,0.2951823951942164
1886,0.4768775345496395,0.3223458300665671
1887,0.47647868304541396,0.27748735725126894
1888,0.5349750305237547,0.3041238343456419
1889,0.5734086521620049,0.38957786886975554
1890,0.25550828562383976,0.29929662569413423
1891,0.37304396544543983,0.448549411297535
1892,0.19469943253974611,0.3308264762287717
1893,0.3711770486668973,0.29518486303894775
1894,0.329105070271413,0.2994825116254748
1895,0.2536954244644289,0.30157830181521306
1896,0.10928737548267438,0.258881210910453
1897,0.22797580227498196,0.25443143465887114
1898,0.5865875400329063,0.3834496429765407
1899,0.7110861781960979,0.3269001058181745
1900,0.7309100558789082,0.3348455946500341
1901,0.6446365971646603,0.3201730196532019
1902,0.5226409033001621,0.419794589768391
1903,0.5955351203579353,0.409415636267369
1904,0.5993081630321517,0.4019852350642314
1905,0.5001182358247842,0.33767926894688477
1906,0.5383690190419815,0.410624139929782
1907,0.5461086509136795,0.4187049779498371
1908,0.5292351682210149,0.4480753367518353
1909,0.6531573990303954,0.3976488573456155
1910,0.631038166686201,0.3792692445252458
1911,0.6698753487215312,0.36382384220783853
1912,0.760658816691716,0.3382408927903166
1913,0.4284370089350236,0.3980641746033269
1914,0.6321635215125964,0.4050547243541473
1915,0.6673272123299995,0.3351591032478203
1916,0.7250902082669338,0.3882925314531952
1917,0.6639107719558334,0.38007823190174234
1918,0.5334819726504078,0.3280716885803887
1919,0.7015356461458386,0.30389211772160285
1920,0.3731995799593189,0.49389201197317834
1921,0.5175471667010809,0.41651285445735553
1922,0.4220015173456291,0.3273705115657829
1923,0.7401944368341631,0.36985730894278573
1924,0.6445246754061774,0.3261620234221092
1925,-0.034370160478100965,0.30159721557758684
1926,0.07439142258579554,0.28645835016688315
1927,0.42929524067750485,0.27737141062917037
1928,0.3509418219516406,0.33244329482457186
1929,-0.06455098254405132,0.375473885072443
1930,0.23013433240446343,0.3307414299098913
1931,0.18792221129131434,0.2659402522671893
1932,0.350393849321887,0.24760994177152346
1933,0.33507279515211763,0.1797005738827355
1934,0.47565916053370144,0.24960891861833748
1935,0.2942146278026024,0.3452408774233732
1936,0.016895636954368277,0.2388389260418193
1937,0.02202540553407122,0.270447018629169
1938,0.19173440595078792,0.3557014228158867
1939,0.34650397011659756,0.3791811778431465
1940,0.16006704926784301,0.2645149272063455
1941,0.3473417421187867,0.3001364817869637
1942,0.15100183052715785,0.2920325166404741
1943,0.09357584912780054,0.2716582509524606
1944,0.2566965816608605,0.3439926157339404
1945,0.20818944331126482,0.3355913042727291
1946,0.04503334664467671,0.2588786762066561
1947,0.7191195125044322,0.400888406377068
1948,0.7516068084483771,0.3066672063232717
1949,0.5986040314422233,0.3873429410495939
1950,0.5856834248545809,0.41007694987592597
1951,0.6242868814090489,0.3611314257743317
1952,0.636589966026566,0.40145828218671
1953,0.9650890936818523,0.3522138199430847
1954,0.41602690493565553,0.43587859849997973
1955,0.5082224767303091,0.36740219872474794
1956,0.4000873621369779,0.33752888973351025
1957,0.9294080579371786,0.3463245119320978
1958,0.6342761623319478,0.3127326696414514
1959,0.2222163999040824,0.2183089181127575
1960,0.44014834115912177,0.18931056962395484
1961,0.4299576122064028,0.22768821165569517
1962,0.5089293440569155,0.3004735361460053
1963,0.42741320685345,0.27208087124937946
1964,0.4419141681947019,0.2501006677865782
1965,0.4009487529367894,0.24881217868544167
1966,0.385605400273939,0.2549685959498247
1967,0.40529988611222706,0.29586506077765784
1968,0.39598965089661775,0.38593885857282184
1969,0.2571729010316053,0.2771793301939132
1970,0.30213862958580195,0.18744952788007158
1971,0.46032093464186224,0.24553695632566222
1972,0.3716496540574985,0.1993076933520056
1973,0.268797298802163,0.188868212117639
1974,0.36340066304568025,0.2858253405318023
1975,0.7264273896541179,0.3409726570388201
1976,0.7205141531896948,0.31483954815878296
1977,0.7827053539444513,0.2947757580589291
1978,0.7008955600937256,0.255253236357503
1979,0.691635618451624,0.36653403831170006
1980,0.676675900959128,0.3643817915596269
1981,0.7246576173024176,0.31881152652097294
1982,0.5578585391469073,0.42730852308912665
1983,0.6468085248137408,0.40212024593347456
1984,0.5605769641254265,0.43538323099269666
1985,0.6818336319030758,0.41899150313009365
1986,0.7191310760702542,0.46206531731545103
1987,0.8158751997870177,0.3256485724647728
1988,0.8812865166454954,0.382808831349494
1989,1.029655833895738,0.33146038572722153
1990,0.5650748707418493,0.27483136234823224
1991,0.7753423319402308,0.3964445024408596
1992,0.6679914217930155,0.3543648237757242
1993,0.9441105955931369,0.33910890767412294
1994,0.7567687283395167,0.3935403585080038
1995,0.46193673676493746,0.3762006165104856
1996,0.848475225732696,0.33447437112126194
1997,0.49873752345016364,0.37069713447575414
1998,0.4632077899649548,0.4206228646842953
1999,0.3895664384266717,0.3980257597081043
2000,0.8647395698050797,0.36848184241215853
2001,0.7157101158167979,0.38706703476932114
2002,0.0883450094863742,0.28458527028598707
2003,0.23282140174241658,0.31574797080074646
2004,0.32980946188129223,0.29381385568880036
2005,0.2589986210621062,0.25134297509766196
2006,-0.01679883638180449,0.2869964866717579
2007,0.1525534632270595,0.32886700574472144
2008,0.19217084500937057,0.3704169128341457
2009,0.23456642536067565,0.23582259164101171
2010,0.4233863826009514,0.1697106320789401
2011,0.43862996725595965,0.2969609798350946
2012,0.3688784272869045,0.26187041408571105
2013,0.05918123229516234,0.15811743723853364
2014,0.05006209359420972,0.2438625313399006
2015,0.3044957444259452,0.3000088337060948
2016,0.345352824549034,0.3360068355784695
2017,0.20847100209847202,0.25017465144101675
2018,0.2507575886644862,0.3095739029602975
2019,0.3018828216880766,0.2788279639877217
2020,0.17055337635274206,0.22997206166192097
2021,0.4612514534334809,0.31964017837959663
2022,0.3517524408982434,0.23916473815340436
2023,0.20537259430560414,0.1579833421859064
2024,0.9690995272495513,0.3989609781049201
2025,0.934353331707459,0.2918103588840774
2026,0.8025687709524406,0.35125621509123883
2027,0.8288395099056928,0.33212341880634966
2028,0.8199038451228658,0.32039583604595995
2029,0.9106042924081627,0.3352365594059703
2030,0.34177029396569325,0.43239069129960594
2031,0.2912590187329604,0.3580270179225942
2032,0.3057655034805593,0.3018564514330872
2033,0.926483062516023,0.4008400097769399
2034,0.7488024535585427,0.4152523321594846
2035,0.12551293730975793,0.3329462410493846
2036,0.3505747795638882,0.2827738631552842
2037,0.1971465774707388,0.3104672829790176
2038,0.5138827024366525,0.28194851139359095
2039,0.3605697848802058,0.325204193925098
2040,0.31007260690755284,0.26938884284057873
2041,0.45432375921967677,0.2930839801098176
2042,0.3455506905475199,0.31025139775079125
2043,0.19513493385390007,0.3934817595591844
2044,0.2821741740493804,0.44627552659967856
2045,0.09040813718225427,0.3201417234871571
2046,0.16355540556395554,0.23430361943675324
2047,0.05984679473294194,0.3095214203122033
2048,0.0033452282638650496,0.41262454631726336
2049,-0.08391755282400387,0.26930431111366265
2050,0.20457785117261,0.36412875893649665
2051,0.6069301658918439,0.42996875077433305
2052,0.7413427726703425,0.4519588947278767
2053,0.5108045315084266,0.5032322785771868
2054,0.41547666127857297,0.47742855461722994
2055,0.35160779672549763,0.456379599280119
2056,0.5937329243543399,0.4276429418528598
2057,0.4767911945645787,0.4587987588181673
2058,0.6502107160439979,0.3097141339575855
2059,0.5121698664825322,0.45353420081757145
2060,0.7534272770603476,0.3919560293527188
2061,0.4556716991190743,0.4619443427069717
2062,0.6734375959234193,0.40941133554758946
2063,0.47741022709813086,0.4945375099363814
2064,0.6583414373214833,0.4405366297893435
2065,0.564998059213181,0.4436838055251506
2066,0.26485788203966726,0.502260745037821
2067,0.5620603726552926,0.4180591827004981
2068,0.7382365335096868,0.35699409640272184
2069,0.6567248237421972,0.430869236401246
2070,0.6863401444622974,0.37363848688889234
2071,0.6122561445575297,0.2315407751203575
2072,0.6581529041647333,0.3320967872581799
2073,0.5441217021354225,0.43935861922225833
2074,0.8514974738223164,0.31365124415853846
2075,0.689824475320213,0.27116770983815025
2076,0.7573711849527162,0.4833710319884396
2077,0.9055678340664415,0.29569486777315107
2078,0.07361691667994039,0.3251735364433585
2079,0.13458941021692888,0.2879610590564663
2080,0.6567122173894621,0.319979289408044
2081,0.2213134847476859,0.38116947434956766
2082,0.03671628585891194,0.31818962362465253
2083,0.3198360582007819,0.41965357837174766
2084,0.5075738334643979,0.23556828635634044
2085,0.27662938035114204,0.2620997034611473
2086,0.3795464076634393,0.27805641916111973
2087,0.6441386783419534,0.27586492719922395
2088,0.38555098572727714,0.40901620756870555
2089,0.02988954031298213,0.2442802714001905
2090,0.017782619067070713,0.24723388789911319
2091,0.26911890668244265,0.3768466756936525
2092,0.5668288104960044,0.34210045977984177
2093,0.24882294782688325,0.3223111387025898
2094,0.45691138343342674,0.30575138499136956
2095,0.1957446381065127,0.38051988049746954
2096,0.04352399161426069,0.31787901264708746
2097,0.20521126044095925,0.3598679595719518
2098,-0.045515058860519465,0.46969198606951124
2099,-0.043960868770343914,0.25816459698740324
2100,0.894086612087162,0.26575693533630973
2101,0.6389863568561978,0.39934160912732447
2102,0.9075668586398263,0.3884968137520874
2103,0.8281833324379212,0.2737394097102411
2104,0.780767052191566,0.34018529179698564
2105,0.5922781035314821,0.3581086891862093
2106,0.5373379599603856,0.30729414554649215
2107,0.3722197850512664,0.334497920082939
2108,0.7609286432097815,0.3638722980159369
2109,0.6185448564641776,0.3632707050771427
2110,0.1987720278284217,0.32884923043927844
2111,0.4759255079734238,0.2756282865577697
2112,0.3346405153276806,0.3173634886101123
2113,0.37102819111945406,0.2994770464847548
2114,0.20383095770270515,0.3513243613723674
2115,0.19422854063970568,0.2877400481405103
2116,0.48639437179946277,0.29728640503480674
2117,0.25663456511842325,0.30864041997853925
2118,0.3995877676387672,0.40855756581461655
2119,0.3908891064742748,0.40063666226435335
2120,0.10465978128837665,0.3565300041781018
2121,0.06353087599750014,0.2650384215058336
2122,0.14253180288154332,0.33047046943809383
2123,0.21411260086822312,0.33262619318678255
2124,0.03542033873057431,0.27616217517272534
2125,0.3517392180234364,0.30300389144280143
2126,0.6912481650396805,0.28731343279397886
2127,0.7700720142265144,0.36367255896433426
2128,0.5608613908038801,0.3929931791938126
2129,0.471005553643164,0.3518984627273637
2130,0.49953371190649604,0.3444638399820111
2131,0.6484645783849841,0.2629298189391844
2132,0.588321901343378,0.2932404053356228
2133,0.6726176984950105,0.30227865778522106
2134,0.6558212282291989,0.30465930516790735
2135,0.8346765033901935,0.35105711216587876
2136,0.587329329009217,0.38985520963514586
2137,0.7201778111856797,0.3646179102297303
2138,0.5448674351732226,0.31490197581840157
2139,0.774998976844662,0.3363230021823106
2140,0.6489433715817098,0.3734984604487696
2141,0.3455056895781311,0.33749406208185656
2142,0.6226635546427748,0.3041370485979101
2143,0.6370906701840495,0.2794267506160582
2144,0.7009792320875546,0.27052591117742514
2145,0.7243646525172942,0.3244423373244158
2146,0.48684388284203767,0.28600371791342705
2147,0.5929427921955316,0.3182137347254849
2148,0.4546018852472883,0.36367199405996237
2149,0.8050071918654814,0.315524230453875
2150,0.7034738394950739,0.2906044824633502
2151,0.8650023391629866,0.3649328151217364
2152,0.8845217709313913,0.3354580106423782
2153,0.17476055703216947,0.26524230676469235
2154,0.25773937561590093,0.24725171653509115
2155,0.4749555823889346,0.2905632526825604
2156,0.16223612611789973,0.3257713400850195
2157,0.021762859016767597,0.24082829195300226
2158,0.26450863427555144,0.30538278218946546
2159,0.3836896417886134,0.2843699286455151
2160,0.10756653550630106,0.2920039533831941
2161,0.5230186332610322,0.26963327149543725
2162,0.6343135182700087,0.3111024993918702
2163,0.40561655251167766,0.36198219620862515
2164,-0.07590328430673075,0.24030395185188766
2165,-0.01830205207732622,0.24041763362784188
2166,0.4342169462571906,0.26525522767144144
2167,0.4072847434677126,0.31392894384263703
2168,0.2739097980447149,0.31880994529166157
2169,0.2758229659552636,0.3335533412664991
2170,0.41611212488218113,0.36629104996548306
2171,0.061275211551643394,0.3263947162854594
2172,0.26240159676788577,0.32272551621650347
2173,0.16831255006712992,0.33588194658276593
2174,0.05138456019960701,0.2352085443059005
2175,0.7138117882359235,0.3422335806157976
2176,0.6726211086666704,0.27478925872774623
2177,0.6008623363899966,0.3078210006950577
2178,0.7119084792611983,0.36561937290248214
2179,0.10368902838958761,0.32792113803510325
2180,0.2304032242600953,0.291674114540026
2181,0.14503712705107374,0.2640988116898396
2182,0.6156410914264446,0.3105889355387155
2183,0.6419005571072648,0.3321695178004836
2184,0.02938096405899212,0.25304219452410825
2185,0.1476705165375767,0.24549720275966597
2186,0.14319293199527044,0.33094884817274367
2187,0.33820054739491945,0.2709151564283769
2188,0.15434477749996933,0.23771287075684222
2189,0.0006050329427259249,0.2289403747483811
2190,0.5194299098496169,0.2891771338702444
2191,0.37962718128861317,0.3490038164257726
2192,0.06428772415572577,0.3305815145519857
2193,0.12257673566256773,0.32394943095108697
2194,-0.08514657367670486,0.3285105003778818
2195,-0.003591058548604093,0.27779100867826756
2196,-0.0302439346787311,0.3029927460464906
2197,-0.043864238805235614,0.3301335254365442
2198,-0.17323871531658097,0.26404346807175844
2199,-0.023593307081046393,0.259824208663692
2200,0.39978132173125774,0.3115651231012652
2201,0.5450393286189912,0.36325513849251345
2202,0.33956705831060047,0.37063889352302415
2203,0.2087792791649445,0.40399411660521023
2204,0.23991034954249718,0.37916436790588326
2205,0.45662628436447655,0.3620512380254286
2206,0.32569645737620706,0.4058804815834065
2207,0.44126742335283525,0.30218885003244694
2208,0.38033599715276456,0.3557358262484945
2209,0.6279058838133298,0.2968447847083351
2210,0.3280609338871086,0.3997775453690845
2211,0.4668491304607132,0.3700461292583265
2212,0.3066735810624847,0.4501368255348834
2213,0.48534308949774174,0.37637613403872744
2214,0.474825547760295,0.4872696150921378
2215,0.04733005852115576,0.42565586327359634
2216,0.41639486640498735,0.361280311034832
2217,0.48131994810933326,0.2660352976161211
2218,0.49608699006617435,0.3028059354510702
2219,0.5849552092737793,0.36530572367476943
2220,0.4187327305616301,0.2733436244292268
2221,0.43481585241099924,0.307120594056088
2222,0.26659486559237183,0.4051540109480248
2223,0.7229609542861417,0.27114317552847533
2224,0.6009518779715304,0.23429446229386106
2225,0.4943369718183342,0.4012982496094214
2226,0.8325044205781563,0.29268910112117197
2227,-0.2122460104201445,0.22475484508608182
2228,-0.03426568311583206,0.23565888753127176
2229,0.2794685658973736,0.29641903704217554
2230,-0.06747264566949074,0.2985765143981472
2231,-0.16596658924401472,0.21911195041540144
2232,0.2833253754793764,0.28581019705753274
2233,0.3184300156052981,0.23608806541118715
2234,-0.01141524497015544,0.2749239542530734
2235,0.16430947990678527,0.22133146741700035
2236,0.4480054860953884,0.2606568718663967
2237,0.20105773859771117,0.296772490897248
2238,-0.2653529679074678,0.2841587771990523
2239,-0.2747982855745299,0.24129458204940368
2240,0.030709495897520315,0.2911391317443809
2241,0.22348954263130538,0.3545971356071219
2242,0.03774094361182057,0.3205428755758363
2243,0.15420951352283027,0.3039683050742423
2244,0.046223370423764905,0.3498327199473264
2245,-0.18293920921033033,0.32646861224647006
2246,-0.030019896156107558,0.30035392171750686
2247,-0.09931548727724826,0.35144681742038975
2248,-0.11918178858347174,0.24987201050860453
2249,1.008496869176286,0.24527068718755704
2250,0.7704540983224051,0.3687844442859457
2251,0.8696017789262152,0.3274864213139453
2252,0.3282693287415459,0.35494572031713667
2253,0.36217283353625435,0.32701349390295603
2254,0.38324809194565623,0.2358296816597046
2255,0.65759718284449,0.3176834058794831
2256,0.6258347457582857,0.3271404441503171
2257,0.40122587591487047,0.3154255868371644
2258,0.5611333687389944,0.2629129871380269
2259,0.44996784731793693,0.3641315872464303
2260,0.5780784785859376,0.20237293893242708
2261,0.4428621826803486,0.3232708917616399
2262,0.3894277306838308,0.2817194209766063
2263,0.6353534169114503,0.2354062305978871
2264,0.39013240874555366,0.35707237367516814
2265,0.5782794832337155,0.4023576370184678
2266,0.5284575094182783,0.3839238920823804
2267,0.4157143817357923,0.36679422777091564
2268,0.29202342782078383,0.31014591221029386
2269,0.29871511819035274,0.3546947031683064
2270,0.29161321957086117,0.3940992373918807
2271,0.22220717724863756,0.35874609897199855
2272,0.2299613872305232,0.25510454306314023
2273,0.5593305428520426,0.33512139285875325
2274,0.6546647780148858,0.3369736314309222
2275,0.5343822980345315,0.3453617926969763
2276,0.48656194762520044,0.37556758474968394
2277,0.36788115017031797,0.39986467818438765
2278,0.5323416346412279,0.3837859215613955
2279,0.5082826725671026,0.4184773594033746
2280,0.518765857964602,0.34485226164402333
2281,0.43037557123904957,0.38945482421571614
2282,0.5926193668441369,0.41756152260059726
2283,0.4433206491852125,0.3632044019491695
2284,0.549160518373373,0.3911229404495741
2285,0.4367866573141122,0.4354149186627273
2286,0.5411633798458941,0.39445772647784644
2287,0.4915530679392612,0.44925475339479654
2288,0.3486609437347008,0.43696977510863866
2289,0.45121914030650373,0.395523211352567
2290,0.5440343145137722,0.2686396272620874
2291,0.4855826654296721,0.31756604129586485
2292,0.6240833752322654,0.3851923608439408
2293,0.4542068721597739,0.2503963502591781
2294,0.5718996863320899,0.28071647405788863
2295,0.5657484793658369,0.30826256791426676
2296,0.6050651460603428,0.41039402210172304
2297,0.576934414734587,0.3318257969146766
2298,0.6441019600325743,0.4031604020296043
2299,0.7617693785409052,0.4236976097382534
2300,0.09775629085926123,0.2369562093467663
2301,0.1623139302486452,0.24064176268154633
2302,0.40306257830085646,0.26539717273967145
2303,0.1730141685057501,0.3173436672112076
2304,0.2135067818765516,0.31343372791778357
2305,0.20219620739744082,0.32939938892687504
2306,0.7418963000391111,0.3050936382773381
2307,0.28606945356964936,0.2548621165556522
2308,0.41326125767545646,0.25153408590426396
2309,0.749586817310112,0.24167163395077076
2310,0.5081496883658398,0.3151814474993162
2311,0.14524622736946885,0.27374789545096234
2312,0.08681739586791139,0.26247482328052085
2313,0.32190250909403373,0.2916214377895982
2314,0.6185544916140944,0.23905413000669862
2315,0.2421097516269262,0.33554078241401114
2316,0.35035126653806253,0.2521767056315072
2317,0.5030011813809824,0.37915670643988697
2318,0.30541717689136383,0.3518616126892408
2319,0.47220337093395826,0.2912684147871425
2320,0.21060307574362808,0.4384046183989131
2321,0.2600140488609411,0.35531439018486916
2322,0.9138482490917694,0.35317873041653963
2323,1.1052884900218574,0.268536306851407
2324,0.5046089997452915,0.38367912627415574
2325,0.4340487059090625,0.29638103501246216
2326,0.3617001641780607,0.2585439887215931
2327,0.7407727748087513,0.32657460003905886
2328,0.6072222968808111,0.3255054324279101
2329,0.35886158812770574,0.26808815818128323
2330,0.6430305057864233,0.19646871503596328
2331,0.4174713114572042,0.26757040943072324
2332,0.48339804486753707,0.21304923439230064
2333,0.28767849199180034,0.25099954519010453
2334,0.33673356197001014,0.23787601551831258
2335,0.5574328420100809,0.22929536108070828
2336,0.3081729910845624,0.35770719988525984
2337,0.6530638316913989,0.3123597685500176
2338,0.49790182133753413,0.37047387393554104
2339,0.4100092553361374,0.3654572100712496
2340,0.2003159243769669,0.32873882766602897
2341,0.24387605651443153,0.33846502662229067
2342,0.28551795320457074,0.26157631241730184
2343,0.17855140491766908,0.22126911149036604
2344,0.41655245933434565,0.2540518711654764
2345,0.7320685966536541,0.3743278999611017
2346,0.8429082212903489,0.363793088432929
2347,0.6166360176752308,0.36188748268646564
2348,0.5605803289664153,0.3226908810498567
2349,0.4335606935935823,0.3998565334517985
2350,0.6150852459792003,0.41379749290874723
2351,0.5774215647981077,0.3922706257499604
2352,0.8175943160770729,0.33674225331430335
2353,0.7245151532945223,0.35464448045188135
2354,0.8851777876362157,0.45227746719374184
2355,0.5886411276647069,0.39731484998602157
2356,0.7833164328407236,0.38207484538847936
2357,0.6079115554952774,0.42478908116655645
2358,0.7263973210529867,0.3868375531902293
2359,0.5898719649309296,0.40061496032633476
2360,0.5071782414823098,0.33710057708852453
2361,0.6173965376456663,0.3995698587198979
2362,0.7776757428082031,0.2756954257459266
2363,0.6442164609730135,0.3576878677088138
2364,0.69340884972842,0.38313222167491745
2365,0.7113736992958879,0.24632313649123455
2366,0.8308427342970631,0.25346989544273374
2367,0.6637915465376918,0.3386959685312772
2368,0.8043734943227348,0.42724272146265896
2369,0.9434603542431518,0.3295384694162506
2370,0.9212410175557326,0.3736406648091465
2371,1.0635660477067712,0.3754423466320066
2372,0.28868074327935767,0.2706795182651049
2373,0.28261457972953086,0.23584154873466048
2374,0.7158046571733713,0.2324853407254955
2375,0.36599548497579604,0.292242177983103
2376,0.32933430179983103,0.29803088744829537
2377,0.41771941510410726,0.29379836492773315
2378,0.8196175911021994,0.21048921812461352
2379,0.4995329981679219,0.2688461388222004
2380,0.5436841208522796,0.16153976843926482
2381,1.117389887599987,0.1753372686876002
2382,0.520346043457422,0.3480083692437281
2383,0.2202898180736521,0.24654379992639033
2384,0.24947119771297346,0.24660751729158237
2385,0.5686940432172031,0.2960977918109875
2386,0.7715410105442408,0.25392404361986354
2387,0.48441001928321,0.3003653375590777
2388,0.6391391465416353,0.30173600759342917
2389,0.6457991116084421,0.3061735596411368
2390,0.3649336936438243,0.3311785627132843
2391,0.6282663244553427,0.2280868731086486
2392,0.2560254667207131,0.32041242813660553
2393,0.16928601152208222,0.19961563722580608
2394,0.9965399085483438,0.4237976389038591
2395,0.39307145606208416,0.4332079143224822
2396,0.23501466818342942,0.3559119012877961
2397,0.25770507731313114,0.3557420185021383
2398,0.7076662051477522,0.4329917916713488
2399,0.4120794141610034,0.3337056771999071
2400,0.1112922239873943,0.3163890308662957
2401,0.3858193360087934,0.3352142539292548
2402,0.23284281702189055,0.3260437245094413
2403,0.3560845735992153,0.33402106139163257
2404,0.12258526397342277,0.3551068598459809
2405,0.12411218049602611,0.2908532775441464
2406,0.3551022188088255,0.29841104212947217
2407,0.07211279540380129,0.34244897658468054
2408,0.38258703688352175,0.4362725187958242
2409,0.20383312648280752,0.46436492204815
2410,0.1619140666386068,0.34049361866092415
2411,-0.032505154321244706,0.2406704870677103
2412,0.05549580966482897,0.2983325513557981
2413,0.17335271788560147,0.3442624790788716
2414,-0.020663506506671106,0.28802722578946105
2415,0.29132520602594186,0.34356215683079294
2416,0.9320878719993699,0.3973509460016479
2417,0.9901181688800792,0.3785422395455857
2418,0.8096186276540733,0.4321996093809994
2419,0.7083635875165702,0.3809506476051116
2420,0.6592368370529769,0.37076313383604254
2421,0.9332242503901591,0.3443328662598981
2422,0.8108275310843642,0.3720491894261933
2423,0.9567018721924369,0.32339029257595014
2424,0.896922283326191,0.4241614012175522
2425,1.0648646004780253,0.3739699944280395
2426,0.888313454917254,0.38117163014368377
2427,0.9875636774730231,0.4066038462014727
2428,0.7616505050433454,0.38615807069887637
2429,0.9821675143038928,0.3858422517070942
2430,0.8060273670618838,0.33457090762665487
2431,0.4045155173053891,0.4156766776502909
2432,0.8637141405464388,0.39794850378068847
2433,0.8669827075519243,0.3443598950853449
2434,0.7634870669693805,0.41163183987761975
2435,1.1032512044155653,0.3567652221203572
2436,0.7895436360677128,0.2590087823702071
2437,0.8327545791303416,0.3637483659725073
2438,0.6196649010084421,0.4473620855339562
2439,0.980329124658569,0.2900928409917348
2440,0.828539843060048,0.2605157846872717
2441,1.0097744200496794,0.4494411989453046
2442,0.9837062927872291,0.3332730547473385
2443,0.08719478748124282,0.35560575588344207
2444,0.08020442251092078,0.2739913834027852
2445,0.5485736891726554,0.27800171734149093
2446,0.15896939377889757,0.33418325906409674
2447,0.023718258859886942,0.3325284447905306
2448,0.2793375200011575,0.3450339664772632
2449,0.5982141345560243,0.2595441199322695
2450,0.26363299003041685,0.2733823012598106
2451,0.3322262921668972,0.2849277700137991
2452,0.6433400283901225,0.27164455544273597
2453,0.3667054317722511,0.37830315870205977
2454,0.013011162237064947,0.20047677734601843
2455,0.03267565265019396,0.27964276746291894
2456,0.46294645059490436,0.39003950834556317
2457,0.6507735731514761,0.3748958460657872
2458,0.19445992040521065,0.31145750521798066
2459,0.470572295385898,0.36317003970490097
2460,0.383550075951306,0.390087939738518
2461,0.11987045183946365,0.32018512220912887
2462,0.4424971419418568,0.3381251775837286
2463,0.19036401055729044,0.3996313081024329
2464,-0.017499677088866027,0.23199002771525756
2465,0.4484826670862356,0.4498656704302278
2466,0.3522622797720795,0.37768031452037804
2467,0.33951208976492414,0.3470189256053111
2468,0.8496542154465365,0.3504599114834449
2469,0.5490037227123066,0.35518900092623407
2470,0.21569334388263042,0.22697732571020243
2471,0.4474717631475994,0.24321367774668343
2472,0.4807030806732048,0.2513586597875081
2473,0.6947400484571867,0.25451315957401377
2474,0.4366021852784457,0.2624144622622646
2475,0.38411083681448843,0.2172099668254959
2476,0.5725922985733117,0.30097331513959436
2477,0.38263806287157637,0.39965782917462467
2478,0.528504616666596,0.33045121787413895
2479,0.3597727797172398,0.44732433959407036
2480,0.39352292333381916,0.3247068481461377
2481,0.21663106982407265,0.2635302348992903
2482,0.22042261267107802,0.27531369166712893
2483,0.2740585566688506,0.2305838557199829
2484,0.17315697606791905,0.1867884488949133
2485,0.30602972848719173,0.3524585424413731
2486,0.8825398850780138,0.41978261461935024
2487,0.9636140698477809,0.3613587645097571
2488,0.8565198616512989,0.3938490790823399
2489,0.7382524239461717,0.3533353914973705
2490,0.6377989510072732,0.39109835247065144
2491,0.8099388115483183,0.4314725145422578
2492,0.7509878465178147,0.418680752276405
2493,0.8293373969472256,0.3743104450776962
2494,0.8723068137189176,0.40649966178333125
2495,0.9349876242303563,0.4429371690739597
2496,0.8139506897732581,0.4517491468097547
2497,1.0089801834999539,0.43446964538394606
2498,0.8465581407434969,0.3726379437902139
2499,1.0254439710586225,0.4000593837727625
2500,0.9571311440669756,0.34772518529392415
2501,0.47287596016541517,0.3769755355931449
2502,0.8952061161052021,0.40497811037062387
2503,0.8510014841092186,0.3698280099390215
2504,0.8620263251862165,0.4499293466430911
2505,0.9918981036135675,0.4061412591220768
2506,0.7854785742814406,0.3063740877750253
2507,0.9848315923134879,0.291688297074331
2508,0.6580273511353896,0.4708962057015498
2509,0.7726416970584313,0.39138657725307363
2510,0.7596606629924579,0.27951520281257125
2511,1.0074181412636514,0.42724759446353044
2512,1.1151187181099356,0.34633548863847374
2513,0.13748756374016347,0.3694216746386772
2514,0.14709174586689272,0.314006694493382
2515,0.5277419169317841,0.2737052057522169
2516,0.26783364537321935,0.3298263890696671
2517,0.05923220466814979,0.36628285157756846
2518,0.21420739192910834,0.3708091752817747
2519,0.49469279278792727,0.23660323083143145
2520,0.3981172095420027,0.24280778266374015
2521,0.3713209857434267,0.22168852796620803
2522,0.7162895344064929,0.20462749799654656
2523,0.39700187090524014,0.35928592712762114
2524,0.1329013436907277,0.16414083150968187
2525,0.12822113833188634,0.30750852812580187
2526,0.45330652359239715,0.3583845791118162
2527,0.7327912260823534,0.32972683805809
2528,0.30986736546689236,0.28172636588550504
2529,0.5724641115578755,0.31404294942709077
2530,0.399363494199224,0.3069032326877073
2531,0.26352629536149835,0.2905300771232997
2532,0.4927652786610961,0.31624826346885765
2533,0.26436985438898436,0.3018845526481719
2534,0.13783925852883222,0.15988402651512565
2535,0.5993309434285565,0.2279046398923114
2536,0.6094544229517405,0.21282278175379687
2537,0.36001789590773475,0.36613650651799506
2538,0.3871359313880211,0.30341689872882904
2539,0.22073462228298565,0.2464878418614732
2540,0.4277362735904875,0.23221183762175104
2541,0.322262692636066,0.2803877769604163
2542,0.363666103675638,0.2777044306532303
2543,0.21140786212794677,0.26979072637047213
2544,0.3793693022975513,0.2239266527500752
2545,0.44298348493628775,0.26095381097532144
2546,0.24474470521399996,0.286196821313966
2547,0.8314227737679598,0.3261273868385917
2548,0.7736070986293513,0.23884328650057582
2549,0.40500299287595354,0.2741067967294362
2550,0.20389232375320276,0.21481244683402573
2551,0.3220437806557508,0.2610005125133931
2552,0.3262778611322346,0.27791404985203183
2553,0.22486263932951833,0.24365837772234128
2554,0.5561168626100786,0.2803417704670458
2555,0.4633032835411383,0.510729638719874
2556,0.4527050894634834,0.51187373500024
2557,0.439572577179602,0.49264078332936423
2558,0.4770024979150574,0.4435894821663538
2559,0.38267601568115106,0.48265403903419524
2560,0.36450844604516586,0.45699188365524673
2561,0.4547601807094024,0.49434924952995146
2562,0.34315847557757134,0.5445813139499135
2563,0.36832319222842186,0.49505286146089034
2564,0.3498240826038891,0.5506503324509074
2565,0.35159215294161666,0.6558713239708599
2566,0.35947947508972433,0.602756699098937
2567,0.4220322634305397,0.5415240005289268
2568,0.47440908291418393,0.5658015147375275
2569,0.3366806569785557,0.5205107548317685
2570,0.3508739885498068,0.3800352941846723
2571,0.33598036835339407,0.5581356925598714
2572,0.32857333164839575,0.502626372741362
2573,0.3442978238056971,0.5319849741089369
2574,0.2698509982063636,0.5264647951459969
2575,0.2264041978313186,0.4977183101068262
2576,0.3992976419289459,0.5119714016719821
2577,0.3096223104161055,0.41887519836457265
2578,0.2138678618973603,0.5399509925402112
2579,0.22101962120041743,0.42864109656801347
2580,0.4444296529812647,0.4989927205505154
2581,0.3162615981349317,0.49344458561836396
2582,0.6209338912814596,0.21923780260618336
2583,0.3371392640530634,0.21138266743962592
2584,0.3864833364131433,0.38028662760971627
2585,0.31893466550468835,0.28185559320868303
2586,0.3935999538179069,0.2633728365970409
2587,0.1534615894055485,0.41003903310700945
2588,0.277804309010752,0.39197137434489726
2589,0.28150993259246265,0.2780487367227998
2590,0.41692897521958705,0.26895198986409397
2591,0.5344152488006025,0.39144282035018724
2592,0.23407961645175712,0.2804452475476226
2593,0.2158275281971253,0.24887246754001627
2594,0.4400736836097462,0.2045714776432896
2595,0.5299103972229247,0.30772510080445686
2596,0.3957894994872497,0.3662216287499304
2597,0.5668967162853547,0.2882967185081539
2598,0.4203689915077659,0.3972428977354857
2599,0.9223037462942726,0.3273902488601583
2600,0.45608365267063644,0.28492000378913146
2601,0.4279536047268327,0.40249956687975313
2602,0.29855347228920875,0.36387175594663157
2603,0.19791698317815462,0.23179545045667244
2604,0.5881210742805268,0.24447279386104515
2605,0.32771035283686106,0.35873082038991105
2606,0.5134426293766493,0.28836837685643196
2607,0.3139658409414071,0.23368953613656526
2608,0.6336278765956399,0.2133268649635059
2609,0.7967121233650994,0.27779610490869155
2610,0.4249462394369502,0.2824270523132849
2611,0.4575472978571509,0.24779624124266114
2612,0.5024769830425597,0.23774913755279883
2613,0.4725815778241975,0.1807540131964533
2614,0.5775795594160326,0.252287416716882
2615,0.6915015947694012,0.22514430322670012
2616,0.8500101744964133,0.21623502267355985
2617,0.5819826318584831,0.2639405212292106
2618,0.4887438842741836,0.23600972262932873
2619,0.5523595087312557,0.2654337398035828
2620,0.4192616934416186,0.24262079609718812
2621,0.4970933739666118,0.24968286356906894
2622,0.49976447609857133,0.1768346686637312
2623,0.34342559837550823,0.46352905675047323
2624,0.35234184816620917,0.44089607834935113
2625,0.37387561365945504,0.5368103075155248
2626,0.34945853146873934,0.48576942457926153
2627,0.35924672907881716,0.5629422954195346
2628,0.23109331780988873,0.49376728301035405
2629,0.3251895681344616,0.5466685498807495
2630,0.24683782892457679,0.43033532381082384
2631,0.2590939167620973,0.5006259048321124
2632,0.14969183963283852,0.40983536285080596
2633,0.18571086781485768,0.5200754269367313
2634,0.27617052944729586,0.5189572030335011
2635,0.3489287447703294,0.5638392297261209
2636,0.3318306350564345,0.4810800732720275
2637,0.27326560542617445,0.558219480846814
2638,0.45563809038293857,0.335889863410819
2639,0.2911628121258216,0.5066580455815964
2640,0.2040569838736195,0.38386361623168813
2641,0.3193208948565878,0.433364275314062
2642,0.17372158824378353,0.476734125897798
2643,0.0919063299655866,0.40225508724781633
2644,0.3078116547246105,0.4271082941550737
2645,0.321810498801451,0.3253975357120615
2646,0.04928393420725842,0.3940080461615047
2647,0.2103150389292077,0.3299548236985719
2648,0.3937747442581005,0.4270140235598503
2649,0.2262602419819467,0.36391748497631254
2650,0.5275561286787048,0.25445292322316854
2651,0.8900229425636887,0.2091943292109108
2652,0.23611121776416574,0.2753837029570674
2653,0.2577581778813725,0.2406331274351492
2654,0.40851741214281956,0.29734749757534557
2655,0.16078414354700496,0.25853150151226006
2656,0.183635629680966,0.32556326770533756
2657,0.2708810320031506,0.2792308380754979
2658,0.5960687607222833,0.22162466995276156
2659,0.345676277930094,0.24514886386363524
2660,0.3110179416928006,0.2357411131741598
2661,0.279201714606726,0.24204042377968457
2662,0.325318214430453,0.24639725847169594
2663,0.4881579546671395,0.2714111781158207
2664,0.2945640121282772,0.2892233128897314
2665,0.6019872233124285,0.3255492265220467
2666,0.2363820731703006,0.3189945045309454
2667,0.5867975321416583,0.20556178629874605
2668,0.4943968952357306,0.23644777720036103
2669,0.36579573775241514,0.29574606820766486
2670,0.3902254871080959,0.2912591797642243
2671,0.47850376528403143,0.2478068284797399
2672,0.3821474906246611,0.29238775326745864
2673,0.6803722430384375,0.22842109917580394
2674,0.3365592224105891,0.19840481191357448
2675,0.39684349528801116,0.179471127372768
2676,0.45739716740587616,0.2865414457388977
2677,0.5891084350946915,0.31054837260697804
2678,0.4400277510600196,0.26074100594640265
2679,0.6284195209611277,0.23864140248233698
2680,0.48223979117313215,0.236937266078578
2681,0.5494093519472697,0.22856418086002758
2682,0.5993494444304865,0.20452709662149304
2683,0.917060894132638,0.23746905064735008
2684,0.4889431574285327,0.29883327939901744
2685,0.5826638536305309,0.20288676437994646
2686,0.621780128046272,0.2845126590100636
2687,0.43222360663388637,0.2660835026942859
2688,0.3718309296639165,0.27557646085132714
2689,0.34257782278160925,0.2114341999405089
2690,0.18237305133987697,0.4082875751592079
2691,0.2676848191873936,0.3653485995590221
2692,0.34056481564078506,0.42896783747345824
2693,0.4106592917191854,0.4475014920177032
2694,0.27453292089652115,0.45370815465726955
2695,0.13328469304994528,0.41272907524055197
2696,0.3021183512639217,0.4618668392147887
2697,0.07989184551699556,0.4079944414799271
2698,0.06050297999789644,0.4506609130248855
2699,0.04774445017187322,0.4175465983509413
2700,0.03971022454110835,0.47635631201063855
2701,0.1359494256671776,0.4511566741851096
2702,0.20393172748698396,0.476841833023699
2703,0.23993830086461598,0.4449005266761252
2704,0.24768389874108618,0.4951277682636573
2705,0.24731304308867996,0.31070368743300636
2706,0.07808666272842403,0.469326176007501
2707,0.09900312850175579,0.3805768750280063
2708,0.08455291295868324,0.40810938859400653
2709,0.2138097697506701,0.43437727922165453
2710,-0.03823791616103313,0.36838164000937
2711,0.1723425636766345,0.39670964050705415
2712,0.06687651618975785,0.29408137912804755
2713,-0.06427840971873196,0.39591728971334417
2714,-0.005729125130560882,0.34016336438603584
2715,0.26326501155635273,0.384360509698062
2716,0.10908012120877189,0.3825254577935758
2717,0.2807375771271053,0.3190915860022401
2718,0.21619387638082446,0.24976587795000532
2719,0.185924946895664,0.27780882670599377
2720,0.2965055222573359,0.22873870187649126
2721,0.38251119467080613,0.29395336395991295
2722,0.2142111741965718,0.25148499790611883
2723,0.10991310029236118,0.2442391208670004
2724,0.3188174005541595,0.23506931552226126
2725,0.4066899030856243,0.23239275812371987
2726,0.3765851985386705,0.24068365822340954
2727,0.22442893420208362,0.22087577552936738
2728,0.21389975741855688,0.20568422489640556
2729,0.30887587052004917,0.24888790904522257
2730,0.07620161769862659,0.2618343203849405
2731,0.17977408969872696,0.2956747526646845
2732,0.2366298012199887,0.297842093337385
2733,0.22007272194760044,0.31044674076748485
2734,0.5344970826595624,0.20840166541007343
2735,0.43519831024520045,0.2684168165064375
2736,0.27945690922136435,0.32311238790240976
2737,0.31236628576739406,0.3054823604820318
2738,0.30457301020410527,0.23658936090320476
2739,0.7157534167476072,0.35512018365234915
2740,0.40053535142049973,0.31742311630806364
2741,0.4915890461152085,0.18795625897381085
2742,0.25397950407637,0.3436796844305529
2743,0.4916019792324218,0.3443600525132348
2744,0.3693392313737914,0.3448233079608716
2745,0.4506782637329631,0.31388147463759486
2746,0.33695575292293634,0.2889264717062419
2747,0.24556546099704013,0.33352787134195977
2748,0.21814367065607385,0.32303670957455927
2749,0.35634219776994036,0.4260959241275769
2750,0.016128552514360812,0.37575898477716485
2751,0.20085810314995914,0.29289357898866347
2752,0.23477349956901322,0.35062261651365195
2753,0.21833087536888687,0.2849547314249242
2754,0.07961665791743326,0.30611292539176993
2755,0.3812087199822038,0.24535108429576225
2756,0.762129590038673,0.44884804202309175
2757,0.8900607232390089,0.3925059139570902
2758,0.8188533331926048,0.39976056235567503
2759,0.6681989069862708,0.3775605666197932
2760,0.6409875802935388,0.4090045997201214
2761,0.7513253357779711,0.4390557208907322
2762,0.7769724962523428,0.3912272877857167
2763,0.6741192126069766,0.36825919755141073
2764,0.656560201904207,0.4299142821358257
2765,0.6730100992949427,0.4428740725396829
2766,0.63122891895156,0.3932068977989517
2767,0.7633321232959484,0.4114552145217153
2768,0.758783942282454,0.4076560807593776
2769,0.8074999749964898,0.4564778719779523
2770,0.756774623568833,0.38785350979525174
2771,0.5477947835620642,0.4018296008563662
2772,0.7669711541295905,0.396383355152304
2773,1.0442542098859455,0.35393318296876514
2774,1.0785073210555063,0.4176141370862761
2775,0.7478988691952567,0.4409216948487651
2776,0.612029655452177,0.32341568801303233
2777,0.8328957396951429,0.3120596292550438
2778,0.5352445208010651,0.419713422691649
2779,0.647089423319825,0.4334376133188453
2780,0.5598794474073462,0.3066952294474726
2781,0.9208124693208346,0.4136665605526797
2782,0.6906116374843779,0.39814950360545365
2783,0.06357810706356042,0.29223775483153414
2784,0.18208584085321633,0.28863728683424056
2785,0.640702805341552,0.2551096099548918
2786,0.5750885053242732,0.3009755626671672
2787,0.09795721182570073,0.3251701406082382
2788,0.25701160783837323,0.2914693181050709
2789,0.4477900023267888,0.2881077701202274
2790,0.39526465710113884,0.24908439658635637
2791,0.508150080499598,0.1915177139295708
2792,0.5611094237706036,0.25631951333928993
2793,0.6143786934657992,0.308230530026088
2794,0.0985832271892352,0.22774583312287702
2795,0.07444829989419001,0.25052082834790373
2796,0.33789031098753997,0.30222743615061715
2797,0.434328996101098,0.38217211597275125
2798,0.2176781733409907,0.2527100019614532
2799,0.39619849479284447,0.29534929337958055
2800,0.22480822983104123,0.28865446153185526
2801,0.023969725689006936,0.3239374011858417
2802,0.4562482825889924,0.31541628199383365
2803,0.2287781549671068,0.32432884619830354
2804,0.041909681442774314,0.25781416558382286
2805,0.1721748833034309,0.20522096158998648
2806,0.3385191131282286,0.20550157383101963
2807,0.328295351482377,0.28293586431320106
2808,0.5266973187837124,0.259916187174948
2809,0.2985752120551514,0.2280193469674631
2810,0.4666860399774231,0.24654909381499282
2811,0.5401007110924506,0.2588905601541429
2812,0.8430984349690351,0.2646239393490807
2813,0.3056149706781972,0.2479630297596236
2814,0.7767564159807592,0.2679221237083354
2815,0.33825050407993107,0.31358211076367987
2816,0.6160255034294073,0.2629492233569859
2817,0.5374454357651031,0.26816140824835377
2818,0.16238546540608292,0.2836533575911051
2819,0.11803273536412294,0.2884479321737684
2820,0.17549558751934433,0.19271457358648572
2821,0.25245869321170805,0.37069406806438454
2822,0.4085105971158663,0.35158226134681936
2823,0.35243289062769306,0.4051539886697348
2824,0.35137910169865744,0.38948459804450625
2825,0.21991753474739437,0.45187800776697845
2826,0.27664423617328615,0.42013690759636374
2827,0.2997428571777506,0.4359167319257813
2828,0.2684633946785891,0.37026914799831845
2829,0.18384956079591636,0.4102965169289827
2830,0.2490327720986464,0.40156035624609104
2831,0.15298670641173498,0.4090372895858524
2832,0.28562387113479853,0.3658521223926049
2833,0.2871667342247959,0.43192008850277425
2834,0.33462573473624474,0.36926144619551493
2835,0.43309439247374454,0.43782665858823133
2836,0.24775222752448173,0.3375796390366845
2837,0.22048155885710344,0.3835586908299356
2838,0.32852305601006243,0.32333147384086547
2839,0.30502264161791065,0.3483209147715505
2840,0.32315126662495874,0.3916129195718456
2841,0.2374231545294397,0.3426602893001844
2842,0.3803185460165453,0.33788052753423764
2843,0.1448236636306324,0.30356182650404695
2844,0.2502800803349989,0.3777293284045946
2845,0.22294749273551343,0.3324485377340831
2846,0.3901052278669223,0.32506225692319113
2847,0.37391800157158045,0.35584439161777254
2848,0.15885749961992487,0.20620348599191615
2849,0.14270278923808274,0.20274778870959267
2850,0.38350684347248254,0.2527854482124131
2851,0.2932739163908492,0.26087687354394706
2852,0.35030882367147875,0.21158949524835777
2853,0.5779010490049115,0.22339085038832707
2854,0.31620177105250075,0.2405398605808698
2855,0.4021537130407484,0.2581830225118079
2856,0.31688650651241423,0.1559442792878292
2857,0.5196457577111551,0.2837290969734325
2858,0.18892077282574984,0.2454552939688241
2859,0.04387007502718019,0.23618581493898025
2860,0.13950591393202885,0.2146671301544554
2861,0.06290466281678343,0.2715806471784455
2862,0.18211161717946298,0.2611467645721386
2863,0.22369637239334927,0.23485262531024909
2864,0.29264431814265174,0.29153272268049346
2865,0.2951559592764578,0.2879233975395376
2866,0.2890400518048423,0.2797086848426835
2867,0.21482883707182548,0.26788833957124986
2868,0.05766408939565374,0.32253176109671466
2869,0.04699926008670394,0.25265726645457726
2870,0.7223660369904762,0.24205157013970582
2871,0.5311309445947033,0.321583174243163
2872,0.37034255515776293,0.28083571182006223
2873,0.6369754806272481,0.2609184651475407
2874,0.7514610900665549,0.2905368249563935
2875,0.3164954730398098,0.21686436754267754
2876,0.18476296442669798,0.2953952267586581
2877,0.5892443601955262,0.3168060169631926
2878,0.48075622360094683,0.27593429735423086
2879,0.30912711498552714,0.34692577994631574
2880,0.44594281993169305,0.26731353063511964
2881,0.45140825700875364,0.2548144539720131
2882,0.8128375639550888,0.28945349089867584
2883,0.8387264391458669,0.3021942503502269
2884,0.2832545547527002,0.2041900404635087
2885,0.12116780606863854,0.34835802076626005
2886,0.15043308156118582,0.3633648864449227
2887,0.2147319851733006,0.2878441325991294
2888,0.3413324205003901,0.23306930143503968
2889,0.24111835207159718,0.2723491468778262
2890,0.04474644647006725,0.3308214359855392
2891,0.28299139496358844,0.28472843392151487
2892,0.03210928980935437,0.30478959716313514
2893,0.09832931475388723,0.2963257525475479
2894,0.005019040303633961,0.3649960823289892
2895,0.1150716846167801,0.23719846909641268
2896,0.09662958423768239,0.30350823266317356
2897,0.12550133126578994,0.2792304224883527
2898,0.12777979077773782,0.31130664011225934
2899,0.10011106538481973,0.251836459601946
2900,0.5292483145576875,0.23181063642163252
2901,0.05423290662296154,0.29173183662443225
2902,0.15388440467297834,0.2959551563670636
2903,0.14984241548770935,0.28797615554129125
2904,0.06373874103135173,0.3447178188576381
2905,-0.043251417528388056,0.23554028635944393
2906,0.1373887353597815,0.2172675914462297
2907,0.37519357128357356,0.22727332572804138
2908,-0.06975314450419656,0.428632534097818
2909,0.04593234778754004,0.3363678157827014
2910,0.3696684910682528,0.3031401706989958
2911,0.07036603139343367,0.3378289600440726
2912,0.1577345790657661,0.14573468829143923
2913,0.21189717387908133,0.1812370463022852
2914,0.21598313571332686,0.3102216482506183
2915,0.6159713072868762,0.2871547190063671
2916,0.2675960920912154,0.2278786793692553
2917,-0.019111671641433656,0.2569623144210717
2918,0.18861452581823718,0.2876094281768363
2919,0.32959715932820904,0.20692775977001915
2920,0.6683926201752011,0.18424853413464487
2921,0.38416198274111707,0.24927113641281642
2922,1.0705204933961998,0.2076312555448113
2923,0.5450998945321774,0.2822244279684449
2924,0.2044368652076818,0.22678058641215473
2925,0.26273522679944816,0.20898484184258492
2926,0.3087036154030204,0.2613463293208435
2927,0.2063447586368712,0.23584869463299996
2928,0.1987435889201279,0.21701745711373985
2929,0.5339960615735425,0.28505888672043467
2930,0.4152183991676852,0.3186715664837242
2931,0.467479573974221,0.2306751246679428
2932,0.6971607418268148,0.26323284229840327
2933,0.8834281906850315,0.2901116114721123
2934,0.5558146414592596,0.24139816963416727
2935,0.36999673258996185,0.23958990952072462
2936,0.44346734702315854,0.28318153475953556
2937,0.6430716214285904,0.2000612736313941
2938,0.3983150295275606,0.20385922248473545
2939,0.29424132142871884,0.3211862427668044
2940,0.7248802793135573,0.1816846989221124
2941,0.61849692943642,0.29295943111477696
2942,0.5189697606410246,0.2832472552344775
2943,0.41722509040247413,0.2640701972911225
2944,0.45572421366309984,0.2465429925070229
2945,0.5115339329679586,0.2413953850847764
2946,0.6299514440876569,0.24366424644472318
2947,0.5580564355765197,0.16674455414182218
2948,0.49073661760412207,0.3172380874793877
2949,0.485852060191037,0.3431221189087328
2950,0.4334377668565457,0.30008728349656294
2951,0.46290365935519384,0.26584851653705394
2952,0.34159022824267077,0.3786392089515409
2953,0.2936060198259482,0.35938704696528484
2954,0.41848231818982257,0.3471282780474359
2955,0.4529929890149183,0.3368367657772481
2956,0.36424361708536834,0.357016008762007
2957,0.29822999695565017,0.37084132545826626
2958,0.28334750515587165,0.3189684697737508
2959,0.36147557457869434,0.3875444512213411
2960,0.32937724931682894,0.343356483658749
2961,0.37632764937292096,0.38878785330541554
2962,0.2717348599963343,0.3245835147900474
2963,0.6391887339973976,0.24451387586467754
2964,0.2895634484349724,0.382540388722512
2965,0.43831868133003477,0.29821954501625375
2966,0.4262648412013706,0.309472378759682
2967,0.2794204298377174,0.4035524803822611
2968,0.2974417893787065,0.23616483172638036
2969,0.48988303916636583,0.26172783761568985
2970,0.5996216217638303,0.22593057018128745
2971,0.23401404120239855,0.3592263293379586
2972,0.3846708441005918,0.30819556770952933
2973,0.6110086406436543,0.29014842417848163
2974,0.40532230389978563,0.3088629650042136
2975,0.39189324352547217,0.17037872968517365
2976,0.5318319107553734,0.19347738723881294
2977,0.5332445721948923,0.21740756460636565
2978,0.6089683259577044,0.24464644996226598
2979,0.4777563812077282,0.2652474568419607
2980,0.22605879813084,0.259634810136802
2981,0.46763542267997027,0.23839292493835737
2982,0.4940747336357682,0.21474629690107233
2983,0.9791219369545644,0.1583830970371473
2984,0.6885718230780605,0.16203433859420724
2985,0.7737417072969938,0.23448814208701074
2986,0.6069292888072281,0.24336508872477347
2987,0.37136803312299593,0.18424509472174513
2988,0.550178045777609,0.19103126185459554
2989,0.5988247833612096,0.24501087916046307
2990,0.49280957749768123,0.19699200574909972
2991,0.47180039498894705,0.31571096554182954
2992,0.6444726395779536,0.15695286653037704
2993,0.5650979477824079,0.29069755340615755
2994,0.6266318618113518,0.15821226173605626
2995,0.5009388465792445,0.27583820117386215
2996,0.6290392183844559,0.2331841483499177
2997,0.745143579168537,0.24282386357705923
2998,0.823178133518702,0.23008754774745818
2999,0.6975363518178276,0.34305963956065166
3000,0.5704951875786417,0.24564316943759756
3001,0.6234406534844454,0.31423594990332443
3002,0.7067244390283661,0.3512510721085094
3003,0.5774330977965006,0.41887962225360953
3004,0.7835760753658235,0.3364472901104582
3005,0.5675127008219341,0.32453549956295036
3006,0.5372183098612737,0.35822168536237575
3007,0.6970176524016625,0.23458294504252117
3008,0.7976149086104664,0.2597696912557338
3009,0.3726255975700716,0.22129530163214645
3010,0.3253762045619989,0.3969988256895484
3011,0.32986808133375384,0.38631538552018735
3012,0.40466934241099434,0.4334959946665454
3013,0.49336468613258594,0.421109140011561
3014,0.37557414965081465,0.4473080152892657
3015,0.23223338407263633,0.4231794853758958
3016,0.3519454340718863,0.449174108013189
3017,0.15057937111493072,0.3568367959531962
3018,0.2879158880027724,0.3952047066752993
3019,0.09193312805952288,0.35704161080054236
3020,0.2434571796647842,0.3328876735866881
3021,0.3014420676509101,0.3894676256275947
3022,0.4044459390069297,0.42567053294553775
3023,0.3340744018105717,0.38765831547507307
3024,0.3828929004485781,0.39658988934295525
3025,0.5418002153364984,0.3107335833617991
3026,0.2900441998329288,0.3778747254274688
3027,0.11054758466623835,0.30916032133108695
3028,0.2283843568787567,0.3360275146517853
3029,0.24801989147905945,0.39613995201768776
3030,0.100706322546839,0.27147534313144456
3031,0.31405649356415616,0.271652061500745
3032,0.424798118237301,0.22749406697305605
3033,-0.0025478096430549286,0.40282946314770207
3034,0.11758704448484275,0.3150992386678969
3035,0.40377828686232625,0.35581504893267285
3036,0.15903294935974663,0.2958709605570798
3037,0.31346632518659734,0.27070538241049247
3038,0.48878666000530663,0.27608469647025546
3039,0.08838257948119786,0.2807808669040026
3040,0.25786473701889157,0.33017498892037916
3041,0.2049167722315837,0.32848075878108696
3042,-0.011721789600717084,0.2437388702578059
3043,0.04429159973747746,0.32846973863620793
3044,0.3212671563156143,0.28310136650657564
3045,0.4515028545729395,0.24527286457470246
3046,0.2662163188834666,0.2514364819923303
3047,0.4015700214771382,0.2791068727154811
3048,0.4470659145957804,0.27647345269575985
3049,0.33225056160498884,0.3493038873414171
3050,0.43222561740785576,0.2721121429174622
3051,0.4642952111839059,0.20881179061465524
3052,0.41160298625057234,0.33738167031269184
3053,0.2262156703731215,0.2653393252790069
3054,0.5082875512116853,0.3042800227225814
3055,0.6072530627562823,0.3033402114241526
3056,0.4028073419932755,0.27738766294055245
3057,0.6194770964099575,0.27944306317072953
3058,0.7711735981219118,0.2191366487762249
3059,1.0765731835845311,0.263789711268676
3060,0.8412970164933875,0.3601874914016759
3061,0.7957905189574012,0.21557747580608913
3062,0.845462475186118,0.3864253239157908
3063,0.5209094446670901,0.32614866484056576
3064,0.553854169689348,0.4206208971759536
3065,0.6673871972250449,0.37739517714851256
3066,0.6870175412502348,0.37939750105872194
3067,0.4433256463328855,0.4440654064863969
3068,0.5157704288731286,0.32387948237413633
3069,0.45417097514424326,0.3257412574292732
3070,0.12149936986563176,0.25913665415498904
3071,0.34706405768147186,0.38095202308372184
3072,0.33898946205810976,0.39113751970645005
3073,0.5111149185154892,0.3754282471428893
3074,0.6347962814956136,0.3410113206734024
3075,0.45217252305702565,0.39351948682882665
3076,0.35506210184355935,0.40330138108368363
3077,0.5074298995405846,0.3904459761546433
3078,0.16355087554064468,0.398284364455516
3079,0.2333414564406308,0.4324936995560358
3080,0.12204592698491508,0.4326452945330651
3081,0.26052831006808197,0.3873292667288472
3082,0.3112877008668374,0.4244050904978101
3083,0.4302009409639039,0.396984746049996
3084,0.337788837933268,0.4128516623238616
3085,0.5054667302462581,0.3598324335260896
3086,0.2753601673324697,0.4101402758825759
3087,0.2852288215826316,0.44641784614378355
3088,0.18184149515061648,0.41454139577128085
3089,0.23298581672979257,0.4395988424974002
3090,0.3438449662095827,0.4294693925000131
3091,0.15862199518723608,0.3353875010427133
3092,0.3023414231007505,0.3344621661396695
3093,0.33419877235688994,0.31401581180326893
3094,0.028422154962375767,0.42792945064122173
3095,0.021995322097619476,0.3093327197310371
3096,0.3633019624079021,0.3857479627823743
3097,0.2245023369227525,0.3403413453574396
3098,0.01455353813823726,0.2295291200029906
3099,0.08812159180008204,0.22429610550326257
3100,0.13319771559572993,0.28778321663338385
3101,0.26479532707885683,0.383345343288526
3102,0.05001358766233865,0.34874622601015604
3103,-0.03183153424785819,0.32093122008059455
3104,0.08044346082373743,0.21431425378561322
3105,0.37863460572970065,0.2609676246512021
3106,0.2732647505849533,0.23349134519550896
3107,0.3885474411413545,0.1849466568140775
3108,0.3054451976837532,0.2970490965502371
3109,0.28548525831871396,0.26921935678919173
3110,0.16194214993008854,0.25684904519462065
3111,0.2449186122994725,0.25794156528585765
3112,0.5259368883934383,0.23056299050117335
3113,0.13454133151820272,0.24006203972207688
3114,0.30468749201878165,0.22975352423305842
3115,0.3471899220309789,0.2717585543478077
3116,0.4692585016546074,0.3060002423004735
3117,0.21161343989412668,0.3493815417531918
3118,0.40068401575675,0.3548811484879626
3119,0.41079531587082685,0.25272062344486396
3120,1.0980766567719835,0.299418476030479
3121,0.6272373658577086,0.2116393072154026
3122,0.6948895711687862,0.3169707733427762
3123,0.4932738723389638,0.35150332217400726
3124,0.48103281504323736,0.4186127135015691
3125,0.6230499150666658,0.3372468887329263
3126,0.8347579245179113,0.33513165802408246
3127,0.5671039869428371,0.40503943058145864
3128,0.657382399087927,0.31930094184307534
3129,0.781322924946795,0.2953807125700455
3130,0.14516590345356112,0.22298507305245918
3131,0.11709360239703454,0.3807895993085908
3132,0.0908731218294627,0.4027968713882569
3133,0.2501938698687914,0.3741441669012343
3134,0.40574879076134074,0.29893386710541403
3135,0.3216148797453844,0.36574201014757163
3136,0.06820460360115069,0.4116591742069149
3137,0.2723301382170441,0.3728197229781222
3138,-0.022849527975630588,0.35978645036362517
3139,0.06279436123996375,0.40592134334481256
3140,-0.09976851570631697,0.43897820169806057
3141,0.10514695262671526,0.3408533686739931
3142,0.10878170912123213,0.38940170443109157
3143,0.21750559290269078,0.36838725834366165
3144,0.14604827656254266,0.39275326029586827
3145,0.2816289311102993,0.33333318019325586
3146,0.4022464460324659,0.3484443689147295
3147,0.10791347542699939,0.39879311706041143
3148,0.02616995515311311,0.3629396025717716
3149,0.11009836154841336,0.3728834874347071
3150,0.13173220175031783,0.40490906056810605
3151,0.01066285073062064,0.27167602621793296
3152,0.12834265250146404,0.3029923893161857
3153,0.39047902140890434,0.22058439961717374
3154,-0.16457617867631621,0.42537303934643916
3155,-0.08951939164745537,0.29414754172244556
3156,0.2997087906150191,0.3891155812168865
3157,0.06354245163318982,0.32275238676803164
3158,0.011840218873348244,0.23139522224198877
3159,0.20062461043244212,0.21514035469040518
3160,0.05958650964431897,0.23644424775034256
3161,0.3709495889818473,0.35742951608551643
3162,0.04295847138840717,0.36008344325289904
3163,-0.12166300630210863,0.28092110667281284
3164,-0.05686129772389289,0.24545767552513761
3165,0.3767731931466121,0.24483809814445479
3166,0.37157150398226535,0.2386653470230325
3167,0.2825259955135018,0.21156952621920994
3168,0.5128625907580411,0.22105273753777566
3169,0.4835986795592766,0.26763207842401826
3170,0.16640028318174524,0.26170754929586076
3171,0.1913443032371959,0.22081462917298597
3172,0.42886245370397014,0.202070048776817
3173,0.1551470618524679,0.2243095407118997
3174,0.25535010942362246,0.20432980011450713
3175,0.3140463279202862,0.28350167664867193
3176,0.5199225381536514,0.29874494580196836
3177,0.210309998530034,0.3359435151377036
3178,0.5458047442518477,0.3170075519396168
3179,0.7447795723285519,0.22206394306645308
3180,0.5642828551622554,0.2917722215766921
3181,0.7843850511532691,0.4639332450382887
3182,0.6993669575226877,0.32270359149834255
3183,0.7917522225796371,0.43586634119935413
3184,0.8797511692221666,0.48616348141059496
3185,1.281547546607195,0.43019011393770035
3186,0.9075219345946094,0.4108376536148852
3187,0.7290132450699588,0.3236540766076443
3188,0.9483933782843564,0.3435949809476324
3189,0.2951608412493394,0.1586369897717835
3190,0.16792306024580173,0.3369852096639827
3191,0.1696883410610657,0.3361682962646987
3192,0.3253624450642057,0.34730471329298074
3193,0.49956873923476386,0.33221085122891314
3194,0.2886896232293386,0.3921028735478985
3195,0.05510951982112672,0.40387955241228807
3196,0.3121130404672768,0.40475875432492275
3197,0.048943308450946854,0.3102023228766765
3198,0.07448204095585292,0.34567794999921875
3199,-0.0889824099984581,0.36177485611930454
3200,0.1273664850315848,0.3306990454281169
3201,0.11856276927134353,0.3282203181272002
3202,0.24981227643174136,0.3905931255293515
3203,0.1514867421265841,0.3432606959092132
3204,0.27576483408161223,0.3998161407449017
3205,0.5197523849168671,0.29915543196485556
3206,0.09426439927360922,0.3699967401371542
3207,0.11861923863308922,0.3309842690922472
3208,0.13698050729074548,0.3587256007042222
3209,0.06337468510299887,0.3722668470361213
3210,0.03522151611340398,0.24044447665454582
3211,0.23786691680112781,0.2550153582656964
3212,0.2865851165539449,0.23619721034753063
3213,-0.17725618778867455,0.353807838449343
3214,-0.09234658848645624,0.24712357739375979
3215,0.32900154026863615,0.3295240856930098
3216,0.04698194526509379,0.26685955057997096
3217,0.21018613482675472,0.22629425208157938
3218,0.28176583842538017,0.18634210386612904
3219,0.3016488598638602,0.2628061797063253
3220,0.7146526478866991,0.34189736625167405
3221,0.3883207238124129,0.36598032801218644
3222,0.09482189199295853,0.295240205385439
3223,0.09239800466440273,0.19468729669397716
3224,0.694399585560565,0.2703339138773015
3225,0.5567958989850612,0.18178833971413544
3226,0.4471856557375618,0.1991545172112048
3227,0.5268766600368864,0.24991122079278677
3228,0.8093862226307494,0.23180965658576566
3229,0.365041940962978,0.29089267722120155
3230,0.23903395165453006,0.1784600246948713
3231,0.4168981346778851,0.22600732305734822
3232,0.2710571854512213,0.24595932041417395
3233,0.40313220840304353,0.2651638119684421
3234,0.5200211386931168,0.2228272845696372
3235,0.8083593009169925,0.3427672975002293
3236,0.4371334152073592,0.28541981532609734
3237,0.5851975107790484,0.32541776119067434
3238,0.7786307454299057,0.25403626882073954
3239,0.8798401980087445,0.2608486510203401
3240,0.6370886028751964,0.251478583813918
3241,0.6020364005434145,0.30509481910419656
3242,0.6328503808185713,0.2971650127058735
3243,0.5518341744362181,0.2729426930908733
3244,0.4174495387632046,0.3399596322962114
3245,0.41252307930806426,0.3093678997947593
3246,0.39547944635066035,0.27385238670929285
3247,0.1500870448569292,0.20651012418901762
3248,0.2997927609258571,0.3247732023470278
3249,0.3118626423518151,0.3349243483611177
3250,0.37514730158116005,0.353303885860628
3251,0.44936525629932855,0.38016924126928375
3252,0.2996789274639592,0.39951361849215594
3253,0.2457126447527506,0.3533168164486899
3254,0.36046964868075093,0.4248622412122152
3255,0.1364306407340388,0.34845108475718645
3256,0.15589065943647323,0.34424145298329745
3257,0.12070763829117627,0.3811694056950771
3258,0.162949654065601,0.3546381450184036
3259,0.20837965168938852,0.35381465664085493
3260,0.26553233218782746,0.32676919887558253
3261,0.2364300196430516,0.2995791038923124
3262,0.2984417061610871,0.33318218348459
3263,0.22252018187322756,0.3193385644117496
3264,0.14665293784485436,0.28433266609097824
3265,0.12771465427247664,0.2806759730330711
3266,0.1626184145834428,0.2968613063346936
3267,0.2605843439122523,0.33088852189869794
3268,0.16758350971637914,0.32216846109244013
3269,0.2176030281875187,0.2652573082780615
3270,0.3185180274864974,0.25760255702450546
3271,0.10613600472068054,0.3614705137541328
3272,0.15088726053514465,0.29380912310812807
3273,0.3168749325799572,0.3161236570488953
3274,0.3325385126076752,0.32912137160447197
3275,0.05064034299233009,0.2034494546568069
3276,0.12191865602475425,0.15048535918742173
3277,0.12201133387012947,0.27654106943723983
3278,0.11858845230913724,0.35161093234026414
3279,0.09301970120489467,0.20166882382603948
3280,0.17196567867927098,0.354436536962169
3281,0.14985646425892032,0.2612693547958242
3282,0.2842727251988299,0.301694185161478
3283,0.24773006034277947,0.19695338611622962
3284,0.5447234282744519,0.22548615072103237
3285,0.26479686010280373,0.27482092269821756
3286,0.2292470661045507,0.26472163587048364
3287,0.05451134331544652,0.26500273557136494
3288,0.1938879618576081,0.2235903938459019
3289,0.434929508556287,0.25598829334857326
3290,0.31891172306461085,0.2554508590370146
3291,0.39238167547930297,0.30219548431862076
3292,0.5064318168583206,0.207752958150504
3293,0.492294503390201,0.23918939235167477
3294,0.10466672801947649,0.256116223583808
3295,0.3156936430762267,0.31523912410500066
3296,0.36970551935560925,0.22704092358938344
3297,0.4290268165528832,0.311352499503047
3298,0.6930503937686593,0.2647526447984051
3299,0.7834894616348065,0.31680638696278285
3300,1.1038571682081273,0.3481093142231381
3301,0.660614051407433,0.41935883138676583
3302,0.32005037338687015,0.3258118657994481
3303,0.4544315685985035,0.34987745764721795
3304,0.020655986005893166,0.21217483450194427
3305,0.013852236923904979,0.41500374229529086
3306,0.08518050214929349,0.4151589553169882
3307,0.16657957502422568,0.45816419267836983
3308,0.25216983906620327,0.4577871772223589
3309,0.0673276841598939,0.47083985965047476
3310,-0.004885623861204514,0.45345837452576176
3311,0.1134255465870091,0.5101628387257019
3312,-0.04685387260513086,0.38246426583809956
3313,-0.06663325969064485,0.41459329407412004
3314,-0.14804254563780797,0.42012733646535905
3315,-0.06723970429483286,0.4118014082050953
3316,0.0047279283932457885,0.3742815886435657
3317,0.10334755450927917,0.420946899674984
3318,0.028226166397028442,0.3337863187983701
3319,0.1969810060370958,0.3932999525211884
3320,0.170297195324333,0.4001545960986792
3321,-0.01768054846207087,0.3267949293467019
3322,-0.07829886689683474,0.29795288871545506
3323,-0.0008657260064248866,0.32765469407657194
3324,0.0034312901470710078,0.38544356306250765
3325,-0.0027395078600099994,0.36527746648591575
3326,0.09129422309351792,0.31959002473574705
3327,0.09555985080542982,0.31178078022712447
3328,-0.16001987482706354,0.417970936380799
3329,-0.10924957517477228,0.3541693670524363
3330,0.10501522095086022,0.3468532886736371
3331,0.06703449702318928,0.36845456123033127
3332,0.05508573573476467,0.2763209759840377
3333,0.15818036122761864,0.22465613732541184
3334,0.059642740010108795,0.28793170949929486
3335,0.1814186068195866,0.4162925569936755
3336,0.23245090182274172,0.27746452948269523
3337,0.33162388247870395,0.28440835984392543
3338,-0.026031224832772853,0.2950683018696607
3339,0.4160174041901903,0.36703518764019955
3340,0.18860164509265676,0.27070969883671103
3341,0.3042908261771274,0.3282470951700669
3342,0.05943569406334939,0.3191746609565504
3343,0.3103704517876337,0.3462663468902047
3344,0.11460696958000373,0.3346737137038431
3345,-0.008983815260020895,0.257721197019833
3346,0.23699835664797153,0.30148237000981526
3347,0.2458685605055776,0.2766463011676847
3348,0.3066546571453888,0.33247629189931516
3349,0.2945449819525725,0.24344759521068907
3350,0.5953080101765983,0.2677945253787928
3351,-0.010064399619755728,0.35270512456714304
3352,0.18855557704685538,0.36937846888933706
3353,0.36542625365503184,0.26889372645648824
3354,0.9488719030778938,0.32288661082952974
3355,1.0216401064304377,0.32960180363478875
3356,0.5170039581577675,0.3251567925558559
3357,0.6831027160093263,0.31225735711651226
3358,0.8167234695478915,0.30871548230090323
3359,0.8403195315644655,0.28636721636408924
3360,0.5586731332756694,0.2862087506157361
3361,0.4424855684866181,0.4517866949731137
3362,0.42289081404714646,0.45400071612102433
3363,0.5025980728390419,0.4123722123780169
3364,0.6465700251912945,0.4531154482824041
3365,0.41940854376458303,0.49998028849661036
3366,0.29080432679885326,0.45155271775560923
3367,0.4709350991885532,0.49716994955627036
3368,0.32126786468730123,0.5146156633241775
3369,0.35689724634553877,0.49389001401318267
3370,0.2573490448335875,0.5262382141568133
3371,0.3448457189356051,0.5397480916414014
3372,0.34841958555986025,0.5399968617233398
3373,0.42470919837492377,0.5220589401572934
3374,0.38482301557224086,0.4787258852326337
3375,0.3315218712806101,0.5135094673013297
3376,0.5994203248228769,0.4030712823236693
3377,0.2933976790507414,0.49804982444836193
3378,0.20219931858035417,0.3620084110688328
3379,0.2166832325282799,0.39630647930409807
3380,0.24938042040160263,0.47070181889307494
3381,0.1639032381458877,0.3496700969784128
3382,0.4086639864888402,0.41813393300687174
3383,0.45568883175638625,0.29949546527344206
3384,0.0686489668414237,0.5196834271807121
3385,0.23224441063851747,0.4113162274280923
3386,0.5113070884329429,0.504650421505724
3387,0.3238103481639064,0.444634067021255
3388,0.5218748304313383,0.2472848633916963
3389,0.42677918220805205,0.24621075677289167
3390,0.25852248972654324,0.27482915211876147
3391,0.3296893213124882,0.336775624340967
3392,0.47201763185059437,0.3056830778416232
3393,0.09945271494868924,0.3309537161045039
3394,0.328076231801908,0.39483521444351294
3395,0.4027898320112894,0.29824724885732
3396,0.5490268723261907,0.20785407481929855
3397,0.6629837336088809,0.28378906894029327
3398,0.4175683809264247,0.23749734742329404
3399,0.5191857939591327,0.31086542613081375
3400,0.48195584112016965,0.31674767037437956
3401,0.5363959500602111,0.2957694822478533
3402,0.5469331712509095,0.2968671047091676
3403,0.5853710826825586,0.33726669252197145
3404,0.4362989508714409,0.3331638351974409
3405,1.2344378069716972,0.23586185480412358
3406,0.8917053380859618,0.2756741366162507
3407,0.6717734543604276,0.3911814038446923
3408,0.727252577406389,0.3791911569008454
3409,0.7501754093287929,0.28151563176274874
3410,0.8203467254350709,0.4125008994923338
3411,0.7819696259811822,0.3176824620615781
3412,0.862084785797294,0.3699119247758172
3413,0.51300471940915,0.39790439025367225
3414,0.5787770561436086,0.42766358168366514
3415,0.4176864261975893,0.27359771176640035
3416,0.2104085329885567,0.524473967605325
3417,0.2383742976946048,0.4948712877776459
3418,0.3072720467883092,0.5658239224116455
3419,0.4611559993869556,0.6067246415989399
3420,0.2316772361244731,0.5830870389385077
3421,0.101066248708662,0.5388358034775779
3422,0.2919716047677153,0.613303579619816
3423,0.1119592904027277,0.5059437264889737
3424,0.05757436206425381,0.5425209823915543
3425,0.02477344232939507,0.5161254978170339
3426,0.04490978213937309,0.5848364981710595
3427,0.10470011797728071,0.5463387013310284
3428,0.19052912369550706,0.5932298912720518
3429,0.22299997032729652,0.5205766079239907
3430,0.20311788383187263,0.5828481351271514
3431,0.354649004019125,0.4686626923670681
3432,0.058278621667028484,0.5413742807445464
3433,0.11894964363335411,0.47372392586203305
3434,0.09796352711347935,0.49671362904008504
3435,0.07897852747487366,0.5255290959651705
3436,-0.011259679758407809,0.5014143180367182
3437,0.2185685857961389,0.5226879187261378
3438,0.20250038423748862,0.41187693414271825
3439,-0.09525081125661113,0.4920681870649946
3440,0.03165359858340048,0.39260609787256817
3441,0.2843695147299293,0.5027557965439939
3442,0.1382254628666382,0.43663628121261505
3443,0.6117296509823059,0.3034737178518749
3444,0.43185978717538037,0.213346909552449
3445,0.2758000353389145,0.35204337409460285
3446,0.3860013664116128,0.3804169986703233
3447,0.7727811642109158,0.32031966159300584
3448,0.30648723176851556,0.3532959073262473
3449,0.312372078665172,0.2803982059182406
3450,0.43691333568006924,0.3515029804179648
3451,0.5357991297439865,0.285154843350815
3452,0.559499416441981,0.3509344339308372
3453,0.34162932639905086,0.27912612091964345
3454,0.3724743885997392,0.35924931079664735
3455,0.46629404235329414,0.3241995328709276
3456,0.27001049350571926,0.3556453595273889
3457,0.30697174883150335,0.4107768512296615
3458,0.48212947195611605,0.28525747494532294
3459,0.3679888996736749,0.4640382401658762
3460,0.854412203157666,0.22634827545915664
3461,0.7598943098338867,0.37008061997687675
3462,0.46146935039929554,0.4258126271140193
3463,0.37885664721756884,0.443343461705196
3464,0.4902712651995738,0.3531554043955636
3465,0.9683148586856581,0.38382648692840626
3466,0.8390405887892681,0.34509931185475434
3467,0.6367682552748397,0.3442136206270313
3468,0.9190747733795803,0.34328773395917594
3469,0.2947790065373342,0.25401028470895215
3470,0.18549489923850393,0.4434631318559008
3471,0.15455884539919337,0.4245820664938721
3472,0.28666504222799805,0.45736960774059876
3473,0.45408234034871203,0.46599108316677845
3474,0.22881510097576288,0.5105750100422219
3475,0.08455246079496068,0.4962057102481331
3476,0.22649544430442578,0.5343128662684812
3477,0.11661209808401934,0.3909236600673901
3478,0.13779744741767755,0.40007442379150965
3479,-0.040996781875859874,0.3765140341079904
3480,0.11918175908022792,0.3951764766955034
3481,0.14388453127192216,0.39228032930089307
3482,0.2575243406295564,0.47438406291398394
3483,0.15265796353698102,0.3840550431633638
3484,0.25644715636623056,0.45824332614726554
3485,0.4041414167053406,0.43852426488686125
3486,0.11244312059988089,0.37125357429817185
3487,-0.0393466906646402,0.3172223804771248
3488,-0.0315397773455674,0.38332601080249146
3489,0.05968969851697854,0.39112574194792227
3490,0.06480739162787616,0.2674642384347451
3491,0.24245714967722598,0.32966306570268455
3492,0.24721104073430225,0.292255909244114
3493,-0.16234736220266202,0.3546691514496187
3494,-0.008045344327782047,0.29706093181556864
3495,0.20381903760558878,0.4153024428495777
3496,0.0630776850362478,0.3444489273228999
3497,0.3815250691544877,0.25128705908553617
3498,0.37440218151469495,0.23155814005042047
3499,0.1142741180516147,0.3279768896305628
3500,0.21907255539748244,0.4623016267286788
3501,0.4928721982578014,0.3718528773516202
3502,0.129628982380295,0.31464918746303044
3503,0.16625577057944324,0.3568358062529739
3504,0.5688403404355287,0.41961787874764794
3505,0.31909155033332137,0.31546800238946526
3506,0.47028895210145955,0.3257191145831007
3507,0.11192269407358944,0.31596737853253876
3508,0.6795499648604983,0.4173475911196294
3509,0.49342375797148647,0.3849819959758126
3510,0.35334153388265144,0.26063728593624835
3511,0.4834118616021218,0.3258120618387121
3512,0.41679522560426974,0.31489296154920693
3513,0.41243447934052363,0.3631032971065421
3514,0.7296101497540651,0.2775021896104812
3515,1.453640096249231,0.27180280729937917
3516,0.447933803848751,0.36710390317847336
3517,0.5402623840195262,0.41059526072689967
3518,0.7349943129862405,0.2779118981634103
3519,1.0284449039556895,0.3773759996626143
3520,0.5034003005545908,0.3325421566904505
3521,0.7749120556319398,0.36959030469897325
3522,0.10093161046528788,0.1636771313643766
3523,-0.07435236388166012,0.29595021445392766
3524,-0.044138008499412934,0.2776668234775016
3525,0.1042378756749496,0.3370659088730996
3526,0.26352759187111585,0.39185591942989123
3527,0.061141093397518394,0.426444617042145
3528,-0.14289596570687763,0.3932055524042166
3529,0.06639321435769667,0.42532388656990805
3530,-0.1379268625655938,0.2855702177204335
3531,-0.14962166643748456,0.2869817932008037
3532,-0.28830413021975354,0.2774354153222104
3533,-0.10268309094831705,0.27680881175469263
3534,-0.08631481697239513,0.2559085279667359
3535,0.034774121086268435,0.3851400221746847
3536,-0.03899244656135241,0.2676031159808708
3537,0.113473398473942,0.3776288737325308
3538,0.25525218402214966,0.3441560314411461
3539,-0.10529958427841185,0.2748975945077833
3540,-0.11952855091000598,0.23517219167756837
3541,-0.0963967741760817,0.28073996570517495
3542,-0.08828488213143229,0.2791224901450452
3543,-0.13973885036130967,0.24943431796685792
3544,0.02932264709163291,0.2665311780069743
3545,0.05007256894127428,0.21962342524886488
3546,-0.35269108539659044,0.2802660805047579
3547,-0.25128291794872926,0.22986291471139236
3548,0.07868722277230263,0.26547241066140315
3549,-0.09123258701869046,0.2771600128571947
3550,0.13065264417012798,0.2627498171087803
3551,0.21100462331307443,0.20459271563214468
3552,0.09258708368365333,0.239867792806394
3553,0.4240093148899386,0.3943792684445505
3554,0.37169088404656214,0.29956242887323886
3555,0.15799576424231898,0.22558380793378616
3556,-0.03174890971267971,0.24085940931512537
3557,0.5844340607097884,0.35334427507171995
3558,0.3245661622914372,0.2066452277075267
3559,0.3154604129554075,0.29549631531944925
3560,0.20285650179109835,0.23146132820888254
3561,0.5956248777206983,0.30856122988912055
3562,0.24404676590709198,0.32872518861900935
3563,0.006423684083300369,0.18603840755473716
3564,0.1830653909654121,0.251486020219145
3565,0.16719980182921657,0.24736688194198242
3566,0.26337791396420396,0.2891948629799289
3567,0.3647555106760437,0.24421231875395794
3568,0.8296229486981892,0.30778230789147537
3569,0.1896147408540136,0.3064831095083309
3570,0.33399895440462696,0.3607302256851787
3571,0.640251872597912,0.25844560149446244
3572,0.7505707429596788,0.23956114065024794
3573,0.8415444786179851,0.3008104851759954
3574,0.2867226975079951,0.18380767232068665
3575,0.07997161333083289,0.3507608207496235
3576,0.07255889376925304,0.3169888233311781
3577,0.24721722567740514,0.37256244924685233
3578,0.4560565543261497,0.43816457039112916
3579,0.30322342159923543,0.422866349831203
3580,0.012838109446097675,0.4051495669915473
3581,0.23951840692285778,0.4446147497757206
3582,-0.02480971506819496,0.3606634861176847
3583,0.03461007137652036,0.382625745604175
3584,-0.15445216729640884,0.3679172806035764
3585,0.05074948612687928,0.3853438089020693
3586,0.04299825607468655,0.3731829347505959
3587,0.23404090761573076,0.45706436069339745
3588,0.1436485851484695,0.37443555713516574
3589,0.30121813363804373,0.4661653069868097
3590,0.5268464374675046,0.3515403981621308
3591,0.04881977774262515,0.377819072363039
3592,-0.040065786100467536,0.3554796939154878
3593,0.043331624314204016,0.3582099244757772
3594,0.03283847437142857,0.36949103819139606
3595,-0.1262501531096985,0.2735011688400451
3596,0.1665823354267312,0.3153081812467406
3597,0.09978225765988241,0.27774839956402453
3598,-0.26601313483023714,0.3456965991471859
3599,-0.1867927344966564,0.29901411108354325
3600,0.21266536373475345,0.3304553411541069
3601,-0.06880762422507827,0.31745946722170426
3602,0.21064674066021785,0.25487797034957604
3603,0.2767915317207463,0.22202181748391359
3604,0.0508505500626909,0.29595490910765876
3605,0.3232022207602447,0.3347559790750478
3606,0.35358018515028916,0.31705956891463305
3607,0.18188528204153798,0.28422529882091446
3608,-0.043049289505864875,0.30622312797184165
3609,0.3680927694082386,0.32864225248637197
3610,0.397054337238253,0.2387639362054805
3611,0.2960336638345142,0.35786062862879553
3612,0.2562791323431982,0.2500930422017498
3613,0.4129967472328405,0.3027349782976725
3614,0.2753466451813983,0.3567884565827596
3615,0.10280073320812771,0.24192020044167364
3616,0.05403030968381382,0.3281446811131348
3617,0.16248022199349288,0.3060111075101365
3618,0.09683361473239606,0.3398474407695126
3619,0.49411942558017685,0.31744938329551164
3620,0.7550899152007313,0.3108330526374348
3621,0.48081095492191744,0.3119266635190689
3622,0.6212249625017988,0.2862671488733064
3623,0.6440089572455812,0.2693335719263632
3624,1.0875724890243086,0.21960633511140576
3625,0.3887300161734025,0.17612268802368383
3626,0.24612776091788766,0.3105620819584899
3627,0.2215143860894164,0.3483361110910244
3628,0.4498832644267463,0.3346364351403726
3629,0.6857557616739502,0.32699473117896694
3630,0.5377716169510091,0.3348697217406536
3631,0.22393909236768755,0.31841016254652427
3632,0.4882617428362493,0.3243720587232411
3633,0.04191915983121541,0.36516838841449134
3634,0.22728237875311563,0.36165866649512346
3635,0.01138830025808395,0.368509713400286
3636,0.26331047533484075,0.3314211804821508
3637,0.21638279182739772,0.36659180570022276
3638,0.39334808516791403,0.3864008515385677
3639,0.24157756822306323,0.34366276849015404
3640,0.36531071146532784,0.35098768310006306
3641,0.7150745280130502,0.3268680911193992
3642,0.192308879843511,0.3693642948551214
3643,0.006563578011389928,0.3086839167038286
3644,0.14305925362227895,0.2824981481734809
3645,0.1747365904598541,0.37973901294017753
3646,-0.07292974691846707,0.28409425337398525
3647,0.17373935127626353,0.2799517342373137
3648,0.31146590872746294,0.2671438394145202
3649,-0.17227216841908893,0.43219933785835457
3650,-0.08348791771940281,0.3461592512262914
3651,0.40168653715944236,0.2982467681695529
3652,-0.01726941202065087,0.3395411912870303
3653,0.13289212115991297,0.24279208956622422
3654,0.24465816027969073,0.22991900829867967
3655,-0.044525040920866524,0.2514178979260453
3656,0.2744630735796082,0.23578219652057184
3657,0.08118164091391604,0.3640086398490545
3658,-0.1429450514692454,0.31902660901899
3659,-0.100079755740167,0.34242404029100054
3660,0.19619465219082247,0.24924421694503504
3661,0.46483448627289153,0.17929530583617245
3662,0.24145541543911056,0.2780986039809614
3663,0.4941932896270311,0.20428704505036085
3664,0.37419253423585813,0.28946940907259794
3665,0.25444872994832457,0.26151491813546873
3666,0.3240835846305114,0.2129533852130977
3667,0.22905375354301138,0.3033636100421967
3668,0.16409189558311657,0.293869695245955
3669,0.06214940414071034,0.27409478175299035
3670,0.5754147039074489,0.295679754695837
3671,0.6118264927999325,0.29463209405815177
3672,0.48272979555886314,0.17501834115578566
3673,1.3235377526189624,0.272256597273245
3674,0.9078182168680393,0.23947347366604224
3675,0.3349322776638314,0.1591731667321724
3676,0.0883655076416132,0.3258676877740549
3677,0.05166230097577702,0.3109469171431042
3678,0.2343509324035203,0.343769300430216
3679,0.4052730120871433,0.364402090982177
3680,0.25708599706583307,0.40197512736538243
3681,-0.024516143528296307,0.37182057259258555
3682,0.21179398472800265,0.4042531604351761
3683,-0.03911575949656457,0.3232668036032433
3684,0.07803791121734037,0.3177722789243998
3685,-0.14634406527018903,0.32559577191171496
3686,0.08158385387368644,0.29226407237085295
3687,0.04806926268201802,0.3184002940623143
3688,0.16425336277036526,0.39089336536756397
3689,0.06409922800645138,0.31274361645107684
3690,0.14921701557092135,0.38277796462881314
3691,0.6441185320668505,0.30381789050403396
3692,0.04586169346632533,0.3182002294971754
3693,-0.08161107698393814,0.24785531234060248
3694,0.017863470579648284,0.2906315410428242
3695,-0.03553958862976704,0.35794906555891876
3696,-0.12029011591320518,0.21930024848574609
3697,0.10958448013212638,0.23972731600927083
3698,0.2859988089722261,0.1947599591042437
3699,-0.2916160917473291,0.3701672235241531
3700,-0.1281971637684454,0.2631168938156853
3701,0.2515022949500204,0.29670409735466613
3702,-0.09041912543551515,0.2648717859131604
3703,0.24147640298971113,0.2737051944668621
3704,0.3597911288450821,0.2360731235664417
3705,-0.018354842400430126,0.1989976171660432
3706,0.38286333431529534,0.3441004227188617
3707,0.27453043312822234,0.39588664024679165
3708,-0.05508253900600183,0.2546241989508273
3709,-0.08997974706848787,0.30455777584480426
3710,0.32427104517143646,0.2838120834370547
3711,0.5200688230095266,0.18674609159885974
3712,0.22584482090723748,0.24366605493852472
3713,0.49094585470573715,0.22393861266542367
3714,0.7076636649496781,0.2695781453584187
3715,0.349503683423992,0.330251914313891
3716,0.2971699159695168,0.16999563525175604
3717,0.2750925388039195,0.2307365811702055
3718,0.26630090668296136,0.2683769742316293
3719,0.1439206678019631,0.2682201653923796
3720,0.551825229602147,0.25774182957418507
3721,0.8796018541060924,0.2824194220232327
3722,0.42613828664576436,0.22422911800070933
3723,0.9694556061045778,0.2891171609889089
3724,1.4343237694718665,0.18442179920651816
3725,0.5728842315574644,0.2988830527514807
3726,0.5345600449505028,0.3248473635650623
3727,0.47736615220070716,0.25080651602142445
3728,0.42072910239612865,0.2153666838432288
3729,0.44770441483677276,0.2249307876564965
3730,0.38506442342236197,0.2531990271762339
3731,0.41238741082190833,0.2484170958242525
3732,0.5151191393140033,0.3522521948176626
3733,0.47256282107351605,0.31018891086943307
3734,0.36174375714970675,0.35494053270988674
3735,0.38488706813970286,0.40295074260413494
3736,0.4833101117317491,0.3744275346409156
3737,0.4732973766352311,0.2717284487293363
3738,0.4827580466114229,0.3225521941329571
3739,0.34503495598017037,0.26191005685888524
3740,0.6708263400673691,0.18451176303987535
3741,0.41033999521947445,0.34794503043515385
3742,0.4104593710339131,0.3505680237245784
3743,0.4665863463958904,0.3107646696368048
3744,0.3177127745650491,0.3369991358411474
3745,0.3440095132447063,0.36901989853173855
3746,0.5540787855651542,0.33262165100082425
3747,0.4771786346357938,0.24890680694372197
3748,0.25458870589918614,0.4053557891765563
3749,0.42533686716125424,0.3342636987445179
3750,0.5495894878760067,0.31144867831843226
3751,0.3502463926649815,0.35765201654835016
3752,0.6509887372396785,0.2736174914468302
3753,0.6998350704258158,0.17205599981431396
3754,0.42497395914783104,0.2833627420298924
3755,0.4143724651982597,0.1989789805677538
3756,0.4481073726735593,0.26551745489866385
3757,0.09627673709411963,0.27745507539061
3758,0.3596000388624527,0.27003560570933965
3759,0.33494503550535054,0.18109154012087636
3760,0.608243125149813,0.17041191105796638
3761,0.4208633529507128,0.24076456966864587
3762,0.3280644162572834,0.20996385082743882
3763,0.357416957290577,0.16460529217234718
3764,0.6924188766141103,0.17972485241476718
3765,0.7224988827364796,0.23666242393380543
3766,0.4241083094356718,0.2979977095235286
3767,0.6895487861014111,0.25155091851521455
3768,0.3573393540985331,0.32931550664593545
3769,0.558356942916469,0.22310273739527323
3770,0.3792033900216734,0.2341757547927881
3771,0.607428701703079,0.1957630056311035
3772,0.48338251979485114,0.22092918426222602
3773,0.27557234179354656,0.16400671378893494
3774,1.4572752190864864,0.3653682633542547
3775,1.3583523982106718,0.41942388669491815
3776,0.9594479041210718,0.4026504449872101
3777,1.031062357276755,0.3573932613957909
3778,1.529690173658634,0.329587178955416
3779,1.251341815566289,0.3756803408673219
3780,1.171231641938039,0.41454628756961853
3781,1.2753563353480133,0.5289917548836561
3782,1.0929911720834082,0.4063360905306235
3783,1.0674722347560233,0.4189411991484588
3784,1.273339148028226,0.5406815779187744
3785,1.1855737539436306,0.3558768528183778
3786,1.2327089286744632,0.43352711017695683
3787,0.9485396983446437,0.32070549861748693
3788,0.614312655314275,0.4437400088002482
3789,1.1191519926160391,0.46221681503577233
3790,1.0174806036611574,0.5029503797037885
3791,1.2140834792932294,0.45091483680501165
3792,1.095376600972475,0.4494046287499152
3793,0.7876015908116878,0.38915309291156586
3794,1.082626600725169,0.42587349261439866
3795,0.7547255518183398,0.5025378548033507
3796,0.9399672674980153,0.4596234618418674
3797,0.7654863241899128,0.3148386821122004
3798,1.0757158288245712,0.4927556487095893
3799,0.834238707174541,0.3794713489119195
3800,0.20649970929377287,0.44775547254809417
3801,0.2824019591572975,0.35965033918045813
3802,0.500297280058634,0.3776355572043192
3803,0.24780370699492274,0.36905656479672966
3804,0.05825926468004375,0.3965768733250093
3805,0.13247110187601155,0.3204064078503297
3806,0.48631822509321315,0.3278125153423346
3807,0.2613007393717854,0.3330933836396569
3808,0.4419540104956318,0.283232899975535
3809,0.48532250825559864,0.3342068850949998
3810,0.35974259238062795,0.4097413518106765
3811,0.11389147356087431,0.2360789065595296
3812,0.18511879281446558,0.2962521277473077
3813,0.669455306141152,0.37337438112167354
3814,0.691655569619532,0.4353901283613531
3815,0.3939832739088673,0.35385319323641024
3816,0.38081576600439027,0.39910503257873076
3817,0.36828644943856054,0.39144156187110446
3818,0.1112104184232941,0.3845986006276462
3819,0.5643353560857538,0.37299902393763607
3820,0.3576430604265575,0.37724036238061065
3821,0.05416477335228719,0.25740105414431724
3822,1.3799302194637653,0.397966832486617
3823,0.8623822671839656,0.3699342123938274
3824,0.8129573826578288,0.3649635902625821
3825,1.3391596244555484,0.30175696051320416
3826,1.0953506309785486,0.3690805977731756
3827,1.2090248545963143,0.40938216507986513
3828,1.1995461451416847,0.4459713350774652
3829,1.2756693985851517,0.40082827493136464
3830,1.0276333727428446,0.33553625102202056
3831,1.3590985909942777,0.455010477086924
3832,1.1454457181824447,0.3388573576788306
3833,1.236609159532989,0.36415067613282626
3834,0.8773387780892198,0.32571538785938464
3835,0.6630147838224043,0.46958732897681355
3836,1.1715866372487935,0.33879015297554627
3837,1.2200618576367026,0.3583243153902593
3838,1.2365161945924994,0.32151402694813813
3839,1.1737251021167632,0.39858609359327246
3840,0.8746200449314614,0.3369386411643199
3841,1.1368115768208802,0.33718012014334553
3842,0.7759684075532108,0.5512936930940096
3843,1.103981838746098,0.44042364055995753
3844,0.945177053489221,0.3517615753797907
3845,1.1367068597448784,0.49053892431213353
3846,0.9458545461298624,0.41360318805767815
3847,0.19536645919968398,0.41434785430037013
3848,0.2689784214168781,0.3314825860756245
3849,0.6864223811722396,0.36795651970109955
3850,0.3513921484174102,0.3977930243446493
3851,0.10831213784861952,0.36929880983189994
3852,0.31384306628574304,0.36842832290258665
3853,0.5951634580641292,0.3473469227214363
3854,0.33683497344449803,0.30771853529666854
3855,0.45803846306448853,0.3167849743565025
3856,0.5570522124316172,0.29338161713090927
3857,0.3985954137929246,0.4834643858087986
3858,0.11501506703243426,0.23869429059678102
3859,0.22353167965726703,0.3228581533167675
3860,0.5939103448362423,0.4304369235855438
3861,0.7441630923067456,0.4430219487264749
3862,0.4422796998926234,0.34234228715410514
3863,0.48152266085218653,0.36612375770094874
3864,0.40021572173829717,0.405455888840519
3865,0.10531436728004705,0.3755207612075404
3866,0.5420535197723899,0.3672379415481334
3867,0.29970725196440606,0.42971918761035016
3868,0.024360414312289722,0.2602449965135668
3869,1.3724225123086653,0.4001575615115498
3870,1.1224722233691955,0.45013360276285325
3871,1.4663667434473833,0.4921499342940084
3872,1.5047435160342388,0.548817426460625
3873,0.8679728406643012,0.47025116080023205
3874,1.0353923847356155,0.5157264550366899
3875,0.8081321258654023,0.46788271634257866
3876,0.9857086765365095,0.4347564574532741
3877,1.1146431555242735,0.5631103764372702
3878,1.3654762255368982,0.5132336450817672
3879,1.1283222752864985,0.5127918248880184
3880,1.0487910271597845,0.4242301957949642
3881,0.681207567478989,0.472920483774152
3882,1.057504151427093,0.5236455055513712
3883,0.8714474566949916,0.49324871484078375
3884,1.0936323092340023,0.4783486653438735
3885,1.0433542831322358,0.5167502247826945
3886,0.6351766087586425,0.4448899202724192
3887,0.8873449159328016,0.40170773701926415
3888,0.6478412050535955,0.5380379973353274
3889,0.6270778109955707,0.5059649349992571
3890,0.5206769692188803,0.39303774543516207
3891,0.9356423482372008,0.4611325659242941
3892,0.624452975799687,0.43211748138800443
3893,0.08823929232150465,0.4120414674274039
3894,0.20381713777405672,0.355078130248659
3895,0.355330371702656,0.4159085258966258
3896,0.29642060979036877,0.39262869232884284
3897,-0.028691847393649106,0.40856066400109387
3898,0.05526496036516914,0.37524849549618366
3899,0.2963636297080742,0.3469896737244674
3900,0.276547169764459,0.3398277302648509
3901,0.38238371162067575,0.26800379831242327
3902,0.4084998496551192,0.33052041128530446
3903,0.3211364908124389,0.352266173050406
3904,0.10263492179753939,0.2569579329740709
3905,0.17357709657118411,0.323168243771273
3906,0.5138985457320493,0.3696008453240518
3907,0.5707929706656419,0.47650135846423636
3908,0.27529694657795795,0.34806149689896715
3909,0.33001930586807704,0.3994067458453035
3910,0.38163991807654496,0.3854965257758702
3911,0.17370208970013912,0.39493143445919526
3912,0.5037640296179456,0.3635094493479751
3913,0.5191627103043175,0.39968483966016377
3914,0.15003183434398434,0.2838842477719262
3915,1.2000211829866172,0.46768449300491455
3916,1.0724311186235593,0.48269729285393326
3917,1.4204261460220247,0.49437993698314747
3918,0.6472850069510285,0.45429887890664516
3919,0.8270527377863346,0.45909931649474583
3920,0.542634943625057,0.4478661868874711
3921,0.8481279628343036,0.48448749042867123
3922,0.8519203303362534,0.5522286171397759
3923,1.2505608907305552,0.6004502788389212
3924,0.9085791472545113,0.4992422867565432
3925,1.0280651136161565,0.4984821319815335
3926,0.7503735198307857,0.4233226900237788
3927,0.8340286524885508,0.5751121518514248
3928,0.6097966097991862,0.47521823685958603
3929,0.7366876634953599,0.47450880565140824
3930,0.7990646864708738,0.522943632684625
3931,0.4877456069610505,0.42027865932744674
3932,0.7282305192722758,0.4166617345198583
3933,0.6027765986816045,0.42245133006794167
3934,0.3648886292375773,0.49163319530808663
3935,0.2932548390403233,0.3690743607251756
3936,0.8318136049284075,0.38674686424527377
3937,0.41652708677977507,0.429296094663626
3938,0.10793787352769604,0.3926266852115911
3939,0.1535455275713994,0.333820681467059
3940,0.3013443525965626,0.3511602678528388
3941,0.36670533437178005,0.3357236267791583
3942,0.03835210262152216,0.4058924395301501
3943,0.0327342971606151,0.3177377894135964
3944,0.20857464064023143,0.32192783049360946
3945,0.38600738821540925,0.31338676456754505
3946,0.41281431160886567,0.21296144134869205
3947,0.4618905702942352,0.32194916696821413
3948,0.4023186203693263,0.2373247259187595
3949,0.22820895382501155,0.2566622625860643
3950,0.2556500007057347,0.3408390822462423
3951,0.49270083432732986,0.312281370747364
3952,0.5589752734515909,0.3981186744648837
3953,0.20833033968814646,0.3438984345115692
3954,0.3586852848965044,0.3761747446173324
3955,0.5061602565956935,0.40223750807813385
3956,0.3849948802333289,0.40158466538051196
3957,0.5819568622108786,0.31664375850754384
3958,0.7255800741620376,0.3514808288896001
3959,0.32177870858069924,0.29589451768203284
3960,1.1540288148646298,0.41572292999315913
3961,1.4591670566245727,0.390160116865352
3962,0.736701043721673,0.4049170792875216
3963,0.9360679828053885,0.4285511930815099
3964,0.6409091312299011,0.35117107413125115
3965,0.9781825556379872,0.43084732940998366
3966,0.9563527974828523,0.45950811423784643
3967,1.3564521168392403,0.5045199608108817
3968,0.9973784538587124,0.4437429840885691
3969,1.2012401067736067,0.486851080821264
3970,0.6828038155140149,0.4020382957655485
3971,0.9557523754488794,0.50906138827097
3972,0.6161300060994059,0.45197775759458464
3973,0.8366409781524325,0.4490612197379829
3974,0.9237119372824255,0.46275527939017114
3975,0.46234743201042555,0.4650419507689206
3976,0.7012205439131787,0.45991410118530995
3977,0.5017303860133777,0.4061961735093157
3978,0.4601502550419964,0.3991094298421795
3979,0.36300600600592975,0.3090849195301865
3980,0.8318132438518375,0.3666229660191496
3981,0.40544890321420185,0.4146503860618696
3982,-0.036198258713906445,0.37843338855045755
3983,0.1667350304712037,0.37777173945812664
3984,0.21267490763427005,0.4048477929239338
3985,0.22054194464431673,0.3228770946918181
3986,-0.12014994156675438,0.40431685798480543
3987,-0.005910254274097407,0.3870701573573609
3988,0.16138418882650585,0.3419373982121621
3989,0.22506669743661856,0.3963858402902096
3990,0.3158050136694353,0.3088750810332969
3991,0.289982647793729,0.41417133976353054
3992,0.3783302888624622,0.2450176890308218
3993,0.05564962444834871,0.28319799585670935
3994,0.07887532902466753,0.3100072716960275
3995,0.4480483422330787,0.3394180987225663
3996,0.4043123837818344,0.39354976634248506
3997,0.14133319710333536,0.34720603468496636
3998,0.17315971346727593,0.3861396258894033
3999,0.32997841057740285,0.43206763957832556
4000,0.16723351414693413,0.42723340933042026
4001,0.5172268840467864,0.3409496025962203
4002,0.6799044920706094,0.3420490999567305
4003,0.16327827579075344,0.34052738330900834
4004,1.577042024747199,0.5377684358907979
4005,1.055161000937929,0.38055305882375723
4006,1.1945609654750764,0.43706726622881487
4007,1.0239923280762022,0.31422343905185973
4008,1.061118728188099,0.3808467566605906
4009,1.2153348120622698,0.41928866276268995
4010,1.3752131258037708,0.47128206305555226
4011,1.1937870173710345,0.42514713878206084
4012,1.0570962261796986,0.39929216554441926
4013,0.5573200659696009,0.42394164827478964
4014,1.1805926247923404,0.43369590377949313
4015,0.9457228063507084,0.44513343857264526
4016,1.199828679538624,0.45035276454339673
4017,1.1517618922413229,0.42077255828443727
4018,0.7699559997985399,0.43635735051151925
4019,0.933154614216551,0.41730053188099314
4020,0.6453391355278174,0.4943754601323347
4021,0.8912085236168652,0.3810701809619573
4022,0.6520392536701217,0.2946060023217159
4023,0.9153908644095793,0.4244552956627528
4024,0.7198801397259075,0.40357357423418805
4025,0.03475894964366964,0.3957945971690608
4026,0.12973812663116654,0.340539534008406
4027,0.39205822892047926,0.3889225451216156
4028,0.13797014616399345,0.3889939045901215
4029,-0.08228960386482949,0.4188892788780067
4030,0.1151521256162291,0.38019662549684496
4031,0.4231957729978078,0.3720455435626417
4032,0.176448620255674,0.4175882408327801
4033,0.25812410028140337,0.30751472605255825
4034,0.35945669870980773,0.39068105440136697
4035,0.26961181419274843,0.3808865275230879
4036,-0.05809513174327631,0.27726817684841365
4037,0.05747938475678534,0.3145608478921813
4038,0.5258491833051795,0.33909061327247264
4039,0.5542288487726587,0.4260156721258254
4040,0.20219345426043453,0.330740686640446
4041,0.23728549537786495,0.40292699856734154
4042,0.2601490033488778,0.4053205229518962
4043,0.0007542689834838695,0.4459558436649647
4044,0.43298705644701463,0.3516657155396524
4045,0.32592510588892404,0.3611025311528986
4046,-0.0533026080976898,0.2986313214902951
4047,0.8700147360128984,0.43423085968626357
4048,1.0601722141191845,0.49268041485548036
4049,0.7822892352159257,0.41688045389141487
4050,1.140253238671159,0.4577350846581419
4051,1.0853760512623194,0.5249260337695146
4052,1.5568552771385504,0.5723976822246283
4053,1.1254060765137714,0.49603998213415584
4054,1.1868860164627937,0.46560440273840137
4055,0.696768791493479,0.38547597375252285
4056,1.090263482907606,0.549654732327757
4057,0.8247390902515892,0.5042714172032944
4058,1.0348254811281432,0.5014279115241732
4059,1.0535090923315389,0.5095800395887825
4060,0.6076388558162523,0.46737041371175975
4061,0.8045092086837639,0.45651828638445524
4062,0.6464957672226262,0.4092058528059445
4063,0.6064573981979371,0.4601221552455951
4064,0.4403670159568401,0.3286539961347724
4065,0.9487475388049745,0.38974476619627385
4066,0.5138571679718444,0.4704267844831019
4067,0.0025539541327643475,0.4106372975671912
4068,0.12491383581960107,0.3709513189622994
4069,0.36782794242138456,0.3727436494316706
4070,0.3252571140380763,0.3146013000929957
4071,-0.04626703488628801,0.43873593970970687
4072,0.07915594821589013,0.38297000538987663
4073,0.3101674617623439,0.3435628776684276
4074,0.3027988626999153,0.3881256556354697
4075,0.3806870842913525,0.27970238485824905
4076,0.4245325895475887,0.39963275639046875
4077,0.44835111439935943,0.2548041981280742
4078,0.11747432377395611,0.3119853771783089
4079,0.10633671445586818,0.3272875975374153
4080,0.5040211912431752,0.3464444028863214
4081,0.5891834707502277,0.4124312932724231
4082,0.1908334040884755,0.3556240009197329
4083,0.31355043521239084,0.39124306970228284
4084,0.43275873526239084,0.4364136728809836
4085,0.18633286888557832,0.461101145495408
4086,0.5437721289319862,0.33111193719181037
4087,0.5757382544158983,0.32197364062944434
4088,0.16046330707474782,0.32464811732642845
4089,1.2875712788326186,0.38761474295122084
4090,1.3507190145643198,0.280838559905966
4091,1.0449769610414397,0.374832104292073
4092,1.2890555971576718,0.3189057986296903
4093,0.9892155654295591,0.39311828018579764
4094,1.0849017519204585,0.3602143799454878
4095,0.7984412674056295,0.35299396966218854
4096,0.5437129753219258,0.4115243008005337
4097,1.1081102273177603,0.3232665425087521
4098,1.119988481855484,0.31910280157866355
4099,1.0208132418952827,0.3918554404939176
4100,1.0021085872322029,0.37762846632526836
4101,1.0797696947389064,0.2843432669755186
4102,1.0912394118715014,0.33450326537683395
4103,0.7388653965795119,0.44529846663140316
4104,1.213168344695986,0.3418472417704858
4105,1.2030479577073203,0.25959165526827
4106,1.0064395603513876,0.4053188779260995
4107,0.964461008362392,0.2682080028364987
4108,0.2406329091409139,0.4345406339112498
4109,0.3133757762181139,0.3286495406213226
4110,0.7166312762483612,0.2500065373894885
4111,0.28320256794604637,0.28907493167285897
4112,0.19185195723380402,0.3939306703620022
4113,0.3996439124850384,0.3671538517053834
4114,0.730230189954065,0.2740802118044718
4115,0.376536991287232,0.26806800868280195
4116,0.40952549218760215,0.29079162741972814
4117,0.5834801185045012,0.25414357257864373
4118,0.3210240284835296,0.37943251449488524
4119,0.10283024140072211,0.1919564286386412
4120,0.22791788695858378,0.29420122838568935
4121,0.7041873092612909,0.40060217302658313
4122,0.7684115664806759,0.3378549024264253
4123,0.434562889570826,0.36752414229831626
4124,0.5759770602515536,0.32838709780521375
4125,0.3651516672336871,0.4589898903473158
4126,0.11131961520564165,0.36127834016768406
4127,0.5878031715106561,0.3714925721746471
4128,0.1750516805854579,0.39136507510778035
4129,-0.06706315288761559,0.2570602893192506
4130,1.313920271801011,0.3682781169516441
4131,1.275673006910499,0.43141816118776266
4132,1.490423514576671,0.4594558702378729
4133,1.2752304088317314,0.3598439631245412
4134,1.2213416351983408,0.38493985247330115
4135,1.0029524794737659,0.3770073232511007
4136,0.6688530353085788,0.3753911386246446
4137,1.3723132762272383,0.39836934040047184
4138,1.0172154098834705,0.4384636632009633
4139,1.0686488317259142,0.4227681405968495
4140,1.080499966423075,0.45532321297034317
4141,0.9288382306871031,0.4118672478619396
4142,1.1324210789635936,0.39495902364248636
4143,0.7311100812928895,0.4734713865714064
4144,1.0220634804461317,0.4324727031881809
4145,0.9567381439795897,0.34705371359087944
4146,1.1094915651844748,0.3995667280478973
4147,0.8279419423211176,0.38401844811201113
4148,0.15550940307576624,0.4278994698632545
4149,0.2681613491649824,0.34940092934875383
4150,0.5052446143916598,0.3473220365456127
4151,0.23455499066065297,0.34681441934294704
4152,0.010514331185469449,0.4127644980190349
4153,0.21812292512648807,0.38456563180448633
4154,0.46034928148233,0.3503349365015355
4155,0.2726794802793504,0.3248004898546393
4156,0.3548033460781611,0.3057393335766084
4157,0.4261251744843935,0.30938254792024933
4158,0.32590729084344056,0.36346947204205154
4159,0.08042982915846544,0.21226024216486394
4160,0.17971164578900828,0.2848676602609835
4161,0.6980285833511115,0.35198831345384757
4162,0.6405221083575076,0.41588357755892963
4163,0.3651363708046358,0.3199257878251684
4164,0.39696644929745906,0.36491823678705365
4165,0.3478195840119693,0.4064371211360585
4166,0.09876362073861347,0.3466862707765143
4167,0.5866223173031924,0.3366721185091395
4168,0.36298264845320466,0.387053209798343
4169,0.02518981022084949,0.2603155944618226
4170,1.105385594299319,0.3616617827030503
4171,1.391108630738199,0.33282467457651893
4172,0.8768119763297733,0.3756316881010825
4173,1.1544189747987543,0.3005539819235379
4174,0.7682679327431212,0.3316252805892045
4175,0.4312015855071768,0.4372125446921926
4176,1.161015973065096,0.32838386823944216
4177,1.1258588526276525,0.34505725514936203
4178,0.995771553520275,0.3468628245311574
4179,1.149666001272136,0.3138355735002805
4180,0.9571147256894147,0.2917088826385201
4181,1.0044717914779957,0.360023533487309
4182,0.6377586072007335,0.4992671083143673
4183,1.6301280828829625,0.3601566195812157
4184,1.3081954352519998,0.2700710700513925
4185,1.0570635375547235,0.445183250455584
4186,1.218494878814436,0.37061267346234766
4187,0.10687764262032054,0.400793497926571
4188,0.14620028867379614,0.303847186507446
4189,0.6091757413292712,0.3107988833397159
4190,0.14282417568962902,0.41371965986852444
4191,0.010922342879893097,0.357570324202368
4192,0.332154063118711,0.3903257003469129
4193,0.667820891077818,0.29239396491146225
4194,0.18098753419369878,0.32936995128949703
4195,0.31196139765393194,0.33027687716063797
4196,0.5342760168078421,0.3443402303581949
4197,0.32241075517085704,0.45864242058294946
4198,-0.07899579527610784,0.25097399392485964
4199,0.05669760502823119,0.29519373983630076
4200,0.5318550265326571,0.3665681762120622
4201,0.6228295302865823,0.4177508534665129
4202,0.30042777419789995,0.3629456311387818
4203,0.4151281558353989,0.3884587201819599
4204,0.29409804337631645,0.487505837729765
4205,-0.061279564393391626,0.35978465181545954
4206,0.4605010783073868,0.3876865434659991
4207,0.10525845751932958,0.3934496579827009
4208,-0.1465287778595742,0.2737929391501268
4209,1.3827229317404368,0.4301931188433934
4210,1.2501458489241963,0.4482047721597583
4211,1.1555716383357435,0.36208924420462507
4212,1.0806442120442836,0.39280163870018464
4213,0.5776897561809017,0.3272104355729519
4214,1.3555200446414082,0.47512968566672625
4215,0.9205755496226001,0.43590926308127603
4216,1.0156747461570381,0.36224736465609714
4217,1.0727282337117634,0.41989464629389106
4218,0.9221230254593268,0.4721234013277095
4219,0.9664262889784501,0.4962188490658216
4220,0.5991119532232121,0.3958485453112586
4221,0.9222508910485469,0.46767960601479025
4222,0.716330516964698,0.32398288869713804
4223,1.025002895135645,0.36974122142421983
4224,0.7211697578802161,0.4291930246591869
4225,0.07160950073913978,0.4793767388286191
4226,0.15160199499725505,0.396089192321638
4227,0.45584442644964585,0.364391242867664
4228,0.23481853441729963,0.31492557918139086
4229,-0.055715968435764957,0.44341233991873524
4230,0.19116874074328571,0.5247807649433543
4231,0.3835956259932795,0.2894940718294051
4232,0.2409081380447332,0.3158577421935888
4233,0.28566965328300914,0.2986158110843972
4234,0.39715453026921943,0.3808674717810341
4235,0.3264318992092589,0.26397679754884446
4236,0.03413669326296944,0.2305622138672139
4237,0.0665102058581521,0.3879856460090668
4238,0.552600971897846,0.4856021210466867
4239,0.5948063581218176,0.3772736268176667
4240,0.2501553118778177,0.3660990985196623
4241,0.43225177210749227,0.43647903924638926
4242,0.32102310211308044,0.471719686751615
4243,0.08276979523434647,0.35075414292971585
4244,0.5661527446135193,0.38366848487178423
4245,0.3760532246005868,0.355476880561794
4246,0.029966583102212892,0.22419398824731937
4247,1.337653145036237,0.4080236906808283
4248,1.4376106654319163,0.39013186650193343
4249,1.0882515807892872,0.3375132241400597
4250,0.647691930994909,0.4614070257661172
4251,1.4725526121714216,0.38217731573868435
4252,1.1160522130674877,0.3789909228895225
4253,1.1311250619709377,0.42777497644151363
4254,1.2547976145100255,0.42506588130995354
4255,0.954618099174102,0.36551367324311934
4256,1.1729568158973909,0.4398612337709574
4257,0.7148371074471321,0.531087894659896
4258,1.0981184813737084,0.3556332671802842
4259,0.9953933761678158,0.3068766301392335
4260,1.2435129832183967,0.4680092699427656
4261,0.94434126681292,0.39454568812575996
4262,0.14975805910771653,0.44667755657553004
4263,0.2596839848758836,0.36707376882102516
4264,0.6062718315792556,0.34627769172606315
4265,0.24933012363594248,0.3667117833983735
4266,0.036444370642234915,0.41231549575376275
4267,0.25320987368564635,0.39689143371626684
4268,0.5344488383303256,0.33179178606408
4269,0.3148341981585118,0.3119545350296312
4270,0.3665110705911948,0.31751071477178067
4271,0.46254011615109053,0.32960214750291544
4272,0.33561882782632046,0.4012896293571572
4273,0.052165477926073615,0.2103580413465116
4274,0.1328773499445119,0.31314385750524915
4275,0.6179003557032017,0.4160590140790121
4276,0.6670432233780754,0.41544021054518787
4277,0.3595462695406112,0.36760128387016805
4278,0.4276948729250333,0.39215052738797385
4279,0.3177450415837178,0.47319885036612963
4280,0.09196090663154616,0.3419468337932466
4281,0.5691227704109306,0.38056609976126915
4282,0.33198753837822537,0.43362638878312126
4283,0.0018823998668762276,0.27223352776273163
4284,1.3119122437871558,0.3723467854577525
4285,1.5036512317166943,0.5155708421457682
4286,0.7421263508574072,0.38807815188271444
4287,1.40825372542801,0.438584382792194
4288,0.8960789128485919,0.46418527261518644
4289,1.1125222057190838,0.39987578601737894
4290,1.0648632297490055,0.4520336390097293
4291,0.7603192239880051,0.468746354271712
4292,1.0425663926701791,0.4125595425979373
4293,0.6921056068182115,0.4209304739987729
4294,0.6909120938286135,0.466500810448192
4295,0.5908301053553648,0.3756080015610283
4296,0.979619400152266,0.3567002797426977
4297,0.6013923045462912,0.4755686410137352
4298,0.10777668485664574,0.4564099423451677
4299,0.2518625061773098,0.41426833703924326
4300,0.41432147172344713,0.40966221116359414
4301,0.2698953344531684,0.35769211987441674
4302,-0.022115168450676213,0.4813097773213436
4303,0.12851135283953607,0.42913347105599814
4304,0.3348126800137279,0.42983806083031495
4305,0.340562861636454,0.3882669486463996
4306,0.31037257442203187,0.28501702329110024
4307,0.3605262917097947,0.38563840653025816
4308,0.29385983945329536,0.2783757555488177
4309,0.11438481456956663,0.2759789487521753
4310,0.17352392377775297,0.34848810148500575
4311,0.5959118312642114,0.3443740218989037
4312,0.6130722975229165,0.4019015704429203
4313,0.3229286410905358,0.3821094548921835
4314,0.37094738333142924,0.39022645558317115
4315,0.3821832281550402,0.44385356441974594
4316,0.19778773862963991,0.40241301260373996
4317,0.6137672609477648,0.3723880625713266
4318,0.5122161967728662,0.43186206326273907
4319,0.09075291320018458,0.31551788224083976
4320,1.2734445597782822,0.2930072085752387
4321,0.5877633273946703,0.44723791467679536
4322,1.3559087429000904,0.3056803310136606
4323,1.0692511061077268,0.42633874219234386
4324,1.2023253138897994,0.4415088267332385
4325,1.4974287790053662,0.37930233819003467
4326,0.7723467588966221,0.3578251160041082
4327,1.0478100013056515,0.3963014830902645
4328,0.6072892924893126,0.5191257077519479
4329,0.9450935319742633,0.3627108845148865
4330,0.7931876566444745,0.30962117963993263
4331,1.1686451374415747,0.4524214385866419
4332,0.9052678335711225,0.3834455758436487
4333,0.15340179473262483,0.4310618092858899
4334,0.20895257913655307,0.3604266634534701
4335,0.4963662636782899,0.37308997412104955
4336,0.20762859704201536,0.35650983617244664
4337,-0.01196755769410449,0.36989558978856374
4338,0.18366756404915835,0.3891735992669726
4339,0.4274957263942892,0.3482440120907221
4340,0.23893096750451503,0.32350278966445
4341,0.37287003544855957,0.3155801971940353
4342,0.45198500634642463,0.36770153889473567
4343,0.353371959353469,0.4082221114020261
4344,-0.007478397260154199,0.22319594567569084
4345,0.09421605139015633,0.30124547306968436
4346,0.4910300643201485,0.39077729858026167
4347,0.5773293285337933,0.44915695437656056
4348,0.2870565871936135,0.3042200478096306
4349,0.3680963049151571,0.40203546162397946
4350,0.3554463910834581,0.4258889541987065
4351,0.07622746272427774,0.3362433486330395
4352,0.5324849818820631,0.41224711695117566
4353,0.3396166014205819,0.412551781217884
4354,0.03630684272506929,0.2521951508869753
4355,0.5571353341047417,0.3836825593154096
4356,1.1296545761070442,0.4189206585801383
4357,0.7245173740827683,0.3935068515416436
4358,0.9552698235846849,0.36495800058204925
4359,1.112487707011674,0.3158500705263638
4360,0.6064265850703427,0.41739385575488863
4361,0.9083569720649701,0.3875016210044019
4362,0.4728715073415911,0.41604213677805985
4363,0.5965096751607761,0.3750907823754806
4364,0.46052684292902096,0.33523063917067464
4365,0.9492295019223649,0.3049345817692735
4366,0.666166691484616,0.44190959855847983
4367,-0.03120779521769882,0.4021671963393042
4368,0.08267375824772148,0.39004855096772023
4369,0.2982857485417964,0.36524164750415367
4370,0.17161884532194824,0.32942803422756883
4371,-0.13894577372623243,0.4443418987938937
4372,0.11010047179933789,0.3940099818457014
4373,0.21404451326318966,0.37648084784876645
4374,0.246206886657149,0.3494646215189663
4375,0.27178262046521495,0.2696726808766954
4376,0.36198376088442896,0.37812714644000667
4377,0.24883803763433532,0.24756584059433692
4378,-0.008486762092578874,0.26991756023333374
4379,0.062395971398331244,0.30936602810002917
4380,0.3873927883256844,0.3170197154265681
4381,0.44568126432166305,0.37476622928427406
4382,0.12575281490304308,0.32659619616638724
4383,0.24494816103507824,0.3710809367490008
4384,0.2412451844578654,0.4595675953137402
4385,0.16146673428134228,0.3918857717428372
4386,0.4970376997193995,0.4115792075577352
4387,0.4240979991329946,0.3831998385123901
4388,0.06780902593930037,0.2993668081687185
4389,0.6202788305828536,0.40692981094437813
4390,0.5910910819690096,0.4732030452106597
4391,0.6819752025995093,0.41023822512324215
4392,0.4555852185705627,0.5015364723306468
4393,0.4726183380867709,0.3630251592811393
4394,0.6910210380665216,0.3660304033966724
4395,0.8622810452873656,0.38776759933679084
4396,0.31041790647025713,0.5351651173939607
4397,0.4112315091936624,0.408043050219654
4398,0.874624894777096,0.34378630790784664
4399,0.3257451257504066,0.4265746476317378
4400,0.3098898190655958,0.3148772042605296
4401,0.46750891208036305,0.24564635124179565
4402,0.5637051138008607,0.38029632173175526
4403,0.7898459239170698,0.3073736287508194
4404,0.3270953075555391,0.4117286400896304
4405,0.28124244028549045,0.3513360044928777
4406,0.32050260406055503,0.3715132143678308
4407,0.6370125148595908,0.2968142534667727
4408,0.633365872926979,0.15934316635377177
4409,0.4953673177139732,0.3417393409135749
4410,0.7228690641878782,0.2185977516486903
4411,0.5964113044323928,0.24937408186410634
4412,0.5023525078803253,0.2792191276451431
4413,0.6849075235368531,0.29024505135228595
4414,0.5938221491458986,0.35560633288848986
4415,0.4896145334021407,0.3011944272670204
4416,0.4294155024685266,0.3235475700870154
4417,0.5890790760422491,0.35984432126074667
4418,0.5462164005371117,0.37068087511667625
4419,0.9468386276460439,0.21289298169769624
4420,0.9837623325452753,0.32187534262738704
4421,0.5352512430526487,0.29167767719909615
4422,1.151658360906411,0.39374070501379616
4423,1.263919892968816,0.3438030060177176
4424,1.124853510640696,0.39590008849049263
4425,0.9979382511743462,0.44888149927228876
4426,1.1676725879102414,0.4167864314912887
4427,0.6638944657378983,0.5010330828654471
4428,1.0578029866494119,0.48319164039911444
4429,0.881948941716877,0.3984667288135669
4430,1.0657784469860503,0.4210714520715503
4431,0.7643377129427168,0.37874669225033963
4432,0.11431010771619686,0.4347929474429883
4433,0.2399579377103875,0.36801796885907734
4434,0.522908812983548,0.38024571555804937
4435,0.21455971385718509,0.3564719410902371
4436,-0.052535681612007876,0.4347812783903116
4437,0.21668880947811497,0.48354192934138857
4438,0.4230503768722232,0.35928781661052067
4439,0.25963562031831855,0.33729388301969626
4440,0.29324868942647964,0.3138561493577089
4441,0.3633781071308771,0.3556052950104053
4442,0.2865943806207418,0.34911070065385125
4443,0.028255293534236545,0.22200643862666664
4444,0.05731700565801291,0.3296569056072149
4445,0.5653669838411994,0.41546082049598565
4446,0.5929460478116737,0.4214239673142014
4447,0.29958355432723377,0.3011285490233679
4448,0.4065339651641351,0.4115850433146072
4449,0.28153153380285023,0.4256868481027753
4450,0.05220110854448431,0.3296974557038242
4451,0.5527086146881107,0.4186768235098991
4452,0.3170948129172909,0.4148763130171591
4453,0.009913594314605194,0.2567513364281701
4454,1.4081511305510828,0.4728378815971075
4455,0.9709402214670843,0.413762045299295
4456,1.0409784277866052,0.3150290032413941
4457,1.1675067688275411,0.2872567540361106
4458,0.7029584623683798,0.48964591613510844
4459,1.0999757656375027,0.35856963216591037
4460,1.0145725315677345,0.21065517583623974
4461,1.0227939977152012,0.4159096499339754
4462,0.9383757337764487,0.2913209218607669
4463,0.18142173478414025,0.42405912122029094
4464,0.2364440619298994,0.31708797620647633
4465,0.9353643692808423,0.2716322214108783
4466,0.49955986017229426,0.3065945152815058
4467,0.173365539710472,0.3888090861205145
4468,0.39461856914683896,0.3350701290010136
4469,0.7333334238896583,0.2590235274072046
4470,0.43726904848483344,0.275071059740629
4471,0.4226204404041758,0.28578251170724467
4472,0.6011115661616231,0.226834225403384
4473,0.5033123637271057,0.39015274981070547
4474,0.12543956884694019,0.24313586774844367
4475,0.13827446151422146,0.29842914018458433
4476,0.524717910921642,0.3868556463525909
4477,0.6483939210891321,0.4192301723718624
4478,0.3480149804063023,0.27612395351089825
4479,0.5268820761495798,0.29779738049933363
4480,0.27242999871496487,0.33583596175369657
4481,-0.009499279415296684,0.290612304594671
4482,0.6137284549212539,0.3685510321987943
4483,0.11617616744727358,0.3786008069616732
4484,-0.07780298700673807,0.20292421123958848
4485,1.025871234265699,0.4498981602744398
4486,0.86781721556368,0.38349276138343485
4487,1.0896017027722182,0.3544844041151989
4488,0.7096874832331103,0.502417233941714
4489,0.9390808870835209,0.3938850027925828
4490,0.7810603051706183,0.29979344529232504
4491,1.0665570475086832,0.4080908213416381
4492,0.8245105651436109,0.3696110735711046
4493,0.1323080170197007,0.4238895733079884
4494,0.2828253104386863,0.3729827160747848
4495,0.5927183434526981,0.36990732906898316
4496,0.37225698435548793,0.32857937784542085
4497,-0.02217762223778325,0.3800857490002517
4498,0.22251669546511757,0.40955239920883685
4499,0.4273019509676591,0.3010775174460643
4500,0.24636488100828732,0.3516896579600034
4501,0.42033960145000276,0.266350078440051
4502,0.4136093783281531,0.3350196551097636
4503,0.4679100060776006,0.3523475029117831
4504,0.025853602753393896,0.2524365471611009
4505,0.050551817775151206,0.31522280596792607
4506,0.5050492233555217,0.35805990964755213
4507,0.5247391113466334,0.4404287551658278
4508,0.3124733392655664,0.2793319334701611
4509,0.36284399086872593,0.3878656743602146
4510,0.2279009068910859,0.34923920430606753
4511,-0.05702073987569954,0.34223621470523136
4512,0.5294054674065488,0.3614177659080112
4513,0.2677760086579727,0.30685245106012765
4514,-0.0012879481262428809,0.22358540630978407
4515,0.7666120153787784,0.3781883075298338
4516,0.8725106278636975,0.42713814906666325
4517,0.5854766343070723,0.5307279118344072
4518,1.0222136162093063,0.37013792562461206
4519,0.7962157182388592,0.3013190608120994
4520,1.076506754854253,0.49451675455700966
4521,0.9301323101420653,0.338068958587768
4522,-0.1054364383784496,0.41883809336289557
4523,0.036197127364366304,0.336115502578041
4524,0.41655127426812133,0.36621597466046024
4525,0.09984281309268835,0.40959887407011686
4526,-0.15958456163555138,0.35705137103286855
4527,0.17460081289961282,0.4047003930432889
4528,0.4138650753434716,0.2897025781983738
4529,0.15806874391924966,0.3490742504475878
4530,0.2653855314627511,0.3530752802704103
4531,0.4288627546586529,0.33681594419670224
4532,0.32642180591785075,0.43931606522319433
4533,-0.11224627105534572,0.28493238319093583
4534,-0.038438999387048076,0.3337689608378695
4535,0.3369485318547986,0.4351099284104812
4536,0.5436604865917445,0.46885420690951335
4537,0.12790269753516664,0.3190164630597579
4538,0.29786615285940726,0.4133258317754444
4539,0.2226001570831596,0.4389317385183468
4540,-0.04270888696566429,0.3544893494357798
4541,0.37929088340512773,0.43309967894939705
4542,0.2505298900673157,0.4568208916192047
4543,-0.0448827254718268,0.3117550131162371
4544,1.0660137456448475,0.3267552861210665
4545,0.8234754115375983,0.37969180418691395
4546,1.0964302387940796,0.28969828551371063
4547,1.0545586582751447,0.20436748008564423
4548,0.7571996401274005,0.3020836948010424
4549,0.8903316393932561,0.1731378099736282
4550,0.19157270307819757,0.47873604607229486
4551,0.1944182262590623,0.36103026754505124
4552,0.8330124143566817,0.24790034425970775
4553,0.31705738663361444,0.2822103231935483
4554,0.18048737465432668,0.4650988486792802
4555,0.6056437915692836,0.500603683768552
4556,0.7355077094117299,0.24043298482827685
4557,0.5042051476230281,0.22801997287954806
4558,0.2639139308005494,0.22864788341071943
4559,0.5743700586946509,0.20976682944864736
4560,0.2337425913222357,0.28584167832335067
4561,0.1734176596800645,0.17900945356302495
4562,0.19609287344921142,0.43524865197335755
4563,0.5988431933193715,0.5028351627423487
4564,0.8434269278291967,0.2522564569838031
4565,0.36843562553128645,0.3367273868349134
4566,0.8348735821096231,0.3162945565669624
4567,0.23712932374630577,0.3262018754158233
4568,0.09630907429362327,0.2613259509962949
4569,0.48904187396477944,0.3574548217339621
4570,0.057696980556723204,0.3279976440569564
4571,-0.13655479135056853,0.1814907336068056
4572,0.7858722073533141,0.45724246864243684
4573,0.8974425972139978,0.3494630526081174
4574,0.9211708196706995,0.2464980867301158
4575,1.0340001144035074,0.36763301429429496
4576,0.9521345522289465,0.2908292299509409
4577,0.3096863584046411,0.4533018887884864
4578,0.3571373300962577,0.33250581786296163
4579,0.753606970711038,0.2174973314887243
4580,0.40897313758017473,0.23967096789764605
4581,0.2719276655800897,0.44507801473107056
4582,0.35790379713569115,0.32240610622712335
4583,0.6844529334063338,0.31700136245686095
4584,0.5021236965278497,0.21612594161520812
4585,0.4564801737819424,0.22174504305874462
4586,0.628431273951953,0.19780936275938554
4587,0.3442888524930261,0.30249483367507735
4588,0.25959166640918874,0.1786765119774053
4589,0.361056521986531,0.29926132989332865
4590,0.7150666870659426,0.3753941013311225
4591,0.7557059854226857,0.34947730105323616
4592,0.463819869088018,0.3458316948050373
4593,0.5625549162044715,0.2941888710022332
4594,0.40785439646431876,0.36203315052625695
4595,0.24814796857718338,0.2979251315306237
4596,0.7867689031712123,0.3454045617153431
4597,0.2664641197902941,0.34543760227495013
4598,0.07331811976582915,0.1777081722660327
4599,0.639683455166745,0.5097274798625177
4600,0.686280891927596,0.39666276933518607
4601,0.838542097475716,0.449744273649056
4602,0.6326638440360743,0.4488354104808113
4603,0.29349741904615373,0.3542158872192078
4604,0.40271650081020377,0.2803837716123951
4605,0.6298937142575848,0.3788775315538119
4606,0.4547116097388242,0.33796405212654457
4607,0.2322608114237981,0.4134287715624381
4608,0.22226855674671928,0.36813403618016205
4609,0.5923866685982945,0.2646624805159371
4610,0.48682811784641344,0.2626666955564267
4611,0.5078662131625546,0.201819229912495
4612,0.5530292748400836,0.24496916569538313
4613,0.7013393101000065,0.2593434931124106
4614,0.4836864186308178,0.24846885247438255
4615,0.3674813458523149,0.28036949719630627
4616,0.8005897590226575,0.34542786856500945
4617,1.142856647710223,0.2704310909713706
4618,0.5260001953321545,0.2832216024791158
4619,0.6593179075502215,0.33923656754579423
4620,0.5252111476076051,0.2596524467561728
4621,0.358340971830486,0.29083755119084953
4622,0.6426173455759707,0.32602370901286765
4623,0.4231894285506736,0.32984759254261364
4624,0.33955364212299444,0.17632593185409715
4625,1.3502993270839654,0.23541124955577328
4626,0.8568327364053105,0.45077299251885744
4627,1.1604229795274568,0.3182487625774555
4628,0.05413031229724502,0.43402165487928407
4629,0.07560435062645812,0.32294628662143504
4630,0.6741842691764065,0.31766303484962854
4631,0.08644878787218852,0.39474385314967647
4632,-0.033030852207770835,0.35844210473629085
4633,0.45303158423071954,0.4450039120616746
4634,0.7120337418328351,0.2745920033598984
4635,0.14620476970398555,0.33307653778389984
4636,0.2477429896148075,0.3441904797578772
4637,0.5104793562843291,0.31246926372470174
4638,0.2804923728756265,0.47215924265635106
4639,-0.11552395243797131,0.2936050950599335
4640,-0.06279224681822149,0.37320524611564193
4641,0.44760600301684056,0.4626083418621688
4642,0.5913788211421279,0.3979665805469791
4643,0.25295439375054773,0.4027208781000749
4644,0.4332786382150922,0.3790720674498568
4645,0.15399883442327716,0.5094710229312164
4646,-0.1742746563655351,0.3604108846159426
4647,0.3249211404253029,0.42304530998681855
4648,-0.0674409440490436,0.45319010995363634
4649,-0.26019676121393676,0.32616103698243476
4650,0.8274447266392237,0.3709415498420491
4651,1.1743547494587683,0.23308735083549345
4652,0.2538223082655836,0.37163607506657265
4653,0.3559087634134345,0.2737888500079882
4654,0.7878745910537664,0.2614667762726743
4655,0.19474103811361917,0.32545155241722556
4656,0.1994226615168565,0.31592321985998045
4657,0.46323798825639284,0.3401787759477302
4658,0.8720307291221852,0.19128276604865677
4659,0.2946305632458826,0.25647160827822996
4660,0.3668957120261507,0.2886991081159906
4661,0.6625126606251325,0.245484913081166
4662,0.3121182729917949,0.3819276975655768
4663,0.07076740159675125,0.25796481121588427
4664,0.17023497891809716,0.30071626086638614
4665,0.6394987221678451,0.4002317119477692
4666,0.7064176164979313,0.34619172993748704
4667,0.524543422059308,0.3755948121294492
4668,0.6032174095640762,0.2898855779053734
4669,0.3071855848519617,0.3881306481597372
4670,0.003146749159675439,0.29652395757988653
4671,0.46298914420065734,0.2955133609027239
4672,0.03148232771273819,0.3728530649452101
4673,-0.1186721796628254,0.24115043109102302
4674,0.965523148800298,0.48525518599520967
4675,0.19817045880526415,0.3953371071746082
4676,0.2965025454198169,0.34046931508882344
4677,0.6804578991730372,0.32799556123916646
4678,0.49024046958632594,0.3490685892231424
4679,0.12331732153273019,0.37766099087352434
4680,0.2840175981601299,0.35063642955288765
4681,0.5173995498094787,0.3626890513305251
4682,0.4115456624421228,0.25319236083512303
4683,0.6362225792886403,0.24171518145237378
4684,0.693967892046008,0.31142273743170207
4685,0.6837861575350245,0.3456225308869178
4686,0.22356581188759503,0.23456397236936957
4687,0.2079325492398349,0.2756381599049424
4688,0.6512684481710196,0.3481890971495361
4689,0.7223223022331079,0.4226945524651087
4690,0.3822019395302686,0.3294971185401408
4691,0.4936312369001383,0.3617548401441235
4692,0.44779068540507116,0.4052314859422723
4693,0.24644138768189747,0.3508733005966942
4694,0.6860790970385822,0.3008651925226572
4695,0.5081584366542319,0.306422817624967
4696,0.21906289159421846,0.2522107915627161
4697,0.14523105709737333,0.36274551157321683
4698,0.1851678773752714,0.28777088155112146
4699,0.6266614845790558,0.2437152355865322
4700,0.15699168711550696,0.3422576673640924
4701,0.0822520297974722,0.31090280144354293
4702,0.32231339366951123,0.3148800145145017
4703,0.7280877539038257,0.2638413169301112
4704,0.238562133322271,0.2739412322741145
4705,0.3829196325747277,0.262816608603579
4706,0.7512627711715202,0.27113944622093694
4707,0.34277842715192103,0.421453166926906
4708,-0.008887792487843644,0.25316685170780884
4709,0.0750039122242839,0.2609944323300904
4710,0.4439488898407961,0.37364530557916187
4711,0.6340975164758746,0.3837483916624872
4712,0.31614485684415,0.37186681998782084
4713,0.49963482495422495,0.3087733002466262
4714,0.30857815717483406,0.421736375672894
4715,0.022799044756879244,0.3411544056548976
4716,0.3859545746302946,0.3317878490278535
4717,0.02020338315579575,0.383340608375318
4718,-0.07537220929760238,0.24093409014671183
4719,0.7769779706835603,0.18265138197859013
4720,0.4054073804986194,0.33096615857586786
4721,0.29003625304090225,0.19578842046638786
4722,0.8921867258521824,0.2491933361618119
4723,0.16691121066605935,0.29969822051841294
4724,0.41518593538550186,0.22962023826531897
4725,0.2850349410555155,0.2504149486553615
4726,0.4124657251032923,0.20935762698083824
4727,0.31910274296806534,0.26290585272866
4728,0.14410072792452644,0.18447009323065666
4729,0.3557238957749415,0.22509348318342512
4730,0.7792456844461432,0.22087935708117887
4731,0.6955733080710487,0.35923428388949
4732,0.3780786395887303,0.4083403442129835
4733,0.8045319207368513,0.23743373229707468
4734,0.4214612274989153,0.44418822388306345
4735,0.5586514779197136,0.17113979307249227
4736,0.46720660889854276,0.2583509536483145
4737,0.4760857990692538,0.32012471005702964
4738,0.14469991270035598,0.2721032193993496
4739,0.21439195931799845,0.23278975401299476
4740,0.31463847625664104,0.2119662631754486
4741,0.28316371316187267,0.1403177615270035
4742,0.5390830365379193,0.24401095185244193
4743,0.060606803724485146,0.2633257225912791
4744,0.3226597335960226,0.24372514071719775
4745,0.27025949177143366,0.19320297371133294
4746,0.5884433235918108,0.2022628658920516
4747,0.2600107300545499,0.15958109359433742
4748,0.2470330013931742,0.16932947571963766
4749,0.38842027773746135,0.1986923443110671
4750,0.5918440979418439,0.2193200730107509
4751,0.7590694851634374,0.21970792541277498
4752,0.3553089887955132,0.2734330930972237
4753,0.7474510946172288,0.2685401763621667
4754,0.24413472717903875,0.35763273750802355
4755,0.41937684016245946,0.18920268878049087
4756,0.3997313448267699,0.23695770179880316
4757,0.46652259187863,0.22319373374597679
4758,0.2819757423113236,0.2298929758167928
4759,0.35396092712360366,0.21830377906009676
4760,0.896513491002473,0.36905230752139057
4761,0.6887949396481986,0.4645984718456345
4762,0.7781503194502155,0.4004617174939361
4763,0.9368010103673476,0.2117835829394626
4764,0.9409353686984907,0.237568864332055
4765,0.5772389448494286,0.2401148678370781
4766,0.8606131548650434,0.20735792460950508
4767,0.520387131768962,0.37947988322621157
4768,0.5355470979801863,0.23917559789320297
4769,0.4205265898223422,0.2907949235172862
4770,0.50873611001871,0.32603794163142996
4771,0.7519021308307939,0.27976934647916196
4772,0.5386128597130517,0.25865677759138217
4773,0.8867939650890746,0.2625821138380253
4774,0.4302376566896112,0.26568360881192654
4775,0.2949197149121393,0.3000687267214153
4776,0.6757168621128226,0.3334310957140259
4777,0.051310021680400934,0.3316485515955156
4778,-0.00022593960761219358,0.20250794494212088
4779,0.6005437995071332,0.3466331923412198
4780,0.37498602409359977,0.24193537550508348
4781,0.3788225890573773,0.2210812610220898
4782,1.0234411178712137,0.22135906341113518
4783,0.6447065459351276,0.24231242905845546
4784,0.5336735941218378,0.255004229756777
4785,0.7808208964654624,0.2882628090680883
4786,0.8452762978320099,0.21342422638623418
4787,0.5369126071439906,0.23193079995871463
4788,0.4011540084190764,0.22279483575419698
4789,0.48289310771255883,0.3619651408416508
4790,0.3770855500484554,0.23004737487753388
4791,0.6087343363479338,0.3305445827461085
4792,0.43212405977029256,0.24873616991718786
4793,0.44948394586157764,0.3766583275397638
4794,0.6778643836131855,0.21246297742533854
4795,0.3868597013748944,0.24338340943160888
4796,0.33598690046667506,0.2811505083506664
4797,0.5991427888248965,0.40141829153910236
4798,0.7274987998771331,0.23566025307310695
4799,0.8211053518013257,0.4493546798580602
4800,0.44188991473945827,0.24514551319189015
4801,0.5328533864790851,0.32329362946811635
4802,0.25823954144755035,0.2441231446087049
4803,0.6648259841819244,0.3590785539019364
4804,0.7915025536206609,0.22957615178912702
4805,0.4254843082526847,0.34719466688616796
4806,0.45988429002139114,0.5015168422674308
4807,0.6033832851691664,0.25072189412765755
4808,0.6316180310888525,0.5627038865683339
4809,0.6088600429226375,0.2443178965622556
4810,0.7116500760339272,0.3665167061874061
4811,0.646119612344446,0.43162406265684605
4812,0.08857041517514151,0.35336455591361304
4813,0.2291935514685793,0.3121785626320956
4814,0.5814261420975245,0.2643981281444131
4815,0.6236311624529024,0.2506671972835155
4816,0.20519071988532,0.26396407527366683
4817,0.5235027579279855,0.3380628138010513
4818,0.14194233004973475,0.2933788216506318
4819,0.23392949187276477,0.23559991416628664
4820,0.18457907595876802,0.42473112180475825
4821,0.0945523311882087,0.39112645708279686
4822,0.32361835281274165,0.34590322995297695
4823,0.3135923692584955,0.2445575605454784
4824,0.6351539722010907,0.3862728639154456
4825,0.27477810688079074,0.36414334126723963
4826,0.2759411905918286,0.31398675282018523
4827,0.30309413338199737,0.3332270558879821
4828,-0.05766716893863997,0.33605305318864886
4829,-0.11224273867293155,0.20615918652092144
4830,0.5889734372604444,0.2060349360802911
4831,0.4162608842430667,0.21110924080286672
4832,0.8809439461317946,0.214239706782326
4833,0.4289877746190953,0.29321970040857603
4834,0.3213522572051963,0.22278843569904194
4835,0.37038497125750597,0.26608321476691055
4836,0.5573145378643004,0.3282511073165322
4837,0.7481686526609743,0.20883352605865502
4838,0.45321919052668186,0.3268792719503475
4839,0.6696261315939062,0.2698566589203995
4840,0.5285774344782459,0.39735429995404764
4841,0.29843904353232675,0.37574555893952555
4842,0.6814962614736626,0.2686909054563638
4843,-0.04832572036014343,0.3694643369881109
4844,-0.053725653531758136,0.3084318079010458
4845,0.42631734889812095,0.17018018212389596
4846,0.699972144932349,0.2572777757754775
4847,0.4316000179965936,0.25587981919405683
4848,0.9918996823774124,0.2907073608221651
4849,0.5925269511682708,0.3019848810970789
4850,0.39715578114564437,0.25045322193943315
4851,0.7124144698164586,0.22949046638801723
4852,0.4740267827323127,0.24821205084673467
4853,0.9562030638869058,0.3351089194733807
4854,0.5171475233647334,0.2140857443228357
4855,0.8048666742245814,0.3378556745628848
4856,0.7169800906468764,0.2546625373605919
4857,0.2771371665185335,0.28925372466018107
4858,0.2677195538479744,0.24086510595939611
4859,0.611300201055247,0.1716532011389008
4860,0.7714198466971854,0.19942980019768755
4861,0.5180653032267715,0.19765643982829287
4862,0.4044064258720853,0.17196058084423774
4863,0.5420499104956346,0.1704923270050514
4864,0.4892530341175572,0.2498494378558598
4865,0.4369134216637015,0.2307954579942225
4866,0.38143417335195234,0.3119927251510495
4867,0.5329904051741234,0.17433592415106863
4868,0.43071745973924475,0.30632684106006675
4869,0.6139832340124879,0.13918482769218843
4870,0.4753186880755962,0.17866014372106107
4871,0.5573046956618509,0.20656519679638666
4872,0.5287005401613535,0.2509749032230365
4873,0.44546223619712993,0.23115079387473741
4874,0.3732922323088162,0.23163974273864965
4875,0.48518939433054226,0.26767342638179575
4876,0.7514780172590625,0.24235321513842076
4877,0.47256395855969446,0.29597750759326036
4878,0.8364851587473604,0.34650723556810403
4879,0.7686624876672743,0.2847725213710282
4880,0.5678196687982014,0.33685945035109555
4881,0.655055938328368,0.25254749282825967
4882,0.23706526010680745,0.3204662070274118
4883,0.22697984476642544,0.20160892782820916
4884,0.49886554553824625,0.2600579416333297
4885,0.16241949737249456,0.17487954370224376
4886,0.37810996851540846,0.23457522967239586
4887,0.5173785137891214,0.31054536923339876
4888,0.23130046504296553,0.20061157979951857
4889,0.32984654823018567,0.2575562311304608
4890,0.45957633401828696,0.20059976427165066
4891,0.2670962292978655,0.2783168708150436
4892,0.6195700052833052,0.21603758038750606
4893,0.5541134285625074,0.17713825131567706
4894,0.5845784535707607,0.25038691367480714
4895,0.6660947516494887,0.27836616761317867
4896,0.43055651668327427,0.21349927358847856
4897,0.6592508078420288,0.22984732254695972
4898,0.5124571679356008,0.2367289179149252
4899,0.6433616609363602,0.3221149581100109
4900,0.5600134512486729,0.2764667267991541
4901,0.9911040085622116,0.4187185669965112
4902,0.5724389960109316,0.21861158961441945
4903,0.4218725520358361,0.30187284577118184
4904,0.7033709984214114,0.23527352732467335
4905,0.6841336469014396,0.2504452864808172
4906,0.5218561015260618,0.3590868347128727
4907,0.7531802923042288,0.27765155531427077
4908,0.5130662449590843,0.5403707036664608
4909,0.5516853791097864,0.21413290691184012
4910,0.682766249362378,0.3485518346643308
4911,0.58486178955102,0.2675034486527508
4912,0.31458554173276354,0.25685144913898117
4913,0.3010179763680591,0.2544267169607124
4914,0.784572764315873,0.3758216262879956
4915,0.7218948692711394,0.26456126850075384
4916,0.5152529785152707,0.4352021943622535
4917,0.5754671753809412,0.2589375687565657
4918,0.4616537182357554,0.2480705630348864
4919,0.7149142855014955,0.278361119983513
4920,0.44212483923565965,0.24806495855425628
4921,0.26518998794760623,0.16952625553698003
4922,0.6280115574701203,0.33064962121051045
4923,1.0526812106969579,0.377546613673333
4924,0.6254919720257566,0.26001463462403124
4925,0.5892792336954353,0.3714744135746669
4926,0.5978706997102483,0.31466326600696704
4927,0.29379310063045666,0.3609579645484432
4928,0.3106665546738865,0.1800559358140817
4929,0.7291728793887007,0.3227883674344568
4930,0.6587545267401372,0.331832673141363
4931,0.5000547377955501,0.3153274156825128
4932,0.46813394077109016,0.29359587486847305
4933,0.2369113942584028,0.3011307201257375
4934,0.25443402740418164,0.2654219680648688
4935,0.5650726771307439,0.3109011263623127
4936,0.5829288157138611,0.43428348934434835
4937,0.4835805634066351,0.33504072458997497
4938,0.12448838576657746,0.3197580160281581
4939,0.11730595708925949,0.2519196835429428
4940,0.8825060745638552,0.27247366942512924
4941,0.7269540907413806,0.3222884942951259
4942,0.5370974370188404,0.3525973108768175
4943,0.5499610224366167,0.2997443178153847
4944,0.6018339642897884,0.30653263172868106
4945,0.5692286923702422,0.3585070059709587
4946,0.7555524755792574,0.26068194486909
4947,0.6054505471927988,0.2195362701995577
4948,0.3653609319110952,0.22527874984454355
4949,0.7994693335614852,0.28102469139883407
