,ROI_001,ROI_002,ROI_003,ROI_004,ROI_005,ROI_006,ROI_007,ROI_008,ROI_009,ROI_010,ROI_011,ROI_012,ROI_013,ROI_014,ROI_015,ROI_016,ROI_017,ROI_018,ROI_019,ROI_020,ROI_021,ROI_022,ROI_023,ROI_024,ROI_025,ROI_026,ROI_027,ROI_028,ROI_029,ROI_030,ROI_031,ROI_032,ROI_033,ROI_034,ROI_035,ROI_036,ROI_037,ROI_038,ROI_039,ROI_040,ROI_041,ROI_042,ROI_043,ROI_044,ROI_045,ROI_046,ROI_047,ROI_048,ROI_049,ROI_050,ROI_051,ROI_052,ROI_053,ROI_054,ROI_055,ROI_056,ROI_057,ROI_058,ROI_059,ROI_060,ROI_061,ROI_062,ROI_063,ROI_064,ROI_065,ROI_066,ROI_067,ROI_068,ROI_069,ROI_070,ROI_071,ROI_072,ROI_073,ROI_074,ROI_075,ROI_076,ROI_077,ROI_078,ROI_079,ROI_080,ROI_081,ROI_082,ROI_083,ROI_084,ROI_085,ROI_086,ROI_087,ROI_088,ROI_089,ROI_090,ROI_091,ROI_092,ROI_093,ROI_094,ROI_095,ROI_096,ROI_097,ROI_098,ROI_099,ROI_100
ROI_001,7.254328619247669,0.47272517402498243,0.35042771195496125,0.4359388350236476,0.3442150406466046,0.325852627689223,0.5990209918305972,0.3717971747045724,0.29564610902458616,0.4419387984454523,0.3978421972261981,0.45721844035484194,0.3797355811253827,0.22878631044051218,0.18490972866571592,0.5702035187703668,0.4266637797731364,0.3942712437166679,0.31454153642827826,0.4953480244277385,0.3415167110691546,0.36627894326725563,0.3561878129451191,0.49068365516348283,0.7373439857812901,0.35349449256790805,0.4743559041216331,0.4469489757752059,0.3890589500102369,0.3518047152993229,0.496958106147161,0.5673655350218985,0.5819459465956652,0.3638316969787444,0.18718776100461926,0.4968696877770129,0.46706258527400496,0.7603910033179713,0.4747089987546345,0.5580763419044966,0.4132090231431588,0.6226683173519112,0.0808569082329467,0.7113404715651809,0.23028146660874912,0.22218478386866758,0.1432343515118393,0.16840679410593612,0.48556084271713396,0.4823079409662882,0.568307637686277,0.3938159193295045,0.5220214081234457,0.37542386526751714,0.25092075544681786,0.20579543127246394,0.3181764964455486,0.2639876885899194,0.2712913991086676,0.31046618956790206,0.36447931332252004,0.2369849032817625,0.38674550017740794,0.22410424192862366,0.39588836493605606,0.11781958513822986,0.47352360844178226,0.29209318131746626,0.29486022263226125,0.3254874216929723,0.3508836816841261,0.08762618547281273,0.22332130075650616,0.41023460888555846,0.36371329995361046,0.4429094830761749,0.4477778787124094,0.37381212305542194,0.3362453704810975,0.3904380782074019,0.21246640098952083,0.25000608992940804,-0.14119226528935946,-0.2800862909960158,-0.03958387102579424,-0.15013778245997256,0.48447351475994954,0.29916645215639565,0.42286026866712223,0.3270939110230008,0.3573759533781977,0.540864112106531,0.37296084672877816,0.6265113468910707,0.09062003400486879,0.49213359913681176,0.10136465371653555,0.19206249278060564,0.4630948376836422,0.5394425661954972
ROI_002,0.47272517402498243,7.254328619247669,1.5055248786755435,2.2462463260684205,1.6741223167181853,1.3908410315306663,1.1024724347031374,1.8382215397465855,1.646836962809597,1.8341943389098518,1.3779075028407703,1.4509934624614398,1.4375647107928293,1.1584972294450644,1.2018836151158656,2.30049678156241,1.349851604449092,1.6822014260694502,1.505499067823236,2.1979701989590192,1.4648088380745554,1.0945910883544832,1.0301183285631408,1.1797161223486703,0.8624396494726568,0.1871389893423767,0.765890068080596,0.8391536113012924,1.49278057834975,1.262227963981718,0.9884823298560073,-0.0942768871949076,0.38840849173149855,1.499324763244442,-0.05350810622279568,1.0544635731779597,0.9663530689406314,0.38109357810010575,1.0703381414354811,0.9330074247288848,1.0637424669484166,0.47672441505253726,-0.37739125252596334,1.0479629097929744,-0.18172158678549838,0.17237501851080564,0.13015905535509834,0.07761183533010761,0.7760045800618358,0.44458335008276045,0.8187723124393547,1.9380993463612093,2.188159532720994,2.0334572170383005,1.4322064306339193,1.2053626043048355,1.9310059302992566,1.6416372909625108,1.3594499091941143,1.4080537438855438,1.0515101720842623,1.3401089337728653,1.526798188250847,1.4033647156532096,1.7382180763623303,1.0725720451553244,1.1563747468564012,1.5166162630241693,1.4007395414186454,1.788565821418573,1.6455380668954178,0.9086696034520025,1.0739623764938195,1.3820125995272774,0.9238038965165923,0.6379071898248978,1.9071856540322836,0.845308953992255,-0.004897737110538769,-0.09433797230442645,0.7791588658996722,0.8651662906227686,-0.5762238415712013,-0.7376893594153848,0.164084744112696,0.3964456599932671,0.8491166361071032,0.8367592402087206,1.2114591453879888,0.6459798504136509,0.2538102441508912,0.9621268570067241,1.3526069001418222,0.3020320262663898,0.8446819201747523,0.8092612618245689,0.129429825640271,0.9285466256495819,0.9180091189974431,0.441934992167639
ROI_003,0.35042771195496125,1.505524878675544,7.254328619247669,1.6032649451344616,1.5325244739183543,1.6137865801456492,1.11643154702923,1.9520773102370168,1.7489594775212849,1.5494200665938669,1.5574665391423792,1.2112300397947255,1.4631685200398545,1.556057289556397,1.567068465581722,1.4441804094895045,1.1871173217860773,1.5855809605728741,1.559096003908443,1.6526283435424562,1.6689424931312484,1.0553864140844011,1.1692522964616119,0.870656011222481,0.7393002704699787,0.17157060308537386,0.6742333878660678,0.5869597586154067,1.3313762198122696,1.040340988356792,0.8344721907882863,-0.12667702455354318,0.3837504540599709,1.1003456733536532,0.027834597900763848,0.7282574373649592,0.7234782307777676,0.3913995789492176,1.0887305792874902,0.7799592623079366,0.836655014862046,0.4841936916375122,-0.24554839899988765,0.8968384605517412,-0.17370204227153607,0.2755828133951649,0.17601813831240132,0.20867126596178162,0.8185939013384144,0.43632312483755786,0.6801050691661122,1.5042423091033026,1.314484179129585,1.5420416510521966,1.5452066899823225,1.4488636475835235,1.7173841786574393,1.6694584795781655,1.2325089488498795,1.3193295565531904,0.8541799391724932,1.3839284722804992,1.4856124416235137,1.5806634749933821,1.4580529444578252,1.414169998447895,1.0107313090599224,1.3736789043907744,0.984029521087708,1.334541928208206,1.477803551237471,0.752715549619432,1.0372827438708405,1.0247945321533136,0.7093349697508482,0.4236635799988043,1.364751905383929,0.6832701395545301,-0.10118623735819397,-0.14462314212108363,0.4701512459552801,0.592849561994454,-0.5975891253259299,-0.7087418698297804,0.015774240557562293,0.2521791744789067,0.6197764144470347,0.564770869293295,0.8507951874401852,0.4681055148165651,0.19564897733932526,0.797929291090041,0.9674223903910578,0.15037292002064728,0.5983052571092622,0.7161590710209826,0.18866264004458386,0.851435514321432,0.9481100799805822,0.4089654651207198
ROI_004,0.4359388350236476,2.2462463260684182,1.603264945134461,7.254328619247669,2.181457948499199,1.644191759614227,1.2461632963181477,2.082092969111081,1.8861569867208574,1.7440933324276353,1.4604973383265147,1.3097813229095185,1.3918392746813921,1.3046364374737245,1.350510101981343,2.0045215710812663,1.3311809465731774,1.6842602031399054,1.626427107647469,2.191106602023937,1.4487159366852742,1.168782374821846,1.0962859921024253,1.0976734669444648,0.7403431000991495,0.11389739595345942,0.7040461278704441,0.697065116108542,1.3988409591341535,1.1854658762844534,0.9421314729481819,-0.17141688946322944,0.37582134956916224,1.4410624751875771,-0.03703131782821372,0.9555853943018326,0.8477794610989975,0.34071405247779407,1.1515374697343133,0.978641587886754,1.1932043533226713,0.49306007036029437,-0.2994438214524503,0.9959186159051026,-0.2140708843469046,0.23044684881197278,0.22582707984772815,0.15660435363218136,0.862657829321164,0.49557196076064614,0.7292401315078699,1.7750623543389916,1.8152331588140014,2.5291991680936374,1.7075247586098978,1.3206460529419435,2.1060828282546518,1.911382988683745,1.2507075294178749,1.3263411527281332,0.8953521851744687,1.3166439156440148,1.4123248189524333,1.6069550406778081,1.589424974949791,1.2259067100926286,1.2597770977016596,1.4599344314386484,1.2279387441705423,1.7295951410069554,1.6059830647317435,0.8519415332340794,1.0266607884420222,1.410396904236694,0.7543558082319617,0.48422649445766,1.727556744271221,0.7112072647198499,-0.1014393059846707,-0.1891472168312626,0.6612182822503718,0.8511191145059979,-0.6596872902421954,-0.8058034387323793,0.053894235411030035,0.41929237154992655,0.7249840654359795,0.6992206410064822,1.1001143956753572,0.6843042384791342,0.21796840222950845,0.8627081901585247,1.3225001665160396,0.22937490518433162,0.808700676522034,0.7765084627942129,0.1956533594563277,0.9161483794251271,0.9952675161299432,0.4755364924506553
ROI_005,0.3442150406466046,1.6741223167181847,1.532524473918354,2.181457948499199,7.254328619247669,2.0565145225704424,1.3362685605271254,1.9469070732207647,2.169298621037472,1.4094679978739086,1.3368247112159775,1.0309827721585407,1.2368727624001474,1.4733081498543128,1.5295911121447152,1.514340262310746,1.1504179859289954,1.4850693531390253,1.5846860318281923,1.765347540043191,1.3598085376640017,1.0830012064603833,1.0538884350869602,0.885616511359472,0.5492179513714929,-0.027137037455080053,0.5976089583329373,0.5119881222686564,1.1721317335656798,0.9649627033286596,0.8426107417908152,-0.23115725091055717,0.3522139216004718,1.1989097319987165,-0.03863412248443724,0.8229527707991818,0.7688985845448018,0.31786099590127015,1.085168865978922,0.9429347392174058,1.2739018197408776,0.45262036382479914,-0.22445593685965243,0.8829473819637594,-0.22879601362131108,0.34645293528878124,0.35309688618228335,0.2940637099453919,0.9957953398974082,0.5832496084240149,0.6478484146748631,1.4791266544008441,1.424275466990501,2.438114829340991,2.14635246000643,1.5235610360181837,1.8657408012584646,2.1496449198088543,1.1025571007369463,1.2064388987456325,0.6965490727686627,1.234891571871955,1.255597164619559,1.879287785968741,1.434216788191372,1.4353297646385754,1.396597577397216,1.3510489565542436,1.0070810989091072,1.4999899603812938,1.4602461400315707,0.7605393387498598,0.9148790750651551,1.3093963916827471,0.5627775334997245,0.314437609997995,1.4075914302437824,0.5106547290379319,-0.18433247884362683,-0.22697950372982398,0.5340964204444623,0.7949420333387041,-0.7069873831623953,-0.8582416083419473,-0.07187944593253147,0.4480792410729525,0.6368584098470305,0.5422167191204175,0.9192997841090954,0.7474471687122556,0.21602800221616408,0.7663785768047496,1.1704989307970541,0.1896416988378899,0.742965630664824,0.7312233844418278,0.3238818603876702,0.9026887718688389,1.1671100545533784,0.5414242445880105
ROI_006,0.325852627689223,1.390841031530667,1.6137865801456492,1.644191759614227,2.056514522570444,7.254328619247669,1.3935813325614177,1.7642083070172592,2.1240486804838974,1.230607433145199,1.3092476888802445,0.9396570855314956,1.2281937259944227,1.5758115764093825,1.6950361083550123,1.2719660357634917,1.0375710903048343,1.3197888668572997,1.4893938539698197,1.5666745424454682,1.4083442938113209,0.9621308034795185,1.0050927548802873,0.7289512456661056,0.48727169407855897,-0.05380389757794298,0.5543882766494592,0.4309264369151534,1.1444184364239767,0.8640119276206436,0.7571048946481582,-0.21890230229306104,0.3082213491057967,0.9489675877765351,-0.07312757252152345,0.6904283158720783,0.6982507167136756,0.34279131615033825,1.0239459619090403,0.8604011942587535,1.052926371814918,0.4816009271846565,-0.20374960162317518,0.8656406485740634,-0.25238466723015396,0.4675404833029896,0.3376869646938618,0.35757498417016453,1.0702592688747188,0.6394831128960593,0.6094552501721437,1.3849366532488292,1.1878882278123135,1.8280081355077145,2.191916786799993,1.7598848665110955,1.661625104773789,1.9650565277612624,1.0591605222941045,1.2398668195062532,0.6550258587614635,1.2571776275737148,1.2830550024038807,1.9583097331000519,1.3559952714564687,1.5919032270871296,1.3290866746662067,1.3162526603255549,0.8414372323046863,1.229171659577025,1.3818682793018926,0.7117400528421841,0.9064439049341413,1.1468381750826908,0.513372628261208,0.26906884470853115,1.2485905972417304,0.45595688279092855,-0.21981495932318693,-0.18418787964782005,0.39525773148119686,0.6075658052556595,-0.7235072395062591,-0.8689702152670099,-0.12549519390691471,0.3545934757735114,0.5716060526797112,0.461658392133431,0.7620362499546008,0.6954484277047492,0.23600304129855829,0.7908142168320091,1.0089730265343164,0.1719656666182155,0.6268447765599774,0.7167171199510194,0.42038934501191527,0.8787296493051543,1.289250182645476,0.5610594682003672
ROI_007,0.5990209918305972,1.1024724347031372,1.1164315470292299,1.2461632963181473,1.3362685605271258,1.3935813325614177,7.254328619247669,1.1949350739089009,1.1784818987733379,0.994341054475429,1.095069203550203,0.8392969070074114,0.9564600771427708,1.012341321850322,0.9792328390046512,1.1477745476323575,0.928258756997609,1.0374585468680089,1.0401923391103596,1.2801142734782662,0.9740020548572258,0.9478411700434101,0.9078584643330165,0.7438163397861255,0.6394253906056658,0.08219205061937322,0.656663548198976,0.40656564907069886,0.9091368363247765,0.7149575855828204,0.7168016987903607,0.0036346191890217184,0.49491052281381903,0.7635225438744143,0.05237591708774591,0.7138487928153386,0.6051407354140775,0.570887945005967,1.0301779999956815,1.0935724437491845,1.077508683549252,0.8017649083236825,0.011558525125208254,1.0142794017085626,-0.11923073410170094,0.5637673054351666,0.429560228714255,0.5309778624046635,1.5162694184838768,0.9344462979925072,0.5363093134437165,0.9488413355415799,0.9775641236894032,1.2185181526834417,1.1429076545518537,0.9869018124841016,1.0374663792397123,1.0594731927549625,0.6635185666042364,0.8131096775906022,0.5243452810974648,0.8088685168572587,0.9090994689768404,1.0309832819194604,0.9757148822451728,0.9199863290075926,1.2957479429673766,0.8692275274137301,0.5807799988477061,0.8555617091674039,0.9827970622713571,0.3797323280801364,0.6039919443231256,0.9674975150876948,0.4089585759418188,0.22332001156252707,0.9998560723206293,0.37048622228502615,-0.16651521399046404,-0.08063627533674718,0.18747192420354172,0.4206466856268568,-0.7515580738441257,-0.9318388307816379,-0.3393159478476715,0.08339443441508082,0.4960416958879802,0.336092081622128,0.6466317470498755,0.6268903193844056,0.1962107092544923,0.6356647133339578,0.7976121938256417,0.219727675398779,0.29995945112876066,0.7231229938227512,0.46537508855883924,0.5616264260066934,1.4418818741754242,0.8726010108484327
ROI_008,0.3717971747045724,1.8382215397465855,1.9520773102370168,2.082092969111081,1.946907073220766,1.7642083070172603,1.1949350739089009,7.254328619247669,2.1445949995960225,1.8426640447404399,1.663927190605789,1.3043545359123805,1.5832246974445985,1.7205557175543729,1.6760442352476232,1.689357977047971,1.3111495603872785,1.9754071387395684,1.8596642491028734,2.0195334169994186,1.832704022117481,1.1342721596686425,1.2428989683218092,1.00473543843001,0.7276429569776189,0.14837967012181616,0.6955548188075902,0.6486098940369703,1.4408955800377095,1.1284660175048389,0.9323060815404287,-0.1703692925229801,0.38833988006807496,1.334544521122544,0.03542480531691231,0.8054055092845802,0.7513053298253408,0.3355681223926249,1.1471309594677581,0.8803100659750196,1.001886344262948,0.5054029729516822,-0.24451700883308372,0.9015653538495848,-0.17967970855517956,0.23369846415222606,0.22585312477321665,0.20553419266684633,0.8028589207493224,0.41865725845273477,0.6601107271492616,1.7229100870315728,1.527092763657502,1.9561227204739922,1.7763258906107502,1.5631882679280487,2.1441464853166736,2.086053521083678,1.2602310894427295,1.327689642397706,0.8712490105985728,1.4066880511382982,1.509580792426236,1.7901430420311368,1.7247361847208995,1.4884795279607914,1.1142985971960195,1.4869611412159367,1.1208974847758342,1.6127050631264266,1.7191950963857432,0.7812870329885355,1.0411590239924897,1.1456854731462036,0.71301113825006,0.41833206318480076,1.5950616365534434,0.6954176797010433,-0.12547567541163854,-0.2258067639405311,0.5682245583264505,0.7231382677185112,-0.6190557029731729,-0.7472845031650869,0.03450801657324547,0.3595336408040479,0.6544499768286116,0.6388815545402988,0.9780286004687412,0.5262091061151979,0.1898213223957444,0.7782119948198476,1.0828747881842662,0.16486309566786203,0.7132929054925916,0.7276746832822838,0.16968683636646437,0.8912827541408932,0.9512013172200617,0.4053400935569517
ROI_009,0.2956461090245862,1.646836962809596,1.7489594775212849,1.8861569867208574,2.169298621037472,2.1240486804838974,1.1784818987733383,2.1445949995960225,7.254328619247669,1.4298242774332375,1.3972737189247546,1.0825899041990026,1.3408658919105307,1.6116423263554607,1.726062646317837,1.4396108109961805,1.1422064100502598,1.5727586123559016,1.6391447062485032,1.7687261634987386,1.5924137910905032,0.9987881017012092,1.0206174196832054,0.812709565758123,0.5462064861934222,0.014098912514758364,0.6200243000461997,0.520517713687506,1.238714350036356,0.9411886771467363,0.8209493261981763,-0.2510373921289427,0.3265359340195334,1.1655113189884527,-0.0690844945042744,0.8282939704870893,0.7747980037464279,0.2837954561208409,1.0356208447302728,0.8123758902194549,1.0177583241063959,0.41303296536602563,-0.3079853855645435,0.8429388367710159,-0.22079442509048802,0.2934755478113216,0.24154726936496082,0.23617060434060022,0.8865027589638046,0.5060291315898965,0.6479574822048737,1.6343758420656453,1.408611117337047,2.100313172147142,2.155883971649694,1.772096602131375,2.082936086582161,2.433175523103146,1.2051128361337862,1.3401354461422277,0.7678036328024148,1.3788149927108748,1.405828501982221,2.0548550617823422,1.5535993350795094,1.5795772432463915,1.1864536224258508,1.4585908030522288,1.0314324906749541,1.4616217835570406,1.618779860014804,0.782719851117597,0.9834799878253462,1.1582712096166932,0.6243932803044953,0.34738961365898563,1.381526613856157,0.5598413530626556,-0.18761607235152755,-0.21880406534303357,0.5204227040490846,0.7187645563221933,-0.6482575710398408,-0.7959017878082489,-0.011681130797905028,0.3934386716343505,0.6315456170105755,0.5561419688233881,0.9170879160212526,0.6314559792848359,0.23278301519866584,0.7801764132511557,1.0904979092694764,0.16257899968107326,0.6950110091851714,0.7263885623034583,0.26193863947544554,0.9389267316029523,1.1175508163497867,0.4705956808343042
ROI_010,0.4419387984454523,1.8341943389098518,1.5494200665938676,1.7440933324276353,1.409467997873909,1.230607433145199,0.9943410544754293,1.842664044740441,1.4298242774332375,7.254328619247669,1.554476162429669,1.7027663300775036,1.598713354580785,1.2583836536916626,1.2437781305678555,1.884975364147404,1.5119227642246862,2.086836749177099,1.6520414566306791,1.8726382211713477,1.5542017475716985,1.2333703741708908,1.3117589873403788,1.310598287740891,0.9440514020762161,0.3277075782669037,0.8673936826023101,0.9133740614268043,1.4767232544908804,1.4204988873219533,0.966968252629929,-0.05687986639483053,0.43178743409647957,1.6464940528385617,0.08752978437759705,0.8652537451046053,0.8750526413472488,0.40303847523278774,1.133844305433086,0.9163280704890221,0.9336660152863773,0.5230545479052381,-0.284413899205188,0.9608012570913145,-0.1460909855531618,0.10401176892251966,0.10483548787007552,0.06540384805332966,0.6383436424851214,0.3106473669708407,0.7297548698104006,1.5786550345814974,1.707833498095951,1.5166272915804029,1.2370029731789238,1.1032575155218411,1.611073151507659,1.4305111620107165,1.343464241047729,1.273436630092521,1.1043855727141993,1.3079908577197326,1.482951509469435,1.3075671263922621,1.7141076647330413,1.1094099089340563,0.9822060732505776,1.4258843971821893,1.3862346866119668,1.797450504016528,1.5923646378314145,0.8589399623822264,1.1046512014150691,1.1770314934818404,0.9323008907602446,0.6209792774647249,1.707013853892092,0.9722737313156405,-0.03223644817581098,-0.14809509726376435,0.728711749349563,0.778913729771396,-0.5252536273013668,-0.6224356232392055,0.209247770588706,0.37506329458635557,0.7167043670785165,0.815780246452222,1.1677121384958413,0.4525792756080164,0.16857205468694045,0.7812310656522118,1.1608561859798074,0.2155846082781325,0.7670797703759834,0.7135090603538671,0.02760411569105601,0.8864202104928178,0.7474836746426936,0.3393963948633766
ROI_011,0.3978421972261981,1.3779075028407697,1.5574665391423785,1.4604973383265147,1.3368247112159775,1.309247688880244,1.0950692035502032,1.6639271906057875,1.3972737189247542,1.5544761624296697,7.254328619247669,1.413165149833379,1.8192434021180082,1.4340184491822776,1.3857987267190157,1.4058063168338262,1.422632014984264,1.5344502596098764,1.7146643967365844,1.5131647586590546,1.4476511840384563,1.3559189713349187,1.3792167395354422,1.0982827235491266,0.8267595036432647,0.32746062893875094,0.7604913244892654,0.6471809057943411,1.4022773656675738,1.1639701734541867,0.7816561369140834,-0.15954028803231704,0.3021554717955144,1.1572471233752297,0.06286860320563763,0.6928994411573924,0.6637824539142447,0.36813062903370003,1.0706384734602028,0.8569726172930766,0.8512079104911925,0.5634053226936919,-0.20508102292776734,0.8352347332736676,-0.2534980747953458,0.19502165371817134,0.14994599250267274,0.20000697630796177,0.7346151203064918,0.387435297466627,0.49621417160333886,1.3237950723961514,1.1858895514013355,1.3537524036201098,1.2414246173489245,1.1547182298973502,1.4163599744988191,1.3527605768953175,1.0607759797844716,1.2263157695367923,0.8959180954631297,1.366832523344194,1.376972634080262,1.3054746485421125,1.324624879981779,1.2477759041390009,0.8953544697175924,1.3746502846029938,0.9737898654960442,1.2782177891103934,1.283452445088466,0.7003783479524046,0.9622296892587666,0.9485373807516054,0.767074930916014,0.4224740954745461,1.3768753417931665,0.753075344900421,-0.15735787196690856,-0.2515995468913535,0.44991268664361556,0.49955774268987113,-0.7768718736962518,-0.7811942433658403,-0.047405176176432376,0.1573763553305076,0.5151587327829416,0.5616527255681086,0.7761031234063475,0.36501154373276146,-0.01880593210554408,0.6861794021516241,0.8247265244313413,0.09263740113344734,0.5255282698338484,0.5378831213013732,0.08741660270842902,0.726881847800191,0.7783391148685983,0.39318991349925936
ROI_012,0.457218440354842,1.450993462461441,1.2112300397947255,1.3097813229095185,1.0309827721585407,0.9396570855314956,0.8392969070074114,1.3043545359123805,1.0825899041990026,1.7027663300775036,1.4131651498333786,7.254328619247669,1.7552291905505408,0.9270380969917443,0.9549236719475985,1.5849088490381944,1.6880458587110234,1.566270416122189,1.400248450779636,1.4173910424157319,1.3082364472725765,1.2861250787169218,1.0969852918095697,1.5379373738668625,1.0857547302130774,0.5544039478316364,1.0480000380252659,1.0903382111007187,1.4153727302497825,1.5744149969717267,0.7340557895309215,-0.07344622965307426,0.25294059394701623,1.3800050702763822,-0.031993164308118584,0.8140787305440884,0.785638225461506,0.4128778670807261,1.0247171807841597,0.8636300060662406,0.7304565234066114,0.5470575569399239,-0.40580998519825867,0.8625703119578835,-0.316632150095053,-0.00569741889713414,-0.11548460521848154,-0.09201247383097917,0.5368534295066372,0.25605714925126666,0.6645911071310219,1.4125987572174974,1.4683640070161588,1.1551334834851568,0.9036755659206152,0.8557307250315165,1.2366419654915384,1.0562073083351067,1.190003641283056,1.2781818992067961,1.5089417717349596,1.3894173248283719,1.5339910940302104,1.0007150063775092,1.3848206852986575,0.8720712486920478,0.7992456370947815,1.4298809217675235,1.406231478546869,1.3862060750098857,1.388455160437041,0.8998453785172292,1.188613286979002,1.0561236118875124,1.3443168923442457,0.8475000497285693,1.5819916141607464,1.2737528207397386,-0.08055961008036118,-0.1173379690851448,0.726543849145836,0.6077610999244147,-0.6465146829271591,-0.6603584695864172,0.2635608651385244,0.2579763527734233,0.6780744777502831,0.8853231767188646,1.0898859661146898,0.37414236469570966,0.044000650231832014,0.793061625291923,1.059251929985073,0.18408896183451448,0.6528791698176831,0.5552411806846059,-0.07699044449594394,0.7925650133899698,0.5942458313091012,0.29602156791575746
ROI_013,0.3797355811253827,1.43756471079283,1.4631685200398539,1.3918392746813921,1.2368727624001474,1.2281937259944227,0.9564600771427708,1.5832246974445985,1.3408658919105303,1.598713354580785,1.8192434021180082,1.7552291905505417,7.254328619247669,1.3016496993218953,1.3300153298582942,1.462671386402818,1.5411298581321773,1.5862372893715195,1.7983594761235635,1.477342845348266,1.5650046817300756,1.3154387405950814,1.3146258307258765,1.1926600098747184,0.8650486459738456,0.37288790832386726,0.8897398300998158,0.8225654594849666,1.5383694528031933,1.4020413477363913,0.7404073103699732,-0.15820416384179578,0.20348568972762707,1.1902171738055405,-0.038715193811025665,0.6932322641536761,0.7219516753168809,0.40006512390178367,1.0236762728748328,0.8368444145688305,0.7668529525784156,0.4959716238910198,-0.3498003113070987,0.8619595705400565,-0.3557943671091297,0.1741840308717318,0.01436987429061695,0.0820357777936422,0.6905810521797903,0.3645305196857949,0.6015798974787528,1.4930240699149309,1.2976594662429601,1.3225373979566668,1.1511337434584266,1.1791766942139756,1.4044127194929215,1.3102789224673992,1.2267435782527853,1.4846366158185347,1.2165090576990203,1.8420060380487546,1.8213440486634769,1.2964654135908464,1.473324268135463,1.2102790538522084,0.903042474596312,1.776807264234983,1.1673569940069977,1.4153795371063471,1.434287045578728,0.8688246672166018,1.2106793560383902,1.0203586911926803,1.0316841649892974,0.6299212930861472,1.5733427205562818,0.967128796472382,-0.14372478729991517,-0.1750121193775565,0.5640265389110807,0.5108914897416578,-0.7752904929183602,-0.7769208371816344,0.09304564895526438,0.21786586788202883,0.5933647882455251,0.7122023829440868,0.8620677353832168,0.39519737494229906,0.01585261123353752,0.82155552275152,0.9248683675552147,0.13664108554200177,0.6483053150082333,0.5637493758211486,0.08515268701984895,0.8554254556002768,0.730842307178097,0.3653875931807704
ROI_014,0.2287863104405122,1.1584972294450644,1.556057289556397,1.304636437473725,1.4733081498543128,1.5758115764093839,1.0123413218503219,1.7205557175543729,1.61164232635546,1.2583836536916626,1.4340184491822772,0.9270380969917446,1.3016496993218953,7.254328619247669,2.2728966858312014,1.0793992539773936,0.9952222170601333,1.3837816793085185,1.6056873793720372,1.2777737982584467,1.559261260391401,0.9786107080221526,1.3562269050212532,0.7232325180530519,0.4853382442415304,0.026830959893986237,0.5033956895305676,0.39943330732294613,1.0808499381584398,0.8784859552298584,0.7262496705750754,-0.23570556729682837,0.30935736918953005,0.960377684471414,0.08087950023407954,0.511842420831585,0.572343290264439,0.27341819551724716,0.9561381765074611,0.7022125966716507,0.826361389168224,0.37671792014561156,-0.10404635022541409,0.659158611926765,-0.2003181567980315,0.3430345104433721,0.35264738474750795,0.3831223408152336,0.7358071934500073,0.3779016868687419,0.5076888523462731,1.2129171347991323,0.9735786378455066,1.3716594780217766,1.6008834145459618,1.7180083966715274,1.4425049220510497,1.663561403827807,1.0630881289333771,1.1133309282542057,0.6020290832078747,1.216023783890654,1.182411163779917,1.7855219029722127,1.344911976252433,2.077690227251538,0.9450266078816992,1.246794750344902,0.7868137523494996,1.2153523697283126,1.3124562389828445,0.6545738923918969,0.942759037635874,0.8762818019455747,0.46450153203400985,0.19295141468615598,1.0881160460267507,0.4804432439460218,-0.19751541912406356,-0.2915979532492886,0.35218605904851497,0.5110021764563426,-0.6131761252285118,-0.6980722786577636,-0.1025010017939733,0.32240540079919733,0.4526919047095452,0.4126808943675954,0.6306178015360318,0.4137604001237706,0.1365992395272618,0.5985753214712319,0.7572660704040691,0.05864162062842453,0.5997210181404433,0.5333859881459013,0.2532457638914784,0.8168306251715499,0.8605548508747963,0.3413450570964873
ROI_015,0.18490972866571592,1.2018836151158656,1.5670684655817213,1.350510101981343,1.5295911121447159,1.6950361083550123,0.9792328390046512,1.6760442352476232,1.7260626463178361,1.2437781305678555,1.3857987267190157,0.9549236719475983,1.330015329858295,2.2728966858312014,7.254328619247669,1.0740077360103601,0.9966534174431111,1.3309567449796669,1.5558092583566092,1.3223820968817797,1.6121790789891615,0.9542266851410375,1.217082350975225,0.6935238971940122,0.431447035961078,-0.023611204122609128,0.500136859709343,0.45087044660253095,1.1673113220429823,0.9664754906359243,0.7190426558279532,-0.3317665395036877,0.22126241112065556,0.9457064795814172,-0.04308972280014879,0.5014161219682626,0.5879742860412231,0.21560767290514396,0.893580878644871,0.6550360787014491,0.7901249666840798,0.3366421948499809,-0.23310343220929447,0.6955573405922258,-0.29614854678527125,0.3742411396952827,0.2576915274594497,0.31203060697917556,0.7398758016235767,0.3806971453466916,0.5340403407847276,1.3238216607835496,1.018023105195367,1.4688146428130548,1.763838849876783,2.002018364427311,1.5747792660016982,1.8063144570232423,1.1963284512318546,1.3141059138053557,0.6966984275274818,1.3961399795035565,1.316535110213182,2.1213435467217203,1.444486969582614,2.53040207892249,0.991640736156162,1.4062787942090869,0.8587309011879063,1.2752126248159856,1.456764875579949,0.7912551521542753,1.047399113820494,0.9499223586922921,0.5338491005378837,0.2652241068279863,1.1544081741329315,0.5359145160327261,-0.2332579927824024,-0.32118504206628046,0.3941607088286452,0.5064683789570231,-0.6614541559397114,-0.7278895733385919,-0.03229535503337927,0.3845270109912663,0.4305758175867869,0.4738721111147206,0.6422730406633687,0.46669577201437995,0.13858969988386105,0.654801096651618,0.8447581413481082,0.07007467741712911,0.6815120093008492,0.5810158155096233,0.30503254003850117,0.9302464430067504,0.8938604469072309,0.32208263418789834
ROI_016,0.5702035187703668,2.30049678156241,1.4441804094895045,2.0045215710812676,1.5143402623107467,1.2719660357634912,1.1477745476323575,1.689357977047971,1.4396108109961805,1.8849753641474052,1.405806316833825,1.5849088490381944,1.462671386402818,1.0793992539773936,1.0740077360103601,7.254328619247669,1.5518224531113638,1.7501327767872967,1.5131049720298504,2.100001356480762,1.3714417958797305,1.2065742927226577,1.0875624444142722,1.35260570800736,0.9905021004281851,0.300072563539324,0.8458355946068139,0.8629425984026308,1.4112401584707603,1.2184567258651624,0.918931983099576,-0.003984799394624014,0.4171702949175143,1.576769951175556,0.017814790852212395,1.0651082378676089,0.9740668122233052,0.48302957518920736,1.09885049467329,1.0038295561336739,1.0653918816184353,0.5235202814785672,-0.3365812685183688,1.0389931583145882,-0.17642164869409627,0.1244948903683826,0.10997219438678132,0.08819022072951815,0.796809828106315,0.4577114357410669,0.8226569638036704,1.7053548237140166,2.211925457744744,1.7223620531333919,1.2438883579706304,1.0699577690697073,1.6154069748343667,1.4132711567541005,1.2525596487886979,1.2918161763642362,1.0695930947544983,1.2739800163246364,1.4782012722063413,1.2494514404727812,1.5662875343476539,0.9670448875176618,1.1650860909108294,1.4213963274498733,1.368996933698945,1.6634216980910594,1.5210103034196691,0.823573454834641,1.052435427058855,1.3601882251789306,0.9772139796620256,0.6800775522092577,1.8673570486636801,0.8583812544815078,-0.005362683783972479,-0.037092675580903754,0.7751851423814184,0.8639708927905142,-0.596771895702655,-0.7313951845996918,0.1325326105774422,0.33803414857058184,0.879184456862416,0.8063665686025733,1.268500635764323,0.6265655638780949,0.219095911763213,0.9564443627765293,1.2685922697793692,0.3159976192285168,0.7482089457442771,0.7372107539656548,0.07905267120282938,0.8692236569385089,0.9016977372138855,0.4781038634753482
ROI_017,0.42666377977313646,1.3498516044490925,1.1871173217860767,1.331180946573178,1.1504179859289954,1.037571090304834,0.928258756997609,1.311149560387278,1.14220641005026,1.5119227642246866,1.4226320149842644,1.6880458587110234,1.541129858132178,0.9952222170601335,0.9966534174431111,1.5518224531113638,7.254328619247669,1.6295045281702056,1.516308228330606,1.3677020572804264,1.2033941863992046,1.7372488218361746,1.1929437835591248,1.601290260973361,0.9070398178159458,0.4875713168050832,0.9559977432735791,0.8432793556534678,1.2278020918213803,1.1902597263319934,0.6082237952725348,-0.09301530729181477,0.23568146170597193,1.558014037756039,0.08700306559560743,0.7825454418068774,0.7601828771442247,0.3969635152403223,0.9664880388527732,0.9266189734281163,0.911911240205927,0.46209930512358727,-0.3121293737674209,0.6914122851762807,-0.36601937064067025,0.01900754354543767,0.04714865590570096,0.09526332881733263,0.6220205238143021,0.33922499636442277,0.5952865326817127,1.2261253468209277,1.3396075162351766,1.1929564400515418,0.9695786056308484,0.8879061753494344,1.1721525489817612,1.1043708627490803,1.019056464424099,1.1319866433877797,1.0724910330515782,1.3367133657149233,1.2901305412758937,1.064432837731356,1.2117221971182677,0.9426442905728054,0.9903924149401403,1.3672438081377214,1.3445449063065409,1.3987320318776826,1.2867824995057264,0.8915135205609962,1.1598601542481368,1.1388921767207574,1.074497577458585,0.6269741401265828,1.4383977856876642,0.8881221719467253,-0.2112775475842877,-0.1459705390547254,0.7204020717675266,0.6935026965416754,-0.7736659194717225,-0.632887956469226,0.1245204302425498,0.34083635199309853,0.6640795287079496,0.727673174925665,1.0332821545680777,0.46303382357985046,-0.043495243789167325,0.7279458884721729,0.9906082009911217,0.10525837420709783,0.6237458742159392,0.4195390408418907,-0.013684337196321153,0.853155579973839,0.6778282289445278,0.3818657788324947
ROI_018,0.394271243716668,1.682201426069451,1.5855809605728735,1.6842602031399063,1.4850693531390253,1.3197888668572992,1.0374585468680089,1.97540713873957,1.5727586123559016,2.086836749177099,1.534450259609877,1.5662704161221883,1.5862372893715195,1.383781679308519,1.3309567449796669,1.7501327767872958,1.6295045281702056,7.254328619247669,1.913685322384562,1.7705697536487641,1.6697300744014834,1.308610914395557,1.311445151478793,1.2369733423646767,0.8596797444552127,0.3310815989196953,0.847407308892358,0.7565871944031481,1.333847234952609,1.2035888116938889,0.8242201537458034,-0.08844701007280605,0.383786561390257,1.6927845074364207,0.10801456562553251,0.8277147637209545,0.7766423399868946,0.39772090079210337,1.165758862918248,0.9363574058275845,0.9543974736347537,0.4926403143966001,-0.25323834522700983,0.7831933015370177,-0.1878066003127811,0.06978065505402356,0.13548600801404823,0.1088524549843284,0.6628156565868094,0.3171615135841554,0.6609525602621685,1.518803674521221,1.5506521628307792,1.516697291327546,1.2911503925662302,1.1933505854239033,1.6176174917564896,1.510826415776557,1.1908104642351307,1.219711912575124,0.9817817970798539,1.3209062960214002,1.412450115973708,1.403161123200498,1.6467501813902998,1.226711050466235,1.0178785962448904,1.4394315310087449,1.2991235091086326,1.7249765248460358,1.6837216309035563,0.8037616641061134,1.087332681292234,1.1348684324906355,0.8569481540516184,0.5056126657965646,1.5405152321519955,0.8263479858070629,-0.14284456572078782,-0.18869204582079374,0.6588644388252933,0.7781825981897452,-0.5961899722902477,-0.6696967857181299,0.12110039566655198,0.37004556947918765,0.710209787318733,0.6856014277519041,1.1208053355697754,0.4590080442289453,0.1401793794538022,0.7372079150693182,1.0881935427357696,0.1352535904912684,0.6679701141456486,0.587244191419448,0.01822017807134488,0.8591489648839872,0.7847106386924325,0.3629650568124528
ROI_019,0.3145415364282783,1.5054990678232356,1.559096003908443,1.626427107647469,1.5846860318281923,1.489393853969819,1.0401923391103594,1.8596642491028734,1.6391447062485023,1.6520414566306791,1.7146643967365853,1.4002484507796356,1.7983594761235646,1.6056873793720372,1.5558092583566099,1.51310497202985,1.516308228330606,1.9136853223845633,7.254328619247669,1.5914982627875858,1.5777036699422642,1.392804562690832,1.3978042654786693,1.1445515713155943,0.6937681048410369,0.2261482865095081,0.7622179221467532,0.6084155589170734,1.3007157096731468,1.1879439853872658,0.7068780404966469,-0.1903778510597812,0.2562734282035105,1.395636261425129,-0.007619127992056989,0.7378382000917567,0.7688033957450677,0.38320838360794385,1.179352314161658,0.9697060795579281,1.026288626476366,0.444164954826133,-0.2410316872993628,0.7098387244756108,-0.3319836539441809,0.17468242352110241,0.1944672268710932,0.15312554587450564,0.721076002989073,0.3847009242828488,0.5948894289091086,1.5152870695745964,1.3219229391931002,1.602502171552335,1.429128600942666,1.3245074098963305,1.6075340961383113,1.6458664012717998,1.2127939784276391,1.363498763552576,0.8921800932032709,1.5419141063058888,1.475340821439746,1.6514179810767642,1.5450063451128562,1.474049062364033,1.0398819979223832,1.703238402575433,1.1744904688673465,1.6965422063252356,1.5534683792383648,0.8498857914341021,1.1416041880013788,1.1661781872113608,0.7826234920512923,0.4222532867356617,1.4879395259671984,0.7207168600123235,-0.23268907381732853,-0.22051714332494346,0.5722609165006148,0.6872486309351202,-0.797846280985939,-0.8455741274649604,0.003956595210959726,0.36305754646135807,0.6700856303593679,0.5811085032832891,0.9348058536072668,0.5271474770238503,0.06505807272078874,0.7559253434169682,1.0357060047067415,0.10263505268157903,0.6918969633957236,0.5007511329707626,0.11668567468114692,0.8932400982733657,0.8159240239378428,0.394621266718292
ROI_020,0.4953480244277385,2.1979701989590192,1.6526283435424562,2.191106602023939,1.765347540043191,1.5666745424454676,1.2801142734782667,2.019533416999417,1.7687261634987395,1.8726382211713464,1.5131647586590553,1.4173910424157319,1.477342845348266,1.2777737982584463,1.3223820968817792,2.100001356480762,1.3677020572804264,1.7705697536487632,1.5914982627875864,7.254328619247669,1.5696909772506753,1.136278752422773,1.1222839701701217,1.0985872595265118,0.8288346492097944,0.18695573588514902,0.791976512367187,0.7881380900936406,1.499325277708761,1.2178031265852634,0.9468208837202157,-0.09391466258877727,0.40356269079088075,1.3848895518267559,-0.038344154858537975,0.9878103115520537,0.9323289871484207,0.41033462480293265,1.1141487198177142,0.9817959454117853,1.0584639816365933,0.5400925547356548,-0.335104009534864,1.08486802367823,-0.1864281725483741,0.23914225565793082,0.1508915221223233,0.16077185335466868,0.8921319021094865,0.5221497855787798,0.7515789967345813,1.8342261891963467,1.8861230491314729,2.001727743088153,1.501781909884954,1.3082560839786623,1.8808290250612574,1.6658717585669534,1.321557304431151,1.449134595889894,1.0094247804751368,1.3505364764613634,1.5673428371283231,1.4960974322418212,1.7804485113569097,1.1896469642610479,1.2313376856236264,1.4829112400068318,1.2360171728450111,1.668159605058167,1.7256004620504732,0.7888548085066233,1.03524259957611,1.3335650974571385,0.8423170320836192,0.5785363972189845,1.8070326377856083,0.804497108108074,-0.07063439327695831,-0.11290656986387987,0.6377619406146772,0.7761565820308501,-0.6343543349335405,-0.7786697831700428,0.08291779057281885,0.3280996342553651,0.76697510095275,0.731940006014904,1.1633255585700866,0.6225772353031903,0.21689850364168448,0.8936575057738505,1.244332067302931,0.26645346519559243,0.7057125480946268,0.8293127867991337,0.1797892309403449,0.9079691322538233,1.043997161999941,0.5007920877380142
ROI_021,0.3415167110691545,1.464808838074556,1.6689424931312493,1.4487159366852747,1.3598085376640012,1.4083442938113209,0.9740020548572258,1.8327040221174822,1.5924137910905038,1.5542017475716985,1.4476511840384563,1.3082364472725765,1.5650046817300756,1.559261260391401,1.6121790789891615,1.3714417958797305,1.203394186399205,1.6697300744014834,1.5777036699422642,1.5696909772506753,7.254328619247669,1.033772894588941,1.1221474133672895,0.9280743760554944,0.7376151286135351,0.23760854655886574,0.6871107055696589,0.6965635874576023,1.47654169458524,1.1776054367331272,0.8099833414121894,-0.14272830294134023,0.31229158126208784,1.1312180625905144,-0.0032295912861211207,0.6628989786327432,0.7189476056626357,0.34149003377956766,1.002059649721336,0.7687738952906982,0.7455677192890148,0.4568801702536031,-0.27465877358953805,0.7996301817165576,-0.23447610410050743,0.2130273356994806,0.10404180717428689,0.12724605791794005,0.6784077791091269,0.2918831002070134,0.6502192877724092,1.5129026182995617,1.3107299230015108,1.4215029056783726,1.3585503306197289,1.4422520991767085,1.6598224181966164,1.5267077881475468,1.286759023004258,1.3543315580671438,0.9519942908510797,1.432226413063153,1.5508559746837742,1.488410245784477,1.7897699189740874,1.4049627298293141,0.882919500265523,1.458824249853869,1.063171886758592,1.3643448476458686,1.8789591270294883,0.8173077974142288,1.0888398521537928,0.9377616673486017,0.7947923441262068,0.512725590556281,1.387591369513865,0.7905867069530812,-0.11078367811402251,-0.18321889864930702,0.5421650611860138,0.5446910851593698,-0.589089006735082,-0.7226174379672764,0.09446519173787993,0.30571324409766804,0.5936108815897524,0.6479314036019581,0.8068916724643412,0.37266732568286237,0.1735402225670671,0.7588251148038433,0.9273346239103373,0.1319204797584737,0.6686958210285916,0.6257651659649728,0.10628989536675054,0.7923265480339267,0.8010084667686267,0.2777483422371582
ROI_022,0.36627894326725563,1.0945910883544834,1.0553864140844014,1.168782374821846,1.0830012064603833,0.9621308034795185,0.9478411700434101,1.1342721596686425,0.9987881017012092,1.2333703741708908,1.3559189713349191,1.2861250787169223,1.3154387405950818,0.9786107080221528,0.9542266851410378,1.2065742927226577,1.7372488218361746,1.3086109143955567,1.392804562690832,1.136278752422773,1.033772894588941,7.254328619247669,1.316918576795884,1.4178112822699902,0.7764979246769341,0.42921978941088546,0.8790741914014204,0.6456372836757412,1.0301512891618265,1.1397448222222986,0.513626211906025,-0.13723031881304038,0.23846338676417367,1.2995099518757682,0.11082464303307889,0.660589762028595,0.6283887969304153,0.3919493772972797,1.0273037165470136,1.1140321808801987,1.0224706428567705,0.48665555682567985,-0.12340742006861966,0.5966588225176657,-0.4015118494045731,0.104274344385683,0.2231597933384751,0.1939904409554357,0.6710885415429088,0.40401504852807235,0.43755227031321564,0.9616652315310628,1.0193173997430776,1.0631779232665675,0.8801936843711227,0.7833129969994255,0.9813270534388563,0.9660890275109921,0.7979997072579824,0.9225877627236441,0.8089416749111754,1.1187535369534374,1.0267466123388556,0.9586409146200902,1.0147975252196781,0.9368645074882286,0.9263668843210582,1.1698532106611028,1.024592513800966,1.177457530105273,1.0741826962275722,0.7521564439428756,0.9701036891661304,1.001412198350954,0.7795591662848248,0.43114380053613305,1.1745805333510497,0.7320534920301471,-0.32286434007544534,-0.2162489844175018,0.5122570681911529,0.562874723052564,-0.9382128298776597,-0.7392871274644492,-0.07214205150117091,0.2826709542335236,0.5396315730911135,0.5330625391853587,0.7880014100064286,0.43298274827669564,-0.1472278206462924,0.5466701987386533,0.815733866662371,-0.007594038130400758,0.4897634568615014,0.3116607298872264,0.04402516706986013,0.7250690804840236,0.6394557925924176,0.45810542917808356
ROI_023,0.3561878129451191,1.0301183285631408,1.1692522964616119,1.0962859921024253,1.0538884350869597,1.0050927548802875,0.9078584643330165,1.2428989683218092,1.0206174196832054,1.3117589873403788,1.3792167395354422,1.0969852918095695,1.314625830725877,1.3562269050212536,1.217082350975225,1.0875624444142722,1.1929437835591248,1.311445151478793,1.3978042654786698,1.122283970170122,1.1221474133672895,1.316918576795884,7.254328619247669,1.0267182662305911,0.7417410450091484,0.2833528039229373,0.7098630396696071,0.600825011410357,0.9794007319832283,1.0937909577493259,0.6715442411749734,-0.0558877817691085,0.36434473751259644,1.107041115159782,0.23572433481725705,0.497959882644613,0.5873666410644695,0.4018997190198311,0.9226427223405029,0.8280898510265989,0.8086032401305926,0.4471131660839864,-0.031139192159463255,0.6885861674988221,-0.18651013971171157,0.23455966703895365,0.29964574752001033,0.34207347093384854,0.6283364583833925,0.3568718244151559,0.5284988341506508,1.0043550228623164,0.9193952419186313,1.0416113578350257,0.9674573203569368,0.9975914474361972,1.0167908285189082,1.0421363619028903,0.9211731815064487,0.9537494374881973,0.7282974411348705,1.0561276733005225,1.046342758696018,1.095748336491685,1.1496364258737888,1.1737178191730715,0.8934370398069288,1.1222330135894354,0.8490874517752476,1.1904689782052202,1.044620071931684,0.6361499822387068,0.9906537900556309,0.8759165801127721,0.6128248406968371,0.3556290412229085,1.103809070758831,0.7066288409441438,-0.14470589572589254,-0.18935281174238539,0.39816933699444007,0.48516285908321577,-0.6177830313700429,-0.5805504435442685,-0.03631016440427124,0.23410632025182695,0.4988557723938825,0.5072513902974438,0.6792844429949194,0.3310222520328759,-0.006145882575609342,0.5409498974322821,0.6910094849373811,0.08233790703061983,0.5277823447753986,0.44596886450079637,0.13903687977954945,0.8053957618163806,0.6535165238346157,0.3642343146384893
ROI_024,0.49068365516348283,1.1797161223486707,0.8706560112224813,1.0976734669444648,0.885616511359472,0.7289512456661056,0.7438163397861256,1.00473543843001,0.8127095657581231,1.310598287740891,1.0982827235491266,1.5379373738668625,1.1926600098747184,0.7232325180530519,0.6935238971940121,1.3526057080073595,1.601290260973361,1.236973342364677,1.1445515713155943,1.0985872595265118,0.9280743760554944,1.4178112822699902,1.0267182662305911,7.254328619247669,1.0872511744708575,0.601528398589548,0.8796979328551214,0.9548047785519996,1.0497151510119387,1.2320860184536915,0.6034294092606781,0.03891697885762316,0.2978472107356255,1.417385244560313,0.11697236115874703,0.7953044865071147,0.732902596213071,0.47542471090968724,0.9573531131600181,0.9896066008305531,0.8663206848167605,0.4755833688136285,-0.2108996992062479,0.637041373352692,-0.28793244371516724,-0.08710348657859249,0.027609307654244585,-0.0496041584865784,0.47286501777235673,0.22742006442764648,0.6027816019140664,1.0064739681517796,1.2168564185318682,0.9506107970319002,0.6993243701507236,0.6050682448178586,0.9213918015785966,0.8204694939774116,0.8533392728052822,0.8841400417754421,1.0362204880554178,0.9574401432468757,0.9982620817585295,0.761500083960801,1.0258356976726795,0.6456416597568451,0.7794001135190424,1.0476475031529358,1.2718924930957107,1.204586892769221,1.01054994296675,0.8035601511609666,0.974575857003141,1.0097174392082484,1.1063759861323228,0.7303308674186458,1.245307775316785,0.9994580388429994,-0.04804326496820696,-0.059117727571734224,0.8429433468174388,0.7267407843614276,-0.6156271348117024,-0.538425924276417,0.18771474265923108,0.3339445622539293,0.7399971136202057,0.7824078502538031,1.0281458993916415,0.4263106439167839,0.007237114034915005,0.6801971737512796,0.9415624865890586,0.18705535195409456,0.6361148340673141,0.3677653663167363,-0.15059616773332934,0.6486463988465401,0.4774612507481562,0.3175024693264753
ROI_025,0.7373439857812901,0.862439649472657,0.7393002704699787,0.7403431000991495,0.5492179513714929,0.48727169407855897,0.6394253906056658,0.7276429569776189,0.5462064861934222,0.9440514020762161,0.8267595036432647,1.0857547302130774,0.8650486459738456,0.4853382442415303,0.43144703596107786,0.9905021004281851,0.907039817815946,0.8596797444552127,0.6937681048410369,0.8288346492097944,0.7376151286135351,0.7764979246769342,0.7417410450091484,1.0872511744708577,7.254328619247669,0.8726200961668211,0.8271108637869082,0.9507341368297489,0.7817527930108886,0.8459709085425531,0.7413019313268239,0.3900194225807845,0.5181859591716362,0.8449349273511942,0.3039239920889343,0.74204013710656,0.5980888782288558,0.6608276626863506,0.7237604785514324,0.7138588881225619,0.4997347941219347,0.724386000076908,-0.09535445360040029,0.803885763260267,0.10706936066705035,-0.05114037047841479,-0.05356745844645541,-0.04992034800413415,0.43485010704164473,0.22422708821611945,0.6516461382223219,0.7115943862345834,0.8907982284648626,0.6110912955748623,0.4228955387136096,0.3933590834106301,0.6299973564303636,0.5083605729457398,0.5685623925460566,0.6001323658438796,0.8472036772842024,0.6021487545525355,0.7363555107531803,0.4322074351600969,0.7306745865169766,0.33578249187006376,0.4878498738729844,0.6245064059565636,0.7441860486884255,0.706847475861375,0.6718056732384295,0.36093008115252456,0.5352871389639262,0.5535654885824892,0.8956556905742503,0.7638354490335764,0.8487715493960616,0.9340625118493947,0.25622901295099487,0.16278176320478127,0.5303263023799051,0.4299245122829499,-0.26196318829199833,-0.34636836529291576,0.1888683236128422,-0.07434680874912054,0.677725234712666,0.7482785288564072,0.764791364518659,0.15751915322513482,0.1178847799731793,0.6182067670162421,0.5515908940142471,0.3180642628820416,0.3018713046080667,0.5335609940056257,-0.17959102923539955,0.3098885878061872,0.3900422539532987,0.31367184179222607
ROI_026,0.353494492567908,0.1871389893423767,0.17157060308537395,0.11389739595345942,-0.027137037455080053,-0.053803897577942975,0.08219205061937322,0.14837967012181616,0.014098912514758364,0.3277075782669037,0.3274606289387509,0.5544039478316364,0.3728879083238673,0.026830959893986237,-0.023611204122609128,0.300072563539324,0.4875713168050833,0.3310815989196953,0.22614828650950813,0.18695573588514902,0.23760854655886576,0.42921978941088534,0.2833528039229373,0.601528398589548,0.8726200961668211,7.254328619247669,0.5887012820423497,0.542375540309249,0.26138002621759276,0.3619749449702522,0.03252537222813358,0.36340132926338903,0.11971218932572839,0.3529191237117075,0.3231779798079174,0.2338246097951012,0.12525102951106068,0.40823380852121005,0.2750625602051976,0.27198800571610776,-0.01937392384355569,0.3831974584788562,-0.007996183861657905,0.09784084704904875,-0.037741241427542434,-0.48210093667623233,-0.3826947757958517,-0.30421764514174715,-0.07772413317915827,-0.18403606673023348,0.11158468719935677,0.136669014871644,0.250440983830101,0.0019272779033623693,-0.13171134872212106,-0.10272156249049805,0.06444971361130561,-0.03396313953421614,0.11246028436870936,0.11475399216122306,0.5018630248226905,0.19491532270174958,0.2446193213002985,-0.06335224052025168,0.17078348537057625,-0.07622584628770064,-0.05005248545178786,0.1727690267562883,0.3279600825776458,0.17648614652837716,0.2029939685980061,0.10337156689641899,0.2201232665152365,0.0457946014281533,0.6419001614463888,0.5413885244534058,0.2469154860310643,0.6273726073569327,0.029597786918181348,0.13204373409134798,0.23370892573358104,0.031174546805346853,-0.13763849145461896,-0.008291955324144793,0.2077712744628515,-0.2718327993182874,0.1930103177785066,0.3056302902991889,0.2977208061919365,-0.29269258421660266,-0.23735774470870916,0.1275637178186848,0.06597514507776411,-0.0320598457751277,-0.12257893138894964,-0.11445090332549164,-0.6470967420876469,-0.04766598065701068,-0.12808671681534578,-0.0220003049059439
ROI_027,0.4743559041216331,0.765890068080596,0.6742333878660678,0.7040461278704442,0.5976089583329373,0.5543882766494592,0.656663548198976,0.6955548188075902,0.6200243000461997,0.8673936826023101,0.7604913244892656,1.0480000380252659,0.8897398300998158,0.5033956895305677,0.500136859709343,0.8458355946068139,0.9559977432735789,0.8474073088923582,0.7622179221467532,0.7919765123671872,0.6871107055696589,0.8790741914014202,0.7098630396696071,0.8796979328551217,0.8271108637869082,0.5887012820423497,7.254328619247669,0.9256962081884166,0.7564060835200613,0.8361623377280593,0.46981870125084035,0.09756266167499235,0.27473717326268987,0.7757765186179957,0.0340918245279395,0.7589778142888884,0.7528673153634631,0.5261453766738037,0.7756399653661067,0.8066138584641834,0.5469788994388297,0.6720220512165985,-0.23324577233806945,0.7213677416780617,-0.12722606703373782,0.12793964221595444,-0.058313150701379976,0.015762267080410224,0.513480620908954,0.4256963441039023,0.4238742056713349,0.7144517917637377,0.7992833248947618,0.6196019510523768,0.47326782779410415,0.44594239770254074,0.6175522044798127,0.544978219981331,0.6043525760440039,0.6715086347609316,0.9047612314794136,0.7161571200776272,0.782924111566009,0.5093328719066068,0.7445885315664424,0.4586965845173555,0.5934098327540395,0.7800739620682974,0.7919858822026798,0.7286694904049316,0.7785862835385851,0.4815606159901775,0.6218921901068111,0.6850248866611499,0.9028913677869191,0.6594393657569807,0.8681840619435032,0.9003930075905265,-0.06827375056516358,0.010200693748084128,0.39167131014092604,0.3471220392584418,-0.45618195390462984,-0.4431515518793233,0.25133689225493394,0.04313460382145977,0.5287999634633886,0.67126619433001,0.8307735739227442,0.2467641866847333,-0.06066067683724854,0.4955526489973823,0.6897569119002823,0.11352296743481577,0.2785682945885162,0.5113349939852164,0.05265452833962846,0.6069355496784884,0.4909692224343574,0.5024629277876227
ROI_028,0.4469489757752059,0.8391536113012924,0.5869597586154068,0.697065116108542,0.5119881222686564,0.4309264369151535,0.4065656490706988,0.6486098940369701,0.520517713687506,0.9133740614268043,0.6471809057943411,1.0903382111007192,0.8225654594849666,0.39943330732294613,0.45087044660253095,0.8629425984026308,0.843279355653468,0.7565871944031481,0.6084155589170732,0.7881380900936406,0.6965635874576023,0.6456372836757412,0.6008250114103572,0.9548047785519994,0.9507341368297492,0.5423755403092488,0.9256962081884162,7.254328619247669,0.8539093162063672,1.1237431010077605,0.6940004136152967,0.05487816797628065,0.22595543064907392,0.8293380037190501,0.014214783458062133,0.6524762593945339,0.7027640191479111,0.307560330393055,0.49528116484289186,0.461333229064142,0.3876884831201196,0.41146262087573005,-0.49550694040777216,0.818495250686499,-0.10109290485159458,-0.042506481846203,-0.2930813532559164,-0.24355764406512223,0.24662633791041794,0.07839477641018447,0.6507176841488723,0.8027557962952923,0.9427619300732554,0.6049114854857048,0.43453733970838826,0.4123202995463449,0.6557610869850983,0.5248778154970052,0.8101288307605831,0.77359239774544,1.3284376345876,0.7341698573409962,0.8501694566283661,0.4750962542745934,0.8222642404412448,0.3742032137697468,0.4648957789433525,0.7602815247948411,1.0540753738273387,0.7993170583954051,0.7687980066782519,0.7079718070951093,0.7596193460192209,0.653003204964898,1.2698896862710929,1.2222123083240428,0.958940921912002,1.4626466327593248,0.22384374604787216,0.01691206531749601,0.8556348537770875,0.5121451914568357,-0.20476423146330572,-0.1808723071987303,0.7027849842962376,0.26907637174192534,0.5846290870402471,1.4227243034844432,0.9063066065904748,0.21591980553173598,0.11177491712090416,0.6447519697780896,0.7609334373265099,0.3682248178367496,0.6574587553284956,0.6508703372003882,-0.09256470594203486,0.6696811372843477,0.2698353640436559,0.1148934949224148
ROI_029,0.38905895001023677,1.49278057834975,1.3313762198122696,1.3988409591341542,1.1721317335656798,1.1444184364239771,0.9091368363247765,1.4408955800377095,1.238714350036356,1.476723254490881,1.4022773656675738,1.4153727302497832,1.5383694528031933,1.0808499381584398,1.1673113220429827,1.4112401584707597,1.2278020918213808,1.3338472349526085,1.3007157096731463,1.499325277708761,1.47654169458524,1.0301512891618265,0.9794007319832283,1.0497151510119387,0.7817527930108886,0.26138002621759276,0.7564060835200613,0.8539093162063669,7.254328619247669,1.3905926382263856,0.8503284089531684,-0.17948444391504784,0.23763909830106988,1.0718393869840495,-0.10277004855725735,0.70044188306801,0.7801981975045886,0.2864098046038324,0.9025281297559588,0.765302086545542,0.7211343163004792,0.4786177195681497,-0.41567601555599343,0.9228008754416903,-0.30926224298267896,0.17579904360348877,-0.019770340191418215,0.01132680336027746,0.6308998205312731,0.31517331863768944,0.5713791988849186,1.469648777920599,1.29974547913651,1.3175157874138461,1.1457466074521003,1.0957341650225234,1.4398772097698953,1.2342839059885775,1.2739598218646633,1.3912128697541966,1.1594069374077856,1.4178955184618742,1.5168729037532025,1.1603759407562713,1.4288030115919734,1.0444034277127252,0.844680266357401,1.4292489717028598,1.133797200672171,1.2715549433844602,1.4328160259172253,0.9070793933930039,1.0944207439058062,1.032645860482401,0.9730853349278716,0.6740401385882117,1.5893906719760305,0.9551243271179629,-0.05463378835928805,-0.21062417447955714,0.625311167674625,0.5294278252714764,-0.6462649440627092,-0.6935435936081292,0.17700427833248658,0.2593583343448431,0.5510999284405866,0.7998743862731865,0.8660178119773392,0.3968199272820518,0.06702253089361976,0.8390134766503081,0.9921693545689859,0.14926119324695586,0.7488989150240527,0.6903528011843637,0.09821371655447199,0.7945686613281883,0.7004789383843693,0.29433212663732894
ROI_030,0.3518047152993229,1.262227963981718,1.040340988356792,1.1854658762844539,0.9649627033286596,0.8640119276206439,0.7149575855828204,1.1284660175048389,0.9411886771467365,1.4204988873219533,1.1639701734541867,1.5744149969717258,1.4020413477363907,0.8784859552298584,0.9664754906359242,1.2184567258651622,1.1902597263319934,1.2035888116938889,1.1879439853872658,1.2178031265852634,1.1776054367331268,1.1397448222222983,1.093790957749326,1.232086018453691,0.8459709085425531,0.3619749449702522,0.8361623377280593,1.1237431010077605,1.3905926382263851,7.254328619247669,0.7509946269931431,-0.18989600776774102,0.16298700407820166,1.1439592859699246,-0.11759287704272615,0.6148298082057558,0.7050492553770017,0.2802080614890886,0.9059421934571814,0.8003986135070627,0.6969380825760007,0.45718444810553105,-0.38317900318504383,0.8473748703404813,-0.36542921406395634,0.11496257998846995,-0.05906080753714108,-0.12763864264955743,0.46610238659185,0.21886353569711428,0.6091331694252047,1.2493570991470753,1.1865914672184503,1.0874932300845503,0.8790041368746873,0.8377512846369236,1.1517195089033223,0.9770244581665491,1.211533078679227,1.2361786437057347,1.3875619872320342,1.2734259341711323,1.3165198462801673,0.9707328967720972,1.3224073520506112,0.8830238261272627,0.7474853936048842,1.362837740303742,1.289592136259226,1.3525528001088314,1.2814006953269672,1.0581896798795913,1.1516268308365023,1.0286745278010814,1.125011070118195,0.8309585274543847,1.394297380682605,1.370804642685297,-0.07277814123628491,-0.21139849419852036,0.6871680260272994,0.543005162136434,-0.6382413009611467,-0.6592771667292107,0.30782139121795343,0.34718673987962906,0.5630577112196362,0.9094261692073767,0.8639664410468969,0.3557909416976649,0.014343564693212778,0.7354731446251047,1.0426460717933221,0.16383971529231564,0.8155073029488942,0.5789401339238939,0.026298146683865573,0.8205167706505986,0.4957578388288327,0.21090394556589137
ROI_031,0.496958106147161,0.9884823298560073,0.8344721907882863,0.9421314729481819,0.8426107417908152,0.7571048946481582,0.7168016987903609,0.9323060815404287,0.8209493261981763,0.966968252629929,0.7816561369140833,0.7340557895309213,0.7404073103699732,0.7262496705750754,0.7190426558279532,0.918931983099576,0.6082237952725348,0.824220153745803,0.7068780404966469,0.9468208837202157,0.8099833414121893,0.5136262119060249,0.6715442411749735,0.6034294092606781,0.7413019313268239,0.03252537222813357,0.46981870125084035,0.6940004136152969,0.8503284089531684,0.7509946269931433,7.254328619247669,0.05588612946123191,0.5837028360324319,0.7303814899663155,0.235820630629459,0.6724051635050421,0.6002756946328163,0.2921020719689778,0.6515472485424045,0.5138426137332033,0.621424915624155,0.5682270087749527,-0.1560019771765214,1.146246351152162,0.3152029086688311,0.2569627999542449,0.17079310851250298,0.09533196239413562,0.5113164297499208,0.26332497853548376,0.7059346031550856,0.8830314198007145,0.9084523965604776,0.9040846423267113,0.8135874588503554,0.7222628352407328,0.9201672337413606,0.8337991837887028,0.7114220497999036,0.71978509106959,0.5689980930827638,0.6195580668886993,0.7273615861193371,0.7334445848926184,0.9108279697937621,0.6075752366066357,0.5954696858447884,0.6493718697869404,0.6462888492314361,0.8014967475550347,0.7343766485561325,0.3954396693692034,0.4716920947263066,0.6086818976088977,0.4481865477309599,0.39048630620753294,0.827358366739021,0.5592196695445915,0.374798434637249,-0.1304207231374633,0.48340363341479353,0.5313255166891049,-0.09147426843099614,-0.36968412072964224,0.20561200969596474,0.17758522792214762,0.5400284117337933,0.7309487059015403,0.6627221545084017,0.32130423143397147,0.37770842939094157,0.5878843582723383,0.6907555291123334,0.45608493961528296,0.6272173955954153,1.099615941981844,0.19118709308896698,0.5006693112050818,0.5445176625174644,0.242128437247897
ROI_032,0.5673655350218983,-0.0942768871949076,-0.12667702455354318,-0.17141688946322944,-0.23115725091055717,-0.2189023022930611,0.0036346191890217175,-0.1703692925229801,-0.25103739212894266,-0.05687986639483053,-0.159540288032317,-0.07344622965307426,-0.15820416384179578,-0.23570556729682834,-0.3317665395036877,-0.003984799394624015,-0.09301530729181477,-0.08844701007280606,-0.1903778510597812,-0.09391466258877729,-0.14272830294134023,-0.13723031881304038,-0.0558877817691085,0.03891697885762316,0.39001942258078454,0.3634013292633889,0.09756266167499235,0.054878167976280645,-0.17948444391504784,-0.18989600776774102,0.055886129461231907,7.254328619247669,0.5233289814966864,-0.09023166173959257,0.4559479275272836,0.08895518683108113,0.12467179087450535,0.806507046368347,0.06698947802552238,0.12336394123865237,-0.06663005561561386,0.25677728969241875,0.4478686405322723,0.12452177507239562,0.6135706177310251,0.0486569871084987,0.10220133133936951,0.09301380112432024,0.03678534280354553,0.10569330349533414,0.3242823765407681,-0.16452334062928792,-0.02542452712157626,-0.21592360233534733,-0.301434423496175,-0.27169233888606936,-0.24272683658018382,-0.2677187682972747,-0.171649917122963,-0.2270189752743347,-0.10273511819443126,-0.2932724168740442,-0.14617570666943494,-0.2986382188761897,-0.10690487739196591,-0.3857106453884363,-0.01641610574810581,-0.2270151198076302,-0.12960115770134564,-0.1669377937864034,-0.18404488843287545,-0.30081901527231414,-0.1893995916715639,-0.08770661076025933,-0.007716993067025188,0.17431391998697995,-0.08689768266756458,0.0015343572571180155,0.6657637785602206,1.1076326800915524,0.013871357477005582,0.014481671398119284,0.47068986986292677,0.20811544168104618,0.035410014653823256,-0.27774419176650395,0.29017380645215657,-0.03030514336608165,0.03673448143669116,0.022589439386027647,0.4129205518933205,0.1981843522369804,-0.09507663452832744,0.49906953000098553,-0.2156767705895082,0.12192096843458393,-0.03591793688981887,-0.1942067919167565,0.02357437052752303,0.2296088165143856
ROI_033,0.5819459465956653,0.3884084917314986,0.383750454059971,0.37582134956916224,0.35221392160047194,0.3082213491057967,0.49491052281381903,0.38833988006807496,0.32653593401953346,0.4317874340964796,0.30215547179551433,0.2529405939470161,0.20348568972762707,0.3093573691895301,0.22126241112065556,0.4171702949175143,0.23568146170597193,0.38378656139025713,0.25627342820351046,0.40356269079088064,0.31229158126208784,0.23846338676417367,0.36434473751259655,0.2978472107356255,0.5181859591716362,0.11971218932572839,0.27473717326268987,0.22595543064907397,0.23763909830106988,0.16298700407820169,0.5837028360324319,0.5233289814966864,7.254328619247669,0.3608598979480229,0.5234928359736268,0.5273916648137077,0.38513990935453546,0.5702373023589871,0.43249397283177693,0.4156367131318908,0.42985810552215736,0.4587063951705278,0.31446055447886684,0.5135138925967745,0.638451053910081,0.16766844392795768,0.41166795623034375,0.349774743444702,0.39663409386245135,0.3148743183159449,0.4632075229328783,0.25879918585806777,0.3990643193206277,0.3187644950354937,0.278905953998358,0.2171492725878438,0.28418960823678485,0.2868825861148542,0.16725869802388588,0.11174152480338953,0.07060897242730613,0.04469177771714773,0.18992262026954693,0.21135440749918433,0.3416617642236624,0.16439430301159302,0.3440709589890053,0.12120981860548763,0.18273960018964772,0.2696661677323499,0.2689195046806942,-0.10586486567346816,0.061273613947591225,0.24313128820675872,0.028235259358382715,0.06855347868317321,0.2973426969341056,0.10843019765827912,0.4034439493682297,0.2772739845670183,0.12834371336587838,0.3510929203218254,0.17925272085802374,-0.0389511582777597,-0.0722973132077068,-0.02561865545507626,0.404492092004946,0.15813745006831306,0.39242011179910324,0.18530964006216996,0.5112484842545011,0.19842237622440223,0.25115059021881514,0.357124052369319,0.024238629064509954,0.5250420176167738,0.058776450796124834,0.12606150374993508,0.40547122027517996,0.43013886408929913
ROI_034,0.3638316969787444,1.4993247632444406,1.1003456733536536,1.4410624751875771,1.1989097319987165,0.9489675877765351,0.7635225438744145,1.334544521122544,1.1655113189884527,1.6464940528385623,1.15724712337523,1.3800050702763822,1.190217173805541,0.9603776844714144,0.9457064795814172,1.5767699511755553,1.558014037756039,1.6927845074364207,1.3956362614251283,1.3848895518267559,1.1312180625905144,1.2995099518757678,1.107041115159782,1.417385244560313,0.8449349273511942,0.3529191237117075,0.7757765186179957,0.8293380037190501,1.0718393869840497,1.1439592859699246,0.7303814899663157,-0.09023166173959257,0.3608598979480229,7.254328619247669,0.10587758993840367,0.950429815999537,0.8571250772039131,0.29972001573840157,0.9461145044998169,0.8806301319024415,1.0184977087378124,0.33452083871957866,-0.3280113762852909,0.6407753300857079,-0.2048290772612056,-0.1162480029980872,0.1043797860953194,-0.007089111781752278,0.4780474704590959,0.2153093380260491,0.6859425349933816,1.2607065883467412,1.5310278774967194,1.2887309215447391,0.993086399885805,0.8542331935462404,1.2686209371405865,1.1862418260049292,1.0826782054954052,1.0304519938901346,0.9499252777883495,1.0839618784559606,1.0984706157057034,1.063201124475368,1.260535880648061,0.885766939879436,0.9015649927570191,1.1974566547072012,1.6202609104444745,1.757880933817271,1.2764071189526551,0.8746524443293887,1.028174908523543,1.1355308409136406,0.9163529671864028,0.584105845826998,1.4006473736161196,0.8582560683886472,-0.107811591361397,-0.16055666523748105,0.9368889950200516,1.0610666287761095,-0.5093037335614021,-0.5151906557338424,0.24077812874635182,0.5104385367698857,0.7947120340473885,0.7979502019419241,1.3368378238749585,0.5061241057040258,0.09623336926118412,0.6744443438162419,1.1079241036645218,0.15450040506636661,0.7892566313050754,0.46948950599560596,-0.12323842635401068,0.8535173932016082,0.5834059156320717,0.2780114871484632
ROI_035,0.18718776100461923,-0.05350810622279568,0.027834597900763848,-0.03703131782821372,-0.03863412248443725,-0.07312757252152345,0.05237591708774591,0.03542480531691232,-0.0690844945042744,0.08752978437759705,0.06286860320563763,-0.031993164308118584,-0.038715193811025665,0.08087950023407953,-0.04308972280014879,0.017814790852212395,0.08700306559560743,0.10801456562553251,-0.0076191279920569885,-0.038344154858537975,-0.0032295912861211207,0.11082464303307889,0.23572433481725705,0.11697236115874703,0.3039239920889343,0.3231779798079174,0.0340918245279395,0.014214783458062133,-0.10277004855725737,-0.11759287704272615,0.23582063062945896,0.4559479275272836,0.5234928359736268,0.10587758993840365,7.254328619247669,0.013177771657791644,-0.09690563104748909,0.22507859368922764,0.013194576476502407,0.008561997724310896,0.0747065313607654,0.19401615384186127,0.6032652855182188,-0.007784707042172412,0.7453561310312626,-0.09816135623826944,0.4038142167106005,0.3971902264623695,-0.050136601988286136,-0.11946098402882789,0.042633718234121314,-0.1596002613600548,-0.04708164078977399,-0.10621754271786354,-0.10096741407936247,-0.09085496723415412,-0.09835899108307446,-0.07227138968592549,-0.19093611467807056,-0.27349380977747106,-0.25221723775382876,-0.22246390905812438,-0.18657166892088872,-0.10879313776452133,-0.055897879648020905,-0.06334723268526407,-0.05788848843461036,-0.21249069896211348,-0.10561636899213032,-0.04736476730120116,-0.12033674708600811,-0.33756071785139496,-0.15909000302771806,-0.2034390212610194,-0.1977071843255103,-0.23317107429155642,-0.09603037465842841,-0.12823854169129945,0.2933768032872925,0.025242407655799538,-0.022729184629160307,0.07419356932360913,0.37460461921731336,0.3770780381126267,-0.10128825213750148,-0.10741478139583528,0.009718801096911017,-0.0017996123505681055,-0.022076479694341344,-0.2598239467189334,0.07745210473916062,-0.21533028423517786,-0.2551387008051837,0.06762733737390081,-0.157471027517851,-0.0007101347568686947,-0.1301748367539213,-0.15474409332672212,-0.09607660963497296,-0.013136026622615541
ROI_036,0.4968696877770129,1.0544635731779597,0.7282574373649592,0.9555853943018326,0.8229527707991818,0.6904283158720783,0.7138487928153389,0.8054055092845802,0.8282939704870895,0.8652537451046053,0.6928994411573925,0.8140787305440882,0.6932322641536761,0.511842420831585,0.5014161219682626,1.0651082378676089,0.7825454418068774,0.8277147637209545,0.7378382000917567,0.9878103115520537,0.6628989786327432,0.660589762028595,0.497959882644613,0.7953044865071146,0.74204013710656,0.23382460979510122,0.7589778142888884,0.6524762593945339,0.7004418830680098,0.614829808205756,0.6724051635050421,0.08895518683108111,0.5273916648137077,0.950429815999537,0.013177771657791642,7.254328619247669,1.1540279599448193,0.455573169709996,0.7672285691068111,0.8002291918572765,0.9482987584292112,0.3963238421914062,-0.33604893656672546,0.7873161815636587,0.08165798433320158,0.048629867649087145,0.1280979327917947,0.020985517520332734,0.6230421097660366,0.5498505175701842,0.6172842219009057,0.8791726890899922,1.0947122260276523,0.8886023899136142,0.6643274524411014,0.5412949022903334,0.8070116452081567,0.7572890601995967,0.6734658705194891,0.6897377519234434,0.6492317820009247,0.6070460121330364,0.7072795392681452,0.6118173691493647,0.7794559941589712,0.4481282422889497,0.6854215963770167,0.7097484059219165,0.8795887309704721,0.8372610351570919,0.7699200501972766,0.41173087317117896,0.5135808538770814,0.8023132832549004,0.6657896048299118,0.5243790201287964,0.8911581976581889,0.5434809786278124,0.11073605054066357,0.11189387391631837,0.6585884380899889,0.8797184307461703,-0.2840838191224074,-0.43454478978071837,0.1616610677508558,0.22196414095640263,0.977887605341178,0.6514348322701353,1.2366283571029508,0.6424685779470919,0.31843428083085246,0.6522448221975119,0.872012402035509,0.3809996933063208,0.4520613018701325,0.696907821189767,0.04230189716130096,0.5294766419682092,0.6759100484251075,0.6424430062499629
ROI_037,0.467062585274005,0.9663530689406314,0.7234782307777676,0.8477794610989974,0.7688985845448018,0.6982507167136756,0.6051407354140775,0.7513053298253407,0.7747980037464279,0.8750526413472488,0.6637824539142447,0.785638225461506,0.7219516753168809,0.572343290264439,0.5879742860412233,0.9740668122233052,0.7601828771442247,0.7766423399868946,0.7688033957450677,0.9323289871484207,0.7189476056626357,0.6283887969304153,0.5873666410644695,0.7329025962130709,0.5980888782288558,0.12525102951106068,0.7528673153634632,0.7027640191479112,0.7801981975045886,0.7050492553770017,0.6002756946328162,0.12467179087450535,0.38513990935453546,0.8571250772039131,-0.09690563104748909,1.1540279599448193,7.254328619247669,0.5037930140311174,0.6844087334514454,0.719469498602918,0.8292578306086015,0.3132896498846445,-0.3497768608147316,0.747443304113144,-0.05942003021885921,0.18763072405044015,0.10202002014127211,0.05149131087234016,0.5628883229057087,0.49671503701916425,0.7151937654747847,0.8830727628167704,0.9976069728969118,0.8442660428120634,0.6972068932119784,0.6073127804074303,0.76422024244514,0.7560884714892595,0.8785119840439978,0.8093745999744717,0.6944599304187706,0.7164453388185297,0.8027477128635432,0.6903750541517836,0.8946309767284873,0.5507797721535171,0.717997744714756,0.818013671079439,0.9194551441679257,0.8862688915722976,0.8289475338503846,0.5849667911106722,0.6649593491255911,0.8784666707174125,0.7156785856761119,0.6370459795004147,0.9504968524568777,0.6190550264669615,0.1324052078123755,0.21590196684433846,0.7265889092183535,0.7890530449905512,-0.2910449711207772,-0.43100878388773567,0.2630170122027815,0.33939176489876743,1.0287568045270545,0.7411955804720959,1.1216259516875966,0.6766408638305944,0.2690465861347452,0.7953967669915631,0.9102351235226293,0.43504327034362583,0.6382181347057652,0.642391178336284,0.15995406943035675,0.7385653976159358,0.6737927717350166,0.5292771702269122
ROI_038,0.7603910033179713,0.38109357810010575,0.3913995789492176,0.34071405247779407,0.31786099590127026,0.34279131615033825,0.570887945005967,0.3355681223926249,0.2837954561208409,0.40303847523278774,0.36813062903370003,0.4128778670807261,0.4000651239017838,0.27341819551724716,0.21560767290514396,0.48302957518920736,0.39696351524032225,0.39772090079210337,0.38320838360794385,0.4103346248029326,0.34149003377956766,0.39194937729727974,0.4018997190198311,0.4754247109096872,0.6608276626863506,0.4082338085212101,0.5261453766738037,0.307560330393055,0.2864098046038325,0.2802080614890886,0.2921020719689778,0.8065070463683472,0.5702373023589871,0.29972001573840157,0.22507859368922759,0.455573169709996,0.5037930140311174,7.254328619247669,0.6667022986375668,0.666485087308428,0.42277374311379456,0.6071336113673844,0.27062486676251846,0.5031927303378352,0.1582992551263977,0.3334150388476781,0.1834671980109411,0.21781085377541248,0.5930767883286729,0.5556468113577551,0.6126409958300851,0.3458675863891547,0.4364671493877661,0.30059079595184723,0.2312817926830086,0.23403316774947092,0.26047128405112807,0.2517208135408809,0.2519951032034157,0.3002916975081776,0.29977901538701235,0.2466728241676028,0.4031414345411594,0.2561824317257379,0.39126742592143954,0.17743606637059794,0.4945660804150441,0.32567864086556825,0.2609350150165077,0.3188835662572754,0.34342661047782225,0.078573562335497,0.2845798784776669,0.4157794329232884,0.3586880506849109,0.36387726519127295,0.40884923939569967,0.2685948603951568,0.3209556306190549,0.6833578321461835,0.15312944578294785,0.23693165719200537,-0.1394862142060569,-0.311231230703261,-0.12961523167071415,-0.13934232829708673,0.5716874247798032,0.16729517388906792,0.40309657915168334,0.43303020321116037,0.4111433034813568,0.6520285012706666,0.3796571654866576,0.5308945337356185,0.016744797261076867,0.3651667052895012,0.20235218562741702,0.21137295295143402,0.5422658900222426,0.706202963141029
ROI_039,0.4747089987546345,1.0703381414354811,1.0887305792874902,1.1515374697343137,1.0851688659789223,1.02394596190904,1.030177999995681,1.147130959467758,1.0356208447302728,1.133844305433086,1.070638473460203,1.0247171807841595,1.0236762728748328,0.9561381765074609,0.8935808786448713,1.09885049467329,0.9664880388527732,1.165758862918248,1.1793523141616578,1.1141487198177142,1.002059649721336,1.0273037165470138,0.9226427223405027,0.9573531131600178,0.7237604785514324,0.2750625602051975,0.7756399653661067,0.49528116484289186,0.902528129755959,0.9059421934571816,0.6515472485424045,0.06698947802552238,0.43249397283177693,0.9461145044998173,0.013194576476502407,0.7672285691068111,0.6844087334514453,0.6667022986375668,7.254328619247669,1.383848660501059,1.0538785950620109,0.7329946357761657,0.061632188966547055,0.6933148358888899,-0.15479025323515389,0.2533822790202131,0.3096487012542813,0.09565570233956587,0.72413285764647,0.49420143676893974,0.5519480545238249,0.9930868764202256,0.9868428921210226,1.0472675488198753,0.9559154041061036,0.818327283421815,1.0266391816880187,1.0107362122747536,0.7627215438258323,0.8228106364996265,0.6342219222899772,0.8375333482629971,0.9523276789319639,0.9594400042398875,1.0071855045610814,0.8545921871755279,0.8571816186711265,0.9535616922086672,0.7988787077649286,1.0056776076231357,1.0595000386753841,0.5655762198528729,0.7260846689167288,0.986558273219735,0.5706009456607769,0.3192774083358609,1.051254375658987,0.5892103490968582,-0.12036704915949326,-0.04598365006542004,0.39340540366169663,0.6309357037748031,-0.5651816479827555,-0.7688445286307296,-0.052818608085509006,0.2654817269553019,0.6619222765639394,0.39939760342829017,0.8430702449959319,0.5949042643930536,0.19471403645603874,0.7182654288207329,1.051642522605265,0.1481164012655852,0.46163224970488,0.5333306851900642,0.14978615891068076,0.5710879667210678,0.7485870079793031,0.5697931542399907
ROI_040,0.5580763419044966,0.9330074247288848,0.7799592623079363,0.9786415878867538,0.942934739217406,0.8604011942587535,1.0935724437491843,0.8803100659750196,0.8123758902194549,0.9163280704890221,0.8569726172930766,0.8636300060662406,0.8368444145688305,0.7022125966716507,0.6550360787014492,1.0038295561336739,0.926618973428116,0.9363574058275845,0.9697060795579283,0.9817959454117853,0.7687738952906982,1.1140321808801987,0.8280898510265989,0.9896066008305533,0.7138588881225617,0.2719880057161078,0.8066138584641835,0.4613332290641421,0.765302086545542,0.8003986135070629,0.5138426137332032,0.12336394123865237,0.4156367131318909,0.8806301319024418,0.008561997724310896,0.8002291918572767,0.719469498602918,0.666485087308428,1.383848660501059,7.254328619247669,1.3011726662614234,0.7189916216303869,0.10130269936824506,0.6583953672953979,-0.21486114599804926,0.3039526149901548,0.42395476681063415,0.21224795836012644,0.8516187751246451,0.6942715561769576,0.4659786613722511,0.7691379175217145,0.8764909420084,0.9148131062803192,0.7363710106310027,0.6020401276814827,0.769961981681505,0.7609453762919418,0.5680790302139447,0.6649260417860977,0.5284584909453998,0.6702221127301525,0.7495576267367141,0.7196045079049125,0.8125534405097211,0.6358554340830971,0.953595266423459,0.7887746458790398,0.7067490271140141,0.8575183463855998,0.854985588923155,0.45172130361231494,0.58340719436978,0.9746865458416403,0.5008788646366654,0.32480356436256064,0.9500919071758016,0.503278567249676,-0.20913347661551931,0.0208416102584406,0.3675947341263811,0.5893353207095599,-0.717897528925614,-0.8286574690880135,-0.18680122605160193,0.2256675261939339,0.7181693846340045,0.3800467012944961,0.7715290955851812,0.6771388876309361,0.08919926968174939,0.5824292152362576,0.8969687951465977,0.14462113794290227,0.36433128785426283,0.44150871186696516,0.21277465504598683,0.4731928344867916,0.7905860754296695,0.7794101939658548
ROI_041,0.4132090231431588,1.0637424669484168,0.836655014862046,1.1932043533226708,1.2739018197408776,1.052926371814918,1.077508683549252,1.001886344262948,1.0177583241063957,0.9336660152863773,0.8512079104911927,0.7304565234066114,0.7668529525784158,0.8263613891682242,0.7901249666840798,1.0653918816184356,0.911911240205927,0.9543974736347537,1.0262886264763662,1.0584639816365933,0.7455677192890148,1.0224706428567703,0.8086032401305927,0.8663206848167607,0.4997347941219347,-0.019373923843555685,0.5469788994388297,0.38768848312011966,0.7211343163004792,0.6969380825760007,0.6214249156241551,-0.06663005561561386,0.42985810552215736,1.0184977087378126,0.07470653136076541,0.9482987584292112,0.8292578306086015,0.4227737431137947,1.0538785950620106,1.301172666261423,7.254328619247669,0.48435567609084573,0.01225399069687776,0.6508273785888078,-0.14614868247622273,0.3251687467222699,0.6446272830951306,0.343107211470177,0.8695813877065947,0.7079071392029086,0.5158536534763087,0.8479542496084492,0.965383859659872,1.1724070907237765,1.0125989101041841,0.7604954477042993,0.9218307156059756,1.0239466448671268,0.6457970448057841,0.6912844159473293,0.40552851046524624,0.6975393330781536,0.7127150577663375,0.9310227483547705,0.8434869623112901,0.7894070231985385,1.1225058360215752,0.8254540596250564,0.7743272019879377,1.0030485241729978,0.8462593722920606,0.4970983953392608,0.5891494565794585,1.0873952767706747,0.3678737592670878,0.18060380733207948,0.9860614109796597,0.308600673006369,-0.19462584969391927,-0.10611977129902761,0.5226464813129673,0.9570760187947456,-0.6189310162379316,-0.7080372256855947,-0.1741684003756642,0.5143506741549231,0.7746382564813872,0.4405443892546701,0.8873071091272214,0.9864905784434026,0.1611790461813342,0.5692507699608542,0.9738736789474033,0.21537527874440965,0.5907606625225843,0.5300841962636049,0.35131824040696663,0.6303851442643454,0.886126907787975,0.7311608256246357
ROI_042,0.6226683173519112,0.4767244150525373,0.48419369163751236,0.49306007036029437,0.45262036382479914,0.4816009271846565,0.8017649083236825,0.5054029729516821,0.41303296536602563,0.523054547905238,0.5634053226936919,0.5470575569399239,0.4959716238910198,0.37671792014561156,0.3366421948499809,0.5235202814785672,0.4620993051235874,0.49264031439660005,0.444164954826133,0.5400925547356548,0.456880170253603,0.48665555682567985,0.4471131660839863,0.4755833688136285,0.7243860000769078,0.3831974584788562,0.6720220512165985,0.4114626208757301,0.4786177195681496,0.45718444810553105,0.5682270087749527,0.25677728969241875,0.4587063951705278,0.33452083871957866,0.19401615384186127,0.3963238421914062,0.3132896498846445,0.6071336113673844,0.7329946357761657,0.7189916216303871,0.48435567609084573,7.254328619247669,0.29870347349433646,0.6681163079593442,0.1402427289057317,0.3721313335535017,0.2504600911616829,0.195697299677911,0.5910469454891656,0.4569967090012514,0.28323778497586943,0.4114331270544303,0.4467864228778514,0.4207913602060457,0.37950461114969636,0.3252166429582112,0.40441468669980507,0.36178802373216734,0.22764884102347732,0.30580389052586265,0.32359423190904946,0.30295443102344016,0.4211168326402684,0.32660713159188404,0.45531675149410605,0.2816219839919653,0.43062369405148293,0.33688594973101266,0.26190035018272023,0.32375581212498905,0.4457988390897481,0.055325671851768864,0.16326314412540038,0.35712004249088525,0.2771941624470816,0.1981805917488726,0.5014059239237197,0.35917515045815457,0.01031512970873927,-0.010099848615390249,0.022769359038869078,0.11902329701838615,-0.309282521413614,-0.4526118129280101,-0.15984144647811654,-0.16832384128931338,0.2462582772323648,0.32315185172668004,0.3878898571429117,0.20586356529368624,0.04960368528938217,0.3098619828879416,0.3683298956717779,0.21735190185096329,0.01565890830311679,0.5271806408282849,0.2390552687648944,0.11490950893248787,0.5196869671670727,0.46724507340554516
ROI_043,0.08085690823294671,-0.37739125252596334,-0.24554839899988765,-0.2994438214524503,-0.22445593685965243,-0.20374960162317518,0.011558525125208252,-0.24451700883308372,-0.3079853855645435,-0.2844138992051881,-0.20508102292776728,-0.40580998519825867,-0.3498003113070987,-0.10404635022541409,-0.23310343220929455,-0.33658126851836884,-0.3121293737674209,-0.25323834522700983,-0.24103168729936278,-0.335104009534864,-0.27465877358953794,-0.12340742006861966,-0.031139192159463255,-0.2108996992062479,-0.0953544536004003,-0.007996183861657905,-0.23324577233806945,-0.49550694040777216,-0.41567601555599343,-0.38317900318504394,-0.1560019771765214,0.4478686405322723,0.31446055447886684,-0.3280113762852908,0.6032652855182188,-0.33604893656672546,-0.3497768608147316,0.27062486676251846,0.061632188966547055,0.10130269936824506,0.01225399069687776,0.2987034734943365,7.254328619247669,-0.26791359177637436,0.42880413378629617,0.2447140099173434,0.772561979659629,0.45995445301472726,-0.009705741877158565,0.042309469616938614,-0.2300705142970181,-0.4776212600898916,-0.43289539929768367,-0.3354884983219252,-0.2550861552130773,-0.28625460383920404,-0.3766572434917054,-0.3110019119806593,-0.5409552652515812,-0.5880060899156716,-0.738982627277787,-0.533702572949486,-0.49466670339469665,-0.2954032251761655,-0.32721301379081075,-0.2104373863683506,-0.15936568517857494,-0.47063574389936363,-0.5508643323565068,-0.38333819406042813,-0.3606655499915784,-0.5686444773767738,-0.4734130389950804,-0.329575446683961,-0.6936270846965484,-0.70082244731159,-0.37963524239573776,-0.516898059856757,0.029516887574951283,0.10932405883495713,-0.5237341391067191,-0.25536180477372394,0.20478442526006554,0.12903718428771457,-0.5816662333623985,-0.22039410938730106,-0.23915150007420846,-0.5296600038334045,-0.40778027509608566,-0.15789734853093343,0.005939741480468916,-0.3606351738218039,-0.37974922511918513,-0.10118360287941024,-0.4706788998385433,-0.24333211377674316,0.1461532860302779,-0.4653463480931451,-0.0998378242900078,0.12232951720092511
ROI_044,0.7113404715651809,1.0479629097929744,0.8968384605517414,0.9959186159051026,0.8829473819637594,0.8656406485740634,1.0142794017085628,0.901565353849585,0.8429388367710159,0.9608012570913145,0.8352347332736676,0.8625703119578833,0.8619595705400567,0.659158611926765,0.6955573405922256,1.038993158314588,0.6914122851762807,0.7831933015370176,0.7098387244756108,1.08486802367823,0.7996301817165579,0.5966588225176657,0.6885861674988223,0.637041373352692,0.8038857632602672,0.09784084704904873,0.7213677416780617,0.818495250686499,0.9228008754416903,0.8473748703404813,1.1462463511521614,0.12452177507239559,0.5135138925967745,0.6407753300857079,-0.007784707042172412,0.7873161815636587,0.7474433041131442,0.5031927303378354,0.6933148358888899,0.6583953672953979,0.6508273785888078,0.6681163079593442,-0.26791359177637436,7.254328619247669,0.10405847706561544,0.5168595675371667,0.09693397284960245,0.19817696982378555,0.9209973643380518,0.6965268697021287,0.7676139751987944,0.9572748701626091,1.0154229181966983,0.9575422221980773,0.8121744666954559,0.7385312488004304,0.8865406040712505,0.7982502379062087,0.7808892578898969,0.8725829263759732,0.8066234203269141,0.7558966210059451,0.9392820222602294,0.7335967302294067,0.9144204921066861,0.5934064701154635,0.8508111906450995,0.7935308567234184,0.6456751434764381,0.7694967478869872,0.795609806063246,0.4386043641575867,0.5789130521311551,0.8091464168097411,0.6182475772475301,0.6191897186843734,0.979678718342844,0.6834144079480886,0.25231377462099513,0.07776982929571277,0.35596003417182814,0.38828512210764576,-0.31832427139187114,-0.5534258926377059,0.10673409648100081,0.034123553140286984,0.5473222390889971,0.7210254400801479,0.706541826654458,0.4708555094348446,0.35853042121696277,0.7941169733519625,0.79352131000255,0.5098596438488571,0.4862108240520812,1.389999115705117,0.4193941715529806,0.6054491967115988,0.8913233898055998,0.6285255165828056
ROI_045,0.23028146660874912,-0.18172158678549838,-0.1737020422715361,-0.2140708843469046,-0.22879601362131113,-0.25238466723015396,-0.11923073410170092,-0.17967970855517956,-0.22079442509048802,-0.1460909855531618,-0.25349807479534575,-0.316632150095053,-0.35579436710912976,-0.2003181567980315,-0.29614854678527125,-0.17642164869409627,-0.36601937064067025,-0.1878066003127811,-0.331983653944181,-0.1864281725483741,-0.23447610410050737,-0.401511849404573,-0.18651013971171157,-0.28793244371516724,0.10706936066705033,-0.037741241427542434,-0.12722606703373782,-0.1010929048515946,-0.30926224298267896,-0.36542921406395634,0.3152029086688311,0.6135706177310251,0.638451053910081,-0.2048290772612056,0.7453561310312626,0.08165798433320158,-0.05942003021885919,0.1582992551263977,-0.15479025323515389,-0.21486114599804926,-0.14614868247622273,0.1402427289057317,0.4288041337862962,0.10405847706561548,7.254328619247669,0.03900737931780192,0.27085037696229447,0.1659894365467831,-0.1309653724797474,-0.05170822645421186,0.0589949047839657,-0.2680683569768781,-0.171353876865809,-0.24993219375702042,-0.2471647066300474,-0.2525490388713487,-0.2344653839823456,-0.24134509018929698,-0.2996375371097575,-0.4218541210439066,-0.3909447844031997,-0.5198970893372123,-0.3922223964304256,-0.31809685198376847,-0.2054736894828408,-0.35193791478750003,-0.26726336753068947,-0.45631889562702155,-0.3307097148749957,-0.2793256943838685,-0.3196131985852569,-0.5938605616186341,-0.5186117930797179,-0.3837579830495876,-0.39506942134553774,-0.24723489600271464,-0.3113327202425041,-0.256908637700601,0.7316916275393426,0.27046998612658735,-0.1672479892004511,-0.05102272164488235,0.9137104109940477,0.4590863151708527,0.038566120577038565,-0.27717679605070783,0.03451511722650292,-0.08226964746535236,-0.10469617184569383,-0.25274205994492566,0.44641703789099524,-0.195569991703543,-0.30851845454773097,0.32674722756976243,-0.2579610358882063,0.2970432843579624,-0.0017758152728728886,-0.32104213256715747,-0.12784305606995397,0.007826235656441
ROI_046,0.22218478386866758,0.17237501851080564,0.2755828133951649,0.23044684881197278,0.34645293528878124,0.4675404833029896,0.5637673054351667,0.2336984641522261,0.2934755478113216,0.10401176892251966,0.19502165371817134,-0.00569741889713414,0.1741840308717318,0.343034510443372,0.3742411396952827,0.1244948903683826,0.01900754354543767,0.06978065505402356,0.17468242352110247,0.23914225565793085,0.2130273356994806,0.104274344385683,0.23455966703895365,-0.08710348657859249,-0.05114037047841479,-0.48210093667623233,0.12793964221595444,-0.042506481846203,0.17579904360348877,0.11496257998846995,0.2569627999542449,0.0486569871084987,0.16766844392795766,-0.11624800299808723,-0.09816135623826946,0.048629867649087145,0.18763072405044018,0.3334150388476781,0.2533822790202131,0.3039526149901548,0.32516874672227,0.3721313335535017,0.2447140099173434,0.5168595675371668,0.03900737931780192,7.254328619247669,0.5951791250175634,0.7754964668894803,0.7700283819002083,0.9141265591432459,0.20710735268329536,0.18868384919113418,0.09707167561528793,0.2915095238964886,0.3875974928408716,0.4220635487466308,0.20862758254252817,0.28397193510622903,0.15538264480607314,0.2497844178303489,-0.0389588864287966,0.19471620253676605,0.22174571515583288,0.3384556360795036,0.2291235308372193,0.3757654231782359,0.5020526278078176,0.221953696702413,-0.09962348814204412,0.08885528740491738,0.1907860742791906,0.027883576459367235,0.10196601036892673,0.2604410000000881,-0.15568478046275808,-0.11840380261350916,0.187221715497041,-0.1113058328443228,0.0240152976320108,0.12462424169215681,-0.29039484012845007,-0.13412813467798082,-0.23785540304739228,-0.3720359435874043,-0.38203749463755626,-0.03392170260258857,0.056109695716479606,-0.029862639034818183,-0.08995261824111511,0.42566292883573076,0.25082344227439174,0.28564306160933767,0.17384485141513653,0.2829244594951367,0.0760128175667389,0.5610674289353856,1.6061955083668573,0.26730181442534123,0.6944614612780945,0.67132228652811
ROI_047,0.1432343515118393,0.13015905535509834,0.1760181383124013,0.22582707984772815,0.35309688618228335,0.3376869646938618,0.429560228714255,0.22585312477321662,0.2415472693649608,0.10483548787007552,0.14994599250267274,-0.11548460521848154,0.01436987429061695,0.35264738474750795,0.2576915274594497,0.10997219438678135,0.04714865590570096,0.13548600801404823,0.1944672268710932,0.1508915221223233,0.10404180717428688,0.22315979333847508,0.29964574752001033,0.027609307654244585,-0.05356745844645542,-0.3826947757958518,-0.058313150701379976,-0.29308135325591644,-0.019770340191418215,-0.05906080753714108,0.17079310851250298,0.10220133133936951,0.41166795623034375,0.1043797860953194,0.4038142167106005,0.12809793279179468,0.1020200201412721,0.1834671980109411,0.3096487012542813,0.4239547668106342,0.6446272830951307,0.2504600911616829,0.772561979659629,0.09693397284960245,0.27085037696229447,0.5951791250175633,7.254328619247669,0.9122058604221712,0.43796958843065326,0.49533943426494137,0.025787380410551716,0.01486181591711711,0.04103883735116202,0.24553495943774423,0.3154980277446243,0.2360570528785272,0.1296385713437189,0.25273602249160887,-0.048197786874283485,-0.07704281913292096,-0.4175220574080963,-0.04665496249381291,-0.06339972547834008,0.2433528513101316,0.0928884498033541,0.2855221855808173,0.3731462872740148,0.03278586949743412,-0.10353327937037043,0.10929846637011678,0.06843180457649614,-0.16345604034671407,-0.08453018861082646,0.15753616227711023,-0.47421268137462225,-0.5766004650456826,0.0854078005188086,-0.39894938200903546,-0.10712251910615825,-0.04698380496681939,-0.15105527236508076,0.2236777012244056,-0.11248211068166107,-0.21189640670999757,-0.5978451305967479,0.2175164161830594,0.15644020687601132,-0.1783048413647164,-0.0017405393314258797,0.39255471319327956,0.14973984918236433,-0.04051508445754061,0.06361993261557201,0.056210946148255454,0.03305405831291587,0.16479119531661254,0.6046185991158562,0.08328682318327088,0.3873128460922841,0.4865863376498375
ROI_048,0.16840679410593612,0.0776118353301076,0.20867126596178162,0.15660435363218134,0.2940637099453918,0.35757498417016453,0.5309778624046635,0.20553419266684633,0.23617060434060022,0.06540384805332966,0.20000697630796177,-0.09201247383097917,0.08203577779364221,0.3831223408152336,0.3120306069791755,0.08819022072951815,0.09526332881733264,0.1088524549843284,0.15312554587450564,0.16077185335466868,0.12724605791794005,0.1939904409554357,0.34207347093384854,-0.0496041584865784,-0.04992034800413415,-0.3042176451417471,0.01576226708041022,-0.24355764406512223,0.01132680336027746,-0.12763864264955743,0.09533196239413562,0.09301380112432024,0.349774743444702,-0.007089111781752279,0.39719022646236946,0.020985517520332734,0.05149131087234016,0.21781085377541248,0.09565570233956588,0.21224795836012644,0.343107211470177,0.195697299677911,0.45995445301472726,0.19817696982378555,0.1659894365467831,0.77549646688948,0.912205860422171,7.254328619247669,0.6368482029998492,0.688771874859349,0.017248439069758984,0.01803172161152285,0.00954368101474804,0.19452205823674829,0.2815520361912941,0.312881971928949,0.09433558394563284,0.21206549884630826,-0.0465597864155312,0.015153048346404721,-0.2946908633231887,0.037477815948522626,0.02790587949501814,0.24556624960282306,0.09341816772175737,0.3381219309693179,0.45198735341362123,0.05032812659028428,-0.1875207316431352,0.03077489672060077,0.06928179459637171,-0.2359776879872096,-0.006628498719647245,0.10610144887486864,-0.35896992337419087,-0.448149823763815,0.05696054502897503,-0.37574370508529203,-0.11986118683386608,0.00020918968554610006,-0.3416618061508553,-0.06244341406752336,-0.20395359847303182,-0.15232943083861783,-0.6874308610357399,-0.09985800906508917,-0.051027729567996866,-0.19280864796663202,-0.1198459216290337,0.22522861424919619,0.05367464089979873,-0.043775818886689535,-0.0949333957605903,0.03133859534280164,-0.17533460145758684,0.19640028087899436,0.7379825627048627,0.14787694147028138,0.5585038706634056,0.5895831442052215
ROI_049,0.48556084271713396,0.7760045800618358,0.8185939013384146,0.862657829321164,0.9957953398974082,1.0702592688747188,1.516269418483876,0.8028589207493224,0.8865027589638046,0.6383436424851214,0.734615120306492,0.5368534295066373,0.6905810521797903,0.7358071934500073,0.7398758016235767,0.796809828106315,0.6220205238143021,0.6628156565868094,0.721076002989073,0.8921319021094865,0.6784077791091269,0.671088541542909,0.6283364583833925,0.4728650177723568,0.43485010704164473,-0.07772413317915827,0.513480620908954,0.24662633791041794,0.6308998205312731,0.46610238659185,0.5113164297499208,0.03678534280354553,0.39663409386245135,0.4780474704590959,-0.050136601988286136,0.6230421097660366,0.5628883229057087,0.5930767883286732,0.72413285764647,0.8516187751246451,0.8695813877065947,0.5910469454891656,-0.009705741877158565,0.920997364338052,-0.1309653724797474,0.7700283819002085,0.43796958843065326,0.6368482029998492,7.254328619247669,1.3308746793426167,0.4729485062672878,0.680316460468086,0.7060570255654404,0.9098218613214698,0.8775950609575689,0.8050040404570239,0.7183534027648589,0.7766404230917032,0.4734916636705046,0.6548949208496027,0.36780071642264744,0.6429528957258864,0.7075923694423645,0.7839896049931222,0.685367716497614,0.7107359247667425,1.1590391096409105,0.6673510970314568,0.3693204517436772,0.5947912649890136,0.6856319034612088,0.2369319183520402,0.4230576649414681,0.7684273586779161,0.26143407765035903,0.15415641862614185,0.7193731808184095,0.1832948764900705,-0.15260206981344196,0.05970855134612212,0.053323989506610825,0.29226311331836974,-0.6914259280312633,-0.8940620256406404,-0.461407681668744,-0.020706699784119473,0.4159168430958899,0.20352797032360948,0.472049595378978,0.6865463705126552,0.20895050148727215,0.5747341924212478,0.5919238554205851,0.23446400193854283,0.18323712640741835,0.6987444065768631,0.6839452980719939,0.4682258764117241,1.6296423258118735,1.155973702910566
ROI_050,0.4823079409662882,0.4445833500827604,0.43632312483755786,0.49557196076064625,0.5832496084240149,0.6394831128960593,0.9344462979925069,0.41865725845273477,0.5060291315898965,0.3106473669708407,0.387435297466627,0.25605714925126666,0.3645305196857949,0.3779016868687419,0.3806971453466916,0.45771143574106693,0.33922499636442277,0.3171615135841554,0.3847009242828488,0.5221497855787798,0.2918831002070134,0.40401504852807235,0.3568718244151559,0.22742006442764648,0.22422708821611945,-0.18403606673023346,0.4256963441039023,0.07839477641018447,0.31517331863768944,0.21886353569711428,0.26332497853548376,0.1056933034953341,0.314874318315945,0.2153093380260491,-0.11946098402882789,0.5498505175701842,0.49671503701916425,0.5556468113577553,0.49420143676893985,0.6942715561769576,0.7079071392029086,0.45699670900125144,0.042309469616938614,0.6965268697021287,-0.05170822645421186,0.9141265591432459,0.49533943426494126,0.688771874859349,1.3308746793426167,7.254328619247669,0.3184704187830299,0.3905077564369205,0.40199593821255036,0.5328199640113762,0.5096557967612655,0.4631488943037194,0.37183382353261774,0.43481802576067374,0.23148130406424078,0.38340374154059365,0.1613218485190806,0.34412647220791415,0.3910368573306239,0.4356346133404981,0.3468902785903606,0.38447334062484273,0.8572998289711733,0.3888927754015927,0.15647911485765792,0.31020319977172317,0.35255104088609746,0.07219140618609911,0.22309841293976718,0.5679419216176875,0.09934970826036901,0.06643449176621,0.41625665864202654,0.02278601619858868,-0.11468997951922952,0.20880454051567282,-0.08327193430418617,0.1830843756387431,-0.5120812127508267,-0.598574388885359,-0.48033896099919987,-0.07777330240243142,0.3688424276977125,0.060016599223352694,0.3160060891163323,0.7513797615608782,0.2063437936089065,0.4584226469728343,0.41094713279349054,0.27519940625991796,0.039590965729718555,0.5748182151257732,0.8992264688524797,0.35232754472698397,1.1179647411496745,1.6358434124609822
ROI_051,0.5683076376862771,0.8187723124393547,0.6801050691661122,0.7292401315078699,0.6478484146748631,0.6094552501721437,0.5363093134437165,0.6601107271492618,0.6479574822048737,0.7297548698104005,0.49621417160333897,0.6645911071310219,0.6015798974787528,0.5076888523462731,0.5340403407847276,0.8226569638036704,0.5952865326817127,0.6609525602621685,0.5948894289091087,0.7515789967345815,0.6502192877724092,0.4375522703132156,0.5284988341506507,0.6027816019140664,0.651646138222322,0.11158468719935677,0.42387420567133494,0.6507176841488723,0.5713791988849186,0.6091331694252047,0.7059346031550856,0.3242823765407681,0.4632075229328783,0.6859425349933816,0.04263371823412132,0.6172842219009057,0.7151937654747847,0.6126409958300851,0.5519480545238251,0.465978661372251,0.5158536534763087,0.28323778497586943,-0.23007051429701816,0.7676139751987944,0.058994904783965685,0.20710735268329536,0.025787380410551716,0.01724843906975898,0.4729485062672878,0.31847041878302995,7.254328619247669,0.8358997841721326,0.9464910101333817,0.7378753867741511,0.6341036466318872,0.6295699130467837,0.7187232790201318,0.6771392631869138,0.8281145174587456,0.7655314463958535,0.6248397054400107,0.6235998204517184,0.7625940391945195,0.6625932883959275,0.8155699698718814,0.47702241031808884,0.7638229965005685,0.6729684174520235,0.7568922857030665,0.7881264580665353,0.7245358802963272,0.6099454795614415,0.756207739028221,0.7891270989932473,0.6512158901255141,0.7126902582640112,0.7771002162339046,0.6041268681594921,0.4558109740206538,0.43809155932690946,0.7043718274976176,0.6873735090404723,-0.03823193533645694,-0.25871623092909696,0.3500474344673111,0.3535713330713954,0.7822123737214532,0.7055690980918788,0.7520186848761143,0.6390416115768652,0.769118349052972,1.1372029936985597,0.865736211713865,0.8326496489127664,0.7199339851352731,0.7128021535020796,0.20196272062370646,0.7214449458299561,0.6434534542829786,0.31781270688254537
ROI_052,0.3938159193295045,1.9380993463612106,1.5042423091033026,1.7750623543389916,1.4791266544008435,1.3849366532488292,0.9488413355415799,1.7229100870315737,1.6343758420656453,1.5786550345814974,1.323795072396151,1.4125987572174967,1.4930240699149315,1.2129171347991323,1.32382166078355,1.7053548237140166,1.2261253468209274,1.5188036745212206,1.5152870695745957,1.8342261891963467,1.5129026182995617,0.9616652315310628,1.0043550228623164,1.0064739681517796,0.7115943862345834,0.136669014871644,0.7144517917637377,0.8027557962952923,1.4696487779205993,1.2493570991470753,0.8830314198007148,-0.16452334062928795,0.25879918585806777,1.2607065883467408,-0.15960026136005478,0.8791726890899922,0.8830727628167704,0.3458675863891547,0.9930868764202254,0.7691379175217145,0.8479542496084492,0.41143312705443025,-0.4776212600898916,0.9572748701626091,-0.26806835697687814,0.1886838491911342,0.014861815917117108,0.01803172161152285,0.6803164604680858,0.3905077564369205,0.8358997841721326,7.254328619247669,1.8191037270891848,1.7960515178515022,1.470487709431693,1.3986744830850977,2.084569440167036,1.7213965208934852,1.659255065008055,1.8483748173241623,1.1576465479773619,1.5580577804462532,1.8893573002423378,1.587135522789107,1.884818255848958,1.2135612125996662,1.0870710326944621,1.7565990510250562,1.3989863576089963,1.7185761295638673,1.7985720909454461,1.0424363395770206,1.3279011058434123,1.3715447246735195,0.9995187998583834,0.6969777701500522,1.7933428446530066,0.9021442042845095,-0.007894612442725957,-0.08895794010203323,0.7643241011242405,0.7731607623742045,-0.565879315105121,-0.6966347651018047,0.22736785253588337,0.4112519018242299,0.778682384524863,0.8127001495741718,1.115563930300096,0.6434610129289607,0.28316772056585976,1.0701863272116707,1.3529173022411294,0.3345617581513983,0.9120367070253967,0.7776516498191803,0.15016796371350305,1.0693807348003577,0.8882451494560725,0.3530720230769271
ROI_053,0.5220214081234457,2.1881595327209915,1.3144841791295845,1.8152331588140014,1.4242754669905016,1.1878882278123135,0.9775641236894032,1.527092763657502,1.408611117337047,1.7078334980959518,1.1858895514013355,1.4683640070161594,1.2976594662429597,0.9735786378455066,1.018023105195367,2.211925457744741,1.339607516235177,1.5506521628307786,1.3219229391931007,1.8861230491314718,1.3107299230015104,1.0193173997430776,0.9193952419186316,1.2168564185318684,0.8907982284648628,0.250440983830101,0.7992833248947618,0.9427619300732554,1.29974547913651,1.1865914672184503,0.9084523965604776,-0.02542452712157626,0.3990643193206277,1.53102787749672,-0.04708164078977399,1.0947122260276523,0.9976069728969118,0.4364671493877661,0.9868428921210229,0.8764909420084,0.965383859659872,0.4467864228778515,-0.43289539929768367,1.0154229181966983,-0.171353876865809,0.09707167561528793,0.04103883735116202,0.00954368101474804,0.7060570255654401,0.40199593821255036,0.9464910101333817,1.819103727089186,7.254328619247669,1.6586084416619136,1.2132248942804327,1.058566052048228,1.6441582747649635,1.40706421241286,1.379703693971242,1.3573856921775513,1.1451201658193584,1.246446582822106,1.5002013620646681,1.2331791645115449,1.6096458504435533,0.9153924816841227,1.1396789999361925,1.3921828726333363,1.5582491493248194,1.728602238231548,1.5645620369575608,0.920198325793448,1.097020720466026,1.3744151820247243,1.0420689009792377,0.7846260688981377,1.832634579303069,0.920157943739759,0.05467690286375242,0.0060298582999973715,0.9263871834339317,0.9586888354645372,-0.4927739983591716,-0.6219179038784611,0.2566476012161073,0.4298699430038056,0.9009555040320896,0.9145535144975094,1.390754158105455,0.6767373645579947,0.3194950813612428,1.033749141607638,1.42367744780701,0.3986212154801403,0.8654133072950216,0.8033104243256166,0.06719524580758865,0.9571082307423244,0.8761976740410817,0.41389376886466783
ROI_054,0.37542386526751714,2.033457217038302,1.5420416510521966,2.5291991680936374,2.4381148293409947,1.8280081355077145,1.218518152683442,1.9561227204739922,2.100313172147142,1.5166272915804035,1.3537524036201094,1.1551334834851568,1.3225373979566668,1.3716594780217761,1.468814642813056,1.7223620531333919,1.1929564400515413,1.516697291327546,1.602502171552335,2.001727743088153,1.4215029056783726,1.0631779232665675,1.0416113578350257,0.9506107970319004,0.6110912955748625,0.0019272779033623689,0.6196019510523767,0.6049114854857048,1.3175157874138457,1.0874932300845508,0.9040846423267113,-0.21592360233534733,0.3187644950354937,1.2887309215447387,-0.10621754271786354,0.8886023899136142,0.8442660428120631,0.30059079595184723,1.0472675488198755,0.9148131062803192,1.1724070907237765,0.4207913602060457,-0.3354884983219252,0.9575422221980773,-0.24993219375702042,0.2915095238964886,0.24553495943774425,0.19452205823674826,0.9098218613214698,0.532819964011376,0.7378753867741511,1.796051517851501,1.6586084416619145,7.254328619247669,1.9807196498732687,1.511912760517871,2.1689373907247127,2.173044109367996,1.2877158396002208,1.4141695722400993,0.8322623884289968,1.3703673284694042,1.4239748879637397,1.85348444218693,1.5986006276215916,1.3495619288021714,1.3377419214497104,1.5216820755807239,1.1515347509174063,1.6888375120347263,1.581583406823807,0.8679736790835731,1.025422526684676,1.417465164093449,0.6871752317719492,0.43915266454220314,1.5987156093736334,0.6292207655674825,-0.12257987315329807,-0.18324327120621794,0.6271619074324722,0.8215948926658924,-0.6813183210126097,-0.8658395469347163,0.022588484613897977,0.4428968214939174,0.7061867758537619,0.6480072659816456,1.0009693094901138,0.7468774036433783,0.24051144159494847,0.8763478369195621,1.2851553026910474,0.24292257696369704,0.8417141453505929,0.7754345687822591,0.2701179227355706,0.968760482444,1.0886468559924911,0.4827163100962781
ROI_055,0.2509207554468179,1.43220643063392,1.5452066899823225,1.7075247586098978,2.14635246000643,2.191916786799991,1.1429076545518537,1.776325890610751,2.1558839716496916,1.2370029731789238,1.241424617348924,0.9036755659206152,1.1511337434584266,1.6008834145459618,1.763838849876784,1.24388835797063,0.9695786056308486,1.2911503925662298,1.4291286009426656,1.5017819098849534,1.3585503306197289,0.8801936843711227,0.9674573203569368,0.6993243701507236,0.42289553871360946,-0.13171134872212106,0.47326782779410415,0.43453733970838826,1.1457466074521003,0.8790041368746873,0.8135874588503554,-0.301434423496175,0.278905953998358,0.993086399885805,-0.10096741407936247,0.6643274524411014,0.6972068932119785,0.23128179268300858,0.9559154041061039,0.7363710106310027,1.0125989101041841,0.37950461114969625,-0.25508615521307737,0.8121744666954559,-0.24716470663004741,0.3875974928408716,0.3154980277446243,0.2815520361912941,0.8775950609575689,0.5096557967612655,0.6341036466318872,1.4704877094316924,1.2132248942804322,1.9807196498732687,7.254328619247669,1.8679713232530064,1.8784265826971933,2.3854953845226934,1.166141980843327,1.24573735378063,0.6453906860571174,1.2515753014052766,1.2558715778803187,2.264416413350216,1.3835616034150975,1.6673088855986204,1.233609277218849,1.3147850336447917,0.9017846201350732,1.3228729889875284,1.3864399200458315,0.793014410206247,0.944730700695341,1.1828854380668041,0.5026787028593348,0.26553133281799196,1.2561502327441156,0.46391756787625626,-0.17256754612549907,-0.2474457676524506,0.4777685396690314,0.7005700868131969,-0.629427040617327,-0.7831134788596708,-0.040875975721411856,0.4698833243335424,0.5500516034208297,0.4996775355074324,0.7920021285444365,0.6995440078199939,0.2539458876414989,0.7925171143534422,1.0937914749890332,0.17933293667975309,0.7831334649761841,0.7197307709461839,0.37454436355966336,0.9480649018837526,1.1107927670318454,0.4374755558419365
ROI_056,0.20579543127246394,1.2053626043048355,1.448863647583523,1.3206460529419435,1.523561036018183,1.7598848665110947,0.9869018124841018,1.563188267928048,1.772096602131375,1.1032575155218414,1.1547182298973502,0.8557307250315165,1.179176694213976,1.7180083966715274,2.002018364427313,1.069957769069707,0.8879061753494344,1.1933505854239033,1.32450740989633,1.3082560839786628,1.4422520991767085,0.7833129969994255,0.9975914474361972,0.6050682448178586,0.3933590834106301,-0.10272156249049802,0.4459423977025408,0.41232029954634497,1.0957341650225234,0.8377512846369239,0.7222628352407328,-0.27169233888606936,0.21714927258784378,0.8542331935462404,-0.09085496723415412,0.5412949022903335,0.6073127804074301,0.23403316774947097,0.8183272834218154,0.6020401276814827,0.7604954477042993,0.3252166429582112,-0.28625460383920404,0.7385312488004304,-0.2525490388713487,0.42206354874663077,0.2360570528785272,0.312881971928949,0.8050040404570239,0.4631488943037194,0.6295699130467838,1.398674483085097,1.058566052048228,1.511912760517871,1.8679713232530075,7.254328619247669,1.5862313945039634,1.851043441631965,1.2019630334929718,1.329895923224612,0.6711419111726048,1.3183132900354964,1.3274063890433068,2.0859462338924164,1.399947067858611,1.8615180172388095,1.1033452497178071,1.3514014767331646,0.8273637060974334,1.1876426155110342,1.4021922407088478,0.7771504864307134,1.000047011597998,0.9924121261645286,0.5240645016478229,0.3040942684437498,1.1331407869901855,0.4807576285738519,-0.16132448587184825,-0.20197247259306345,0.41312566230034004,0.5523319001433192,-0.5701827967989294,-0.7048539313204537,-0.017373511471319436,0.3992509165894162,0.48430879170389657,0.47483573164723286,0.6648364682631593,0.5840534834545751,0.25388769294400887,0.7788035906253385,0.8723941770762297,0.17551143920979312,0.72010237466756,0.6916761257179659,0.3919766309023533,0.9670138071956462,1.0717059190936489,0.38444058244235907
ROI_057,0.3181764964455486,1.931005930299258,1.7173841786574384,2.10608282825465,1.865740801258466,1.661625104773789,1.0374663792397123,2.144146485316676,2.082936086582161,1.611073151507659,1.4163599744988196,1.2366419654915384,1.4044127194929221,1.4425049220510497,1.5747792660016982,1.6154069748343667,1.1721525489817608,1.6176174917564896,1.607534096138312,1.8808290250612574,1.6598224181966172,0.9813270534388563,1.0167908285189078,0.9213918015785966,0.6299973564303636,0.06444971361130561,0.6175522044798127,0.6557610869850985,1.439877209769896,1.1517195089033223,0.9201672337413606,-0.2427268365801838,0.28418960823678485,1.268620937140587,-0.09835899108307446,0.8070116452081567,0.7642202424451398,0.26047128405112807,1.026639181688019,0.769961981681505,0.9218307156059754,0.40441468669980507,-0.37665724349170543,0.8865406040712505,-0.23446538398234554,0.20862758254252817,0.1296385713437189,0.09433558394563282,0.7183534027648587,0.37183382353261774,0.7187232790201318,2.084569440167034,1.6441582747649643,2.1689373907247127,1.878426582697192,1.5862313945039634,7.254328619247669,2.2880782069538625,1.4531900662530124,1.5282427391066542,0.9290283556203228,1.4507974761377787,1.559054459878554,1.9035440483808128,1.7565840284851815,1.4093812054386563,1.0986610168708753,1.5856528520432311,1.2362972088520223,1.7244091706433409,1.8011255194063758,0.9516785149542887,1.1273242426340633,1.2672874547303612,0.7768555701245249,0.49110399587518,1.5950102324150115,0.729617453072127,-0.08329229714478094,-0.21653065928022067,0.6640405976094725,0.766629394064151,-0.592710671805024,-0.745643856780825,0.12539357752225652,0.43038658898792176,0.6475063735669784,0.699078403682231,0.9840202199410226,0.5911923310194925,0.2461050719473041,0.8848576441642453,1.2437676575324912,0.2119930587939574,0.8579289582214794,0.7519506229151777,0.16627548872167572,0.959538833069714,0.9090107157454067,0.3305930955853264
ROI_058,0.2639876885899194,1.6416372909625108,1.6694584795781655,1.9113829886837461,2.1496449198088543,1.965056527761264,1.0594731927549625,2.086053521083678,2.43317552310315,1.4305111620107172,1.3527605768953168,1.0562073083351071,1.3102789224673992,1.663561403827807,1.8063144570232412,1.4132711567541005,1.1043708627490805,1.5108264157765576,1.6458664012717998,1.6658717585669525,1.5267077881475468,0.9660890275109921,1.0421363619028903,0.8204694939774116,0.5083605729457398,-0.03396313953421614,0.544978219981331,0.5248778154970052,1.2342839059885775,0.9770244581665494,0.8337991837887028,-0.2677187682972747,0.2868825861148542,1.186241826004929,-0.07227138968592549,0.7572890601995967,0.7560884714892595,0.2517208135408809,1.0107362122747536,0.7609453762919418,1.0239466448671264,0.36178802373216734,-0.3110019119806594,0.798250237906209,-0.24134509018929698,0.28397193510622903,0.2527360224916088,0.2120654988463083,0.7766404230917032,0.43481802576067374,0.6771392631869138,1.7213965208934852,1.4070642124128605,2.173044109367996,2.3854953845226934,1.8510434416319663,2.2880782069538625,7.254328619247669,1.3338547823227882,1.3958604385297007,0.7598319295065993,1.4084506824279117,1.4138875148312708,2.42878627451636,1.5722984527739452,1.6783348689590927,1.1755207388714835,1.5105946246807669,1.091339311432935,1.5793060670867631,1.5861039444714407,0.8846362867038293,1.0691174720087397,1.227333628236392,0.624037448977417,0.35473161632758127,1.4239517901541126,0.5691159961926308,-0.14302548232447101,-0.22499193266304254,0.6022987424060968,0.7945995312980272,-0.6002297568790772,-0.732852254796317,0.04620768469276555,0.5018170805810194,0.63731920581107,0.594131661393202,0.9141608920277873,0.6790719494719725,0.2532195650194011,0.8323474145499045,1.1524243220358943,0.19210429411231542,0.8564782495909606,0.7067307618810209,0.2642375687003677,1.007829268209799,0.9974721468644182,0.3865981364023813
ROI_059,0.2712913991086676,1.3594499091941143,1.23250894884988,1.2507075294178749,1.102557100736946,1.059160522294105,0.6635185666042364,1.2602310894427295,1.2051128361337866,1.3434642410477287,1.0607759797844716,1.190003641283056,1.2267435782527853,1.0630881289333767,1.1963284512318546,1.2525596487886974,1.019056464424099,1.1908104642351307,1.2127939784276391,1.321557304431151,1.286759023004258,0.7979997072579824,0.9211731815064487,0.8533392728052822,0.5685623925460566,0.11246028436870936,0.6043525760440039,0.8101288307605831,1.2739598218646637,1.2115330786792273,0.7114220497999036,-0.171649917122963,0.16725869802388588,1.0826782054954052,-0.19093611467807056,0.6734658705194891,0.8785119840439978,0.2519951032034157,0.7627215438258323,0.5680790302139446,0.6457970448057841,0.22764884102347735,-0.5409552652515813,0.7808892578898969,-0.2996375371097575,0.15538264480607314,-0.048197786874283485,-0.0465597864155312,0.47349166367050466,0.23148130406424078,0.8281145174587454,1.6592550650080542,1.379703693971242,1.2877158396002204,1.1661419808433273,1.2019630334929723,1.4531900662530135,1.3338547823227882,7.254328619247669,1.701192004490248,1.1475693835394916,1.4371067471469945,1.5612539331878295,1.348047958442984,1.5883674792458644,1.1251714397742418,0.8745082920990348,1.5638400791687073,1.3712315041650651,1.515799758170157,1.493423177141049,1.2061153412254864,1.4079905430059856,1.1820318023131209,0.9907572179600176,0.7691313639709223,1.424572753943374,0.9496328560380292,0.04287135078530548,-0.027581468266010004,0.8361050081319035,0.714247403030477,-0.42752194371734475,-0.5274683793287732,0.40218935561192404,0.5195150926103881,0.7150374523667038,0.8433996888475132,0.9606800854420817,0.539052239973924,0.2761210170052167,1.0211904972457488,1.1930032230853058,0.34348050498117705,1.079695600890094,0.6719070611215017,0.11121387858970856,1.1727791573248014,0.6701896329735917,0.18175140265866818
ROI_060,0.31046618956790206,1.4080537438855438,1.3193295565531904,1.3263411527281332,1.2064388987456325,1.2398668195062532,0.8131096775906022,1.327689642397706,1.3401354461422277,1.2734366300925206,1.2263157695367926,1.2781818992067961,1.4846366158185351,1.1133309282542057,1.3141059138053552,1.2918161763642362,1.1319866433877797,1.2197119125751241,1.363498763552576,1.449134595889894,1.3543315580671438,0.9225877627236441,0.9537494374881973,0.8841400417754419,0.6001323658438796,0.11475399216122306,0.6715086347609316,0.77359239774544,1.3912128697541966,1.2361786437057347,0.71978509106959,-0.2270189752743347,0.11174152480338953,1.0304519938901342,-0.27349380977747106,0.6897377519234434,0.8093745999744719,0.3002916975081776,0.8228106364996265,0.6649260417860976,0.6912844159473295,0.30580389052586265,-0.5880060899156714,0.8725829263759731,-0.4218541210439066,0.2497844178303489,-0.07704281913292096,0.015153048346404723,0.6548949208496029,0.3834037415405937,0.7655314463958535,1.848374817324161,1.357385692177551,1.4141695722400989,1.24573735378063,1.329895923224612,1.5282427391066542,1.395860438529701,1.701192004490248,7.254328619247669,1.236597066797809,1.8353879994839757,1.9556531807427096,1.4515835388581424,1.5587045687202112,1.2303489111338206,0.9963547110965073,1.9021499332801697,1.2521132673014943,1.4570574949386597,1.519570511173493,1.1352058166968255,1.4312084022582676,1.22470451329318,1.0448834763841646,0.7436032293160391,1.5104332603317991,0.9217090157764829,-0.054678959500395065,-0.07883956413776531,0.6833608627486282,0.5995088582107095,-0.648427375844792,-0.6931896431146548,0.23802652512775677,0.36620977772910884,0.6545828052377043,0.7778676647168437,0.8827262992310764,0.5892377628157718,0.18835778614697393,1.0520165221872748,1.1369430380293244,0.29909481287524076,0.8719465676087438,0.6827283583591105,0.20026741506157664,1.0826920615707218,0.8132551141501916,0.3185430770613697
ROI_061,0.36447931332252004,1.0515101720842623,0.8541799391724935,0.8953521851744687,0.6965490727686627,0.6550258587614634,0.5243452810974649,0.8712490105985731,0.7678036328024148,1.1043855727141993,0.8959180954631297,1.508941771734959,1.2165090576990205,0.6020290832078747,0.6966984275274818,1.0695930947544983,1.0724910330515784,0.9817817970798539,0.8921800932032709,1.0094247804751368,0.9519942908510797,0.8089416749111754,0.7282974411348705,1.0362204880554178,0.8472036772842024,0.5018630248226905,0.9047612314794136,1.3284376345876,1.1594069374077856,1.3875619872320346,0.5689980930827638,-0.10273511819443126,0.07060897242730613,0.9499252777883497,-0.25221723775382876,0.6492317820009247,0.6944599304187709,0.29977901538701235,0.6342219222899772,0.5284584909453998,0.40552851046524624,0.32359423190904946,-0.7389826272777872,0.8066234203269139,-0.3909447844031997,-0.0389588864287966,-0.4175220574080963,-0.2946908633231887,0.36780071642264756,0.16132184851908063,0.6248397054400104,1.1576465479773619,1.1451201658193588,0.8322623884289968,0.6453906860571174,0.6711419111726048,0.929028355620323,0.7598319295065992,1.1475693835394918,1.236597066797809,7.254328619247669,1.222371310608523,1.35622255806854,0.7385248306565753,1.057695120353678,0.6234562210729326,0.6131342606626217,1.2039831822921896,1.2939666090688193,1.0472919163819443,1.062760134707076,1.0137075585476185,1.1332079194147584,0.8671152739006973,1.8678336706974397,1.3239789569315064,1.2062967622517153,1.6473309179247737,0.006189160015861081,-0.023026786987987012,0.7707872157241569,0.4656925926760329,-0.5020224166704975,-0.4694468008299724,0.514135483808777,0.230233067424878,0.5759096326114708,0.9853477837823562,0.923679808781102,0.29496380788874726,0.04868475573210194,0.8299826347922041,0.9253258402799744,0.24044802280701894,0.673127926806033,0.5612877002672958,-0.10200299451668836,0.8065248872267787,0.43269582761371084,0.17192847734272723
ROI_062,0.23698490328176244,1.3401089337728653,1.3839284722804985,1.3166439156440148,1.234891571871955,1.2571776275737152,0.8088685168572586,1.4066880511382986,1.3788149927108748,1.3079908577197326,1.3668325233441936,1.3894173248283714,1.8420060380487557,1.216023783890654,1.3961399795035565,1.273980016324636,1.3367133657149233,1.3209062960214002,1.5419141063058897,1.3505364764613634,1.432226413063153,1.1187535369534372,1.0561276733005227,0.9574401432468757,0.6021487545525355,0.19491532270174958,0.7161571200776272,0.7341698573409962,1.4178955184618736,1.2734259341711323,0.6195580668886993,-0.2932724168740442,0.04469177771714773,1.0839618784559606,-0.22246390905812435,0.6070460121330364,0.7164453388185297,0.2466728241676028,0.8375333482629972,0.6702221127301525,0.6975393330781536,0.30295443102344016,-0.533702572949486,0.7558966210059451,-0.5198970893372122,0.19471620253676603,-0.04665496249381291,0.037477815948522626,0.6429528957258864,0.3441264722079141,0.6235998204517184,1.5580577804462539,1.246446582822106,1.3703673284694042,1.2515753014052766,1.3183132900354964,1.4507974761377793,1.4084506824279122,1.437106747146995,1.8353879994839757,1.222371310608523,7.254328619247669,1.9806344203395112,1.4657910835430465,1.4051486362278032,1.327975382904186,0.9488076971850077,2.1556308532636876,1.2326744817432582,1.4172460221451342,1.455887481864102,1.1391608359725702,1.4504051979833557,1.1036953908820644,1.0270447457115637,0.6494262574364574,1.4872069461826132,0.9020044432755777,-0.20422858798460042,-0.17281533718536424,0.6307642333740048,0.550727739119075,-0.7948067295550708,-0.7641122280900234,0.16276612189968526,0.36489786802834134,0.5621980041874215,0.710229563805913,0.8289549802047331,0.5030511195254953,0.04028510616909567,0.8958810383830411,1.0232177365707795,0.1368042287047883,0.80599031266281,0.541684830587561,0.15924678694313657,1.0536373421464542,0.7449471760282106,0.29838788908365904
ROI_063,0.38674550017740783,1.5267981882508463,1.4856124416235144,1.4123248189524333,1.2555971646195585,1.2830550024038812,0.9090994689768401,1.509580792426236,1.405828501982221,1.482951509469435,1.376972634080262,1.5339910940302104,1.821344048663478,1.182411163779917,1.316535110213182,1.4782012722063413,1.290130541275894,1.4124501159737084,1.475340821439746,1.5673428371283222,1.550855974683775,1.0267466123388556,1.046342758696018,0.9982620817585292,0.7363555107531803,0.2446193213002985,0.7829241115660092,0.8501694566283661,1.5168729037532032,1.3165198462801673,0.7273615861193371,-0.14617570666943494,0.18992262026954693,1.0984706157057034,-0.18657166892088872,0.7072795392681454,0.8027477128635432,0.4031414345411594,0.9523276789319639,0.7495576267367141,0.7127150577663376,0.42111683264026833,-0.49466670339469676,0.9392820222602296,-0.3922223964304256,0.22174571515583288,-0.06339972547834008,0.027905879495018143,0.7075923694423645,0.3910368573306239,0.7625940391945195,1.8893573002423378,1.5002013620646681,1.423974887963739,1.2558715778803187,1.3274063890433068,1.5590544598785532,1.4138875148312708,1.5612539331878295,1.9556531807427096,1.3562225580685405,1.9806344203395096,7.254328619247669,1.4261199372296849,1.6407796409009765,1.2110724771097094,1.0260076689485988,1.9256601071636597,1.2696733203009822,1.4559048809470263,1.6462216875233724,1.0374148821024416,1.4239989458508038,1.204097896436443,1.1144684898697037,0.7862630848156015,1.7397833962985414,0.9873361277300162,-0.07711718077731863,-0.049031943973405996,0.6637657716229804,0.5995703154303648,-0.6631777390250553,-0.7211857362627004,0.20428081649816562,0.3272077259963063,0.6579603196232072,0.7780029038737009,0.9544668026262284,0.5488288940188266,0.17545188455372168,1.0438581201574848,1.1406418743501658,0.27275745567050147,0.7838346057488292,0.6919791351095306,0.1549496508726048,1.0514169293935685,0.8606611051319201,0.36121199770124635
ROI_064,0.2241042419286237,1.4033647156532096,1.5806634749933814,1.6069550406778081,1.879287785968741,1.9583097331000519,1.0309832819194604,1.7901430420311357,2.0548550617823405,1.3075671263922621,1.305474648542113,1.0007150063775092,1.2964654135908469,1.7855219029722127,2.1213435467217225,1.2494514404727812,1.0644328377313559,1.403161123200498,1.6514179810767642,1.4960974322418217,1.488410245784477,0.9586409146200902,1.095748336491685,0.761500083960801,0.43220743516009696,-0.06335224052025168,0.5093328719066067,0.4750962542745934,1.1603759407562713,0.970732896772097,0.7334445848926184,-0.2986382188761897,0.21135440749918433,1.063201124475368,-0.10879313776452133,0.6118173691493645,0.6903750541517834,0.2561824317257379,0.9594400042398875,0.7196045079049123,0.9310227483547707,0.32660713159188404,-0.2954032251761655,0.7335967302294067,-0.31809685198376847,0.3384556360795036,0.2433528513101316,0.2455662496028231,0.7839896049931222,0.4356346133404981,0.6625932883959275,1.5871355227891077,1.2331791645115444,1.8534844421869288,2.2644164133502134,2.0859462338924164,1.903544048380814,2.4287862745163635,1.348047958442984,1.4515835388581424,0.738524830656575,1.465791083543046,1.4261199372296849,7.254328619247669,1.5678162385283338,2.0344819303149047,1.205144549181146,1.5565875031661602,1.0081136152871661,1.5026903735329256,1.572826408585285,0.9121379401516568,1.1394888118159705,1.2178325398129137,0.598734895371123,0.33196444409231335,1.307716391625323,0.5468789621254297,-0.19757085079272937,-0.22658998722115375,0.5261667945700874,0.6889669267710488,-0.6602058972373752,-0.7740424621270953,0.014005562515659596,0.4980611516508238,0.5628243880520183,0.5271245449317477,0.7999417606842317,0.6687666566796158,0.22766790992975924,0.8196452692210717,1.0874560965821378,0.17396668787613065,0.8201709369130401,0.6375660319376883,0.3180336198755879,1.0699214881768573,1.016899101855171,0.37368269256017494
ROI_065,0.39588836493605606,1.7382180763623303,1.4580529444578252,1.5894249749497917,1.434216788191372,1.3559952714564691,0.9757148822451728,1.7247361847208995,1.5535993350795088,1.7141076647330422,1.324624879981779,1.3848206852986575,1.473324268135463,1.3449119762524326,1.444486969582614,1.566287534347653,1.2117221971182677,1.6467501813903007,1.5450063451128562,1.7804485113569108,1.7897699189740885,1.0147975252196781,1.1496364258737886,1.0258356976726795,0.7306745865169766,0.17078348537057628,0.7445885315664424,0.8222642404412448,1.4288030115919734,1.3224073520506117,0.9108279697937621,-0.10690487739196591,0.3416617642236624,1.2605358806480615,-0.05589787964802089,0.7794559941589712,0.8946309767284871,0.39126742592143954,1.0071855045610816,0.8125534405097211,0.8434869623112901,0.4553167514941061,-0.32721301379081075,0.9144204921066861,-0.2054736894828408,0.2291235308372193,0.09288844980335412,0.09341816772175737,0.685367716497614,0.3468902785903606,0.8155699698718814,1.884818255848958,1.6096458504435533,1.5986006276215916,1.3835616034150975,1.399947067858611,1.7565840284851815,1.5722984527739452,1.5883674792458635,1.5587045687202112,1.057695120353678,1.4051486362278036,1.6407796409009765,1.5678162385283347,7.254328619247669,1.310644347604494,1.0698773352782784,1.6292864121098536,1.2976880941451954,1.7239101369682401,2.094733673738937,0.9497418048140596,1.2229564794773,1.2374772700675323,0.8982328380654301,0.6375582368719875,1.6408522000921943,0.8984767548088608,-0.01792882835753459,-0.08791024931730236,0.698193342817719,0.7052753608447578,-0.5299632940505686,-0.7043773345812544,0.205698153269236,0.41703000363845666,0.7235368787019587,0.7788249268353942,1.022811390105636,0.5479679347525219,0.2720225883703954,0.9071828623977216,1.1994954351751246,0.30612483597072526,0.8360514188179161,0.7636662047400616,0.15702017896730783,1.0190605889490365,0.8792248368416604,0.3354046837665939
ROI_066,0.11781958513822986,1.0725720451553244,1.414169998447895,1.2259067100926286,1.4353297646385754,1.5919032270871296,0.9199863290075926,1.4884795279607914,1.5795772432463915,1.1094099089340563,1.2477759041390009,0.8720712486920478,1.2102790538522084,2.077690227251538,2.53040207892249,0.9670448875176622,0.9426442905728054,1.2267110504662353,1.4740490623640323,1.1896469642610483,1.4049627298293137,0.9368645074882282,1.1737178191730715,0.6456416597568451,0.33578249187006365,-0.07622584628770063,0.45869658451735545,0.3742032137697468,1.0444034277127252,0.8830238261272625,0.6075752366066357,-0.3857106453884363,0.16439430301159302,0.885766939879436,-0.06334723268526407,0.4481282422889498,0.5507797721535171,0.17743606637059797,0.8545921871755275,0.6358554340830971,0.7894070231985385,0.2816219839919653,-0.2104373863683506,0.5934064701154635,-0.35193791478750003,0.3757654231782359,0.28552218558081727,0.3381219309693179,0.7107359247667425,0.38447334062484273,0.47702241031808895,1.2135612125996666,0.9153924816841227,1.3495619288021719,1.6673088855986204,1.8615180172388095,1.4093812054386563,1.6783348689590927,1.1251714397742418,1.2303489111338202,0.6234562210729325,1.3279753829041867,1.2110724771097094,2.034481930314906,1.3106443476044944,7.254328619247669,0.976579940298181,1.3289772353778768,0.8055167841695756,1.1955242040694287,1.3351022218677364,0.7836781608397083,1.0593595920094743,0.9363945344095578,0.47508594690417016,0.2036349857975249,1.0536693217514523,0.4738181264850408,-0.304904726169795,-0.3394468580935615,0.3632971853855308,0.5019554274465035,-0.6917636922037641,-0.7196719699583668,-0.06784966884017728,0.4264346536889161,0.4000655404804748,0.40345649115153964,0.6050909072747808,0.49494716468046035,0.11431032040541607,0.6014357622492247,0.8110280191408812,0.03269032508987865,0.6644907141095314,0.49959698399727165,0.3272995971369855,0.9445811294710377,0.8732264278578217,0.3157943729625474
ROI_067,0.47352360844178226,1.1563747468564012,1.0107313090599226,1.2597770977016596,1.396597577397216,1.3290866746662067,1.2957479429673766,1.1142985971960193,1.1864536224258508,0.9822060732505774,0.8953544697175924,0.7992456370947812,0.903042474596312,0.9450266078816992,0.991640736156162,1.165086090910829,0.9903924149401403,1.0178785962448902,1.0398819979223832,1.2313376856236267,0.8829195002655232,0.9263668843210582,0.8934370398069288,0.7794001135190424,0.4878498738729844,-0.05005248545178786,0.5934098327540395,0.4648957789433525,0.844680266357401,0.7474853936048844,0.5954696858447884,-0.016416105748105817,0.3440709589890053,0.9015649927570193,-0.05788848843461037,0.6854215963770167,0.7179977447147562,0.49456608041504413,0.8571816186711267,0.953595266423459,1.122505836021575,0.430623694051483,-0.159365685178575,0.8508111906450997,-0.26726336753068947,0.5020526278078176,0.3731462872740147,0.4519873534136212,1.1590391096409105,0.8572998289711733,0.7638229965005686,1.0870710326944621,1.1396789999361923,1.3377419214497104,1.2336092772188494,1.1033452497178071,1.0986610168708753,1.1755207388714835,0.8745082920990348,0.996354711096507,0.6131342606626217,0.9488076971850077,1.0260076689485993,1.2051445491811457,1.0698773352782784,0.976579940298181,7.254328619247669,1.070187388227643,0.8421208960373664,1.1130964345526482,1.0706907892463249,0.7028826205182739,0.886609371700827,1.547427450421158,0.5401826000837969,0.39061954949631617,1.1573203262272964,0.4410936138085218,-0.1281707252816162,0.06535086986276041,0.49125457582602056,0.7313042177137343,-0.6565588233426622,-0.7127620228987398,-0.08106565163508722,0.43380735125613273,0.6223303374889307,0.48412329654133024,0.8317835649740113,1.0410766296330585,0.2885550247280409,0.9025567373850107,1.1162087181666576,0.3402216204593409,0.6264039981746371,0.7049506513852387,0.5256204587385948,0.9956654117606863,1.4335045652835048,0.7942234578597478
ROI_068,0.29209318131746614,1.5166162630241693,1.3736789043907744,1.4599344314386478,1.351048956554244,1.3162526603255544,0.8692275274137301,1.4869611412159367,1.4585908030522288,1.4258843971821893,1.3746502846029942,1.4298809217675235,1.776807264234985,1.2467947503449024,1.4062787942090873,1.4213963274498733,1.3672438081377218,1.4394315310087444,1.703238402575433,1.4829112400068312,1.4588242498538686,1.1698532106611028,1.1222330135894352,1.0476475031529358,0.6245064059565636,0.17276902675628827,0.7800739620682975,0.7602815247948413,1.4292489717028591,1.362837740303742,0.6493718697869405,-0.2270151198076302,0.12120981860548763,1.1974566547072014,-0.21249069896211348,0.7097484059219165,0.8180136710794388,0.3256786408655682,0.9535616922086672,0.7887746458790397,0.8254540596250561,0.33688594973101266,-0.47063574389936363,0.7935308567234184,-0.45631889562702155,0.22195369670241297,0.03278586949743411,0.05032812659028427,0.6673510970314568,0.3888927754015927,0.6729684174520233,1.7565990510250553,1.3921828726333363,1.5216820755807232,1.3147850336447917,1.3514014767331641,1.5856528520432318,1.5105946246807669,1.563840079168708,1.9021499332801697,1.2039831822921896,2.1556308532636876,1.9256601071636583,1.5565875031661602,1.629286412109852,1.3289772353778768,1.0701873882276425,7.254328619247669,1.382457568358973,1.6696136117287184,1.6561431996675113,1.1806292159345517,1.4729281356355968,1.3249438874109807,1.0368074072234241,0.6668524716408745,1.6936457738135546,0.9093661124067025,-0.16670845737219725,-0.11775968618170013,0.6961910776822592,0.6531246142191631,-0.7692137641883688,-0.8052770626965823,0.1763716464680057,0.43015908512286477,0.6640182815896009,0.7476523794769179,0.9336966462564616,0.6034586721162655,0.10246014723102055,0.9715184089951727,1.171267928671179,0.19147689676361504,0.86481916394828,0.5932899629745566,0.1872293004872237,1.1520171331372848,0.797647719643077,0.36108293543035885
ROI_069,0.29486022263226125,1.4007395414186454,0.984029521087708,1.2279387441705425,1.007081098909107,0.8414372323046863,0.580779998847706,1.1208974847758342,1.0314324906749541,1.3862346866119668,0.9737898654960444,1.406231478546869,1.1673569940069977,0.7868137523494996,0.8587309011879063,1.368996933698945,1.3445449063065404,1.2991235091086326,1.174490468867347,1.2360171728450111,1.0631718867585915,1.024592513800966,0.8490874517752476,1.2718924930957107,0.7441860486884255,0.3279600825776458,0.7919858822026796,1.054075373827339,1.133797200672171,1.2895921362592264,0.6462888492314361,-0.12960115770134564,0.18273960018964772,1.6202609104444738,-0.10561636899213034,0.8795887309704721,0.919455144167926,0.2609350150165077,0.7988787077649286,0.706749027114014,0.7743272019879378,0.26190035018272023,-0.5508643323565068,0.6456751434764381,-0.3307097148749957,-0.09962348814204412,-0.10353327937037043,-0.18752073164313518,0.3693204517436772,0.1564791148576579,0.7568922857030665,1.3989863576089963,1.55824914932482,1.1515347509174063,0.9017846201350734,0.8273637060974334,1.236297208852022,1.0913393114329353,1.3712315041650647,1.2521132673014947,1.2939666090688193,1.2326744817432578,1.2696733203009822,1.0081136152871661,1.2976880941451954,0.8055167841695754,0.8421208960373666,1.3824575683589737,7.254328619247669,1.6823322078339105,1.3371087068627054,1.2887778103991734,1.2738684693969686,1.2486813982944371,1.318817846691643,0.9200869310174317,1.5004565788941597,1.1447970265489373,-0.0380025575285938,-0.06028002600910635,1.2728476183540665,1.0081337972099849,-0.46290361925707263,-0.4386848347313093,0.4960288302645394,0.6133343676033142,0.8127668396869233,1.069713197333251,1.383259041248585,0.5585192581856325,0.13701560685164899,0.8763442863966268,1.315592564088793,0.24549332271071606,1.043081346469512,0.5088166705286156,-0.10406349749358712,1.0430117302642021,0.5119606682922567,0.18797159326979704
ROI_070,0.32548742169297235,1.788565821418573,1.3345419282082065,1.7295951410069554,1.4999899603812938,1.229171659577025,0.8555617091674039,1.6127050631264266,1.461621783557041,1.797450504016529,1.2782177891103934,1.3862060750098852,1.4153795371063476,1.2153523697283124,1.275212624815986,1.6634216980910588,1.3987320318776826,1.7249765248460367,1.6965422063252364,1.668159605058167,1.364344847645868,1.1774575301052732,1.1904689782052207,1.204586892769221,0.706847475861375,0.17648614652837716,0.7286694904049316,0.7993170583954051,1.2715549433844602,1.3525528001088314,0.8014967475550347,-0.1669377937864034,0.2696661677323499,1.75788093381727,-0.04736476730120116,0.8372610351570919,0.8862688915722976,0.3188835662572754,1.0056776076231357,0.8575183463855998,1.003048524172998,0.32375581212498905,-0.38333819406042813,0.7694967478869872,-0.2793256943838685,0.08885528740491738,0.10929846637011678,0.03077489672060077,0.5947912649890135,0.31020319977172317,0.7881264580665353,1.7185761295638673,1.728602238231549,1.6888375120347272,1.3228729889875284,1.1876426155110338,1.7244091706433409,1.5793060670867631,1.515799758170157,1.4570574949386597,1.0472919163819443,1.4172460221451342,1.4559048809470263,1.502690373532925,1.723910136968241,1.1955242040694287,1.1130964345526484,1.6696136117287175,1.6823322078339105,7.254328619247669,1.6366508787273655,1.084866972788972,1.2751346612296077,1.4357435763502697,0.9321904848257245,0.622046268360612,1.6897850161079817,0.885558670945602,-0.07971723765438658,-0.13914501522094164,0.8825017083754781,0.9581007055988114,-0.5846350447550541,-0.6594218593085004,0.23658580077130525,0.5454768418104701,0.763271851707962,0.8037865347242827,1.2055025672928785,0.6255613342245001,0.1711303262340985,0.8789426141015755,1.3474527280452524,0.22309664443214303,0.9806223634069853,0.6108723390923662,0.06289173217203176,1.0939417855699842,0.7429404353300544,0.3017394541990414
ROI_071,0.3508836816841261,1.6455380668954178,1.477803551237471,1.6059830647317435,1.4602461400315703,1.3818682793018926,0.9827970622713571,1.7191950963857432,1.6187798600148031,1.5923646378314136,1.283452445088466,1.388455160437041,1.4342870455787287,1.3124562389828445,1.4567648755799496,1.5210103034196691,1.286782499505726,1.6837216309035579,1.5534683792383641,1.7256004620504732,1.8789591270294883,1.0741826962275722,1.0446200719316838,1.01054994296675,0.6718056732384295,0.2029939685980061,0.7785862835385851,0.7687980066782519,1.4328160259172253,1.2814006953269677,0.7343766485561325,-0.18404488843287545,0.2689195046806942,1.2764071189526551,-0.12033674708600814,0.7699200501972768,0.8289475338503846,0.34342661047782225,1.0595000386753841,0.854985588923155,0.8462593722920605,0.4457988390897481,-0.3606655499915784,0.795609806063246,-0.3196131985852569,0.1907860742791906,0.06843180457649616,0.06928179459637171,0.6856319034612088,0.35255104088609746,0.7245358802963272,1.7985720909454472,1.5645620369575608,1.581583406823807,1.3864399200458322,1.4021922407088485,1.8011255194063767,1.58610394447144,1.493423177141049,1.5195705111734936,1.062760134707076,1.4558874818641026,1.646221687523373,1.572826408585285,2.0947336737389386,1.3351022218677364,1.0706907892463247,1.6561431996675104,1.3371087068627048,1.636650878727364,7.254328619247669,1.0144741636908725,1.26462375389415,1.26360555361825,0.9253032472762281,0.6165649327922281,1.6049815736509732,0.8709152970290646,-0.15203951121027773,-0.15605589936831446,0.6788373327931854,0.699775225822714,-0.6264135589992333,-0.7301391708691415,0.1863183813138806,0.4493872847258126,0.6659660670057999,0.7412658938337338,1.0294321812829228,0.5481467609209942,0.21092774875472745,0.8570875588806597,1.2381890404746851,0.19312364331682735,0.7833328797613412,0.6510816004904068,0.12866668047132632,0.9961125607663721,0.8804501000651519,0.34232792697385256
ROI_072,0.08762618547281273,0.9086696034520025,0.752715549619432,0.8519415332340792,0.76053933874986,0.7117400528421841,0.3797323280801364,0.7812870329885355,0.7827198511175968,0.8589399623822264,0.7003783479524046,0.8998453785172292,0.8688246672166016,0.6545738923918968,0.7912551521542753,0.8235734548346413,0.8915135205609962,0.8037616641061134,0.8498857914341021,0.7888548085066233,0.8173077974142288,0.7521564439428756,0.6361499822387068,0.8035601511609666,0.3609300811525246,0.10337156689641898,0.4815606159901775,0.7079718070951093,0.9070793933930039,1.0581896798795916,0.3954396693692034,-0.30081901527231414,-0.10586486567346816,0.8746524443293887,-0.33756071785139496,0.41173087317117885,0.5849667911106723,0.078573562335497,0.5655762198528729,0.45172130361231494,0.49709839533926087,0.05532567185176887,-0.5686444773767739,0.4386043641575867,-0.5938605616186341,0.027883576459367235,-0.16345604034671407,-0.23597768798720967,0.2369319183520402,0.07219140618609912,0.6099454795614415,1.0424363395770202,0.920198325793448,0.8679736790835731,0.793014410206247,0.7771504864307134,0.9516785149542887,0.8846362867038293,1.2061153412254868,1.1352058166968253,1.0137075585476178,1.1391608359725702,1.0374148821024416,0.9121379401516571,0.9497418048140598,0.7836781608397083,0.7028826205182739,1.1806292159345517,1.2887778103991736,1.0848669727889722,1.0144741636908725,7.254328619247669,1.3705704286604568,1.0658047036831397,1.0289318608792932,0.7652103251514548,0.9924200890706246,0.9126641741577733,-0.10284015068384346,-0.0988517724825274,0.9309584071583046,0.6188239658563217,-0.4908245328422739,-0.4028732392119499,0.512014479689727,0.7229612334811472,0.5131301476980836,0.7546170054196037,0.7052380107210219,0.5122515851717276,0.10199342187156996,0.849996455025133,1.0660092608040423,0.16100402484204068,1.1798246813691735,0.3397147879940706,0.03085932428444406,1.0390600779419836,0.3964747214731595,0.0470050075390757
ROI_073,0.22332130075650616,1.0739623764938195,1.0372827438708405,1.0266607884420222,0.9148790750651553,0.9064439049341413,0.6039919443231258,1.0411590239924897,0.983479987825346,1.1046512014150691,0.9622296892587666,1.188613286979002,1.2106793560383902,0.942759037635874,1.047399113820494,1.052435427058855,1.1598601542481368,1.087332681292234,1.1416041880013788,1.03524259957611,1.0888398521537923,0.9701036891661308,0.9906537900556309,0.9745758570031408,0.5352871389639261,0.2201232665152365,0.6218921901068112,0.7596193460192209,1.0944207439058065,1.1516268308365019,0.4716920947263066,-0.1893995916715639,0.061273613947591225,1.028174908523543,-0.15909000302771806,0.5135808538770814,0.6649593491255911,0.2845798784776669,0.7260846689167291,0.5834071943697801,0.5891494565794585,0.16326314412540038,-0.47341303899508047,0.5789130521311551,-0.5186117930797179,0.10196601036892672,-0.08453018861082645,-0.0066284987196472455,0.4230576649414681,0.22309841293976718,0.756207739028221,1.3279011058434127,1.0970207204660258,1.0254225266846755,0.9447307006953413,1.000047011597998,1.1273242426340633,1.0691174720087397,1.4079905430059856,1.4312084022582676,1.1332079194147588,1.450405197983355,1.4239989458508038,1.1394888118159705,1.2229564794773,1.0593595920094743,0.886609371700827,1.4729281356355968,1.2738684693969682,1.2751346612296073,1.26462375389415,1.3705704286604568,7.254328619247669,1.1758280133768089,1.0995004546307294,0.7643291245550319,1.2465929872696333,0.9697754695222208,-0.07443744065164444,-0.025188144581888294,0.7922630078118138,0.6222139211064438,-0.5634654283509745,-0.46933107827701537,0.3264824515585024,0.5362448731831269,0.6053713072777581,0.7544201503232986,0.8338894282318012,0.5435294548904493,0.1947931231552515,0.9428555784897423,1.0717471905923872,0.24591313191381586,0.9188818345445483,0.4284103038003997,0.09349244321726184,1.219201790588845,0.5822794901178315,0.19585118548159738
ROI_074,0.4102346088855585,1.382012599527277,1.0247945321533136,1.4103969042366935,1.3093963916827467,1.146838175082691,0.9674975150876948,1.1456854731462036,1.1582712096166936,1.1770314934818409,0.9485373807516054,1.0561236118875121,1.0203586911926803,0.8762818019455747,0.9499223586922921,1.3601882251789306,1.1388921767207574,1.1348684324906355,1.1661781872113604,1.3335650974571378,0.9377616673486017,1.001412198350954,0.8759165801127723,1.0097174392082486,0.553565488582489,0.0457946014281533,0.6850248866611498,0.653003204964898,1.032645860482401,1.0286745278010814,0.6086818976088977,-0.08770661076025933,0.24313128820675872,1.1355308409136406,-0.2034390212610194,0.8023132832549004,0.8784666707174125,0.41577943292328834,0.9865582732197353,0.9746865458416403,1.087395276770675,0.35712004249088525,-0.329575446683961,0.8091464168097411,-0.3837579830495876,0.26044100000008813,0.15753616227711023,0.10610144887486864,0.7684273586779161,0.5679419216176875,0.7891270989932473,1.371544724673519,1.374415182024724,1.4174651640934497,1.1828854380668044,0.9924121261645286,1.2672874547303612,1.227333628236392,1.1820318023131209,1.22470451329318,0.8671152739006973,1.1036953908820641,1.2040978964364426,1.2178325398129137,1.2374772700675323,0.9363945344095578,1.5474274504211574,1.3249438874109811,1.2486813982944371,1.435743576350269,1.26360555361825,1.0658047036831393,1.1758280133768089,7.254328619247669,0.8268150247927953,0.6127187110725252,1.442391131815123,0.7040207117740651,-0.09029473397390432,0.032301643169942086,0.758776755810796,0.9042391591082316,-0.6390925791237252,-0.697510941157548,0.16298248072972488,0.5844875294390935,0.7660724266439503,0.6763030240309048,1.108368124741149,0.9964271070437688,0.2560756993700333,1.06054020210236,1.6866751228212513,0.3087098187812959,0.8968826092905572,0.6462174528328275,0.2811999565725115,1.1028653180759584,0.956038549424035,0.5560585572414205
ROI_075,0.36371329995361046,0.9238038965165921,0.7093349697508482,0.7543558082319617,0.5627775334997246,0.513372628261208,0.4089585759418187,0.71301113825006,0.6243932803044953,0.9323008907602446,0.767074930916014,1.3443168923442457,1.0316841649892974,0.4645015320340098,0.5338491005378837,0.9772139796620259,1.074497577458585,0.8569481540516186,0.7826234920512921,0.8423170320836192,0.7947923441262069,0.7795591662848248,0.612824840696837,1.1063759861323228,0.8956556905742501,0.6419001614463888,0.9028913677869188,1.2698896862710933,0.9730853349278716,1.125011070118195,0.4481865477309599,-0.007716993067025188,0.028235259358382715,0.9163529671864028,-0.1977071843255103,0.6657896048299118,0.7156785856761119,0.3586880506849109,0.5706009456607768,0.5008788646366654,0.3678737592670878,0.27719416244708156,-0.6936270846965484,0.6182475772475301,-0.3950694213455377,-0.15568478046275808,-0.47421268137462225,-0.35896992337419087,0.26143407765035903,0.09934970826036901,0.6512158901255141,0.9995187998583834,1.0420689009792377,0.6871752317719494,0.5026787028593348,0.524064501647823,0.7768555701245248,0.624037448977417,0.9907572179600178,1.0448834763841646,1.8678336706974397,1.0270447457115637,1.1144684898697037,0.598734895371123,0.8982328380654301,0.47508594690417016,0.5401826000837969,1.0368074072234241,1.3188178466916425,0.9321904848257242,0.9253032472762281,1.0289318608792937,1.0995004546307294,0.8268150247927953,7.254328619247669,1.5049829221599065,1.0604624662583368,1.5358263406613737,0.062129091229607226,0.08741956418145494,0.9148372975494983,0.4996298675960071,-0.4365709877282399,-0.35513940075749895,0.5795774770815912,0.24075876047086148,0.6542080267639688,1.0232145728082485,0.9249429374049086,0.2983885356914785,0.039749971279771805,0.8639098617908778,0.8590747010634298,0.2625193039063777,0.6455207211788501,0.4139929600735012,-0.1992712646702522,0.7269514181191404,0.3372324467200334,0.1397407607376837
ROI_076,0.44290948307617484,0.6379071898248978,0.42366357999880416,0.48422649445766,0.3144376099979949,0.26906884470853115,0.22332001156252707,0.4183320631848009,0.34738961365898563,0.6209792774647251,0.4224740954745461,0.8475000497285693,0.6299212930861472,0.19295141468615598,0.2652241068279863,0.6800775522092577,0.6269741401265828,0.5056126657965646,0.4222532867356617,0.5785363972189846,0.512725590556281,0.43114380053613305,0.3556290412229085,0.7303308674186458,0.7638354490335764,0.5413885244534058,0.6594393657569809,1.2222123083240428,0.6740401385882117,0.8309585274543845,0.39048630620753294,0.17431391998697995,0.06855347868317321,0.584105845826998,-0.23317107429155642,0.5243790201287964,0.6370459795004147,0.36387726519127295,0.319277408335861,0.32480356436256064,0.18060380733207948,0.1981805917488726,-0.70082244731159,0.6191897186843734,-0.24723489600271467,-0.11840380261350916,-0.5766004650456825,-0.4481498237638151,0.15415641862614185,0.06643449176621,0.7126902582640112,0.696977770150052,0.7846260688981377,0.4391526645422032,0.26553133281799196,0.30409426844374976,0.49110399587518,0.35473161632758127,0.7691313639709223,0.7436032293160388,1.3239789569315064,0.6494262574364574,0.7862630848156014,0.33196444409231324,0.6375582368719875,0.20363498579752487,0.3906195494963161,0.6668524716408747,0.9200869310174317,0.6220462683606119,0.6165649327922283,0.765210325151455,0.7643291245550321,0.6127187110725252,1.5049829221599058,7.254328619247669,0.7543644411359091,1.296410188033675,0.2936738628478102,0.33315661146486286,0.8649545524841654,0.4048097675289385,-0.1715630357314949,-0.17070840455796557,0.7258558995364738,0.19526267610476186,0.603550221389939,0.9835516858093104,0.7250024301486172,0.2690461562797561,0.1813830373482557,0.8101313500674986,0.671916702703235,0.4721422577473751,0.6002655633235192,0.45525059621512,-0.16740894619190552,0.5729355296348497,0.2344758006432723,0.08288168608654438
ROI_077,0.4477778787124095,1.9071856540322836,1.364751905383929,1.72755674427122,1.407591430243782,1.2485905972417308,0.9998560723206293,1.5950616365534427,1.381526613856157,1.7070138538920911,1.376875341793167,1.5819916141607464,1.5733427205562824,1.0881160460267507,1.1544081741329315,1.8673570486636812,1.4383977856876642,1.5405152321519955,1.4879395259671977,1.8070326377856083,1.3875913695138655,1.1745805333510497,1.103809070758831,1.245307775316785,0.8487715493960615,0.2469154860310643,0.8681840619435034,0.9589409219120016,1.5893906719760298,1.3942973806826053,0.8273583667390211,-0.08689768266756458,0.2973426969341056,1.4006473736161196,-0.09603037465842841,0.8911581976581889,0.9504968524568773,0.4088492393956997,1.0512543756589874,0.9500919071758016,0.9860614109796599,0.5014059239237197,-0.37963524239573765,0.9796787183428438,-0.3113327202425041,0.187221715497041,0.0854078005188086,0.05696054502897503,0.7193731808184093,0.41625665864202654,0.7771002162339046,1.7933428446530066,1.83263457930307,1.5987156093736334,1.256150232744116,1.1331407869901855,1.5950102324150122,1.4239517901541126,1.424572753943374,1.5104332603317991,1.2062967622517158,1.4872069461826127,1.7397833962985414,1.307716391625323,1.6408522000921943,1.0536693217514523,1.1573203262272964,1.6936457738135537,1.5004565788941604,1.6897850161079824,1.6049815736509723,0.9924200890706246,1.2465929872696333,1.442391131815123,1.0604624662583368,0.7543644411359088,7.254328619247669,0.9675287265323325,-0.04085018454124873,-0.059968544623244725,0.833277256060071,0.8290171974511833,-0.6266474330388855,-0.686198924720228,0.22136453589763783,0.43574354208884647,0.8161563753149393,0.9520690458378112,1.238359064450495,0.6656469628337447,0.15663582520939495,1.0138571847956692,1.3582426714994988,0.28652493405910767,0.8775957594845708,0.7482072420642475,0.15413133781941443,1.0542579457286376,0.8463453970834904,0.425279771339939
ROI_078,0.37381212305542194,0.845308953992255,0.6832701395545301,0.7112072647198496,0.5106547290379319,0.45595688279092855,0.37048622228502615,0.6954176797010433,0.5598413530626556,0.9722737313156405,0.753075344900421,1.2737528207397386,0.9671287964723818,0.4804432439460218,0.535914516032726,0.858381254481508,0.8881221719467253,0.8263479858070629,0.7207168600123237,0.804497108108074,0.7905867069530812,0.7320534920301469,0.7066288409441438,0.9994580388429994,0.9340625118493944,0.6273726073569325,0.9003930075905268,1.4626466327593248,0.9551243271179629,1.370804642685297,0.5592196695445913,0.0015343572571180153,0.10843019765827912,0.8582560683886472,-0.12823854169129945,0.5434809786278124,0.6190550264669616,0.2685948603951568,0.5892103490968582,0.5032785672496761,0.308600673006369,0.35917515045815457,-0.516898059856757,0.6834144079480886,-0.256908637700601,-0.1113058328443228,-0.3989493820090355,-0.37574370508529203,0.18329487649007048,0.02278601619858868,0.6041268681594921,0.9021442042845095,0.920157943739759,0.6292207655674823,0.46391756787625626,0.48075762857385196,0.7296174530721269,0.5691159961926309,0.9496328560380289,0.9217090157764829,1.6473309179247737,0.9020044432755779,0.987336127730016,0.5468789621254297,0.8984767548088608,0.4738181264850408,0.4410936138085218,0.9093661124067025,1.1447970265489373,0.8855586709456023,0.8709152970290646,0.9126641741577731,0.969775469522221,0.7040207117740651,1.5358263406613744,1.296410188033675,0.9675287265323322,7.254328619247669,0.1112432557458844,0.001531085567583484,0.7552122158720745,0.4085192250213232,-0.32825818245999683,-0.30401731575575336,0.6374484631995718,0.2005333721551291,0.5155970331675598,1.016010650565171,0.818118731045004,0.1506141152984229,0.05684875100086986,0.6900049797643039,0.7823853194899434,0.24678868433813145,0.6396901948854986,0.48433987399068795,-0.2097347018170188,0.6452577763472316,0.2442976528930401,0.053218342951996504
ROI_079,0.3362453704810975,-0.004897737110538769,-0.10118623735819397,-0.10143930598467071,-0.18433247884362683,-0.21981495932318693,-0.16651521399046404,-0.1254756754116385,-0.18761607235152755,-0.03223644817581098,-0.15735787196690856,-0.0805596100803612,-0.14372478729991517,-0.1975154191240635,-0.23325799278240233,-0.005362683783972479,-0.2112775475842877,-0.14284456572078782,-0.23268907381732853,-0.0706343932769583,-0.11078367811402252,-0.3228643400754454,-0.1447058957258925,-0.04804326496820696,0.25622901295099487,0.029597786918181344,-0.06827375056516358,0.2238437460478722,-0.05463378835928805,-0.07277814123628491,0.374798434637249,0.6657637785602206,0.40344394936822975,-0.107811591361397,0.2933768032872925,0.11073605054066359,0.1324052078123755,0.3209556306190549,-0.12036704915949323,-0.20913347661551934,-0.19462584969391927,0.01031512970873927,0.029516887574951287,0.25231377462099513,0.7316916275393426,0.0240152976320108,-0.10712251910615825,-0.11986118683386611,-0.15260206981344196,-0.11468997951922952,0.45581097402065385,-0.007894612442725957,0.05467690286375242,-0.12257987315329807,-0.17256754612549902,-0.16132448587184825,-0.08329229714478094,-0.14302548232447101,0.04287135078530549,-0.054678959500395065,0.00618916001586108,-0.20422858798460042,-0.07711718077731863,-0.19757085079272937,-0.01792882835753459,-0.304904726169795,-0.1281707252816162,-0.16670845737219722,-0.0380025575285938,-0.07971723765438658,-0.15203951121027773,-0.10284015068384346,-0.07443744065164444,-0.09029473397390432,0.062129091229607226,0.29367386284781016,-0.04085018454124874,0.1112432557458844,7.254328619247669,0.6418963048226651,0.2222451219033862,0.06562133233132891,0.7804366811806637,0.4020657756464121,0.4227273248201051,-0.1139437258763388,0.26820627864897173,0.25126828949363456,0.027525288969184398,-0.037235553398107066,0.6779754036504653,0.30106550828737455,-0.00775384966889445,0.8258734558411036,0.15089856676297722,0.36811189879678263,-0.035284684689199944,-0.06868764185170197,-0.12097360680676474,-0.07979063762582511
ROI_080,0.39043807820740184,-0.09433797230442645,-0.14462314212108363,-0.18914721683126262,-0.22697950372982398,-0.18418787964782005,-0.08063627533674717,-0.2258067639405311,-0.21880406534303357,-0.14809509726376432,-0.2515995468913535,-0.11733796908514478,-0.1750121193775565,-0.2915979532492886,-0.32118504206628046,-0.037092675580903754,-0.1459705390547254,-0.18869204582079374,-0.22051714332494346,-0.11290656986387987,-0.18321889864930702,-0.2162489844175018,-0.18935281174238539,-0.059117727571734224,0.1627817632047813,0.13204373409134798,0.010200693748084128,0.01691206531749601,-0.21062417447955714,-0.21139849419852036,-0.1304207231374633,1.1076326800915524,0.2772739845670183,-0.16055666523748108,0.025242407655799534,0.11189387391631837,0.21590196684433846,0.6833578321461835,-0.045983650065420045,0.0208416102584406,-0.10611977129902761,-0.010099848615390249,0.10932405883495713,0.07776982929571276,0.27046998612658746,0.1246242416921568,-0.04698380496681939,0.0002091896855461001,0.05970855134612212,0.20880454051567282,0.43809155932690946,-0.08895794010203323,0.0060298582999973715,-0.18324327120621792,-0.24744576765245066,-0.20197247259306345,-0.21653065928022064,-0.2249919326630426,-0.027581468266010004,-0.07883956413776531,-0.023026786987987012,-0.17281533718536424,-0.049031943973405996,-0.22658998722115375,-0.08791024931730236,-0.33944685809356157,0.06535086986276041,-0.11775968618170013,-0.060280026009106334,-0.13914501522094164,-0.15605589936831446,-0.09885177248252741,-0.025188144581888294,0.032301643169942086,0.08741956418145494,0.33315661146486286,-0.05996854462324474,0.001531085567583484,0.6418963048226651,7.254328619247669,0.11835107626385288,0.0617065284712883,0.38036492887788703,0.16916645691381801,0.1323388483637954,-0.1103695867564299,0.39027557831855303,-0.009935036000423848,0.06236269894534961,0.25876343384696093,0.571250283994381,0.39841667481561455,0.023839569796419987,0.6889612436552538,-0.07408822735501615,0.10459156913582551,0.09002413940253598,0.009338487991936081,0.11221168075270303,0.26688283990266176
ROI_081,0.21246640098952083,0.7791588658996722,0.47015124595528013,0.6612182822503718,0.5340964204444623,0.3952577314811969,0.18747192420354167,0.5682245583264505,0.5204227040490846,0.728711749349563,0.44991268664361556,0.726543849145836,0.5640265389110807,0.35218605904851497,0.3941607088286452,0.7751851423814184,0.7204020717675266,0.6588644388252933,0.5722609165006148,0.6377619406146772,0.5421650611860137,0.5122570681911528,0.39816933699444007,0.8429433468174388,0.5303263023799051,0.23370892573358107,0.391671310140926,0.8556348537770875,0.625311167674625,0.6871680260272995,0.48340363341479353,0.013871357477005582,0.1283437133658784,0.9368889950200516,-0.022729184629160307,0.6585884380899889,0.7265889092183535,0.15312944578294785,0.3934054036616967,0.3675947341263811,0.5226464813129673,0.02276935903886908,-0.5237341391067191,0.35596003417182814,-0.1672479892004511,-0.29039484012845007,-0.15105527236508076,-0.34166180615085534,0.05332398950661082,-0.08327193430418618,0.7043718274976174,0.7643241011242405,0.9263871834339317,0.6271619074324722,0.4777685396690314,0.41312566230034,0.6640405976094725,0.6022987424060968,0.8361050081319035,0.6833608627486282,0.7707872157241568,0.6307642333740048,0.6637657716229804,0.5261667945700874,0.698193342817719,0.3632971853855308,0.4912545758260205,0.6961910776822592,1.272847618354066,0.8825017083754784,0.6788373327931854,0.9309584071583048,0.7922630078118138,0.758776755810796,0.9148372975494983,0.8649545524841654,0.833277256060071,0.7552122158720745,0.2222451219033862,0.11835107626385288,7.254328619247669,1.163062674408179,-0.08124865524356224,-0.06549124522983935,0.750971436732021,0.8412674285694419,0.8103509018331212,1.0755968045388675,1.0286453412960475,0.5488908132361224,0.2670636287346386,0.7230997476928711,0.8723690296824426,0.4299043791944593,1.174877238273885,0.35168549271104527,-0.21189682032193108,0.7184364690335121,0.19834160672300638,-0.0393274156913747
ROI_082,0.25000608992940804,0.8651662906227688,0.592849561994454,0.8511191145059979,0.7949420333387041,0.6075658052556595,0.42064668562685675,0.7231382677185112,0.7187645563221933,0.778913729771396,0.49955774268987113,0.6077610999244148,0.5108914897416578,0.5110021764563426,0.5064683789570231,0.8639708927905142,0.6935026965416754,0.778182598189745,0.6872486309351202,0.7761565820308501,0.5446910851593698,0.562874723052564,0.48516285908321577,0.7267407843614276,0.4299245122829499,0.031174546805346853,0.3471220392584419,0.5121451914568357,0.5294278252714764,0.5430051621364341,0.5313255166891049,0.014481671398119282,0.3510929203218254,1.061066628776109,0.07419356932360913,0.8797184307461701,0.7890530449905512,0.23693165719200543,0.6309357037748031,0.5893353207095599,0.9570760187947458,0.11902329701838615,-0.25536180477372405,0.38828512210764576,-0.05102272164488235,-0.13412813467798082,0.22367770122440564,-0.06244341406752336,0.2922631133183697,0.1830843756387431,0.6873735090404723,0.7731607623742047,0.958688835464537,0.8215948926658924,0.7005700868131971,0.5523319001433192,0.7666293940641508,0.7945995312980272,0.7142474030304771,0.5995088582107096,0.4656925926760329,0.550727739119075,0.5995703154303648,0.6889669267710489,0.7052753608447578,0.5019554274465035,0.7313042177137341,0.653124614219163,1.0081337972099849,0.9581007055988112,0.699775225822714,0.6188239658563217,0.6222139211064438,0.9042391591082316,0.4996298675960071,0.4048097675289385,0.8290171974511833,0.4085192250213232,0.06562133233132891,0.0617065284712883,1.163062674408179,7.254328619247669,-0.13088164110268025,-0.2042301720245626,0.3457090494910838,0.9189363390635382,0.8954883375091625,0.669314624555179,1.271039085224284,0.9001560287658318,0.36845569577378334,0.6416678763085428,1.018025627882535,0.3781019315987458,0.90565557193133,0.4388001872393637,-0.011228053536227705,0.7219923322687818,0.45220376918283395,0.24657620172328468
ROI_083,-0.14119226528935946,-0.5762238415712013,-0.5975891253259299,-0.6596872902421952,-0.7069873831623953,-0.7235072395062591,-0.7515580738441257,-0.6190557029731731,-0.6482575710398408,-0.5252536273013668,-0.7768718736962518,-0.6465146829271592,-0.7752904929183602,-0.6131761252285116,-0.6614541559397115,-0.596771895702655,-0.7736659194717225,-0.5961899722902477,-0.797846280985939,-0.6343543349335404,-0.5890890067350818,-0.9382128298776597,-0.6177830313700429,-0.6156271348117023,-0.26196318829199833,-0.13763849145461898,-0.45618195390462984,-0.20476423146330572,-0.6462649440627093,-0.6382413009611467,-0.09147426843099614,0.47068986986292677,0.17925272085802374,-0.509303733561402,0.37460461921731336,-0.2840838191224074,-0.2910449711207772,-0.13948621420605686,-0.5651816479827555,-0.717897528925614,-0.6189310162379316,-0.309282521413614,0.20478442526006557,-0.3183242713918711,0.9137104109940479,-0.23785540304739228,-0.11248211068166107,-0.20395359847303182,-0.6914259280312633,-0.5120812127508267,-0.03823193533645694,-0.565879315105121,-0.4927739983591716,-0.6813183210126098,-0.629427040617327,-0.5701827967989294,-0.592710671805024,-0.6002297568790772,-0.42752194371734475,-0.648427375844792,-0.5020224166704975,-0.7948067295550708,-0.6631777390250553,-0.660205897237375,-0.5299632940505686,-0.6917636922037641,-0.6565588233426622,-0.7692137641883688,-0.4629036192570727,-0.5846350447550541,-0.6264135589992333,-0.49082453284227384,-0.5634654283509745,-0.6390925791237253,-0.43657098772823993,-0.1715630357314949,-0.6266474330388855,-0.3282581824599969,0.7804366811806639,0.38036492887788703,-0.08124865524356224,-0.13088164110268025,7.254328619247669,1.1212313411145636,0.43202967946927934,-0.04703380455787208,-0.16536512423253355,-0.12401432896360025,-0.2984672308561707,-0.3649744337548233,0.4365217048008837,-0.29413523111959894,-0.46447143024031257,0.2572614335563899,-0.17409564353605217,-0.06280333922810905,-0.1952878814999331,-0.39252150712920414,-0.5779014751100617,-0.4346949400293536
ROI_084,-0.2800862909960158,-0.7376893594153848,-0.7087418698297804,-0.8058034387323793,-0.8582416083419473,-0.8689702152670099,-0.9318388307816379,-0.7472845031650867,-0.7959017878082489,-0.6224356232392055,-0.7811942433658403,-0.6603584695864172,-0.7769208371816344,-0.6980722786577637,-0.7278895733385919,-0.7313951845996917,-0.632887956469226,-0.6696967857181299,-0.8455741274649604,-0.7786697831700428,-0.7226174379672764,-0.7392871274644495,-0.5805504435442685,-0.538425924276417,-0.34636836529291576,-0.008291955324144793,-0.4431515518793232,-0.18087230719873032,-0.693543593608129,-0.6592771667292106,-0.3696841207296423,0.20811544168104618,-0.03895115827775969,-0.5151906557338424,0.37707803811262675,-0.4345447897807183,-0.4310087838877358,-0.311231230703261,-0.7688445286307296,-0.8286574690880135,-0.7080372256855948,-0.4526118129280101,0.1290371842877146,-0.5534258926377059,0.45908631517085274,-0.3720359435874043,-0.21189640670999757,-0.15232943083861783,-0.8940620256406404,-0.598574388885359,-0.25871623092909696,-0.6966347651018049,-0.6219179038784611,-0.8658395469347167,-0.7831134788596708,-0.7048539313204537,-0.7456438567808252,-0.732852254796317,-0.5274683793287731,-0.6931896431146548,-0.4694468008299724,-0.7641122280900234,-0.7211857362627003,-0.7740424621270953,-0.7043773345812544,-0.7196719699583668,-0.7127620228987398,-0.8052770626965824,-0.4386848347313093,-0.6594218593085004,-0.7301391708691415,-0.4028732392119499,-0.46933107827701537,-0.697510941157548,-0.35513940075749895,-0.17070840455796554,-0.6861989247202281,-0.30401731575575336,0.40206577564641205,0.16916645691381801,-0.06549124522983935,-0.2042301720245626,1.1212313411145636,7.254328619247669,0.4196189632350727,-0.008401052170457238,-0.3325591133741747,-0.10903417770005926,-0.3737073923262485,-0.47080554861781665,0.08574168500010891,-0.4662405897457431,-0.5946333492081016,0.007510120214476444,-0.2332826639922304,-0.3316355656304725,-0.30061379758811546,-0.3708117096319042,-0.7779250485100973,-0.5196158713780542
ROI_085,-0.03958387102579424,0.16408474411269594,0.015774240557562293,0.05389423541103004,-0.07187944593253147,-0.12549519390691471,-0.33931594784767155,0.03450801657324547,-0.011681130797905028,0.20924777058870594,-0.047405176176432376,0.2635608651385244,0.09304564895526438,-0.1025010017939733,-0.03229535503337927,0.1325326105774422,0.12452043024254977,0.12110039566655198,0.003956595210959726,0.08291779057281885,0.09446519173787993,-0.07214205150117092,-0.036310164404271233,0.1877147426592311,0.18886832361284217,0.20777127446285149,0.25133689225493394,0.7027849842962376,0.17700427833248658,0.30782139121795343,0.20561200969596474,0.03541001465382325,-0.0722973132077068,0.24077812874635182,-0.10128825213750149,0.1616610677508558,0.2630170122027815,-0.12961523167071415,-0.052818608085509006,-0.18680122605160196,-0.1741684003756642,-0.15984144647811654,-0.5816662333623985,0.1067340964810008,0.03856612057703856,-0.38203749463755626,-0.5978451305967479,-0.6874308610357399,-0.46140768166874413,-0.48033896099919987,0.3500474344673111,0.22736785253588337,0.2566476012161073,0.022588484613897977,-0.040875975721411856,-0.017373511471319436,0.12539357752225652,0.04620768469276555,0.40218935561192404,0.23802652512775677,0.5141354838087769,0.16276612189968526,0.20428081649816562,0.014005562515659596,0.205698153269236,-0.06784966884017728,-0.08106565163508722,0.1763716464680057,0.4960288302645394,0.23658580077130528,0.18631838131388062,0.512014479689727,0.3264824515585024,0.16298248072972488,0.5795774770815912,0.7258558995364738,0.22136453589763783,0.6374484631995718,0.42272732482010505,0.1323388483637954,0.7509714367320212,0.3457090494910839,0.43202967946927945,0.4196189632350727,7.254328619247669,0.4575700914840293,0.26290631116204954,0.7470731640610935,0.40699564162446755,-0.0218775214221302,0.21429526720923162,0.29161674047984026,0.33229587625005536,0.2751428496174256,0.5827488295261699,0.2192912891125904,-0.3231579432042693,0.36280739721756705,-0.2929926779995141,-0.43531064716763046
ROI_086,-0.1501377824599726,0.3964456599932671,0.2521791744789067,0.4192923715499265,0.4480792410729525,0.3545934757735114,0.08339443441508082,0.3595336408040479,0.39343867163435037,0.37506329458635557,0.15737635533050756,0.2579763527734233,0.21786586788202883,0.32240540079919733,0.3845270109912663,0.33803414857058184,0.34083635199309853,0.3700455694791876,0.3630575464613581,0.3280996342553651,0.30571324409766804,0.2826709542335236,0.23410632025182698,0.3339445622539293,-0.07434680874912054,-0.2718327993182874,0.04313460382145977,0.26907637174192534,0.259358334344843,0.34718673987962906,0.17758522792214762,-0.277744191766504,-0.02561865545507626,0.5104385367698856,-0.10741478139583527,0.22196414095640257,0.33939176489876743,-0.13934232829708673,0.2654817269553019,0.2256675261939339,0.5143506741549231,-0.16832384128931338,-0.22039410938730108,0.034123553140286984,-0.2771767960507079,-0.03392170260258856,0.21751641618305947,-0.09985800906508917,-0.020706699784119473,-0.07777330240243141,0.3535713330713954,0.4112519018242299,0.4298699430038056,0.4428968214939174,0.4698833243335425,0.3992509165894162,0.4303865889879218,0.5018170805810194,0.5195150926103882,0.36620977772910884,0.23023306742487804,0.3648978680283413,0.3272077259963063,0.4980611516508238,0.41703000363845666,0.4264346536889162,0.43380735125613273,0.43015908512286477,0.6133343676033142,0.5454768418104701,0.4493872847258126,0.7229612334811472,0.536244873183127,0.5844875294390935,0.24075876047086148,0.19526267610476186,0.43574354208884647,0.2005333721551291,-0.11394372587633879,-0.11036958675642988,0.8412674285694419,0.9189363390635382,-0.04703380455787208,-0.008401052170457238,0.4575700914840294,7.254328619247669,0.40666148271953073,0.4455783170646315,0.5183078091203851,0.670642788621246,0.25836101655642024,0.32806672135548637,0.6752967605427711,0.1691353457096576,1.0345580976382698,0.16496412797238152,0.1366459166103224,0.6673221886943074,0.16582411869730546,-0.0755854191559676
ROI_087,0.48447351475994954,0.8491166361071032,0.6197764144470347,0.7249840654359796,0.6368584098470302,0.571606052679711,0.4960416958879802,0.6544499768286115,0.6315456170105757,0.7167043670785165,0.5151587327829416,0.6780744777502833,0.5933647882455251,0.4526919047095451,0.4305758175867869,0.879184456862416,0.6640795287079496,0.710209787318733,0.6700856303593681,0.76697510095275,0.5936108815897526,0.5396315730911136,0.49885577239388257,0.7399971136202057,0.677725234712666,0.1930103177785066,0.5287999634633886,0.5846290870402471,0.5510999284405865,0.5630577112196362,0.5400284117337933,0.29017380645215657,0.404492092004946,0.7947120340473885,0.009718801096911015,0.9778876053411782,1.0287568045270545,0.5716874247798032,0.6619222765639394,0.7181693846340045,0.7746382564813872,0.2462582772323648,-0.23915150007420846,0.5473222390889971,0.03451511722650292,0.05610969571647961,0.15644020687601132,-0.05102772956799687,0.4159168430958899,0.3688424276977126,0.7822123737214532,0.778682384524863,0.9009555040320896,0.7061867758537619,0.5500516034208297,0.48430879170389657,0.6475063735669784,0.6373192058110702,0.7150374523667038,0.6545828052377043,0.5759096326114708,0.5621980041874217,0.6579603196232072,0.5628243880520183,0.7235368787019587,0.40006554048047477,0.6223303374889309,0.6640182815896009,0.8127668396869233,0.7632718517079617,0.6659660670057999,0.5131301476980836,0.6053713072777582,0.7660724266439501,0.6542080267639688,0.603550221389939,0.8161563753149393,0.5155970331675598,0.26820627864897173,0.39027557831855303,0.8103509018331212,0.8954883375091625,-0.16536512423253355,-0.3325591133741747,0.2629063111620495,0.40666148271953073,7.254328619247669,0.6466243494361601,0.9894973726465301,0.7124314768138882,0.45045487822172003,0.8491895054787784,0.8427933225643353,0.5708789976781158,0.6038463297125205,0.5133026704855763,0.05955282257928422,0.6190006603454662,0.5212252144670351,0.4462283882054087
ROI_088,0.2991664521563957,0.8367592402087206,0.564770869293295,0.6992206410064822,0.5422167191204175,0.461658392133431,0.336092081622128,0.638881554540299,0.5561419688233881,0.8157802464522218,0.5616527255681086,0.8853231767188646,0.7122023829440868,0.41268089436759536,0.4738721111147206,0.8063665686025733,0.7276731749256647,0.6856014277519039,0.5811085032832891,0.731940006014904,0.6479314036019581,0.5330625391853587,0.5072513902974439,0.7824078502538031,0.7482785288564072,0.3056302902991889,0.67126619433001,1.4227243034844428,0.7998743862731865,0.9094261692073767,0.7309487059015403,-0.03030514336608165,0.1581374500683131,0.7979502019419239,-0.0017996123505681057,0.6514348322701353,0.741195580472096,0.16729517388906792,0.39939760342829017,0.3800467012944961,0.4405443892546702,0.32315185172668015,-0.5296600038334044,0.7210254400801477,-0.08226964746535237,-0.02986263903481818,-0.17830484136471642,-0.19280864796663202,0.20352797032360948,0.060016599223352694,0.7055690980918788,0.8127001495741718,0.9145535144975094,0.6480072659816458,0.4996775355074324,0.4748357316472329,0.699078403682231,0.5941316613932018,0.8433996888475134,0.7778676647168437,0.9853477837823564,0.7102295638059131,0.7780029038737006,0.5271245449317477,0.778824926835394,0.40345649115153964,0.48412329654133024,0.7476523794769181,1.069713197333251,0.8037865347242827,0.7412658938337338,0.7546170054196036,0.7544201503232986,0.6763030240309048,1.0232145728082487,0.9835516858093102,0.9520690458378112,1.0160106505651714,0.2512682894936346,-0.009935036000423848,1.0755968045388675,0.6693146245551788,-0.12401432896360025,-0.10903417770005924,0.7470731640610935,0.4455783170646315,0.6466243494361601,7.254328619247669,0.922238139264583,0.34051443813815946,0.19135983136340085,0.6797372128508818,0.7575951677001868,0.38786073258146664,0.8815768216150324,0.681082098085222,0.0034753501741475734,0.735700119453677,0.26972308795658595,0.06673932713336346
ROI_089,0.42286026866712223,1.2114591453879884,0.8507951874401852,1.1001143956753572,0.9192997841090954,0.7620362499546008,0.6466317470498757,0.9780286004687412,0.9170879160212526,1.1677121384958413,0.7761031234063475,1.0898859661146898,0.8620677353832168,0.6306178015360318,0.6422730406633687,1.2685006357643225,1.0332821545680777,1.1208053355697754,0.9348058536072668,1.1633255585700863,0.8068916724643412,0.7880014100064286,0.6792844429949193,1.0281458993916415,0.764791364518659,0.2977208061919365,0.8307735739227442,0.906306606590475,0.866017811977339,0.8639664410468969,0.6627221545084017,0.03673448143669116,0.39242011179910324,1.336837823874959,-0.022076479694341344,1.2366283571029508,1.1216259516875966,0.4030965791516833,0.8430702449959318,0.7715290955851812,0.8873071091272214,0.3878898571429117,-0.40778027509608566,0.7065418266544582,-0.10469617184569383,-0.08995261824111511,-0.0017405393314258795,-0.1198459216290337,0.472049595378978,0.3160060891163323,0.7520186848761146,1.115563930300096,1.3907541581054554,1.0009693094901138,0.7920021285444363,0.6648364682631595,0.9840202199410226,0.9141608920277873,0.9606800854420817,0.8827262992310766,0.923679808781102,0.8289549802047331,0.9544668026262284,0.799941760684232,1.022811390105636,0.6050909072747808,0.8317835649740113,0.9336966462564616,1.383259041248585,1.205502567292879,1.0294321812829226,0.7052380107210219,0.8338894282318012,1.108368124741149,0.9249429374049088,0.7250024301486172,1.2383590644504945,0.818118731045004,0.027525288969184394,0.062362698945349605,1.0286453412960475,1.2710390852242837,-0.2984672308561707,-0.3737073923262485,0.40699564162446755,0.5183078091203851,0.9894973726465301,0.922238139264583,7.254328619247669,0.7000258902849925,0.27041687237581963,0.8107805004566377,1.2620706956009802,0.3410045970279055,0.7280328464463414,0.6330697613970094,-0.045722899908237497,0.8639836377229071,0.6127034933726938,0.39758628415935443
ROI_090,0.3270939110230007,0.6459798504136509,0.4681055148165651,0.6843042384791342,0.7474471687122556,0.6954484277047492,0.6268903193844055,0.5262091061151979,0.631455979284836,0.4525792756080164,0.3650115437327614,0.37414236469570955,0.395197374942299,0.4137604001237706,0.4666957720143799,0.6265655638780951,0.46303382357985046,0.4590080442289453,0.5271474770238502,0.6225772353031901,0.3726673256828624,0.4329827482766957,0.3310222520328759,0.4263106439167839,0.15751915322513482,-0.29269258421660266,0.24676418668473327,0.21591980553173593,0.3968199272820518,0.3557909416976649,0.32130423143397147,0.022589439386027647,0.18530964006216993,0.5061241057040258,-0.2598239467189334,0.6424685779470919,0.6766408638305942,0.43303020321116037,0.5949042643930536,0.6771388876309361,0.9864905784434026,0.20586356529368627,-0.15789734853093343,0.4708555094348446,-0.25274205994492566,0.42566292883573076,0.3925547131932796,0.22522861424919616,0.6865463705126552,0.7513797615608782,0.6390416115768652,0.6434610129289607,0.6767373645579949,0.7468774036433781,0.6995440078199939,0.5840534834545751,0.5911923310194925,0.6790719494719725,0.539052239973924,0.5892377628157718,0.29496380788874726,0.5030511195254953,0.5488288940188266,0.6687666566796158,0.5479679347525219,0.49494716468046035,1.0410766296330582,0.6034586721162656,0.5585192581856325,0.6255613342245001,0.5481467609209942,0.5122515851717276,0.5435294548904492,0.9964271070437686,0.29838853569147844,0.2690461562797561,0.6656469628337447,0.1506141152984229,-0.037235553398107066,0.258763433846961,0.5488908132361224,0.9001560287658318,-0.3649744337548232,-0.4708055486178165,-0.021877521422130196,0.6706427886212463,0.7124314768138882,0.34051443813815946,0.7000258902849924,7.254328619247669,0.45955892693048195,0.8200156764128813,0.9372411807205959,0.5287649288102851,0.6414304440360856,0.5106335664429277,0.5960780884372334,0.7129967496017585,0.8583446066652872,0.7042662033687
ROI_091,0.35737595337819766,0.2538102441508912,0.19564897733932524,0.21796840222950845,0.21602800221616408,0.23600304129855826,0.19621070925449227,0.1898213223957444,0.2327830151986659,0.16857205468694045,-0.01880593210554408,0.044000650231832014,0.015852611233537522,0.1365992395272618,0.13858969988386108,0.219095911763213,-0.043495243789167325,0.1401793794538022,0.06505807272078874,0.21689850364168448,0.1735402225670671,-0.1472278206462924,-0.006145882575609342,0.007237114034915004,0.1178847799731793,-0.23735774470870918,-0.06066067683724854,0.11177491712090416,0.06702253089361977,0.014343564693212777,0.3777084293909416,0.4129205518933205,0.5112484842545012,0.0962333692611841,0.0774521047391606,0.3184342808308525,0.2690465861347452,0.4111433034813568,0.19471403645603874,0.08919926968174939,0.1611790461813342,0.04960368528938217,0.005939741480468916,0.35853042121696277,0.44641703789099524,0.25082344227439174,0.1497398491823643,0.053674640899798724,0.20895050148727218,0.20634379360890656,0.7691183490529718,0.28316772056585976,0.3194950813612428,0.24051144159494842,0.2539458876414989,0.25388769294400887,0.2461050719473041,0.25321956501940124,0.2761210170052167,0.18835778614697396,0.04868475573210193,0.04028510616909567,0.17545188455372168,0.22766790992975924,0.2720225883703954,0.11431032040541607,0.2885550247280408,0.10246014723102055,0.137015606851649,0.1711303262340985,0.21092774875472745,0.10199342187156996,0.1947931231552515,0.25607569937003327,0.039749971279771805,0.1813830373482557,0.15663582520939492,0.05684875100086987,0.6779754036504654,0.5712502839943812,0.2670636287346387,0.3684556957737833,0.4365217048008837,0.08574168500010892,0.21429526720923162,0.25836101655642024,0.45045487822172,0.19135983136340085,0.2704168723758195,0.45955892693048195,7.254328619247669,0.5261978417711649,0.3606575050570065,0.9549393439402665,0.31476084825996775,0.5441686395689231,0.2649434122658899,0.22908209132248178,0.36895990067846957,0.235295064756972
ROI_092,0.5408641121065308,0.9621268570067238,0.7979292910900412,0.8627081901585245,0.7663785768047496,0.7908142168320091,0.6356647133339578,0.7782119948198476,0.7801764132511557,0.7812310656522118,0.6861794021516241,0.793061625291923,0.82155552275152,0.5985753214712319,0.654801096651618,0.9564443627765293,0.7279458884721729,0.7372079150693182,0.7559253434169682,0.8936575057738505,0.7588251148038433,0.5466701987386534,0.5409498974322821,0.6801971737512796,0.6182067670162421,0.1275637178186848,0.4955526489973822,0.6447519697780896,0.8390134766503078,0.7354731446251047,0.5878843582723383,0.1981843522369804,0.19842237622440223,0.6744443438162419,-0.21533028423517786,0.6522448221975119,0.7953967669915634,0.6520285012706666,0.7182654288207329,0.5824292152362576,0.5692507699608542,0.3098619828879416,-0.3606351738218039,0.7941169733519625,-0.195569991703543,0.28564306160933767,-0.04051508445754061,-0.043775818886689535,0.5747341924212478,0.4584226469728343,1.1372029936985597,1.0701863272116707,1.033749141607638,0.8763478369195621,0.7925171143534424,0.7788035906253385,0.8848576441642451,0.8323474145499045,1.0211904972457486,1.0520165221872746,0.8299826347922041,0.8958810383830411,1.0438581201574848,0.8196452692210717,0.9071828623977216,0.6014357622492247,0.9025567373850107,0.9715184089951725,0.8763442863966268,0.8789426141015753,0.8570875588806597,0.849996455025133,0.9428555784897426,1.0605402021023602,0.8639098617908778,0.8101313500674986,1.0138571847956694,0.6900049797643039,0.30106550828737455,0.39841667481561455,0.7230997476928711,0.6416678763085428,-0.29413523111959894,-0.4662405897457431,0.29161674047984026,0.32806672135548637,0.8491895054787784,0.6797372128508818,0.8107805004566377,0.8200156764128813,0.5261978417711649,7.254328619247669,1.069261230177975,0.6594939567463115,0.7938211303933461,0.6715974742594921,0.27181537863925775,0.8391063308952306,0.7366889288591534,0.44866284274421936
ROI_093,0.37296084672877816,1.3526069001418226,0.9674223903910578,1.3225001665160396,1.1704989307970541,1.0089730265343166,0.7976121938256417,1.0828747881842657,1.0904979092694764,1.1608561859798074,0.8247265244313413,1.059251929985073,0.9248683675552145,0.7572660704040691,0.8447581413481082,1.2685922697793688,0.9906082009911217,1.0881935427357696,1.0357060047067415,1.2443320673029314,0.9273346239103373,0.815733866662371,0.691009484937381,0.9415624865890586,0.5515908940142471,0.06597514507776411,0.6897569119002823,0.7609334373265099,0.9921693545689859,1.0426460717933221,0.6907555291123336,-0.09507663452832744,0.25115059021881514,1.1079241036645213,-0.25513870080518364,0.872012402035509,0.9102351235226293,0.37965716548665757,1.0516425226052653,0.8969687951465979,0.9738736789474033,0.3683298956717779,-0.37974922511918513,0.7935213100025501,-0.3085184545477309,0.17384485141513653,0.06361993261557201,-0.0949333957605903,0.5919238554205851,0.4109471327934906,0.8657362117138647,1.352917302241129,1.42367744780701,1.2851553026910478,1.0937914749890334,0.8723941770762295,1.2437676575324914,1.1524243220358938,1.1930032230853054,1.1369430380293244,0.9253258402799744,1.0232177365707795,1.1406418743501663,1.0874560965821378,1.199495435175125,0.8110280191408812,1.1162087181666576,1.171267928671179,1.315592564088793,1.3474527280452528,1.2381890404746851,1.0660092608040421,1.0717471905923872,1.6866751228212522,0.8590747010634298,0.671916702703235,1.3582426714994995,0.7823853194899434,-0.00775384966889445,0.023839569796419987,0.8723690296824426,1.018025627882535,-0.46447143024031257,-0.5946333492081014,0.33229587625005536,0.6752967605427711,0.8427933225643354,0.7575951677001868,1.2620706956009802,0.9372411807205959,0.3606575050570065,1.0692612301779751,7.254328619247669,0.3715725432645964,0.9967313907664634,0.6985028303685578,0.19326000288971643,1.0220721865582982,0.7675175060548054,0.4170696452318099
ROI_094,0.6265113468910707,0.3020320262663898,0.15037292002064728,0.22937490518433162,0.1896416988378899,0.1719656666182155,0.219727675398779,0.16486309566786203,0.16257899968107326,0.2155846082781325,0.09263740113344734,0.18408896183451445,0.13664108554200177,0.058641620628424526,0.07007467741712911,0.3159976192285169,0.10525837420709783,0.1352535904912684,0.10263505268157903,0.26645346519559243,0.1319204797584737,-0.007594038130400758,0.08233790703061983,0.18705535195409456,0.3180642628820416,-0.0320598457751277,0.11352296743481574,0.3682248178367497,0.14926119324695586,0.16383971529231564,0.45608493961528296,0.49906953000098553,0.357124052369319,0.15450040506636664,0.06762733737390081,0.3809996933063207,0.4350432703436258,0.5308945337356185,0.1481164012655852,0.14462113794290227,0.21537527874440965,0.21735190185096326,-0.10118360287941022,0.5098596438488571,0.32674722756976254,0.2829244594951367,0.056210946148255454,0.031338595342801645,0.23446400193854283,0.27519940625991796,0.8326496489127664,0.3345617581513983,0.3986212154801403,0.24292257696369704,0.17933293667975309,0.17551143920979312,0.2119930587939574,0.19210429411231542,0.34348050498117716,0.29909481287524065,0.240448022807019,0.1368042287047883,0.27275745567050147,0.17396668787613065,0.30612483597072526,0.032690325089878645,0.34022162045934085,0.19147689676361504,0.24549332271071603,0.22309664443214303,0.19312364331682735,0.16100402484204068,0.24591313191381584,0.3087098187812959,0.2625193039063777,0.4721422577473751,0.28652493405910767,0.24678868433813145,0.8258734558411036,0.6889612436552538,0.42990437919445923,0.3781019315987458,0.2572614335563899,0.007510120214476444,0.2751428496174257,0.16913534570965763,0.5708789976781158,0.38786073258146664,0.3410045970279054,0.5287649288102851,0.9549393439402668,0.6594939567463115,0.3715725432645964,7.254328619247669,0.3858731224730969,0.5798917964142055,0.2832373301198079,0.2998570165606756,0.3554464433433172,0.27540505860663694
ROI_095,0.09062003400486879,0.8446819201747523,0.598305257109262,0.8087006765220341,0.7429656306648238,0.6268447765599774,0.29995945112876066,0.7132929054925918,0.6950110091851714,0.7670797703759834,0.5255282698338485,0.652879169817683,0.6483053150082333,0.5997210181404434,0.6815120093008492,0.7482089457442771,0.6237458742159392,0.6679701141456486,0.6918969633957235,0.7057125480946268,0.6686958210285916,0.48976345686150147,0.5277823447753986,0.6361148340673141,0.30187130460806666,-0.12257893138894965,0.2785682945885162,0.6574587553284957,0.7488989150240527,0.8155073029488941,0.6272173955954153,-0.2156767705895082,0.024238629064509958,0.7892566313050756,-0.157471027517851,0.4520613018701325,0.638218134705765,0.016744797261076867,0.46163224970487987,0.36433128785426283,0.5907606625225843,0.01565890830311679,-0.47067889983854333,0.4862108240520812,-0.2579610358882063,0.0760128175667389,0.03305405831291587,-0.17533460145758684,0.18323712640741835,0.039590965729718555,0.7199339851352731,0.9120367070253967,0.8654133072950216,0.8417141453505929,0.7831334649761841,0.72010237466756,0.8579289582214792,0.8564782495909606,1.0796956008900944,0.8719465676087436,0.673127926806033,0.8059903126628097,0.783834605748829,0.8201709369130399,0.8360514188179161,0.6644907141095314,0.6264039981746371,0.86481916394828,1.0430813464695121,0.9806223634069853,0.7833328797613411,1.1798246813691733,0.918881834544548,0.8968826092905574,0.6455207211788501,0.6002655633235192,0.877595759484571,0.6396901948854986,0.1508985667629772,-0.07408822735501613,1.1748772382738855,0.90565557193133,-0.17409564353605217,-0.2332826639922304,0.5827488295261699,1.03455809763827,0.6038463297125205,0.8815768216150321,0.7280328464463413,0.6414304440360857,0.3147608482599677,0.7938211303933461,0.9967313907664631,0.3858731224730968,7.254328619247669,0.5087605942567699,0.14184414667779402,0.9115726796393208,0.33809873883434893,-0.02072950828447323
ROI_096,0.49213359913681176,0.8092612618245687,0.7161590710209826,0.7765084627942129,0.7312233844418278,0.7167171199510194,0.723122993822751,0.7276746832822837,0.726388562303458,0.7135090603538673,0.5378831213013732,0.5552411806846059,0.5637493758211484,0.5333859881459015,0.5810158155096233,0.737210753965655,0.4195390408418907,0.5872441914194482,0.5007511329707627,0.8293127867991337,0.6257651659649728,0.3116607298872264,0.4459688645007964,0.3677653663167363,0.5335609940056257,-0.11445090332549164,0.5113349939852164,0.6508703372003882,0.6903528011843637,0.5789401339238937,1.0996159419818436,0.12192096843458393,0.5250420176167738,0.46948950599560596,-0.0007101347568686947,0.696907821189767,0.6423911783362839,0.3651667052895011,0.5333306851900641,0.4415087118669651,0.5300841962636049,0.5271806408282848,-0.24333211377674316,1.3899991157051181,0.2970432843579624,0.5610674289353856,0.16479119531661254,0.19640028087899436,0.6987444065768631,0.5748182151257731,0.7128021535020794,0.7776516498191804,0.8033104243256168,0.7754345687822591,0.7197307709461839,0.6916761257179659,0.7519506229151777,0.7067307618810209,0.6719070611215016,0.6827283583591105,0.5612877002672958,0.541684830587561,0.6919791351095306,0.6375660319376886,0.7636662047400616,0.49959698399727165,0.7049506513852387,0.5932899629745566,0.5088166705286156,0.6108723390923662,0.6510816004904068,0.3397147879940707,0.4284103038003997,0.6462174528328276,0.41399296007350134,0.45525059621512,0.7482072420642473,0.48433987399068795,0.3681118987967825,0.10459156913582551,0.35168549271104527,0.4388001872393637,-0.06280333922810906,-0.3316355656304725,0.2192912891125904,0.16496412797238147,0.5133026704855762,0.681082098085222,0.6330697613970092,0.5106335664429277,0.544168639568923,0.6715974742594921,0.6985028303685578,0.5798917964142054,0.5087605942567699,7.254328619247669,0.5536736975524744,0.5812401773379311,0.7851252595994936,0.4990470808794474
ROI_097,0.10136465371653555,0.129429825640271,0.18866264004458386,0.19565335945632772,0.3238818603876702,0.42038934501191527,0.46537508855883913,0.16968683636646437,0.26193863947544554,0.027604115691056013,0.08741660270842903,-0.07699044449594393,0.08515268701984893,0.2532457638914784,0.30503254003850117,0.07905267120282938,-0.013684337196321152,0.01822017807134488,0.11668567468114695,0.1797892309403449,0.10628989536675054,0.04402516706986013,0.13903687977954945,-0.15059616773332934,-0.17959102923539955,-0.6470967420876469,0.05265452833962846,-0.09256470594203486,0.09821371655447199,0.026298146683865573,0.19118709308896703,-0.03591793688981886,0.058776450796124834,-0.12323842635401065,-0.1301748367539213,0.04230189716130095,0.15995406943035675,0.20235218562741702,0.14978615891068076,0.21277465504598678,0.35131824040696663,0.2390552687648944,0.1461532860302779,0.4193941715529806,-0.0017758152728728888,1.6061955083668582,0.6046185991158562,0.7379825627048627,0.6839452980719939,0.8992264688524795,0.20196272062370646,0.15016796371350302,0.06719524580758865,0.2701179227355706,0.3745443635596635,0.39197663090235335,0.16627548872167572,0.2642375687003677,0.11121387858970859,0.20026741506157658,-0.10200299451668836,0.15924678694313663,0.1549496508726048,0.3180336198755879,0.15702017896730783,0.3272995971369855,0.5256204587385948,0.18722930048722367,-0.10406349749358715,0.06289173217203176,0.12866668047132632,0.03085932428444406,0.09349244321726181,0.2811999565725115,-0.1992712646702522,-0.16740894619190552,0.15413133781941443,-0.20973470181701884,-0.03528468468919995,0.090024139402536,-0.21189682032193108,-0.011228053536227706,-0.1952878814999331,-0.30061379758811546,-0.32315794320426927,0.1366459166103224,0.05955282257928422,0.0034753501741475734,-0.045722899908237497,0.5960780884372334,0.2649434122658899,0.27181537863925775,0.19326000288971643,0.2832373301198079,0.14184414667779402,0.5536736975524744,7.254328619247669,0.3267450565880439,0.6593063006452252,0.6520091696170558
ROI_098,0.19206249278060564,0.9285466256495822,0.851435514321432,0.9161483794251271,0.9026887718688389,0.8787296493051543,0.5616264260066934,0.8912827541408932,0.938926731602952,0.8864202104928176,0.7268818478001908,0.79256501338997,0.8554254556002768,0.81683062517155,0.9302464430067505,0.8692236569385089,0.8531555799738387,0.8591489648839872,0.8932400982733657,0.9079691322538233,0.7923265480339267,0.7250690804840236,0.8053957618163806,0.6486463988465401,0.3098885878061872,-0.04766598065701068,0.6069355496784884,0.6696811372843477,0.7945686613281883,0.8205167706505986,0.5006693112050818,-0.19420679191675655,0.12606150374993505,0.8535173932016082,-0.15474409332672212,0.5294766419682092,0.7385653976159355,0.21137295295143402,0.5710879667210679,0.4731928344867917,0.6303851442643454,0.11490950893248787,-0.46534634809314507,0.6054491967115988,-0.32104213256715747,0.26730181442534123,0.08328682318327088,0.14787694147028138,0.4682258764117241,0.35232754472698397,0.721444945829956,1.0693807348003574,0.9571082307423244,0.9687604824440004,0.9480649018837526,0.9670138071956462,0.959538833069714,1.007829268209799,1.1727791573248016,1.0826920615707218,0.8065248872267787,1.0536373421464542,1.0514169293935682,1.0699214881768575,1.0190605889490365,0.9445811294710377,0.9956654117606863,1.1520171331372853,1.0430117302642021,1.0939417855699847,0.9961125607663721,1.0390600779419836,1.219201790588845,1.102865318075958,0.7269514181191403,0.5729355296348497,1.0542579457286376,0.6452577763472317,-0.06868764185170197,0.009338487991936083,0.7184364690335119,0.7219923322687818,-0.3925215071292041,-0.3708117096319042,0.36280739721756705,0.6673221886943074,0.6190006603454664,0.735700119453677,0.8639836377229069,0.7129967496017585,0.22908209132248178,0.8391063308952306,1.0220721865582985,0.2998570165606756,0.9115726796393208,0.5812401773379311,0.3267450565880439,7.254328619247669,0.6781572883788634,0.30585794405048283
ROI_099,0.4630948376836422,0.9180091189974431,0.9481100799805822,0.9952675161299435,1.1671100545533784,1.2892501826454765,1.4418818741754242,0.9512013172200615,1.1175508163497863,0.7474836746426938,0.7783391148685981,0.5942458313091012,0.730842307178097,0.8605548508747963,0.8938604469072309,0.9016977372138855,0.6778282289445278,0.7847106386924327,0.8159240239378427,1.043997161999941,0.8010084667686267,0.6394557925924176,0.6535165238346157,0.47746125074815604,0.3900422539532987,-0.12808671681534578,0.4909692224343575,0.2698353640436559,0.7004789383843693,0.4957578388288326,0.5445176625174645,0.023574370527523033,0.40547122027517996,0.5834059156320717,-0.09607660963497296,0.6759100484251075,0.6737927717350166,0.5422658900222426,0.7485870079793031,0.7905860754296695,0.886126907787975,0.5196869671670726,-0.0998378242900078,0.8913233898055998,-0.12784305606995397,0.6944614612780945,0.3873128460922841,0.5585038706634055,1.6296423258118735,1.117964741149674,0.6434534542829786,0.8882451494560725,0.8761976740410817,1.0886468559924916,1.1107927670318454,1.0717059190936487,0.9090107157454067,0.9974721468644185,0.6701896329735919,0.8132551141501916,0.43269582761371084,0.7449471760282106,0.8606611051319201,1.016899101855171,0.8792248368416604,0.8732264278578217,1.4335045652835043,0.7976477196430772,0.5119606682922567,0.7429404353300545,0.8804501000651517,0.3964747214731595,0.5822794901178316,0.956038549424035,0.3372324467200334,0.2344758006432724,0.8463453970834904,0.24429765289304003,-0.12097360680676475,0.11221168075270303,0.1983416067230064,0.45220376918283406,-0.5779014751100618,-0.7779250485100973,-0.2929926779995141,0.16582411869730546,0.521225214467035,0.269723087956586,0.6127034933726938,0.8583446066652872,0.36895990067846957,0.7366889288591534,0.7675175060548056,0.3554464433433172,0.33809873883434904,0.7851252595994936,0.6593063006452252,0.6781572883788632,7.254328619247669,1.0024846208279172
ROI_100,0.5394425661954972,0.441934992167639,0.4089654651207198,0.47553649245065527,0.5414242445880104,0.5610594682003672,0.8726010108484327,0.4053400935569517,0.4705956808343042,0.3393963948633766,0.39318991349925936,0.2960215679157574,0.3653875931807704,0.3413450570964874,0.32208263418789834,0.4781038634753482,0.38186577883249473,0.3629650568124528,0.394621266718292,0.5007920877380143,0.2777483422371582,0.45810542917808356,0.3642343146384893,0.3175024693264752,0.31367184179222607,-0.022000304905943905,0.5024629277876227,0.1148934949224148,0.29433212663732894,0.21090394556589137,0.242128437247897,0.22960881651438564,0.43013886408929913,0.2780114871484632,-0.013136026622615541,0.6424430062499629,0.5292771702269122,0.706202963141029,0.5697931542399907,0.7794101939658548,0.7311608256246355,0.46724507340554516,0.12232951720092511,0.6285255165828056,0.007826235656440998,0.67132228652811,0.48658633764983744,0.5895831442052214,1.155973702910566,1.6358434124609822,0.31781270688254526,0.35307202307692703,0.41389376886466783,0.48271631009627797,0.4374755558419366,0.38444058244235907,0.3305930955853264,0.38659813640238117,0.18175140265866818,0.31854307706136975,0.17192847734272723,0.29838788908365904,0.36121199770124635,0.373682692560175,0.3354046837665939,0.3157943729625475,0.7942234578597478,0.36108293543035885,0.18797159326979704,0.3017394541990414,0.34232792697385256,0.047005007539075695,0.19585118548159738,0.5560585572414205,0.1397407607376837,0.08288168608654438,0.4252797713399391,0.053218342951996504,-0.07979063762582508,0.2668828399026618,-0.03932741569137469,0.24657620172328468,-0.4346949400293536,-0.5196158713780542,-0.43531064716763035,-0.0755854191559676,0.4462283882054087,0.06673932713336346,0.39758628415935454,0.7042662033687,0.235295064756972,0.4486628427442194,0.4170696452318098,0.27540505860663694,-0.02072950828447323,0.4990470808794474,0.6520091696170558,0.30585794405048283,1.0024846208279174,7.254328619247669
