,ROI_001,ROI_002,ROI_003,ROI_004,ROI_005,ROI_006,ROI_007,ROI_008,ROI_009,ROI_010,ROI_011,ROI_012,ROI_013,ROI_014,ROI_015,ROI_016,ROI_017,ROI_018,ROI_019,ROI_020,ROI_021,ROI_022,ROI_023,ROI_024,ROI_025,ROI_026,ROI_027,ROI_028,ROI_029,ROI_030,ROI_031,ROI_032,ROI_033,ROI_034,ROI_035,ROI_036,ROI_037,ROI_038,ROI_039,ROI_040,ROI_041,ROI_042,ROI_043,ROI_044,ROI_045,ROI_046,ROI_047,ROI_048,ROI_049,ROI_050,ROI_051,ROI_052,ROI_053,ROI_054,ROI_055,ROI_056,ROI_057,ROI_058,ROI_059,ROI_060,ROI_061,ROI_062,ROI_063,ROI_064,ROI_065,ROI_066,ROI_067,ROI_068,ROI_069,ROI_070,ROI_071,ROI_072,ROI_073,ROI_074,ROI_075,ROI_076,ROI_077,ROI_078,ROI_079,ROI_080,ROI_081,ROI_082,ROI_083,ROI_084,ROI_085,ROI_086,ROI_087,ROI_088,ROI_089,ROI_090,ROI_091,ROI_092,ROI_093,ROI_094,ROI_095,ROI_096,ROI_097,ROI_098,ROI_099,ROI_100
ROI_001,7.254328619247669,0.12995282245798553,-0.12387513073070575,0.043655642054638094,-0.015879666592115056,-0.10225817831431312,0.3505272563742129,-0.12948093171631164,-0.14694043389122788,0.12324989689520564,-0.10429043532166114,0.04603536344859001,-0.12605153392396673,-0.3082668349174945,-0.30319071213377813,0.2678726069734639,0.058014514767949416,-0.06596547715324401,-0.150855975132391,0.14988917918931294,-0.17486332228104032,0.10090246166515131,-0.0713276253062613,0.24316842701860247,0.4759412928080746,-0.007972838750847946,0.1959742091270932,0.3061802013999352,0.02675773511322175,0.09609368387590812,0.6051003225129434,0.6969799190259541,0.6919768917630682,0.1455880070519764,0.19346540061847786,0.48144137989863717,0.5368370752228954,0.5606192930535729,0.17779361414103712,0.4721286149809531,0.5858863279043559,0.533964365466087,0.16653082669602517,0.7826706983783123,0.4359508060453658,0.27739403922106687,0.4257109808680141,0.1393608198347517,0.30733072215604057,0.5384089914453926,0.4343970010820683,-0.01954074840324878,0.11460034098151961,-0.016764491191819,-0.1342044035411353,-0.2803375022746248,-0.16779773853683835,-0.18216451971355951,-0.13876175331635815,-0.17943051579932404,-0.0525991435090874,-0.27559388823779496,-0.1531562798582881,-0.25181534403320965,-0.07269081149130872,-0.3932594014359452,0.11426941540964117,-0.2264534042762945,-0.003012165283852184,-0.053858962539890344,-0.08163981728301932,-0.1990575688382907,-0.2358154357385307,0.09500353496932049,-0.039910955453914855,0.1828412648856832,0.11622320520809694,0.08330945114310902,0.44581157607496236,0.397388036914141,0.2199434403887603,0.3201426081665555,0.10866500510435428,-0.08183108025474645,-0.032616491869959754,0.040247584148301645,0.48635177046309996,0.3710993742608542,0.31803182797068286,0.45100689312520265,0.15585270053938077,0.25145757781625283,0.24892195282131396,0.5561972534015988,0.24029821703329743,0.6333364964466336,0.23669190535702658,-0.06618191552655266,0.1476761830594567,0.567628016010238
ROI_002,0.12995282245798553,7.254328619247669,1.3715509662474918,2.011468229339342,1.6897333245481978,1.3548464904593547,0.9437391792877414,1.4083294337339063,1.4869381738704839,1.726308234719978,1.3605165023746466,1.8727968171676543,1.4340217912231474,0.9504842230078941,1.0249029239913585,2.11068595378467,1.4941323389701398,1.4930961903427058,1.2740227751994864,2.154167173679361,1.2469423405298024,1.149246133431438,0.9287318766026761,1.497236877176528,0.9920257194488363,0.6976024320821237,0.7841519468166886,1.0974475220108928,1.4636676646167697,1.3633826667948505,0.2977259011705524,-0.19666813745263734,-0.03822740837814492,1.7248559486396413,0.05417808202629409,0.8452818133319063,0.4854410631833188,0.30067798829180026,0.8032688133611974,0.7229322686407135,0.6785692252806291,0.11491088824607958,-0.45872768351509163,0.2490685793707651,-0.3673072484632697,-0.40015312731518976,-0.16378849343356652,-0.28400442047095126,0.5634422047536445,0.19321217217003314,0.7203791803881513,1.8823321530017005,2.2267915439754153,1.913150842192274,1.444849212465438,1.0670653941740222,1.4780649223125977,1.467641900629277,1.2838178696788782,1.3488736901379639,1.4917381619916112,1.2036935687474952,1.409209414672709,1.200519311312539,1.5734085657412524,0.8848022938408765,1.1407835006520233,1.2225125688138572,1.7066018127766198,1.7696187586175463,1.4775742995547818,0.968088653345499,1.0900356313470234,1.3945873544010765,1.434771465093158,1.0197145784024053,1.9476643131079165,1.3084026100851545,-0.21693594290898663,-0.18517508813913902,0.9480135681380262,0.8467374769267706,-0.5174714529941051,-0.32184353594227033,0.4546973927752467,0.5700102227667438,0.706390711535949,0.563851024387424,1.0824969407944534,0.38939025916835734,0.19148102802671707,0.8386539347278968,1.282796847174219,0.24383379124687307,0.5311556201478261,0.278905905799988,-0.3048551370885991,0.850894707449842,0.8381808891381878,0.2532921848785141
ROI_003,-0.12387513073070573,1.3715509662474918,7.254328619247669,1.4597605553041018,1.4740028946542831,1.561263111487555,0.798330445350987,1.7478564556165106,1.6980582482404585,1.519544799128527,1.612622796700077,1.5480694512104727,1.6241994182813033,1.352859641324243,1.333616438018721,1.2722636326628647,1.3822697613375263,1.817063590866227,1.5012185439414492,1.4503962726213928,1.610085034701625,1.0846152783239482,1.0905465671261085,1.0318617584874616,0.7986178065598074,0.9215807645166445,0.7293029282575418,0.7041336333733685,1.1876661879796893,0.9893852876294854,0.04882752401158679,-0.2866455117303708,-0.14534675111494164,1.2944082623697928,0.17965663758810885,0.5330717087988389,0.21713789258189684,0.26418750515048117,0.7655616171775553,0.5196318011916919,0.39018022333717683,-0.007321432559462003,-0.3328446553916313,-0.05624851426795598,-0.43386180622823683,-0.4654361505475694,-0.21900523780867787,-0.1941610449543313,0.47472547753115346,0.05722096959692915,0.4796371057675421,1.4290435632085121,1.3813522099223279,1.4403326393296711,1.4795284107725966,1.328913435982094,1.6089657327901588,1.7280585640632662,1.2939358632105125,1.3475902998177205,1.344075918106222,1.3997300709117215,1.5562649425699513,1.4298949331463404,1.467351478076213,1.2153507655766742,1.0317127818261518,1.3310806083366653,1.281072255714207,1.5477236090548123,1.4826669563999446,0.8597319872703827,1.113120588455431,1.0758600964875793,1.2254244291846488,0.6966353790919363,1.3065087539083244,0.9528130634034953,-0.42211727634002066,-0.2976186321489491,0.6431957954994258,0.6133589137084393,-0.5184460206488544,-0.17026435572716228,0.351325020769973,0.4420705897932865,0.4547646687790599,0.23747744296954107,0.8035637644754624,0.15525731585470415,0.09764288546711575,0.5657525794830002,0.7883018243369345,0.015879713064881718,0.23074337186236707,0.0475703671405469,-0.3865051841025565,0.7939944553516673,0.783525097037738,0.10917400735293464
ROI_004,0.0436556420546381,2.0114682293393407,1.4597605553041018,7.254328619247669,2.3581468596527224,1.719928390887066,1.020579988106642,1.7937004106645795,1.842915964926925,1.472256862684391,1.5867050774359515,1.7439526631058826,1.680337144673501,1.1924599226474526,1.2748419757893052,1.6848120742321238,1.6428503756973123,1.7076159987006037,1.565352135865242,1.8894485619128363,1.441495404240063,1.2884783007719574,1.0421738701116798,1.396541563513248,0.8364183703941563,0.7818871554810355,0.7118626860183486,0.9157815172783197,1.467206401303104,1.386839750331506,0.14252458787877004,-0.29320234130822576,-0.16253582961613405,1.5230672860117407,0.04713170350580164,0.6522377978026362,0.30563784549564055,0.3198289535838744,0.9365085265576998,0.7154520869846668,0.5503102429695509,0.12082747714711828,-0.376741492000901,0.1305904660386707,-0.500082077971676,-0.35120363416453504,-0.18921370427170553,-0.2371946205056252,0.6423234871689828,0.1633867528862555,0.606829027794148,1.8410320886732614,1.961961310110042,2.624829978215883,1.8147450118352562,1.299801816644415,1.8354668863657913,1.805205761173815,1.2428712049236035,1.472593224315106,1.417427174242463,1.4241375134046788,1.6428018871401249,1.502317674066799,1.667046934529865,1.131010492389516,1.1493383918553206,1.4895741734366819,1.505268483720247,1.810688149437705,1.6358910035605188,1.0151664347371057,1.2489472063805318,1.4258171057718945,1.3673479881099004,0.8937097314076162,1.6489735015501912,1.179713609077797,-0.3568113542509926,-0.2720473557394498,0.7097212658667903,0.627491402008914,-0.677048811513601,-0.397019491018334,0.320359346420489,0.4566198653503621,0.49036622355922277,0.4050546155160466,0.8268207966123441,0.25192661556439033,0.12143776352248124,0.7752737975094202,1.1604587904592014,0.13561296188533217,0.4284724085108803,0.1387585214590916,-0.3168625444518845,0.7531772920130666,0.9138513368314806,0.21686229201405796
ROI_005,-0.01587966659211506,1.6897333245481978,1.4740028946542838,2.3581468596527224,7.254328619247669,1.9976135846283098,1.049747240742686,1.8415844861884147,1.9159051858279335,1.3734286618271498,1.601534124379566,1.5923655817130815,1.8751244788344321,1.3611028495300257,1.4563286416745345,1.470805187821197,1.7731123815523129,1.7701033016482532,1.7653821666610792,1.6445251852893175,1.5779262517710129,1.3558296125769635,1.123126626350086,1.3714519489287893,0.7441402149067675,0.7608050411376664,0.6981759886448909,0.7920916262753478,1.3124211863998432,1.3162372256845272,0.09155710237006133,-0.32630353609532015,-0.20073826649203136,1.3714972289344987,0.06568457970478615,0.5324609885580269,0.24477315354277313,0.33876041302224613,0.9612646624307367,0.7228385664673448,0.5436380996107745,0.11263430660619138,-0.3094058389326857,0.07945247798781961,-0.5482632773912114,-0.2791962940155699,-0.1366778028346445,-0.15116021229970547,0.6871139297281077,0.16379449492199671,0.5542548751584121,1.5860826597749111,1.6268791716132478,2.2930156207316132,2.0556062250040235,1.4204502385536386,1.7149196230362331,1.8681318416073371,1.1474232827528013,1.3940713191086387,1.2570558534573868,1.545775241034716,1.6551977764552923,1.7008225424784427,1.7016187393997169,1.3006860835788228,1.1535891101456957,1.6201239927537276,1.3739013187335636,1.7472200155608888,1.6484476129430923,1.0109313005587244,1.288933235725785,1.3379893891251773,1.2123121908310819,0.7528826730901133,1.4933995720522848,1.020689897400496,-0.4240096972816468,-0.29835568312344984,0.6317199342221353,0.5577738146481278,-0.754969984898234,-0.454821942091897,0.2301151531638793,0.4643386968960388,0.4126500599949662,0.32900731133131517,0.7213977838857527,0.22661606897437978,0.07480129202483596,0.7081447695175885,1.0668354427831426,0.06688032114356567,0.3925690603313856,0.07588684208577254,-0.2584141401229568,0.7417132229246614,0.9565857957745982,0.21178149809841168
ROI_006,-0.10225817831431312,1.3548464904593547,1.561263111487555,1.719928390887066,1.9976135846283098,7.254328619247669,0.9981355157417556,1.960021185998138,2.0886250197428753,1.2217620062158587,1.5510570241917068,1.394443507872893,1.780883522555329,1.5398348801784694,1.6572531031264142,1.2175997426643659,1.5799577736073287,1.7946455936356702,1.7841183404244343,1.4281164221193636,1.70613964398191,1.252601255520281,1.088982834842612,1.0768965811394238,0.6371982312855339,0.8212450304271,0.6747961192406626,0.6687081820924242,1.2737892430682298,1.1273446602930604,-0.05298848493851509,-0.3662046111830219,-0.3135479589727049,1.1739061746315766,0.05732135811124778,0.4155322341570815,0.14273516040444278,0.3226084249595724,0.8900067869499647,0.6243746115102442,0.3882788777612503,0.08514816811707421,-0.287384767804539,-0.05909088968781403,-0.6428627416683707,-0.26213721333305534,-0.18488733837558488,-0.12126629969781978,0.6566362612033596,0.1353711065918594,0.48837590261399894,1.4560362548190557,1.347937145036064,1.8010377245170857,2.087257841310227,1.6872527242325102,1.7642576672795316,1.9301512223532435,1.196183735922933,1.4526614541890346,1.237246500021087,1.6866607602988377,1.8218554534691804,1.8953766664185572,1.655952235064562,1.5222076376199374,1.18106058980031,1.7182200216460708,1.1990510843483344,1.5250230034786734,1.664059113364964,1.0195241426017196,1.3290270059776657,1.2929516109952737,1.1900832210172523,0.7093709042686146,1.2835824406498548,0.9178961191381029,-0.5560139240600092,-0.2936840287312989,0.4989018930659031,0.4436045003302329,-0.7851658224959301,-0.3919837146154406,0.2197943503065065,0.4141234118081152,0.3421400778073661,0.22468577909116041,0.6222465281017979,0.13876016284093548,0.04669748743855695,0.6794583526711632,0.9136637010326041,-0.005434727141214741,0.27468856006779807,-0.016996842240927776,-0.23482069015329096,0.7520694885443033,1.015607409154965,0.17756466788597505
ROI_007,0.35052725637421284,0.9437391792877414,0.7983304453509872,1.020579988106642,1.049747240742686,0.9981355157417556,7.254328619247669,0.8685636293913288,0.8366232063636615,0.8823225223342557,0.8823022191041925,0.9626264516925642,0.892361310505097,0.6640319002545796,0.6458031370141878,1.083361297758564,1.0606972301515125,0.9266609770948828,0.8724207133141955,1.0913973622934252,0.7473928723826639,1.1181094229742237,0.8205722476006301,1.091207002668022,0.8593061756670621,0.7298630859436726,0.7658325693480682,0.6597326925700044,0.7681105807314105,0.8550197284923055,0.1928242768461392,0.05338710517003509,0.09311484251310852,0.8556451452228028,0.1931613667806874,0.6081382868607803,0.29401742123448893,0.7248516430609471,1.0041826192065135,1.1820543164612412,0.7354133800746029,0.5511043446699215,0.05868544621343371,0.35845475328249266,-0.2751757691506679,0.09824159469002468,0.16075118575816583,0.16729865367964641,1.2944918949111244,0.6858019761423978,0.4534062030962139,0.7619098677203477,0.8897349835236307,0.930027537892925,0.8366047910943251,0.6385583843438293,0.7457381568987579,0.7479437266922944,0.5153257515143443,0.6380263348217643,0.6904569098232486,0.6413873257147923,0.7619327543988428,0.7010784012120048,0.8058761365998943,0.5890952111344603,0.9678005659665873,0.7012553053979345,0.6386752636512036,0.775655193824456,0.8080827982542675,0.4012343082334935,0.5869981996197996,0.9202009849895427,0.6600866996442809,0.4805732627448887,0.9337766963994526,0.6321365449942123,-0.29690586027139126,-0.11263147095918935,0.2974431298328072,0.3614341264519807,-0.7323747765594419,-0.5247382713609953,-0.10760048905873844,0.15702691614764963,0.4136888276352432,0.2706064647974174,0.5982293162900347,0.2771639854382876,-0.008805816035375896,0.5298316898492985,0.7991995016204564,0.17992503500701934,0.15956874282179606,0.2519821014541755,0.07171090647470992,0.34149446948364076,1.1565931429114127,0.6809403600061338
ROI_008,-0.12948093171631164,1.408329433733907,1.7478564556165115,1.7937004106645804,1.8415844861884136,1.9600211859981393,0.8685636293913286,7.254328619247669,2.414761035745932,1.3380088560151353,1.7306723318280381,1.4375333528445162,1.84761805214698,1.7292004536252323,1.6386805997183225,1.235006200094254,1.423394328054543,2.22865626155317,1.7859503647566506,1.4383536851833774,1.888796695633209,1.1390663746060263,1.1347071404719808,1.0361920877413495,0.6997325811613306,0.9188840554063366,0.6490919768772434,0.6893013950589051,1.2717220089544787,1.0519807399869596,-0.016840564570027562,-0.35543665123241724,-0.2376165266116976,1.2708181433269012,0.1554212758551942,0.4654131351277256,0.10110196672967019,0.26243309440861373,0.8562194691464934,0.5312291413775592,0.3145932091558501,0.004068076999059035,-0.2915802353200464,-0.11008682967496802,-0.5098899896545405,-0.42114911355918117,-0.23437029324846545,-0.16540677778414412,0.5290193518370869,0.02342757507448081,0.4540121129626853,1.5455667566014644,1.4304166921600674,1.7929551321133608,1.863405311550139,1.7647997955291899,2.193057635585915,2.3333724519327004,1.2294708694936571,1.4436336650852941,1.3002584471979908,1.5509973154793606,1.7740034073978175,1.7834917092797529,1.7191573544116845,1.4922838385531463,1.0588121696471056,1.6381157445305492,1.2319708242618639,1.605085570136831,1.6498184065191235,0.9031843677117695,1.2215376528735988,1.1293106120561298,1.2274358567263497,0.6749420775284632,1.2776474713518802,0.9188592349382818,-0.47562735576886095,-0.3689818148494057,0.525348713680353,0.4777407007713069,-0.6146847623377861,-0.2574807611436459,0.28595738727585784,0.3676775896449772,0.33937314935870994,0.19962252277940754,0.6647981938418905,0.04063642473460099,0.07594230638217049,0.5670069750759139,0.7899379741466998,-0.010373266994024041,0.21867571653392145,-0.015510120793377142,-0.39773857349342134,0.710333493480946,0.8398968209322101,0.0979313580145089
ROI_009,-0.1469404338912279,1.4869381738704843,1.6980582482404576,1.842915964926925,1.9159051858279335,2.0886250197428753,0.8366232063636615,2.414761035745932,7.254328619247669,1.326389330552816,1.6474010884919397,1.53791996785318,1.921631198581247,1.5832741040104632,1.6686384959300795,1.2706284095418654,1.5365268540041486,2.1029398827836037,1.8413168003189995,1.4816784843590074,1.8907419211535017,1.1733245092771893,1.0814478031356693,1.0638717143199732,0.6568999397590856,0.8864721408649217,0.6837420771279761,0.7142749749530851,1.2923079703007834,1.1168518284583653,-0.03543741911432512,-0.3829019721790289,-0.2763052755516025,1.3342398677771667,0.06317808385637595,0.505818462984668,0.16747296120959682,0.26136707419347827,0.8594813969762031,0.5447309845210406,0.34043927588275624,-0.009599804138972661,-0.3707788845113343,-0.09403207171731134,-0.576631503561715,-0.4227849187252623,-0.28283820963781076,-0.21834580861626815,0.5347681819199751,0.048009636905396676,0.494847174219903,1.682117287001469,1.5253825549825613,1.9349301981840867,2.022470406928731,1.8246493743283767,2.232285330826937,2.419913507236048,1.3274745894644664,1.5986165223273912,1.4091887899528812,1.7508469082607852,2.043166764244205,1.9530726366288316,1.8637752390072901,1.511265701004081,1.0846348871058709,1.8570843901440768,1.3931353532408635,1.7250199119459781,1.8491184023313805,1.0403999396237817,1.3715639602055119,1.2307283176210715,1.3794031121618338,0.7662138808634034,1.3348033764695022,1.0046248527331894,-0.5060312791372027,-0.31809829691100766,0.5759439261331503,0.499148604745531,-0.660793518579018,-0.30231142602209515,0.3234201710716095,0.4187533632081041,0.37288249036643867,0.24495985331264925,0.7018101939944746,0.09750815043609036,0.08301363099924113,0.6471603003939541,0.8893814544635743,-0.0004939310365146927,0.27383540715823745,-0.012018362481751607,-0.38275130471106367,0.78583243884084,0.8960044925775733,0.12094323099199837
ROI_010,0.12324989689520564,1.726308234719979,1.519544799128527,1.4722568626843915,1.3734286618271498,1.2217620062158587,0.8823225223342557,1.3380088560151358,1.3263893305528165,7.254328619247669,1.443579314684923,1.9289586662315523,1.447815137987513,1.0063940764733645,1.0242350032478116,1.7769149151874575,1.490960379094253,1.5727388386365084,1.2906856374228235,1.7674531788254286,1.292915035993594,1.1768742112952006,1.0906249117784592,1.5279237658513656,1.1440825721791292,0.8072676665218779,0.8557392677116924,1.0174710488315541,1.3305865803459842,1.221773049555359,0.34958836903318935,-0.12351059859452325,0.09481761850379711,1.816486052461397,0.24874496663125928,0.8056428081145028,0.4767438126946801,0.32028783962613866,0.7816916004605916,0.692825292345556,0.6927783015449656,0.10497354477258791,-0.3351404251136854,0.21989474902767142,-0.229921617838676,-0.4241068832483691,-0.0703735693387604,-0.17544802438338475,0.47603467445138403,0.12688616768161548,0.6038165893593223,1.445915102476521,1.5427256765553636,1.3593736152283213,1.217344202953237,0.9902731265817969,1.2623411831138376,1.311749864456142,1.2197703869634546,1.165905834226167,1.3114837741491336,1.0597205122625726,1.2514229717974246,1.0918779765638216,1.4056797951762234,0.8808495018042054,1.0343656161761445,1.076727389134023,1.456884746615134,1.592845492634396,1.2985800896683979,0.788839545388221,0.9752788643232206,1.1115040757194614,1.260033210229449,0.8050220519053185,1.660129035613113,1.144125386621124,-0.19124532046943643,-0.2495357694087122,0.9177813899783922,0.8622859827112369,-0.40364974747650006,-0.18938625689451347,0.4644906470065055,0.5895259612951002,0.7013687347806272,0.516375918974609,1.150363643079772,0.3258767236543256,0.11469574074574658,0.6356732262148194,0.9666129087029437,0.19224742679494344,0.45154992332108457,0.29924677282901263,-0.32186744219157903,0.8251682109876806,0.6863381512200228,0.19316226868160571
ROI_011,-0.10429043532166113,1.3605165023746466,1.6126227967000755,1.5867050774359523,1.6015341243795653,1.5510570241917068,0.8823022191041923,1.730672331828037,1.6474010884919388,1.4435793146849225,7.254328619247669,1.5777511159399271,1.9562661856501924,1.4442452595458353,1.4051476303719144,1.2453875955046785,1.56261758232714,1.7897390880051944,1.7298241135059647,1.4509367834740614,1.450881676194605,1.3054713568265468,1.2784094606505882,1.1974085189285923,0.7589189921438758,0.9730261137089641,0.6903517709814996,0.7100718984782958,1.2863750195635437,1.150314618862557,0.056023457686290676,-0.3410099531360024,-0.20163579055076394,1.3135485851735151,0.12967638880757093,0.4882647289366146,0.16487806541131148,0.25500686139865325,0.8761424217052733,0.6236992497964545,0.43823633807351353,0.05053148039797606,-0.26429989843560825,-0.02495649051614473,-0.5133500951510969,-0.41667939231436796,-0.18366462506243825,-0.13736849551343827,0.5005802275368654,0.08308397756363975,0.3650128308004378,1.364434718911875,1.272463852719757,1.5118872348562182,1.5100591266940384,1.2597016514418395,1.5525784226770398,1.6381400182076051,1.1561490651771948,1.3275506969682165,1.2645062975874464,1.4163963162911197,1.510730176741661,1.4345688168046737,1.3806223660988834,1.2779147574811465,1.0227615981653082,1.429929075982836,1.2256349613788584,1.55969919984003,1.3208775774320167,0.8730703411754551,1.1545454824187493,1.108591026554062,1.1895883363175062,0.6284217016722203,1.3462287451038701,0.9723425153228237,-0.46364911162264894,-0.41627509445424743,0.5518310710208861,0.5127079026504907,-0.6994463818061594,-0.31168267620364576,0.2383847750389475,0.35641088540955956,0.34601014732382357,0.23647261935702213,0.705881378608913,0.11717359965319099,-0.05851979158538251,0.5484427189206312,0.8010932861722869,-0.011342007184458058,0.2477123021574851,-0.01860502091512365,-0.37382370744501875,0.7102869118128567,0.7330427943457711,0.1425922128194146
ROI_012,0.04603536344859,1.872796817167653,1.5480694512104727,1.7439526631058817,1.5923655817130815,1.3944435078728936,0.9626264516925642,1.4375333528445162,1.53791996785318,1.9289586662315523,1.5777511159399271,7.254328619247669,1.7371329811872136,1.042918220208557,1.1160094872715924,1.7733711428110743,1.781635398009297,1.6678403870617855,1.4919653317299344,1.865412320527808,1.3402658950566113,1.3754613116103596,1.0811843886123236,1.556347973342446,0.9794949220158944,0.8768519673485548,0.9087244889350341,1.0049221286928514,1.3728618966486188,1.4044562289630071,0.20964029777916504,-0.24625635516787894,-0.05313265895393725,1.7616804350581385,0.06376240777709909,0.7913309157214427,0.42226118381160055,0.3179786049980203,0.9063670214658726,0.7697071436187315,0.658405597084574,0.12769732937307984,-0.394895565868585,0.18280982406120558,-0.41954475415276127,-0.40869369947265244,-0.18430399645394416,-0.25245294034406845,0.5792211493087521,0.20709906813785084,0.5611478752328013,1.707386172855507,1.6810136042106039,1.6382800875433952,1.372699358392009,1.0887828967424267,1.4360621002913616,1.4567275091451755,1.2513858632842458,1.4132780988284683,1.5679403380600745,1.2917159404517444,1.5184858630457532,1.247834897464877,1.5107325171844055,0.9877008558780465,1.1163359906062231,1.3144798998592655,1.608138689861144,1.7451373449937502,1.4990092082410447,0.944385906196194,1.164652958132796,1.3163534685046043,1.5341088702566839,0.8925249555594761,1.7833244850845167,1.2870091661529293,-0.35461666274580006,-0.28570677663287464,0.7992990884835215,0.7257501893944058,-0.6126828500351486,-0.33798969888805774,0.39245862651538493,0.5179870628730875,0.6140831053419811,0.4713913080026242,1.0374184558653148,0.32756948038524547,0.04992606131133643,0.6879455764740716,1.1140955402417683,0.13639705787417308,0.41407045856364083,0.20175380448358116,-0.31232115708931263,0.816653026436416,0.8133732550291555,0.2574447358702396
ROI_013,-0.12605153392396673,1.434021791223147,1.624199418281304,1.6803371446735027,1.8751244788344332,1.780883522555329,0.892361310505097,1.8476180521469812,1.921631198581247,1.4478151379875137,1.9562661856501937,1.7371329811872127,7.254328619247669,1.5620357692682607,1.6300990595510203,1.2767995175671256,1.8640941753659246,1.9716521984855997,2.1601138980648904,1.4396597684247583,1.6905123080586533,1.4749706951071022,1.3128657958752552,1.265506156555003,0.7051495808253748,0.8827883754909872,0.7880564246432368,0.7295278157486537,1.2639199146272013,1.289545610833249,0.031172258502408744,-0.40369234039661495,-0.23466828538296838,1.384825205572259,0.08785318227460769,0.49056134116486005,0.18063874661995197,0.2567563582465984,0.9164667270918304,0.663033524847833,0.46524413935117825,0.0293924339992518,-0.3125839347348234,-0.02256378141338866,-0.5672197246625952,-0.349379891156376,-0.18097083448250773,-0.14332251532019213,0.5671234089975091,0.10746770802937516,0.3986647308659398,1.4611427430387653,1.325125804622551,1.6875222456991523,1.6928934650791276,1.4442274769214591,1.646775061766139,1.819146260341118,1.168081901566257,1.4694349099672994,1.3447536622253986,1.7239686605729476,1.7339653290295145,1.6976678005131467,1.5977065532804222,1.4621023319218256,1.055468058753278,1.8099713119232013,1.354247105462818,1.7594278187006602,1.5525810600952006,1.0116183219116615,1.3312146096008863,1.1710515436267612,1.2920862249984018,0.6579387783995759,1.388000114740541,1.026549925803776,-0.5257800555084158,-0.41792713498113654,0.5638652766703273,0.4839204634504103,-0.7724827645215625,-0.38507410627634747,0.2469949289970039,0.4141040242984897,0.36111384853424977,0.2618462949433387,0.6920857312367922,0.12315059203527219,-0.06277958748237457,0.5567742907728181,0.8574345291618836,-0.05311084145775061,0.2907858447636624,-0.011169701766825066,-0.3195061816891911,0.7752357655327762,0.7815297914636468,0.16243183005926845
ROI_014,-0.3082668349174945,0.9504842230078941,1.3528596413242437,1.192459922647453,1.3611028495300257,1.53983488017847,0.6640319002545794,1.7292004536252314,1.5832741040104639,1.0063940764733645,1.4442452595458348,1.0429182202085565,1.5620357692682607,7.254328619247669,2.1615650534170694,0.8408149877759576,1.164898460044543,1.6220894759462303,1.7798795414898592,0.9936952414200988,1.7057589872705972,1.0121240335841362,1.3093137043909924,0.8119330944970781,0.4591783200634997,0.8286006129646396,0.4987218880395135,0.4543433837462822,0.9389736436601286,0.8883720543528064,-0.14490250512869118,-0.43940996727150805,-0.3566808835099234,0.973570538669071,0.19869008561815457,0.21052929072489726,-0.05297178704522835,0.19630922102869397,0.7806743282416291,0.4227509389862313,0.2013983760917833,-0.07219601673369273,-0.15159678193463985,-0.2846667565283567,-0.5584497544669313,-0.3433209708476021,-0.1521010690691667,-0.03305693926201163,0.40280787538446866,-0.103859452372499,0.27685853798671833,1.074250675996192,0.9293477379493641,1.2381745551549084,1.5046329236170084,1.729971891249731,1.4583089591329856,1.6202020206345509,0.9940262643657864,1.1563272211277837,0.9076768374860403,1.3840692280570397,1.3552573409457216,1.7703239970851687,1.356343787716263,2.067994005810069,0.8099140154199382,1.481904359830603,0.9235493272806493,1.2935603377334743,1.273283545242501,0.8093780969360004,1.1726018100682134,0.8392362593566779,0.8670963674241344,0.4089144811823448,0.9092539769559359,0.6832899492314187,-0.5815014762326448,-0.48606712809606767,0.3355179373728297,0.29209299730701466,-0.644322357893332,-0.262428002139676,0.16205451574241925,0.31810440171680365,0.14333001591123262,0.05292088819067144,0.4089785728897424,-0.11244441249678712,-0.05021252650232498,0.39059875555783585,0.5465305796198427,-0.1598504027492953,0.14686635290425756,-0.20895267084710975,-0.3605315791836003,0.6100236436848996,0.6469964175788347,-0.04315916436757152
ROI_015,-0.30319071213377813,1.0249029239913587,1.3336164380187205,1.2748419757893052,1.4563286416745345,1.657253103126415,0.6458031370141878,1.6386805997183231,1.6686384959300795,1.0242350032478118,1.4051476303719148,1.116009487271592,1.6300990595510212,2.161565053417065,7.254328619247669,0.8742990308848962,1.2308329525423907,1.51913821611475,1.7359078754492498,1.0396289696613277,1.7824709518745552,1.0600908144251109,1.1983114188409298,0.8394243484561592,0.4261318664312834,0.7046884088972595,0.5148466931719922,0.5331822542040473,1.07590742748235,1.067856799430193,-0.12524315608162623,-0.5444713106237671,-0.4178871212411173,1.0054697633374985,0.07237673998869469,0.22151512610224994,0.014243950444281384,0.14733629405191725,0.7490768199888838,0.41593459494941176,0.23090396532559526,-0.08126717305979082,-0.2772061910953817,-0.22571830464327997,-0.6682938071975043,-0.2910488085428681,-0.20895129196336124,-0.11268691949436879,0.3949456144917015,-0.10332860952095493,0.33411305030367583,1.1904956237245805,0.9993216151455947,1.3636685195681069,1.7174592187515425,1.8905243115696628,1.5596585556098976,1.7460291064917342,1.1525834721282224,1.373059266489638,1.0340223451189356,1.6672584046931005,1.5432928739746221,2.148204692512452,1.5120118477325182,2.4235090460351043,0.8447743733021683,1.7452406609016116,1.058494694228383,1.397609170643697,1.472369011995442,1.0526524609193169,1.4040484386469023,0.9499639634390262,0.9916092990577556,0.5283213211824653,0.9892345873754284,0.8124606541299508,-0.5942890818343405,-0.4831183460905093,0.413736256624704,0.3099740568450748,-0.7095879474748283,-0.3153592599323479,0.2469166326604466,0.4306399112161524,0.16484985387676224,0.14766708993275285,0.4288339675206019,-0.03513902533996465,-0.033818689152350916,0.48480779281163766,0.6670859315309834,-0.1369120445763089,0.27253120146998794,-0.15576954465388484,-0.295993988917345,0.716902661991926,0.6626616169794591,-0.06259571268365627
ROI_016,0.2678726069734639,2.11068595378467,1.2722636326628647,1.6848120742321246,1.470805187821197,1.2175997426643659,1.083361297758564,1.235006200094254,1.2706284095418654,1.7769149151874586,1.2453875955046785,1.7733711428110734,1.2767995175671256,0.8408149877759576,0.8742990308848962,7.254328619247669,1.483884373121563,1.3820332644889834,1.1763296384553694,2.170611957038333,1.0834783011369047,1.2593503255649467,0.9509805276215602,1.6874045659273302,1.1502248746306278,0.7276336289107245,0.8536701142512543,1.1355597054839537,1.3332916539662245,1.2542323467240155,0.3578928661262582,-0.05214282571990984,0.08153469531081976,1.8590352144742381,0.13915623347754644,1.009854026618897,0.5814907852222356,0.43478292781255234,0.8678567206033457,0.8780374608309042,0.8264794738436627,0.20052192945175168,-0.344297024120659,0.3419028847363291,-0.27740428060362665,-0.33566022984881777,-0.05456422022171687,-0.19316045721308442,0.6773592363202895,0.3153823364316388,0.7514544424293381,1.5588830800277225,1.878629713646527,1.5504458698139783,1.217501301843019,0.9127016199955597,1.2146309520747,1.2261007859701876,1.1236663793499817,1.136714693165133,1.2876924034795414,1.0025667785849528,1.213569504261171,1.0120433893881657,1.323395168976141,0.7519812432554615,1.1652817795575736,1.0350443084078504,1.439259764827847,1.4902403672171154,1.2718097269622168,0.7934643229741022,0.9490048823369186,1.3806399330936594,1.264817944337085,0.9770273020129895,1.8851601514465735,1.1885861049163555,-0.16795797807904733,-0.11072361803753078,0.951215415801632,0.9207430526754813,-0.49542262956533895,-0.3043682971345157,0.3925590349770108,0.5548628620628212,0.8106051786388828,0.6034252159851118,1.2273863534784706,0.4592687076753295,0.1614067691712549,0.8487511819294683,1.2676323577814013,0.31801452542509284,0.5368276107201239,0.36368473529355955,-0.2348574185129753,0.7884534680521414,0.8946266889126497,0.3798540530805242
ROI_017,0.05801451476794941,1.4941323389701398,1.3822697613375252,1.6428503756973123,1.7731123815523118,1.5799577736073287,1.060697230151513,1.4233943280545436,1.5365268540041486,1.490960379094253,1.5626175823271407,1.781635398009298,1.8640941753659233,1.1648984600445427,1.2308329525423904,1.4838843731215623,7.254328619247669,1.5972957025050758,1.6457233457843627,1.5266150523921889,1.300278039818799,1.6990097565427753,1.1889324983273957,1.5959471502863343,0.8207349128122867,0.8619917898041698,0.8928947096416363,0.8363333308820359,1.209639247245007,1.257800416575047,0.10488844696516945,-0.26459501956278986,-0.12350833498788276,1.5242573763021519,0.11681244358274478,0.6296422702849903,0.35518926694968506,0.3864553987287413,0.9911578236718918,0.8387234754282031,0.6944650744556654,0.14566510497351443,-0.29543135756597666,0.1280273730416199,-0.506857977383935,-0.2571109712510572,-0.07118400669915623,-0.06267914581323243,0.6938050435279979,0.27364865303119684,0.5000095470891711,1.380091171451192,1.3875003862835917,1.553854481196999,1.4932655422258359,1.1465257785263017,1.3000711432927334,1.427780841388364,1.0516673866750157,1.2658317113361324,1.2064228248334903,1.3788727348025467,1.4705067481179248,1.3621974114600455,1.346042527524029,1.1211032370936043,1.1863140346352752,1.418955797941139,1.378181992550713,1.5571138689086201,1.3579954590100547,0.9669379914758733,1.2506908083076085,1.2859245819649663,1.2788019264087072,0.7254290111352224,1.5203052845191092,1.0004629512290697,-0.4414307034489764,-0.27029308480044434,0.6672832677378459,0.607759568373166,-0.7625987110084258,-0.3871124630241113,0.24095344138638353,0.49819030784473056,0.5080260882101083,0.39249605017342204,0.8290091523526935,0.3072795707875757,-0.05197336644836999,0.6903326531792106,1.041303772132248,0.05754914858556742,0.3835247926313873,0.09434574037337773,-0.20779690414760324,0.8163339752053462,0.8930220929659538,0.3141563259318308
ROI_018,-0.065965477153244,1.4930961903427051,1.8170635908662258,1.7076159987006028,1.7701033016482524,1.7946455936356724,0.9266609770948826,2.22865626155317,2.1029398827836037,1.572738838636509,1.7897390880051944,1.6678403870617864,1.9716521984855984,1.6220894759462312,1.51913821611475,1.3820332644889834,1.5972957025050758,7.254328619247669,1.98907741667708,1.6105530257567244,1.855524101785248,1.260971221142779,1.296345470486003,1.1919804269469028,0.8198256737684227,1.0299852471549635,0.7721151085280902,0.7486725729948736,1.229137288348634,1.1140892942472442,0.052347465906310266,-0.2500423993376451,-0.14679135856002265,1.4891746318984354,0.20060176105264368,0.5643519033140525,0.2028089583294303,0.3581728792634354,0.9458939315773718,0.6557196727043212,0.4298354411197036,0.0515948719563612,-0.25487224654553775,-0.03872707752803123,-0.4301554067664524,-0.4283650333358503,-0.175927017002986,-0.14605277477498357,0.5543473636783052,0.09327806065075277,0.49645635384240056,1.55144576377533,1.4631095981589795,1.6623135575201564,1.6280984949404145,1.5233324257383536,1.7687427955003783,1.9096961031346924,1.2179885909886692,1.395168882091538,1.3023732024190475,1.4209712478378778,1.67029151204304,1.611957308404036,1.7853490551716003,1.3695715885374005,1.0948295594780044,1.538096865535286,1.319628672412385,1.7770294076356161,1.6487867236296696,0.8454323455650634,1.2071787713470932,1.1704151715810271,1.2523430061731637,0.6889551918777131,1.3772425461738889,0.9942368594960923,-0.42708721396912935,-0.3095967158190801,0.5818618957482313,0.5666542973581058,-0.5858347432623507,-0.2665881511178535,0.29778750515566177,0.400970159967358,0.4335596794650967,0.2561708043259231,0.7982073713177255,0.11613091686935326,0.08119817409931723,0.5928396440282507,0.8517156147081114,0.041214184634393296,0.24184323138175823,0.0352732425348118,-0.38059356489959795,0.7407968579497897,0.8608617751621016,0.1750653663852361
ROI_019,-0.150855975132391,1.274022775199486,1.5012185439414492,1.565352135865242,1.7653821666610792,1.7841183404244354,0.8724207133141957,1.7859503647566506,1.8413168003190006,1.2906856374228235,1.7298241135059647,1.491965331729934,2.1601138980648904,1.7798795414898603,1.735907875449249,1.1763296384553694,1.6457233457843619,1.98907741667708,7.254328619247669,1.3362883987969083,1.7264168711841787,1.3831906811785661,1.3961020866921388,1.18459179309286,0.6364001187319659,0.9025473133033651,0.7333056185115774,0.6293646760705195,1.1455523575768611,1.2036961651502736,-0.02720596867235216,-0.3415020808691701,-0.2588555329214765,1.34109943108431,0.0968301966706134,0.4445681181886214,0.17147741172875874,0.33216131980799835,1.048326330879086,0.6989407928659656,0.4486959768701973,0.06848614667437623,-0.2086756388268874,-0.07242978163521112,-0.5686413132010713,-0.32653894811849415,-0.13263803678174058,-0.13805858524084427,0.5560451262313311,0.07451059436808563,0.38877656822107826,1.36051558232436,1.2060047931718074,1.5809839251437285,1.7033387938618962,1.4831063082947313,1.5885826483003305,1.7403355688132782,1.114315782408794,1.357746519739459,1.1194689618996168,1.546748168962947,1.5990891958209728,1.8230209276903893,1.5760106125520152,1.6074993655253342,0.9743844837098697,1.7564297005277805,1.2242592931408574,1.688564820511858,1.5248922179413722,0.9503399202309839,1.3361162570296743,1.1356697294475862,1.1294150992875789,0.5889903596244088,1.2379419358379977,0.9279859411309456,-0.5484976272579986,-0.37643125073472433,0.48667736904955433,0.43688607791487677,-0.7841816576772973,-0.4358436547157358,0.19851555921716615,0.3860967489504675,0.3376024663232007,0.21291481309420024,0.6324523497721836,0.08792319928417522,-0.05995400492629305,0.5768698906538894,0.8594622065817463,-0.04866981145833777,0.28164039366851323,-0.07354492574104053,-0.32162418974887635,0.6804467621734375,0.7992983571516721,0.1352558696293373
ROI_020,0.14988917918931294,2.1541671736793626,1.4503962726213935,1.8894485619128363,1.6445251852893175,1.4281164221193636,1.0913973622934252,1.438353685183377,1.4816784843590074,1.7674531788254295,1.4509367834740614,1.8654123205278093,1.4396597684247578,0.9936952414200988,1.0396289696613275,2.170611957038333,1.5266150523921882,1.6105530257567244,1.3362883987969079,7.254328619247669,1.3051811558275543,1.2406121177162148,1.0234143235523057,1.4807409912875888,1.022054428787778,0.7777462058479795,0.8448061827039758,1.0696174121110416,1.448115595672502,1.3287575895679775,0.27384472557720013,-0.1409810708109289,-0.02347690781885837,1.7375370734276432,0.09796893656503451,0.8653571132059692,0.47793742821487334,0.3789109964706142,0.8705175088424321,0.8160902491824393,0.6934182625710846,0.16641359353157673,-0.3712431628700814,0.24739872593307904,-0.3586141673189349,-0.34460831919863344,-0.13114203156918275,-0.1996238687250796,0.6486607720028598,0.271582860507527,0.6754245787213201,1.7228647001283366,1.9277302944763939,1.742860626592115,1.3895405784324026,1.0633721996336734,1.4149361617787863,1.42352840961211,1.265780928146721,1.3185263977706205,1.4448288289608768,1.1577556075733322,1.4045387526914719,1.1827714017172586,1.5714777463777785,0.915369283025889,1.1880433319639636,1.1844344123615307,1.5066938730634616,1.6763091173226012,1.4989046179876655,0.8424549135885834,1.0652256197821022,1.4300346557018813,1.3346207646978285,0.9629935695541494,1.8782918150653913,1.2647004635915158,-0.24875458441944698,-0.17584309291702907,0.8333858120620823,0.8052395362991274,-0.55175293374564,-0.32094182642325403,0.38722197444474815,0.5116211176810558,0.6888682419902211,0.5064884048368167,1.1238132292818208,0.3714587532901211,0.15136560375567054,0.8058571486449438,1.225515810071314,0.23816721726020368,0.45408522799098,0.2810547299880241,-0.25257410852718726,0.8108194106100926,0.9411005494517768,0.31932698819234917
ROI_021,-0.17486332228104035,1.246942340529802,1.610085034701625,1.4414954042400634,1.5779262517710129,1.70613964398191,0.7473928723826639,1.888796695633209,1.890741921153503,1.292915035993594,1.4508816761946044,1.3402658950566113,1.6905123080586524,1.7057589872705963,1.7824709518745552,1.0834783011369047,1.300278039818799,1.8555241017852493,1.7264168711841787,1.3051811558275548,7.254328619247669,1.0417165114113993,1.0867435808315582,0.9487251397301495,0.6366183507604315,0.8180355164232727,0.6593335210397783,0.6600524077438331,1.2001488855390712,1.104082658688567,0.00630146216189547,-0.37955751014658917,-0.2229362247571459,1.178305125968471,0.10653022790193281,0.3941952046290078,0.1274353553197112,0.20250640275007872,0.8057035397777711,0.5113815685721349,0.3143080873288112,-0.016824010755971685,-0.2992892805860798,-0.10119920321567477,-0.4865037940730487,-0.3634172792786674,-0.21670210194974876,-0.19536295330909528,0.4462949107650583,-0.05711469411790123,0.4295103235545082,1.3409135161290047,1.2370284326250132,1.480183373466635,1.6587268731600315,1.6565791072957812,1.695349613014527,1.8081503136956842,1.2175010001231685,1.3508742756054792,1.1897589754268325,1.5009226365583854,1.6273679346765904,1.7289449304132205,1.7988160929532868,1.543040970195988,0.8901520230197545,1.5691539642468226,1.1969615110503535,1.5044532942451398,1.786069629706096,0.9200419506174428,1.1783006081455252,0.9784381755618381,1.1163554653763228,0.6385098253298072,1.162090796683953,0.9313322275837043,-0.47519166595975115,-0.3879575329049849,0.5151907352749369,0.43127433938180193,-0.5801312280620735,-0.3034137015935905,0.3188371848143168,0.4338554057965002,0.3167092769514517,0.20482185047625842,0.6179037943017893,0.01580502650003287,0.0500973421132591,0.5029597352445044,0.7654251361878026,-0.06589223435892322,0.25922835518065873,-0.003409649229906627,-0.35977265301835604,0.6922641109599067,0.7496550323270071,0.009315626033444279
ROI_022,0.1009024616651513,1.1492461334314379,1.0846152783239478,1.2884783007719571,1.3558296125769635,1.2526012555202815,1.1181094229742237,1.1390663746060266,1.173324509277189,1.176874211295201,1.3054713568265464,1.37546131161036,1.4749706951071029,1.0121240335841362,1.0600908144251109,1.2593503255649467,1.6990097565427753,1.2609712211427782,1.3831906811785661,1.2406121177162148,1.041716511411399,7.254328619247669,1.2375158755358924,1.46557535341918,0.7685593394805091,0.8286576996491699,0.8163267123836253,0.827925723854998,1.079235354454389,1.2961780995295085,0.1172171935208873,-0.2272813353591116,-0.07324524463292567,1.336198152680407,0.14661636906087178,0.6169379686900222,0.31780635106729155,0.44482020196239525,1.0690881020572736,1.0098516149151493,0.7323415908774614,0.24976208689145685,-0.12735895048962195,0.18304769003216767,-0.48576186340312005,-0.13621677497458842,0.05287400532910045,0.009705000537356203,0.8323707453719689,0.35994066936472485,0.4065586307840984,1.0639321991050357,1.0609996030089928,1.219081750900976,1.1434514564315574,0.924533111304092,1.016353039397539,1.087204419901492,0.802146405388113,1.012830484089135,0.9651018084792239,1.0855582001006046,1.1371048437076783,1.0577276935509767,1.0542863421707127,0.9657246595405378,0.979200075682342,1.128791488796117,1.0281975299737922,1.1995562490129725,1.059859651301151,0.8050373281372635,1.0399138430172108,1.0874305818208811,0.9850939062039862,0.6108211129257844,1.241509094006054,0.9292177716507619,-0.46478147449347174,-0.3207513214528986,0.5137076496785687,0.4648914550757308,-0.9044230837916022,-0.45747578046029724,0.09038296047423475,0.38699797058101426,0.4069973309080196,0.40063739883179617,0.6812397580627939,0.23152193557969528,-0.19457169239909947,0.5822641882055783,0.8792895118838259,0.04292996667561413,0.3759690282520551,0.10453738152577602,-0.12482706541806693,0.6263931740876355,0.8171077229649428,0.38286950822622495
ROI_023,-0.0713276253062613,0.9287318766026761,1.0905465671261085,1.0421738701116794,1.123126626350086,1.0889828348426123,0.8205722476006301,1.134707140471981,1.0814478031356696,1.0906249117784592,1.2784094606505878,1.0811843886123236,1.3128657958752548,1.309313704390992,1.1983114188409296,0.9509805276215602,1.1889324983273957,1.2963454704860025,1.3961020866921392,1.0234143235523057,1.0867435808315582,1.2375158755358924,7.254328619247669,1.0452385732023826,0.6730372350647732,0.8005325199422675,0.6573764897841655,0.6029898923956776,0.8074888558754,1.0226190672286672,0.07356518398769098,-0.16046082044964016,-0.08705344099103456,1.1499935924053908,0.35678656299254063,0.3900785137038026,0.1677257096519325,0.3860370961531162,0.7998268083433515,0.6790971797864682,0.5081396439550572,0.09328714144685052,-0.0002850728119480616,-0.006619249752506899,-0.339413909192506,-0.18833339631812124,0.11322043945952974,0.17504739170549705,0.5436781420739888,0.1798658083478649,0.3350694924936951,0.920542879794207,0.8607936876546751,1.0224601569471587,1.027286761220479,1.0026999479804803,0.9880856301073487,1.057243093805331,0.8220136755288869,0.9081363579934457,0.7942437491563443,0.939588590169676,1.007632406390595,1.1004293065692086,1.0973437376986699,1.145495369731083,0.8708610686916358,1.0503692757198624,0.8882260387385975,1.220379750686249,0.9498528498703978,0.6179438104137766,0.9957375922908362,0.8665126508563151,0.771083214044467,0.43626607579785004,0.9744694796874931,0.7753782611885444,-0.36373493228693593,-0.33485185731133205,0.41343072236974365,0.40370687325518656,-0.5959090942944426,-0.25130214950662144,0.11360400164267573,0.3110272543244501,0.3340700894538158,0.23271729175953088,0.5499614492790321,0.0790092563705347,-0.10837330435586892,0.41303453556869896,0.5661890771137209,0.024283782507299963,0.2280911799888037,-0.01590992245063649,-0.1684754598817622,0.631302713840934,0.6501539913327288,0.1788895045576264
ROI_024,0.24316842701860247,1.497236877176528,1.0318617584874616,1.3965415635132488,1.3714519489287897,1.0768965811394238,1.091207002668022,1.0361920877413497,1.0638717143199732,1.5279237658513656,1.1974085189285928,1.5563479733424466,1.265506156555003,0.8119330944970781,0.8394243484561592,1.6874045659273302,1.5959471502863343,1.1919804269469023,1.1845917930928596,1.4807409912875888,0.9487251397301495,1.4655753534191793,1.0452385732023821,7.254328619247669,1.0748827824748834,0.6999884952898343,0.819580213162582,0.9716767985305752,1.1034552234154666,1.3224980396732176,0.37402197281547384,-0.09350526147594664,0.1077680809903849,1.581382450868865,0.16196168821875281,0.8336734678149927,0.5192303977618963,0.4454881801931288,0.9789823579740092,1.0250907475765714,1.0208696873166667,0.2694829084994297,-0.21809081606124173,0.36818394207027455,-0.28343667286447094,-0.24127117696542627,0.07532651088179941,-0.0887605818341968,0.6914067990253863,0.3297122595345788,0.5823478704103034,1.1743200120637098,1.291641552652479,1.2595496185267963,1.07582971502732,0.7809740413175533,0.9728104592262615,1.0225128560439414,0.8496360323738598,0.930561572026938,0.9851774599074914,0.9079232360115559,1.0131181879588587,0.9309882191101263,1.0754949156612355,0.7371731619910404,0.9979908880580949,0.9568883275937806,1.2179719429117486,1.301956757866314,1.0215066365614531,0.7533688852465291,0.9218126385252364,1.1349541267887806,1.04003674719986,0.7158151685110361,1.4631528663685436,1.0209195290127135,-0.19445582760937408,-0.2145370992126634,0.8130778499641134,0.77988157914506,-0.6046856686983704,-0.42736014205218126,0.23705582742817072,0.5433455838279662,0.6696296782368808,0.5746880130822194,1.0036408782536226,0.46213403210578113,0.007785640549770453,0.6965655397441407,1.1361115352642623,0.22408440044536992,0.5447136006702046,0.3000252685139164,-0.1769820951070374,0.6824994337837301,0.7395472318021109,0.3691120604512977
ROI_025,0.4759412928080746,0.9920257194488363,0.7986178065598074,0.8364183703941563,0.7441402149067677,0.6371982312855339,0.8593061756670619,0.6997325811613304,0.6568999397590856,1.1440825721791288,0.758918992143876,0.9794949220158944,0.7051495808253748,0.4591783200634996,0.4261318664312834,1.1502248746306278,0.8207349128122867,0.8198256737684225,0.6364001187319658,1.022054428787778,0.6366183507604315,0.7685593394805091,0.6730372350647732,1.0748827824748834,7.254328619247669,0.7646300078990856,0.8008392851871996,1.0018418982152577,0.7440967666170415,0.7699761195629728,0.6305541282088276,0.2581838599584503,0.45974130393112317,1.0239494659746629,0.45724302469940914,0.9710812136096104,0.5020689040675916,0.5321580446989143,0.6720797660851847,0.7574293839878758,0.7556459177544651,0.43318665667261236,-0.04515540775279566,0.5447206685133664,0.17971931879700517,-0.23443777440793392,0.14290001962357005,-0.05725518077567389,0.5462897570060387,0.3517458742248299,0.664300480725289,0.759335420093913,0.9337705844697564,0.7218665018644851,0.5789071342604378,0.4207865402141713,0.6351597872346301,0.6088180038244183,0.5790284417669854,0.5421156223552592,0.7195463838855582,0.4473100566914266,0.6047207367750844,0.46602450113339905,0.7018290909133879,0.3187866094382283,0.7156483735283851,0.4832513545275656,0.7421924746782023,0.7673488713809395,0.6254801806721625,0.3151840857274895,0.40289760536954883,0.6918140868177869,0.7257280893013072,0.6499192572808874,0.9248280128882431,0.8336620470774494,0.15530517321345133,0.008567044626015858,0.6739314704850926,0.7419936645871691,-0.13182359557886938,-0.07336385700828654,0.3438507249272004,0.2896345656563137,0.769562118321522,0.6355370042597411,1.030529050058933,0.3406664525056272,0.20290639389271156,0.5499306983579004,0.7177957964741017,0.4317611928734387,0.3030931517550622,0.652448344650951,-0.14796466531878016,0.45601567877783206,0.5524261681265618,0.3951790796944804
ROI_026,-0.007972838750847946,0.6976024320821235,0.9215807645166445,0.7818871554810355,0.7608050411376664,0.8212450304271,0.7298630859436727,0.9188840554063366,0.8864721408649217,0.8072676665218779,0.9730261137089641,0.8768519673485548,0.8827883754909872,0.8286006129646396,0.7046884088972595,0.7276336289107246,0.8619917898041697,1.0299852471549638,0.9025473133033651,0.7777462058479793,0.8180355164232728,0.8286576996491699,0.8005325199422675,0.6999884952898343,0.7646300078990858,7.254328619247669,0.6525076009271592,0.4880386783500285,0.5862971953363078,0.5610957491020483,-0.09201715983759408,-0.03420731636518278,-0.013446771963052563,0.7829801702558796,0.293052752131044,0.4569732939985045,0.0016996273154091467,0.4804490901189086,0.8353109647208526,0.5823872686489854,0.2184426569770589,0.21854286158317876,0.060077323503325245,-0.08161097586717211,-0.214286381947978,-0.3943362111757019,-0.14795156108595406,-0.05128708835796043,0.5187130821425738,0.1806420522998006,0.22340347923265436,0.6900416849866563,0.7152256536651915,0.7074345075459355,0.6759986978268141,0.6935338062642845,0.7830693933785223,0.763313560174822,0.535158154135834,0.6395636998512783,0.6916178528490345,0.6587662724865977,0.7867298090274033,0.6896993592031758,0.7187435890277055,0.6618949508486975,0.6383420753594609,0.7098494405402839,0.6201577953750557,0.7410828600867032,0.7152511872177667,0.3540105004573701,0.565662285999697,0.5801472489095534,0.7309760108428023,0.3804050412794249,0.6680092863887512,0.584144173037538,-0.40619711341402964,-0.22529579337936875,0.17666498456521426,0.2540694617066938,-0.4410689737362794,-0.13519625981786584,0.06247012264645342,-0.03376320950026751,0.1882958155177063,0.05489937107361874,0.5026461965014422,-0.09364248182120212,-0.06000350662013914,0.2835341007094465,0.395778512078432,0.006239922221196768,-0.15878243440411535,-0.050204273488569456,-0.42646714193649804,0.30489428074479336,0.6656306860578854,0.2783944296245597
ROI_027,0.1959742091270932,0.7841519468166884,0.7293029282575418,0.7118626860183483,0.6981759886448912,0.6747961192406626,0.7658325693480682,0.6490919768772434,0.6837420771279761,0.8557392677116926,0.6903517709814997,0.9087244889350343,0.7880564246432366,0.4987218880395135,0.5148466931719922,0.8536701142512543,0.8928947096416363,0.7721151085280902,0.7333056185115774,0.8448061827039758,0.659333521039778,0.8163267123836253,0.6573764897841655,0.819580213162582,0.8008392851871996,0.6525076009271594,7.254328619247669,0.8345479415069627,0.7069084953509486,0.7548819599764698,0.21925123860150347,0.05952883819547899,0.09333364071584342,0.8286806996076331,0.1406986678369937,0.7725461401703504,0.5529692825548654,0.5509954072976188,0.693059068537946,0.7133433352142642,0.5748876429272883,0.35019837984807656,-0.21294464921425632,0.37956456100024777,-0.09646520028895461,0.03670910325431019,-0.014673780569705783,-0.007851569139001672,0.6366224501641331,0.5396392751908435,0.38923739404989677,0.7099045889914247,0.7637864350591785,0.6603692432670527,0.587654506411708,0.4880378985086014,0.6156966107732099,0.6027235387290637,0.6284255828616948,0.6534619628347396,0.7983090633157504,0.6295670145552341,0.7214313238669839,0.5604290532325741,0.7270007271677121,0.46655852602979847,0.733746644023311,0.7032266652558455,0.7796436835835772,0.7425855016476149,0.738099974726647,0.49909245645505057,0.5796255959674843,0.7721203927803024,0.876551149688156,0.662511842967391,0.8515679867108255,0.8407031733459499,-0.12308140188044836,0.007824671824620082,0.4392268352170632,0.4122384707510547,-0.3520917089584984,-0.23493809340174063,0.3925890688335981,0.24184970683291068,0.5507875127115277,0.4619339251673841,0.8127756729325479,0.26847281077328067,-0.032201542479677485,0.5391876875296834,0.786205428076956,0.15475424258321854,0.21364027010801948,0.42602063573982596,0.09497330659477275,0.6311996238835693,0.6859880541693688,0.5491682672214495
ROI_028,0.3061802013999352,1.0974475220108924,0.7041336333733685,0.9157815172783197,0.7920916262753478,0.6687081820924244,0.6597326925700044,0.6893013950589051,0.7142749749530851,1.0174710488315541,0.7100718984782958,1.0049221286928514,0.7295278157486537,0.45434338374628214,0.5331822542040473,1.1355597054839537,0.8363333308820359,0.7486725729948738,0.6293646760705195,1.0696174121110416,0.660052407743833,0.8279257238549982,0.6029898923956775,0.9716767985305754,1.0018418982152577,0.48803867835002857,0.8345479415069627,7.254328619247669,0.9845071454456361,1.062431663130255,0.5456510991256376,-0.008095215981369985,0.16671022067853536,1.0791563421387342,0.16023648342805127,0.9954668001855126,0.709077091046737,0.279649414449596,0.49770791306936224,0.5608974819176739,0.6618819312942584,0.27468050500888774,-0.3577831969262857,0.6202133244331964,-0.04387785156013685,-0.14074927006602028,-0.04046064983055679,-0.19302355202999497,0.4934649381115048,0.27961491951708445,0.7312606336041246,0.9563024900822865,1.055906978063623,0.8604821250224532,0.6992564570038219,0.5270502663328662,0.7284399250902787,0.6969574852446425,0.8217590221080637,0.7840398844146458,0.9536340785862507,0.6220987235091695,0.7496542429472379,0.5761458035544195,0.8344468992674983,0.4203291067555837,0.7174686509496653,0.6305784160977923,1.0076121153855961,0.8701601775707224,0.7770199319783432,0.6707645528995801,0.6579034548582343,0.8456407191458741,0.9797033947716387,1.0979631474558804,1.083302800090209,1.2875351063815352,0.09102466010367166,-0.0603718929384846,0.8951368945981032,0.7066510638831247,-0.2119933308061166,-0.0811124858513073,0.6735655476295008,0.5325294509796401,0.7181760216853994,1.1033994241269287,0.982035781564231,0.3695488234048698,0.18838349065862695,0.7371114859784215,0.9643296570391883,0.527011760976025,0.6893109154542074,0.6908261947099843,-0.04030751374031681,0.7150500715225648,0.5575071287124237,0.286090837724761
ROI_029,0.02675773511322175,1.463667664616769,1.1876661879796893,1.4672064013031034,1.3124211863998436,1.2737892430682303,0.7681105807314105,1.2717220089544787,1.2923079703007834,1.3305865803459842,1.286375019563543,1.3728618966486188,1.2639199146272013,0.9389736436601286,1.0759074274823504,1.3332916539662245,1.2096392472450073,1.229137288348634,1.1455523575768611,1.448115595672502,1.2001488855390707,1.0792353544543887,0.8074888558753998,1.1034552234154666,0.7440967666170415,0.5862971953363078,0.7069084953509487,0.9845071454456363,7.254328619247669,1.3359206564832382,0.19177786040130623,-0.3247875275280633,-0.15108776685480746,1.2293220952980837,-0.018796032374663305,0.6200638423570953,0.3841290723325978,0.160155961477034,0.6746104701617328,0.557881548192693,0.4607343324402964,0.0595005862905284,-0.5013828281128386,0.17143779160820297,-0.4682529435464323,-0.3079022051856876,-0.23702487977658254,-0.3084079013158795,0.4735555687638188,0.09336210155195125,0.505328985794614,1.5082574947777947,1.376250532062504,1.4560912196267746,1.3316923834917522,1.0609202499753454,1.365971962477242,1.3257261401732798,1.3587146472948544,1.4026561608870713,1.4168408812028608,1.260415037864512,1.391580862770106,1.141677613501042,1.3187988484393693,0.9419678573259109,0.9691656270887604,1.2211257016978903,1.3144621666653766,1.3193433690703265,1.3360302529229222,1.1194574168813611,1.1455860496924002,1.286340465812164,1.352221984930038,1.0034013693435777,1.43888635870339,1.261008114178959,-0.25855457702299844,-0.2720092291350971,0.7590606578706812,0.5793999345484034,-0.563159356935359,-0.29211950595380326,0.5074442843196624,0.5375561581431466,0.47388374195385996,0.4921812532559515,0.8145060175123913,0.24246233181613272,0.08566457892171749,0.7883093842353154,1.0793905168379172,0.1611104064693092,0.5537507589913832,0.24786219624313324,-0.2378483885602871,0.8228589845562001,0.7186235716032924,0.12881220757674466
ROI_030,0.09609368387590812,1.363382666794851,0.9893852876294854,1.386839750331506,1.3162372256845272,1.1273446602930601,0.8550197284923055,1.0519807399869594,1.1168518284583653,1.2217730495553591,1.1503146188625566,1.4044562289630067,1.2895456108332486,0.8883720543528062,1.067856799430193,1.254232346724016,1.2578004165750465,1.1140892942472442,1.203696165150274,1.3287575895679775,1.104082658688567,1.296178099529508,1.0226190672286672,1.322498039673218,0.7699761195629728,0.5610957491020483,0.7548819599764698,1.062431663130255,1.3359206564832387,7.254328619247669,0.314218210914228,-0.31342029749818856,-0.1096743994893305,1.2924236773805287,-0.028931875614265,0.6182231394070112,0.41965602194372265,0.2534760504505208,0.8769703668903664,0.8058749395152008,0.6774765347984315,0.24594949420630366,-0.31923098749433165,0.33651584316829997,-0.4183616876159937,-0.12322112970099956,-0.07966958979307702,-0.2464945085731225,0.5521396266096009,0.177133846456218,0.539130785396211,1.258927983286553,1.1750242240439048,1.3488099644163312,1.1930177543237612,0.9024060380256289,1.1165575707634268,1.0890820124011327,1.0158674774212724,1.1537221910717914,1.1190548916407814,1.080445783609698,1.1482532625237214,1.0768000999813137,1.2684009621082206,0.9134793075712533,0.8074724615234586,1.1497153612437851,1.2452135554567576,1.3466241543368218,1.2055469299886508,1.0478590993123413,1.0821259671100285,1.1147165591637052,1.0983796363889384,0.8525511235107371,1.287242409955065,1.4630964058680285,-0.25675210144928595,-0.3571291300163107,0.6618070371607468,0.4824136020959834,-0.7037673689584534,-0.5277250400494111,0.34779270067224194,0.4754456529564565,0.45337745203176366,0.6181134149350779,0.7098420014208929,0.24185716216209446,-0.045300117476716244,0.6976939108909879,1.1242085060259068,0.14963157230049162,0.6530323889345986,0.27118792510593015,-0.13159378178827075,0.6671877462980903,0.6468291318901311,0.15821405411656614
ROI_031,0.6051003225129434,0.2977259011705523,0.04882752401158679,0.14252458787877004,0.09155710237006133,-0.052988484938515094,0.1928242768461392,-0.016840564570027555,-0.035437419114325124,0.34958836903318935,0.05602345768629068,0.20964029777916504,0.031172258502408744,-0.14490250512869118,-0.12524315608162623,0.35789286612625815,0.10488844696516944,0.052347465906310266,-0.027205968672352164,0.27384472557720024,0.00630146216189547,0.1172171935208873,0.07356518398769098,0.3740219728154737,0.6305541282088277,-0.0920171598375941,0.21925123860150347,0.5456510991256376,0.19177786040130623,0.314218210914228,7.254328619247669,0.4015076459088465,0.7245744799911825,0.28759800775941935,0.3696692616496247,0.5652169227293814,0.633530379951759,0.15308794641669624,0.15011238799052934,0.3442205830498586,0.677730228067459,0.45606877844023513,0.04826033083831817,1.0592246170259518,0.6885298078520211,0.09799924204104161,0.3505789343973831,-0.07525142663596182,0.023686874896801203,0.13286165343462186,0.39075085209953986,0.13375301331396275,0.20914452582749182,0.08607498727175066,0.011438449220816244,-0.17203195440328733,-0.021107644797884458,-0.02525967333084729,0.05124897579247708,-0.04320818170157635,0.052533102181584676,-0.14391310962247253,-0.06802623860730728,-0.1173414702604276,0.10321929618402817,-0.2322812396021325,-0.005192963992955246,-0.1286130468831129,0.18277152943902011,0.12396244048147181,0.0058897923616147724,-0.049760470426703486,-0.10722082223816778,0.07498687435331937,0.04082643480016863,0.18863077089469457,0.26031356418386586,0.30091491777012686,0.8215532298956794,0.0547840578020243,0.5388842976821464,0.5060703799816657,0.33687406807254794,0.010467192515921247,0.32251194357883406,0.3118794067069722,0.5606735730983585,0.8321810687869197,0.4735738780456553,0.36740037928698865,0.2246466590808614,0.20604740964238652,0.32366666110357706,0.5951556179828493,0.6386520019196217,1.0435256109203723,0.15349869551408774,0.0697659751631355,-0.09785530974669168,0.10329161923174435
ROI_032,0.6969799190259541,-0.19666813745263734,-0.28664551173037084,-0.29320234130822576,-0.32630353609532015,-0.36620461118302183,0.05338710517003509,-0.35543665123241724,-0.38290197217902894,-0.12351059859452325,-0.34100995313600246,-0.24625635516787894,-0.40369234039661495,-0.43940996727150805,-0.5444713106237671,-0.05214282571990983,-0.26459501956278997,-0.2500423993376451,-0.3415020808691701,-0.1409810708109289,-0.3795575101465892,-0.2272813353591116,-0.16046082044964016,-0.09350526147594664,0.2581838599584503,-0.03420731636518278,0.05952883819547899,-0.008095215981369986,-0.3247875275280633,-0.31342029749818856,0.4015076459088465,7.254328619247669,0.8274328279263432,-0.10223485286755322,0.46907413898359707,0.25053773801598805,0.35071397489732187,0.6774101546863494,0.001057870041313122,0.19773303670986472,0.24546486907025497,0.4480173349604271,0.5773544297589063,0.464532226946985,0.8600876409024633,0.27378338856491463,0.5504467698290014,0.3105902033917001,0.11603465651158358,0.3840013949351804,0.2627017610294468,-0.3157838905669373,-0.1699292773407825,-0.33854226424577694,-0.4283958407130498,-0.47463904101298243,-0.41670591459260703,-0.4210841269369225,-0.33795481648677084,-0.47154557295795774,-0.38202583224477255,-0.5865258167803751,-0.4168305490931756,-0.4817711057904566,-0.2918619372177121,-0.585515613397094,-0.08885713821326965,-0.4928207246924043,-0.2811352441957916,-0.291450413214424,-0.3617514785445415,-0.5692333045918636,-0.491791649310415,-0.16095382392383217,-0.3325380492587351,-0.08550623301741113,-0.1751971647464585,-0.214557551733773,0.7382478077277264,0.9047788035344603,-0.004688283125017374,0.14547670669244697,0.5503409394783948,0.19625254856010133,-0.06206597374695365,-0.15435005628876527,0.35303984244089687,0.12189968849997837,0.12846263945666803,0.26299193906357443,0.3028475173392179,0.08879471626708081,-0.07731584336968364,0.6127479863628319,-0.034839142974614094,0.4917481679748843,0.3084170585268936,-0.25462583232549557,0.05768454209721697,0.44468208625277167
ROI_033,0.6919768917630682,-0.03822740837814492,-0.14534675111494158,-0.16253582961613403,-0.20073826649203133,-0.3135479589727049,0.09311484251310852,-0.2376165266116976,-0.2763052755516025,0.09481761850379711,-0.20163579055076394,-0.05313265895393724,-0.2346682853829683,-0.3566808835099235,-0.4178871212411173,0.08153469531081976,-0.12350833498788276,-0.14679135856002262,-0.2588555329214765,-0.02347690781885837,-0.2229362247571459,-0.07324524463292567,-0.08705344099103456,0.1077680809903849,0.4597413039311233,-0.013446771963052563,0.09333364071584342,0.16671022067853536,-0.15108776685480751,-0.1096743994893305,0.7245744799911827,0.8274328279263432,7.254328619247669,0.06160367001352752,0.5432468322846169,0.45585861700704944,0.4315839718413646,0.3304925402643233,0.021557115271106698,0.2433205754783539,0.4667730901846422,0.3573498163849276,0.34487511508443786,0.6225031699090132,0.9607589859886978,0.08671878278679207,0.5863358450288918,0.2408020811888359,0.051241144639107915,0.23080029429135349,0.17860057299189427,-0.2254249147132715,-0.062096889705239966,-0.24484025488293487,-0.3276427473321107,-0.4357814840446965,-0.3353130605146596,-0.3134171182664553,-0.2963430334140241,-0.4106918352130717,-0.23923279331694053,-0.4943111380203092,-0.3451094847328663,-0.433948570093009,-0.21247775009700273,-0.5041500476077718,-0.16024615039171536,-0.4372144377217528,-0.13674372524538747,-0.20045765756271347,-0.24657546389272372,-0.5235033699984295,-0.4432009973695283,-0.2283404321815796,-0.24139027819962192,-0.10365028492500462,-0.04827201177344521,-0.09372463840757635,0.6378256154675515,0.3197189753900514,0.18051006434540928,0.30165209902093754,0.5085145049463041,0.22526540764451913,0.004486688002126839,0.037718574430304734,0.4124896679150143,0.28010558714229133,0.29552447873785276,0.23565464179460408,0.16353752134769803,-0.13781759728344442,-0.06310069606607338,0.36474749049917504,0.08270173002178323,0.6387758233274907,0.07553150372432171,-0.20958226701990026,-0.1286420919251104,0.30948386944875783
ROI_034,0.1455880070519764,1.7248559486396404,1.2944082623697923,1.5230672860117414,1.3714972289344987,1.1739061746315762,0.8556451452228028,1.2708181433269012,1.3342398677771667,1.816486052461397,1.3135485851735151,1.7616804350581394,1.384825205572259,0.973570538669071,1.0054697633374987,1.8590352144742381,1.5242573763021512,1.489174631898434,1.3410994310843105,1.737537073427642,1.1783051259684705,1.336198152680407,1.1499935924053908,1.581382450868865,1.0239494659746624,0.7829801702558794,0.8286806996076331,1.0791563421387342,1.2293220952980837,1.2924236773805287,0.2875980077594193,-0.10223485286755321,0.06160367001352753,7.254328619247669,0.19268871121487263,0.9449035267036696,0.5524246520611448,0.3723186418428995,0.8690573167037344,0.7753781712356683,0.7684196508493414,0.11129666713764388,-0.3172459105338157,0.22268323344880922,-0.28144243041487627,-0.42253657488584606,-0.04064105415997929,-0.1807579858116376,0.5135212796918066,0.17923136626268446,0.6681552184709528,1.5138072143838792,1.5907885572798772,1.4268330009383179,1.2194432539605486,0.9812414541449279,1.2457994562875656,1.2891163505727257,1.1955450127621476,1.1873773549509652,1.230888921741027,1.0532130133713888,1.2507157894094685,1.1068872437053985,1.3737582150675267,0.877827030019373,1.0362271182609235,1.1118489016038149,1.594633440606168,1.6988655170451081,1.2821783974733718,0.8516646320540017,1.083854544948182,1.2167199559619675,1.2804959958659499,0.8884342244842262,1.697053292537033,1.2183969704062403,-0.2070509304477972,-0.16963230006766652,0.9482320752111908,0.8822862203115739,-0.46005805140121253,-0.2236223231615786,0.44351282871704767,0.6024104553171796,0.7574100609614333,0.5961686516998459,1.172023132644899,0.36065161410667945,0.09521570765325707,0.7670653108105031,1.1038208743528803,0.2549068239508932,0.543586925774023,0.2584166663559041,-0.32382248658077745,0.8189938848307823,0.7321089755928406,0.2564645882900746
ROI_035,0.19346540061847783,0.05417808202629408,0.17965663758810885,0.047131703505801634,0.06568457970478615,0.05732135811124778,0.1931613667806874,0.15542127585519416,0.06317808385637597,0.24874496663125925,0.12967638880757093,0.06376240777709909,0.08785318227460769,0.19869008561815457,0.07237673998869469,0.13915623347754644,0.11681244358274478,0.20060176105264368,0.0968301966706134,0.09796893656503451,0.10653022790193281,0.1466163690608718,0.3567865629925406,0.16196168821875281,0.45724302469940914,0.2930527521310439,0.14069866783699372,0.16023648342805127,-0.018796032374663305,-0.028931875614265,0.36966926164962477,0.46907413898359707,0.5432468322846169,0.19268871121487263,7.254328619247669,0.17444291768000578,-0.000858690793088398,0.35836709498147185,0.13700238763882086,0.09326404344458646,0.17403786761150392,0.1986131845377105,0.5569253472114738,0.11576103280634112,0.65610541099045,0.05839915313549112,0.574227243026051,0.560937332734781,0.10486700388500084,0.03657588030156531,0.1529718870142838,-0.02096927868376328,0.05871580862820926,-0.012671644030459993,0.021379499953593017,0.05572633620397085,0.0298823308063277,0.06426493873432952,-0.027071638219909645,-0.1071467797848832,-0.1013796092142127,-0.11139680509174435,-0.026020484921012672,0.010549799280737333,0.06897971238060505,0.04629077586054702,0.09541519021491524,-0.06973846754020983,-0.020769230467985768,0.0671154512082785,-0.03100865136846531,-0.27819663382565,-0.07755475646261523,-0.06418827386356087,-0.08856852703238008,-0.17568625726623002,0.058702585852621246,-0.05353502712191811,0.3657377362416103,0.029700462924927565,0.07891447832333782,0.1852394994697343,0.3994892575934593,0.5297184161900251,0.03867642271171885,0.03144230502018406,0.144299578172725,0.1198846418342056,0.1603177922038555,-0.13053469500130244,0.17501823235939187,-0.08056594564408913,-0.14069707982067134,0.26232036781190976,-0.05826136119447804,0.2885944440045399,0.07697756352812299,-0.005056091857737643,0.03274973252134681,0.09658313748142956
ROI_036,0.4814413798986371,0.845281813331906,0.5330717087988389,0.6522377978026362,0.5324609885580268,0.4155322341570815,0.6081382868607803,0.4654131351277256,0.505818462984668,0.805642808114503,0.4882647289366145,0.7913309157214428,0.49056134116486,0.21052929072489726,0.22151512610224994,1.0098540266188967,0.6296422702849903,0.5643519033140525,0.44456811818862146,0.8653571132059692,0.3941952046290078,0.6169379686900222,0.3900785137038026,0.8336734678149927,0.9710812136096104,0.4569732939985046,0.7725461401703504,0.9954668001855129,0.6200638423570952,0.6182231394070112,0.5652169227293814,0.25053773801598805,0.45585861700704944,0.9449035267036696,0.17444291768000578,7.254328619247669,0.9785968510163179,0.4346345818121176,0.5419621248392041,0.6989869167452271,0.8571716934801297,0.30143364336189576,-0.26073249677000937,0.6417024855089348,0.1413316990230888,-0.25852101050376697,0.054660466175031314,-0.20182640173221986,0.46244671857650815,0.49035222503868453,0.6151555249233546,0.6810199591080833,0.8134444410036403,0.583568141305524,0.41408614289093026,0.26830540924551466,0.4598133174870892,0.44840682400659343,0.5293335095435553,0.45665455396411875,0.6560605513281054,0.3295536956189264,0.4626480318357392,0.2962967379316756,0.5315685736677245,0.14409651440699325,0.5180567288709259,0.36252536644664535,0.7224812325747255,0.595747683637286,0.5297697082979178,0.2913750084706398,0.35020160908568315,0.6597609345787551,0.6768514457191971,0.7330545787180193,0.8155040704317242,0.7690403220591399,0.15419080394831391,0.12149739741469605,0.7883224947343594,0.8822757856833451,-0.10229474265399789,-0.06958546760129107,0.44612484229356075,0.37145733136410086,1.0096620192307004,0.7855146494353593,1.306214373862395,0.5282197791747553,0.19847724115562895,0.5912536045778106,0.8161975943986306,0.495726528057977,0.4744559889026562,0.7182097327708489,-0.11476549185141673,0.4336824677401346,0.5006037386744463,0.5949579281046741
ROI_037,0.5368370752228954,0.4854410631833188,0.21713789258189684,0.30563784549564055,0.24477315354277313,0.14273516040444278,0.29401742123448893,0.10110196672967019,0.1674729612095968,0.4767438126946801,0.16487806541131145,0.42226118381160044,0.18063874661995194,-0.05297178704522834,0.014243950444281383,0.5814907852222356,0.35518926694968506,0.2028089583294303,0.17147741172875874,0.47793742821487334,0.12743535531971117,0.31780635106729155,0.1677257096519325,0.5192303977618963,0.5020689040675916,0.0016996273154091467,0.5529692825548654,0.709077091046737,0.3841290723325978,0.41965602194372265,0.633530379951759,0.35071397489732187,0.4315839718413646,0.5524246520611448,-0.000858690793088398,0.9785968510163179,7.254328619247669,0.35906451656619653,0.23027955361121952,0.467475665636512,0.8672630563371859,0.2516733371228284,-0.2974510686026406,0.7637273287170524,0.1599915822143741,-0.014230995167229811,0.15749709784064528,-0.15067764655685734,0.24691728061758678,0.41881867258999045,0.5697352832617317,0.3682169081809177,0.4553340680931525,0.28303039130086344,0.18560863193956534,0.004723239118106565,0.13854055350050082,0.14846063702473863,0.365769398196932,0.23487363747983683,0.34153994176072044,0.12190731662821626,0.1858755601915571,0.08785254929101498,0.285826496838226,-0.05087697281557004,0.3018833764983143,0.12039548458678975,0.4839392195526349,0.33995363111792415,0.280643876092434,0.2573997818063467,0.2109474883894579,0.43949421226753616,0.37582500623696763,0.584854854064264,0.5271711944163875,0.5247211721027403,0.31655129765162504,0.3252774636008134,0.7865695817772194,0.7725232954981267,0.018611460090515203,-0.09679861115598377,0.46709423924101534,0.5084781930360713,1.0892164225032397,0.8819095940714227,0.8643633401551838,0.7604988075023765,0.22318729615813235,0.6117858753888505,0.7069940820355447,0.5768859749987656,0.7139256573561203,0.6778655784454021,0.12192764688557177,0.42584747504555204,0.2710289415255882,0.4341560245926666
ROI_038,0.5606192930535729,0.30067798829180026,0.26418750515048117,0.3198289535838744,0.3387604130222461,0.3226084249595724,0.7248516430609471,0.26243309440861373,0.26136707419347827,0.3202878396261387,0.25500686139865325,0.3179786049980203,0.2567563582465984,0.19630922102869394,0.14733629405191725,0.43478292781255234,0.3864553987287413,0.3581728792634354,0.33216131980799846,0.3789109964706142,0.20250640275007872,0.44482020196239525,0.3860370961531162,0.4454881801931288,0.5321580446989143,0.4804490901189086,0.5509954072976186,0.2796494144495959,0.160155961477034,0.2534760504505208,0.15308794641669624,0.6774101546863494,0.33049254026432334,0.37231864184289953,0.35836709498147185,0.4346345818121176,0.35906451656619653,7.254328619247669,0.7363490985128067,0.7711691487989335,0.4829231638983634,0.6540587281733845,0.41684316047353404,0.3252232572964128,0.1278339677343528,0.24251727802313905,0.3175844746429958,0.24682332409936034,0.7684398538296368,0.6705988814290823,0.5059126701941243,0.22750739832081998,0.3463669833606414,0.27846435809864883,0.23038804750158073,0.15392539022043636,0.19282173752756032,0.19575253137351553,0.10292845458961118,0.12808915988634684,0.15026081390913595,0.1104967554722846,0.2360867566903894,0.20733021161777085,0.29222862182849135,0.1298719032132893,0.4472887961476341,0.20336544563643985,0.19782443454820672,0.2763125194113122,0.2578006863296944,0.014533834679934235,0.16014252118394717,0.4183934493434212,0.20331284647805123,0.22062960308814808,0.3071544314913702,0.22261898355013857,0.09255623930011382,0.47468466798810194,0.06857868981528933,0.21024952047662804,-0.17976068526712197,-0.2895227865542093,-0.1525687603954839,-0.07575826018987963,0.3625545188125129,0.11035117680524346,0.35134194209056574,0.2895674186983239,0.22981174948338906,0.4996470392613415,0.41953879658197296,0.4233378304039233,-0.022378769390971692,0.27152358363210616,0.19842597123261554,0.09898230116682907,0.6788815739062949,0.788464596712673
ROI_039,0.17779361414103712,0.8032688133611974,0.7655616171775553,0.9365085265577,0.9612646624307364,0.8900067869499649,1.0041826192065135,0.8562194691464934,0.8594813969762028,0.7816916004605914,0.8761424217052733,0.9063670214658726,0.9164667270918306,0.7806743282416291,0.7490768199888838,0.8678567206033457,0.991157823671892,0.9458939315773718,1.0483263308790858,0.8705175088424323,0.8057035397777711,1.0690881020572736,0.7998268083433515,0.978982357974009,0.6720797660851847,0.8353109647208528,0.693059068537946,0.4977079130693622,0.6746104701617328,0.8769703668903664,0.15011238799052934,0.001057870041313122,0.021557115271106698,0.8690573167037347,0.13700238763882086,0.5419621248392041,0.23027955361121955,0.7363490985128067,7.254328619247669,1.197266439577771,0.6260661978877174,0.5940614548346076,0.16639829384092822,0.20240056803478165,-0.24218389148222366,-0.05353661552720829,0.11034867915250315,-0.11902904728259871,0.6966969341393358,0.2892439151374907,0.34826380902782034,0.7394232957483381,0.7426689613755723,0.84319006161402,0.8401228963507883,0.6547637059064332,0.7573020882838483,0.7716526589175138,0.47484639040428595,0.6118949754124476,0.5490563525009295,0.6563241786146667,0.7442261113123347,0.7762931418678792,0.7735912308200885,0.6952844964157721,0.5404087343241246,0.7710441487407466,0.6345241558426284,0.7816089418982969,0.8007742760910493,0.47810950441280836,0.617667766870933,0.7292635690387324,0.6037533527412804,0.32620706158745494,0.7653640247693398,0.6332239011965453,-0.30823078094168294,-0.2124003496908305,0.23274462375909902,0.2665019911080149,-0.6710178578672734,-0.6408996009179246,-0.06077322782493031,0.12720428521498256,0.31344233465661175,0.2213507702069458,0.4928135118313015,0.10169688916876661,-0.11999050082666617,0.5126654475547469,0.7978085549538529,0.044606195954419475,0.23276891414172274,0.1059524371234314,-0.15011605120318675,0.2180649519765449,0.6765294735620786,0.34831058177547664
ROI_040,0.4721286149809531,0.7229322686407135,0.5196318011916919,0.7154520869846668,0.7228385664673448,0.6243746115102442,1.1820543164612412,0.5312291413775593,0.5447309845210406,0.692825292345556,0.6236992497964546,0.7697071436187315,0.663033524847833,0.4227509389862313,0.41593459494941176,0.8780374608309042,0.8387234754282031,0.6557196727043212,0.6989407928659657,0.8160902491824393,0.5113815685721349,1.0098516149151495,0.6790971797864683,1.0250907475765714,0.7574293839878758,0.5823872686489854,0.7133433352142642,0.560897481917674,0.557881548192693,0.8058749395152005,0.34422058304985864,0.19773303670986472,0.24332057547835387,0.7753781712356681,0.09326404344458646,0.6989869167452268,0.4674756656365119,0.7711691487989337,1.1972664395777708,7.254328619247669,1.1008255289021096,0.6971638083740298,0.1712954004037598,0.522093262366321,-0.14748497845769934,0.1144845353706069,0.3303203716852841,0.06283456625150059,0.8803035576877196,0.6780696355404571,0.38569123022071816,0.557850151980547,0.6293603131109367,0.6444456612212793,0.5408304996535592,0.35218756556195324,0.44553945326033323,0.4653182521978844,0.31010053242741664,0.40902357241189646,0.4332908876119557,0.4092206791537257,0.49826263209562827,0.4467752240727854,0.5496613317973675,0.35921874223833283,0.5702101559482265,0.48113265131849364,0.524320403664861,0.598398170951989,0.5673995572799809,0.3000692916761424,0.4205188835833764,0.677868838004196,0.45564445292099554,0.3609843767560564,0.7451206459480323,0.5799356256889545,-0.19061799772777605,-0.034369675816000825,0.30735730113698656,0.38209368997859167,-0.6613602467280707,-0.7232276917339662,-0.16579510056772737,0.1613842653088745,0.5276386270356643,0.3872172799637774,0.5916690535720551,0.3892572857074796,-0.15754640343405105,0.4686193362956291,0.7689811274754456,0.16469604145359512,0.3112647203177022,0.2964344570825329,0.06834571668428546,0.20895069099969626,0.6915342532854065,0.6835446633088856
ROI_041,0.5858863279043559,0.6785692252806289,0.3901802233371768,0.5503102429695509,0.5436380996107744,0.3882788777612503,0.7354133800746029,0.3145932091558502,0.3404392758827562,0.6927783015449656,0.4382363380735136,0.658405597084574,0.46524413935117825,0.20139837609178327,0.23090396532559532,0.8264794738436627,0.6944650744556654,0.4298354411197036,0.4486959768701974,0.6934182625710844,0.31430808732881116,0.7323415908774614,0.5081396439550572,1.0208696873166667,0.7556459177544649,0.2184426569770589,0.5748876429272883,0.6618819312942587,0.4607343324402963,0.6774765347984315,0.677730228067459,0.24546486907025494,0.4667730901846422,0.7684196508493414,0.17403786761150392,0.8571716934801297,0.8672630563371859,0.48292316389836343,0.6260661978877174,1.1008255289021096,7.254328619247669,0.49864693075424305,0.0026543130740879313,0.7790659437094622,0.03930064724691102,0.07964049625319838,0.5219395041635154,0.09109531464458955,0.5212288400235386,0.5570203893198461,0.48715587156169854,0.4639801431141294,0.5673142135887744,0.4870664074909782,0.3969418378490604,0.1606717618119491,0.26956172386638866,0.32539619085181587,0.30432776604471273,0.2894093949627384,0.3455182867389086,0.2671268655400344,0.3220703328202192,0.28373805269580094,0.4077256824019463,0.15979333246853908,0.4847664133051455,0.2914646458744251,0.5698120547117443,0.5203818966916404,0.3957956225572432,0.27384319354459113,0.337338433706322,0.5574536608504046,0.37339415971533196,0.36810486172023105,0.7390465676832081,0.49848706576814894,0.08323664725318687,0.06606076561801151,0.7211577714406545,0.8072569422834092,-0.3018271187384194,-0.3973226985726118,0.07869188279049705,0.5805087238317951,0.866463117270003,0.7359043487722285,0.8360720608473575,0.8432482953102775,-0.021964963824305756,0.4846882647119953,0.8091164553226293,0.3546418209620991,0.673585492978527,0.5347707978309311,0.17088622355129837,0.356068990692909,0.40577701332690463,0.5675779617931007
ROI_042,0.5339643654660872,0.11491088824607958,-0.007321432559462003,0.12082747714711828,0.11263430660619138,0.08514816811707421,0.5511043446699214,0.004068076999059035,-0.009599804138972661,0.10497354477258791,0.05053148039797606,0.12769732937307982,0.0293924339992518,-0.07219601673369273,-0.08126717305979082,0.20052192945175168,0.14566510497351443,0.0515948719563612,0.06848614667437623,0.16641359353157673,-0.01682401075597169,0.24976208689145682,0.09328714144685052,0.2694829084994297,0.43318665667261236,0.21854286158317876,0.35019837984807656,0.27468050500888774,0.0595005862905284,0.24594949420630366,0.45606877844023497,0.4480173349604271,0.3573498163849276,0.11129666713764386,0.19861318453771054,0.3014336433618958,0.2516733371228284,0.6540587281733846,0.5940614548346076,0.6971638083740298,0.49864693075424305,7.254328619247669,0.5925941742136475,0.7038854644224452,0.3038708786863808,0.5474705410799965,0.49951616601425636,0.10960090332820022,0.49877836444659857,0.5114400418320327,0.16782245479588803,0.01657194975220254,0.05936205790492191,0.046139168457345656,0.03673278134527503,-0.13844925291523694,-0.04894556071755795,-0.07225504591793336,-0.18115364645334642,-0.12798796620040723,-0.09203077471652747,-0.14894894455262717,-0.058502134160660586,-0.07756208195737786,0.013713788671820777,-0.13012019891454346,0.025707960879900495,-0.08070444183982439,-0.06083953549614707,-0.025932426894606155,0.0017730480590489423,-0.13157370142318037,-0.13812757906319323,0.08320549619744266,-0.05868787820093598,0.0011898384313960208,0.12005553841421299,0.15354081859706287,0.19377913333828753,0.09436344678435707,-0.09786132565682604,-0.04810883633053249,-0.1507608139431377,-0.40011494355841815,-0.22063866519654748,-0.15898934738679726,0.17867432594174998,0.35034628275456464,0.1188187879969928,0.10544723592154126,-0.10967997568008905,0.20306073277359793,0.2892536646573399,0.3389626056818701,0.14408922427422133,0.4812639134700162,0.41274239452094363,-0.2646611472848151,0.2746859405453183,0.4197274503655274
ROI_043,0.16653082669602517,-0.45872768351509163,-0.3328446553916313,-0.376741492000901,-0.3094058389326857,-0.287384767804539,0.05868544621343372,-0.29158023532004634,-0.3707788845113343,-0.3351404251136854,-0.26429989843560814,-0.394895565868585,-0.3125839347348233,-0.15159678193463985,-0.2772061910953818,-0.34429702412065893,-0.29543135756597666,-0.2548722465455377,-0.2086756388268874,-0.3712431628700813,-0.2992892805860798,-0.12735895048962195,-0.00028507281194806167,-0.21809081606124173,-0.04515540775279566,0.060077323503325245,-0.21294464921425632,-0.35778319692628563,-0.5013828281128385,-0.31923098749433154,0.04826033083831816,0.5773544297589063,0.34487511508443786,-0.3172459105338156,0.5569253472114738,-0.26073249677000937,-0.2974510686026406,0.41684316047353415,0.1663982938409282,0.1712954004037598,0.0026543130740879317,0.5925941742136475,7.254328619247669,0.049677059067334044,0.4932797379041953,0.5041822424422097,0.8324084776495374,0.5842244729259777,0.10593857725307695,0.12644600567791384,-0.25134651552558107,-0.5329753284468731,-0.49489828069324876,-0.43411077162905193,-0.3559191794744905,-0.35046612016597656,-0.43389083400198264,-0.4083058759546411,-0.6519533450464888,-0.6159628753471537,-0.7088896512412608,-0.5359733645138669,-0.4822665158143183,-0.3598427801211345,-0.38780801969079765,-0.26218719146115277,-0.3417407524330104,-0.43689041151088454,-0.6198879636325871,-0.4308120132764534,-0.4465669635648967,-0.6642662739460732,-0.4979667563375649,-0.44436731024853415,-0.6651148520030298,-0.7359758688483515,-0.42344256724279705,-0.4959957483955453,0.15798594847189426,0.07334457598863837,-0.6068607534388851,-0.4279387747118379,0.12454995352526407,-0.029848076532806623,-0.7125038348513487,-0.45936868091957384,-0.2869825490877499,-0.2589916179544328,-0.4044805813415853,-0.306452390248059,-0.23930756000642725,-0.3567313371464097,-0.43998220064106236,0.03280404577140324,-0.3303446667990332,-0.02110307771146313,0.3341281773015982,-0.6811701626555946,-0.11457916854413087,0.10634171740276659
ROI_044,0.7826706983783125,0.24906857937076515,-0.05624851426795598,0.1305904660386707,0.07945247798781961,-0.05909088968781403,0.3584547532824927,-0.11008682967496802,-0.09403207171731134,0.21989474902767142,-0.02495649051614473,0.18280982406120558,-0.02256378141338866,-0.28466675652835666,-0.22571830464327997,0.3419028847363291,0.12802737304161987,-0.03872707752803123,-0.07242978163521112,0.24739872593307904,-0.10119920321567477,0.18304769003216767,-0.006619249752506899,0.3681839420702746,0.5447206685133664,-0.08161097586717213,0.3795645610002478,0.6202133244331962,0.17143779160820297,0.33651584316829997,1.0592246170259518,0.464532226946985,0.6225031699090132,0.22268323344880922,0.11576103280634115,0.6417024855089347,0.7637273287170524,0.3252232572964127,0.20240056803478165,0.522093262366321,0.7790659437094622,0.7038854644224452,0.04967705906733406,7.254328619247669,0.4860414326283124,0.4171793032918264,0.3860983653676244,0.014609485259842896,0.3673014644652053,0.562850617061052,0.3666346115369765,0.0649697613950465,0.186279651651183,0.07303931398261851,-0.04202216062876995,-0.28222081259787996,-0.10605102366778403,-0.1247395567913809,-0.04234304696704962,-0.07724793085479942,0.05558882516484762,-0.16003173982895588,-0.08016662351014688,-0.18759621074188917,0.014233284448727016,-0.33045481463306564,0.055053650564235466,-0.13060404151334018,0.1274729432242792,0.0398096735065803,-0.0248157934019631,-0.035199872070407506,-0.12876882897035377,0.15211736905125153,0.060217785749832,0.31606773234340524,0.2314202336294785,0.32765927853717264,0.5732040421120613,0.23336774826929818,0.34543299133095956,0.28590807970717713,0.08353209112372753,-0.21874567419264443,0.15224357084551166,0.13879011149971335,0.44947495701453305,0.8664441630507931,0.3840330819701142,0.4392642248156352,0.06796759934108587,0.28065519373394476,0.4236232847772192,0.5970663135898935,0.588037115823501,1.165965235127178,0.42141892804636494,-0.027570465740300202,0.15622311138171216,0.48911485153495676
ROI_045,0.43595080604536585,-0.3673072484632697,-0.43386180622823683,-0.500082077971676,-0.5482632773912114,-0.6428627416683707,-0.2751757691506679,-0.5098899896545406,-0.576631503561715,-0.22992161783867593,-0.5133500951510969,-0.41954475415276127,-0.5672197246625952,-0.5584497544669313,-0.6682938071975043,-0.27740428060362665,-0.506857977383935,-0.4301554067664524,-0.5686413132010713,-0.3586141673189348,-0.4865037940730487,-0.48576186340312005,-0.339413909192506,-0.28343667286447094,0.17971931879700515,-0.21428638194797806,-0.0964652002889546,-0.04387785156013684,-0.4682529435464323,-0.4183616876159937,0.6885298078520211,0.8600876409024633,0.9607589859886976,-0.28144243041487627,0.65610541099045,0.1413316990230888,0.1599915822143741,0.1278339677343528,-0.24218389148222366,-0.14748497845769937,0.03930064724691102,0.30387087868638074,0.4932797379041953,0.4860414326283124,7.254328619247669,0.2080130350497432,0.4920434413173303,0.21173951448320744,-0.2764623624085859,-0.013501260449478145,-0.0007219260244925231,-0.5140226326364293,-0.3923351120368323,-0.5861891662866386,-0.6283813506143001,-0.6699166261249417,-0.5849453194981391,-0.5980000057992253,-0.5170210385879938,-0.720827926604872,-0.5556880813495303,-0.8410070549678194,-0.6827805582441022,-0.7108735519112392,-0.4667121362701771,-0.747035045775537,-0.5224987395551332,-0.7408028240357627,-0.4567152509132315,-0.49620104175580243,-0.5834143704781095,-0.7802671197817224,-0.7794063402582394,-0.5766333304705338,-0.535409293381052,-0.33824360784466323,-0.41472836393703066,-0.3099810817676897,1.0921203480757888,0.32759669577765776,-0.0787635472914819,-0.011573973603477356,1.0717306411642156,0.4908207855800936,0.07999518460691342,-0.1880355459301666,0.11800879886302323,0.18619166050204192,-0.024433715531008707,-0.08272111375816929,0.2049366067836079,-0.2928364104861754,-0.36048908468826907,0.37670053263385916,-0.03694604062704564,0.6557571168937805,0.1975446138010801,-0.42362844979412917,-0.42952391128004436,0.017033654740603154
ROI_046,0.27739403922106687,-0.4001531273151898,-0.4654361505475694,-0.35120363416453504,-0.2791962940155699,-0.26213721333305534,0.09824159469002466,-0.42114911355918117,-0.4227849187252624,-0.424106883248369,-0.41667939231436796,-0.4086936994726525,-0.349379891156376,-0.3433209708476021,-0.29104880854286796,-0.33566022984881766,-0.2571109712510572,-0.4283650333358503,-0.32653894811849415,-0.34460831919863344,-0.36341727927866746,-0.13621677497458842,-0.18833339631812124,-0.24127117696542627,-0.23443777440793392,-0.39433621117570195,0.03670910325431019,-0.14074927006602028,-0.3079022051856877,-0.12322112970099956,0.09799924204104161,0.27378338856491463,0.08671878278679207,-0.4225365748858462,0.05839915313549112,-0.258521010503767,-0.014230995167229811,0.24251727802313913,-0.053536615527208294,0.1144845353706069,0.07964049625319837,0.5474705410799965,0.5041822424422097,0.4171793032918264,0.2080130350497432,7.254328619247669,0.5823753376984048,0.6059413045684706,0.2791804549640475,0.46959633605751167,-0.11862303470006502,-0.48270946743750587,-0.4385008071569436,-0.3598984717399254,-0.31320809114995335,-0.3647417532136012,-0.4671470188043991,-0.4527067331208177,-0.47332434771140797,-0.43487374722652855,-0.4824392300146001,-0.36814147327944075,-0.3954087076122649,-0.3419671967707668,-0.3492752433137879,-0.2914159354900425,-0.20696730488325332,-0.3136255061215009,-0.47361369385546687,-0.43768511356489603,-0.3558153778545177,-0.26559507208329614,-0.3353154487165405,-0.2295814629817024,-0.4607062757353395,-0.28411366501170837,-0.3445683431908646,-0.29751650808361363,0.18354451110563477,0.18197348047578213,-0.45873734484555156,-0.5256588002697203,-0.04365149984747773,-0.23889129925708877,-0.359504625064767,-0.21429320185884387,-0.26012553795901405,0.029113649081674523,-0.44491310128803785,-0.039224810293757004,-0.24427945250322314,-0.10621205767590754,-0.14723843239396658,0.06662962516154096,0.033015214500360476,0.27794408936358134,1.3477284954756235,-0.31248929667096453,0.03347838626408781,0.29208168759773406
ROI_047,0.42571098086801423,-0.16378849343356652,-0.2190052378086778,-0.18921370427170553,-0.1366778028346445,-0.18488733837558488,0.16075118575816583,-0.23437029324846542,-0.28283820963781076,-0.0703735693387604,-0.18366462506243825,-0.18430399645394416,-0.18097083448250767,-0.1521010690691667,-0.20895129196336124,-0.05456422022171687,-0.07118400669915621,-0.175927017002986,-0.13263803678174058,-0.13114203156918275,-0.21670210194974876,0.05287400532910045,0.11322043945952974,0.07532651088179942,0.14290001962357005,-0.14795156108595406,-0.014673780569705787,-0.04046064983055679,-0.23702487977658254,-0.07966958979307702,0.350578934397383,0.5504467698290013,0.5863358450288918,-0.04064105415997928,0.574227243026051,0.054660466175031314,0.15749709784064525,0.3175844746429958,0.11034867915250315,0.3303203716852841,0.5219395041635154,0.49951616601425636,0.8324084776495371,0.3860983653676244,0.4920434413173303,0.582375337698405,7.254328619247669,0.748598745774376,0.16269219599875456,0.30568284670922136,-0.006684740448945171,-0.3268159970450899,-0.23325307903489556,-0.2410768553394563,-0.21974910043587947,-0.3000022760099361,-0.36206842442539455,-0.2870082593889683,-0.3663255446835143,-0.4365354314586278,-0.4585972407843029,-0.3863855754358229,-0.357425479946619,-0.27073363806081685,-0.2425688155799853,-0.2527056331886927,-0.10725720390056259,-0.3230061512737574,-0.27513819576438187,-0.20953610871675785,-0.26788795004480076,-0.4004491849665413,-0.32704059831282434,-0.2029414302732267,-0.44513987024747415,-0.3863382170093714,-0.0936119095449634,-0.2671779716926564,0.2611330056958626,0.14716132341691954,-0.05994195969133814,0.044106644574876015,0.11418840284614043,-0.017833915733525017,-0.35108543220562316,0.10427977407313567,0.159131015728995,0.1812565697498545,-0.034731630847071954,0.1869164718390464,-0.19005519471736348,-0.132905746360168,-0.11940718274485933,0.16704016993546092,0.16085438410211186,0.3132800878377017,0.5727247163162846,-0.2177257705732268,-0.055547198387618436,0.2912476552419698
ROI_048,0.1393608198347517,-0.28400442047095126,-0.19416104495433129,-0.2371946205056252,-0.15116021229970547,-0.12126629969781978,0.16729865367964641,-0.16540677778414412,-0.21834580861626815,-0.17544802438338475,-0.1373684955134383,-0.25245294034406845,-0.14332251532019213,-0.03305693926201163,-0.11268691949436879,-0.19316045721308442,-0.06267914581323243,-0.14605277477498357,-0.13805858524084427,-0.1996238687250796,-0.19536295330909528,0.009705000537356203,0.17504739170549705,-0.0887605818341968,-0.05725518077567389,-0.05128708835796043,-0.007851569139001672,-0.19302355202999494,-0.3084079013158795,-0.2464945085731225,-0.07525142663596182,0.3105902033917001,0.2408020811888359,-0.18075798581163757,0.5609373327347807,-0.20182640173221986,-0.15067764655685734,0.24682332409936034,-0.11902904728259871,0.06283456625150059,0.09109531464458953,0.10960090332820022,0.5842244729259779,0.014609485259842896,0.21173951448320744,0.6059413045684706,0.748598745774376,7.254328619247669,0.26848973448931485,0.4380076744250042,-0.14424532497872664,-0.3764595974773412,-0.2961771009309302,-0.2557102235205316,-0.21255542860191368,-0.15054539822664117,-0.3108513196048993,-0.24028793024355571,-0.34774067159191036,-0.3490954507200392,-0.373155409867967,-0.2637280254107112,-0.2560429224616813,-0.1911601024771046,-0.2316782778668872,-0.08212957627184639,0.048412021960534395,-0.22346241954249804,-0.3553137724688492,-0.23621288440662905,-0.27662202093372174,-0.43462639158869937,-0.1983361115209251,-0.18894659600988015,-0.38321192717550906,-0.41941127063685874,-0.20543402875837377,-0.41225413708787434,0.020371509637602255,0.09628409300350757,-0.3381414968868272,-0.20968984776648344,0.015611884964138942,0.16514438279933957,-0.47987627196578275,-0.16417401403999818,-0.1548776936348558,-0.16337684850933457,-0.2278308154056361,-0.056045719758816066,-0.23611983667089617,-0.29568266725461384,-0.37954967897205266,-0.07274038627109065,-0.27845558845435225,-0.005585636588385126,0.6109899094023672,-0.07403554771786952,0.09291659075926618,0.3643941793265772
ROI_049,0.30733072215604057,0.5634422047536445,0.4747254775311535,0.6423234871689828,0.6871139297281077,0.6566362612033594,1.2944918949111244,0.529019351837087,0.5347681819199751,0.47603467445138403,0.5005802275368654,0.5792211493087521,0.5671234089975089,0.40280787538446866,0.3949456144917014,0.6773592363202896,0.693805043527998,0.5543473636783052,0.5560451262313311,0.6486607720028597,0.44629491076505823,0.8323707453719691,0.5436781420739888,0.6914067990253864,0.5462897570060387,0.5187130821425738,0.6366224501641331,0.4934649381115048,0.47355556876381877,0.5521396266096009,0.0236868748968012,0.11603465651158358,0.051241144639107915,0.5135212796918067,0.10486700388500084,0.46244671857650815,0.24691728061758678,0.7684398538296369,0.6966969341393358,0.8803035576877194,0.5212288400235386,0.49877836444659857,0.10593857725307698,0.3673014644652053,-0.2764623624085859,0.2791804549640474,0.16269219599875456,0.2684897344893149,7.254328619247669,0.9206851581997186,0.35871874745494814,0.44315366810942597,0.5741758261910513,0.6149481294658027,0.5161624380136645,0.40238793465622624,0.44277965490587945,0.4421365057701426,0.27370589462642403,0.4134507797498489,0.45878291332396864,0.4501748220760089,0.513247369426538,0.4424754360972322,0.5012284628345011,0.37333182224290007,0.732468171580782,0.49098219221752604,0.36774581661657,0.46808464040224,0.5099681314456689,0.2544060249847378,0.3869680805993938,0.6827237388020222,0.4369964179815953,0.3934772387883776,0.5680504770409863,0.4019658183095888,-0.29074962975519864,0.06621976451800966,0.08647261187801852,0.13439664747297236,-0.7160704396329094,-0.5573763082003034,-0.252137237061161,-0.03631273770436347,0.22794310006203067,0.17260789048367248,0.3482335305956036,0.20778785357909094,-0.05302091310199178,0.41219679490432304,0.5394498500734466,0.15325478738428439,0.03522812967177636,0.22049033806883522,0.24137137236523656,0.21362372136891286,1.1401870128434364,0.848933429214839
ROI_050,0.5384089914453926,0.19321217217003314,0.057220969596929155,0.1633867528862555,0.16379449492199671,0.1353711065918594,0.6858019761423979,0.023427575074480813,0.04800963690539667,0.12688616768161548,0.08308397756363975,0.20709906813785084,0.10746770802937516,-0.103859452372499,-0.10332860952095493,0.31538233643163893,0.27364865303119684,0.09327806065075277,0.07451059436808563,0.27158286050752695,-0.05711469411790123,0.35994066936472485,0.1798658083478649,0.3297122595345788,0.35174587422482984,0.1806420522998006,0.5396392751908435,0.27961491951708445,0.09336210155195124,0.177133846456218,0.13286165343462186,0.38400139493518043,0.23080029429135349,0.17923136626268443,0.03657588030156532,0.49035222503868453,0.41881867258999045,0.6705988814290823,0.2892439151374907,0.6780696355404571,0.5570203893198461,0.5114400418320327,0.12644600567791384,0.562850617061052,-0.013501260449478147,0.46959633605751167,0.30568284670922136,0.43800767442500427,0.9206851581997186,7.254328619247669,0.21860364130338378,0.08743723546258254,0.1868691787695842,0.13353744544335672,0.0213652795812014,-0.07300091858377189,-0.025669502388460646,-0.022832218727627203,-0.04151861793621921,0.03198049064065081,0.1398681849630951,0.010964005733800613,0.07222640526956478,-0.045991180673309914,0.05139336632045011,-0.10699166819227462,0.4319885683433903,0.038141152231935496,0.07698994604616109,0.07365227033105068,0.07400603959381846,-0.06722784963911574,0.04100313925891119,0.37581880115910277,0.14278919954899316,0.2461570979096462,0.24048695943558568,0.171655500813598,-0.016378806643304253,0.3201714205922744,0.02483580890948136,0.14106747092754254,-0.3461020169539231,-0.2805594819217946,-0.23980144957969876,-0.11012776215791192,0.32222032220259195,0.20660562320715936,0.3113693138744313,0.48580626172149677,-0.051619941635336265,0.2999596157098191,0.31669840129118343,0.2709560675023547,-0.011034937259644289,0.3754415871851845,0.5918771947059083,0.1078319639247703,0.6428786379114779,1.518958343651199
ROI_051,0.4343970010820683,0.7203791803881513,0.4796371057675421,0.606829027794148,0.5542548751584121,0.48837590261399894,0.4534062030962138,0.4540121129626853,0.49484717421990293,0.6038165893593223,0.3650128308004377,0.5611478752328013,0.3986647308659398,0.27685853798671833,0.33411305030367583,0.7514544424293381,0.5000095470891712,0.49645635384240056,0.38877656822107826,0.6754245787213201,0.4295103235545082,0.4065586307840984,0.3350694924936951,0.5823478704103034,0.664300480725289,0.22340347923265436,0.38923739404989666,0.7312606336041249,0.505328985794614,0.539130785396211,0.39075085209953986,0.2627017610294468,0.1786005729918943,0.6681552184709528,0.1529718870142838,0.6151555249233546,0.5697352832617317,0.5059126701941243,0.34826380902782045,0.3856912302207182,0.48715587156169854,0.16782245479588803,-0.25134651552558107,0.3666346115369765,-0.0007219260244925231,-0.11862303470006502,-0.006684740448945171,-0.1442453249787267,0.35871874745494814,0.21860364130338383,7.254328619247669,0.6702443912148665,0.806783988603231,0.6204089955263216,0.5081975400500798,0.4365033195195431,0.5152646807596983,0.5078824322818459,0.6414365398801093,0.5420560801197488,0.5526382089573005,0.3935133744877898,0.5047019837826958,0.45594400712997407,0.6223178681564079,0.2645618115554642,0.6740625053207717,0.4050246531797685,0.6783186881451101,0.6294845610263762,0.5868033012895089,0.48745711229722144,0.4792457472070331,0.705670481594189,0.5904123291813972,0.8618855304529447,0.6627316314103326,0.6688109405421653,0.2662343582485927,0.4032938274291504,0.7836653725817325,0.7649866165405349,0.017374461349049707,-0.021557378891006233,0.5124200375728946,0.5186494838953278,0.7063330619970591,0.6528437882360951,0.7084188204028339,0.5782100653710275,0.663196954136017,0.9628454133739044,0.792056850307271,0.7587828918744247,0.5743508928695376,0.488016915194144,0.00971681506481768,0.628980032104883,0.5791329448525211,0.26666454194890166
ROI_052,-0.01954074840324878,1.8823321530017005,1.4290435632085121,1.8410320886732603,1.5860826597749118,1.4560362548190564,0.7619098677203477,1.5455667566014644,1.6821172870014698,1.4459151024765204,1.364434718911875,1.707386172855508,1.4611427430387647,1.074250675996192,1.190495623724581,1.5588830800277231,1.380091171451192,1.55144576377533,1.36051558232436,1.7228647001283375,1.3409135161290042,1.0639321991050354,0.920542879794207,1.1743200120637098,0.759335420093913,0.6900416849866563,0.709904588991425,0.9563024900822865,1.508257494777794,1.258927983286553,0.13375301331396275,-0.3157838905669372,-0.2254249147132715,1.5138072143838792,-0.020969278683763283,0.6810199591080833,0.36821690818091773,0.22750739832081995,0.7394232957483379,0.5578501519805472,0.4639801431141294,0.01657194975220254,-0.532975328446873,0.0649697613950465,-0.5140226326364293,-0.48270946743750587,-0.3268159970450899,-0.3764595974773412,0.4431536681094259,0.08743723546258254,0.6702443912148665,7.254328619247669,1.9326873979149257,1.9601285415781,1.6195730811916598,1.3476483239331407,1.8602221453200474,1.773930183506532,1.6205267596720627,1.8191916682557518,1.7355086278064413,1.4480751149596836,1.7541740173043727,1.4491032223316618,1.7545739275247731,1.0806318321646258,1.1679702966235854,1.449096844925315,1.8224209870670276,1.9027751225395524,1.7163865587095863,1.1974516890528863,1.4088576326829125,1.5354705947456455,1.7279170992954178,1.1049913902058364,1.6940131606901458,1.350154124037618,-0.3090346208931341,-0.22350783635655563,0.886965183081491,0.7524604302633762,-0.5358133647948394,-0.2553297542897745,0.5382737770997338,0.5866491538258763,0.589330161393764,0.468041941477727,0.9549374250702155,0.3248444925625714,0.20183841581437137,0.8962771206574398,1.1979102399071468,0.2105321751943889,0.49978773181328606,0.15292850086943902,-0.3537112372071051,0.9549341972869668,0.8111974702310084,0.12633049916894035
ROI_053,0.11460034098151961,2.2267915439754105,1.3813522099223279,1.9619613101100433,1.626879171613247,1.347937145036064,0.8897349835236309,1.4304166921600663,1.5253825549825606,1.5427256765553636,1.2724638527197565,1.681013604210603,1.325125804622551,0.9293477379493641,0.9993216151455947,1.878629713646527,1.3875003862835917,1.4631095981589795,1.2060047931718074,1.9277302944763925,1.2370284326250132,1.0609996030089928,0.8607936876546751,1.2916415526524785,0.9337705844697561,0.7152256536651915,0.7637864350591785,1.0559069780636228,1.3762505320625045,1.175024224043905,0.20914452582749182,-0.1699292773407825,-0.062096889705239966,1.5907885572798772,0.058715808628209264,0.8134444410036401,0.4553340680931524,0.3463669833606414,0.7426689613755723,0.6293603131109367,0.5673142135887744,0.059362057904921925,-0.49489828069324876,0.186279651651183,-0.3923351120368323,-0.4385008071569436,-0.23325307903489556,-0.29617710093093025,0.5741758261910513,0.1868691787695842,0.8067839886032312,1.932687397914927,7.254328619247669,1.9038885455499333,1.4105594662611316,1.1183155603929036,1.5691919854859,1.5112480620250093,1.3847591218724014,1.430732363272581,1.5911851283494531,1.2236995919679738,1.5121902185130451,1.2267071629983761,1.5876611183707068,0.8841378383504883,1.264380581366048,1.2334450507713561,1.7428705084072007,1.71548040314535,1.5631349607334486,0.977613393124544,1.1321999500983757,1.471665813996269,1.5536116210912203,1.1620320285914414,1.7835681840534074,1.2837128713868833,-0.22077859419888926,-0.09089873767641034,0.9465371666872263,0.8504056186412989,-0.46514432222220353,-0.24853131884801402,0.49687434637010075,0.55335457108563,0.6781108136409358,0.4996415047742522,1.0726090148467378,0.3961742343289318,0.29560266147468606,0.9143899407570908,1.2675592272663454,0.28537700752673845,0.471601812142829,0.24808408270556803,-0.33184856770731025,0.9000730302987169,0.9326282037274081,0.2715268508683769
ROI_054,-0.016764491191819,1.9131508421922727,1.4403326393296711,2.624829978215883,2.293015620731616,1.8010377245170857,0.9300275378929248,1.7929551321133608,1.9349301981840867,1.359373615228322,1.511887234856219,1.6382800875433952,1.6875222456991514,1.2381745551549088,1.3636685195681073,1.5504458698139774,1.553854481196999,1.6623135575201564,1.5809839251437285,1.742860626592115,1.480183373466635,1.2190817509009757,1.0224601569471587,1.2595496185267963,0.7218665018644851,0.7074345075459355,0.6603692432670527,0.860482125022453,1.4560912196267746,1.3488099644163312,0.08607498727175063,-0.338542264245777,-0.24484025488293487,1.4268330009383179,-0.012671644030459991,0.583568141305524,0.2830303913008634,0.27846435809864883,0.8431900616140202,0.6444456612212794,0.4870664074909782,0.04613916845734564,-0.43411077162905204,0.07303931398261851,-0.5861891662866386,-0.3598984717399254,-0.24107685533945633,-0.2557102235205316,0.6149481294658027,0.13353744544335672,0.6204089955263214,1.9601285415781,1.9038885455499333,7.254328619247669,1.9949121635065818,1.443829299627675,1.975338922561209,1.959059567005234,1.3519596848044595,1.6515636330396495,1.4793748636779098,1.599603459884244,1.815903381112917,1.6699548213765003,1.8054969259030889,1.2195105618711166,1.191455723111191,1.652154015725485,1.5404480264044575,1.9131899100398353,1.726392781524684,1.1231968312533438,1.358200013506838,1.499369766467554,1.3997771712371554,0.929537243983504,1.5846628916739252,1.152240380367628,-0.39233186595507,-0.2551538087492703,0.7094078253261745,0.6044549740666262,-0.7034987430053598,-0.4112564279624336,0.3352632824662379,0.47681151931614596,0.4694294355784461,0.3738606789898522,0.7648562927682359,0.24962628398353812,0.13215619386014038,0.8016652015972985,1.133535561846916,0.12058483628018929,0.436108099623375,0.08796281663657088,-0.3121585660048507,0.807918535988544,0.9340691942441117,0.18285482370686035
ROI_055,-0.1342044035411353,1.444849212465438,1.4795284107725961,1.8147450118352562,2.0556062250040252,2.087257841310227,0.836604791094325,1.863405311550139,2.022470406928731,1.2173442029532373,1.5100591266940384,1.3726993583920095,1.6928934650791276,1.5046329236170084,1.7174592187515434,1.2175013018430194,1.4932655422258359,1.6280984949404145,1.7033387938618962,1.389540578432403,1.6587268731600315,1.1434514564315574,1.027286761220479,1.0758297150273204,0.5789071342604379,0.6759986978268143,0.587654506411708,0.6992564570038219,1.331692383491753,1.1930177543237612,0.011438449220816244,-0.4283958407130498,-0.32764274733211074,1.2194432539605489,0.021379499953593013,0.4140861428909302,0.18560863193956528,0.2303880475015807,0.8401228963507883,0.5408304996535593,0.3969418378490605,0.03673278134527503,-0.3559191794744905,-0.04202216062876995,-0.6283813506143001,-0.31320809114995335,-0.21974910043587947,-0.21255542860191368,0.5161624380136645,0.0213652795812014,0.5081975400500798,1.6195730811916598,1.4105594662611316,1.9949121635065834,7.254328619247669,1.7119163634642063,1.948842804819504,2.192868947307587,1.2877228736607333,1.5183523558930638,1.2169632436250575,1.7347479565639945,1.777991672326309,2.1428267783375876,1.7339732959031562,1.5374688192788375,1.0537145734656541,1.7752750028040838,1.3331925182665336,1.6444608147746034,1.665977641208239,1.1742670611996129,1.448897247306075,1.2553982806889272,1.203355016524274,0.7218034237970733,1.3228866255369922,0.9531516696606415,-0.45871946641338607,-0.33232604129788074,0.6155350111800791,0.49592538026738586,-0.7062537540504701,-0.3768626829914143,0.2993294359620605,0.5122418542705245,0.3490256771466379,0.29486907908472965,0.6252134834372207,0.15636593279611247,0.0793462366042037,0.7346859690836988,0.986900078716152,0.03615496107052613,0.41108637153244454,-0.006908216312691086,-0.2812126412384162,0.7709721915554935,0.844646944855813,0.06001714075381366
ROI_056,-0.2803375022746248,1.0670653941740222,1.3289134359820935,1.299801816644415,1.4204502385536393,1.6872527242325102,0.6385583843438293,1.7647997955291888,1.8246493743283767,0.9902731265817969,1.2597016514418395,1.0887828967424267,1.4442274769214591,1.729971891249731,1.8905243115696615,0.9127016199955594,1.1465257785263017,1.5233324257383536,1.4831063082947313,1.0633721996336734,1.6565791072957812,0.924533111304092,1.0026999479804803,0.7809740413175533,0.42078654021417133,0.6935338062642845,0.48803789850860135,0.5270502663328662,1.0609202499753454,0.9024060380256289,-0.17203195440328733,-0.47463904101298254,-0.4357814840446965,0.9812414541449277,0.05572633620397085,0.26830540924551466,0.004723239118106564,0.15392539022043636,0.6547637059064332,0.3521875655619532,0.1606717618119491,-0.13844925291523694,-0.35046612016597667,-0.28222081259787996,-0.6699166261249417,-0.3647417532136011,-0.3000022760099361,-0.1505453982266412,0.40238793465622624,-0.07300091858377189,0.4365033195195431,1.34764832393314,1.1183155603929038,1.4438292996276756,1.7119163634642063,7.254328619247669,1.7735474172955275,1.9469223281844878,1.2736886748709866,1.4897326344771329,1.1435537233350215,1.642366085100287,1.6769320924353615,2.035693232035459,1.5742380412173436,1.8635560937563411,1.0050525826350796,1.7147757667109784,1.0949619336899665,1.3744623002642262,1.5698944777079125,1.0628308882435185,1.408279210523628,1.0541319408869416,1.1102545402674295,0.6437241785765518,1.0258157712932552,0.7846029095804679,-0.5577889153394122,-0.3647919365705769,0.46768184742558894,0.37707430213681564,-0.6102342227250305,-0.2211107156407644,0.31795861342399256,0.45441614449341544,0.23145522469965105,0.12253155595707461,0.48462470319940404,0.025813547315605413,0.08983422139815037,0.5703825371244733,0.6797268782170335,-0.04705739881219771,0.2427904808235388,-0.13743597379724226,-0.30955108132912246,0.7913460475534935,0.7869243473968159,-0.01952312667901319
ROI_057,-0.16779773853683835,1.4780649223125977,1.6089657327901588,1.8354668863657913,1.7149196230362322,1.7642576672795307,0.7457381568987581,2.1930576355859177,2.232285330826937,1.262341183113838,1.5525784226770398,1.4360621002913616,1.646775061766139,1.458308959132986,1.5596585556098976,1.2146309520747,1.3000711432927334,1.7687427955003783,1.5885826483003296,1.414936161778786,1.695349613014528,1.0163530393975393,0.9880856301073491,0.9728104592262613,0.6351597872346298,0.7830693933785223,0.6156966107732099,0.7284399250902787,1.3659719624772415,1.1165575707634268,-0.021107644797884458,-0.41670591459260703,-0.3353130605146596,1.2457994562875656,0.029882330806327698,0.4598133174870892,0.13854055350050082,0.19282173752756032,0.7573020882838483,0.44553945326033323,0.2695617238663887,-0.04894556071755795,-0.43389083400198264,-0.10605102366778402,-0.584945319498139,-0.4671470188043991,-0.3620684244253945,-0.31085131960489926,0.44277965490587945,-0.025669502388460646,0.5152646807596983,1.860222145320045,1.5691919854859007,1.975338922561209,1.948842804819501,1.7735474172955275,7.254328619247669,2.4883339037460237,1.4836878601530528,1.7955805003241774,1.505008229022262,1.7176939085734546,2.0291372094318234,1.9021424916860974,1.8282379828684197,1.424313161742995,1.078219375840152,1.7772945281284338,1.4151173291986363,1.7524846003888819,1.7848454884972293,1.1261920934130911,1.3928368800746267,1.2711021499455795,1.4507424770736663,0.845058188703348,1.3214900962879996,1.07447265493629,-0.4361365989971052,-0.3254792014856325,0.6125848693020447,0.5065365672940851,-0.5905587169424725,-0.25533179684992946,0.4097788468480223,0.4255927230659448,0.34979225214559506,0.25536516975430357,0.6757283813739587,0.09460762825777322,0.1501516506760887,0.7038090630522311,0.9107084113639793,0.047899773585556714,0.3051231866106794,-0.004991484433628352,-0.4149915260205743,0.7976487139911734,0.8027899680742288,0.03393443419153451
ROI_058,-0.18216451971355951,1.467641900629277,1.7280585640632662,1.8052057611738161,1.8681318416073385,1.9301512223532435,0.7479437266922944,2.3333724519327035,2.4199135072360516,1.311749864456142,1.6381400182076067,1.4567275091451755,1.819146260341119,1.6202020206345509,1.7460291064917342,1.2261007859701871,1.427780841388364,1.9096961031346937,1.7403355688132793,1.4235284096121092,1.8081503136956842,1.087204419901492,1.057243093805331,1.0225128560439414,0.6088180038244183,0.763313560174822,0.6027235387290637,0.6969574852446425,1.3257261401732798,1.0890820124011327,-0.025259673330847287,-0.42108412693692254,-0.3134171182664553,1.2891163505727252,0.06426493873432952,0.4484068240065933,0.14846063702473863,0.19575253137351553,0.7716526589175136,0.4653182521978844,0.32539619085181587,-0.07225504591793336,-0.4083058759546411,-0.1247395567913809,-0.5980000057992253,-0.4527067331208177,-0.2870082593889683,-0.24028793024355574,0.4421365057701426,-0.02283221872762721,0.5078824322818459,1.773930183506532,1.5112480620250097,1.959059567005234,2.192868947307587,1.9469223281844892,2.4883339037460237,7.254328619247669,1.463114207870783,1.7277218304372748,1.41111431826607,1.8708083438223495,2.002410440314598,2.166382884011164,1.8362286285484861,1.5854894763745502,1.092831846822442,1.8578433989469134,1.4402406964560674,1.811158620400711,1.8101441054599325,1.1242398983638804,1.465689566130312,1.2459992241165403,1.3534514230482122,0.7594115962682148,1.3598588912064844,0.9806965800941841,-0.4669248058760092,-0.3375775751960024,0.6473750721857076,0.5546876106090468,-0.6051750311795671,-0.2513454228466902,0.37656001386760507,0.5092397323567227,0.3713678890632766,0.24995820956932785,0.6933772727675982,0.1369047645531087,0.12163515220944418,0.6725576893507936,0.8930585679587797,0.017614819282051882,0.3323430103579146,-0.02611371749906675,-0.3814543458661452,0.8434237944835087,0.79687809490381,0.045613833838397656
ROI_059,-0.13876175331635815,1.2838178696788778,1.2939358632105125,1.2428712049236044,1.1474232827528013,1.1961837359229326,0.5153257515143443,1.2294708694936576,1.327474589464466,1.2197703869634546,1.1561490651771948,1.2513858632842456,1.1680819015662567,0.9940262643657864,1.1525834721282224,1.1236663793499813,1.0516673866750157,1.2179885909886692,1.1143157824087937,1.2657809281467214,1.2175010001231685,0.802146405388113,0.8220136755288872,0.8496360323738595,0.5790284417669854,0.5351581541358339,0.6284255828616947,0.8217590221080637,1.3587146472948544,1.0158674774212724,0.05124897579247708,-0.33795481648677084,-0.2963430334140241,1.1955450127621476,-0.027071638219909648,0.5293335095435553,0.36576939819693194,0.10292845458961118,0.47484639040428595,0.31010053242741675,0.30432776604471273,-0.18115364645334642,-0.6519533450464888,-0.04234304696704962,-0.5170210385879938,-0.47332434771140797,-0.3663255446835143,-0.34774067159191036,0.2737058946264239,-0.04151861793621921,0.6414365398801093,1.6205267596720627,1.3847591218724014,1.35195968480446,1.2877228736607333,1.273688674870987,1.4836878601530528,1.463114207870783,7.254328619247669,1.81253125994561,1.5671071499119635,1.3767200099947607,1.5156215385549456,1.3293546153470528,1.5066018708593798,1.063263588833856,1.0686662296909875,1.3076906411502967,1.555636764788542,1.536249160406055,1.47797012241303,1.2297188776799546,1.3241204872029204,1.2975645494398635,1.4974391409001555,1.1034307008543374,1.3198502897278734,1.1706519194041234,-0.28084024428715076,-0.1585628227100068,0.8890094498010058,0.7118825762317276,-0.38396537098214906,-0.09885122842511088,0.7346276491387376,0.6810713266146367,0.5430002665128404,0.40905442367810935,0.8498029785350699,0.29844543647193716,0.24198269490226906,0.8495254385041158,0.9735033197858022,0.20657193180541508,0.5039384856425948,0.11901754446967663,-0.3027168417471986,1.1532423065621995,0.6813191491897973,0.004023507701464834
ROI_060,-0.17943051579932404,1.3488736901379639,1.3475902998177205,1.472593224315106,1.3940713191086387,1.4526614541890346,0.6380263348217643,1.4436336650852937,1.5986165223273912,1.1659058342261672,1.3275506969682165,1.4132780988284683,1.4694349099672994,1.1563272211277835,1.3730592664896375,1.1367146931651335,1.2658317113361324,1.395168882091538,1.3577465197394594,1.318526397770621,1.3508742756054792,1.012830484089135,0.9081363579934454,0.9305615720269382,0.5421156223552592,0.6395636998512783,0.6534619628347398,0.7840398844146458,1.4026561608870713,1.1537221910717914,-0.04320818170157635,-0.47154557295795774,-0.4106918352130717,1.1873773549509652,-0.1071467797848832,0.45665455396411875,0.23487363747983683,0.12808915988634684,0.6118949754124476,0.4090235724118964,0.2894093949627384,-0.12798796620040723,-0.6159628753471535,-0.0772479308547994,-0.720827926604872,-0.43487374722652855,-0.4365354314586278,-0.3490954507200392,0.41345077974984884,0.03198049064065081,0.5420560801197488,1.819191668255753,1.4307323632725817,1.6515636330396504,1.5183523558930632,1.4897326344771329,1.7955805003241785,1.7277218304372737,1.81253125994561,7.254328619247669,1.795143408146579,1.8851088790777348,1.998767511899979,1.6362221195915367,1.6209376871941115,1.2952689113234925,1.158080106899405,1.7455152851005782,1.552692505650944,1.6878364787106028,1.6704850994782159,1.4162487132955393,1.6182946410357897,1.4400939154944126,1.71646265484982,1.045123672246433,1.3382537006847752,1.2057294327871881,-0.4552626196958966,-0.26690194139804974,0.6988360476365265,0.5528421578806216,-0.6204672818631795,-0.2471354632365942,0.5205820157779398,0.5408064318142256,0.39234351923889427,0.32428247488516304,0.7127979427739163,0.22978873262612443,0.13211521709308283,0.7953550090580198,0.9893130994531802,0.09918656414747949,0.3967229713498902,0.004107302197813037,-0.31720027325976097,1.0202369368847073,0.769772492229881,0.057748578466902886
ROI_061,-0.0525991435090874,1.4917381619916112,1.3440759181062216,1.417427174242463,1.2570558534573872,1.237246500021087,0.6904569098232486,1.3002584471979912,1.4091887899528805,1.3114837741491336,1.2645062975874464,1.5679403380600745,1.3447536622253982,0.9076768374860403,1.0340223451189356,1.2876924034795414,1.2064228248334903,1.302373202419048,1.1194689618996168,1.4448288289608768,1.1897589754268325,0.9651018084792239,0.7942437491563443,0.9851774599074914,0.7195463838855582,0.6916178528490345,0.7983090633157501,0.9536340785862505,1.4168408812028612,1.1190548916407814,0.052533102181584676,-0.38202583224477255,-0.23923279331694053,1.2308889217410275,-0.10137960921421267,0.6560605513281054,0.34153994176072044,0.15026081390913598,0.5490563525009295,0.4332908876119557,0.34551828673890866,-0.09203077471652749,-0.708889651241261,0.05558882516484762,-0.5556880813495303,-0.4824392300146001,-0.4585972407843029,-0.37315540986796697,0.45878291332396864,0.1398681849630951,0.5526382089573005,1.7355086278064424,1.5911851283494538,1.4793748636779103,1.216963243625058,1.1435537233350215,1.505008229022262,1.41111431826607,1.5671071499119635,1.795143408146579,7.254328619247669,1.4381631209829226,1.639440897166172,1.1805022745364224,1.4064353292860847,0.9427105651292239,1.1571317632129632,1.3455006022920806,1.572360652637956,1.4854757039333664,1.487101546576838,1.1225497784929146,1.192842632866697,1.3487939479306918,2.0438733518248737,1.2089039491811902,1.4493934240056632,1.3522212621258258,-0.3765757553527013,-0.23204085317736284,0.7737693343997833,0.6417402422301166,-0.5421986071418863,-0.19695193712094664,0.5709675584681647,0.4753750625715961,0.5114377991385219,0.38825961839083584,0.9075380831894789,0.28034724534476724,0.1519985323954307,0.7311451872140486,0.9716366750378723,0.12122643239773148,0.3394207523840965,0.1494003074706036,-0.34496263255772686,1.0002369308274595,0.7813931389829231,0.1891822703181151
ROI_062,-0.27559388823779496,1.2036935687474952,1.3997300709117215,1.4241375134046792,1.5457752410347154,1.6866607602988386,0.6413873257147923,1.5509973154793606,1.7508469082607843,1.0597205122625726,1.4163963162911202,1.2917159404517444,1.7239686605729476,1.3840692280570397,1.6672584046931005,1.0025667785849528,1.3788727348025467,1.4209712478378773,1.546748168962947,1.1577556075733322,1.5009226365583854,1.0855582001006046,0.939588590169676,0.9079232360115559,0.4473100566914266,0.6587662724865977,0.6295670145552341,0.6220987235091695,1.260415037864512,1.0804457836096975,-0.14391310962247253,-0.5865258167803751,-0.49431113802030924,1.0532130133713888,-0.11139680509174435,0.3295536956189264,0.12190731662821624,0.1104967554722846,0.6563241786146667,0.40922067915372556,0.2671268655400344,-0.14894894455262717,-0.5359733645138669,-0.16003173982895588,-0.8410070549678194,-0.36814147327944075,-0.3863855754358229,-0.2637280254107112,0.450174822076009,0.010964005733800613,0.3935133744877898,1.4480751149596836,1.2236995919679738,1.599603459884244,1.7347479565639936,1.6423660851002864,1.7176939085734546,1.870808343822352,1.3767200099947607,1.8851088790777337,1.4381631209829226,7.254328619247669,2.0205614268781087,1.9512439238414179,1.4813977580643714,1.5967750841524049,1.051692027779521,2.23279077933693,1.3561200788832604,1.5346942656961409,1.5564937829221708,1.4128317016987701,1.6250464518479917,1.2252807999904656,1.3972739313289497,0.779482835347673,1.1920156103451272,0.9626133393125715,-0.5995823568334767,-0.3484253946416079,0.5645109221818847,0.42628845121340725,-0.7704505537318751,-0.34248917305970117,0.3554259264173991,0.48455263668416887,0.26496460986947923,0.20497825279123172,0.5660392809412759,0.14107041526084968,0.01007967312394126,0.6561876593267992,0.8585576332024186,-0.08205369227157092,0.3139355827675381,-0.1124437727469881,-0.3023683209653712,0.9101886913266196,0.7588713343469183,0.05054183694306967
ROI_063,-0.1531562798582881,1.409209414672709,1.5562649425699513,1.6428018871401258,1.6551977764552932,1.8218554534691804,0.761932754398843,1.7740034073978164,2.043166764244205,1.2514229717974246,1.5107301767416617,1.5184858630457532,1.7339653290295145,1.3552573409457216,1.5432928739746221,1.213569504261171,1.4705067481179248,1.6702915120430417,1.599089195820972,1.4045387526914723,1.6273679346765904,1.1371048437076783,1.007632406390595,1.0131181879588584,0.6047207367750845,0.7867298090274033,0.7214313238669837,0.7496542429472379,1.391580862770106,1.1482532625237214,-0.06802623860730728,-0.4168305490931756,-0.3451094847328663,1.250715789409469,-0.026020484921012672,0.4626480318357392,0.1858755601915571,0.2360867566903894,0.7442261113123347,0.49826263209562827,0.3220703328202192,-0.05850213416066058,-0.4822665158143183,-0.08016662351014688,-0.6827805582441021,-0.3954087076122649,-0.357425479946619,-0.2560429224616813,0.5132473694265378,0.07222640526956478,0.5047019837826957,1.7541740173043718,1.5121902185130451,1.815903381112917,1.7779916723263078,1.6769320924353623,2.0291372094318234,2.002410440314598,1.5156215385549456,1.9987675118999806,1.639440897166172,2.0205614268781087,7.254328619247669,1.8711466903633174,1.7687139314900433,1.4403937478332116,1.2194155314546247,2.008830728987817,1.5082834670194039,1.75063999948788,1.8238493337841661,1.2532543649374535,1.6040132890284742,1.412148157092535,1.622880202142534,0.9420241583830532,1.3852290135198995,1.0987327790247643,-0.5104023671654654,-0.254490812849313,0.6291203458466993,0.5122480129500728,-0.6715498977115462,-0.2966060684997681,0.4110636606026313,0.47815754032594543,0.35875803864238204,0.2600092839191645,0.7039011913560924,0.18164068218532714,0.09414904078948286,0.7402333456011487,0.9609770043426139,0.046670399187738805,0.31501806374838104,-0.004998324860365811,-0.3218352795652587,0.9369901557021894,0.9172821339802941,0.1262700807076031
ROI_064,-0.25181534403320965,1.200519311312539,1.42989493314634,1.5023176740667983,1.7008225424784427,1.8953766664185572,0.7010784012120048,1.783491709279754,1.9530726366288316,1.0918779765638218,1.4345688168046733,1.2478348974648765,1.6976678005131467,1.7703239970851679,2.148204692512452,1.0120433893881657,1.3621974114600455,1.6119573084040366,1.8230209276903893,1.1827714017172586,1.7289449304132205,1.057727693550977,1.1004293065692088,0.9309882191101263,0.4660245011333991,0.6896993592031758,0.5604290532325741,0.5761458035544195,1.1416776135010422,1.0768000999813132,-0.11734147026042759,-0.4817711057904566,-0.433948570093009,1.106887243705398,0.010549799280737335,0.29629673793167555,0.08785254929101499,0.20733021161777082,0.7762931418678792,0.4467752240727854,0.28373805269580094,-0.07756208195737786,-0.3598427801211345,-0.18759621074188917,-0.7108735519112392,-0.3419671967707667,-0.27073363806081685,-0.1911601024771046,0.4424754360972322,-0.04599118067330991,0.45594400712997407,1.4491032223316618,1.226707162998376,1.6699548213764988,2.1428267783375876,2.035693232035461,1.9021424916860974,2.166382884011166,1.3293546153470532,1.6362221195915374,1.1805022745364229,1.9512439238414179,1.8711466903633174,7.254328619247669,1.744130997658667,2.016442236110779,1.0299118508245437,2.07922467776709,1.2721423844640907,1.6509027407544825,1.6897391145892937,1.213480233669133,1.6435258145598257,1.1744982072373484,1.1883087593789678,0.6685889602395875,1.1443604984601115,0.8862221329268413,-0.5502587022187644,-0.3381064556412454,0.5291464603350151,0.42055587236076036,-0.6984044464773466,-0.34076421047979866,0.3017913400154475,0.4900694295243926,0.2668151250677219,0.183423977267643,0.5350798342361524,0.10123047338873642,0.072681362224192,0.6568937403852357,0.8499009321170733,-0.03582205444354637,0.3179257439731591,-0.12438291363018605,-0.3074351715406025,0.8188762493675185,0.7931436435772589,0.002300777239393674
ROI_065,-0.07269081149130872,1.5734085657412533,1.467351478076213,1.667046934529865,1.7016187393997169,1.655952235064562,0.8058761365998943,1.7191573544116854,1.863775239007289,1.4056797951762234,1.3806223660988841,1.5107325171844048,1.5977065532804222,1.3563437877162625,1.5120118477325182,1.323395168976141,1.3460425275240286,1.7853490551716003,1.5760106125520152,1.5714777463777778,1.7988160929532868,1.0542863421707127,1.0973437376986699,1.0754949156612355,0.7018290909133879,0.7187435890277055,0.7270007271677121,0.8344468992674983,1.3187988484393693,1.2684009621082206,0.10321929618402817,-0.29186193721771214,-0.21247775009700273,1.3737582150675263,0.06897971238060507,0.5315685736677245,0.285826496838226,0.29222862182849146,0.7735912308200885,0.5496613317973675,0.4077256824019463,0.013713788671820779,-0.38780801969079765,0.014233284448727016,-0.46671213627017705,-0.3492752433137879,-0.2425688155799853,-0.23167827786688716,0.5012284628345011,0.05139336632045011,0.6223178681564079,1.7545739275247751,1.5876611183707068,1.8054969259030889,1.7339732959031553,1.5742380412173442,1.8282379828684197,1.8362286285484872,1.5066018708593798,1.6209376871941121,1.4064353292860847,1.4813977580643718,1.7687139314900422,1.7441309976586659,7.254328619247669,1.3497393042789705,1.118227746598019,1.6294832869521212,1.510110893978558,1.937657700790976,2.0082671288521925,1.0607171856829252,1.3568697842907596,1.3155247211410106,1.3473235686682907,0.8808514812301748,1.414506157527744,1.1608256290863097,-0.34349775397658067,-0.23350378707633426,0.6934477295630694,0.5856139457622036,-0.536957881666065,-0.3148891160372704,0.4433918999028516,0.5210328523702957,0.4666174493858637,0.3457046174880638,0.78285950333719,0.1953378782988116,0.19049410332627711,0.7415985820285448,1.0147763734592352,0.14165166520681172,0.39564817868756136,0.11621573209998937,-0.284389067228833,0.8819456621566036,0.887887247665734,0.10458079729474973
ROI_066,-0.3932594014359452,0.8848022938408765,1.2153507655766742,1.1310104923895161,1.3006860835788228,1.5222076376199374,0.5890952111344603,1.4922838385531463,1.511265701004081,0.8808495018042054,1.2779147574811465,0.9877008558780461,1.4621023319218256,2.067994005810067,2.423509046035108,0.7519812432554615,1.1211032370936047,1.3695715885373998,1.6074993655253342,0.915369283025889,1.543040970195988,0.9657246595405374,1.145495369731083,0.7371731619910402,0.3187866094382283,0.6618949508486975,0.46655852602979847,0.4203291067555837,0.9419678573259109,0.9134793075712533,-0.23228123960213254,-0.585515613397094,-0.5041500476077719,0.877827030019373,0.04629077586054702,0.14409651440699325,-0.050876972815570035,0.1298719032132893,0.6952844964157721,0.35921874223833294,0.15979333246853908,-0.13012019891454346,-0.2621871914611527,-0.3304548146330657,-0.747035045775537,-0.29141593549004247,-0.2527056331886927,-0.08212957627184637,0.3733318222429002,-0.10699166819227462,0.26456181155546415,1.0806318321646258,0.8841378383504883,1.2195105618711166,1.5374688192788375,1.8635560937563422,1.424313161742995,1.5854894763745493,1.063263588833856,1.2952689113234925,0.9427105651292241,1.5967750841524049,1.4403937478332116,2.0164422361107777,1.3497393042789705,7.254328619247669,0.8152337172969721,1.6599447263167637,0.9494219354008469,1.2485831087141477,1.3174232648997093,0.997932227224316,1.4240795042245902,0.8925929811675531,0.9173676960407663,0.4595030910369993,0.8724162232728374,0.7023700368782005,-0.6830928581770261,-0.4854084898486809,0.3342395311222602,0.24829747379196707,-0.7325469958128088,-0.3055101545085628,0.1933241948782001,0.3787769410406703,0.104455489279847,0.0456413054035103,0.36331042390576496,-0.06257591408113186,-0.05672235317804981,0.4336607911294305,0.5890909819842828,-0.1932219654275031,0.19073776908208537,-0.2608490762376592,-0.28967536753305795,0.6906658950064114,0.6528770919218889,-0.07706474900417126
ROI_067,0.11426941540964117,1.140783500652023,1.0317127818261518,1.1493383918553206,1.1535891101456957,1.18106058980031,0.967800565966587,1.0588121696471056,1.0846348871058706,1.0343656161761448,1.022761598165308,1.1163359906062231,1.0554680587532776,0.8099140154199382,0.8447743733021683,1.1652817795575736,1.1863140346352752,1.0948295594780044,0.9743844837098697,1.1880433319639638,0.8901520230197547,0.979200075682342,0.8708610686916358,0.9979908880580951,0.7156483735283851,0.6383420753594606,0.733746644023311,0.7174686509496655,0.9691656270887608,0.8074724615234589,-0.005192963992955246,-0.08885713821326965,-0.16024615039171536,1.0362271182609233,0.09541519021491524,0.5180567288709259,0.3018833764983143,0.4472887961476341,0.5404087343241246,0.5702101559482265,0.4847664133051454,0.025707960879900495,-0.34174075243301044,0.055053650564235466,-0.5224987395551332,-0.20696730488325332,-0.10725720390056259,0.048412021960534395,0.7324681715807818,0.4319885683433903,0.6740625053207715,1.1679702966235854,1.2643805813660485,1.1914557231111906,1.0537145734656541,1.0050525826350796,1.0782193758401521,1.0928318468224418,1.0686662296909875,1.158080106899405,1.1571317632129632,1.051692027779521,1.2194155314546251,1.029911850824544,1.118227746598019,0.8152337172969721,7.254328619247669,1.0550478953497748,1.1057300934784415,1.188444827778741,1.1054221618395152,0.8214088341808744,1.053519522643151,1.5471556936152622,1.1874275298532622,0.9410889042982874,1.269734734310215,0.8196346620151569,-0.3295720385314132,0.043779306719640886,0.682227991812473,0.6869222409692534,-0.5517380701308855,-0.19162815874977443,0.3007564697330873,0.5054245616840375,0.5453706235004063,0.30841841955749205,0.8190884550306662,0.5217971705895157,0.2231404695994707,0.8832392338120446,0.9160212945726793,0.28009577232818084,0.2745711650985814,0.12316815075274598,-0.03176830495195963,1.0094319646380394,1.1876903893204598,0.45811710075626716
ROI_068,-0.2264534042762945,1.2225125688138572,1.3310806083366657,1.4895741734366819,1.6201239927537283,1.7182200216460717,0.7012553053979347,1.6381157445305499,1.8570843901440754,1.076727389134023,1.4299290759828365,1.314479899859266,1.8099713119232024,1.4819043598306036,1.7452406609016125,1.0350443084078502,1.418955797941139,1.5380968655352867,1.7564297005277814,1.1844344123615307,1.5691539642468226,1.1287914887961168,1.0503692757198624,0.9568883275937806,0.4832513545275656,0.7098494405402839,0.7032266652558455,0.6305784160977922,1.2211257016978907,1.1497153612437851,-0.1286130468831129,-0.4928207246924043,-0.4372144377217528,1.1118489016038149,-0.06973846754020982,0.36252536644664535,0.12039548458678975,0.20336544563643985,0.7710441487407466,0.48113265131849364,0.29146464587442505,-0.08070444183982439,-0.43689041151088454,-0.13060404151334015,-0.7408028240357629,-0.3136255061215009,-0.3230061512737574,-0.22346241954249804,0.49098219221752604,0.038141152231935496,0.40502465317976855,1.449096844925315,1.2334450507713561,1.652154015725485,1.7752750028040838,1.7147757667109784,1.777294528128435,1.8578433989469134,1.3076906411502967,1.7455152851005782,1.3455006022920806,2.232790779336928,2.008830728987817,2.0792246777670917,1.6294832869521212,1.6599447263167637,1.0550478953497748,7.254328619247669,1.3523319729589125,1.6137515389921808,1.6055861383993995,1.2886506439092744,1.6154238326933679,1.2662045960707682,1.376096045495605,0.7636696525350991,1.200303753624843,0.9743319166503277,-0.5635889743206819,-0.317555628230772,0.5193261998007378,0.39137658721776286,-0.7687945858457689,-0.3969627187697811,0.33038886379066046,0.4360813133276529,0.26479838858772875,0.20634984349945465,0.5709430712043164,0.11196062169560368,-0.0008607657137604827,0.6641320596710709,0.8828606157360873,-0.05652357161464516,0.29822784998350194,-0.08175862326029648,-0.26946589472449967,0.8666005528914444,0.8081601020876432,0.0880858036224878
ROI_069,-0.003012165283852184,1.7066018127766198,1.281072255714207,1.505268483720247,1.3739013187335636,1.1990510843483344,0.6386752636512036,1.2319708242618639,1.3931353532408635,1.4568847466151336,1.2256349613788582,1.608138689861144,1.3542471054628176,0.9235493272806493,1.0584946942283837,1.4392597648278465,1.3781819925507126,1.319628672412385,1.2242592931408574,1.506693873063461,1.196961511050354,1.0281975299737922,0.8882260387385977,1.2179719429117486,0.7421924746782023,0.6201577953750558,0.7796436835835772,1.0076121153855961,1.3144621666653762,1.2452135554567576,0.18277152943902011,-0.2811352441957916,-0.13674372524538747,1.5946334406061673,-0.020769230467985768,0.7224812325747256,0.48393921955263497,0.19782443454820672,0.6345241558426284,0.524320403664861,0.5698120547117443,-0.06083953549614707,-0.6198879636325871,0.1274729432242792,-0.4567152509132315,-0.47361369385546687,-0.27513819576438187,-0.3553137724688492,0.36774581661657,0.07698994604616109,0.6783186881451099,1.8224209870670276,1.7428705084072007,1.5404480264044575,1.3331925182665336,1.094961933689967,1.4151173291986363,1.440240696456067,1.555636764788542,1.5526925056509453,1.572360652637956,1.3561200788832604,1.5082834670194032,1.2721423844640911,1.510110893978558,0.9494219354008469,1.105730093478441,1.352331972958912,7.254328619247669,1.8700010829867244,1.4770265189527774,1.2484969726293735,1.396428952580815,1.3793489601442679,1.7188877462489676,1.1568169959624448,1.6703592358159332,1.362593268636183,-0.24835558512640793,-0.13460806034740216,1.1165961325433649,0.8897576390078971,-0.4487168154835852,-0.21835613052287375,0.6418581592839481,0.7377504426078009,0.6611063349621541,0.5591141538619223,1.0867506633747188,0.439063175617415,0.20349768183215364,0.8761904510457127,1.256437873416312,0.21658976176646833,0.5925705426045691,0.18253766734625196,-0.3380236920439616,1.1304874535147245,0.7060190451128785,0.14417708833557727
ROI_070,-0.053858962539890344,1.7696187586175463,1.5477236090548119,1.810688149437705,1.747220015560888,1.5250230034786727,0.775655193824456,1.605085570136831,1.725019911945979,1.592845492634396,1.55969919984003,1.7451373449937502,1.7594278187006591,1.2935603377334743,1.397609170643697,1.4902403672171154,1.5571138689086201,1.7770294076356161,1.688564820511858,1.6763091173226004,1.5044532942451398,1.1995562490129725,1.2203797506862488,1.3019567578663145,0.7673488713809393,0.7410828600867032,0.7425855016476149,0.8701601775707223,1.319343369070327,1.3466241543368223,0.12396244048147181,-0.29145041321442394,-0.20045765756271347,1.6988655170451072,0.06711545120827851,0.595747683637286,0.33995363111792415,0.2763125194113122,0.7816089418982969,0.598398170951989,0.5203818966916403,-0.025932426894606158,-0.4308120132764534,0.039809673506580295,-0.4962010417558025,-0.437685113564896,-0.20953610871675785,-0.23621288440662905,0.46808464040224007,0.07365227033105068,0.6294845610263762,1.9027751225395524,1.71548040314535,1.913189910039834,1.6444608147746034,1.3744623002642269,1.752484600388881,1.811158620400711,1.536249160406055,1.687836478710602,1.4854757039333657,1.5346942656961409,1.75063999948788,1.6509027407544825,1.937657700790976,1.2485831087141477,1.188444827778741,1.6137515389921808,1.870001082986723,7.254328619247669,1.660024719251463,1.1278278382079912,1.476985826745345,1.4147658977695983,1.4674726332286383,0.91535249256847,1.636216511471274,1.236986101195644,-0.33299946712333783,-0.22989707291855224,0.8290476204517739,0.7257171549412954,-0.5687825755343041,-0.3054601455846756,0.4467780763457836,0.5706576259343922,0.5305828358189174,0.40570121290009026,0.8935091631002401,0.29136414161821317,0.1300614403132803,0.7898726786404808,1.0791818105297628,0.13945657869318628,0.4596391940505937,0.08739202494037852,-0.3472384146144715,0.985372009488023,0.7842864729228188,0.12263205171538123
ROI_071,-0.08163981728301932,1.4775742995547818,1.482666956399945,1.6358910035605188,1.6484476129430932,1.6640591133649631,0.8080827982542675,1.6498184065191228,1.8491184023313816,1.2985800896683979,1.3208775774320163,1.4990092082410453,1.5525810600952012,1.2732835452425015,1.472369011995442,1.2718097269622168,1.3579954590100543,1.6487867236296696,1.5248922179413722,1.4989046179876655,1.786069629706096,1.059859651301151,0.9498528498703978,1.0215066365614531,0.6254801806721625,0.7152511872177666,0.738099974726647,0.777019931978343,1.3360302529229218,1.2055469299886512,0.0058897923616147724,-0.3617514785445415,-0.2465754638927237,1.2821783974733718,-0.03100865136846531,0.5297697082979179,0.28064387609243396,0.2578006863296944,0.8007742760910493,0.5673995572799809,0.3957956225572431,0.0017730480590489423,-0.4465669635648967,-0.024815793401963104,-0.5834143704781094,-0.3558153778545177,-0.26788795004480076,-0.27662202093372174,0.509968131445669,0.07400603959381848,0.5868033012895089,1.7163865587095872,1.563134960733448,1.726392781524684,1.6659776412082399,1.5698944777079125,1.7848454884972293,1.8101441054599325,1.4779701224130293,1.6704850994782159,1.4871015465768385,1.55649378292217,1.8238493337841672,1.6897391145892937,2.0082671288521943,1.3174232648997093,1.1054221618395152,1.6055861383993986,1.4770265189527774,1.660024719251463,7.254328619247669,1.115914713582596,1.3659098350360825,1.3264465635035585,1.416208067610291,0.8892689196812723,1.405168662778944,1.1343928386027824,-0.47369780629420766,-0.2694241346654635,0.6650946419967243,0.5667608923521225,-0.6263628663691044,-0.3307560115374243,0.41361083928898823,0.5455020488953394,0.45303213573172235,0.31155137864502674,0.7774531277513119,0.21960879507385472,0.1577743446764849,0.719171237322417,1.0550429369848229,0.061532223440357206,0.3777104466050447,0.060343702910233464,-0.2988083722517885,0.8572293705158487,0.9152458110324061,0.14163586234591583
ROI_072,-0.1990575688382907,0.968088653345499,0.8597319872703827,1.0151664347371057,1.0109313005587246,1.0195241426017194,0.40123430823349343,0.9031843677117695,1.0403999396237817,0.788839545388221,0.8730703411754549,0.944385906196194,1.0116183219116615,0.8093780969360003,1.0526524609193164,0.7934643229741022,0.9669379914758737,0.8454323455650634,0.9503399202309839,0.8424549135885834,0.9200419506174428,0.8050373281372635,0.6179438104137766,0.7533688852465291,0.3151840857274895,0.3540105004573701,0.49909245645505057,0.67076455289958,1.1194574168813611,1.0478590993123413,-0.049760470426703486,-0.5692333045918637,-0.5235033699984295,0.8516646320540017,-0.27819663382565,0.2913750084706398,0.2573997818063467,0.014533834679934235,0.4781095044128083,0.30006929167614244,0.27384319354459113,-0.13157370142318037,-0.6642662739460732,-0.035199872070407506,-0.7802671197817224,-0.26559507208329614,-0.40044918496654125,-0.43462639158869937,0.2544060249847378,-0.06722784963911574,0.48745711229722155,1.1974516890528861,0.9776133931245438,1.1231968312533438,1.1742670611996127,1.0628308882435185,1.1261920934130913,1.1242398983638804,1.2297188776799544,1.4162487132955386,1.1225497784929146,1.4128317016987695,1.2532543649374535,1.213480233669133,1.060717185682925,0.997932227224316,0.8214088341808744,1.2886506439092744,1.2484969726293733,1.1278278382079907,1.1159147135825962,7.254328619247669,1.472717394740142,1.0879000165056119,1.253846759625371,0.9618338677828108,0.9829302574180423,1.0442580388290856,-0.38005456413482785,-0.21923816852204203,0.7073412296941567,0.42884006565485966,-0.5994928859559108,-0.30417151752560984,0.5553214303101318,0.6723953504459773,0.3081079068202029,0.4088479383992219,0.4934896913298227,0.28397061449667416,0.08762234362337758,0.8781742848162437,0.9763251034477682,0.101203023443123,0.6313810143265137,0.004550328265436561,-0.19236575465512618,0.9527165180564485,0.5432342713639056,-0.059673972687701755
ROI_073,-0.2358154357385307,1.0900356313470236,1.113120588455431,1.2489472063805318,1.2889332357257846,1.329027005977666,0.5869981996197998,1.2215376528735984,1.3715639602055114,0.9752788643232206,1.1545454824187493,1.164652958132796,1.3312146096008863,1.172601810068213,1.4040484386469019,0.9490048823369184,1.250690808307608,1.2071787713470936,1.3361162570296743,1.0652256197821022,1.1783006081455247,1.0399138430172108,0.9957375922908366,0.9218126385252362,0.40289760536954883,0.5656622859996968,0.5796255959674843,0.6579034548582344,1.1455860496924002,1.082125967110028,-0.10722082223816776,-0.491791649310415,-0.4432009973695283,1.0838545449481818,-0.07755475646261523,0.3502016090856831,0.2109474883894579,0.16014252118394717,0.6176677668709333,0.42051888358337636,0.337338433706322,-0.13812757906319323,-0.49796675633756493,-0.12876882897035377,-0.7794063402582394,-0.3353154487165405,-0.32704059831282434,-0.1983361115209251,0.3869680805993938,0.04100313925891119,0.47924574720703317,1.4088576326829119,1.1321999500983757,1.358200013506838,1.448897247306075,1.408279210523628,1.3928368800746267,1.465689566130312,1.3241204872029204,1.6182946410357897,1.192842632866697,1.625046451847991,1.6040132890284735,1.6435258145598248,1.35686978429076,1.4240795042245902,1.0535195226431509,1.6154238326933688,1.396428952580815,1.476985826745345,1.365909835036083,1.472717394740142,7.254328619247669,1.312748515734396,1.3173994138734264,0.8407270042631309,1.1554278856619955,1.0031134051883988,-0.4788385656518052,-0.2538822345239906,0.6609618105711456,0.4993076852728328,-0.6594214245210231,-0.2630111788632595,0.41812283071818085,0.621624472796296,0.3161412166629906,0.3136393900777506,0.6167330090066416,0.26352710238212734,0.10957320817705317,0.7720988597851917,0.93622835286449,0.06996942483850599,0.44831596423234926,-0.08011769330553319,-0.22285029210779056,1.0550113572631041,0.7319849252932086,0.056522764013961176
ROI_074,0.09500353496932049,1.3945873544010765,1.0758600964875793,1.4258171057718951,1.3379893891251773,1.292951610995273,0.920200984989543,1.12931061205613,1.2307283176210713,1.1115040757194619,1.1085910265540615,1.3163534685046039,1.1710515436267617,0.8392362593566779,0.949963963439026,1.380639933093659,1.2859245819649667,1.1704151715810271,1.1356697294475862,1.4300346557018813,0.9784381755618381,1.0874305818208811,0.8665126508563151,1.1349541267887802,0.6918140868177869,0.5801472489095534,0.7721203927803022,0.8456407191458741,1.2863404658121635,1.114716559163705,0.07498687435331937,-0.16095382392383217,-0.22834043218157957,1.216719955961967,-0.06418827386356087,0.6597609345787553,0.43949421226753616,0.41839344934342126,0.7292635690387324,0.677868838004196,0.5574536608504044,0.08320549619744266,-0.44436731024853415,0.15211736905125153,-0.5766333304705338,-0.2295814629817024,-0.20294143027322675,-0.18894659600988017,0.6827237388020222,0.37581880115910277,0.705670481594189,1.5354705947456455,1.471665813996269,1.4993697664675534,1.2553982806889277,1.0541319408869416,1.2711021499455795,1.2459992241165403,1.297564549439864,1.4400939154944126,1.3487939479306918,1.225280799990466,1.4121481570925345,1.174498207237348,1.3155247211410106,0.8925929811675531,1.5471556936152622,1.2662045960707682,1.3793489601442674,1.4147658977695983,1.326446563503559,1.0879000165056119,1.3127485157343957,7.254328619247669,1.4129849957259162,1.1605901197320334,1.4788499619651752,1.1360528581021014,-0.296874518426075,-0.008775816647146191,0.7687120063752428,0.6917573515051116,-0.6448321200985709,-0.350189128284935,0.400130079187972,0.5444894388337144,0.5741950069361454,0.43393077611324965,0.895037090283123,0.520658227203678,0.21296550480082288,1.1449671420139182,1.351146446167852,0.2893122969564424,0.48327937246898,0.20147031540703167,-0.07602559062978463,0.9870723086319448,1.09724693657558,0.38051078070948213
ROI_075,-0.039910955453914855,1.4347714650931576,1.2254244291846488,1.3673479881099009,1.2123121908310814,1.1900832210172527,0.6600866996442809,1.2274358567263497,1.3794031121618338,1.260033210229449,1.1895883363175062,1.5341088702566825,1.2920862249984013,0.8670963674241344,0.9916092990577554,1.2648179443370846,1.2788019264087072,1.2523430061731642,1.1294150992875789,1.3346207646978279,1.116355465376323,0.9850939062039862,0.771083214044467,1.0400367471998602,0.7257280893013072,0.7309760108428023,0.876551149688156,0.9797033947716387,1.352221984930038,1.0983796363889384,0.04082643480016863,-0.3325380492587351,-0.24139027819962186,1.2804959958659503,-0.0885685270323801,0.6768514457191971,0.3758250062369677,0.20331284647805123,0.6037533527412804,0.45564445292099554,0.37339415971533196,-0.05868787820093598,-0.6651148520030298,0.060217785749832,-0.5354092933810523,-0.4607062757353395,-0.44513987024747415,-0.38321192717550906,0.4369964179815953,0.14278919954899316,0.5904123291813973,1.7279170992954187,1.5536116210912196,1.399777171237155,1.2033550165242737,1.1102545402674295,1.4507424770736663,1.3534514230482126,1.4974391409001548,1.7164626548498192,2.0438733518248737,1.3972739313289502,1.6228802021425346,1.1883087593789678,1.34732356866829,0.9173676960407663,1.1874275298532622,1.3760960454956046,1.7188877462489667,1.467472633228639,1.416208067610291,1.2538467596253715,1.3173994138734268,1.4129849957259162,7.254328619247669,1.283726029866902,1.421286447352499,1.3566986340329297,-0.3370938819470623,-0.16516139419084933,0.8180057082072438,0.6499300744173709,-0.5089049392195988,-0.1824325766870757,0.641200802575769,0.5257835126233595,0.5392794900794152,0.4526697353447862,0.9425999095535651,0.32286582489810906,0.15703494448045335,0.8587880867718413,1.0895564292853743,0.17707119774001887,0.3871201025901713,0.15573875812521892,-0.31186501336976075,1.0593196285822533,0.78282962827177,0.1905447411100963
ROI_076,0.18284126488568314,1.0197145784024053,0.6966353790919363,0.8937097314076162,0.752882673090113,0.7093709042686146,0.4805732627448887,0.6749420775284634,0.7662138808634034,0.8050220519053185,0.6284217016722203,0.8925249555594761,0.6579387783995759,0.4089144811823448,0.5283213211824653,0.9770273020129895,0.7254290111352224,0.688955191877713,0.5889903596244088,0.9629935695541494,0.6385098253298072,0.6108211129257844,0.43626607579785004,0.7158151685110359,0.6499192572808874,0.3804050412794249,0.6625118429673907,1.0979631474558804,1.0034013693435777,0.8525511235107368,0.18863077089469457,-0.08550623301741113,-0.10365028492500464,0.8884342244842258,-0.17568625726623002,0.7330545787180193,0.5848548540642641,0.22062960308814808,0.32620706158745494,0.3609843767560564,0.36810486172023105,0.0011898384313960206,-0.7359758688483515,0.31606773234340513,-0.3382436078446633,-0.28411366501170837,-0.3863382170093714,-0.41941127063685874,0.3934772387883776,0.24615709790964616,0.8618855304529445,1.1049913902058364,1.1620320285914414,0.929537243983504,0.7218034237970731,0.6437241785765518,0.845058188703348,0.7594115962682148,1.1034307008543374,1.0451236722464334,1.2089039491811902,0.7794828353476733,0.9420241583830532,0.6685889602395875,0.8808514812301748,0.4595030910369993,0.9410889042982874,0.7636696525350989,1.1568169959624448,0.91535249256847,0.8892689196812723,0.9618338677828108,0.8407270042631309,1.1605901197320334,1.283726029866902,7.254328619247669,1.0089334786685722,1.284112194045437,-0.03336934570626673,0.1781693480289389,0.9054662295600228,0.6841395668064019,-0.2625003407972175,-0.10721511081213769,0.805678740519118,0.5275223211987995,0.6428500049365901,0.6703863265900698,0.8632673024422407,0.5065765688456253,0.37869997308631215,1.0837466023574938,1.0790923879778975,0.5068519569858608,0.5815373444621498,0.4158141316975424,-0.13257210517239046,0.9343004628877026,0.7301132038878544,0.25613488898041475
ROI_077,0.11622320520809694,1.947664313107918,1.3065087539083242,1.6489735015501918,1.4933995720522844,1.2835824406498548,0.9337766963994526,1.2776474713518797,1.3348033764695022,1.6601290356131124,1.3462287451038706,1.7833244850845158,1.3880001147405414,0.9092539769559359,0.9892345873754281,1.8851601514465735,1.5203052845191092,1.3772425461738893,1.2379419358379975,1.8782918150653913,1.1620907966839527,1.241509094006054,0.9744694796874931,1.4631528663685431,0.9248280128882432,0.6680092863887512,0.8515679867108255,1.083302800090209,1.4388863587033893,1.2872424099550646,0.26031356418386586,-0.1751971647464585,-0.04827201177344521,1.697053292537032,0.058702585852621246,0.8155040704317242,0.5271711944163875,0.3071544314913702,0.7653640247693401,0.7451206459480324,0.7390465676832081,0.12005553841421299,-0.42344256724279705,0.23142023362947853,-0.41472836393703066,-0.3445683431908646,-0.09361190954496339,-0.20543402875837377,0.5680504770409863,0.24048695943558568,0.6627316314103326,1.6940131606901458,1.7835681840534066,1.584662891673926,1.3228866255369918,1.0258157712932552,1.321490096288,1.3598588912064844,1.3198502897278725,1.3382537006847757,1.4493934240056627,1.192015610345127,1.385229013519899,1.1443604984601117,1.4145061575277436,0.8724162232728374,1.269734734310215,1.2003037536248427,1.6703592358159332,1.636216511471273,1.405168662778944,0.9829302574180423,1.1554278856619953,1.4788499619651752,1.4212864473524995,1.0089334786685726,7.254328619247669,1.2198667485169683,-0.25494225313293284,-0.1655502969659709,1.009832903303037,0.909428310838525,-0.5399888275365413,-0.2867515277654557,0.4535676484691354,0.6850499021588996,0.7451880238733194,0.6025504885136245,1.1741552719510526,0.4888646385364471,0.12005173401497875,0.854104721443933,1.2659184286933183,0.25640607672490145,0.5618590107115431,0.2728594255348037,-0.19341926392601952,0.9905563332908652,0.8434652043486676,0.28892552067856225
ROI_078,0.08330945114310902,1.3084026100851545,0.9528130634034956,1.179713609077797,1.0206898974004963,0.9178961191381029,0.6321365449942123,0.9188592349382816,1.0046248527331894,1.1441253866211236,0.9723425153228237,1.2870091661529288,1.0265499258037762,0.6832899492314188,0.8124606541299508,1.1885861049163555,1.0004629512290697,0.9942368594960923,0.9279859411309457,1.2647004635915158,0.9313322275837042,0.9292177716507619,0.7753782611885444,1.0209195290127133,0.8336620470774492,0.584144173037538,0.8407031733459499,1.2875351063815357,1.261008114178959,1.4630964058680285,0.30091491777012686,-0.214557551733773,-0.09372463840757633,1.2183969704062403,-0.05353502712191811,0.7690403220591399,0.5247211721027403,0.22261898355013857,0.6332239011965453,0.5799356256889545,0.49848706576814905,0.15354081859706287,-0.4959957483955453,0.32765927853717264,-0.3099810817676897,-0.29751650808361363,-0.2671779716926564,-0.41225413708787434,0.4019658183095888,0.171655500813598,0.6688109405421653,1.350154124037618,1.2837128713868833,1.1522403803676282,0.9531516696606417,0.7846029095804679,1.07447265493629,0.9806965800941841,1.1706519194041234,1.2057294327871886,1.3522212621258258,0.9626133393125719,1.0987327790247643,0.8862221329268413,1.1608256290863097,0.7023700368782005,0.8196346620151569,0.9743319166503277,1.362593268636183,1.2369861011956442,1.1343928386027824,1.0442580388290856,1.0031134051883988,1.1360528581021012,1.3566986340329297,1.284112194045437,1.2198667485169683,7.254328619247669,-0.117699840321372,-0.1532120086621842,0.805627288247557,0.6009527224201782,-0.42590194758100886,-0.23783205489322748,0.6380736507407948,0.4596993638205682,0.5689684140021035,0.6973518191728941,0.8835779760109929,0.2957527351267591,0.1824570450158727,0.8672778306996073,1.14458073929211,0.31767997362100014,0.6024092784770054,0.37433353753993437,-0.2238837489279749,0.800873816321372,0.6204885282198087,0.16999253179649654
ROI_079,0.4458115760749623,-0.21693594290898663,-0.42211727634002066,-0.3568113542509926,-0.42400969728164684,-0.5560139240600092,-0.2969058602713913,-0.47562735576886095,-0.5060312791372028,-0.19124532046943643,-0.463649111622649,-0.35461666274580006,-0.5257800555084158,-0.5815014762326448,-0.5942890818343406,-0.16795797807904733,-0.44143070344897645,-0.42708721396912935,-0.5484976272579984,-0.2487545844194469,-0.47519166595975115,-0.46478147449347174,-0.36373493228693593,-0.19445582760937408,0.15530517321345133,-0.40619711341402964,-0.12308140188044836,0.09102466010367168,-0.25855457702299844,-0.25675210144928595,0.8215532298956794,0.7382478077277264,0.6378256154675515,-0.2070509304477972,0.3657377362416103,0.15419080394831391,0.31655129765162504,0.09255623930011384,-0.30823078094168294,-0.19061799772777607,0.08323664725318686,0.19377913333828753,0.15798594847189426,0.5732040421120614,1.0921203480757888,0.18354451110563477,0.2611330056958626,0.02037150963760225,-0.29074962975519864,-0.016378806643304253,0.26623435824859265,-0.3090346208931341,-0.22077859419888926,-0.39233186595507,-0.4587194664133862,-0.5577889153394123,-0.4361365989971052,-0.4669248058760092,-0.28084024428715076,-0.4552626196958966,-0.3765757553527013,-0.5995823568334768,-0.5104023671654654,-0.5502587022187644,-0.34349775397658067,-0.6830928581770259,-0.3295720385314132,-0.5635889743206819,-0.2483555851264079,-0.33299946712333783,-0.47369780629420766,-0.38005456413482785,-0.4788385656518052,-0.296874518426075,-0.3370938819470624,-0.03336934570626673,-0.2549422531329328,-0.117699840321372,7.254328619247669,0.5375123896869141,0.1794260793743164,0.16008014539113577,1.0417103164636499,0.41306753577047334,0.33904826553997525,0.017746328933240102,0.20971963012070916,0.3880603660021737,0.05933735622601298,0.18256958474903612,0.4866412387693658,0.09923699986709335,-0.09222878312577464,0.7170427185923287,0.2765594023802254,0.7457350900532095,0.2491115377272973,-0.16582753754584456,-0.3659299871724828,-0.03839233818309045
ROI_080,0.397388036914141,-0.18517508813913902,-0.2976186321489491,-0.2720473557394498,-0.29835568312344984,-0.2936840287312989,-0.11263147095918935,-0.3689818148494057,-0.31809829691100766,-0.24953576940871214,-0.4162750944542475,-0.2857067766328746,-0.41792713498113665,-0.48606712809606767,-0.48311834609050935,-0.1107236180375308,-0.2702930848004442,-0.3095967158190801,-0.37643125073472433,-0.17584309291702907,-0.3879575329049848,-0.32075132145289864,-0.33485185731133205,-0.21453709921266334,0.00856704462601586,-0.22529579337936875,0.007824671824620082,-0.060371892938484585,-0.27200922913509706,-0.3571291300163108,0.0547840578020243,0.90477880353446,0.3197189753900515,-0.16963230006766652,0.029700462924927565,0.12149739741469605,0.3252774636008134,0.4746846679881018,-0.2124003496908305,-0.034369675816000825,0.06606076561801151,0.09436344678435707,0.07334457598863837,0.23336774826929813,0.32759669577765776,0.18197348047578213,0.14716132341691948,0.09628409300350757,0.06621976451800966,0.3201714205922744,0.4032938274291504,-0.22350783635655563,-0.09089873767641032,-0.2551538087492703,-0.33232604129788074,-0.36479193657057685,-0.3254792014856325,-0.3375775751960024,-0.1585628227100068,-0.26690194139804974,-0.23204085317736284,-0.3484253946416079,-0.254490812849313,-0.3381064556412454,-0.23350378707633432,-0.48540848984868096,0.043779306719640886,-0.317555628230772,-0.13460806034740216,-0.22989707291855227,-0.2694241346654635,-0.21923816852204203,-0.2538822345239906,-0.008775816647146193,-0.16516139419084933,0.17816934802893897,-0.1655502969659709,-0.1532120086621842,0.5375123896869141,7.254328619247669,0.10118684424591191,0.17378884471705502,0.46446713843593346,0.1704380173504857,0.12862404741334207,-0.0003002808530781237,0.3003724079028082,0.07633301124975966,0.09701840349974468,0.47056683063646954,0.5687195517558993,0.3556177452904786,0.067138155107646,0.5882425928021565,0.014922519177911295,0.2870381699398804,0.28125702548033304,0.03991778254281939,0.15337059464957997,0.3894653105139143
ROI_081,0.2199434403887603,0.9480135681380262,0.643195795499426,0.7097212658667903,0.6317199342221353,0.49890189306590305,0.2974431298328072,0.525348713680353,0.5759439261331502,0.9177813899783919,0.5518310710208861,0.7992990884835213,0.5638652766703273,0.3355179373728297,0.41373625662470387,0.951215415801632,0.6672832677378461,0.5818618957482313,0.4866773690495543,0.8333858120620823,0.515190735274937,0.5137076496785687,0.41343072236974365,0.8130778499641133,0.6739314704850926,0.17666498456521426,0.4392268352170632,0.8951368945981034,0.7590606578706812,0.6618070371607468,0.5388842976821464,-0.004688283125017375,0.18051006434540928,0.9482320752111908,0.07891447832333782,0.7883224947343592,0.7865695817772194,0.06857868981528933,0.23274462375909902,0.3073573011369865,0.7211577714406545,-0.09786132565682604,-0.6068607534388851,0.34543299133095956,-0.07876354729148188,-0.45873734484555156,-0.05994195969133814,-0.33814149688682726,0.08647261187801852,0.02483580890948136,0.7836653725817325,0.886965183081491,0.9465371666872261,0.7094078253261744,0.6155350111800791,0.46768184742558905,0.6125848693020448,0.6473750721857078,0.889009449801006,0.6988360476365265,0.7737693343997833,0.5645109221818847,0.6291203458466993,0.5291464603350151,0.6934477295630694,0.3342395311222602,0.682227991812473,0.5193261998007378,1.1165961325433649,0.8290476204517739,0.6650946419967243,0.7073412296941567,0.6609618105711457,0.7687120063752428,0.8180057082072437,0.9054662295600228,1.0098329033030367,0.8056272882475572,0.1794260793743164,0.10118684424591191,7.254328619247669,1.6134125888275666,0.0045697824775991535,0.07533651700206322,0.8519177038869279,1.1963694527794189,1.0212652804505553,0.8889435210953432,1.2245564265523745,0.8491716160455436,0.4114294144308101,0.8011343980286388,0.9249773891461971,0.5217083365138323,0.944427149023654,0.47784208279806145,-0.18960672288834382,0.960843639251396,0.32097435445605,0.09163908388924612
ROI_082,0.3201426081665555,0.8467374769267706,0.6133589137084393,0.6274914020089137,0.5577738146481278,0.4436045003302329,0.3614341264519807,0.4777407007713069,0.499148604745531,0.8622859827112369,0.5127079026504908,0.725750189394406,0.4839204634504102,0.29209299730701466,0.30997405684507484,0.9207430526754813,0.607759568373166,0.5666542973581058,0.43688607791487677,0.8052395362991274,0.43127433938180193,0.4648914550757308,0.40370687325518656,0.7798815791450602,0.7419936645871691,0.25406946170669387,0.41223847075105463,0.7066510638831249,0.5793999345484034,0.48241360209598333,0.5060703799816657,0.14547670669244703,0.30165209902093754,0.8822862203115737,0.18523949946973434,0.8822757856833451,0.7725232954981267,0.21024952047662804,0.2665019911080149,0.38209368997859167,0.8072569422834092,-0.04810883633053249,-0.4279387747118379,0.2859080797071771,-0.011573973603477354,-0.5256588002697203,0.04410664457487601,-0.20968984776648344,0.13439664747297236,0.14106747092754257,0.7649866165405347,0.7524604302633762,0.8504056186412989,0.6044549740666262,0.4959253802673859,0.37707430213681564,0.506536567294085,0.5546876106090466,0.7118825762317275,0.5528421578806216,0.6417402422301166,0.42628845121340714,0.5122480129500727,0.4205558723607605,0.5856139457622038,0.24829747379196707,0.6869222409692534,0.39137658721776286,0.8897576390078968,0.7257171549412954,0.5667608923521225,0.4288400656548596,0.4993076852728328,0.6917573515051116,0.6499300744173709,0.6841395668064019,0.909428310838525,0.6009527224201782,0.16008014539113577,0.17378884471705505,1.6134125888275659,7.254328619247669,0.038274939889110106,0.11253135246769481,0.6043790996038307,0.9656986828002364,1.1650501223309437,0.6780482021970388,1.43981265791633,0.9889427051610631,0.4544683838291095,0.6713240572012659,0.7887076360613506,0.5118539945041674,0.6303132641599763,0.413730211070072,-0.21219289113749906,0.8143465981492639,0.340217613407805,0.23540754409463904
ROI_083,0.1086650051043543,-0.5174714529941051,-0.5184460206488543,-0.677048811513601,-0.754969984898234,-0.7851658224959304,-0.7323747765594419,-0.6146847623377861,-0.6607935185790182,-0.40364974747650006,-0.6994463818061594,-0.6126828500351484,-0.7724827645215625,-0.644322357893332,-0.7095879474748283,-0.49542262956533906,-0.7625987110084258,-0.5858347432623507,-0.7841816576772973,-0.55175293374564,-0.5801312280620735,-0.9044230837916022,-0.5959090942944426,-0.6046856686983704,-0.13182359557886938,-0.4410689737362794,-0.3520917089584984,-0.21199333080611665,-0.563159356935359,-0.7037673689584533,0.33687406807254794,0.5503409394783949,0.5085145049463041,-0.4600580514012126,0.3994892575934593,-0.10229474265399789,0.018611460090515203,-0.17976068526712197,-0.6710178578672735,-0.6613602467280707,-0.3018271187384195,-0.15076081394313767,0.12454995352526406,0.08353209112372753,1.0717306411642153,-0.04365149984747773,0.11418840284614043,0.015611884964138942,-0.7160704396329096,-0.3461020169539231,0.017374461349049707,-0.5358133647948394,-0.4651443222222035,-0.7034987430053598,-0.7062537540504701,-0.6102342227250306,-0.5905587169424725,-0.6051750311795671,-0.3839653709821491,-0.6204672818631795,-0.5421986071418863,-0.7704505537318751,-0.6715498977115462,-0.6984044464773466,-0.536957881666065,-0.7325469958128088,-0.5517380701308855,-0.7687945858457689,-0.4487168154835852,-0.5687825755343041,-0.6263628663691044,-0.5994928859559108,-0.6594214245210234,-0.6448321200985709,-0.5089049392195988,-0.2625003407972175,-0.5399888275365414,-0.42590194758100886,1.0417103164636499,0.4644671384359334,0.004569782477599153,0.038274939889110106,7.254328619247669,0.9476133115657304,0.3615416099027395,-0.016735761485610918,0.03641319962601837,0.055965334529902676,-0.11041450031630903,-0.03700826043785867,0.5031417224534221,-0.25397283924136416,-0.47196843137731126,0.3664968870076496,-0.05870790474503081,0.32965557171151627,0.05216351071398859,-0.24484079277905083,-0.628405645356035,-0.2824325388647789
ROI_084,-0.08183108025474645,-0.32184353594227033,-0.17026435572716228,-0.397019491018334,-0.454821942091897,-0.3919837146154406,-0.5247382713609953,-0.2574807611436458,-0.30231142602209515,-0.18938625689451347,-0.31168267620364576,-0.33798969888805774,-0.38507410627634747,-0.262428002139676,-0.315359259932348,-0.3043682971345157,-0.3871124630241112,-0.2665881511178535,-0.4358436547157358,-0.32094182642325403,-0.3034137015935905,-0.45747578046029724,-0.25130214950662144,-0.42736014205218126,-0.07336385700828654,-0.13519625981786584,-0.2349380934017406,-0.0811124858513073,-0.29211950595380326,-0.5277250400494111,0.010467192515921247,0.19625254856010133,0.22526540764451913,-0.2236223231615786,0.5297184161900251,-0.06958546760129107,-0.09679861115598376,-0.2895227865542093,-0.6408996009179246,-0.7232276917339662,-0.3973226985726118,-0.40011494355841815,-0.029848076532806626,-0.21874567419264443,0.4908207855800936,-0.23889129925708877,-0.017833915733525017,0.16514438279933957,-0.5573763082003034,-0.28055948192179464,-0.021557378891006233,-0.2553297542897745,-0.24853131884801408,-0.4112564279624336,-0.3768626829914143,-0.2211107156407644,-0.25533179684992946,-0.2513454228466902,-0.09885122842511088,-0.2471354632365942,-0.19695193712094666,-0.34248917305970106,-0.29660606849976806,-0.34076421047979866,-0.3148891160372704,-0.30551015450856267,-0.19162815874977443,-0.3969627187697811,-0.21835613052287375,-0.3054601455846756,-0.3307560115374243,-0.30417151752560984,-0.2630111788632595,-0.350189128284935,-0.1824325766870757,-0.10721511081213769,-0.28675152776545565,-0.23783205489322742,0.4130675357704733,0.1704380173504857,0.07533651700206324,0.11253135246769481,0.9476133115657304,7.254328619247669,0.40855292894298095,0.08238675771218579,0.017807984043516526,0.013398182685002752,-0.01342915558318319,-0.10269186357229909,0.36238865164641143,-0.20610094467149764,-0.4508972072016969,0.19873349150391975,-0.15839072956950304,0.09906064111693401,-0.0564604745938861,0.04392958188145118,-0.3923745426195816,-0.2436618437540118
ROI_085,-0.032616491869959754,0.45469739277524673,0.351325020769973,0.320359346420489,0.2301151531638793,0.2197943503065064,-0.10760048905873842,0.28595738727585784,0.3234201710716095,0.46449064700650544,0.23838477503894753,0.39245862651538493,0.2469949289970039,0.16205451574241922,0.24691663266044658,0.3925590349770108,0.24095344138638347,0.2977875051556618,0.19851555921716615,0.38722197444474815,0.3188371848143168,0.09038296047423475,0.11360400164267571,0.23705582742817075,0.3438507249272005,0.06247012264645342,0.3925890688335981,0.6735655476295008,0.5074442843196624,0.34779270067224194,0.322511943578834,-0.06206597374695366,0.004486688002126839,0.44351282871704767,0.03867642271171885,0.44612484229356075,0.46709423924101534,-0.15256876039548387,-0.06077322782493031,-0.16579510056772737,0.07869188279049705,-0.22063866519654743,-0.7125038348513487,0.15224357084551166,0.0799951846069134,-0.359504625064767,-0.35108543220562316,-0.47987627196578275,-0.252137237061161,-0.23980144957969884,0.5124200375728946,0.5382737770997338,0.49687434637010075,0.3352632824662379,0.2993294359620605,0.31795861342399256,0.40977884684802224,0.376560013867605,0.7346276491387376,0.5205820157779398,0.5709675584681647,0.3554259264173991,0.4110636606026313,0.3017913400154476,0.4433918999028516,0.1933241948782001,0.30075646973308734,0.33038886379066046,0.6418581592839481,0.44677807634578354,0.4136108392889882,0.5553214303101319,0.41812283071818085,0.400130079187972,0.641200802575769,0.8056787405191178,0.45356764846913533,0.6380736507407948,0.33904826553997514,0.12862404741334207,0.8519177038869279,0.6043790996038307,0.3615416099027395,0.40855292894298095,7.254328619247669,0.6652679355926191,0.5209036110805232,0.6487284286988768,0.6242334383287378,0.29203631959038784,0.47040330814223524,0.5666272413135852,0.4941200993753963,0.4548263307888041,0.5814813514218469,0.4591283964759512,-0.14372183212825942,0.7332175223103937,0.0485014711887441,-0.19956579326787785
ROI_086,0.040247584148301645,0.5700102227667438,0.4420705897932865,0.4566198653503621,0.4643386968960388,0.4141234118081151,0.1570269161476497,0.3676775896449772,0.4187533632081041,0.5895259612951,0.35641088540955956,0.5179870628730874,0.4141040242984897,0.31810440171680365,0.4306399112161524,0.5548628620628212,0.4981903078447307,0.4009701599673579,0.3860967489504675,0.5116211176810558,0.43385540579650017,0.38699797058101415,0.3110272543244501,0.5433455838279663,0.2896345656563137,-0.03376320950026751,0.2418497068329107,0.5325294509796401,0.5375561581431465,0.47544565295645647,0.31187940670697223,-0.1543500562887653,0.037718574430304734,0.6024104553171796,0.03144230502018406,0.37145733136410086,0.5084781930360713,-0.07575826018987965,0.12720428521498256,0.16138426530887448,0.5805087238317951,-0.1589893473867973,-0.45936868091957384,0.13879011149971335,-0.1880355459301666,-0.21429320185884387,0.10427977407313564,-0.16417401403999818,-0.036312737704363475,-0.11012776215791192,0.5186494838953277,0.5866491538258762,0.5533545710856299,0.476811519316146,0.5122418542705246,0.45441614449341544,0.4255927230659448,0.5092397323567226,0.6810713266146364,0.5408064318142256,0.4753750625715961,0.48455263668416887,0.4781575403259452,0.4900694295243926,0.5210328523702957,0.3787769410406704,0.5054245616840374,0.4360813133276529,0.7377504426078009,0.5706576259343922,0.5455020488953394,0.6723953504459775,0.621624472796296,0.5444894388337144,0.5257835126233595,0.5275223211987995,0.6850499021588996,0.4596993638205682,0.017746328933240102,-0.0003002808530781237,1.1963694527794189,0.9656986828002362,-0.016735761485610918,0.08238675771218579,0.6652679355926191,7.254328619247669,0.6396728671768842,0.6609011609930721,0.6954743659519954,0.7868444015730234,0.28904352826633967,0.5523123054599675,0.6710820933153294,0.33396754075615914,0.949135703313398,0.3058071460357941,0.05355484991402875,0.8390984796663076,0.18835643041605657,-0.07276656375400029
ROI_087,0.4863517704630999,0.7063907115359492,0.4547646687790599,0.49036622355922277,0.41265005999496623,0.34214007780736616,0.4136888276352432,0.33937314935870994,0.3728824903664388,0.7013687347806272,0.34601014732382357,0.6140831053419809,0.3611138485342499,0.14333001591123262,0.16484985387676224,0.8106051786388828,0.5080260882101082,0.4335596794650967,0.3376024663232007,0.6888682419902211,0.3167092769514517,0.4069973309080196,0.3340700894538158,0.669629678236881,0.769562118321522,0.1882958155177063,0.5507875127115277,0.7181760216853994,0.47388374195386,0.45337745203176366,0.5606735730983587,0.35303984244089676,0.4124896679150143,0.7574100609614335,0.14429957817272504,1.0096620192307006,1.0892164225032397,0.3625545188125128,0.31344233465661175,0.5276386270356646,0.8664631172700028,0.17867432594174995,-0.28698254908774995,0.44947495701453305,0.11800879886302323,-0.26012553795901416,0.159131015728995,-0.15487769363485576,0.22794310006203067,0.32222032220259195,0.7063330619970591,0.589330161393764,0.6781108136409358,0.4694294355784461,0.3490256771466379,0.23145522469965105,0.34979225214559506,0.3713678890632766,0.5430002665128404,0.39234351923889427,0.5114377991385219,0.26496460986947923,0.35875803864238204,0.26681512506772187,0.4666174493858637,0.104455489279847,0.5453706235004063,0.26479838858772875,0.6611063349621539,0.5305828358189174,0.45303213573172235,0.3081079068202029,0.3161412166629906,0.5741950069361454,0.5392794900794152,0.6428500049365898,0.7451880238733192,0.5689684140021035,0.20971963012070918,0.3003724079028082,1.0212652804505553,1.1650501223309435,0.03641319962601836,0.017807984043516526,0.520903611080523,0.6396728671768844,7.254328619247669,0.7531035317227582,1.1602141294753021,0.8349293589393435,0.3459920973437648,0.666834193089767,0.7443860286891695,0.5180331407169537,0.555295192318103,0.5420054504760701,-0.053505620769769856,0.6012104627753032,0.36148281125813153,0.4057257723957013
ROI_088,0.3710993742608542,0.5638510243874242,0.2374774429695411,0.40505461551604666,0.32900731133131517,0.22468577909116041,0.2706064647974174,0.19962252277940756,0.2449598533126492,0.5163759189746091,0.23647261935702213,0.4713913080026243,0.2618462949433387,0.05292088819067144,0.14766708993275285,0.603425215985112,0.39249605017342204,0.25617080432592315,0.21291481309420024,0.5064884048368167,0.20482185047625842,0.40063739883179617,0.23271729175953088,0.5746880130822194,0.6355370042597411,0.05489937107361874,0.4619339251673841,1.103399424126929,0.4921812532559515,0.6181134149350778,0.8321810687869197,0.12189968849997836,0.28010558714229133,0.5961686516998459,0.1198846418342056,0.7855146494353593,0.8819095940714224,0.11035117680524346,0.2213507702069458,0.38721727996377747,0.7359043487722285,0.35034628275456464,-0.2589916179544328,0.8664441630507933,0.18619166050204192,0.029113649081674527,0.18125656974985452,-0.16337684850933454,0.17260789048367248,0.20660562320715933,0.6528437882360952,0.468041941477727,0.49964150477425207,0.3738606789898522,0.29486907908472965,0.12253155595707461,0.25536516975430357,0.24995820956932785,0.4090544236781093,0.324282474885163,0.3882596183908357,0.20497825279123172,0.2600092839191645,0.183423977267643,0.3457046174880639,0.0456413054035103,0.30841841955749205,0.20634984349945465,0.5591141538619223,0.40570121290009026,0.3115513786450268,0.408847938399222,0.3136393900777506,0.43393077611324965,0.45266973534478616,0.6703863265900698,0.6025504885136245,0.6973518191728941,0.3880603660021737,0.07633301124975966,0.8889435210953432,0.678048202197039,0.05596533452990268,0.013398182685002752,0.648728428698877,0.6609011609930721,0.7531035317227582,7.254328619247669,0.7393738306391366,0.5340254181571147,0.1861376830929935,0.6041152918444799,0.6999562513720352,0.6329020238258596,1.0779012014991785,0.8941252084408731,0.19751298911740378,0.4898618328436152,0.17367179975750466,0.17206107168974283
ROI_089,0.31803182797068286,1.0824969407944536,0.8035637644754624,0.8268207966123439,0.7213977838857527,0.6222465281017979,0.5982293162900346,0.6647981938418905,0.7018101939944746,1.150363643079772,0.705881378608913,1.0374184558653148,0.6920857312367922,0.4089785728897425,0.42883396752060177,1.2273863534784701,0.8290091523526935,0.7982073713177252,0.6324523497721835,1.1238132292818208,0.6179037943017893,0.6812397580627939,0.5499614492790321,1.0036408782536226,1.0305290500589328,0.5026461965014422,0.8127756729325479,0.9820357815642312,0.8145060175123913,0.7098420014208929,0.4735738780456553,0.12846263945666803,0.29552447873785276,1.1720231326448995,0.1603177922038555,1.306214373862395,0.8643633401551841,0.35134194209056574,0.4928135118313014,0.5916690535720551,0.8360720608473575,0.1188187879969928,-0.4044805813415854,0.38403308197011427,-0.02443371553100871,-0.44491310128803785,-0.034731630847071954,-0.2278308154056361,0.34823353059560347,0.3113693138744313,0.7084188204028339,0.9549374250702155,1.0726090148467378,0.7648562927682359,0.6252134834372207,0.48462470319940404,0.6757283813739587,0.6933772727675982,0.8498029785350701,0.7127979427739165,0.9075380831894793,0.5660392809412759,0.7039011913560924,0.5350798342361524,0.7828595033371899,0.36331042390576496,0.8190884550306662,0.5709430712043164,1.0867506633747184,0.8935091631002399,0.7774531277513119,0.49348969132982273,0.6167330090066417,0.895037090283123,0.9425999095535651,0.8632673024422409,1.1741552719510524,0.8835779760109929,0.05933735622601298,0.09701840349974468,1.2245564265523745,1.4398126579163304,-0.11041450031630903,-0.013429155583183187,0.6242334383287378,0.6954743659519954,1.1602141294753021,0.7393738306391366,7.254328619247669,0.7446007699647177,0.3025982243777864,0.7286005733453075,0.9898159201948046,0.4466041665798589,0.506368113478707,0.5247150110249869,-0.18384457285696082,0.8426064377765061,0.5496656508076972,0.39695956133808397
ROI_090,0.4510068931252027,0.38939025916835734,0.15525731585470412,0.25192661556439033,0.22661606897437978,0.13876016284093548,0.2771639854382876,0.04063642473460099,0.09750815043609036,0.32587672365432563,0.11717359965319099,0.3275694803852455,0.12315059203527219,-0.11244441249678712,-0.03513902533996465,0.4592687076753295,0.3072795707875757,0.11613091686935326,0.08792319928417522,0.3714587532901211,0.01580502650003287,0.23152193557969528,0.0790092563705347,0.4621340321057811,0.34066645250562716,-0.0936424818212021,0.26847281077328067,0.3695488234048698,0.24246233181613264,0.24185716216209446,0.3674003792869887,0.26299193906357443,0.23565464179460408,0.36065161410667945,-0.13053469500130244,0.5282197791747553,0.7604988075023765,0.2895674186983239,0.10169688916876661,0.3892572857074796,0.8432482953102775,0.10544723592154123,-0.306452390248059,0.4392642248156352,-0.08272111375816929,-0.039224810293757004,0.18691647183904642,-0.056045719758816066,0.20778785357909094,0.48580626172149677,0.5782100653710275,0.3248444925625714,0.3961742343289318,0.24962628398353812,0.15636593279611247,0.025813547315605413,0.09460762825777322,0.1369047645531087,0.2984454364719373,0.22978873262612443,0.28034724534476724,0.14107041526084968,0.18164068218532714,0.10123047338873642,0.1953378782988116,-0.06257591408113186,0.5217971705895157,0.11196062169560364,0.4390631756174148,0.29136414161821317,0.21960879507385472,0.28397061449667416,0.2635271023821274,0.520658227203678,0.32286582489810906,0.5065765688456253,0.48886463853644707,0.2957527351267592,0.18256958474903612,0.4705668306364696,0.8491716160455436,0.9889427051610629,-0.037008260437858674,-0.1026918635722991,0.29203631959038784,0.7868444015730234,0.8349293589393437,0.5340254181571148,0.7446007699647177,7.254328619247669,0.36201464475706113,0.6581404747417263,0.6632096236741805,0.5601741317813282,0.5806169780644593,0.41899959937162123,0.2617045942191115,0.5606031445942036,0.32383539062059674,0.4822026146352097
ROI_091,0.15585270053938075,0.19148102802671707,0.09764288546711575,0.12143776352248124,0.07480129202483596,0.04669748743855695,-0.008805816035375896,0.07594230638217048,0.08301363099924113,0.11469574074574658,-0.05851979158538251,0.04992606131133643,-0.06277958748237458,-0.05021252650232498,-0.033818689152350916,0.1614067691712549,-0.05197336644836999,0.08119817409931723,-0.059954004926293034,0.15136560375567054,0.0500973421132591,-0.19457169239909947,-0.10837330435586892,0.007785640549770451,0.20290639389271153,-0.06000350662013914,-0.032201542479677485,0.18838349065862695,0.08566457892171747,-0.045300117476716244,0.2246466590808614,0.3028475173392179,0.16353752134769803,0.09521570765325707,0.17501823235939187,0.19847724115562893,0.22318729615813235,0.22981174948338906,-0.11999050082666617,-0.15754640343405105,-0.021964963824305756,-0.10967997568008905,-0.23930756000642725,0.06796759934108587,0.2049366067836079,-0.24427945250322314,-0.19005519471736346,-0.23611983667089617,-0.05302091310199178,-0.051619941635336265,0.6631969541360169,0.20183841581437137,0.29560266147468595,0.13215619386014038,0.0793462366042037,0.08983422139815037,0.1501516506760887,0.12163515220944418,0.24198269490226904,0.13211521709308283,0.1519985323954307,0.010079673123941263,0.09414904078948286,0.072681362224192,0.19049410332627711,-0.05672235317804981,0.2231404695994707,-0.0008607657137604826,0.20349768183215364,0.1300614403132803,0.1577743446764849,0.08762234362337758,0.10957320817705316,0.21296550480082285,0.15703494448045338,0.37869997308631215,0.12005173401497876,0.1824570450158727,0.4866412387693658,0.5687195517558992,0.4114294144308101,0.4544683838291095,0.5031417224534221,0.36238865164641143,0.4704033081422352,0.28904352826633967,0.3459920973437648,0.1861376830929935,0.3025982243777864,0.36201464475706113,7.254328619247669,0.45273396938217375,0.2637961338203916,0.7072277480293752,0.16472015009942642,0.28754372391460375,-0.08012430989209632,0.2408026218484012,0.17933841612954485,0.0719512439868736
ROI_092,0.2514575778162529,0.8386539347278968,0.5657525794830004,0.7752737975094202,0.7081447695175885,0.6794583526711632,0.5298316898492986,0.5670069750759139,0.6471603003939541,0.6356732262148194,0.5484427189206312,0.6879455764740716,0.5567742907728181,0.39059875555783585,0.48480779281163766,0.8487511819294682,0.6903326531792106,0.5928396440282507,0.5768698906538894,0.8058571486449435,0.5029597352445045,0.5822641882055783,0.41303453556869896,0.6965655397441407,0.5499306983579002,0.28353410070944646,0.5391876875296833,0.7371114859784215,0.7883093842353152,0.6976939108909879,0.20604740964238652,0.08879471626708081,-0.13781759728344442,0.7670653108105031,-0.08056594564408913,0.5912536045778106,0.6117858753888507,0.49964703926134146,0.5126654475547469,0.46861933629562913,0.4846882647119953,0.20306073277359787,-0.3567313371464097,0.28065519373394476,-0.2928364104861754,-0.10621205767590754,-0.132905746360168,-0.29568266725461395,0.41219679490432304,0.2999596157098191,0.9628454133739044,0.8962771206574398,0.9143899407570908,0.8016652015972985,0.7346859690836988,0.5703825371244733,0.7038090630522311,0.6725576893507936,0.8495254385041158,0.7953550090580198,0.7311451872140486,0.6561876593267991,0.7402333456011487,0.6568937403852357,0.741598582028545,0.4336607911294305,0.8832392338120446,0.6641320596710709,0.8761904510457125,0.7898726786404808,0.7191712373224168,0.8781742848162437,0.7720988597851917,1.1449671420139182,0.8587880867718414,1.0837466023574938,0.854104721443933,0.8672778306996073,0.09923699986709335,0.3556177452904786,0.8011343980286386,0.671324057201266,-0.25397283924136416,-0.20610094467149764,0.5666272413135852,0.5523123054599675,0.6668341930897671,0.60411529184448,0.7286005733453075,0.6581404747417263,0.45273396938217375,7.254328619247669,1.2657176819441625,0.6647721398344817,0.6738795203138582,0.34758293275869623,0.04457664952061018,0.7701443175992166,0.7173462706354942,0.32136758393263376
ROI_093,0.24892195282131396,1.2827968471742195,0.7883018243369346,1.1604587904592019,1.0668354427831424,0.9136637010326043,0.7991995016204566,0.7899379741466998,0.8893814544635743,0.9666129087029437,0.8010932861722867,1.1140955402417683,0.8574345291618838,0.5465305796198429,0.6670859315309834,1.2676323577814013,1.041303772132248,0.8517156147081116,0.8594622065817463,1.225515810071314,0.7654251361878026,0.8792895118838259,0.5661890771137209,1.1361115352642626,0.7177957964741017,0.395778512078432,0.786205428076956,0.9643296570391883,1.0793905168379172,1.1242085060259068,0.323666661103577,-0.07731584336968364,-0.06310069606607338,1.1038208743528803,-0.14069707982067134,0.8161975943986306,0.7069940820355447,0.41953879658197296,0.7978085549538529,0.7689811274754456,0.8091164553226295,0.28925366465733987,-0.43998220064106236,0.4236232847772192,-0.36048908468826907,-0.14723843239396658,-0.11940718274485934,-0.37954967897205266,0.5394498500734465,0.31669840129118343,0.7920568503072708,1.1979102399071468,1.2675592272663458,1.133535561846916,0.986900078716152,0.6797268782170335,0.9107084113639796,0.8930585679587797,0.9735033197858022,0.9893130994531802,0.9716366750378723,0.8585576332024186,0.9609770043426141,0.8499009321170733,1.0147763734592352,0.5890909819842828,0.9160212945726796,0.8828606157360873,1.2564378734163113,1.0791818105297633,1.0550429369848229,0.9763251034477682,0.93622835286449,1.3511464461678524,1.0895564292853743,1.0790923879778975,1.2659184286933183,1.14458073929211,-0.09222878312577464,0.067138155107646,0.9249773891461973,0.7887076360613506,-0.47196843137731126,-0.4508972072016969,0.4941200993753964,0.6710820933153294,0.7443860286891695,0.699956251372035,0.9898159201948046,0.6632096236741805,0.2637961338203916,1.2657176819441625,7.254328619247669,0.414671981385939,0.7827489689989766,0.37928448378562335,-0.05039217355554499,0.7519855493238491,0.7976004313233748,0.35533358876479126
ROI_094,0.5561972534015988,0.24383379124687307,0.01587971306488172,0.13561296188533212,0.06688032114356567,-0.005434727141214741,0.17992503500701934,-0.010373266994024041,-0.0004939310365146927,0.19224742679494344,-0.01134200718445806,0.1363970578741731,-0.0531108414577506,-0.1598504027492953,-0.1369120445763089,0.31801452542509284,0.05754914858556742,0.041214184634393296,-0.048669811458337764,0.23816721726020373,-0.06589223435892322,0.04292996667561412,0.024283782507299963,0.22408440044536998,0.4317611928734387,0.006239922221196767,0.15475424258321852,0.527011760976025,0.1611104064693092,0.1496315723004916,0.5951556179828492,0.6127479863628319,0.364747490499175,0.2549068239508932,0.26232036781190976,0.49572652805797707,0.5768859749987656,0.4233378304039233,0.044606195954419475,0.16469604145359512,0.3546418209620991,0.33896260568187003,0.03280404577140324,0.5970663135898935,0.37670053263385916,0.06662962516154096,0.16704016993546092,-0.07274038627109065,0.15325478738428444,0.27095606750235474,0.7587828918744247,0.21053217519438894,0.28537700752673845,0.12058483628018929,0.03615496107052613,-0.04705739881219772,0.047899773585556714,0.017614819282051886,0.2065719318054151,0.09918656414747949,0.12122643239773148,-0.08205369227157092,0.046670399187738805,-0.03582205444354638,0.1416516652068117,-0.1932219654275031,0.2800957723281807,-0.05652357161464516,0.21658976176646833,0.13945657869318628,0.06153222344035721,0.101203023443123,0.06996942483850599,0.2893122969564424,0.1770711977400189,0.5068519569858609,0.25640607672490145,0.31767997362100014,0.7170427185923289,0.5882425928021564,0.5217083365138322,0.5118539945041674,0.3664968870076496,0.19873349150391972,0.4548263307888042,0.33396754075615914,0.5180331407169537,0.6329020238258596,0.4466041665798589,0.5601741317813282,0.7072277480293752,0.6647721398344817,0.4146719813859389,7.254328619247669,0.5191477640447041,0.6970486136060245,0.2434656791316482,0.21981927991442665,0.26481340365334427,0.29095626886969556
ROI_095,0.24029821703329743,0.5311556201478261,0.23074337186236707,0.4284724085108802,0.3925690603313856,0.27468856006779807,0.15956874282179606,0.21867571653392145,0.2738354071582375,0.45154992332108457,0.2477123021574851,0.41407045856364094,0.2907858447636624,0.14686635290425756,0.27253120146998794,0.536827610720124,0.38352479263138717,0.24184323138175823,0.28164039366851323,0.4540852279909799,0.2592283551806587,0.3759690282520551,0.22809117998880377,0.5447136006702046,0.3030931517550622,-0.15878243440411535,0.2136402701080194,0.6893109154542074,0.5537507589913832,0.6530323889345986,0.6386520019196217,-0.034839142974614094,0.08270173002178323,0.543586925774023,-0.05826136119447804,0.47445598890265617,0.7139256573561203,-0.022378769390971696,0.23276891414172274,0.3112647203177022,0.673585492978527,0.14408922427422133,-0.3303446667990332,0.588037115823501,-0.036946040627045644,0.033015214500360476,0.1608543841021119,-0.27845558845435225,0.03522812967177636,-0.011034937259644289,0.5743508928695376,0.49978773181328606,0.4716018121428289,0.43610809962337493,0.41108637153244454,0.24279048082353882,0.3051231866106794,0.3323430103579146,0.5039384856425947,0.3967229713498902,0.3394207523840965,0.3139355827675381,0.31501806374838104,0.31792574397315915,0.39564817868756136,0.19073776908208537,0.2745711650985814,0.29822784998350194,0.5925705426045691,0.4596391940505937,0.3777104466050447,0.6313810143265137,0.44831596423234915,0.48327937246898006,0.3871201025901713,0.5815373444621498,0.5618590107115431,0.6024092784770053,0.2765594023802254,0.014922519177911294,0.944427149023654,0.6303132641599763,-0.05870790474503082,-0.158390729569503,0.5814813514218469,0.949135703313398,0.5552951923181029,1.0779012014991787,0.506368113478707,0.5806169780644593,0.1647201500994264,0.6738795203138582,0.7827489689989768,0.5191477640447041,7.254328619247669,0.5488421535568244,0.14181140497823952,0.46881899456256126,0.12786945225739937,-0.0385633549963784
ROI_096,0.6333364964466336,0.278905905799988,0.0475703671405469,0.1387585214590916,0.07588684208577255,-0.016996842240927776,0.25198210145417543,-0.015510120793377142,-0.012018362481751607,0.29924677282901263,-0.01860502091512365,0.20175380448358116,-0.011169701766825064,-0.20895267084710975,-0.1557695446538849,0.36368473529355944,0.09434574037337772,0.035273242534811795,-0.07354492574104053,0.2810547299880241,-0.0034096492299066266,0.10453738152577602,-0.01590992245063649,0.3000252685139164,0.6524483446509508,-0.05020427348856945,0.42602063573982596,0.6908261947099843,0.24786219624313324,0.27118792510593015,1.0435256109203723,0.49174816797488424,0.6387758233274908,0.2584166663559041,0.2885944440045399,0.7182097327708487,0.6778655784454019,0.27152358363210616,0.1059524371234314,0.2964344570825328,0.5347707978309311,0.4812639134700162,-0.02110307771146313,1.1659652351271776,0.6557571168937805,0.27794408936358134,0.3132800878377017,-0.005585636588385126,0.22049033806883525,0.37544158718518444,0.488016915194144,0.15292850086943902,0.24808408270556803,0.08796281663657088,-0.006908216312691086,-0.13743597379724223,-0.004991484433628352,-0.026113717499066748,0.11901754446967663,0.004107302197813037,0.14940030747060362,-0.1124437727469881,-0.004998324860365811,-0.12438291363018605,0.11621573209998937,-0.26084907623765924,0.12316815075274601,-0.08175862326029648,0.18253766734625196,0.08739202494037854,0.06034370291023345,0.004550328265436561,-0.08011769330553319,0.20147031540703167,0.15573875812521892,0.4158141316975425,0.27285942553480363,0.3743335375399343,0.7457350900532095,0.28703816993988035,0.47784208279806145,0.4137302110700719,0.32965557171151627,0.09906064111693402,0.45912839647595116,0.3058071460357941,0.5420054504760701,0.8941252084408731,0.5247150110249869,0.41899959937162123,0.28754372391460375,0.34758293275869623,0.37928448378562335,0.6970486136060243,0.5488421535568244,7.254328619247669,0.4272734115762513,0.16904404766877476,0.144129374334021,0.314752473446979
ROI_097,0.2366919053570266,-0.3048551370885991,-0.3865051841025565,-0.31686254445188444,-0.2584141401229568,-0.23482069015329102,0.07171090647470992,-0.39773857349342134,-0.3827513047110637,-0.32186744219157903,-0.3738237074450187,-0.31232115708931263,-0.3195061816891911,-0.3605315791836002,-0.295993988917345,-0.2348574185129753,-0.20779690414760324,-0.38059356489959784,-0.32162418974887624,-0.25257410852718726,-0.359772653018356,-0.12482706541806693,-0.1684754598817622,-0.1769820951070374,-0.14796466531878016,-0.42646714193649804,0.09497330659477275,-0.04030751374031681,-0.23784838856028712,-0.13159378178827072,0.15349869551408774,0.3084170585268936,0.07553150372432171,-0.32382248658077734,0.07697756352812299,-0.11476549185141674,0.12192764688557177,0.1984259712326155,-0.15011605120318675,0.06834571668428545,0.17088622355129834,0.41274239452094363,0.3341281773015982,0.42141892804636494,0.19754461380108007,1.3477284954756235,0.5727247163162846,0.6109899094023672,0.24137137236523656,0.5918771947059083,0.009716815064817677,-0.3537112372071051,-0.33184856770731025,-0.3121585660048507,-0.2812126412384162,-0.30955108132912246,-0.4149915260205744,-0.38145434586614513,-0.3027168417471986,-0.31720027325976097,-0.34496263255772686,-0.3023683209653712,-0.3218352795652588,-0.3074351715406025,-0.284389067228833,-0.28967536753305795,-0.03176830495195963,-0.2694658947244996,-0.3380236920439616,-0.3472384146144715,-0.2988083722517885,-0.19236575465512618,-0.22285029210779056,-0.07602559062978463,-0.31186501336976075,-0.13257210517239046,-0.19341926392601957,-0.2238837489279749,0.2491115377272973,0.28125702548033304,-0.18960672288834382,-0.21219289113749906,0.05216351071398859,-0.0564604745938861,-0.14372183212825942,0.05355484991402875,-0.053505620769769856,0.19751298911740378,-0.18384457285696088,0.2617045942191115,-0.08012430989209632,0.044576649520610176,-0.05039217355554499,0.24346567913164818,0.14181140497823952,0.42727341157625137,7.254328619247669,-0.055959187394869304,0.09140516741117433,0.3800032767348969
ROI_098,-0.06618191552655267,0.850894707449842,0.7939944553516671,0.7531772920130666,0.7417132229246614,0.7520694885443036,0.34149446948364076,0.710333493480946,0.7858324388408402,0.8251682109876806,0.7102869118128567,0.8166530264364161,0.7752357655327762,0.6100236436848997,0.716902661991926,0.7884534680521417,0.8163339752053462,0.7407968579497894,0.6804467621734375,0.8108194106100926,0.6922641109599067,0.6263931740876356,0.6313027138409341,0.6824994337837301,0.45601567877783206,0.30489428074479336,0.6311996238835693,0.7150500715225651,0.8228589845562001,0.6671877462980905,0.0697659751631355,-0.25462583232549557,-0.2095822670199003,0.8189938848307823,-0.005056091857737643,0.43368246774013464,0.42584747504555215,0.09898230116682906,0.2180649519765449,0.20895069099969626,0.356068990692909,-0.2646611472848151,-0.6811701626555946,-0.027570465740300202,-0.4236284497941292,-0.31248929667096453,-0.21772577057322676,-0.07403554771786952,0.21362372136891286,0.10783196392477032,0.628980032104883,0.9549341972869668,0.9000730302987169,0.8079185359885442,0.7709721915554932,0.7913460475534937,0.7976487139911734,0.8434237944835088,1.1532423065621997,1.0202369368847077,1.0002369308274595,0.9101886913266196,0.9369901557021896,0.8188762493675185,0.8819456621566034,0.6906658950064114,1.0094319646380396,0.8666005528914444,1.1304874535147245,0.9853720094880227,0.8572293705158487,0.9527165180564485,1.0550113572631044,0.9870723086319448,1.0593196285822528,0.9343004628877026,0.9905563332908652,0.8008738163213718,-0.16582753754584456,0.03991778254281939,0.960843639251396,0.8143465981492637,-0.24484079277905083,0.04392958188145118,0.7332175223103936,0.8390984796663076,0.6012104627753032,0.48986183284361506,0.8426064377765061,0.5606031445942036,0.2408026218484012,0.7701443175992166,0.7519855493238491,0.21981927991442665,0.4688189945625612,0.1690440476687747,-0.055959187394869304,7.254328619247669,0.5130174709218752,0.11186324232644036
ROI_099,0.1476761830594567,0.8381808891381878,0.783525097037738,0.9138513368314806,0.9565857957745982,1.015607409154965,1.1565931429114127,0.83989682093221,0.8960044925775735,0.6863381512200228,0.7330427943457711,0.8133732550291558,0.7815297914636468,0.6469964175788349,0.6626616169794592,0.8946266889126497,0.8930220929659538,0.8608617751621018,0.7992983571516721,0.9411005494517765,0.7496550323270074,0.8171077229649425,0.6501539913327288,0.7395472318021111,0.5524261681265616,0.6656306860578854,0.6859880541693688,0.5575071287124237,0.7186235716032922,0.6468291318901311,-0.09785530974669168,0.057684542097216976,-0.12864209192511042,0.7321089755928406,0.03274973252134681,0.5006037386744463,0.2710289415255882,0.6788815739062947,0.6765294735620786,0.6915342532854065,0.40577701332690463,0.2746859405453183,-0.11457916854413085,0.15622311138171216,-0.42952391128004447,0.03347838626408781,-0.05554719838761842,0.09291659075926618,1.1401870128434364,0.6428786379114778,0.5791329448525211,0.8111974702310085,0.9326282037274077,0.9340691942441117,0.8446469448558127,0.7869243473968159,0.8027899680742288,0.7968780949038099,0.6813191491897973,0.769772492229881,0.7813931389829231,0.7588713343469183,0.9172821339802941,0.7931436435772589,0.8878872476657338,0.6528770919218889,1.1876903893204602,0.808160102087643,0.7060190451128785,0.784286472922819,0.9152458110324059,0.5432342713639056,0.7319849252932086,1.0972469365755797,0.7828296282717703,0.7301132038878544,0.8434652043486676,0.6204885282198087,-0.3659299871724828,0.15337059464958,0.32097435445605005,0.3402176134078051,-0.6284056453560352,-0.3923745426195816,0.048501471188744094,0.18835643041605657,0.3614828112581316,0.17367179975750466,0.5496656508076972,0.32383539062059674,0.17933841612954485,0.7173462706354944,0.797600431323375,0.26481340365334427,0.12786945225739935,0.144129374334021,0.09140516741117431,0.5130174709218752,7.254328619247669,0.6932140100515793
ROI_100,0.567628016010238,0.2532921848785141,0.10917400735293464,0.21686229201405796,0.21178149809841176,0.17756466788597505,0.6809403600061338,0.0979313580145089,0.12094323099199837,0.19316226868160571,0.1425922128194146,0.2574447358702395,0.16243183005926845,-0.04315916436757152,-0.06259571268365627,0.3798540530805242,0.3141563259318308,0.17506536638523607,0.1352558696293373,0.31932698819234917,0.00931562603344428,0.38286950822622495,0.1788895045576264,0.3691120604512977,0.39517907969448035,0.2783944296245597,0.5491682672214495,0.286090837724761,0.12881220757674466,0.1582140541165662,0.10329161923174435,0.44468208625277167,0.30948386944875783,0.2564645882900746,0.09658313748142955,0.5949579281046738,0.4341560245926666,0.7884645967126728,0.3483105817754766,0.6835446633088856,0.5675779617931007,0.4197274503655274,0.10634171740276659,0.48911485153495665,0.017033654740603154,0.29208168759773406,0.2912476552419698,0.3643941793265771,0.848933429214839,1.5189583436511997,0.26666454194890166,0.12633049916894035,0.2715268508683769,0.18285482370686032,0.060017140753813675,-0.01952312667901319,0.03393443419153451,0.045613833838397656,0.004023507701464833,0.057748578466902886,0.18918227031811513,0.05054183694306967,0.1262700807076031,0.002300777239393674,0.10458079729474973,-0.07706474900417126,0.4581171007562672,0.08808580362248782,0.1441770883355773,0.12263205171538123,0.14163586234591583,-0.059673972687701755,0.05652276401396118,0.3805107807094821,0.19054474111009634,0.25613488898041475,0.28892552067856225,0.16999253179649654,-0.03839233818309045,0.3894653105139143,0.09163908388924612,0.23540754409463904,-0.2824325388647789,-0.24366184375401176,-0.19956579326787785,-0.07276656375400029,0.40572577239570123,0.17206107168974283,0.39695956133808397,0.4822026146352097,0.0719512439868736,0.3213675839326337,0.35533358876479126,0.29095626886969556,-0.0385633549963784,0.314752473446979,0.3800032767348969,0.11186324232644036,0.6932140100515793,7.254328619247669
