,ROI_001,ROI_002,ROI_003,ROI_004,ROI_005,ROI_006,ROI_007,ROI_008,ROI_009,ROI_010,ROI_011,ROI_012,ROI_013,ROI_014,ROI_015,ROI_016,ROI_017,ROI_018,ROI_019,ROI_020,ROI_021,ROI_022,ROI_023,ROI_024,ROI_025,ROI_026,ROI_027,ROI_028,ROI_029,ROI_030,ROI_031,ROI_032,ROI_033,ROI_034,ROI_035,ROI_036,ROI_037,ROI_038,ROI_039,ROI_040,ROI_041,ROI_042,ROI_043,ROI_044,ROI_045,ROI_046,ROI_047,ROI_048,ROI_049,ROI_050,ROI_051,ROI_052,ROI_053,ROI_054,ROI_055,ROI_056,ROI_057,ROI_058,ROI_059,ROI_060,ROI_061,ROI_062,ROI_063,ROI_064,ROI_065,ROI_066,ROI_067,ROI_068,ROI_069,ROI_070,ROI_071,ROI_072,ROI_073,ROI_074,ROI_075,ROI_076,ROI_077,ROI_078,ROI_079,ROI_080,ROI_081,ROI_082,ROI_083,ROI_084,ROI_085,ROI_086,ROI_087,ROI_088,ROI_089,ROI_090,ROI_091,ROI_092,ROI_093,ROI_094,ROI_095,ROI_096,ROI_097,ROI_098,ROI_099,ROI_100
ROI_001,7.254328619247669,0.7578299842585021,0.769220652987521,0.900051653721682,0.9070591041508994,0.9188768506252643,0.9880253430918375,0.8715731897634189,0.8943583762060919,0.8233128081546787,0.881896149546888,0.6562566164777858,0.821630196947703,1.0140666066260489,0.9527357581637096,0.9262993629283738,0.6669143366216911,0.7172829869192993,0.8148039830369228,1.00407260545602,0.8500602256388403,0.5832310600778281,0.7859643761376748,0.3262926922343071,0.6186127103954732,0.16298861188290575,0.5999265015019426,0.6977283103355426,0.7788628085091607,0.7472315989604367,0.4869614673408623,1.0018957443114362,0.8068287277724931,0.5463553796185789,0.5302423314457123,0.600970308095692,0.6977689629002353,1.0292683831376108,0.8532904268489534,0.7113071728375722,0.7078525399628459,0.43259357480041494,0.40440029121717674,0.9870962346396553,0.8152365331150763,0.7502960979763241,0.5450012945162552,0.7919521403104651,0.7917352482882556,0.6363707775856614,0.5427866944805071,0.7425668709586655,0.7354187873501408,0.8637399155825888,0.8637837853734933,0.9441478673956795,0.71412078289717,0.8860396538299787,0.6558694960520124,0.8444087090319599,0.5419351377368471,0.7891288825243875,0.8664250974506125,0.9509528529400112,0.921655724786597,0.9295364849852995,0.8353827561775944,0.9124432592947969,0.5660336718918872,0.545912581550756,0.8550060106858547,0.3857201164258383,0.7379182287681264,0.5528397899734125,0.32635250168735347,0.49027318639198614,0.8654637351950837,0.3678201205659901,0.38135701095766306,0.5418742350468169,0.5057163809237257,0.3802279280290289,0.47522646651325556,0.3240397845842804,0.4421947370444007,0.5454394571694917,0.6707666559364938,0.5510418262270991,0.5663154368310435,0.4061556445010784,0.1266971465122857,0.7146274866528409,0.6169650520387343,0.2443798241829509,0.12657154411583477,0.8345232806746997,0.6093001380684074,0.8522566475810162,0.8520887725991201,0.5760515276754758
ROI_002,0.7578299842585021,7.254328619247669,1.8009949344042673,1.960202769828861,1.384408667310249,1.2417975854249639,0.9118961870330062,1.9788568041629087,1.452022331599748,1.9314917699706993,1.3950525737161983,1.351704024916821,1.3686048529116166,1.1928280381499665,1.084359466663956,2.0633070861495626,1.197643820672561,1.6608712102063743,1.357377847564687,1.5883170230308057,1.5309873849462363,0.9383593637199141,1.0533103798815286,0.8202869124985278,1.1560587487990912,0.2837916667855957,0.9293171177265183,1.0164677931108395,1.2937595429283826,1.1853201004734313,0.9332129858665126,1.0536122320539105,0.8973939660312908,1.0566720539296055,0.5044560150027909,0.5628619994608862,1.090784035108674,1.1397144961221155,0.8894196209736277,0.8460291526858792,0.6512288559265815,0.2451766715567669,0.19681525499635155,0.8590703242134258,0.7119929150863118,0.4802435129945567,0.3222465326913749,0.5274615718810737,0.6420719814627414,0.44586295526667025,0.7841317537996464,1.8859928446415823,1.9718890642806164,1.7516579468444786,1.2456445402860312,1.3407098474623804,2.1508539931254465,1.6271342411923118,1.3639127212127746,1.6101388819958125,1.1476366479429516,1.134419990090508,1.5853150508194684,1.3777463617375845,1.5391353299266681,1.0962818210470662,0.971650563374152,1.6187428616079724,1.2015037251229659,1.5799594731343387,1.6108094507684318,0.7541729218188623,1.1474245016599303,1.253760196965651,0.8974481790394158,0.7778019760414444,1.584981975651437,0.7946112227717016,0.5195601398054243,0.7949094349325099,0.6863609548185109,0.4982776844363517,0.34020225334756227,0.1726465799036744,0.6198985637776824,0.361311025460776,1.1488075054280102,0.6574518806357514,1.1510078026775528,0.1932815296311288,0.2129656667960368,0.9396419019002351,1.0232276754268594,0.21692026994584016,0.01995552317624307,0.7211374202190522,0.3005222022822563,0.7430720549539028,0.6995476545386101,0.4728721371944202
ROI_003,0.769220652987521,1.8009949344042673,7.254328619247669,1.6836566024756243,1.3892580091160427,1.4029849882921384,1.0703313818977258,1.949547064653365,1.5890168927741417,1.7304955098855128,1.4594129468166837,1.2580873965312542,1.4770597569514412,1.3730341058778126,1.2680384022773865,1.7598527227042073,1.311665501230789,1.6304376964926484,1.5114370801586117,1.5862765698394337,1.6270020644588272,1.0874678522600658,1.2215958573009738,0.7209768966441665,1.0446885902638623,0.2063175087325581,0.9096556786922595,0.8763510420844295,1.3182338092350983,1.178365514512405,0.9381173458237961,0.9961893786899715,0.9748863871053162,1.009166289837605,0.5532733284625855,0.5454049892054349,1.005021022126713,1.1028255295832061,0.9590980453271993,0.8503582032216294,0.7348046451911163,0.2561236900372383,0.22637771474195417,0.9644761172420029,0.7572989627158258,0.5809569667388798,0.40610626401299604,0.6510465427572273,0.7640639220306378,0.5645474915401834,0.7607544918649631,1.6124958600837598,1.420760608357702,1.5629404655449266,1.3461454336731549,1.5262769173567525,1.653314026883599,1.600435692293613,1.2013636241120875,1.491913568285729,0.9958049886673536,1.2906974009151346,1.5408416211200688,1.409267642490281,1.4148823393967622,1.2642029496344487,1.0113761191221156,1.6139466541441239,1.0328135836854255,1.2733910456228652,1.4549145629277382,0.6774125569312656,1.1421270140086062,0.9990249710458602,0.7263885539282787,0.6447828556520265,1.4770844006263657,0.6832689959388389,0.44012117530034417,0.7373143884367068,0.5944452966795681,0.47619865227029684,0.3379815082214254,0.15673724343120723,0.520148222765902,0.3837028674358106,1.050749867425531,0.5931575690637855,0.9350997343733118,0.24122640809044604,0.2157357364838798,0.8769232061657414,0.9369364574932252,0.1516543549572568,-0.029530152954525005,0.8096047389228,0.40064878146708305,0.8132135480919497,0.7811879650696847,0.5690789312520208
ROI_004,0.9000516537216823,1.960202769828861,1.6836566024756234,7.254328619247669,2.005267759407769,1.5815457404455815,1.1908845463083044,2.1381209851758647,1.853501325961348,1.707553767965558,1.4391901730875403,1.0826945424412628,1.2815075645836236,1.4427808574326875,1.3169388639165065,1.9246502530620573,1.1005686249094622,1.415906736332533,1.334695597944358,1.8832265798812329,1.3985220798647342,0.9210439649293333,1.048464924266867,0.5941627004708487,0.9451793330272511,0.18300315423140784,0.8605757224087074,0.9621620211588867,1.2178839450728125,1.0995457173789445,0.8824837606289428,1.0853511541673555,1.082567211490246,0.9438503020615763,0.6345208672622188,0.6165040450852123,1.0536971061731493,1.2787844499780516,1.0216783723270284,0.8872891761543225,0.8273189312276352,0.3261331388850493,0.34034740237667654,1.0670230992531853,0.8893319085254341,0.6639678963043474,0.48925345989442287,0.7433427306087921,0.8532049744386423,0.5939503300068457,0.7053208479755796,1.5542408921847894,1.6652646367211432,2.384597277664736,1.6801667371653388,1.6077396921661264,1.888923481665155,2.1350715716224222,1.1845965087081403,1.5220337376341264,0.9221178703479851,1.14682869752378,1.5072345317791538,1.8110884522551987,1.5764031107215284,1.3639846014863979,1.2093440624376706,1.6760094426866863,1.031883100558305,1.227491671571357,1.5442441533233,0.6672821529962671,1.1436722523797027,1.142457454667216,0.6371070955502097,0.629861075254534,1.5257999755214149,0.591633358268745,0.4424731877864402,0.6954319149907376,0.6694762326294044,0.5771497241691004,0.4670057292092028,0.29323762267061104,0.5908156597598433,0.5236113959471195,1.0512895165294258,0.6385839793324712,1.0057966312625932,0.32980142836445814,0.2188766978854212,0.9077812738688835,1.0768754655825998,0.20153731253057366,0.05350473317229711,0.8947409597626189,0.499882709010536,0.9398607939770118,0.920235372689429,0.5780842309882397
ROI_005,0.9070591041508996,1.384408667310249,1.3892580091160427,2.005267759407771,7.254328619247669,1.992244193253849,1.5133253201648984,1.720037565675042,2.149815714921747,1.3134441068224498,1.259597964803578,0.7925684966427343,1.0971979634041975,1.6478933980613257,1.5359490025212637,1.4280375873349083,0.9305976136969287,1.1579693907186024,1.2571975952933623,1.7376991555033128,1.194909921101784,0.8329687590733548,0.9972364593997349,0.37350293782381827,0.6937820799281258,0.01690822546366702,0.724932182829239,0.7721100572865447,0.9994305703119467,0.8918191383707613,0.8025639108131859,0.9753111958062802,1.1856363613786898,0.8176818580519576,0.6914757392957815,0.645463793576416,0.9997209349172256,1.2269697589982596,1.065236252028948,0.92282271853197,1.0662308975116483,0.3392246131579633,0.44926208918313576,1.1797238395695522,1.035423797070371,0.8778099024108567,0.704143100673761,1.020621375592053,1.1054797068525755,0.8047633467745842,0.5994659982594037,1.2117941439049957,1.2323283693765565,2.1635886188307873,2.2741842800237095,1.8192432275273531,1.4302496152257327,2.220452282328327,0.942162046476372,1.2888504434460208,0.6715032108573029,1.0782173592201194,1.2502983034836128,2.117296804327046,1.3366237021194105,1.6548341914238613,1.446093957513315,1.4576021980979064,0.8228105450473993,0.9684463354554721,1.2864494305408105,0.5296454054512062,0.996702870114775,0.9492968371057169,0.3815931988004735,0.4235096307878346,1.2886806368236587,0.35673987875458185,0.3357781530499033,0.591262380916766,0.6251885147541473,0.6697283579846891,0.5380305563537889,0.36153082730038905,0.49878293856550454,0.6796474062916791,0.9779261159879751,0.6150596491398026,0.8242756212455634,0.5130108845141018,0.2542129973703869,0.7817592674935911,1.0175723103705345,0.17968592860433283,0.052224390789955215,1.0073260956373182,0.7219328016246,1.0914829996172704,1.1847474154027162,0.7379117263017999
ROI_006,0.918876850625264,1.2417975854249639,1.4029849882921388,1.5815457404455815,1.9922441932538475,7.254328619247669,1.6746318408017444,1.597815362521796,2.077904921634304,1.2110058494748,1.2241015472067593,0.7907985349169296,1.1207673570154644,1.6200964138637592,1.614328692896512,1.3091115185254592,0.9676732322741097,1.154740073995299,1.31692045746911,1.5940809847832502,1.2015762833289674,0.8779581471712827,1.0401641912378898,0.35315148522601525,0.6806373420485657,-0.006366411114425408,0.7098023891546271,0.7361976664809019,1.012269074841147,0.8924909189546629,0.7990649769878712,0.9261242282922776,1.111643575068806,0.791185796768539,0.6251752841174424,0.6708536839139816,0.931350769295072,1.167622619996841,1.1098553981549297,0.9779095452662819,1.0644880146317683,0.38457805706319226,0.41176932831223473,1.255664537851141,0.951133177625464,0.9333727261021966,0.6924742443903251,1.0295733034504064,1.2546133634074526,0.9321309001737736,0.6148202848993726,1.1623818533547499,1.0548636512885536,1.6611600614389481,2.124041433487044,2.0909306252025215,1.294659952428221,1.8825366580266958,0.8803793445099822,1.2895197339935387,0.6458283737844128,1.1434537475395874,1.2119376271497995,1.7852258649320047,1.1995978575571347,1.6592416818585554,1.4110266544396055,1.4172777140368258,0.732646699198932,0.8707360706778294,1.1865646877884504,0.5365190314854459,0.9713439308583557,0.8628599544460799,0.35611645405627207,0.3986231979522809,1.2508848055600543,0.3312243869491455,0.2912160487848498,0.570031555056302,0.5501015533808069,0.6094798563775053,0.46489136649475493,0.2950523266870123,0.4451110091158507,0.6292487000387524,0.9249053523736952,0.6163861508089578,0.7521219059407824,0.5354165522847566,0.2892786016240972,0.8366138960998727,0.9583779777364018,0.13805832031620488,0.05009540661509348,1.000481477780985,0.7774268141459558,1.0535317812362903,1.2682447794910632,0.8297720715350253
ROI_007,0.9880253430918375,0.9118961870330062,1.0703313818977258,1.1908845463083044,1.513325320164897,1.6746318408017444,7.254328619247669,1.2483861676537134,1.5207547911252335,0.9325526060341882,1.2117727905955666,0.6016523135030831,0.9669118838407689,1.6756874241211948,1.617766732833086,1.0562366251042357,0.7743335001941815,0.9281648819539493,1.1122450677610882,1.3432126000478934,1.066296034594372,0.8039227922292218,1.0100343117563244,0.2811394025782235,0.5779339747260449,-0.032566191880105386,0.5743783957865842,0.6280402627906679,0.8232180431494667,0.7295532398105699,0.6122512479647517,0.8788715146286326,1.1275273651399824,0.6272422317983656,0.7387967673085137,0.702088639985079,0.7982549998475582,1.150744680386465,1.1536171672600588,1.059955883886179,1.264857511992019,0.48183247533160994,0.6455662635684264,1.3511149266678795,0.990809825509224,1.229735507848647,0.9850577111222855,1.4878737819600831,1.4153323711139025,1.1322631366265392,0.47753910285465745,0.846116262769216,0.7761940957964081,1.2275933500926408,1.4642303815882598,1.6166520583151436,0.9237006609553122,1.353931120672665,0.6415253886102035,0.9479144144062599,0.4371571290621092,0.9712094665418928,0.9677164849488082,1.4202531109483092,1.0429811695676263,1.6565388091892044,1.3928363854223211,1.100145518298576,0.5412971547931206,0.6216342473954468,0.9947861377864843,0.30840112103936773,0.7938978692634509,0.5851161499955876,0.1709836117711085,0.2716093196566578,1.0428853946821965,0.19079803181513494,0.1982260316294519,0.4700101908778728,0.5054818689018317,0.5644155852471647,0.4946603208827539,0.3740292461512514,0.3224181185447329,0.720714751487927,0.7636097192738255,0.6082121740086031,0.5709737230610099,0.6599565183003423,0.23971277214438114,0.6350630265854791,0.7330810526750747,0.13979842634950082,0.04624861875282901,1.0150072982854192,1.0176063663500872,1.083498806466368,1.3527574099750468,0.9512505122556626
ROI_008,0.8715731897634189,1.9788568041629087,1.949547064653365,2.138120985175867,1.720037565675042,1.597815362521796,1.2483861676537134,7.254328619247669,1.8787515601218758,1.9225086103559106,1.7197864318727785,1.2580503901967999,1.5471803197778582,1.5795750683321064,1.3975699535369766,1.990831523650682,1.276609419071174,1.7777193078519766,1.5895813566810126,1.8677560528540285,1.6906391392874707,1.100771447830334,1.2415131474756995,0.71306115790131,1.052992861093716,0.2287798580254322,0.9213592590128475,0.9579851651495829,1.3082866137181672,1.199280753883537,0.9151390604900351,1.0552440077860281,1.073902175767712,1.0413735721727222,0.6290866587230673,0.6105277762556426,1.00222559985983,1.20493865901592,1.0824090903345236,0.9904389222357088,0.839087292719793,0.3433004516650492,0.33706199868785197,1.0500734342082947,0.8461925157426775,0.6479502450061281,0.4925633525878137,0.7347491348712962,0.8490418587147694,0.5949891182921657,0.6674874626877775,1.5775140329646988,1.5041827480930186,1.8582473785457205,1.4884333993806842,1.7208653164647842,1.8131369669671542,1.879658910132343,1.1372116412598177,1.5228569525347833,0.9742059154736663,1.2700036196834015,1.5744321194069548,1.6428912689818638,1.5381074145591724,1.4155916425344792,1.1137741181031637,1.696117748540091,1.0212949459627139,1.2772152625394462,1.5845846031230377,0.6274308450923648,1.0992322836073214,1.004820659627014,0.6668639240224142,0.6240036506499888,1.660104844485109,0.6430309798451451,0.3690948082992058,0.6608870939119807,0.6459817491245247,0.529398880310651,0.37030738239786476,0.2280217204423801,0.5356764952513041,0.46797535789216455,1.063254335591575,0.680597366805377,1.0012205297368497,0.2766699026857119,0.1773938281425642,0.8212744328122275,0.9711435831938326,0.1353118473113965,-0.017214500523212675,0.8324626039159924,0.4549052343415148,0.8827791163627379,0.8631836855957108,0.5877083735464785
ROI_009,0.8943583762060917,1.452022331599748,1.5890168927741426,1.853501325961348,2.149815714921747,2.077904921634304,1.5207547911252328,1.8787515601218772,7.254328619247669,1.4051638882309283,1.394398476523962,0.9035303722799117,1.2719981910972697,1.7160143226574727,1.6947700305718414,1.5305334004735025,1.0707002595477626,1.3199303906952624,1.4212742808394006,1.863024411892983,1.4068175066403759,0.9487711202163155,1.0815966831761916,0.4445173675119586,0.7568955655721026,0.05832493671557848,0.8721755047794133,0.8685438025232657,1.1397319816533364,1.0070660546350296,0.8498272508648903,0.9623315125820661,1.1834352335528755,0.9037151201383329,0.6622533425307523,0.7299004672160821,1.088352451186008,1.234067754433423,1.1160095772944627,0.979430223573441,1.0424688320837336,0.349831526032899,0.3768085307108292,1.2880784120751627,1.0180106994004914,0.8919814565316785,0.6613606806369854,0.9732088424941194,1.0893003802402448,0.8324527501982374,0.6634588254272653,1.35577516023408,1.2919520249399927,1.948732609282188,1.965078581801694,2.078844580497969,1.5422349171283196,2.2498484671934627,1.0275526278436318,1.4557442627047483,0.7802437124049978,1.2816216090549502,1.4198182106662185,2.0125730786264073,1.4360890425873645,1.7282290377947696,1.330063390293258,1.6537887035956478,0.9131652774065482,1.04246391796893,1.434919956626595,0.5984870075521259,1.1007780987756388,0.9133199046011355,0.4728954262887329,0.5100474595223837,1.4248094698927714,0.4518570598150159,0.33669577087241664,0.6166352825237847,0.6605816392723824,0.640000855945196,0.5161789917993633,0.3440233281651009,0.5474415872765279,0.6332348831329097,1.012953169938373,0.7016718881322122,0.8890975198913976,0.4836800876510234,0.2744700663839261,0.8274259054041032,1.039301360461193,0.18330194455872126,0.06368618227691113,1.0545069863787284,0.7053155684660436,1.128317847509561,1.1394600973778009,0.7640588382498383
ROI_010,0.8233128081546787,1.9314917699706993,1.7304955098855128,1.7075537679655588,1.3134441068224494,1.2110058494747995,0.9325526060341882,1.9225086103559106,1.4051638882309279,7.254328619247669,1.5325341777409873,1.5703480762958515,1.5882807292063117,1.336271236880741,1.2227668258558428,1.9913932455427337,1.4592356025155153,1.8930686358182387,1.5705549743527347,1.6282948587400552,1.678916280531536,1.1473112112855133,1.3106312847924737,0.8734875029334827,1.2129177489974865,0.3324851570047932,1.0159272360205538,1.127120598683953,1.3665919757457667,1.4701052901919653,0.9656001403659945,1.0983032998420914,1.0390242208830536,1.2293651302847488,0.6222680942643255,0.5193563879886626,1.0262672027828854,1.1000638604547899,0.9749216444162132,0.8507066758294853,0.7116921707051356,0.24772578932424758,0.23622671449889338,0.9025665302573184,0.8024589578473651,0.4921810949493995,0.3630080263319358,0.5585056996112723,0.6087363948335223,0.39349296626702374,0.789567405293346,1.636405045141475,1.639733973695928,1.468420463963401,1.203616724841446,1.3141420148935743,1.6509046695003309,1.468990131450608,1.3177357648991395,1.5342347696693344,1.214469510268238,1.2709251023292376,1.645053029873583,1.3762906621200441,1.6319829435561783,1.207640629037485,0.9230451394545915,1.75729652682271,1.3136937008806915,1.5419460008766586,1.640939267669913,0.8002290765141259,1.2236822540764454,1.023464986953856,0.8655880120834991,0.803656976168381,1.7141929887512175,0.876339197377679,0.46973620005756156,0.695600742577433,0.7789672758029293,0.5759105071607658,0.4313545242078141,0.2700207591038841,0.7136934874117781,0.47323916871622873,1.062359598981794,0.7636815128025555,1.1410630666897341,0.18985273221293983,0.17514728259231588,0.8198841629723868,1.0235860495838536,0.14468884282191571,0.06389897831566205,0.7685629602057942,0.3126065763164288,0.8748689345996933,0.6564330478556817,0.3834960990124929
ROI_011,0.881896149546888,1.3950525737161983,1.4594129468166837,1.439190173087541,1.2595979648035784,1.2241015472067593,1.2117727905955662,1.7197864318727794,1.394398476523962,1.532534177740988,7.254328619247669,1.232765015573532,1.6424623276299155,1.5007208186775127,1.3275503990435489,1.5871252738693133,1.2446902034351477,1.4812707931379523,1.5299526684266742,1.5525228429884042,1.5951652125907227,1.1777678311197388,1.2816860808096882,0.777780635661084,1.1811305945973072,0.36974500199923543,0.9354497884345863,0.959647754042858,1.1934550077379995,1.139415020104914,0.8305768965693083,1.0430797854219318,1.0015259500352363,0.9318981758601282,0.7427761305579308,0.6169297422838921,0.933397631557941,1.1232680730793125,1.04538212804014,0.9612733499377595,0.8161452209593321,0.40926763185341225,0.40538479657288107,1.0264381966650677,0.8416425770737059,0.6590015225147184,0.5227837874893997,0.770299628688417,0.7637896738619468,0.5668391231799744,0.5856087448340284,1.2337463970881577,1.177736037396231,1.2888329799220426,1.1132479669466795,1.3374805806505008,1.2868692327046931,1.3188866259264695,0.9464350698390959,1.2619469882545162,0.9028681405004472,1.1992459492245104,1.3723823288318222,1.280902038023846,1.3892035304974493,1.2888192450551412,0.9382344348962803,1.4311905114627663,0.9136351580003933,1.0316308362082014,1.344495312205586,0.4960088818468111,0.9672128745757105,0.7219612298484814,0.6597855994327421,0.617490758983864,1.458006490704386,0.6708353449982942,0.35128114744138916,0.5922942290187351,0.6344901042656955,0.4631166178397249,0.36029744261537255,0.277555304312992,0.49552572364073494,0.4361207116738168,0.9476713071507351,0.7620522642201621,0.858808317344238,0.24690270380475,0.10698740698333083,0.6964739278374175,0.7414833779982146,0.13408273283656869,-0.04023625993604334,0.7767541447512007,0.45759721517347374,0.8476411085296051,0.746298637607641,0.5570496704816225
ROI_012,0.6562566164777858,1.351704024916821,1.2580873965312542,1.0826945424412628,0.7925684966427341,0.7907985349169296,0.6016523135030831,1.2580503901967999,0.9035303722799115,1.5703480762958515,1.2327650155735324,7.254328619247669,1.4528128931514384,0.8647898862053265,0.7875432087750227,1.3103669321018658,1.3501499303280984,1.5050574758346464,1.1906692731703916,1.0552246821091384,1.2739104343347227,1.0490008277889915,1.0378088113315553,1.0335737230544828,1.5075457583664618,0.6135095929481187,0.9860540452969285,1.0623671995408046,1.1952690139305528,1.3106671880586378,0.7823536704928478,0.8492941561811767,0.6410421827290487,1.0584645028253659,0.42958732452943565,0.40896915988032034,0.7440489158449427,0.8079048412936632,0.697254928131182,0.6130623044163293,0.3597204139334308,0.27821903128262143,0.033781200655444786,0.6363957250697737,0.4631713659801539,0.1993787418321054,0.057289786052595486,0.2603714977283908,0.3850821620601174,0.16214118725135587,0.6705314136060911,1.3022351729268913,1.2314372857570344,0.922791714708952,0.7335255204225887,0.8786372629116166,1.1854304480452786,0.9088731298003399,1.0761372652804309,1.1903216924218305,1.4445863159771652,1.0669444736860205,1.266467945379485,0.849582161607922,1.0978427230299528,0.7646358536709682,0.5496631297731481,1.21049007935268,1.111308519809585,1.1984517609104832,1.1411611095631602,0.7595800134575645,1.010430894337475,0.8136506735808727,1.2116386479436583,0.9732258967668898,1.2569444633367397,1.1936002608942884,0.4144306624147842,0.6207291643640076,0.5756444476546511,0.28532673076067255,0.1874369639181829,0.10403236878281669,0.6062462363966714,0.18234821005692917,0.8110906265267323,0.6697340304415456,0.9878196905794847,-0.09207431715872637,0.041706799506494016,0.7289784289210052,0.7000649127091738,0.06496058317553066,-0.06045212986373832,0.46976651827362015,0.0363579943551141,0.5481339226639335,0.40370812082040897,0.18005722895806164
ROI_013,0.8216301969477032,1.3686048529116166,1.47705975695144,1.281507564583624,1.0971979634041975,1.1207673570154644,0.9669118838407691,1.5471803197778582,1.2719981910972695,1.5882807292063124,1.6424623276299155,1.4528128931514384,7.254328619247669,1.3820279246415663,1.2747165388035133,1.567960298574739,1.4621301221806258,1.5120612289151762,1.7204976176981568,1.3402146907000978,1.568975166182299,1.1830772131311535,1.3729770618786739,0.7732183074585607,1.1479311669224612,0.3125299925669954,0.9883934818439882,0.9750521624417678,1.2705968579115123,1.31380114400535,1.037571471482161,1.0100925634658098,0.9818201945191078,1.0083095460783722,0.5951241340701127,0.4502995402998078,0.8757266002600937,1.0144491803447107,0.9503392860593155,0.7678550249715602,0.7090118147459544,0.2877347532190766,0.22359530735630287,1.0128682697680882,0.7572473060488899,0.563847771825551,0.3800726897590795,0.5846280464646232,0.6258219362034907,0.4383363881594087,0.7913210279720041,1.451090759927406,1.2630095176555625,1.2121279774546023,1.0493533449639376,1.2472871432657076,1.2819567813099872,1.2556313566668913,1.090978847483779,1.4584660850009492,1.1626088200704934,1.6696897751134507,1.7045993574907876,1.2485423564455727,1.371382526272722,1.2370403855137166,0.8092240323229468,1.6869555370945124,1.0883298227702398,1.1816776787300145,1.2594275008950535,0.6886244279617444,1.1843012288673493,0.7160258043327529,0.801686888577175,0.7471201106032858,1.5102087043867292,0.8236934792312255,0.48249914544966843,0.6489188075947337,0.7069333254156909,0.5008470102375389,0.3912579173171238,0.22401473280339537,0.5760054938743624,0.41417923413629454,0.9420679821886803,0.765976647525916,0.7891707659770382,0.24613255779096566,0.2237978480915442,0.8161236999139877,0.8282217488422658,0.18519184372637343,0.04182209191532271,0.7824992887292027,0.38204929258752635,0.8648065746514316,0.6170065022592146,0.4225203702920807
ROI_014,1.014066606626049,1.192828038149967,1.373034105877813,1.442780857432688,1.6478933980613257,1.6200964138637586,1.6756874241211948,1.5795750683321057,1.7160143226574727,1.336271236880741,1.5007208186775132,0.8647898862053265,1.3820279246415663,7.254328619247669,2.261516615310681,1.3937316684216745,1.0999278938730732,1.2590999295212117,1.5827548961360043,1.6480157467912053,1.457778552824919,1.0647047687028386,1.4801875554341963,0.46891713132823076,0.7440087669741745,0.041350924282331156,0.7863335264129215,0.778776432852459,1.0666320565482192,1.0629966920885994,0.8662970686094303,1.0238265979155898,1.351608210204826,0.8815721991602664,0.7402853494768521,0.5671324094114377,0.9331559324342844,1.193426412128356,1.2126883459739761,1.012705779531188,1.1911052362396142,0.3287878503665328,0.48717876532565574,1.2926577583009584,1.0428323618863147,0.9940038912320456,0.8111635113512958,1.1369205400717552,1.0256691395101838,0.8091645844239298,0.6772094372829445,1.152345011960413,1.04326617228311,1.4737757064360644,1.5715961425158929,1.6725428101813682,1.1647305144135909,1.597228833136176,0.9128184927432005,1.2279175039487156,0.6775435738103964,1.3229997358213375,1.3268419150741058,1.8156366510867135,1.4420698650526416,2.3020045161990867,1.2681908469935685,1.5283978954247466,0.8320798309771443,0.949625055354172,1.3162655759634243,0.5179321434270466,1.0798865488573928,0.7311546210277098,0.37499750814625105,0.4339066741151445,1.3973151020225463,0.4362159078894222,0.3497477110971726,0.5790753351915922,0.6732883312438439,0.6754037733383427,0.5448043836371675,0.34013541450939344,0.48047598623606214,0.7152466989482167,0.9243955680798134,0.7097499175266434,0.6946226398996757,0.5524983495779406,0.2927889859169429,0.7275523749336339,0.9195879936132887,0.17352373313416194,0.08513977543055426,1.0218903496357092,0.761809823599339,1.212083784851315,1.0413550387756325,0.7268610687819599
ROI_015,0.9527357581637096,1.084359466663956,1.2680384022773865,1.316938863916507,1.535949002521263,1.6143286928965113,1.617766732833086,1.3975699535369766,1.6947700305718405,1.2227668258558428,1.3275503990435489,0.7875432087750226,1.2747165388035129,2.2615166153106787,7.254328619247669,1.253115681934188,1.0282171957999564,1.1459307286875329,1.4317504142798667,1.6463535260687816,1.4041948727295162,0.9380180046827917,1.2757322735550742,0.3951360829673498,0.6568225372770105,-0.03979409261843122,0.7648525011750767,0.8261434905378959,1.1047792117815924,1.0877779044643447,0.8638173574138369,0.9112527331728904,1.26225705620194,0.806360898439869,0.6554752499061939,0.5762706020585179,0.9461511068959069,1.1633779250042955,1.1864877250820725,0.9474552137476796,1.1874570744139339,0.29066085638129546,0.4033862225660271,1.4559482335866212,0.9868635655239546,1.1043667166143585,0.7989248365296212,1.1094177584714062,1.0297123314902652,0.8470750751577948,0.7036437561283556,1.1319617499952888,1.0040070948187274,1.3727051886448824,1.5876748886209717,1.6844793537976688,1.1239366849203205,1.5570771629158133,0.9505448013249789,1.2779547655626702,0.6929207306427656,1.4558515234446163,1.3469723452003313,1.8624794288123176,1.4513608761145675,2.5995311925668583,1.3195717025096199,1.5281237171362287,0.8519588576543342,0.8939256882825617,1.356891142982473,0.5842944606235368,1.1448599552292547,0.7057851266044666,0.3714833730353887,0.47111247353644203,1.41364505479859,0.43977747975734516,0.36459085698116356,0.5428378150762584,0.7369421494821906,0.744863035678986,0.6112566779987647,0.39199321155334754,0.5650858002475042,0.809554019014734,0.8967124591300568,0.799706982832612,0.6942091424512481,0.6615004806085388,0.3836306084165252,0.7891405197425724,1.0425529885163693,0.19930162712124114,0.18062777164219926,1.1559957853510558,0.8753388363247595,1.4024294152695873,1.081111111913708,0.7392212440659176
ROI_016,0.926299362928374,2.0633070861495626,1.7598527227042062,1.9246502530620586,1.4280375873349078,1.3091115185254596,1.0562366251042357,1.9908315236506804,1.5305334004735032,1.991393245542735,1.5871252738693133,1.3103669321018658,1.567960298574739,1.3937316684216752,1.2531156819341882,7.254328619247669,1.3901159566346304,1.737766915578404,1.5410459471654472,1.741196576668559,1.6633105083905506,1.0766839038563754,1.2068796540143274,0.8232973553559856,1.1579020833673772,0.2913048042341249,0.9630292364609792,1.0871537782343794,1.34576574245079,1.2723973944343592,0.9633983288314237,1.2233789724078976,1.0685965204766554,1.1579843288123668,0.6623447579525489,0.5717545897111884,1.0781184618620985,1.2449965512367194,1.0003414447612333,0.8753022786665785,0.7733913070448132,0.276349511560595,0.2950742333543949,1.004006518920117,0.8696436349448411,0.5854614352683685,0.42442704076352256,0.6434912534391066,0.6882822939397591,0.4777319787386821,0.8300983273458765,1.6838864212220084,1.803128963868164,1.6777266123841346,1.281402910704368,1.421064554501855,1.7534302720193415,1.6461536164257065,1.2963880168783493,1.5700058756195854,1.1025055826937236,1.291422565380715,1.704336587499118,1.4733778143386458,1.6625387567612364,1.2346262971173838,1.0073125207237226,1.7917985976212962,1.2337091511784664,1.4384871065229452,1.6247102201818775,0.743248650259576,1.2411738941287902,1.0234032776693578,0.8105544268799603,0.7718250307511036,1.6408831630476903,0.7502438201897137,0.5329255126282846,0.7535149709593814,0.7964313083529114,0.5821362332637834,0.46048645186407244,0.2650889634077456,0.664828544453855,0.4759004305032925,1.1082168505440477,0.7290385780343,1.0532229272336278,0.2655140304264026,0.22636772617618642,0.930803125754871,1.004309379768669,0.2446052017116057,0.09979908860590907,0.8296995178583764,0.39527606432846046,0.886413668604774,0.7313392279127203,0.4595670995428101
ROI_017,0.6669143366216911,1.197643820672561,1.3116655012307885,1.100568624909462,0.9305976136969287,0.9676732322741097,0.7743335001941817,1.276609419071174,1.0707002595477624,1.4592356025155153,1.2446902034351475,1.350149930328098,1.4621301221806258,1.0999278938730732,1.0282171957999564,1.3901159566346304,7.254328619247669,1.6814196879607388,1.6173857958628581,1.0883079476112525,1.2665885246178485,1.5299516526759853,1.3450553538698327,0.8953701878635503,1.0236958987381972,0.3387266324012255,0.9160988276860961,0.8103282504043854,1.1220370754801274,1.115606778638382,0.9689557394324686,0.7823778723152045,0.8593333422198871,1.5028414341688299,0.6813136741465731,0.3134636776149087,0.7190955348888574,0.6968976751454056,0.7595026752967463,0.6187517861485209,0.6284192090167317,0.13410665737635394,0.15838430056660024,0.67552616274622,0.6745741552580103,0.3338279120428923,0.29410167255651304,0.46829681174483706,0.4478277127458697,0.24665965037985849,0.7208548949664381,1.1973680041467964,1.116772262067625,1.0046073001392721,0.9087110301147294,0.9931337059940953,1.14847488070932,1.0580369237591363,0.9838494610142661,1.1069639311972392,0.993470066907718,1.2653920742814735,1.1499710128780976,0.9902427662958296,1.0530187774757356,0.9949916480124232,0.6800541964498203,1.2803115963824983,1.1645714565673264,1.2684400674798415,1.0742048786039475,0.8219037698791075,1.1230792706782573,0.7025094740809471,0.781181543153492,0.6047025645512342,1.1453721044115939,0.7334098238200156,0.35262742575211004,0.4570752234389672,0.7074180003531854,0.5709647383682014,0.34049170622985125,0.2190301968168473,0.5620059171135241,0.37949009512598897,0.7804028757852206,0.6397772708441422,0.753322588706754,0.1231385183604517,0.18306797171187517,0.6482654703477079,0.7547337934643721,0.02216293049866,0.03873422802338594,0.5424604741630354,0.19851562416748422,0.7290954574502585,0.4498010390356266,0.210751696462715
ROI_018,0.717282986919299,1.6608712102063736,1.6304376964926484,1.415906736332533,1.1579693907186024,1.154740073995299,0.9281648819539495,1.7777193078519766,1.319930390695262,1.8930686358182387,1.4812707931379523,1.505057475834646,1.5120612289151762,1.2590999295212117,1.1459307286875329,1.737766915578404,1.6814196879607397,7.254328619247669,1.6957765445912174,1.3707582185618852,1.6303327698376147,1.363626937663093,1.378654870286323,0.9388593299549252,1.1319386478906381,0.3455810417496987,1.0038015024527314,0.954912864395076,1.2398847821744239,1.3041980557640862,0.9357912503439908,0.942148334208218,0.9114896404667298,1.494432963440925,0.6347275852407142,0.48093255319728123,0.8634046250223003,0.9354444697778218,0.9829354592606641,0.9082041691977261,0.7082706154341976,0.252076555788924,0.2514492576796148,0.7741039743079153,0.7248953328054237,0.4327861174389693,0.36308682961821515,0.5274148814401987,0.5711569682709345,0.37665314188202625,0.7094535331339408,1.4251446449411889,1.337067999910262,1.2539961063095357,1.0668482831699573,1.2288508513122818,1.4609146691227124,1.2838358186701841,1.0699732730681792,1.2786818652234488,1.0527047283573276,1.1914404246069432,1.3387655073703435,1.168196340097108,1.2942584804667394,1.1257300282535414,0.8255615059691045,1.4733832961898474,1.1930933703332456,1.4870884898730778,1.4094747352042627,0.7434222150637223,1.0979656162147204,0.9201796777065318,0.7987365100177898,0.6507737813664113,1.4299432956439588,0.7823979564666752,0.3480832570226838,0.5760177199585541,0.6803799796199383,0.5318724971821802,0.3208306314746327,0.17251725652421188,0.5936135149304714,0.39304952872715515,0.9548837019713255,0.6884573193643223,1.0113712409003692,0.14330284048739572,0.15259128186367135,0.7147234086819045,0.8829852025173767,0.0519276538737631,-0.011537094305199246,0.6142038230955211,0.26097125856185527,0.7412345571773644,0.5875183635836564,0.3823761243984971
ROI_019,0.8148039830369228,1.357377847564687,1.5114370801586117,1.3346955979443575,1.2571975952933623,1.3169204574691096,1.1122450677610882,1.5895813566810133,1.4212742808394,1.570554974352734,1.5299526684266735,1.1906692731703916,1.7204976176981577,1.5827548961360043,1.4317504142798672,1.5410459471654478,1.6173857958628581,1.6957765445912183,7.254328619247669,1.3757167785372164,1.5006218007342174,1.423839725983588,1.6451372270230038,0.7238785763250578,0.9765877702388895,0.19525456021242804,0.9333402967188227,0.835399798124833,1.1310342580398853,1.2234850906114052,1.038792853448302,0.9341134666410079,1.0837379324995728,1.2871954252433353,0.6942501748935093,0.4661142557436546,0.914384797262958,0.9715535246660575,1.0783126586769034,0.9342783260508619,0.9439937011621329,0.2636642607579027,0.3347153740823557,0.923260124238751,0.8631231229226946,0.6141062835256431,0.5478648319448747,0.7040301179468746,0.7001043909395329,0.5125587378522642,0.7614691029564357,1.3535967419558232,1.1567868821401,1.2912104813716694,1.222753505921086,1.346685553556224,1.29017458649557,1.3813500230562574,1.0246354592678792,1.3118059149205767,0.8697444711230117,1.434544057294044,1.35473185315645,1.340477728170522,1.2746691061593347,1.4060027457453832,0.8956012726877138,1.6421792401540893,1.0647738285355302,1.2572962570780217,1.2443326602772888,0.7183073711560085,1.1642911823892148,0.7804626304644624,0.609090279381905,0.5360671835975699,1.417814163538852,0.6136887677077437,0.3819636002834554,0.5633189744453162,0.7161155144123371,0.6552541416282259,0.42535531057448783,0.23632338523553806,0.521899350631306,0.5236429045516893,1.0306611866940936,0.715408870292117,0.7734815750724611,0.33618722054397615,0.2678675455362497,0.756246824734493,0.9040746762271511,0.10910728231934554,0.06619373560377438,0.7378117810134507,0.44711112606587866,0.9180055048534087,0.685028314190963,0.48174866181634046
ROI_020,1.0040726054560203,1.5883170230308057,1.5862765698394337,1.8832265798812342,1.7376991555033128,1.5940809847832496,1.3432126000478941,1.8677560528540285,1.8630244118929844,1.6282948587400559,1.5525228429884035,1.0552246821091387,1.3402146907000971,1.6480157467912053,1.6463535260687807,1.7411965766685602,1.088307947611253,1.3707582185618847,1.3757167785372164,7.254328619247669,1.614862794575545,0.8798063266062037,1.1377756123712564,0.5521438731434929,0.9661583105458595,0.16947777297550268,0.8932510025551067,1.1182481346846123,1.378386899357513,1.226838207818134,0.8074508342534463,1.0903939088513794,1.0522251727712078,0.8861103228018762,0.606042253981248,0.7197265735776769,1.1495286034899503,1.4389834819020662,1.0759703079885814,0.9618280602030579,0.8810799907549018,0.35036104575933485,0.31307239264666076,1.2981445208492177,0.8782766187270199,0.8213651556865617,0.5462386150017741,0.8618246324202143,0.9518368359693757,0.720404762895955,0.7143482606324831,1.4663252912151377,1.4836575621406862,1.7978433511429204,1.5703318684602934,1.7884037920827751,1.548841583116573,1.8278008254999771,1.2229889532794354,1.663845502597465,0.9592897513237338,1.3405605001880017,1.6641739249286422,1.8952852430727272,1.8958911107229601,1.6114305875305384,1.3304289903733835,1.8167075184039145,1.0597395632316302,1.1386953872895018,1.909578551449349,0.6342652240006768,1.2079145332501335,1.0011862622372123,0.6343046344624185,0.7233930492632316,1.9111197911342466,0.6451714831931006,0.426107152780855,0.7162364030420978,0.7513090386035112,0.6045695984283044,0.5018351846699498,0.3579649978468993,0.677643126794893,0.6075088574303159,1.1031230018473324,0.8533982582036969,1.082434604631951,0.41994749700912853,0.2260185409917734,0.951802786140434,1.087233299420045,0.23137575493432294,0.09052462712635755,1.0340466868670508,0.6144132021491279,1.1400976753287866,1.0689403120367915,0.6820066887142741
ROI_021,0.8500602256388403,1.5309873849462357,1.6270020644588272,1.3985220798647338,1.194909921101784,1.2015762833289674,1.066296034594372,1.6906391392874707,1.4068175066403759,1.678916280531536,1.5951652125907227,1.2739104343347232,1.568975166182299,1.457778552824919,1.4041948727295157,1.6633105083905506,1.2665885246178485,1.6303327698376155,1.5006218007342174,1.614862794575545,7.254328619247669,1.0713845913912972,1.2520334625688332,0.8413301625816813,1.0916195273012683,0.27014598760096653,0.9837200019854252,1.0347135318027234,1.5028790600165942,1.3949938056797404,0.9313816236631232,1.0443926137126698,1.0333538843158294,0.9820329126349963,0.5769459887291459,0.5849367493304236,0.9864749040025663,1.1274521792123458,1.0492562678703274,0.9713610292582725,0.7766573485502192,0.26453001239058616,0.261751222889977,1.016138163189052,0.7644532916426585,0.6466279913097124,0.46083368102724254,0.6395931808620877,0.6964869855141647,0.5038299299821509,0.76014948032236,1.4298654537686537,1.3329339906083324,1.2981904849930896,1.123466130975447,1.368135182079035,1.4467571086100004,1.386572796204463,1.2032408241991832,1.4267139476602555,1.0543552926633915,1.3616348594296952,1.5909812615358683,1.3203869315778798,1.6935474795917094,1.3218034040853075,0.9158744083221582,1.5483353938814561,1.0926337444623548,1.2161864945386147,1.8438596137003938,0.6727115905755668,1.1517911653135136,0.8270120927736448,0.7605159763716346,0.7588618479839514,1.7330432266284064,0.7963674437523355,0.4616074725390281,0.6785621269225347,0.7706566665460418,0.528982771132372,0.4029163078434431,0.2143417321958952,0.6275279072573406,0.4749801627330236,1.0478039954100122,0.8364604531945274,0.9571340776681434,0.28240730183907176,0.2620611717588636,0.8190604214939812,0.943309496744224,0.16619411371184437,0.0919564702915572,0.8412242798048313,0.42629540514315273,0.8691480171767147,0.7006471480323341,0.4973530631450856
ROI_022,0.5832310600778281,0.9383593637199144,1.087467852260066,0.9210439649293335,0.8329687590733549,0.8779581471712827,0.8039227922292216,1.1007714478303343,0.9487711202163153,1.1473112112855133,1.177767831119739,1.0490008277889913,1.1830772131311535,1.0647047687028386,0.9380180046827917,1.076683903856375,1.529951652675986,1.3636269376630936,1.4238397259835887,0.8798063266062037,1.0713845913912972,7.254328619247669,1.3983309343833479,0.8264924232380529,0.8472511325687695,0.34011917727476254,0.8656113627458161,0.6230073620578163,0.8467179880076042,0.9506430067524901,0.8701705401081269,0.7312547806566809,0.9554345951160514,1.2921697674405488,0.8604793967370641,0.3403805570082318,0.5864726195849834,0.651273347195569,0.8908086000928127,0.7801019908363342,0.7302638355645372,0.27401425849016986,0.4129070959339755,0.6092041489595571,0.7886544494202675,0.3820792357273002,0.44451406843487873,0.5338830133189011,0.46607161401413716,0.29638070725584076,0.5622707281314657,0.8989287527868065,0.7943537974889872,0.8280641374741659,0.7898677587266795,0.8774479210888807,0.9011772470413881,0.8872287169429379,0.6979651757998787,0.8189284630498437,0.6745660327127398,0.944947655087025,0.862981390434525,0.8239950192206827,0.8515255255719142,0.9279139553870355,0.5793432730542393,1.0147725453360679,0.8301649184572851,0.9491984255996673,0.8499635907852168,0.589633876169667,0.8550716248253277,0.5192501406442347,0.5124137391923483,0.3669519945090791,0.8991326580093858,0.5528342364365844,0.2357284225027294,0.34151657736921787,0.5192037722419206,0.49435604532661886,0.3383038583601676,0.20217172639250228,0.36707686638837667,0.37725698711046907,0.6649421590476696,0.501482950970243,0.5598412382484591,0.11381484755156372,0.14673465875644012,0.45598417400944524,0.5845727475370723,-0.01865993269926685,-0.0019823250412817823,0.5006361921639195,0.24870944363178651,0.6318742289835083,0.4079657328048009,0.28193717501545684
ROI_023,0.7859643761376748,1.0533103798815286,1.2215958573009738,1.048464924266867,0.9972364593997349,1.0401641912378898,1.0100343117563246,1.2415131474756995,1.0815966831761916,1.3106312847924737,1.2816860808096882,1.0378088113315556,1.3729770618786739,1.4801875554341957,1.2757322735550742,1.2068796540143274,1.3450553538698322,1.3786548702863226,1.6451372270230047,1.1377756123712564,1.2520334625688334,1.3983309343833479,7.254328619247669,0.6973065701058351,0.8503132912929365,0.176284134964469,0.8071486385712373,0.7067617865263809,0.9449497385739911,1.1302842871629428,0.8664153273818134,0.9092049413948384,1.0499523138469178,1.1461528762552955,0.6890564717711585,0.3464553658026943,0.7450277098125275,0.8472764112085153,0.9394698642009657,0.8630272874542053,0.8549248120192029,0.23341268269495713,0.3705370829261775,0.8271181646153392,0.7793646805491493,0.5857478464820884,0.5606930768330967,0.7420848007927726,0.6043823456492886,0.48461319283655724,0.7419454734421882,1.0741821781291123,0.8997801578923124,1.0131974251022982,0.9823949023787256,1.1283067796992885,0.9602946318183373,1.046528647553847,0.857805773768418,0.9954841757150772,0.7295694626966616,1.1604995845213346,1.1014623885991908,1.1000812682072936,1.1263891138255173,1.274330632733124,0.8491985279243989,1.2508151053664638,0.8857536709965969,1.0695166415708925,1.040694670739417,0.5862704977529258,1.0535897764010453,0.6681460498273547,0.49071021315832214,0.45400611182637535,1.1732276030084872,0.6054925112139771,0.33328884712538637,0.548648654856516,0.5801583257817879,0.5606073068558242,0.390596832230518,0.2144211633650218,0.43323107093341673,0.48794672098302355,0.815463039925799,0.5818833161076147,0.624109553554238,0.3008019972020654,0.21674347944515251,0.5998871099804493,0.729500233125582,0.10026186107466552,0.022521128504581454,0.6548002253558787,0.41396592546393446,0.8690486994879352,0.6181612230522465,0.4663849872527279
ROI_024,0.32629269223430707,0.8202869124985278,0.7209768966441665,0.5941627004708485,0.37350293782381827,0.35315148522601514,0.2811394025782235,0.71306115790131,0.4445173675119586,0.8734875029334827,0.777780635661084,1.033573723054483,0.7732183074585609,0.4689171313282307,0.3951360829673498,0.8232973553559857,0.8953701878635503,0.9388593299549252,0.7238785763250578,0.552143873143493,0.8413301625816809,0.8264924232380529,0.6973065701058351,7.254328619247669,1.049880582785182,0.6143763226163312,0.6697905158398471,0.6882743969217198,0.7398295945387925,0.8101638131834008,0.6049818633620246,0.5816659491505463,0.44925040976816893,0.85883310143858,0.36745445585168013,0.19231306790202912,0.4567969101338699,0.43747071164507323,0.47592133708588547,0.5368236461472854,0.23170712864546894,0.09034682832978307,0.12279789250192946,0.2358535949384285,0.277903621615161,0.004910281445254209,0.02002025328626801,0.01507195552911253,0.0066624612815414696,-0.1274795698558719,0.4947122649485549,0.7255813691534801,0.749526430837264,0.4903675746756227,0.30871504901268826,0.41440128354981354,0.7103569334409341,0.4878282491852988,0.6812480754361674,0.6000079316841287,0.8150964478584315,0.538720011408775,0.6581697856391657,0.39677911711239294,0.666185999688687,0.3681350647394804,0.21887187788151585,0.5985273145928344,0.8104423978611117,0.9257654449531901,0.7053750943126168,0.5287348783122804,0.565625361443037,0.5127340641730653,0.9550158209149576,0.6522873944367703,0.6959838010112241,0.9290692929326958,0.41005221517796914,0.410442529232229,0.5402644871110929,0.21887449333902825,0.05619959086095628,-0.004752051688376046,0.42012858288272487,0.028745668199065707,0.5824919934892899,0.4439652126567399,0.6910201683671402,-0.21909134118454054,0.02983774628982492,0.36428075248570096,0.42304826844382776,0.0578398619312264,0.030428349913877276,0.1645856881916139,-0.1985485428759138,0.18559480847084842,-0.018429123552975744,-0.049411526958620465
ROI_025,0.6186127103954729,1.1560587487990912,1.0446885902638627,0.9451793330272511,0.6937820799281258,0.680637342048566,0.5779339747260449,1.052992861093716,0.7568955655721026,1.212917748997487,1.1811305945973072,1.5075457583664624,1.1479311669224612,0.7440087669741745,0.6568225372770107,1.1579020833673768,1.0236958987381972,1.1319386478906381,0.9765877702388895,0.9661583105458595,1.0916195273012683,0.8472511325687694,0.8503132912929365,1.049880582785182,7.254328619247669,0.7226912284126128,0.782993410724397,0.9774099374808846,0.9807106012676303,0.9947004504571691,0.6230669223096271,0.9146411777154612,0.5430799254176388,0.8392101248529338,0.44100661587467876,0.5291870922316484,0.7411088928233701,0.8474736770353999,0.6629363248199559,0.6764804583469247,0.35613391197551125,0.31957038371503904,0.14677050527015642,0.5466838481789993,0.4197123998875678,0.20988735414905954,0.10354398840017913,0.27159686779022635,0.40516114203012765,0.20029343985002837,0.5309570898431687,0.9801287435107296,0.9925788057176526,0.8071776514122913,0.6104272897301506,0.7489067976692624,0.9507716458502551,0.7674392031825036,0.809450478559635,0.978341026349607,1.0551744683249835,0.8222978160563316,1.0073536912079737,0.7075480227734867,0.952607750296184,0.6379297392947115,0.49846415236043695,0.9632695970276682,0.8626641715223392,0.9241134163257227,0.9892989282349116,0.52318877547034,0.7390295603951801,0.6789791367337837,1.0618029868216852,0.8827918383726324,1.097389115291286,0.9779058363523048,0.37197340282184327,0.6116796753582813,0.5394234662462029,0.23315955896494805,0.1122784317270774,0.10055440083750918,0.4749054251785321,0.12586847546373364,0.8826849919011917,0.6586742182766581,0.9666481687553212,-0.09288238860026905,-0.11967681059506222,0.6500021104215816,0.5268301891896632,0.026847535725507906,-0.10721430941735445,0.39253877988170227,0.037076397597322314,0.4220012150833864,0.382099563582114,0.2367679259985813
ROI_026,0.16298861188290575,0.2837916667855957,0.2063175087325581,0.18300315423140784,0.01690822546366702,-0.006366411114425408,-0.032566191880105386,0.2287798580254322,0.058324936715578486,0.33248515700479325,0.36974500199923543,0.6135095929481187,0.31252999256699543,0.041350924282331156,-0.03979409261843121,0.2913048042341249,0.33872663240122564,0.3455810417496987,0.19525456021242804,0.16947777297550268,0.27014598760096653,0.34011917727476265,0.17628413496446899,0.6143763226163312,0.7226912284126128,7.254328619247669,0.4957980995104031,0.45095760315581757,0.2987767743092125,0.31056975466251696,0.06032350648475776,0.26382488778288976,0.01897541276693407,0.3161195785805643,0.33537460230085936,0.2366282581695484,0.0697626539949054,0.11968668182604096,0.10585063130291586,0.1286630593441335,-0.21870663896750056,0.41093339505648535,0.04321793527147508,-0.0018131892551015475,0.06152964537882794,-0.31131735354167417,-0.31534696955131847,-0.18324263435633006,-0.07058125422547981,-0.2822074865816906,-0.05184210642422945,0.16888537242933122,0.25708640323255355,0.06003059529604499,-0.04936880942722688,0.027277424075695986,0.22297725615089556,0.037188080014959185,0.16071180326720536,0.15312238258192548,0.48310717880197235,0.09643902140568994,0.18244012036422025,-0.02765624427840709,0.16352826849210916,-0.059254437414918634,-0.15080350879294716,0.16686604013861017,0.2513079470606384,0.21559553107435914,0.20398641053031527,0.10341220519125707,0.10234998756829396,0.11173881913760429,0.6572995047028074,0.4923432427126624,0.20801853225794611,0.5945590273751656,-0.001770303638951116,0.04708610216279983,0.05256983299889352,-0.2787602078821737,-0.1282284625584335,0.059152069612717906,0.21644420904438857,-0.26904581944209605,0.10742160599634411,0.28135811316608517,0.3834851237379819,-0.6922305547181032,-0.5191702089239243,0.04278485667355155,-0.10149396061236578,-0.20861674480697331,-0.20459233449415293,-0.07220428369301476,-0.38392786140624413,-0.12281497021251955,-0.14840836506058733,-0.22076001859860192
ROI_027,0.5999265015019426,0.9293171177265183,0.9096556786922595,0.8605757224087074,0.724932182829239,0.7098023891546271,0.5743783957865842,0.9213592590128475,0.8721755047794133,1.0159272360205536,0.9354497884345863,0.9860540452969285,0.988393481843988,0.7863335264129215,0.7648525011750767,0.9630292364609792,0.9160988276860961,1.0038015024527314,0.9333402967188227,0.8932510025551067,0.9837200019854252,0.8656113627458163,0.8071486385712373,0.6697905158398471,0.7829934107243968,0.4957980995104031,7.254328619247669,1.0719251335005318,1.0177732958228731,1.0483575191739452,0.7052476699489524,0.5936845747108896,0.6995858581689115,0.8423952113364194,0.5328176564301043,0.5201784363149516,0.7375862290930882,0.6544730169449147,0.7608488741998011,0.6529591208121738,0.41096033457886244,0.39989640551815864,0.1832264254505018,0.7076970906227664,0.6785043953016326,0.3868289788555234,0.21638307164012877,0.3715817374845266,0.4435125754830964,0.31218831089156723,0.467985726951532,0.8977348189067041,0.9221731896272077,0.7916320717197075,0.7136313741728018,0.7634438820494474,0.9824306606706982,0.8273593588828252,0.8598421991375789,0.8729583267291494,0.9862989815572825,0.8669278594688385,0.9304122870959782,0.7425633518648803,0.9207966530683631,0.7212591390224111,0.48051804220418276,0.9752182327067045,0.8548558673656648,0.9052303078216983,1.007699838667203,0.5996871463859548,0.7981786374190916,0.6847207936534894,0.7818858905916433,0.6469970910523913,0.9008798978664736,0.8560553511964759,0.3080706055485189,0.3066335404440695,0.4424914476443173,0.2346549794233646,0.34514760224412183,0.2280700149500655,0.7067418102821892,0.22973411948895361,0.604016080153834,0.7696477461621358,0.8531621480875249,-0.00867947417503226,0.09709845134951667,0.5382869900022698,0.6625071688501195,0.11050681097361907,0.045568239461436406,0.7078993044011032,0.25218661098441875,0.6195843109487126,0.41598623225782766,0.37247814567192816
ROI_028,0.6977283103355426,1.0164677931108395,0.8763510420844295,0.9621620211588869,0.7721100572865447,0.7361976664809018,0.6280402627906679,0.9579851651495829,0.8685438025232659,1.127120598683953,0.9596477540428583,1.0623671995408044,0.9750521624417678,0.7787764328524589,0.8261434905378957,1.087153778234379,0.8103282504043854,0.954912864395076,0.8353997981248328,1.1182481346846123,1.0347135318027232,0.6230073620578163,0.7067617865263809,0.6882743969217198,0.9774099374808842,0.45095760315581757,1.0719251335005315,7.254328619247669,1.14930766829953,1.3375426783984823,0.6070882377905887,0.7681796964022322,0.6583524292668248,0.7509155244751817,0.42538500167240656,0.6596754431112531,0.8918454061908396,0.9677286782447194,0.797315109073652,0.6734774939517422,0.4586951467049477,0.38653638052275147,0.12575642442749996,0.9339558392484303,0.5971930854608928,0.49744620569158,0.2138148392848672,0.369349441603969,0.44878714525847796,0.3008693499003506,0.6255359987169884,1.0370083644232249,1.135891283632344,0.8405355096188792,0.7357773145239288,0.8067286546412569,1.0024220121847418,0.8681127910586102,1.0884646448310114,1.1293036808811343,1.2659990524754794,0.9747251896803614,1.1863462760118308,0.8749402875154808,1.2009323967354393,0.7779201710264724,0.6239089399939624,1.1138775205405593,1.1067053922219834,0.9169138544782989,1.2178854607981906,0.7510268902068479,1.017729000389736,0.735430516918053,0.9760021492160523,1.1820045566495103,1.2693957557138682,1.090811543181113,0.5089700251884848,0.5243712811219723,0.8554675787896735,0.46036160759866745,0.542783312134244,0.4912619678088396,1.159366173949847,0.48655703259040245,0.810795892836111,1.2142025498489124,1.2657454269063875,0.1784610567578601,0.1556445814540248,0.8452521325705828,0.9625041556802756,0.3021452900402928,0.3115721352595229,0.8291775737288198,0.3498668181251474,0.8525829636170124,0.5155135413322464,0.2967048973715125
ROI_029,0.7788628085091607,1.2937595429283826,1.3182338092350983,1.217883945072812,0.9994305703119465,1.0122690748411467,0.8232180431494667,1.3082866137181672,1.1397319816533364,1.3665919757457667,1.1934550077379997,1.1952690139305528,1.2705968579115121,1.066632056548219,1.1047792117815924,1.34576574245079,1.1220370754801274,1.2398847821744237,1.1310342580398853,1.3783868993575126,1.5028790600165942,0.8467179880076042,0.9449497385739911,0.7398295945387925,0.9807106012676303,0.29877677430921257,1.0177732958228731,1.14930766829953,7.254328619247669,1.4223418411682445,0.8420880243896769,0.8189912893122697,0.764234534557202,0.807744787470459,0.4504161215164497,0.48367876666894266,0.9356780269805955,0.9772721744347063,0.8207682599608105,0.6879878763022584,0.5305447263665412,0.2835750162038504,0.09060655068145247,0.9517366400368837,0.592709777476956,0.5084527087984132,0.24500790174385434,0.46389563641710585,0.5989796717376676,0.3997638631786041,0.7340646329398942,1.3451137027231017,1.28875654506437,1.122806479142175,1.0046527223713568,1.1409288766548134,1.36794417052863,1.1632211370449068,1.3133532796857557,1.3427897529550463,1.2167528844749547,1.243222165295396,1.4274195800868186,1.1113908403252444,1.4485348915359126,1.0284435901479194,0.7771958767579714,1.3519085980368775,1.0490281166778375,1.0952900548156939,1.5497010013157788,0.757624490454301,1.1699662086836167,0.8571250876477629,0.9100459876410448,0.9121471735773613,1.5356387273441685,0.9146042090691009,0.49505836672009973,0.5757212767484512,0.6634536338492832,0.41506762599527885,0.3692896986978331,0.21875423587489715,0.6987500338574155,0.3558715923317575,0.8020179909268876,0.8231708569951364,0.9620441857314899,0.17817874482610052,0.248232997361887,0.9509751524605582,0.9448668412083121,0.1969085663591738,0.14400875088124301,0.8164789516266112,0.3429256434991,0.7847712320736996,0.623786302681013,0.3792545617164969
ROI_030,0.7472315989604367,1.1853201004734313,1.178365514512405,1.0995457173789445,0.8918191383707613,0.8924909189546627,0.7295532398105699,1.199280753883537,1.0070660546350296,1.4701052901919653,1.1394150201049136,1.3106671880586382,1.31380114400535,1.0629966920885998,1.0877779044643447,1.2723973944343592,1.115606778638382,1.3041980557640862,1.2234850906114052,1.2268382078181341,1.3949938056797404,0.9506430067524901,1.1302842871629428,0.8101638131834008,0.9947004504571691,0.31056975466251696,1.0483575191739452,1.3375426783984818,1.4223418411682445,7.254328619247669,0.8401768627855092,0.886868727474931,0.8317657669689152,0.9970604022995866,0.42910042409010285,0.4788227193255283,0.8942582757081398,1.0061647117419124,1.023607416843926,0.8242787580642603,0.6086417534838376,0.30257279250275604,0.153810506921799,0.9364701278774021,0.6431606049288543,0.5188208913237212,0.29748661539972915,0.39972014961734986,0.459920431311001,0.31484284053212935,0.7791953572430202,1.288242118884366,1.1612583592744983,0.9701651706990074,0.8761137530032412,0.9780529583879749,1.1422822813982236,1.0082098799839918,1.2680904001798348,1.2678686206031595,1.2208896751388292,1.255315511011391,1.4326680552144244,1.0573743364123875,1.4343440586308238,1.0161938951632918,0.6620619004494135,1.4050213051346157,1.220065068964308,1.2038181951629192,1.411647538914615,0.8995967350811824,1.2469380733360067,0.8161048246679895,0.8778137725794829,0.9513017012340718,1.4951053697863288,1.1195620419653856,0.5301764060491991,0.6019782605206443,0.7878875067053124,0.5392872169756414,0.473903871458685,0.24078284269429245,0.8583426052382116,0.4869117697238839,0.8808669177275414,0.875196092041902,0.9839046052189998,0.2063925515621259,0.2621561928653557,0.8916994846761307,1.0941924896269184,0.2146844333621232,0.2466723327865888,0.7750283502483873,0.3332392961592443,0.8536213017091633,0.5140311441161772,0.3077558240519334
ROI_031,0.4869614673408623,0.9332129858665126,0.9381173458237958,0.8824837606289428,0.8025639108131859,0.7990649769878714,0.6122512479647517,0.9151390604900351,0.8498272508648903,0.9656001403659945,0.8305768965693083,0.7823536704928478,1.0375714714821607,0.8662970686094303,0.8638173574138369,0.9633983288314237,0.9689557394324686,0.9357912503439906,1.038792853448302,0.8074508342534463,0.9313816236631232,0.8701705401081271,0.8664153273818134,0.6049818633620246,0.6230669223096271,0.06032350648475776,0.7052476699489526,0.6070882377905885,0.8420880243896769,0.8401768627855092,7.254328619247669,0.6407233186642001,0.9358431650975348,0.7398778158118768,0.5333143376957089,0.1324794577753588,0.6132429378077425,0.6172621306549672,0.6641229557585342,0.5103712707618692,0.5785037041493154,0.14691366708506012,0.19723449689153946,0.6425813868686476,0.6840131926259346,0.430509575712614,0.3085875622360932,0.4008204350132693,0.35474428985830175,0.21606454215922208,0.8389038762101025,1.0227408226684835,0.9267364218689061,0.9192087689093962,0.8533508874634025,0.7976873063861527,0.9746158247536795,0.9329508500542759,0.8847496718327951,0.9592530079416792,0.7531664962860438,0.9814835343992396,0.9967162707875041,0.8907923250289275,0.9297805173612401,0.855540044978113,0.6051978692497141,0.9758540165688523,0.8245690178095881,0.9801539863244029,0.8316884963561104,0.6718882081233242,0.8654400835253705,0.6546317095782512,0.5617363541352438,0.4296724077684979,0.8571243634021899,0.5599265904206641,0.6056008057676285,0.40905083947027826,0.5750034811087905,0.5736010441522302,0.4370651829618907,0.14248030275428383,0.4786465917086989,0.3752767825094205,0.6787533314537846,0.47539455408184506,0.4793255342285958,0.3130660178039278,0.47514680853151997,0.6432780521545249,0.8240061541385384,0.3082582716833967,0.2486473344672186,0.6919423701365071,0.3448045083322097,0.5979097272429588,0.3343110526534435,0.23977698429857422
ROI_032,1.001895744311436,1.0536122320539105,0.9961893786899717,1.0853511541673555,0.9753111958062802,0.9261242282922776,0.8788715146286326,1.0552440077860281,0.9623315125820661,1.0983032998420914,1.0430797854219314,0.8492941561811767,1.0100925634658098,1.02382659791559,0.9112527331728907,1.2233789724078976,0.7823778723152044,0.942148334208218,0.9341134666410081,1.090393908851379,1.0443926137126698,0.731254780656681,0.9092049413948387,0.5816659491505463,0.9146411777154612,0.26382488778288976,0.5936845747108895,0.7681796964022324,0.8189912893122697,0.886868727474931,0.6407233186642003,7.254328619247669,0.9513933136518289,0.7671210218090112,0.6177106388420444,0.6272633401397414,0.95726191629207,1.2957247898532924,0.9393671162786366,0.85212763802447,0.7506428796881845,0.34745103366864777,0.4576897369782632,0.8740207479728054,0.9234843529465303,0.64979693261195,0.5157796020719687,0.6685285068554992,0.6231013392523266,0.49843198214564316,0.7843086720857994,0.9772153699277057,0.9895938545552612,1.0417631536678578,0.8869553062436797,1.003031877927544,0.9007973266448458,0.9927988526179804,0.8033428215125585,1.0282127387079054,0.7125250258919776,0.8339137147368784,1.0730080035567569,1.0279224083983405,1.1554022530915755,0.9168717999237165,0.8614815420891049,1.1241842573284284,0.8317195601841102,0.8386609366330392,0.9733803761775411,0.5417697193220994,0.8638870326498288,0.7202981521020326,0.5218604574587861,0.6488141845329733,1.044125931511959,0.5569585945598106,0.5789295588452271,1.0412538941028011,0.7206115159698561,0.5107230289842137,0.5637362542344382,0.31881548855937986,0.5619198714051393,0.5442606195900391,1.0384500137137653,0.5733155460355049,0.769145770526994,0.36346079541814985,0.14747044737989873,0.8111904840448457,0.7266964446676939,0.35412158423229984,0.15086426579265053,0.7391599158326666,0.4596260894949894,0.782476985128439,0.6914951826293823,0.4593830416405811
ROI_033,0.8068287277724931,0.8973939660312908,0.9748863871053162,1.0825672114902465,1.1856363613786902,1.111643575068806,1.127527365139982,1.073902175767712,1.183435233552876,1.0390242208830534,1.0015259500352363,0.6410421827290487,0.9818201945191078,1.351608210204826,1.2622570562019395,1.0685965204766554,0.8593333422198873,0.9114896404667298,1.0837379324995728,1.0522251727712075,1.033353884315829,0.9554345951160512,1.0499523138469178,0.4492504097681689,0.5430799254176388,0.01897541276693407,0.6995858581689115,0.6583524292668248,0.7642345345572018,0.831765766968915,0.9358431650975348,0.9513933136518289,7.254328619247669,0.7604116119049737,0.9446481630326914,0.5095824209121469,0.7323015398050364,0.9650072213846476,1.0629433539614632,0.8370613488609255,1.1279554890559134,0.3189834548683115,0.6513356454471583,0.9994844513464873,1.3322606238104218,0.8825500615761505,0.8287247656793635,0.935793698543491,0.7260131823896284,0.5566424406102727,0.6306539160633573,0.865304702910345,0.8602489964136243,1.0876018785393122,1.1729240318508072,1.0785407551776691,0.9163754980471885,1.1801892675697883,0.727036511174825,0.8764516359115523,0.5240768187702821,0.8979111435529608,0.9512120627794683,1.2198520308855885,1.1115633589725598,1.2822215235487586,0.907535582503468,1.0765768242989369,0.7257939492315331,0.7803233671956935,0.9553103866025497,0.49016356918388615,0.8578347524056082,0.5797734724590674,0.2607320033713367,0.3170527555621445,0.929866499189249,0.32712079231068814,0.4183376744290089,0.4510189504275273,0.6871948357009051,0.7199314787598191,0.7306682668748521,0.47254971405552293,0.4958043360234913,0.808591612688287,0.7621464030884763,0.5801008096871845,0.540733469311291,0.5607300328395206,0.36674781722783617,0.5274829288692161,0.8213585255242902,0.24100849008212588,0.23451349684773623,1.0225831502506817,0.7216325923869104,1.0199489604729026,0.7156717720855994,0.5120681799235297
ROI_034,0.5463553796185789,1.0566720539296053,1.0091662898376053,0.9438503020615763,0.8176818580519576,0.791185796768539,0.6272422317983656,1.0413735721727222,0.9037151201383327,1.2293651302847488,0.931898175860128,1.0584645028253659,1.0083095460783722,0.8815721991602664,0.806360898439869,1.1579843288123668,1.5028414341688299,1.4944329634409244,1.2871954252433353,0.8861103228018762,0.9820329126349963,1.2921697674405483,1.1461528762552955,0.85883310143858,0.8392101248529338,0.3161195785805643,0.8423952113364194,0.7509155244751817,0.807744787470459,0.9970604022995868,0.7398778158118767,0.7671210218090112,0.7604116119049735,7.254328619247669,0.6598468797790891,0.37329691880129456,0.7386753870902115,0.6408568530680957,0.8093960302236711,0.7286226207368702,0.6774983387480293,0.12994616971140083,0.24843653209365135,0.5073301649138297,0.6910778084232434,0.2694430926620834,0.3433063265673855,0.3843088742202193,0.3313845326514129,0.1839744392847859,0.6324601679155374,0.9702554934867488,0.9633918928340826,0.8530359858114026,0.7592291901388277,0.7998617750921923,0.9443718342733123,0.8736984593863256,0.8075991516965236,0.8587121179555983,0.7778412585699167,0.8776162445208583,0.8636608214185097,0.8098773721919378,0.858866388375494,0.7907165307679624,0.56568915952221,1.0409490138936206,1.1875451971944195,1.2801084211690967,0.9018593115616622,0.8214613800563163,0.9312620147353886,0.7121427398673118,0.6446732683783841,0.5035806942368972,0.9312614291107507,0.6284417806839304,0.27940717029465134,0.432615473686014,0.7496448472650535,0.6813966909114662,0.39960984115148085,0.2521969771654648,0.6202452809204722,0.44475268859626943,0.8054673149557253,0.587823456585083,0.8406867960595288,0.11488568740774185,0.10959213637939966,0.5224044343900556,0.7543530464005566,-0.004621659925504121,0.09369610106039032,0.41679230538551365,0.1371986459759526,0.641839898214292,0.3735927903327634,0.16443014497162114
ROI_035,0.5302423314457123,0.5044560150027909,0.5532733284625854,0.6345208672622186,0.6914757392957814,0.6251752841174424,0.7387967673085135,0.6290866587230673,0.6622533425307523,0.6222680942643255,0.7427761305579308,0.42958732452943565,0.5951241340701127,0.7402853494768522,0.6554752499061939,0.6623447579525489,0.6813136741465731,0.6347275852407142,0.6942501748935093,0.6060422539812481,0.5769459887291457,0.8604793967370643,0.6890564717711585,0.36745445585168013,0.44100661587467876,0.33537460230085947,0.5328176564301043,0.42538500167240656,0.4504161215164497,0.42910042409010285,0.5333143376957089,0.6177106388420441,0.9446481630326914,0.6598468797790891,7.254328619247669,0.3446652241281304,0.41177897827751264,0.4877977392040692,0.6420369659852867,0.5382769677935184,0.7801155032050635,0.3969477134616252,0.85518177560711,0.5258669312526002,1.128963753982629,0.48286693607010067,0.7021619915577844,0.7663849562461583,0.46768536262978905,0.3088902982334471,0.2500010824267117,0.4113886591356465,0.4776905548929567,0.5864516386932519,0.6520762124231265,0.5838498698855269,0.5167270582669926,0.6239288773178043,0.3145848370522612,0.4005140353434315,0.2677071317469668,0.4734635604711499,0.45439248019613865,0.5998901831456758,0.5411723248714123,0.6766245278439066,0.5269592991354307,0.569480467150841,0.43603762699362136,0.42948692466870053,0.4784554635550698,0.1908936195013721,0.47537329889582275,0.23398320145696544,0.11085329733684297,0.08312591437908483,0.47011269031529057,0.1066318201835502,0.11744496114991468,0.11723731412645563,0.4593706161119761,0.5298731548450077,0.6429542307376689,0.6285167396726518,0.3288910057878887,0.6068052804167232,0.4367834258641384,0.474310364107035,0.3392202066237252,0.27733134162338224,0.05742126503588049,0.16597263448241092,0.3281953775547371,0.0643735164803026,0.10969086315815656,0.5619373217227461,0.4825819959827747,0.6182665787906005,0.3989425842532343,0.2459062860540634
ROI_036,0.600970308095692,0.5628619994608862,0.5454049892054349,0.6165040450852123,0.6454637935764159,0.6708536839139816,0.702088639985079,0.6105277762556426,0.7299004672160821,0.5193563879886626,0.6169297422838921,0.40896915988032034,0.45029954029980773,0.5671324094114377,0.5762706020585178,0.5717545897111884,0.3134636776149087,0.48093255319728123,0.4661142557436546,0.7197265735776769,0.5849367493304234,0.3403805570082318,0.3464553658026943,0.19231306790202912,0.5291870922316484,0.2366282581695484,0.5201784363149516,0.6596754431112533,0.48367876666894266,0.4788227193255283,0.1324794577753588,0.6272633401397414,0.5095824209121471,0.37329691880129456,0.3446652241281304,7.254328619247669,0.7947071302382344,0.9238136278241276,0.7620728896525902,0.8664306297660435,0.5820938564642071,0.615469620158747,0.41413777048106304,0.7177505754299642,0.6409720349713149,0.6572662216360037,0.47562163236850624,0.5678525832676781,0.8056624909028951,0.764619770316831,0.18412876997274555,0.45988194125522935,0.49347101754216127,0.5764429644808118,0.585067811659105,0.6528428812429676,0.5182955840343938,0.5975010623493529,0.3617254171191358,0.5678487553089404,0.33341709205882747,0.40811972177476,0.5118274175839915,0.5879174873967598,0.6029109738707022,0.5508006716726517,0.5265393178817802,0.5594901688285985,0.3818844736923265,0.33177324911912875,0.634580297541142,0.1634790695817443,0.3648884464082403,0.3931990374533877,0.24177349212803115,0.3896396830544663,0.602030633285989,0.2347563353105544,0.10756801841669368,0.41502533780004347,0.3570365467292745,0.22054789904087374,0.29097023948871914,0.32481078630567206,0.3664915487085937,0.3718422467994834,0.6724969541278205,0.5605730257133688,0.7905539132207136,0.2682332074737134,-0.14527898276722798,0.4488154161965173,0.43873376787605645,0.07060322060697619,-0.01825876891258652,0.5628335809943655,0.5126868976564944,0.5308510477397713,0.8157161970561798,0.7692312286911663
ROI_037,0.6977689629002353,1.0907840351086742,1.0050210221267128,1.0536971061731493,0.9997209349172254,0.9313507692950722,0.7982549998475584,1.00222559985983,1.088352451186008,1.0262672027828854,0.9333976315579408,0.7440489158449425,0.8757266002600937,0.9331559324342844,0.9461511068959069,1.0781184618620985,0.7190955348888576,0.8634046250223003,0.914384797262958,1.1495286034899503,0.9864749040025665,0.5864726195849834,0.7450277098125275,0.4567969101338699,0.7411088928233699,0.0697626539949054,0.7375862290930884,0.8918454061908394,0.9356780269805955,0.8942582757081398,0.6132429378077426,0.95726191629207,0.7323015398050364,0.7386753870902117,0.41177897827751264,0.7947071302382344,7.254328619247669,1.1583351109562579,0.8281804887619523,0.8089970651426571,0.7803505513979827,0.274118458254445,0.24200265716367977,0.9086200283383595,0.7898351012440712,0.6991492230614319,0.49606929170218705,0.640677252334002,0.6311006942164864,0.6419245266088422,0.7673319484282813,1.1054581797915874,1.0896075779490801,1.0740504687099108,0.9655168692802266,1.020627298300391,1.0046274950837402,1.0637800350135425,1.0206920088527693,1.0892795716227017,0.7215606050370424,0.9062136575768557,1.0968361430721174,1.0724125736985342,1.1903145127656427,0.9350992960782789,0.8627488032468129,1.1237435423422582,0.9500372081758811,0.9540518570093348,1.1049523333896538,0.654817509722119,0.9531131145136584,0.8422959558529586,0.5803178981401189,0.6697490591884732,1.1257437878294867,0.5679838029213077,0.5689772695860794,0.9012574648201256,0.7876597645623852,0.6117464968847363,0.5675165963468606,0.35449533454489845,0.7037386809663505,0.5441798397284854,1.2155841772398097,0.7862761118958463,1.0520592589862148,0.4582030904455913,0.26646079506420656,0.9204842660805539,0.9591842942725664,0.4271101412118763,0.19834879006877776,0.7997043463267357,0.5038753215400716,0.8994609450805077,0.781247142440858,0.5977053134640956
ROI_038,1.0292683831376113,1.1397144961221155,1.1028255295832061,1.2787844499780519,1.226969758998259,1.167622619996841,1.150744680386465,1.20493865901592,1.2340677544334233,1.1000638604547894,1.1232680730793125,0.8079048412936631,1.0144491803447107,1.1934264121283564,1.1633779250042953,1.2449965512367194,0.6968976751454056,0.9354444697778218,0.9715535246660575,1.4389834819020662,1.1274521792123458,0.651273347195569,0.8472764112085153,0.43747071164507334,0.8474736770353999,0.11968668182604096,0.6544730169449147,0.9677286782447194,0.9772721744347063,1.0061647117419124,0.6172621306549672,1.2957247898532924,0.9650072213846476,0.6408568530680957,0.4877977392040692,0.9238136278241276,1.1583351109562579,7.254328619247669,1.1419139367929059,1.0446993646600784,0.8493736754749752,0.4679418746947853,0.4220888148853023,1.2616647906300773,0.8562242793321353,0.9118247442304881,0.5549592365904014,0.7859211891248966,0.9187114732196441,0.7846845258525802,0.728100944790344,1.1059017270928546,1.0803039922705007,1.2240888706053175,1.1137960089108838,1.239092445659146,1.0199580633221408,1.1994539615685076,0.8831499100528003,1.225208900430519,0.7144853366726951,0.9364097864638041,1.250025873797631,1.2887828153630152,1.3936807166886256,1.1445495214218446,1.0392792717510277,1.2575090672618916,0.7877410232013159,0.8134205723906197,1.2328795810628945,0.4886197125212402,0.9398756756031419,0.7994080493189802,0.48992588114148933,0.6772604183809494,1.2942985157415605,0.52200091471635,0.5639521186885624,0.8824340426868089,0.667648703870857,0.4875799940289829,0.5273347287235597,0.31672110687898747,0.563237560192361,0.587136511296116,1.081745676426983,0.6842994627054804,0.9126836854431204,0.4826276778431036,0.2182985855588061,1.0258003119338912,0.9351887021941655,0.4027900227391548,0.13682089932595126,0.9563977217159524,0.6532811926668519,0.9499499831660428,1.0563722939338762,0.7532491888480476
ROI_039,0.8532904268489534,0.8894196209736277,0.9590980453271993,1.0216783723270282,1.065236252028948,1.1098553981549297,1.1536171672600588,1.0824090903345234,1.1160095772944625,0.9749216444162132,1.0453821280401405,0.6972549281311817,0.9503392860593155,1.212688345973976,1.186487725082073,1.0003414447612333,0.7595026752967464,0.9829354592606643,1.0783126586769036,1.0759703079885812,1.0492562678703277,0.8908086000928127,0.9394698642009657,0.47592133708588547,0.6629363248199559,0.10585063130291587,0.7608488741998011,0.797315109073652,0.8207682599608105,1.0236074168439264,0.6641229557585342,0.9393671162786368,1.0629433539614632,0.8093960302236711,0.6420369659852867,0.7620728896525905,0.8281804887619523,1.1419139367929059,7.254328619247669,1.5243586900122663,1.1728360416322172,0.5511074831606103,0.7417793939594758,1.0447701883866043,0.9696655775806513,0.9749126383735729,0.8465369661646585,0.7627179825599999,0.8066505528426423,0.7205744814791012,0.46756584038004173,0.8070195193826429,0.7435469152245039,0.9441728165942757,1.0103914058153982,1.05848862175512,0.837301311171998,1.0336075343007596,0.6377842425554747,0.8739591826306509,0.5153027137646359,0.8735336088282988,0.9016317014331372,1.0447601453824413,0.994514973719665,1.1560101535271163,0.7971323313274951,1.0606007161069078,0.6952243457306819,0.7195349801223893,1.000046099881515,0.49590114586200135,0.7781554739331208,0.594829294732575,0.2859168448528354,0.36884106168573283,1.0106014696830352,0.40140436564480686,0.26683126499183707,0.4477056883974703,0.6261370994029166,0.6308248835027169,0.5662111307002844,0.33993656122457,0.536816350042283,0.7345102435845965,0.856576055073303,0.6991183263036851,0.719279982315987,0.5325673293752841,0.20979469079755542,0.6413516279382182,0.9205556855965683,0.12399275084605622,0.20694869784709563,0.8849029557505587,0.7370749118146682,0.8674407593031725,0.7777505513915556,0.6973757209521474
ROI_040,0.711307172837572,0.8460291526858792,0.8503582032216294,0.8872891761543222,0.9228227185319696,0.9779095452662819,1.0599558838861793,0.9904389222357088,0.979430223573441,0.8507066758294853,0.9612733499377595,0.6130623044163293,0.7678550249715602,1.0127057795311885,0.9474552137476795,0.8753022786665787,0.6187517861485209,0.9082041691977263,0.9342783260508621,0.9618280602030579,0.9713610292582725,0.780101990836334,0.8630272874542053,0.5368236461472854,0.6764804583469247,0.12866305934413347,0.6529591208121739,0.6734774939517422,0.6879878763022584,0.8242787580642603,0.5103712707618692,0.85212763802447,0.8370613488609255,0.72862262073687,0.5382769677935184,0.8664306297660435,0.8089970651426571,1.0446993646600782,1.5243586900122663,7.254328619247669,1.081443467239994,0.5910655289186545,0.7796102105998418,0.823408467845202,0.7766491331882982,0.8685018436811057,0.8530890369335721,0.7373274776914568,0.7788020892259024,0.7739594384059258,0.398235697952752,0.7118529015794077,0.6527199541141796,0.843179847375488,0.8350202885967034,0.94749559609337,0.7595340613715067,0.8880469945309816,0.5390816661235899,0.7450899398556463,0.39943362539986327,0.6622418386651979,0.7421993663736912,0.8567989693189061,0.8643234482364076,0.9385046240126473,0.745292583582447,0.8402114723813117,0.5733250162161124,0.67835728497534,0.9010301578959653,0.321469432460048,0.5850971985403812,0.5743599531475886,0.24071357070534147,0.30180351319189613,0.9019912973587721,0.3382761127292026,0.17324477766274488,0.47425890272983673,0.5068940283626756,0.49353329709191646,0.3560503020060928,0.21238362282092216,0.36937415912035965,0.5480975279405804,0.8791347264678075,0.6110030201657338,0.737171941884018,0.44452569985647195,0.11023649431804053,0.5125797518186592,0.716277337959761,0.09439779087536902,0.07968995131959512,0.6440515171335355,0.6093167038220769,0.6410347404388412,0.7380499878635642,0.8007882853054433
ROI_041,0.707852539962846,0.6512288559265815,0.7348046451911163,0.8273189312276352,1.0662308975116481,1.0644880146317688,1.264857511992019,0.839087292719793,1.0424688320837336,0.7116921707051356,0.8161452209593318,0.3597204139334309,0.7090118147459544,1.1911052362396142,1.1874570744139343,0.7733913070448132,0.6284192090167319,0.7082706154341976,0.9439937011621332,0.8810799907549018,0.7766573485502192,0.7302638355645372,0.8549248120192031,0.23170712864546894,0.35613391197551125,-0.21870663896750056,0.4109603345788625,0.4586951467049477,0.5305447263665412,0.6086417534838374,0.5785037041493153,0.7506428796881845,1.1279554890559134,0.6774983387480291,0.7801155032050635,0.582093856464207,0.7803505513979827,0.849373675474975,1.1728360416322174,1.0814434672399937,7.254328619247669,0.30193593512028577,0.8471656305951133,0.925969954013229,1.1938377912166693,1.2271912338753754,1.5956627025069272,1.1936323685861119,0.7929875770559456,0.8379783004737186,0.462169338857369,0.6186778169314795,0.5669686609766125,0.8720055539920036,1.0270822867438687,0.9679565839882549,0.6403894862322062,0.9699410490312727,0.47801579289621526,0.663910118250291,0.22523364101050491,0.7589382170403508,0.6847307280992768,1.0521660048891348,0.7950452451304919,1.2458398601010954,0.9143841845522249,0.8444648258167905,0.5645784900814519,0.5680905737546014,0.716352220831339,0.334600236966554,0.6523126187873203,0.38500153419596544,-0.014268029440490364,0.09730754294222846,0.758787327122003,0.05464026451807983,0.21130277901168448,0.3848000413668791,0.7489994616536968,1.0531970586770223,0.7729730869100597,0.5291777709280681,0.39402486780101964,1.144633262146348,0.8171288747773707,0.5967396299582663,0.45229333663394294,0.9909613578471352,0.33887728752519874,0.44155506524041027,0.7530950233450168,0.17461746874438622,0.2664755158587247,0.8339547147611485,1.0338430303737614,1.0566224462682932,0.7995940796970255,0.6968778715043932
ROI_042,0.43259357480041494,0.24517667155676687,0.2561236900372383,0.3261331388850493,0.3392246131579633,0.38457805706319226,0.48183247533160994,0.3433004516650492,0.349831526032899,0.2477257893242476,0.40926763185341225,0.27821903128262143,0.2877347532190766,0.3287878503665328,0.29066085638129546,0.2763495115605949,0.13410665737635394,0.252076555788924,0.2636642607579027,0.35036104575933485,0.26453001239058616,0.27401425849016986,0.23341268269495713,0.09034682832978307,0.31957038371503904,0.41093339505648535,0.3998964055181586,0.38653638052275135,0.28357501620385045,0.302572792502756,0.14691366708506012,0.34745103366864777,0.3189834548683115,0.12994616971140088,0.3969477134616252,0.615469620158747,0.274118458254445,0.46794187469478543,0.5511074831606103,0.5910655289186546,0.30193593512028577,7.254328619247669,0.609816376565603,0.4814180998306127,0.38238454376232145,0.42589180105180635,0.32227748633776704,0.4195898682612494,0.5391198464303484,0.42098481266427795,-0.06545275966271692,0.18448406808605983,0.17109418258496673,0.2750534692176929,0.3181672896712265,0.3431583032846981,0.23069366440867478,0.27134898419350334,0.07346168417586338,0.22606385169006904,0.0942613332587561,0.18278601752284995,0.24302496749244265,0.27747426090629407,0.26831800260179267,0.2934175645093909,0.21372967792908545,0.2576720283674808,0.04278189810661138,0.046977464402490496,0.23776547039036158,-0.06451415958754454,0.10598659126715688,0.16046248724910803,0.026886934145560478,0.1015452427753551,0.27338982075034407,0.09974410630841757,-0.07717148941177177,0.07282170933312476,-0.04602307381941115,-0.10435529644086936,0.12261625108821035,0.17018169589695328,0.07399784278093197,0.13120611017757527,0.16163321803876868,0.3073490937698702,0.25720985104000493,0.0713259860459008,-0.2690377861347103,0.1873247562785718,0.10534157246173118,0.04913772796728579,-0.06746074090309828,0.3374750105679525,0.39999480566821,0.18958739455150755,0.44579316258225804,0.45977340449423765
ROI_043,0.40440029121717674,0.19681525499635155,0.22637771474195417,0.34034740237667654,0.4492620891831358,0.41176932831223484,0.6455662635684264,0.3370619986878519,0.3768085307108292,0.23622671449889338,0.4053847965728812,0.033781200655444786,0.22359530735630287,0.48717876532565574,0.4033862225660271,0.2950742333543949,0.15838430056660024,0.2514492576796148,0.3347153740823558,0.31307239264666076,0.261751222889977,0.4129070959339755,0.3705370829261775,0.12279789250192946,0.14677050527015645,0.04321793527147508,0.1832264254505018,0.12575642442749996,0.0906065506814525,0.15381050692179898,0.1972344968915395,0.4576897369782633,0.6513356454471583,0.24843653209365135,0.8551817756071097,0.414137770481063,0.24200265716367977,0.4220888148853023,0.7417793939594758,0.7796102105998418,0.8471656305951133,0.6098163765656028,7.254328619247669,0.39518423921487955,0.7616562874903036,0.6718786866828317,1.0970229314083688,0.7476240382833185,0.4776421948164934,0.4913088584401217,-0.012659887932396415,0.07334040432942103,0.10365525080552943,0.3222688947684953,0.39548306498945107,0.34701580393909975,0.17379676969312555,0.34362049819861856,-0.0370758017186267,0.09185178522435043,-0.1700109527111739,0.11468750143836802,0.12783457754748506,0.3434493749860726,0.25257258265589594,0.4434160332806619,0.37465273527947784,0.2277176336683312,0.04776334824044937,0.08199665685635923,0.20035241290021544,-0.12104893009398766,0.09787906335864888,0.05737645559916276,-0.32433822167662996,-0.24752729253774672,0.19878272753799822,-0.21789682912379865,-0.06794389914606858,0.03463832920532369,0.19615369380827005,0.3573487857189414,0.43973767154982113,0.4048716603990999,0.02723946499072391,0.560640408281637,0.2796318508337296,0.20618711536011425,0.10531223131663678,0.4588420122122324,-0.02266655275877848,-0.02403668443907858,0.17958770267988836,0.014377938487262754,0.09970993421091577,0.37119385245811576,0.639546901123775,0.3425726179437314,0.36817020427470665,0.47609256394956556
ROI_044,0.9870962346396553,0.8590703242134259,0.9644761172420029,1.0670230992531853,1.179723839569552,1.255664537851141,1.351114926667879,1.0500734342082942,1.2880784120751627,0.9025665302573184,1.0264381966650677,0.6363957250697737,1.0128682697680882,1.2926577583009584,1.4559482335866212,1.004006518920117,0.67552616274622,0.7741039743079153,0.9232601242387508,1.2981445208492182,1.016138163189052,0.6092041489595571,0.8271181646153392,0.23585359493842842,0.5466838481789993,-0.0018131892551015477,0.7076970906227664,0.9339558392484303,0.951736640036884,0.9364701278774021,0.6425813868686479,0.8740207479728052,0.9994844513464876,0.5073301649138297,0.5258669312526002,0.7177505754299645,0.9086200283383595,1.2616647906300773,1.0447701883866045,0.823408467845202,0.925969954013229,0.4814180998306127,0.39518423921487944,7.254328619247669,0.9157008475568551,1.3451114148396552,0.6968390001115058,1.0317527328367209,1.0804040578026723,0.9529553347404844,0.6532626277699998,0.9526631785791713,0.8793680781636476,1.0966395131307758,1.232677375790678,1.3290981134402189,0.9199520114857267,1.2065198675291404,0.8735788735843316,1.1402813681460913,0.6811612750495966,1.224009461496536,1.220829856232206,1.3756905687933623,1.193027381458814,1.391232933836439,1.1655880901491884,1.2241784293236948,0.680018147712713,0.6298882013740865,1.0483865209345276,0.5043035611740805,1.0344387323973643,0.5950742646604447,0.3558920836452325,0.5899494334983918,1.1546031840253348,0.42963040298574207,0.43946510439516145,0.5839805528529304,0.658058913776785,0.5617996225762357,0.7271830139503971,0.5074995044478953,0.6394501686622691,0.788024980816176,0.774315382547477,0.845349147667319,0.6503118418929674,0.7009676533307311,0.3896416058815455,0.9331401327877777,0.9616935444123665,0.3885712303773976,0.3159043853412493,1.5230689106619852,1.1066278381878294,1.371079060543757,1.1702492535757576,0.8137942209427792
ROI_045,0.815236533115076,0.7119929150863118,0.7572989627158258,0.8893319085254341,1.035423797070371,0.951133177625464,0.990809825509224,0.8461925157426777,1.0180106994004914,0.8024589578473651,0.8416425770737058,0.4631713659801539,0.7572473060488899,1.0428323618863147,0.9868635655239546,0.8696436349448411,0.6745741552580103,0.7248953328054237,0.8631231229226948,0.8782766187270199,0.7644532916426585,0.7886544494202675,0.7793646805491493,0.277903621615161,0.4197123998875678,0.061529645378827956,0.6785043953016326,0.5971930854608928,0.5927097774769559,0.6431606049288543,0.6840131926259346,0.9234843529465301,1.3322606238104222,0.6910778084232434,1.128963753982629,0.6409720349713147,0.7898351012440712,0.8562242793321351,0.9696655775806513,0.7766491331882984,1.1938377912166693,0.3823845437623215,0.7616562874903033,0.9157008475568551,7.254328619247669,0.9111226711887169,0.9631482169454633,1.0041031345472011,0.6945241542824422,0.6314411499664215,0.5025797014090498,0.6665916652051617,0.6933575634350833,0.898861193311517,0.9953290625131597,0.8988531530396758,0.7355413037728838,0.97145007496957,0.5548169021155641,0.7098331606092096,0.3940044080945247,0.7192170237219763,0.7434470780078212,0.9948316569885407,0.8518612838307856,1.0227916311179914,0.7954651652475608,0.8949487977059059,0.6287756965778862,0.6160852265743502,0.7205789460125018,0.3668307915083134,0.6802182838702251,0.43489850421207826,0.15256910546002334,0.21845853219161948,0.700346356948681,0.1897634500582512,0.36991349774981147,0.40588850914184826,0.6601470387066547,0.7413746950988487,0.9355824820330592,0.6269768979512834,0.5276179295262946,0.8824493483785384,0.7587252123288752,0.592143578380594,0.5324496350697947,0.5869540140341064,0.2353328066405189,0.4545888043900224,0.6611438756262319,0.2784914116746255,0.23706616211702672,1.01228401091584,0.8278080428417675,1.0189345008199617,0.6823753198148343,0.5364224670075147
ROI_046,0.750296097976324,0.4802435129945567,0.5809569667388798,0.6639678963043474,0.8778099024108564,0.9333727261021969,1.2297355078486465,0.6479502450061281,0.8919814565316785,0.4921810949493995,0.6590015225147184,0.1993787418321054,0.563847771825551,0.9940038912320454,1.1043667166143585,0.5854614352683685,0.3338279120428923,0.4327861174389693,0.6141062835256431,0.8213651556865614,0.6466279913097123,0.3820792357273002,0.5857478464820882,0.004910281445254209,0.2098873541490595,-0.31131735354167417,0.38682897885552353,0.4974462056915801,0.5084527087984132,0.5188208913237213,0.430509575712614,0.64979693261195,0.8825500615761505,0.2694430926620835,0.4828669360701006,0.6572662216360035,0.6991492230614319,0.9118247442304881,0.9749126383735729,0.8685018436811055,1.2271912338753754,0.42589180105180635,0.6718786866828317,1.3451114148396552,0.9111226711887169,7.254328619247669,1.2487746046068133,1.323748518731778,1.0388658661439447,1.2690081863177085,0.41697780975435483,0.5165702222940439,0.4562693527921862,0.7423769927270968,0.9141937955799978,0.9159686620833449,0.5169197886444225,0.8253951933152318,0.4485573506304829,0.6414963266849186,0.20961501237091698,0.7108533554940966,0.6679829640012582,0.9514706222894264,0.7534950963474889,1.103411711786891,0.9937188964631093,0.7167835280458933,0.3488144660088355,0.33341876995855924,0.6578955269239504,0.21077657997929186,0.5798353627635519,0.3383515441497975,-0.0585615945150965,0.17191986775137447,0.679135594974904,0.04371128336567285,0.27472774503491115,0.41723308880920496,0.5208003068998137,0.622210742724693,0.7358710376359627,0.5043835373298557,0.3794589434699765,0.9504287156076294,0.6111220700305156,0.6123600604074351,0.35422455296082633,1.1838976987734635,0.4230716278205502,0.5531521869365484,0.6968339971764879,0.39071019750520214,0.3384692276542652,1.2097916117024459,1.8661956626922624,1.0999511232061248,1.0660206239077619,1.0561331893862904
ROI_047,0.5450012945162552,0.3222465326913749,0.40610626401299604,0.48925345989442287,0.704143100673761,0.6924742443903252,0.9850577111222855,0.49256335258781375,0.6613606806369854,0.3630080263319358,0.5227837874893997,0.057289786052595486,0.3800726897590796,0.8111635113512962,0.7989248365296212,0.42442704076352256,0.29410167255651304,0.36308682961821515,0.5478648319448747,0.5462386150017741,0.46083368102724254,0.44451406843487873,0.5606930768330967,0.02002025328626801,0.10354398840017913,-0.3153469695513184,0.21638307164012868,0.21381483928486716,0.24500790174385434,0.29748661539972915,0.3085875622360931,0.5157796020719688,0.8287247656793635,0.3433063265673855,0.7021619915577844,0.47562163236850624,0.49606929170218705,0.5549592365904014,0.8465369661646585,0.8530890369335721,1.5956627025069272,0.322277486337767,1.0970229314083688,0.6968390001115058,0.9631482169454633,1.2487746046068133,7.254328619247669,1.2633083282091824,0.7094685406575478,0.8602642754133223,0.21458198449266078,0.27581985083829713,0.2503521647500878,0.5424592688557108,0.6857952596124256,0.6285599347871416,0.3267396802029451,0.6052988969293013,0.1929252181920978,0.3264542709277725,-0.06653834065246429,0.4290159522091231,0.35324737768067344,0.6740307258123177,0.4721149101702059,0.8504900249186984,0.6922956616609075,0.4687571068890289,0.22682288880503448,0.2355955542259702,0.4118092186199033,0.058310050165492705,0.3426936439791427,0.1479598204682845,-0.3088020745492516,-0.1548335586242308,0.4179109658342705,-0.1942114076569817,0.03707697960695719,0.2083747373039047,0.46219022998493964,0.7497149132260554,0.6564652439816793,0.5067094913788068,0.17762138927752158,0.9928626865353012,0.5161576169524972,0.41487230229792693,0.180493948533457,1.0250341465530854,0.2662878654904544,0.17415236124270314,0.43929906103691363,0.1432133131849342,0.2253121549613461,0.6625151321311143,1.161948981313908,0.7818137120514014,0.6671903425132281,0.7326397854018069
ROI_048,0.7919521403104651,0.5274615718810736,0.6510465427572273,0.7433427306087921,1.0206213755920532,1.0295733034504062,1.4878737819600831,0.7347491348712962,0.9732088424941192,0.5585056996112723,0.770299628688417,0.2603714977283908,0.5846280464646232,1.1369205400717552,1.1094177584714062,0.6434912534391064,0.46829681174483706,0.5274148814401987,0.7040301179468749,0.8618246324202143,0.6395931808620877,0.5338830133189011,0.7420848007927726,0.01507195552911253,0.27159686779022624,-0.18324263435633006,0.3715817374845266,0.369349441603969,0.46389563641710585,0.39972014961734986,0.4008204350132693,0.6685285068554992,0.935793698543491,0.38430887422021937,0.7663849562461583,0.5678525832676781,0.640677252334002,0.7859211891248966,0.7627179825600001,0.7373274776914568,1.1936323685861123,0.4195898682612494,0.7476240382833185,1.031752732836721,1.0041031345472011,1.323748518731778,1.2633083282091824,7.254328619247669,1.1749819723273263,1.1711399360128605,0.32673209577768797,0.4951196315690829,0.4656808485902376,0.8236721497930121,1.024254409075881,0.9882259411737924,0.5494054247304766,0.8765544806412039,0.38189831391782497,0.5735118559054297,0.14784053123759974,0.6392751407890613,0.5980839455090116,0.9878150353126376,0.7016281186880164,1.1719648449602584,1.1420279303753902,0.6971152770302985,0.31138964448898504,0.3490884101283255,0.6170238224790618,0.10487651214941561,0.5417899365791452,0.3471813335774602,-0.10613340519846824,0.03206839149144105,0.6346103103818556,-0.05298968002989126,0.10453031451765071,0.3475367969938831,0.39388901900188117,0.545890611416274,0.5869737025662359,0.5150256805542133,0.21247129724461386,0.8046876632345094,0.5394397751365421,0.4816389591060522,0.30734009624069,0.821389804018919,0.22386495969866116,0.3795674787510284,0.48641068071309906,0.1941130276180975,0.06793884178145437,0.9052593178120576,1.2506915969604668,1.0194916107035235,1.1614879369470597,0.9455472176389571
ROI_049,0.7917352482882556,0.6420719814627416,0.7640639220306378,0.8532049744386423,1.1054797068525755,1.2546133634074526,1.4153323711139025,0.8490418587147694,1.0893003802402443,0.6087363948335224,0.7637896738619468,0.3850821620601174,0.6258219362034907,1.0256691395101836,1.0297123314902652,0.6882822939397591,0.4478277127458697,0.5711569682709345,0.7001043909395329,0.9518368359693757,0.6964869855141649,0.46607161401413716,0.6043823456492886,0.0066624612815414696,0.40516114203012765,-0.07058125422547981,0.44351257548309636,0.44878714525847796,0.5989796717376676,0.4599204313110009,0.35474428985830175,0.6231013392523267,0.7260131823896284,0.33138453265141293,0.46768536262978916,0.8056624909028952,0.6311006942164864,0.9187114732196443,0.8066505528426425,0.7788020892259024,0.7929875770559456,0.5391198464303484,0.47764219481649345,1.0804040578026728,0.6945241542824422,1.0388658661439447,0.7094685406575478,1.1749819723273263,7.254328619247669,1.4337344022974692,0.28075278101559803,0.5698626249457063,0.5230644021127987,0.9113375535126116,1.1558430941958222,1.1717499838403818,0.666337264666354,0.9587226991537288,0.4210457374467421,0.7242208704420391,0.27654908662760247,0.6615570471336103,0.6742531563136318,0.9847894275960855,0.684141459782507,1.0308147456054106,1.0799794701192469,0.7478683681067204,0.24511427853687018,0.3373704257501109,0.684520954676395,0.12979818926265116,0.5022734017295942,0.5010144065680285,0.04074243362722769,0.1731069700099954,0.7144868820778562,0.018638076060070837,0.05154975638725191,0.3649169409726014,0.19728526197224658,0.26338430892019765,0.28192147214387114,0.21789744802500355,0.12496468294319828,0.4601527711117989,0.5446960352647193,0.4222253024354953,0.4490001687334443,0.5154759206857968,0.08464820540172763,0.5398122661311513,0.49580699203097944,0.05031841144003518,-0.07047696091438319,0.8709109301753911,0.9636430735254783,0.7581968553390527,1.7965520880950314,1.1485357682964425
ROI_050,0.6363707775856614,0.44586295526667025,0.5645474915401834,0.5939503300068456,0.8047633467745843,0.9321309001737739,1.1322631366265392,0.5949891182921657,0.8324527501982374,0.39349296626702374,0.5668391231799744,0.16214118725135587,0.4383363881594087,0.8091645844239298,0.8470750751577948,0.4777319787386821,0.24665965037985846,0.37665314188202625,0.5125587378522642,0.7204047628959551,0.5038299299821509,0.29638070725584076,0.4846131928365573,-0.1274795698558719,0.20029343985002837,-0.2822074865816906,0.31218831089156723,0.3008693499003505,0.3997638631786041,0.31484284053212935,0.21606454215922208,0.49843198214564316,0.5566424406102729,0.1839744392847859,0.3088902982334471,0.7646197703168308,0.6419245266088422,0.7846845258525802,0.7205744814791012,0.7739594384059258,0.8379783004737186,0.42098481266427795,0.4913088584401217,0.9529553347404844,0.6314411499664215,1.2690081863177085,0.8602642754133221,1.1711399360128605,1.4337344022974698,7.254328619247669,0.27075275419234074,0.42881182165245874,0.34971603817582825,0.6788079001020719,0.8486562594794547,0.9217187870204743,0.45919512940556534,0.7294938218022715,0.3094216003546286,0.546594120501316,0.10987397236612255,0.5183285685029052,0.5082860674109415,0.7668969328200518,0.535686028701605,0.8576749371538085,0.9694119084231653,0.5775327205875727,0.14976828281168927,0.23663293564307278,0.5239223420432781,0.04105890415591407,0.3828442801297492,0.37576411179668134,-0.10778963880672428,0.05876992100373709,0.5276786506250659,-0.08870597583614491,0.054738364998890676,0.4044967958769931,0.16059599862205426,0.2798735572498121,0.30371579459267856,0.20669707921752645,0.09044381403514533,0.4734789471652426,0.5084510109101823,0.3416142625586832,0.3393953147974852,0.7402874510518519,0.17977653835539945,0.4794080948767587,0.43512810537126345,0.1805345581786852,-0.021620730555349237,0.8011840811870545,1.1532866487872346,0.7171685117037921,1.3849950508361932,1.5969787615131512
ROI_051,0.5427866944805071,0.7841317537996464,0.7607544918649631,0.7053208479755796,0.5994659982594037,0.6148202848993726,0.4775391028546574,0.6674874626877775,0.6634588254272651,0.789567405293346,0.5856087448340284,0.6705314136060911,0.7913210279720043,0.6772094372829444,0.7036437561283557,0.8300983273458765,0.7208548949664381,0.7094535331339408,0.7614691029564357,0.7143482606324831,0.7601494803223598,0.5622707281314657,0.7419454734421882,0.4947122649485549,0.5309570898431686,-0.051842106424229456,0.4679857269515321,0.6255359987169884,0.7340646329398943,0.7791953572430205,0.8389038762101025,0.7843086720857994,0.6306539160633573,0.6324601679155374,0.2500010824267117,0.18412876997274552,0.7673319484282813,0.728100944790344,0.46756584038004173,0.398235697952752,0.462169338857369,-0.06545275966271692,-0.012659887932396415,0.6532626277699997,0.5025797014090498,0.41697780975435483,0.21458198449266078,0.32673209577768786,0.28075278101559803,0.27075275419234074,7.254328619247669,1.0012529560698369,0.9020446792301755,0.7482263062621386,0.6521190613956552,0.6917390343176627,0.7585020008039987,0.7425170758916421,1.0449315994117816,0.9847343434063552,0.772201170360063,0.9065381862899177,0.997971508210789,0.7654438315950233,0.9000820903572807,0.7086438782619805,0.6725894986342574,0.9352016640532121,0.9284705023537484,0.9376081623258692,0.7478049715161681,0.9306608632859342,1.1422757684839924,0.7319798802564959,0.6519049500556549,0.7259118416215683,0.8423602438801148,0.6470930783199709,1.0702419534749004,0.9826359747815648,0.7361942283491307,0.5861656733657964,0.5687369336842215,0.19898564703132415,0.632417212311707,0.4292093623953109,0.7613375964793928,0.4886915892949602,0.5443834691557565,0.4186694999996688,0.6793213460459051,1.0269316117745184,0.89386439900133,0.6103654712366056,0.4577793794553139,0.6257969627955248,0.32162373834609487,0.705918341797264,0.3793277650783865,0.209833490275818
ROI_052,0.7425668709586652,1.8859928446415812,1.6124958600837598,1.5542408921847901,1.2117941439049957,1.1623818533547503,0.8461162627692163,1.5775140329647002,1.3557751602340795,1.636405045141475,1.2337463970881577,1.3022351729268913,1.4510907599274057,1.1523450119604133,1.1319617499952888,1.6838864212220084,1.1973680041467964,1.4251446449411889,1.3535967419558237,1.4663252912151372,1.4298654537686537,0.8989287527868065,1.0741821781291123,0.7255813691534801,0.9801287435107296,0.16888537242933122,0.8977348189067041,1.0370083644232249,1.3451137027231022,1.2882421188843665,1.0227408226684835,0.9772153699277057,0.865304702910345,0.9702554934867488,0.41138865913564643,0.4598819412552293,1.1054581797915874,1.1059017270928542,0.8070195193826429,0.7118529015794076,0.6186778169314795,0.18448406808605983,0.07334040432942102,0.9526631785791715,0.6665916652051617,0.5165702222940439,0.27581985083829713,0.4951196315690829,0.5698626249457063,0.4288118216524587,1.001252956069837,7.254328619247669,1.9381154551734268,1.5389704218126432,1.1757157106081453,1.3130110902855536,1.8734603333749005,1.5178391918965806,1.6832582205800632,1.9603611916929427,1.2972467479317926,1.4078400777888234,1.9654135755982969,1.4010286276272517,1.628054840505398,1.1252083564822672,0.9734813522955927,1.8115073271508697,1.3530266688899075,1.64294289267729,1.5154798753413738,0.9427264646395429,1.4978765109828316,1.2116317791419862,0.963373018249859,0.9016353227764669,1.649616274609268,0.889191119967639,0.6845656624519912,0.9053689684035053,0.758349607706895,0.5499737655726673,0.4279089305323272,0.21035574029852014,0.7119593305222518,0.4060762741692191,1.1441480706608964,0.690432356521984,1.0043134649597785,0.2879733792013204,0.38655345496422844,1.1758268266648544,1.1835570263149888,0.3855011619709042,0.13201380973707,0.8032517505268748,0.33970175043043294,0.8654766961492044,0.6713006731415694,0.438656584329012
ROI_053,0.7354187873501408,1.971889064280618,1.420760608357702,1.6652646367211432,1.232328369376557,1.0548636512885534,0.7761940957964081,1.5041827480930186,1.2919520249399923,1.639733973695928,1.177736037396231,1.2314372857570344,1.2630095176555625,1.04326617228311,1.0040070948187272,1.803128963868163,1.116772262067625,1.337067999910262,1.1567868821401,1.4836575621406862,1.3329339906083324,0.7943537974889874,0.8997801578923124,0.7495264308372642,0.9925788057176526,0.25708640323255366,0.9221731896272077,1.1358912836323443,1.2887565450643703,1.1612583592744983,0.9267364218689061,0.9895938545552612,0.8602489964136245,0.9633918928340828,0.4776905548929567,0.49347101754216127,1.08960757794908,1.0803039922705007,0.7435469152245039,0.6527199541141796,0.5669686609766125,0.1710941825849667,0.10365525080552944,0.8793680781636478,0.6933575634350835,0.45626935279218633,0.2503521647500878,0.4656808485902376,0.5230644021127987,0.3497160381758283,0.9020446792301755,1.9381154551734268,7.254328619247669,1.5887408715905167,1.1290157936735024,1.1629583499570704,1.925696488386026,1.484046124176676,1.6774830002064778,1.6828374001821784,1.3327670914550147,1.1805783885160535,1.70081472375063,1.324851221153891,1.6233440534569867,1.0133546073754391,0.9303930833044434,1.5927600816586238,1.44571597570071,1.6107068682339265,1.5805812603636866,0.8858377217654442,1.3379938917827567,1.2179613302642245,1.0064796888095326,0.9563686425218578,1.530535837771202,0.8862288423844759,0.6667450005625085,0.8408952679576522,0.8353522469168907,0.5624379024745388,0.4682747377346189,0.2864481404153351,0.8073684422643299,0.4179030790456703,1.0853978035038236,0.7275188572988848,1.154051857574583,0.22699089565530284,0.31939407081373483,1.02072658535919,1.1330601136160905,0.37055270025660675,0.15277280144658775,0.779657777618192,0.29317269999856266,0.830092141257767,0.6273575584587697,0.3565983869923168
ROI_054,0.8637399155825889,1.7516579468444786,1.562940465544926,2.384597277664736,2.1635886188307873,1.6611600614389481,1.2275933500926413,1.858247378545718,1.948732609282188,1.468420463963401,1.2888329799220426,0.922791714708952,1.2121279774546028,1.473775706436065,1.3727051886448824,1.677726612384134,1.0046073001392721,1.2539961063095357,1.2912104813716694,1.7978433511429213,1.2981904849930892,0.8280641374741661,1.013197425102298,0.4903675746756227,0.8071776514122916,0.06003059529604499,0.7916320717197077,0.8405355096188795,1.122806479142175,0.9701651706990078,0.9192087689093965,1.041763153667858,1.087601878539312,0.8530359858114026,0.5864516386932519,0.5764429644808118,1.074050468709911,1.2240888706053172,0.9441728165942759,0.843179847375488,0.8720055539920036,0.2750534692176929,0.32226889476849535,1.0966395131307758,0.8988611933115168,0.7423769927270968,0.5424592688557109,0.8236721497930118,0.9113375535126113,0.6788079001020719,0.7482263062621386,1.5389704218126439,1.5887408715905174,7.254328619247669,1.8720612751993482,1.7112268013034322,1.8193946553292912,2.4605968337752553,1.1761967401968865,1.5441618784291946,0.8442762426184737,1.169870961743839,1.4865768164090936,2.049081047497682,1.5336016488747637,1.4588972440246915,1.3529747880035654,1.6404504090547196,0.9733525944476056,1.1961565319079654,1.451362309305657,0.6380491563677688,1.1374165665610874,1.1652095701645888,0.556549245503949,0.5612822753424055,1.4312280890672664,0.5067464512154707,0.45947824607463805,0.7337733125570468,0.6515524197667134,0.6106160949808757,0.4796277121086922,0.2758119534069928,0.5448477883521401,0.5409469411178333,1.068434656914725,0.6094677868590254,0.9031140339630692,0.42909315559285915,0.29776045954054736,0.9088830717091629,1.0871168699012457,0.2679515445132691,0.06089586599631732,0.9456291080720752,0.577571507790074,0.9805171297650073,0.9964198475626204,0.6613755671249034
ROI_055,0.8637837853734931,1.2456445402860312,1.3461454336731549,1.6801667371653388,2.2741842800237095,2.1240414334870463,1.4642303815882587,1.4884333993806842,1.9650785818016925,1.203616724841446,1.1132479669466793,0.7335255204225885,1.0493533449639372,1.5715961425158929,1.5876748886209708,1.281402910704368,0.9087110301147294,1.0668482831699573,1.222753505921086,1.5703318684602934,1.123466130975447,0.7898677587266795,0.9823949023787256,0.30871504901268826,0.6104272897301506,-0.049368809427226885,0.7136313741728019,0.7357773145239288,1.0046527223713568,0.8761137530032415,0.8533508874634027,0.8869553062436797,1.1729240318508074,0.7592291901388277,0.6520762124231265,0.585067811659105,0.9655168692802266,1.1137960089108838,1.010391405815398,0.8350202885967034,1.027082286743869,0.3181672896712264,0.39548306498945107,1.232677375790678,0.9953290625131597,0.914193795579998,0.6857952596124256,1.024254409075881,1.155843094195822,0.8486562594794547,0.6521190613956552,1.1757157106081453,1.1290157936735021,1.8720612751993468,7.254328619247669,1.8432236168468457,1.3617137680102052,2.0765753227424972,0.9620437452014758,1.2734862841876344,0.6527560588894182,1.1172678255459896,1.2119244289524154,2.030173977202479,1.256187986770247,1.6818275119026813,1.4779204589447188,1.4197954698801856,0.7683015818923516,0.9078563885630951,1.1923162355408894,0.5816278024494492,1.0442939298448253,0.9656652895336111,0.35247239547269765,0.4024245214467225,1.2131320155182552,0.33113545110211584,0.35899156577928076,0.5602519139650213,0.5804876803775827,0.671923281514225,0.5585800357237375,0.3537565123739688,0.5019255530269273,0.6856441628888407,0.9149462862851934,0.6040612398552556,0.7438703233444153,0.5696867624406852,0.3426637186260401,0.844473479637841,1.0716157624444655,0.19362616865788,0.11486403410619644,1.08275109331997,0.7975802002908275,1.135999717000811,1.2161572694495135,0.7648062094302069
ROI_056,0.9441478673956795,1.3407098474623804,1.5262769173567532,1.6077396921661264,1.8192432275273542,2.0909306252025237,1.6166520583151436,1.7208653164647842,2.078844580497969,1.3141420148935743,1.3374805806505008,0.8786372629116166,1.2472871432657076,1.6725428101813682,1.6844793537976697,1.421064554501855,0.9931337059940953,1.2288508513122818,1.3466855535562248,1.7884037920827762,1.368135182079035,0.8774479210888809,1.128306779699289,0.41440128354981354,0.7489067976692622,0.027277424075695986,0.7634438820494472,0.8067286546412569,1.1409288766548131,0.9780529583879749,0.7976873063861526,1.0030318779275444,1.078540755177669,0.7998617750921925,0.5838498698855269,0.6528428812429676,1.0206272983003906,1.2390924456591454,1.05848862175512,0.94749559609337,0.9679565839882549,0.3431583032846981,0.34701580393909975,1.3290981134402189,0.8988531530396758,0.9159686620833449,0.6285599347871416,0.9882259411737924,1.1717499838403813,0.9217187870204743,0.6917390343176627,1.3130110902855536,1.1629583499570704,1.7112268013034322,1.8432236168468445,7.254328619247669,1.406258769221805,1.9605417935813723,1.0113194141127677,1.4540694011805926,0.7700418322652305,1.2797919687550645,1.4102352763957176,1.8453121088289517,1.3559232431228958,1.6857919602590414,1.5121025117925222,1.5800366282206684,0.8155490926848542,0.9624700610846302,1.347652510712065,0.5715469981495225,1.0749983083276924,0.9212490916450424,0.4577909342894155,0.5267872914357152,1.410270196611016,0.4425999242112529,0.3435877478611843,0.6724339024270343,0.5880802338814859,0.5725135691443956,0.4613448101121967,0.29331566447514884,0.48975715858926844,0.5929391483228439,0.9537480040084234,0.6610669144200914,0.8215071920595961,0.503689611417009,0.2875952961272892,0.8926976121550849,0.9717027829447729,0.19251407097720316,0.058640692035367724,1.0747396874106685,0.7343933568436252,1.0873115606764814,1.238541209798024,0.8200281019370737
ROI_057,0.71412078289717,2.1508539931254442,1.653314026883599,1.888923481665155,1.4302496152257331,1.2946599524282205,0.9237006609553119,1.8131369669671542,1.5422349171283203,1.6509046695003309,1.2868692327046931,1.1854304480452786,1.2819567813099872,1.1647305144135909,1.123936684920321,1.7534302720193424,1.1484748807093197,1.4609146691227124,1.29017458649557,1.5488415831165736,1.44675710861,0.9011772470413881,0.9602946318183373,0.7103569334409341,0.9507716458502551,0.22297725615089556,0.9824306606706982,1.0024220121847418,1.3679441705286304,1.1422822813982236,0.9746158247536795,0.9007973266448458,0.9163754980471885,0.9443718342733125,0.5167270582669926,0.5182955840343937,1.0046274950837402,1.0199580633221408,0.837301311171998,0.7595340613715066,0.6403894862322062,0.23069366440867478,0.17379676969312555,0.9199520114857269,0.7355413037728838,0.5169197886444225,0.3267396802029451,0.5494054247304766,0.666337264666354,0.45919512940556534,0.7585020008039984,1.8734603333749005,1.9256964883860272,1.8193946553292912,1.3617137680102045,1.4062587692218045,7.254328619247669,1.8114495059731983,1.4765281130287944,1.655257350654404,1.1555903997027321,1.1871541089044553,1.5616989027767596,1.4526617525037042,1.5063023498534664,1.135460773359243,1.0174084972100372,1.6170337802956904,1.1615393857828524,1.4699591819152515,1.6004342929620943,0.8129572981933708,1.23057075172653,1.271504285698663,0.8583865241719294,0.7556908472705515,1.5004242454159253,0.751540737074819,0.5183393264602597,0.6868661218338653,0.6738788465908281,0.5175234476303692,0.39470303673053847,0.22594545136385116,0.6543817685756369,0.3933772407572054,1.0357747110727271,0.6753855505700407,1.0320070387166123,0.23113618071573808,0.3072368842508829,0.9503216773429103,1.1132597908473665,0.2422748367167527,0.08187045278848464,0.8190417228763821,0.36496345148823855,0.7982465099087365,0.7053035918780896,0.4746569931724928
ROI_058,0.8860396538299787,1.6271342411923133,1.6004356922936123,2.1350715716224244,2.2204522823283295,1.8825366580266958,1.3539311206726645,1.8796589101323444,2.2498484671934627,1.468990131450608,1.3188866259264695,0.9088731298003399,1.2556313566668909,1.5972288331361753,1.5570771629158147,1.6461536164257065,1.0580369237591363,1.2838358186701841,1.3813500230562574,1.8278008254999782,1.3865727962044625,0.8872287169429379,1.046528647553847,0.487828249185299,0.7674392031825036,0.037188080014959185,0.8273593588828252,0.8681127910586102,1.1632211370449068,1.0082098799839918,0.9329508500542759,0.9927988526179804,1.1801892675697883,0.8736984593863256,0.6239288773178043,0.5975010623493529,1.0637800350135422,1.199453961568508,1.0336075343007594,0.8880469945309816,0.9699410490312729,0.27134898419350334,0.3436204981986185,1.2065198675291404,0.97145007496957,0.8253951933152318,0.6052988969293013,0.8765544806412041,0.958722699153729,0.7294938218022715,0.7425170758916422,1.5178391918965812,1.484046124176676,2.4605968337752593,2.076575322742499,1.9605417935813723,1.8114495059731983,7.254328619247669,1.1866415648650692,1.5808616905492088,0.8438085288890573,1.2783009546055029,1.511446939243902,2.1780763455411543,1.528516393301879,1.627480269634406,1.4087961980504602,1.73538015862614,0.9857503424301425,1.1593739867216386,1.4821693151913393,0.6808348606757191,1.1852633860523576,1.065530254694754,0.5333405737103523,0.5560825598973265,1.4672955420638307,0.48876345684545286,0.4511115293993119,0.6731820176456894,0.709979134712488,0.6773235696088544,0.5413869195829403,0.3377535736830648,0.5878689105043662,0.6257210834529154,1.0653749200033582,0.6782433153391066,0.8828465175202336,0.4934352201193609,0.3547669279865593,0.9200472614373714,1.1493888469554328,0.24517953565916598,0.12468064903170875,1.0643882617400628,0.6570412972146628,1.0887125827694282,1.0202719653873509,0.6761469071772215
ROI_059,0.6558694960520124,1.3639127212127746,1.2013636241120877,1.1845965087081403,0.942162046476372,0.880379344509982,0.6415253886102035,1.1372116412598174,1.027552627843632,1.31773576489914,0.9464350698390958,1.0761372652804309,1.0909788474837785,0.9128184927432005,0.9505448013249789,1.2963880168783497,0.9838494610142663,1.0699732730681795,1.0246354592678797,1.2229889532794354,1.2032408241991832,0.6979651757998789,0.857805773768418,0.6812480754361674,0.809450478559635,0.16071180326720536,0.8598421991375789,1.0884646448310111,1.3133532796857552,1.2680904001798348,0.8847496718327953,0.8033428215125588,0.7270365111748253,0.8075991516965234,0.3145848370522612,0.3617254171191358,1.0206920088527693,0.8831499100528003,0.6377842425554747,0.5390816661235898,0.4780157928962153,0.07346168417586338,-0.0370758017186267,0.8735788735843316,0.5548169021155641,0.4485573506304829,0.19292521819209782,0.38189831391782497,0.4210457374467421,0.30942160035462857,1.0449315994117814,1.6832582205800624,1.677483000206477,1.1761967401968865,0.9620437452014756,1.0113194141127677,1.4765281130287944,1.1866415648650692,7.254328619247669,1.525383759942876,1.372999379518462,1.2431591487336366,1.552821755992619,1.1294737078743573,1.4492486291071234,0.9237846150065467,0.8493618028779512,1.4014287069025517,1.3917643102212782,1.4307907348791742,1.414952264584304,1.1021882925783497,1.513562790311304,1.1505134877736698,1.040583203931946,1.0973528028408521,1.4279822698063631,1.0101279546474977,0.7835861864158048,0.8467664283470661,0.8374040299207672,0.5683395701237189,0.5020230147693134,0.2690329743709092,0.9005146310257928,0.42672313721860833,0.9894754935103507,0.7690158361427482,0.9712152014671408,0.2641005007113779,0.5007652948373319,1.1855549429509145,1.2706801693227994,0.4436738954473903,0.3298668457994213,0.80503392305159,0.30424674350168956,0.8553759156773451,0.5335483252696903,0.2989697553114908
ROI_060,0.8444087090319602,1.6101388819958116,1.491913568285729,1.5220337376341264,1.2888504434460213,1.2895197339935387,0.9479144144062599,1.5228569525347833,1.4557442627047477,1.5342347696693337,1.2619469882545167,1.1903216924218305,1.4584660850009492,1.227917503948716,1.2779547655626706,1.5700058756195854,1.106963931197239,1.2786818652234493,1.3118059149205767,1.663845502597465,1.426713947660256,0.8189284630498437,0.9954841757150772,0.6000079316841287,0.978341026349607,0.15312238258192548,0.8729583267291494,1.1293036808811343,1.3427897529550468,1.2678686206031593,0.9592530079416792,1.0282127387079054,0.8764516359115523,0.8587121179555983,0.4005140353434315,0.5678487553089404,1.0892795716227017,1.2252089004305193,0.8739591826306509,0.7450899398556463,0.663910118250291,0.226063851690069,0.09185178522435043,1.1402813681460913,0.7098331606092096,0.6414963266849186,0.32645427092777246,0.5735118559054297,0.7242208704420391,0.546594120501316,0.9847343434063552,1.9603611916929427,1.6828374001821775,1.5441618784291946,1.2734862841876349,1.4540694011805932,1.6552573506544048,1.5808616905492088,1.525383759942876,7.254328619247669,1.2694587074922339,1.568408513208706,2.1336586922678067,1.5462660820402758,1.689318865691089,1.2537839622035987,1.1005487702315762,2.0199910468673936,1.233053584402492,1.311747633533773,1.5493511294848996,0.8946859182189988,1.4241635860995299,1.0897254660180369,0.8822432911696765,0.9528995187500079,1.8235358774800958,0.8267098380805207,0.6659789105166728,0.8826424663434276,0.8023125976749554,0.5834351508738891,0.4748755594261199,0.28040571654675883,0.7534715562630543,0.4903103648866738,1.148783509622904,0.8136933841208578,1.0323273690107426,0.3681453771397965,0.3523367917393043,1.2193634135496696,1.2076127338337528,0.3529361030372059,0.17559547614582688,0.9643417922349697,0.4713237548381421,0.9965722434318983,0.820098851214363,0.5131422705720761
ROI_061,0.541935137736847,1.1476366479429512,0.9958049886673536,0.9221178703479848,0.6715032108573029,0.6458283737844128,0.4371571290621092,0.9742059154736663,0.7802437124049979,1.214469510268238,0.9028681405004472,1.4445863159771652,1.1626088200704936,0.6775435738103964,0.6929207306427655,1.1025055826937236,0.9934700669077178,1.052704728357328,0.8697444711230117,0.9592897513237338,1.0543552926633915,0.6745660327127397,0.7295694626966616,0.8150964478584317,1.055174468324984,0.4831071788019724,0.9862989815572822,1.2659990524754794,1.2167528844749547,1.2208896751388292,0.7531664962860438,0.7125250258919775,0.5240768187702822,0.7778412585699167,0.2677071317469668,0.33341709205882747,0.7215606050370424,0.7144853366726951,0.5153027137646359,0.39943362539986327,0.22523364101050491,0.0942613332587561,-0.1700109527111739,0.6811612750495966,0.3940044080945248,0.209615012370917,-0.06653834065246429,0.14784053123759974,0.27654908662760247,0.10987397236612256,0.772201170360063,1.2972467479317917,1.3327670914550147,0.8442762426184737,0.6527560588894182,0.7700418322652305,1.1555903997027317,0.8438085288890573,1.372999379518462,1.2694587074922339,7.254328619247669,1.1074649085839434,1.3308823021344363,0.7888914158143268,1.0907226483240526,0.6510091263663832,0.5504413055164105,1.1553114913307778,1.2731866885830379,1.1622035330866443,1.1181786935853342,0.9445312526153533,1.1119598509150315,0.837629624994561,1.6343492348546118,1.458057160767139,1.185104598085635,1.4973705128147663,0.6005051251015496,0.6415699223881618,0.695995295724131,0.3251586553067359,0.314793210400986,0.2112947565112782,0.9201214742878823,0.21262098463055118,0.7468546903436695,0.7903280485858438,1.017771421081177,-0.02062219476888598,0.21809393831867202,0.8836457461268723,0.835461199492536,0.2573237874823464,0.15289673471421694,0.6135515023078578,0.07249347777944291,0.6244815483941717,0.33945472534999505,0.12195957310065944
ROI_062,0.7891288825243875,1.134419990090508,1.2906974009151346,1.14682869752378,1.0782173592201192,1.1434537475395876,0.9712094665418928,1.2700036196834015,1.2816216090549502,1.2709251023292376,1.1992459492245104,1.0669444736860205,1.6696897751134507,1.3229997358213375,1.4558515234446168,1.2914225653807145,1.2653920742814737,1.1914404246069437,1.434544057294044,1.3405605001880012,1.3616348594296952,0.944947655087025,1.1604995845213348,0.5387200114087751,0.8222978160563313,0.09643902140568993,0.8669278594688388,0.9747251896803614,1.2432221652953965,1.255315511011391,0.9814835343992399,0.8339137147368784,0.897911143552961,0.8776162445208581,0.4734635604711499,0.40811972177476,0.9062136575768557,0.9364097864638042,0.8735336088282988,0.6622418386651978,0.7589382170403508,0.18278601752284993,0.11468750143836802,1.2240094614965356,0.7192170237219763,0.7108533554940968,0.4290159522091232,0.6392751407890614,0.6615570471336103,0.5183285685029052,0.9065381862899174,1.4078400777888238,1.1805783885160537,1.169870961743839,1.1172678255459896,1.279791968755065,1.1871541089044553,1.2783009546055033,1.2431591487336362,1.568408513208706,1.1074649085839434,7.254328619247669,1.7340291819552949,1.368281250052162,1.3470985782624991,1.374925034268869,0.9367368141926838,1.7261566207153807,1.13619998451043,1.067812036363926,1.2528275136424103,0.8620998204599597,1.4847359678261742,0.6984428336890522,0.7116406285355205,0.7828065634283464,1.489169090049409,0.7502250774347137,0.5231411413265059,0.6404354357080865,0.849978526597065,0.6709025705165764,0.5461531719286934,0.3273218258361938,0.7233522165900059,0.5958332747204158,0.9361762672355308,0.8920164734192553,0.7286394493211493,0.46271370502542286,0.4290462040261379,0.9739831321747349,1.0512875338903993,0.27975074635549463,0.2374458481694148,0.9789976468253401,0.5580901271965549,1.1628257989449156,0.7060807040005539,0.4425250263189645
ROI_063,0.8664250974506124,1.5853150508194678,1.5408416211200688,1.5072345317791538,1.2502983034836126,1.2119376271498,0.9677164849488082,1.5744321194069555,1.4198182106662192,1.645053029873583,1.3723823288318227,1.2664679453794854,1.7045993574907885,1.3268419150741053,1.346972345200332,1.704336587499119,1.1499710128780976,1.3387655073703435,1.35473185315645,1.6641739249286414,1.5909812615358676,0.8629813904345249,1.1014623885991903,0.6581697856391657,1.0073536912079737,0.1824401203642202,0.9304122870959782,1.1863462760118308,1.4274195800868186,1.4326680552144244,0.9967162707875044,1.0730080035567569,0.9512120627794683,0.86366082141851,0.4543924801961386,0.5118274175839915,1.0968361430721174,1.250025873797631,0.9016317014331374,0.7421993663736912,0.6847307280992769,0.2430249674924426,0.12783457754748506,1.2208298562322055,0.7434470780078212,0.6679829640012582,0.35324737768067344,0.5980839455090117,0.6742531563136318,0.5082860674109415,0.997971508210789,1.9654135755982955,1.70081472375063,1.486576816409093,1.2119244289524154,1.410235276395717,1.5616989027767596,1.511446939243902,1.552821755992619,2.1336586922678085,1.3308823021344358,1.7340291819552949,7.254328619247669,1.549649216560183,1.8880599774890547,1.3103552508323235,1.0309623917177901,2.039359416470851,1.269950177623216,1.3221656929229681,1.6312786070492635,0.8394928751950067,1.4788221237550663,0.9822212780043927,0.8836702291781937,0.9613191840975646,1.8997171829393718,0.8969850461230477,0.6683199500852353,0.8668906672722945,0.8280669268850361,0.5714667331083039,0.5142795903474972,0.28321280942393073,0.7706917346580916,0.508495940907716,1.0695745089667403,0.8474550768456114,0.9871246495420698,0.36144537187403825,0.3653422519009663,1.1352599705411255,1.1542724573427408,0.37924728117256684,0.18174216316034045,0.998874928842055,0.4725455938030423,1.0370460220653468,0.7582117618541124,0.4831707363920239
ROI_064,0.9509528529400114,1.3777463617375845,1.4092676424902806,1.8110884522551987,2.117296804327046,1.7852258649320047,1.4202531109483088,1.6428912689818647,2.0125730786264073,1.3762906621200435,1.2809020380238465,0.8495821616079218,1.2485423564455727,1.8156366510867135,1.8624794288123165,1.4733778143386458,0.9902427662958296,1.1681963400971085,1.340477728170522,1.8952852430727272,1.3203869315778798,0.8239950192206826,1.1000812682072936,0.39677911711239294,0.7075480227734867,-0.02765624427840709,0.7425633518648803,0.8749402875154808,1.1113908403252444,1.0573743364123875,0.8907923250289275,1.0279224083983405,1.2198520308855885,0.8098773721919376,0.5998901831456758,0.5879174873967598,1.0724125736985342,1.2887828153630152,1.0447601453824413,0.8567989693189061,1.0521660048891348,0.27747426090629407,0.3434493749860726,1.3756905687933623,0.9948316569885405,0.9514706222894264,0.6740307258123177,0.9878150353126374,0.9847894275960855,0.7668969328200518,0.765443831595023,1.4010286276272512,1.324851221153891,2.049081047497682,2.030173977202479,1.8453121088289517,1.4526617525037042,2.178076345541152,1.1294737078743573,1.5462660820402758,0.7888914158143268,1.368281250052162,1.5496492165601836,7.254328619247669,1.649540156928707,2.0137051663281635,1.465444362745563,1.746893680535895,0.9610323270703816,1.0532790435442252,1.4526388730653237,0.6601601715916721,1.2391794093183497,0.9592443831324617,0.46156249871506544,0.549569941423284,1.5229236870091214,0.4799057396022254,0.46079392926587637,0.6941839629168436,0.7630993557328137,0.7486246547559887,0.6207230837557312,0.38993692736332763,0.6166355329570601,0.755630358332513,1.0519394391688424,0.7263219698048043,0.8274731590527593,0.6021851189361569,0.36713051148781256,0.9241446719625596,1.194718377998086,0.2802869800532997,0.15671220078454376,1.1153758433053322,0.7635733460947837,1.3167833426495577,1.112711513418461,0.6983118903833881
ROI_065,0.921655724786597,1.5391353299266681,1.4148823393967622,1.5764031107215277,1.3366237021194105,1.1995978575571347,1.042981169567626,1.5381074145591718,1.436089042587364,1.6319829435561783,1.3892035304974493,1.0978427230299528,1.371382526272722,1.4420698650526416,1.4513608761145675,1.6625387567612364,1.0530187774757358,1.2942584804667399,1.2746691061593347,1.8958911107229601,1.6935474795917085,0.8515255255719139,1.1263891138255173,0.666185999688687,0.9526077502961837,0.16352826849210916,0.9207966530683631,1.2009323967354397,1.4485348915359126,1.4343440586308231,0.9297805173612401,1.1554022530915757,1.1115633589725598,0.858866388375494,0.5411723248714123,0.6029109738707022,1.1903145127656425,1.3936807166886256,0.994514973719665,0.8643234482364076,0.7950452451304919,0.26831800260179267,0.25257258265589594,1.1930273814588135,0.8518612838307856,0.7534950963474889,0.4721149101702059,0.7016281186880162,0.6841414597825067,0.535686028701605,0.9000820903572807,1.628054840505399,1.6233440534569876,1.5336016488747637,1.2561879867702468,1.3559232431228958,1.5063023498534658,1.528516393301879,1.4492486291071234,1.689318865691088,1.090722648324053,1.3470985782624991,1.8880599774890536,1.6495401569287085,7.254328619247669,1.4314856297608696,1.098565881298366,1.7833582491961075,1.244830303196438,1.2890020771633555,2.057230604339704,0.7593737111654011,1.390326192256675,1.0048927769887004,0.7548353661726104,0.8665061634476113,1.976803910045357,0.8270693840944743,0.6509280195890135,0.8213542905518599,0.8956365226485512,0.6361414730040363,0.589981852990893,0.35947090247013097,0.8037544797669683,0.6077252591037863,1.1246083019445041,0.8758006452261742,1.0563037790773617,0.413876806447401,0.34787894744730147,0.9987567719741274,1.2067855502052596,0.36957913437110784,0.2041725258045494,1.0143116113097677,0.5303705683341862,1.111411759754823,0.7977866967775926,0.5308267343970674
ROI_066,0.9295364849852997,1.0962818210470657,1.2642029496344487,1.3639846014863983,1.6548341914238622,1.6592416818585545,1.6565388091892044,1.4155916425344797,1.7282290377947696,1.2076406290374855,1.2888192450551412,0.7646358536709684,1.2370403855137166,2.3020045161990867,2.5995311925668636,1.2346262971173838,0.9949916480124232,1.1257300282535414,1.4060027457453825,1.6114305875305384,1.3218034040853075,0.9279139553870352,1.274330632733124,0.3681350647394804,0.6379297392947115,-0.059254437414918634,0.7212591390224111,0.7779201710264722,1.0284435901479194,1.0161938951632918,0.855540044978113,0.9168717999237165,1.2822215235487584,0.7907165307679627,0.6766245278439066,0.5508006716726517,0.9350992960782789,1.144549521421845,1.1560101535271163,0.9385046240126473,1.245839860101095,0.2934175645093909,0.44341603328066187,1.3912329338364395,1.0227916311179914,1.103411711786891,0.8504900249186986,1.1719648449602582,1.0308147456054106,0.8576749371538085,0.7086438782619803,1.1252083564822677,1.0133546073754391,1.4588972440246915,1.6818275119026813,1.6857919602590432,1.135460773359243,1.627480269634406,0.9237846150065467,1.2537839622035991,0.6510091263663834,1.3749250342688686,1.310355250832323,2.0137051663281635,1.4314856297608696,7.254328619247669,1.3741587098699484,1.5105871613430224,0.8339453582006713,0.9000488439351119,1.2981978151310185,0.5650819455133445,1.1406984190209841,0.730880583955705,0.3367970890264262,0.4264879854985652,1.3724068687667674,0.4044478202120828,0.3644580921252271,0.5658485556426467,0.7248610460917877,0.7714286884054908,0.6288711520052358,0.40841854776266634,0.5372904001030417,0.832217547968964,0.9207818978133585,0.7552760221394967,0.6808405030839767,0.6865305728503515,0.38497303530690297,0.7611744139333291,1.0319063990640631,0.2083407309886271,0.15413142687224113,1.111946923023866,0.8907331101479089,1.3923594201421057,1.087614227250349,0.7601723158072642
ROI_067,0.8353827561775944,0.971650563374152,1.0113761191221156,1.2093440624376706,1.4460939575133138,1.4110266544396055,1.3928363854223211,1.113774118103164,1.330063390293258,0.9230451394545918,0.9382344348962803,0.5496631297731484,0.8092240323229468,1.2681908469935683,1.3195717025096194,1.0073125207237223,0.6800541964498203,0.8255615059691045,0.8956012726877138,1.330428990373384,0.9158744083221579,0.5793432730542393,0.8491985279243988,0.21887187788151585,0.49846415236043695,-0.15080350879294713,0.4805180422041827,0.6239089399939626,0.7771958767579714,0.6620619004494137,0.6051978692497141,0.8614815420891051,0.907535582503468,0.56568915952221,0.5269592991354306,0.5265393178817802,0.8627488032468129,1.0392792717510275,0.7971323313274951,0.7452925835824472,0.9143841845522249,0.21372967792908548,0.37465273527947784,1.1655880901491884,0.7954651652475611,0.9937188964631093,0.6922956616609075,1.1420279303753902,1.0799794701192464,0.969411908423165,0.6725894986342574,0.9734813522955927,0.9303930833044434,1.3529747880035659,1.4779204589447188,1.5121025117925229,1.017408497210037,1.4087961980504606,0.8493618028779512,1.1005487702315762,0.5504413055164105,0.9367368141926836,1.0309623917177901,1.4654443627455622,1.0985658812983665,1.3741587098699493,7.254328619247669,1.121814027252601,0.6733120100797969,0.7597192189084746,1.021405553045214,0.49151695819363744,0.9470694115783085,0.8989733804678914,0.28721425967178665,0.400375976230534,1.065970676587133,0.26473700060409566,0.37967989247887923,0.6749205869765231,0.5725742537327929,0.6442554156891291,0.5670431576136209,0.4326324577747563,0.48361794855058937,0.721931169997761,0.8116063435315729,0.5879219554258892,0.6717347960087476,0.7027174667382472,0.387866361073121,0.8325345390536214,0.9482312271619319,0.28648249489069216,0.14691883464468453,1.0532467162705264,0.8856836396954924,1.1668781254704725,1.3192954834682216,0.836513940849813
ROI_068,0.9124432592947969,1.6187428616079724,1.6139466541441239,1.6760094426866863,1.4576021980979064,1.4172777140368251,1.1001455182985755,1.696117748540091,1.6537887035956484,1.75729652682271,1.4311905114627663,1.21049007935268,1.6869555370945133,1.5283978954247472,1.528123717136228,1.7917985976212962,1.2803115963824983,1.4733832961898474,1.6421792401540893,1.8167075184039145,1.5483353938814566,1.0147725453360679,1.2508151053664636,0.5985273145928341,0.9632695970276682,0.16686604013861017,0.9752182327067047,1.1138775205405593,1.351908598036877,1.4050213051346152,0.9758540165688523,1.1241842573284286,1.0765768242989369,1.0409490138936208,0.5694804671508409,0.5594901688285985,1.1237435423422582,1.2575090672618916,1.0606007161069078,0.8402114723813117,0.8444648258167905,0.2576720283674808,0.2277176336683312,1.2241784293236948,0.8949487977059061,0.7167835280458931,0.46875710688902894,0.6971152770302985,0.7478683681067203,0.5775327205875727,0.9352016640532124,1.8115073271508686,1.5927600816586245,1.6404504090547196,1.4197954698801862,1.5800366282206684,1.6170337802956904,1.7353801586261408,1.4014287069025517,2.019991046867392,1.155311491330778,1.7261566207153798,2.039359416470851,1.746893680535895,1.7833582491961086,1.5105871613430224,1.121814027252601,7.254328619247669,1.298918094742121,1.3503258396687567,1.6053582957910562,0.8831377915429907,1.5399113910521025,0.9855367178598704,0.7592066877947365,0.8109591775461333,1.8530946954129393,0.77028373872019,0.5689172524444771,0.7871911095055335,0.8501956269375007,0.6830349246679535,0.5845640380028185,0.34611562553545755,0.7712444638781557,0.6090274540268974,1.1275486562231793,0.8436889013385267,0.9573897040597994,0.41761375110615745,0.3507748121336436,1.0786450946318555,1.1943069539351017,0.29213026546067744,0.17620175896632825,1.0284769569451548,0.5422414421201017,1.1698028935065792,0.8366173437307401,0.5189966849746026
ROI_069,0.5660336718918874,1.2015037251229659,1.0328135836854253,1.031883100558305,0.8228105450473993,0.732646699198932,0.5412971547931205,1.0212949459627139,0.9131652774065482,1.3136937008806915,0.9136351580003933,1.1113085198095844,1.0883298227702398,0.8320798309771443,0.851958857654334,1.2337091511784664,1.1645714565673269,1.193093370333246,1.0647738285355302,1.0597395632316302,1.0926337444623548,0.8301649184572851,0.8857536709965969,0.8104423978611117,0.8626641715223392,0.2513079470606384,0.8548558673656648,1.1067053922219834,1.0490281166778375,1.220065068964308,0.8245690178095881,0.8317195601841102,0.7257939492315331,1.1875451971944195,0.43603762699362136,0.3818844736923265,0.9500372081758811,0.7877410232013159,0.6952243457306819,0.5733250162161126,0.5645784900814517,0.04278189810661137,0.04776334824044937,0.680018147712713,0.6287756965778862,0.34881446600883537,0.22682288880503448,0.31138964448898504,0.24511427853687018,0.14976828281168927,0.9284705023537484,1.353026668889907,1.44571597570071,0.9733525944476056,0.7683015818923516,0.8155490926848542,1.1615393857828524,0.9857503424301425,1.3917643102212789,1.2330535844024924,1.2731866885830379,1.13619998451043,1.269950177623216,0.9610323270703816,1.2448303031964376,0.8339453582006713,0.6733120100797969,1.2989180947421206,7.254328619247669,1.6023115551510554,1.2176117338456005,1.1940055712332933,1.3181361726884029,0.8972938065208625,1.0325741031063191,1.000668388804647,1.2510136838628734,1.0282466764984721,0.6411376605524859,0.714060717482116,1.1922856123388275,0.7926126366236708,0.6145144911537316,0.4245311501745102,1.142551799598851,0.5525373403431406,0.9703064159045476,0.8600284162349444,1.0840453279598232,0.2550054273829618,0.32464825114138574,0.8396475757987732,1.1385844118554618,0.2895656307463368,0.3215494643998406,0.6299194673643409,0.1989788801143982,0.8495386778345585,0.36241966022243527,0.1465708554651448
ROI_070,0.545912581550756,1.5799594731343387,1.2733910456228652,1.227491671571357,0.9684463354554719,0.8707360706778294,0.6216342473954468,1.2772152625394466,1.0424639179689297,1.5419460008766586,1.0316308362082014,1.1984517609104837,1.1816776787300145,0.949625055354172,0.8939256882825617,1.4384871065229452,1.2684400674798415,1.4870884898730778,1.2572962570780217,1.1386953872895018,1.2161864945386147,0.9491984255996673,1.0695166415708925,0.9257654449531901,0.924113416325723,0.21559553107435914,0.9052303078216983,0.9169138544782989,1.095290054815694,1.2038181951629192,0.9801539863244025,0.8386609366330392,0.7803233671956935,1.2801084211690967,0.42948692466870053,0.33177324911912875,0.9540518570093346,0.8134205723906197,0.7195349801223893,0.6783572849753402,0.5680905737546016,0.04697746440249049,0.08199665685635923,0.6298882013740865,0.6160852265743502,0.33341876995855924,0.2355955542259702,0.3490884101283255,0.337370425750111,0.23663293564307278,0.9376081623258692,1.6429428926772893,1.6107068682339265,1.1961565319079654,0.9078563885630949,0.96247006108463,1.4699591819152515,1.1593739867216386,1.4307907348791746,1.311747633533773,1.1622035330866443,1.067812036363926,1.3221656929229681,1.0532790435442254,1.289002077163356,0.9000488439351119,0.7597192189084746,1.3503258396687563,1.6023115551510563,7.254328619247669,1.2895621474095114,0.9806404747045036,1.2224850999215056,1.209367760075554,0.9696558560329431,0.7828035062738032,1.2807938346328414,0.9071998087868767,0.6192232641127812,0.7567993857543822,0.8054340302513301,0.6234789433273896,0.38860739008932216,0.1795188634607728,0.7410208494271633,0.36601015238996754,1.0296572824191146,0.6366395323867433,1.038771856106513,0.17546940747361653,0.31577204972020967,0.8364380928764765,1.075140534509851,0.27449626177889563,0.1316526967084414,0.5761029835993485,0.16106806437956683,0.6853784869666333,0.4235934376760665,0.26339415137406313
ROI_071,0.8550060106858547,1.6108094507684325,1.4549145629277382,1.5442441533232993,1.2864494305408105,1.18656468778845,0.9947861377864843,1.5845846031230368,1.4349199566265955,1.640939267669913,1.344495312205586,1.1411611095631602,1.259427500895054,1.3162655759634243,1.3568911429824724,1.6247102201818775,1.0742048786039475,1.4094747352042627,1.2443326602772888,1.909578551449349,1.8438596137003949,0.8499635907852168,1.040694670739417,0.7053750943126166,0.989298928234912,0.20398641053031527,1.007699838667203,1.2178854607981906,1.5497010013157781,1.411647538914615,0.8316884963561104,0.9733803761775411,0.9553103866025494,0.9018593115616622,0.47845546355506985,0.634580297541142,1.1049523333896536,1.2328795810628945,1.0000460998815148,0.9010301578959653,0.716352220831339,0.23776547039036153,0.20035241290021544,1.0483865209345276,0.7205789460125016,0.6578955269239504,0.4118092186199033,0.6170238224790618,0.684520954676395,0.5239223420432781,0.7478049715161681,1.5154798753413752,1.5805812603636866,1.451362309305657,1.192316235540889,1.3476525107120656,1.600434292962095,1.48216931519134,1.4149522645843045,1.5493511294848996,1.1181786935853346,1.2528275136424099,1.6312786070492642,1.4526388730653248,2.057230604339704,1.2981978151310185,1.0214055530452137,1.6053582957910568,1.2176117338456005,1.2895621474095118,7.254328619247669,0.7575719664282555,1.2411922718901138,1.0493799549558211,0.8031732058278197,0.8579803139689711,1.9045683776148488,0.8518597070136492,0.4800689093259956,0.6909981614175906,0.8145501003513417,0.5649230905500655,0.453626199943272,0.2819515245108905,0.7856902370957565,0.5204314039992192,1.0491747206860718,0.8913101364406494,1.1843366480986557,0.3151875151503117,0.29103281914792806,0.9206202381957163,1.1757372064558356,0.22760987116629985,0.14036162304981034,0.8985695682600365,0.44357426916964643,0.9657266236117058,0.7745239999380124,0.5384981470756427
ROI_072,0.3857201164258383,0.7541729218188623,0.6774125569312656,0.6672821529962671,0.5296454054512062,0.5365190314854459,0.30840112103936773,0.6274308450923648,0.5984870075521259,0.8002290765141259,0.4960088818468111,0.7595800134575645,0.6886244279617442,0.5179321434270466,0.5842944606235368,0.743248650259576,0.8219037698791075,0.7434222150637225,0.7183073711560085,0.6342652240006768,0.6727115905755668,0.589633876169667,0.5862704977529261,0.5287348783122805,0.5231887754703403,0.10341220519125707,0.5996871463859548,0.7510268902068479,0.757624490454301,0.8995967350811827,0.671888208123324,0.5417697193220994,0.4901635691838862,0.8214613800563163,0.1908936195013721,0.16347906958174432,0.654817509722119,0.4886197125212402,0.4959011458620014,0.321469432460048,0.334600236966554,-0.06451415958754454,-0.12104893009398765,0.5043035611740805,0.3668307915083134,0.21077657997929186,0.058310050165492705,0.10487651214941561,0.12979818926265116,0.04105890415591407,0.9306608632859342,0.9427264646395429,0.885837721765444,0.6380491563677688,0.5816278024494491,0.5715469981495225,0.8129572981933706,0.6808348606757191,1.10218829257835,0.8946859182189988,0.9445312526153535,0.8620998204599597,0.8394928751950069,0.6601601715916721,0.7593737111654013,0.5650819455133445,0.49151695819363744,0.8831377915429907,1.1940055712332933,0.9806404747045038,0.7575719664282555,7.254328619247669,1.1578670719919784,0.8191828111915527,0.8573611803109329,0.8470862034421427,0.8025194356399443,0.8296629075752183,0.6599174954642568,0.575773672241476,0.8374373192897108,0.6684511505901044,0.5511883968361275,0.32597291292436154,0.9788103696644667,0.4626921369843073,0.6711909069499189,0.6045816622842884,0.6638689132025772,0.2449966541003445,0.5321843132559544,0.9269804728476246,1.097402239432154,0.2647212323045252,0.5431641421271705,0.4769526191968704,0.1420716403074051,0.6552905205701416,0.22885253691074683,0.009718783299948689
ROI_073,0.7379182287681264,1.1474245016599307,1.1421270140086062,1.1436722523797027,0.9967028701147752,0.9713439308583557,0.7938978692634507,1.0992322836073216,1.100778098775639,1.2236822540764454,0.9672128745757103,1.010430894337475,1.1843012288673493,1.0798865488573932,1.1448599552292549,1.2411738941287902,1.1230792706782573,1.0979656162147209,1.1642911823892148,1.2079145332501335,1.151791165313513,0.855071624825328,1.0535897764010456,0.565625361443037,0.7390295603951801,0.10234998756829396,0.7981786374190913,1.017729000389736,1.169966208683617,1.2469380733360071,0.8654400835253706,0.8638870326498286,0.8578347524056087,0.9312620147353886,0.47537329889582275,0.3648884464082403,0.9531131145136581,0.9398756756031417,0.7781554739331209,0.5850971985403812,0.6523126187873203,0.10598659126715688,0.09787906335864888,1.0344387323973643,0.6802182838702251,0.5798353627635519,0.3426936439791427,0.5417899365791452,0.5022734017295942,0.3828442801297492,1.1422757684839924,1.4978765109828316,1.3379938917827563,1.1374165665610874,1.0442939298448253,1.0749983083276924,1.23057075172653,1.1852633860523576,1.5135627903113045,1.4241635860995299,1.1119598509150315,1.4847359678261736,1.4788221237550663,1.2391794093183497,1.3903261922566756,1.1406984190209841,0.9470694115783085,1.5399113910521025,1.3181361726884029,1.2224850999215053,1.2411922718901134,1.157867071991978,7.254328619247669,0.9346607165952888,0.7925856006773331,0.88686009172841,1.3672998441675654,0.8328097377185087,0.72838526653084,0.7649261318677779,0.9303046754511124,0.734284559088412,0.6977627143650748,0.4312054538729037,0.9017125225526476,0.6356850289971328,0.9430968839420487,0.8067790241408299,0.804544927258968,0.4288488889733642,0.5911740543092057,1.1729541968888946,1.3392554625064494,0.4311579557064818,0.3785543824876005,0.8857757735703765,0.4625760438829484,1.1375888750332135,0.6264538697195934,0.3344500677204212
ROI_074,0.5528397899734125,1.2537601969656509,0.9990249710458602,1.142457454667216,0.9492968371057171,0.8628599544460799,0.5851161499955876,1.0048206596270142,0.9133199046011355,1.023464986953856,0.7219612298484814,0.8136506735808724,0.7160258043327529,0.7311546210277098,0.7057851266044664,1.023403277669358,0.7025094740809471,0.9201796777065318,0.7804626304644625,1.0011862622372123,0.8270120927736448,0.5192501406442347,0.6681460498273547,0.5127340641730653,0.6789791367337837,0.11173881913760432,0.6847207936534894,0.735430516918053,0.8571250876477629,0.8161048246679893,0.654631709578251,0.7202981521020326,0.5797734724590673,0.7121427398673118,0.2339832014569654,0.3931990374533877,0.8422959558529588,0.7994080493189802,0.594829294732575,0.5743599531475884,0.38500153419596544,0.16046248724910803,0.05737645559916276,0.5950742646604447,0.4348985042120784,0.3383515441497975,0.1479598204682845,0.3471813335774602,0.5010144065680286,0.37576411179668134,0.7319798802564959,1.2116317791419862,1.2179613302642245,1.1652095701645888,0.9656652895336114,0.9212490916450427,1.271504285698663,1.065530254694754,1.1505134877736698,1.0897254660180369,0.837629624994561,0.6984428336890522,0.9822212780043925,0.9592443831324617,1.0048927769887006,0.730880583955705,0.8989733804678912,0.9855367178598706,0.8972938065208625,1.209367760075554,1.0493799549558211,0.8191828111915523,0.9346607165952888,7.254328619247669,0.7330571399681858,0.6534961113872996,0.9744143228192291,0.6372988762151732,0.5310468978005812,0.7759006807416343,0.4350814766664493,0.3635006404490877,0.2586620938803227,0.09639314202332686,0.5781965547817267,0.24762350130724847,0.8256648499931539,0.44672661915648126,0.9706211692812683,0.17303789007300138,0.2759119149554254,0.9519225133800565,1.0400636584728524,0.2804900427835428,0.0709433028122226,0.555711483396298,0.21883629458839193,0.5520548041649042,0.6228759292746187,0.46039577194635695
ROI_075,0.32635250168735347,0.8974481790394155,0.7263885539282787,0.6371070955502097,0.38159319880047343,0.3561164540562721,0.1709836117711085,0.6668639240224143,0.4728954262887329,0.8655880120834991,0.6597855994327421,1.2116386479436583,0.801686888577175,0.374997508146251,0.37148337303538875,0.8105544268799603,0.781181543153492,0.7987365100177898,0.6090902793819047,0.6343046344624187,0.7605159763716346,0.5124137391923483,0.49071021315832214,0.9550158209149576,1.0618029868216847,0.6572995047028072,0.781885890591643,0.9760021492160523,0.9100459876410448,0.8778137725794831,0.5617363541352438,0.5218604574587861,0.2607320033713367,0.6446732683783841,0.11085329733684297,0.24177349212803112,0.5803178981401189,0.4899258811414894,0.2859168448528354,0.24071357070534147,-0.014268029440490364,0.02688693414556048,-0.32433822167662996,0.35589208364523245,0.15256910546002334,-0.058561594515096495,-0.3088020745492516,-0.10613340519846823,0.04074243362722768,-0.10778963880672428,0.6519049500556549,0.963373018249859,1.0064796888095326,0.556549245503949,0.35247239547269765,0.4577909342894155,0.8583865241719296,0.5333405737103523,1.0405832039319465,0.8822432911696765,1.6343492348546118,0.7116406285355205,0.8836702291781937,0.4615624987150654,0.7548353661726104,0.33679708902642613,0.28721425967178665,0.7592066877947365,1.0325741031063191,0.9696558560329431,0.8031732058278197,0.8573611803109329,0.7925856006773331,0.7330571399681858,7.254328619247669,1.4368700407373323,0.828664893365198,1.6047940474027091,0.6106241207914379,0.5911676988451253,0.5423340642260834,0.1380111768776984,0.11230456463621667,0.06741844337874366,0.7294009385065164,-0.035636979689681575,0.6021204002059712,0.5915532061263615,0.8898251763486952,-0.24720558821804609,0.10332841176152151,0.7401255931127971,0.5719572384821102,0.21347028766796383,0.09491817035831673,0.3029445607263032,-0.20220307590075573,0.29548549494122167,0.09588175762479138,-0.05373633491763788
ROI_076,0.4902731863919863,0.7778019760414444,0.6447828556520265,0.629861075254534,0.42350963078783455,0.3986231979522809,0.2716093196566578,0.6240036506499888,0.5100474595223837,0.803656976168381,0.617490758983864,0.97322589676689,0.7471201106032858,0.4339066741151445,0.47111247353644203,0.7718250307511036,0.6047025645512342,0.6507737813664113,0.5360671835975699,0.7233930492632316,0.7588618479839516,0.3669519945090791,0.4540061118263754,0.6522873944367703,0.8827918383726322,0.4923432427126624,0.6469970910523913,1.1820045566495103,0.9121471735773613,0.9513017012340718,0.4296724077684979,0.6488141845329733,0.3170527555621445,0.5035806942368972,0.08312591437908483,0.38963968305446633,0.6697490591884732,0.6772604183809496,0.36884106168573294,0.30180351319189613,0.09730754294222847,0.10154524277535512,-0.2475272925377467,0.5899494334983918,0.21845853219161948,0.17191986775137444,-0.1548335586242308,0.03206839149144104,0.1731069700099954,0.05876992100373709,0.7259118416215683,0.9016353227764669,0.9563686425218582,0.5612822753424057,0.40242452144672247,0.5267872914357152,0.7556908472705517,0.5560825598973265,1.0973528028408517,0.9528995187500079,1.458057160767139,0.7828065634283463,0.9613191840975642,0.549569941423284,0.8665061634476113,0.4264879854985652,0.400375976230534,0.8109591775461333,1.000668388804647,0.7828035062738035,0.8579803139689711,0.8470862034421427,0.88686009172841,0.6534961113872996,1.4368700407373323,7.254328619247669,0.9249134420222588,1.3727004464237318,0.6883217723498439,0.7442406140877823,0.7335533323612964,0.2554805133880513,0.33390468545315977,0.27089936634190387,0.9405044555613781,0.20660625572225064,0.6586438619518122,0.7623121842008593,0.9158042575951265,0.00010391721660322914,0.17442664981236383,0.8999991828927392,0.6976393199959458,0.36969224984942567,0.3333562887839885,0.5056270575599173,0.04201324310149494,0.509726224543492,0.2722812294352853,0.04485091091476348
ROI_077,0.8654637351950839,1.5849819756514363,1.4770844006263657,1.5257999755214142,1.2886806368236583,1.2508848055600543,1.0428853946821965,1.660104844485109,1.424809469892771,1.7141929887512166,1.4580064907043866,1.2569444633367401,1.5102087043867296,1.3973151020225458,1.4136450547985906,1.6408831630476903,1.1453721044115939,1.4299432956439588,1.4178141635388515,1.9111197911342452,1.7330432266284064,0.899132658009386,1.1732276030084872,0.6959838010112241,1.0973891152912858,0.20801853225794611,0.9008798978664736,1.2693957557138682,1.5356387273441685,1.4951053697863292,0.8571243634021899,1.044125931511959,0.929866499189249,0.9312614291107507,0.47011269031529057,0.6020306332859892,1.1257437878294867,1.2942985157415605,1.0106014696830352,0.9019912973587721,0.758787327122003,0.27338982075034407,0.19878272753799825,1.1546031840253348,0.7003463569486812,0.679135594974904,0.4179109658342706,0.6346103103818556,0.7144868820778564,0.527678650625066,0.8423602438801147,1.6496162746092686,1.530535837771202,1.4312280890672664,1.213132015518255,1.4102701966110165,1.5004242454159253,1.46729554206383,1.4279822698063627,1.823535877480097,1.1851045980856347,1.489169090049409,1.8997171829393729,1.5229236870091214,1.9768039100453554,1.3724068687667674,1.065970676587133,1.853094695412938,1.2510136838628743,1.2807938346328418,1.9045683776148488,0.8025194356399441,1.3672998441675654,0.9744143228192291,0.828664893365198,0.9249134420222588,7.254328619247669,0.8789796350369026,0.5356421848995192,0.7759278586326207,0.879044015207623,0.6252805096026036,0.4892842779479943,0.3414257778499528,0.7902372328987098,0.5653835120635644,1.1799917668611195,0.9789168631636166,1.1306682906750527,0.3597780059132159,0.2836778318624462,1.0570181487804924,1.1873700028586942,0.2515162366557078,0.17745185957032633,0.907721779768948,0.47451713621964703,1.0466409055280306,0.8002828683361063,0.5122620765194155
ROI_078,0.3678201205659901,0.7946112227717016,0.6832689959388389,0.5916333582687451,0.3567398787545818,0.33122438694914547,0.19079803181513494,0.6430309798451453,0.4518570598150159,0.8763391973776787,0.6708353449982942,1.193600260894288,0.8236934792312255,0.4362159078894222,0.43977747975734516,0.7502438201897137,0.7334098238200156,0.7823979564666752,0.6136887677077437,0.6451714831931006,0.7963674437523355,0.5528342364365844,0.6054925112139772,0.9290692929326958,0.9779058363523048,0.5945590273751656,0.8560553511964759,1.090811543181113,0.9146042090691007,1.1195620419653853,0.5599265904206641,0.5569585945598106,0.32712079231068825,0.6284417806839304,0.1066318201835502,0.2347563353105544,0.5679838029213077,0.5220009147163499,0.4014043656448068,0.3382761127292026,0.05464026451807983,0.09974410630841757,-0.21789682912379868,0.42963040298574207,0.1897634500582512,0.04371128336567284,-0.1942114076569817,-0.05298968002989126,0.018638076060070837,-0.08870597583614491,0.6470930783199709,0.8891911199676392,0.8862288423844759,0.5067464512154707,0.33113545110211584,0.4425999242112529,0.7515407370748193,0.4887634568454529,1.0101279546474975,0.8267098380805207,1.4973705128147656,0.7502250774347139,0.8969850461230475,0.4799057396022254,0.8270693840944743,0.4044478202120828,0.26473700060409566,0.7702837387201902,1.0282466764984721,0.9071998087868767,0.851859707013649,0.8296629075752183,0.8328097377185087,0.6372988762151732,1.6047940474027091,1.3727004464237318,0.8789796350369025,7.254328619247669,0.5500258790797578,0.5572702243087574,0.5762155350162023,0.18432053954392838,0.19927644628080363,0.10978502658616597,0.8383241673109666,0.07718877420531144,0.5704697828397838,0.6676674100810878,0.860529080785217,-0.17458116967414783,0.1262535337279629,0.6682141080776878,0.6347631032282649,0.22731129513347295,0.16895011006361696,0.3610995559503035,-0.1164260592601368,0.38363828574102543,0.08526856659746733,-0.030856112246330423
ROI_079,0.38135701095766306,0.5195601398054241,0.4401211753003443,0.4424731877864402,0.3357781530499033,0.2912160487848498,0.1982260316294519,0.36909480829920577,0.3366957708724166,0.4697362000575615,0.35128114744138916,0.4144306624147842,0.48249914544966843,0.3497477110971726,0.36459085698116356,0.5329255126282847,0.35262742575211004,0.3480832570226838,0.3819636002834554,0.426107152780855,0.4616074725390281,0.2357284225027294,0.33328884712538637,0.41005221517796914,0.37197340282184316,-0.0017703036389511162,0.3080706055485189,0.5089700251884848,0.49505836672009973,0.5301764060491991,0.6056008057676285,0.5789295588452271,0.4183376744290088,0.27940717029465134,0.11744496114991468,0.10756801841669368,0.5689772695860793,0.5639521186885624,0.26683126499183707,0.17324477766274488,0.21130277901168448,-0.07717148941177177,-0.06794389914606858,0.43946510439516145,0.36991349774981147,0.27472774503491115,0.03707697960695719,0.1045303145176507,0.05154975638725191,0.05473836499889067,1.0702419534749004,0.6845656624519912,0.6667450005625085,0.45947824607463805,0.3589915657792807,0.34358774786118423,0.5183393264602598,0.451111529399312,0.783586186415805,0.6659789105166728,0.6005051251015496,0.5231411413265058,0.6683199500852353,0.4607939292658764,0.6509280195890135,0.3644580921252271,0.37967989247887923,0.5689172524444771,0.6411376605524859,0.6192232641127812,0.4800689093259957,0.6599174954642568,0.72838526653084,0.5310468978005812,0.6106241207914379,0.6883217723498439,0.5356421848995192,0.5500258790797576,7.254328619247669,0.8453487695516446,0.6085301681188013,0.37847587904481184,0.5354043421025902,0.19344285963079563,0.562294649800664,0.27414135667443856,0.6155877391526315,0.3525776622380929,0.35854220861373143,0.3087208001831925,0.6503270581294227,0.8697907356559992,0.6492096231017134,0.9511793334840546,0.502373927743616,0.4950722497679537,0.18835970630071347,0.42274180861768273,0.1560190408106141,0.054229155790463945
ROI_080,0.5418742350468169,0.7949094349325099,0.7373143884367066,0.6954319149907376,0.591262380916766,0.570031555056302,0.47001019087787277,0.6608870939119807,0.6166352825237847,0.6956007425774328,0.5922942290187351,0.6207291643640076,0.6489188075947337,0.5790753351915922,0.5428378150762584,0.7535149709593811,0.4570752234389672,0.5760177199585542,0.5633189744453162,0.7162364030420978,0.6785621269225345,0.34151657736921787,0.5486486548565163,0.410442529232229,0.611679675358281,0.04708610216279983,0.3066335404440695,0.5243712811219723,0.5757212767484512,0.6019782605206443,0.40905083947027826,1.0412538941028011,0.4510189504275273,0.43261547368601405,0.11723731412645563,0.4150253378000436,0.9012574648201258,0.8824340426868086,0.4477056883974703,0.4742589027298367,0.3848000413668791,0.07282170933312476,0.03463832920532369,0.5839805528529304,0.4058885091418483,0.41723308880920496,0.2083747373039047,0.347536796993883,0.3649169409726014,0.4044967958769931,0.9826359747815648,0.9053689684035056,0.8408952679576523,0.7337733125570468,0.5602519139650213,0.6724339024270343,0.6868661218338653,0.6731820176456894,0.846766428347066,0.8826424663434276,0.6415699223881618,0.6404354357080863,0.8668906672722945,0.6941839629168436,0.8213542905518599,0.5658485556426467,0.6749205869765231,0.7871911095055335,0.714060717482116,0.7567993857543822,0.6909981614175906,0.575773672241476,0.7649261318677779,0.7759006807416344,0.5911676988451254,0.7442406140877823,0.7759278586326207,0.5572702243087574,0.8453487695516448,7.254328619247669,0.5591831521354453,0.3405601234999447,0.34025278338243925,0.11175099131880528,0.44946379529280195,0.2803401600920004,0.9698401254559526,0.3857763587094155,0.6274764761485524,0.3346979917898005,0.32403992931586756,0.9419731452237704,0.6516257587254215,0.6569572633408016,0.13997232043643568,0.47679364077415176,0.2492994962031196,0.5251315602782711,0.5132228204684877,0.376724818345833
ROI_081,0.5057163809237256,0.6863609548185111,0.5944452966795681,0.6694762326294046,0.6251885147541473,0.5501015533808069,0.5054818689018317,0.6459817491245247,0.6605816392723827,0.7789672758029296,0.6344901042656955,0.5756444476546511,0.7069333254156909,0.6732883312438438,0.7369421494821906,0.7964313083529114,0.7074180003531854,0.6803799796199383,0.7161155144123373,0.7513090386035112,0.7706566665460418,0.5192037722419206,0.5801583257817879,0.5402644871110929,0.5394234662462029,0.05256983299889352,0.4424914476443174,0.8554675787896735,0.6634536338492834,0.7878875067053124,0.5750034811087906,0.7206115159698561,0.6871948357009051,0.7496448472650538,0.4593706161119761,0.35703654672927454,0.7876597645623854,0.667648703870857,0.6261370994029166,0.5068940283626755,0.7489994616536968,-0.04602307381941115,0.19615369380827002,0.6580589137767848,0.6601470387066547,0.5208003068998137,0.46219022998493964,0.39388901900188117,0.19728526197224658,0.16059599862205426,0.7361942283491307,0.758349607706895,0.8353522469168907,0.6515524197667133,0.5804876803775826,0.5880802338814859,0.6738788465908281,0.709979134712488,0.8374040299207671,0.8023125976749554,0.6959952957241308,0.849978526597065,0.8280669268850361,0.7630993557328137,0.8956365226485512,0.7248610460917878,0.5725742537327929,0.8501956269375007,1.1922856123388275,0.8054340302513301,0.8145501003513417,0.8374373192897108,0.9303046754511126,0.4350814766664493,0.5423340642260833,0.7335533323612964,0.879044015207623,0.5762155350162023,0.6085301681188013,0.5591831521354454,7.254328619247669,1.2694316178337763,0.9713852125570686,0.771704472028618,1.1459667375473073,1.0150080393710004,0.8767089541486577,1.00498755376348,0.7380874312306982,0.5941976816034975,0.4546086837100321,0.6343224327453848,0.9626640273985151,0.3772737038598124,0.6844852376474099,0.6513373701955398,0.4067320994720638,0.9385842124016041,0.3011215819382804,0.06893344419188908
ROI_082,0.38022792802902877,0.4982776844363517,0.47619865227029684,0.5771497241691005,0.6697283579846891,0.6094798563775053,0.5644155852471647,0.529398880310651,0.640000855945196,0.5759105071607656,0.46311661783972496,0.28532673076067255,0.5008470102375389,0.6754037733383427,0.744863035678986,0.5821362332637834,0.5709647383682014,0.5318724971821802,0.6552541416282259,0.6045695984283044,0.528982771132372,0.49435604532661875,0.5606073068558244,0.21887449333902825,0.23315955896494805,-0.2787602078821737,0.23465497942336463,0.46036160759866745,0.4150676259952789,0.5392872169756414,0.5736010441522302,0.5107230289842137,0.7199314787598191,0.6813966909114662,0.5298731548450077,0.22054789904087374,0.6117464968847365,0.4875799940289829,0.6308248835027169,0.49353329709191646,1.053197058677022,-0.10435529644086937,0.3573487857189414,0.5617996225762357,0.7413746950988488,0.622210742724693,0.7497149132260554,0.5458906114162739,0.26338430892019765,0.27987355724981205,0.5861656733657964,0.5499737655726672,0.5624379024745388,0.6106160949808757,0.6719232815142251,0.5725135691443957,0.5175234476303692,0.6773235696088545,0.5683395701237189,0.5834351508738891,0.3251586553067359,0.6709025705165764,0.5714667331083039,0.7486246547559888,0.6361414730040363,0.7714286884054906,0.6442554156891291,0.6830349246679535,0.7926126366236708,0.6234789433273896,0.5649230905500655,0.6684511505901044,0.734284559088412,0.36350064044908775,0.13801117687769843,0.2554805133880513,0.6252805096026037,0.18432053954392838,0.3784758790448118,0.34056012349994463,1.2694316178337768,7.254328619247669,1.0503187964886262,0.7564339959696625,0.7459885776501463,1.3833511701770622,0.7010835078739155,0.6546805781245063,0.4516125961105375,0.9153830605472625,0.5437974343909252,0.45590250475801186,0.9138959438657334,0.25607249500086127,0.6598237324519134,0.6069450168611841,0.5990799807865875,0.9591107339182284,0.3644266078507938,0.15919080686767592
ROI_083,0.47522646651325545,0.34020225334756227,0.3379815082214254,0.4670057292092028,0.5380305563537889,0.46489136649475493,0.4946603208827539,0.3703073823978648,0.5161789917993633,0.43135452420781417,0.36029744261537255,0.18743696391818293,0.3912579173171238,0.5448043836371675,0.6112566779987647,0.46048645186407244,0.34049170622985125,0.32083063147463275,0.42535531057448783,0.5018351846699498,0.4029163078434431,0.3383038583601676,0.390596832230518,0.05619959086095627,0.1122784317270774,-0.12822846255843348,0.34514760224412183,0.542783312134244,0.3692896986978331,0.473903871458685,0.4370651829618907,0.5637362542344382,0.7306682668748522,0.3996098411514809,0.6429542307376687,0.29097023948871914,0.5675165963468608,0.5273347287235597,0.5662111307002842,0.3560503020060928,0.7729730869100595,0.12261625108821032,0.439737671549821,0.7271830139503969,0.9355824820330595,0.7358710376359627,0.6564652439816793,0.5869737025662359,0.28192147214387114,0.3037157945926785,0.5687369336842217,0.4279089305323272,0.4682747377346189,0.4796277121086922,0.5585800357237375,0.4613448101121967,0.39470303673053847,0.5413869195829402,0.5020230147693134,0.4748755594261198,0.314793210400986,0.5461531719286934,0.5142795903474972,0.6207230837557312,0.5899818529908932,0.6288711520052358,0.5670431576136209,0.5845640380028185,0.6145144911537316,0.38860739008932216,0.453626199943272,0.5511883968361277,0.6977627143650748,0.2586620938803227,0.11230456463621664,0.33390468545315977,0.4892842779479943,0.19927644628080363,0.5354043421025902,0.34025278338243925,0.9713852125570689,1.0503187964886262,7.254328619247669,1.15130602934583,0.9153021062629034,1.3992824447441934,0.5025894038786064,0.6578097349929336,0.36422957080580093,0.8406544219129027,0.5511405539765389,0.4935157323525344,0.7533048396128771,0.5032375635508517,0.9031714834537298,0.887910437452252,0.7986151542528017,1.0450321084236232,0.38670015467930774,0.18150016772618127
ROI_084,0.32403978458428045,0.1726465799036744,0.15673724343120723,0.29323762267061104,0.3615308273003891,0.2950523266870123,0.3740292461512515,0.2280217204423801,0.34402332816510095,0.2700207591038841,0.277555304312992,0.10403236878281669,0.22401473280339537,0.34013541450939344,0.39199321155334754,0.2650889634077456,0.21903019681684732,0.17251725652421188,0.2363233852355381,0.3579649978468992,0.2143417321958952,0.2021717263925023,0.2144211633650218,-0.004752051688376046,0.10055440083750918,0.059152069612717906,0.2280700149500655,0.4912619678088396,0.21875423587489715,0.24078284269429245,0.14248030275428383,0.31881548855937986,0.47254971405552293,0.25219697716546485,0.6285167396726516,0.32481078630567206,0.35449533454489845,0.3167211068789876,0.33993656122457,0.21238362282092219,0.5291777709280681,0.17018169589695328,0.4048716603991,0.5074995044478953,0.6269768979512834,0.5043835373298556,0.5067094913788068,0.5150256805542133,0.21789744802500352,0.2066970792175264,0.19898564703132415,0.21035574029852014,0.2864481404153351,0.2758119534069928,0.3537565123739688,0.29331566447514884,0.22594545136385116,0.3377535736830648,0.2690329743709092,0.2804057165467588,0.2112947565112782,0.3273218258361938,0.2832128094239308,0.38993692736332763,0.35947090247013097,0.40841854776266634,0.4326324577747564,0.34611562553545755,0.42453115017451015,0.17951886346077278,0.2819515245108905,0.3259729129243616,0.43120545387290377,0.09639314202332686,0.06741844337874363,0.27089936634190387,0.3414257778499528,0.10978502658616597,0.1934428596307956,0.11175099131880531,0.771704472028618,0.7564339959696625,1.15130602934583,7.254328619247669,0.770879227357658,1.0495144017396187,0.316060086701939,0.7232572169864461,0.3472500351273083,0.5710595632989333,0.21000927904289424,0.23413437063733264,0.45217279212638933,0.22417213767220268,0.6205540665407562,0.6107872180247241,0.5958735674769509,0.7927519645782818,0.2911766090319204,0.10583432184419879
ROI_085,0.44219473704440077,0.6198985637776824,0.5201482227659021,0.5908156597598431,0.49878293856550443,0.44511100911585066,0.3224181185447329,0.5356764952513041,0.5474415872765279,0.7136934874117781,0.49552572364073494,0.6062462363966714,0.5760054938743624,0.4804759862360621,0.5650858002475043,0.664828544453855,0.5620059171135241,0.5936135149304714,0.521899350631306,0.6776431267948929,0.6275279072573406,0.36707686638837655,0.4332310709334167,0.42012858288272487,0.4749054251785321,0.21644420904438857,0.7067418102821892,1.1593661739498475,0.6987500338574155,0.8583426052382114,0.4786465917086989,0.5619198714051393,0.4958043360234913,0.6202452809204722,0.3288910057878887,0.3664915487085938,0.7037386809663505,0.5632375601923612,0.5368163500422831,0.36937415912035965,0.39402486780101964,0.07399784278093197,0.02723946499072391,0.6394501686622691,0.5276179295262946,0.3794589434699765,0.17762138927752152,0.21247129724461386,0.12496468294319826,0.09044381403514533,0.6324172123117069,0.7119593305222519,0.8073684422643297,0.5448477883521402,0.5019255530269273,0.4897571585892684,0.6543817685756369,0.5878689105043662,0.9005146310257925,0.7534715562630543,0.9201214742878823,0.7233522165900057,0.7706917346580914,0.6166355329570603,0.8037544797669683,0.5372904001030416,0.48361794855058937,0.7712444638781555,1.142551799598851,0.7410208494271632,0.7856902370957565,0.9788103696644667,0.9017125225526478,0.5781965547817268,0.7294009385065164,0.9405044555613781,0.7902372328987098,0.8383241673109662,0.5622946498006639,0.449463795292802,1.1459667375473073,0.7459885776501463,0.9153021062629036,0.7708792273576582,7.254328619247669,0.7322573239802719,0.661939919168119,1.1028206116445467,0.9233825783314165,0.33615636235166185,0.36169534284863686,0.6944730237691632,1.016779909499618,0.365556915181147,0.655808096650289,0.7091020596548866,0.3166275772660331,0.8563587528305243,0.26136304029565616,0.057195153685091246
ROI_086,0.5454394571694916,0.361311025460776,0.3837028674358106,0.5236113959471196,0.6796474062916793,0.6292487000387526,0.7207147514879269,0.4679753578921646,0.6332348831329097,0.47323916871622873,0.4361207116738168,0.18234821005692917,0.41417923413629454,0.7152466989482167,0.809554019014734,0.4759004305032925,0.37949009512598897,0.39304952872715515,0.5236429045516894,0.6075088574303159,0.4749801627330236,0.3772569871104691,0.4879467209830235,0.028745668199065707,0.12586847546373364,-0.26904581944209605,0.22973411948895361,0.4865570325904025,0.3558715923317575,0.4869117697238839,0.3752767825094204,0.5442606195900392,0.8085916126882873,0.44475268859626943,0.6068052804167231,0.37184224679948336,0.5441798397284854,0.587136511296116,0.7345102435845963,0.5480975279405805,1.144633262146348,0.13120611017757527,0.560640408281637,0.788024980816176,0.8824493483785384,0.9504287156076294,0.9928626865353015,0.8046876632345094,0.4601527711117989,0.4734789471652426,0.4292093623953109,0.4060762741692191,0.4179030790456703,0.5409469411178333,0.6856441628888407,0.5929391483228438,0.3933772407572054,0.6257210834529153,0.42672313721860833,0.49031036488667373,0.21262098463055118,0.595833274720416,0.508495940907716,0.755630358332513,0.607725259103786,0.832217547968964,0.721931169997761,0.6090274540268976,0.5525373403431406,0.36601015238996754,0.5204314039992192,0.4626921369843073,0.6356850289971328,0.24762350130724847,-0.035636979689681575,0.20660625572225064,0.5653835120635644,0.07718877420531145,0.27414135667443856,0.2803401600920004,1.0150080393710008,1.3833511701770622,1.3992824447441943,1.0495144017396187,0.7322573239802719,7.254328619247669,0.5638408257002383,0.7142834930190037,0.37824109208640816,1.1424187161482362,0.47421608599190473,0.40977459714994025,0.8074201680499985,0.26567229323542935,0.6985820602811754,0.8229897789513486,0.9856501719418989,1.2208595833806353,0.5673527901063179,0.3190777699981023
ROI_087,0.670766655936494,1.1488075054280102,1.0507498674255307,1.0512895165294258,0.9779261159879751,0.9249053523736952,0.7636097192738256,1.063254335591575,1.012953169938373,1.0623595989817938,0.9476713071507351,0.8110906265267319,0.94206798218868,0.9243955680798134,0.8967124591300568,1.1082168505440477,0.7804028757852206,0.9548837019713252,1.0306611866940938,1.103123001847332,1.0478039954100122,0.6649421590476696,0.815463039925799,0.5824919934892899,0.8826849919011919,0.10742160599634412,0.6040160801538342,0.810795892836111,0.8020179909268876,0.8808669177275417,0.6787533314537844,1.0384500137137653,0.7621464030884763,0.8054673149557253,0.4367834258641384,0.6724969541278205,1.2155841772398097,1.081745676426983,0.856576055073303,0.8791347264678075,0.8171288747773707,0.16163321803876868,0.27963185083372966,0.7743153825474768,0.7587252123288751,0.6111220700305156,0.5161576169524972,0.5394397751365421,0.5446960352647192,0.5084510109101823,0.7613375964793926,1.1441480706608964,1.0853978035038234,1.068434656914725,0.9149462862851933,0.9537480040084234,1.0357747110727271,1.0653749200033584,0.9894754935103507,1.1487835096229035,0.7468546903436695,0.9361762672355308,1.0695745089667403,1.0519394391688428,1.1246083019445041,0.9207818978133585,0.8116063435315726,1.1275486562231796,0.9703064159045478,1.0296572824191146,1.0491747206860718,0.6711909069499189,0.9430968839420487,0.8256648499931539,0.6021204002059712,0.6586438619518122,1.1799917668611193,0.5704697828397838,0.6155877391526315,0.9698401254559526,0.8767089541486573,0.7010835078739155,0.5025894038786064,0.31606008670193914,0.6619399191681188,0.5638408257002384,7.254328619247669,0.7462744143537677,0.9636846310211299,0.45185682093234786,0.27597373783821655,0.8992718669463466,0.9660615993952454,0.3808593592095892,0.17933393256202404,0.6621003492730382,0.42570426100830633,0.8018067211181781,0.6269643413428762,0.5127434207463015
ROI_088,0.5510418262270991,0.6574518806357514,0.5931575690637855,0.638583979332471,0.6150596491398028,0.6163861508089578,0.6082121740086031,0.6805973668053772,0.701671888132212,0.7636815128025555,0.7620522642201621,0.6697340304415456,0.7659766475259162,0.7097499175266434,0.799706982832612,0.7290385780343,0.6397772708441424,0.6884573193643223,0.715408870292117,0.8533982582036969,0.8364604531945274,0.501482950970243,0.5818833161076147,0.44396521265674,0.6586742182766581,0.28135811316608517,0.7696477461621358,1.214202549848912,0.8231708569951364,0.875196092041902,0.475394554081845,0.5733155460355049,0.5801008096871845,0.587823456585083,0.474310364107035,0.5605730257133688,0.7862761118958463,0.6842994627054804,0.6991183263036851,0.6110030201657338,0.5967396299582663,0.3073490937698702,0.20618711536011425,0.845349147667319,0.592143578380594,0.6123600604074351,0.41487230229792693,0.48163895910605214,0.4222253024354953,0.34161426255868327,0.48869158929496026,0.690432356521984,0.7275188572988848,0.6094677868590254,0.6040612398552556,0.6610669144200914,0.6753855505700407,0.6782433153391066,0.7690158361427482,0.8136933841208576,0.790328048585844,0.8920164734192555,0.8474550768456114,0.7263219698048043,0.8758006452261744,0.7552760221394967,0.5879219554258894,0.8436889013385267,0.8600284162349442,0.6366395323867433,0.8913101364406494,0.6045816622842884,0.8067790241408301,0.44672661915648126,0.5915532061263615,0.7623121842008592,0.9789168631636166,0.6676674100810878,0.3525776622380929,0.3857763587094155,1.00498755376348,0.6546805781245063,0.6578097349929336,0.7232572169864461,1.1028206116445465,0.7142834930190037,0.7462744143537677,7.254328619247669,0.865861855968804,0.41250494674562455,0.261850016443285,0.606415189285374,0.7951430631329001,0.24629762683584908,0.4238115265732502,0.8098336627159953,0.5106898516398715,0.9295503072864248,0.4630055113557995,0.28684750177258356
ROI_089,0.5663154368310435,1.1510078026775528,0.9350997343733122,1.0057966312625934,0.8242756212455634,0.7521219059407824,0.5709737230610099,1.0012205297368502,0.8890975198913976,1.1410630666897343,0.858808317344238,0.9878196905794847,0.7891707659770382,0.6946226398996757,0.6942091424512481,1.053222927233628,0.753322588706754,1.0113712409003695,0.7734815750724611,1.082434604631951,0.9571340776681434,0.5598412382484591,0.624109553554238,0.69102016836714,0.9666481687553212,0.3834851237379819,0.8531621480875247,1.2657454269063875,0.9620441857314899,0.983904605219,0.4793255342285958,0.769145770526994,0.540733469311291,0.8406867960595288,0.3392202066237252,0.7905539132207138,1.0520592589862148,0.9126836854431202,0.719279982315987,0.737171941884018,0.45229333663394294,0.25720985104000493,0.10531223131663678,0.6503118418929674,0.5324496350697946,0.35422455296082633,0.180493948533457,0.30734009624068986,0.4490001687334444,0.33939531479748514,0.5443834691557565,1.0043134649597785,1.1540518575745835,0.9031140339630692,0.7438703233444153,0.8215071920595961,1.0320070387166123,0.8828465175202338,0.9712152014671408,1.0323273690107426,1.017771421081177,0.7286394493211493,0.9871246495420698,0.8274731590527592,1.0563037790773617,0.6808405030839767,0.6717347960087476,0.9573897040597991,1.0840453279598232,1.0387718561065133,1.1843366480986557,0.6638689132025772,0.804544927258968,0.9706211692812681,0.8898251763486952,0.9158042575951265,1.1306682906750527,0.860529080785217,0.35854220861373143,0.6274764761485524,0.7380874312306983,0.4516125961105374,0.3642295708058009,0.34725003512730823,0.9233825783314165,0.37824109208640816,0.9636846310211299,0.8658618559688043,7.254328619247669,0.09764113096111182,0.0038216600651078446,0.7198209246340855,0.9053624831746148,0.1335011580152693,0.09872136570299916,0.5713532500412849,0.19360796453191798,0.6493599633231524,0.5508430274364937,0.36692303360944845
ROI_090,0.4061556445010784,0.1932815296311288,0.24122640809044607,0.32980142836445814,0.5130108845141018,0.5354165522847566,0.6599565183003423,0.2766699026857119,0.4836800876510234,0.18985273221293983,0.24690270380474993,-0.09207431715872637,0.24613255779096568,0.5524983495779406,0.6615004806085388,0.26551403042640254,0.1231385183604517,0.14330284048739572,0.3361872205439762,0.4199474970091284,0.28240730183907176,0.11381484755156372,0.3008019972020654,-0.21909134118454054,-0.09288238860026907,-0.6922305547181031,-0.008679474175032263,0.17846105675786003,0.17817874482610052,0.20639255156212594,0.3130660178039278,0.36346079541814985,0.5607300328395206,0.11488568740774183,0.27733134162338224,0.2682332074737134,0.4582030904455913,0.48262767784310373,0.5325673293752841,0.444525699856472,0.9909613578471352,0.07132598604590082,0.4588420122122324,0.700967653330731,0.5869540140341064,1.1838976987734633,1.0250341465530854,0.821389804018919,0.5154759206857968,0.7402874510518521,0.4186694999996688,0.2879733792013204,0.22699089565530284,0.4290931555928592,0.5696867624406852,0.503689611417009,0.23113618071573808,0.4934352201193608,0.2641005007113779,0.3681453771397965,-0.02062219476888598,0.46271370502542286,0.36144537187403825,0.602185118936157,0.4138768064474011,0.6865305728503514,0.7027174667382472,0.41761375110615745,0.2550054273829618,0.17546940747361653,0.3151875151503116,0.2449966541003445,0.4288488889733642,0.1730378900730014,-0.2472055882180461,0.00010391721660322916,0.3597780059132159,-0.1745811696741478,0.3087208001831924,0.3346979917898005,0.5941976816034975,0.9153830605472625,0.8406544219129027,0.5710595632989331,0.33615636235166185,1.1424187161482362,0.45185682093234786,0.41250494674562455,0.09764113096111182,7.254328619247669,0.6916864679817958,0.4256965285993068,0.6041610200257748,0.47275769989686856,0.5895372674934937,0.7283243466515453,1.2779991353486437,0.8479472207348562,0.611846629865524,0.5689399149615393
ROI_091,0.12669714651228567,0.21296566679603682,0.21573573648387975,0.2188766978854211,0.2542129973703869,0.2892786016240972,0.23971277214438114,0.17739382814256424,0.27447006638392607,0.17514728259231588,0.10698740698333083,0.041706799506494016,0.2237978480915442,0.2927889859169429,0.3836306084165252,0.22636772617618642,0.1830679717118751,0.15259128186367132,0.2678675455362497,0.22601854099177338,0.2620611717588636,0.14673465875644012,0.21674347944515251,0.02983774628982492,-0.11967681059506222,-0.5191702089239243,0.09709845134951664,0.1556445814540248,0.24823299736188692,0.2621561928653557,0.47514680853152,0.14747044737989873,0.36674781722783606,0.10959213637939966,0.05742126503588049,-0.14527898276722798,0.26646079506420656,0.21829858555880613,0.2097946907975554,0.11023649431804053,0.33887728752519874,-0.2690377861347103,-0.02266655275877848,0.3896416058815455,0.23533280664051895,0.4230716278205502,0.26628786549045436,0.22386495969866116,0.08464820540172763,0.17977653835539945,0.6793213460459051,0.38655345496422844,0.31939407081373483,0.29776045954054736,0.3426637186260401,0.2875952961272892,0.3072368842508829,0.3547669279865593,0.5007652948373319,0.3523367917393043,0.21809393831867208,0.4290462040261379,0.3653422519009663,0.36713051148781256,0.34787894744730147,0.38497303530690297,0.387866361073121,0.35077481213364364,0.32464825114138574,0.3157720497202097,0.291032819147928,0.5321843132559544,0.5911740543092057,0.2759119149554254,0.10332841176152151,0.17442664981236383,0.2836778318624462,0.1262535337279629,0.6503270581294226,0.32403992931586756,0.4546086837100321,0.5437974343909251,0.5511405539765389,0.21000927904289424,0.3616953428486368,0.4742160859919048,0.27597373783821655,0.261850016443285,0.0038216600651078446,0.6916864679817958,7.254328619247669,0.5403365661733964,0.6344433394110224,0.6957178122535386,0.7196160046416801,0.4672890430859105,0.4495693995280914,0.47010185885445005,0.16549735118008752,0.1228372518932555
ROI_092,0.714627486652841,0.9396419019002349,0.8769232061657412,0.9077812738688835,0.7817592674935909,0.8366138960998729,0.635063026585479,0.8212744328122276,0.8274259054041032,0.8198841629723868,0.6964739278374175,0.7289784289210052,0.8161236999139879,0.7275523749336339,0.7891405197425722,0.9308031257548712,0.6482654703477079,0.7147234086819048,0.756246824734493,0.951802786140434,0.8190604214939813,0.45598417400944524,0.5998871099804493,0.36428075248570096,0.6500021104215816,0.04278485667355155,0.5382869900022698,0.8452521325705828,0.9509751524605582,0.8916994846761307,0.643278052154525,0.8111904840448457,0.5274829288692161,0.5224044343900556,0.16597263448241092,0.44881541619651744,0.9204842660805537,1.0258003119338912,0.6413516279382182,0.5125797518186592,0.44155506524041027,0.18732475627857179,-0.02403668443907858,0.9331401327877781,0.4545888043900225,0.5531521869365484,0.17415236124270314,0.3795674787510284,0.5398122661311513,0.4794080948767587,1.0269316117745182,1.1758268266648546,1.02072658535919,0.9088830717091629,0.844473479637841,0.8926976121550849,0.95032167734291,0.9200472614373716,1.1855549429509145,1.2193634135496696,0.8836457461268725,0.9739831321747354,1.1352599705411253,0.9241446719625596,0.9987567719741274,0.7611744139333291,0.8325345390536214,1.0786450946318555,0.8396475757987732,0.8364380928764765,0.9206202381957161,0.9269804728476249,1.1729541968888946,0.9519225133800563,0.7401255931127972,0.8999991828927392,1.0570181487804926,0.6682141080776878,0.8697907356559992,0.9419731452237701,0.6343224327453848,0.45590250475801186,0.49351573235253443,0.23413437063733256,0.6944730237691632,0.40977459714994036,0.8992718669463469,0.6064151892853739,0.7198209246340855,0.4256965285993067,0.5403365661733965,7.254328619247669,1.0877013757229033,0.5716742632733564,0.39693587487854665,0.7821136749853849,0.4479901111006227,0.7550422699105893,0.6790853268042863,0.4429531728971159
ROI_093,0.6169650520387343,1.0232276754268597,0.9369364574932252,1.0768754655825998,1.0175723103705345,0.9583779777364018,0.7330810526750747,0.9711435831938326,1.039301360461193,1.0235860495838534,0.7414833779982146,0.7000649127091738,0.828221748842266,0.9195879936132889,1.0425529885163693,1.004309379768669,0.7547337934643721,0.8829852025173767,0.9040746762271511,1.087233299420045,0.943309496744224,0.5845727475370722,0.729500233125582,0.42304826844382776,0.5268301891896631,-0.10149396061236578,0.6625071688501195,0.9625041556802756,0.9448668412083121,1.0941924896269184,0.8240061541385384,0.7266964446676939,0.8213585255242902,0.7543530464005566,0.3281953775547371,0.43873376787605645,0.9591842942725664,0.9351887021941655,0.9205556855965683,0.716277337959761,0.7530950233450168,0.10534157246173116,0.17958770267988836,0.9616935444123668,0.6611438756262319,0.6968339971764879,0.43929906103691363,0.48641068071309906,0.49580699203097944,0.43512810537126345,0.89386439900133,1.1835570263149888,1.1330601136160903,1.0871168699012457,1.0716157624444655,0.9717027829447729,1.1132597908473665,1.1493888469554328,1.2706801693227994,1.2076127338337532,0.8354611994925362,1.0512875338903993,1.1542724573427408,1.1947183779980863,1.20678555020526,1.0319063990640631,0.9482312271619315,1.1943069539351012,1.1385844118554618,1.0751405345098513,1.1757372064558356,1.097402239432154,1.3392554625064494,1.0400636584728524,0.5719572384821102,0.6976393199959458,1.1873700028586938,0.6347631032282649,0.6492096231017134,0.6516257587254215,0.9626640273985151,0.9138959438657333,0.7533048396128773,0.45217279212638933,1.016779909499618,0.8074201680499988,0.9660615993952452,0.7951430631329001,0.905362483174615,0.6041610200257748,0.6344433394110224,1.0877013757229033,7.254328619247669,0.408669842524642,0.5166168371742423,0.9087694814836725,0.5655399344129995,1.0739983358329297,0.6329687921738247,0.414060644049283
ROI_094,0.2443798241829509,0.21692026994584013,0.1516543549572568,0.20153731253057366,0.17968592860433283,0.13805832031620488,0.13979842634950082,0.1353118473113965,0.18330194455872126,0.14468884282191571,0.13408273283656863,0.06496058317553066,0.18519184372637343,0.17352373313416194,0.19930162712124114,0.2446052017116057,0.022162930498659996,0.0519276538737631,0.10910728231934554,0.23137575493432294,0.1661941137118444,-0.018659932699266853,0.10026186107466552,0.0578398619312264,0.026847535725507903,-0.20861674480697331,0.11050681097361906,0.3021452900402928,0.1969085663591738,0.2146844333621232,0.3082582716833967,0.3541215842322998,0.24100849008212583,-0.00462165992550412,0.0643735164803026,0.07060322060697619,0.42711014121187624,0.4027900227391548,0.12399275084605624,0.09439779087536902,0.17461746874438622,0.04913772796728579,0.014377938487262753,0.3885712303773976,0.27849141167462554,0.39071019750520214,0.1432133131849342,0.19411302761809748,0.05031841144003518,0.18053455817868522,0.6103654712366056,0.3855011619709043,0.3705527002566067,0.2679515445132691,0.19362616865787996,0.19251407097720316,0.2422748367167527,0.245179535659166,0.4436738954473903,0.3529361030372059,0.25732378748234647,0.27975074635549463,0.37924728117256684,0.2802869800532997,0.36957913437110784,0.2083407309886271,0.28648249489069216,0.29213026546067744,0.2895656307463368,0.27449626177889563,0.22760987116629983,0.26472123230452527,0.43115795570648174,0.2804900427835428,0.21347028766796386,0.3696922498494256,0.25151623665570777,0.22731129513347295,0.9511793334840546,0.6569572633408016,0.3772737038598124,0.25607249500086127,0.5032375635508516,0.22417213767220268,0.36555691518114714,0.26567229323542935,0.3808593592095892,0.24629762683584908,0.1335011580152693,0.47275769989686856,0.6957178122535386,0.5716742632733564,0.408669842524642,7.254328619247669,0.48278876211027133,0.45363140846874966,0.33144490129728005,0.3457980441143005,0.17964587046507324,0.1616177876229831
ROI_095,0.12657154411583477,0.01995552317624307,-0.029530152954525005,0.053504733172297106,0.05222439078995521,0.050095406615093485,0.04624861875282901,-0.017214500523212675,0.06368618227691113,0.06389897831566205,-0.04023625993604334,-0.06045212986373833,0.04182209191532271,0.08513977543055426,0.18062777164219926,0.09979908860590908,0.038734228023385955,-0.011537094305199246,0.06619373560377437,0.09052462712635755,0.0919564702915572,-0.0019823250412817823,0.02252112850458145,0.030428349913877276,-0.10721430941735445,-0.20459233449415293,0.045568239461436406,0.3115721352595229,0.14400875088124301,0.2466723327865888,0.24864733446721854,0.15086426579265053,0.23451349684773623,0.0936961010603903,0.10969086315815656,-0.01825876891258652,0.19834879006877776,0.1368208993259513,0.20694869784709563,0.07968995131959512,0.2664755158587247,-0.06746074090309828,0.09970993421091577,0.3159043853412493,0.23706616211702675,0.3384692276542652,0.2253121549613461,0.06793884178145437,-0.07047696091438319,-0.021620730555349237,0.4577793794553139,0.13201380973707,0.15277280144658775,0.06089586599631732,0.11486403410619644,0.05864069203536773,0.08187045278848462,0.12468064903170875,0.3298668457994213,0.17559547614582688,0.1528967347142169,0.23744584816941486,0.1817421631603405,0.15671220078454376,0.2041725258045494,0.15413142687224113,0.14691883464468453,0.17620175896632828,0.3215494643998406,0.1316526967084414,0.14036162304981034,0.5431641421271705,0.3785543824876005,0.0709433028122226,0.09491817035831673,0.3333562887839885,0.17745185957032633,0.16895011006361701,0.502373927743616,0.13997232043643565,0.6844852376474097,0.6598237324519134,0.90317148345373,0.6205540665407562,0.655808096650289,0.6985820602811754,0.17933393256202404,0.4238115265732501,0.09872136570299919,0.5895372674934938,0.7196160046416801,0.39693587487854665,0.5166168371742422,0.4827887621102713,7.254328619247669,0.43319429606755877,0.414694246402618,0.4099549343264082,-0.013905505347753965,-0.13801605731135758
ROI_096,0.8345232806746997,0.7211374202190525,0.8096047389228,0.8947409597626189,1.0073260956373182,1.0004814777809847,1.015007298285419,0.8324626039159924,1.0545069863787286,0.7685629602057942,0.7767541447512007,0.46976651827362015,0.7824992887292027,1.0218903496357095,1.1559957853510556,0.8296995178583764,0.5424604741630354,0.6142038230955214,0.7378117810134507,1.0340466868670508,0.8412242798048313,0.5006361921639195,0.6548002253558787,0.16458568819161393,0.39253877988170227,-0.07220428369301476,0.7078993044011032,0.8291775737288197,0.8164789516266112,0.7750283502483875,0.6919423701365073,0.7391599158326666,1.0225831502506817,0.41679230538551365,0.561937321722746,0.5628335809943655,0.7997043463267357,0.9563977217159522,0.8849029557505587,0.6440515171335355,0.8339547147611485,0.33747501056795254,0.37119385245811587,1.5230689106619852,1.0122840109158402,1.2097916117024454,0.6625151321311145,0.9052593178120576,0.8709109301753911,0.8011840811870548,0.6257969627955248,0.8032517505268748,0.7796577776181918,0.9456291080720755,1.0827510933199704,1.0747396874106687,0.8190417228763821,1.0643882617400628,0.80503392305159,0.9643417922349697,0.6135515023078578,0.9789976468253401,0.9988749288420546,1.1153758433053327,1.0143116113097677,1.1119469230238663,1.0532467162705268,1.0284769569451548,0.6299194673643409,0.5761029835993485,0.8985695682600365,0.47695261919687043,0.8857757735703765,0.555711483396298,0.3029445607263032,0.5056270575599173,0.9077217797689482,0.3610995559503035,0.4950722497679537,0.47679364077415176,0.6513373701955398,0.6069450168611841,0.887910437452252,0.6107872180247242,0.7091020596548866,0.8229897789513486,0.6621003492730381,0.8098336627159953,0.5713532500412849,0.7283243466515453,0.4672890430859105,0.7821136749853849,0.9087694814836725,0.4536314084687497,0.43319429606755877,7.254328619247669,1.127082447509385,1.242426329027771,0.9123934508898686,0.6689935678898336
ROI_097,0.6093001380684074,0.3005222022822563,0.40064878146708305,0.4998827090105361,0.7219328016246,0.7774268141459558,1.0176063663500872,0.4549052343415148,0.7053155684660436,0.3126065763164288,0.4575972151734736,0.0363579943551141,0.38204929258752635,0.761809823599339,0.8753388363247595,0.39527606432846046,0.19851562416748422,0.2609712585618553,0.44711112606587866,0.6144132021491279,0.42629540514315273,0.24870944363178651,0.41396592546393446,-0.1985485428759138,0.03707639759732232,-0.38392786140624413,0.25218661098441875,0.3498668181251475,0.34292564349909993,0.33323929615924436,0.3448045083322097,0.45962608949498934,0.7216325923869104,0.1371986459759526,0.4825819959827747,0.5126868976564944,0.5038753215400718,0.6532811926668519,0.7370749118146684,0.6093167038220769,1.0338430303737614,0.39999480566821,0.639546901123775,1.1066278381878294,0.8278080428417676,1.8661956626922624,1.161948981313908,1.2506915969604668,0.9636430735254783,1.1532866487872346,0.32162373834609487,0.33970175043043294,0.29317269999856266,0.5775715077900739,0.7975802002908275,0.7343933568436252,0.36496345148823867,0.6570412972146628,0.30424674350168956,0.47132375483814204,0.07249347777944291,0.5580901271965552,0.4725455938030423,0.7635733460947837,0.5303705683341862,0.8907331101479089,0.8856836396954921,0.5422414421201017,0.1989788801143982,0.16106806437956686,0.44357426916964643,0.14207164030740513,0.4625760438829484,0.2188362945883919,-0.20220307590075573,0.04201324310149494,0.47451713621964703,-0.1164260592601368,0.18835970630071347,0.2492994962031196,0.40673209947206374,0.5990799807865875,0.7986151542528017,0.5958735674769507,0.3166275772660331,0.9856501719418989,0.42570426100830633,0.5106898516398715,0.19360796453191798,1.2779991353486437,0.4495693995280914,0.4479901111006227,0.5655399344129998,0.33144490129728005,0.414694246402618,1.127082447509385,7.254328619247669,0.9953169581521205,0.9642220782238146,0.9004981692425088
ROI_098,0.8522566475810162,0.7430720549539028,0.8132135480919497,0.9398607939770116,1.0914829996172704,1.0535317812362903,1.0834988064663678,0.8827791163627381,1.128317847509561,0.8748689345996933,0.8476411085296051,0.5481339226639335,0.8648065746514314,1.212083784851315,1.4024294152695869,0.8864136686047738,0.7290954574502585,0.7412345571773646,0.9180055048534089,1.1400976753287866,0.8691480171767145,0.6318742289835083,0.8690486994879352,0.1855948084708484,0.4220012150833864,-0.12281497021251955,0.6195843109487127,0.8525829636170124,0.7847712320736996,0.8536213017091633,0.5979097272429588,0.782476985128439,1.0199489604729028,0.641839898214292,0.6182665787906005,0.5308510477397714,0.8994609450805077,0.9499499831660428,0.8674407593031725,0.6410347404388412,1.0566224462682927,0.18958739455150755,0.3425726179437314,1.371079060543757,1.0189345008199615,1.0999511232061248,0.7818137120514014,1.0194916107035232,0.7581968553390527,0.7171685117037921,0.705918341797264,0.8654766961492044,0.830092141257767,0.9805171297650073,1.135999717000811,1.0873115606764814,0.7982465099087365,1.0887125827694282,0.8553759156773453,0.9965722434318983,0.6244815483941719,1.1628257989449156,1.0370460220653468,1.316783342649558,1.111411759754823,1.3923594201421048,1.1668781254704725,1.1698028935065792,0.8495386778345583,0.6853784869666332,0.9657266236117061,0.6552905205701416,1.1375888750332135,0.5520548041649042,0.29548549494122167,0.509726224543492,1.0466409055280308,0.38363828574102543,0.42274180861768273,0.5251315602782712,0.9385842124016041,0.9591107339182281,1.0450321084236227,0.7927519645782818,0.8563587528305243,1.2208595833806353,0.8018067211181781,0.9295503072864246,0.6493599633231524,0.8479472207348562,0.47010185885445005,0.7550422699105893,1.07399833583293,0.3457980441143005,0.4099549343264083,1.242426329027771,0.9953169581521205,7.254328619247669,0.9340671008087914,0.5636337209817754
ROI_099,0.8520887725991201,0.6995476545386103,0.7811879650696847,0.920235372689429,1.1847474154027167,1.2682447794910632,1.3527574099750463,0.8631836855957108,1.1394600973778013,0.6564330478556817,0.746298637607641,0.40370812082040886,0.6170065022592148,1.0413550387756325,1.081111111913708,0.7313392279127203,0.44980103903562657,0.5875183635836564,0.6850283141909628,1.0689403120367913,0.7006471480323339,0.40796573280480086,0.6181612230522465,-0.018429123552975744,0.38209956358211394,-0.14840836506058733,0.41598623225782766,0.5155135413322463,0.623786302681013,0.5140311441161772,0.33431105265344363,0.6914951826293823,0.7156717720855994,0.3735927903327634,0.3989425842532343,0.8157161970561798,0.781247142440858,1.0563722939338762,0.7777505513915558,0.7380499878635642,0.7995940796970255,0.44579316258225793,0.3681702042747066,1.1702492535757576,0.6823753198148343,1.0660206239077619,0.6671903425132281,1.1614879369470594,1.7965520880950314,1.384995050836194,0.3793277650783865,0.6713006731415694,0.6273575584587697,0.9964198475626204,1.216157269449514,1.238541209798024,0.7053035918780896,1.020271965387351,0.5335483252696903,0.820098851214363,0.33945472534999505,0.7060807040005537,0.7582117618541124,1.1127115134184609,0.7977866967775926,1.0876142272503493,1.3192954834682216,0.8366173437307403,0.36241966022243527,0.42359343767606644,0.7745239999380121,0.22885253691074683,0.6264538697195934,0.6228759292746185,0.09588175762479138,0.2722812294352853,0.8002828683361063,0.08526856659746734,0.1560190408106141,0.5132228204684877,0.3011215819382804,0.3644266078507938,0.38670015467930763,0.29117660903192044,0.26136304029565616,0.5673527901063179,0.6269643413428762,0.4630055113557995,0.5508430274364937,0.611846629865524,0.1654973511800875,0.6790853268042863,0.6329687921738247,0.17964587046507324,-0.013905505347753963,0.9123934508898686,0.9642220782238142,0.9340671008087916,7.254328619247669,1.1307329969523723
ROI_100,0.5760515276754758,0.4728721371944202,0.5690789312520208,0.5780842309882397,0.7379117263017999,0.8297720715350253,0.9512505122556629,0.5877083735464785,0.7640588382498383,0.3834960990124929,0.5570496704816225,0.18005722895806167,0.4225203702920807,0.72686106878196,0.7392212440659176,0.4595670995428101,0.210751696462715,0.3823761243984971,0.48174866181634046,0.6820066887142741,0.4973530631450856,0.28193717501545684,0.466384987252728,-0.049411526958620465,0.2367679259985813,-0.22076001859860198,0.3724781456719282,0.2967048973715125,0.379254561716497,0.3077558240519334,0.23977698429857422,0.4593830416405811,0.5120681799235297,0.16443014497162114,0.24590628605406334,0.7692312286911663,0.5977053134640956,0.7532491888480476,0.6973757209521474,0.8007882853054433,0.6968778715043932,0.4597734044942376,0.47609256394956545,0.8137942209427792,0.5364224670075147,1.0561331893862904,0.7326397854018069,0.9455472176389571,1.1485357682964425,1.5969787615131512,0.209833490275818,0.438656584329012,0.35659838699231683,0.6613755671249034,0.7648062094302069,0.8200281019370737,0.4746569931724928,0.6761469071772215,0.29896975531149084,0.5131422705720761,0.12195957310065944,0.4425250263189645,0.4831707363920239,0.6983118903833881,0.5308267343970674,0.7601723158072642,0.836513940849813,0.5189966849746026,0.1465708554651448,0.26339415137406313,0.5384981470756427,0.009718783299948689,0.3344500677204211,0.46039577194635695,-0.053736334917637886,0.04485091091476348,0.5122620765194155,-0.030856112246330416,0.05422915579046394,0.376724818345833,0.06893344419188908,0.15919080686767592,0.1815001677261813,0.10583432184419878,0.057195153685091246,0.3190777699981022,0.5127434207463015,0.2868475017725835,0.36692303360944845,0.5689399149615393,0.12283725189325553,0.4429531728971159,0.414060644049283,0.16161778762298307,-0.1380160573113576,0.6689935678898336,0.9004981692425088,0.5636337209817754,1.1307329969523725,7.254328619247669
